PARAMETER,YEAR,LAT,LON,JAN,FEB,MAR,APR,MAY,JUN,JUL,AUG,SEP,OCT,NOV,DEC,ANN
QV2M,1984,-0.5,34.375,11.97,10.21,10.68,13.61,13.34,11.82,11.74,12.48,12.24,12.36,13.05,12.14,12.14
QV2M,1984,-0.5,35.0,10.12,8.12,8.66,11.6,11.51,10.56,10.79,11.65,10.85,11.26,11.95,10.64,10.65
QV2M,1984,-0.5,35.625,8.46,7.09,8.25,9.97,9.66,9.11,9.43,9.96,8.98,9.91,10.63,9.34,9.24
QV2M,1984,-0.5,36.25,8.27,6.99,8.68,10.3,9.87,9.08,9.38,9.66,8.79,10.02,10.91,9.82,9.32
QV2M,1984,-0.5,36.875,8.71,7.39,9.44,11.19,10.56,9.39,9.53,9.53,8.89,10.51,11.68,10.81,9.81
QV2M,1984,-0.5,37.5,9.96,8.44,10.41,12.5,11.56,10.12,10.15,9.89,9.48,11.5,13.18,12.28,10.8
QV2M,1984,-0.5,38.125,10.69,8.91,11.05,13.51,12.01,10.56,10.35,9.84,9.68,12.27,14.35,13.52,11.4
QV2M,1984,-0.5,38.75,11.26,9.82,11.7,14.39,13.05,11.58,11.02,10.55,10.58,13.16,15.17,14.22,12.21
QV2M,1984,-0.5,39.375,11.51,10.66,12.23,14.89,14.09,12.66,11.79,11.48,11.45,13.6,15.23,13.96,12.8
QV2M,1984,-0.5,40.0,12.1,11.32,12.76,15.07,14.55,13.25,12.17,11.88,11.92,13.78,15.39,14.2,13.2
QV2M,1984,-0.5,40.625,12.6,11.93,13.3,15.01,14.75,13.78,12.38,12.07,12.15,13.82,15.78,14.34,13.49
QV2M,1984,-0.5,41.25,13.32,12.63,13.85,15.41,15.16,14.09,12.56,12.39,12.59,14.23,16.03,14.69,13.91
QV2M,1984,-0.5,41.875,14.37,13.72,14.73,16.01,15.72,14.54,13.07,13.03,13.33,14.79,16.15,15.35,14.57
QV2M,1984,-1.0,34.375,12.2,11.25,10.37,13.1,12.3,10.85,11.13,11.85,11.16,11.69,12.86,12.26,11.75
QV2M,1984,-1.0,35.0,10.58,9.21,8.99,11.46,10.84,9.83,10.11,10.82,9.82,10.84,11.63,10.88,10.42
QV2M,1984,-1.0,35.625,9.65,7.91,8.64,10.73,10.18,9.23,9.4,9.93,8.78,10.25,11.07,10.23,9.67
QV2M,1984,-1.0,36.25,9.31,7.58,9.25,10.84,10.32,9.29,9.41,9.6,8.62,10.32,11.54,10.66,9.74
QV2M,1984,-1.0,36.875,9.84,8.15,9.91,11.65,10.79,9.46,9.45,9.35,8.5,10.74,12.52,11.85,10.19
QV2M,1984,-1.0,37.5,10.85,9.17,10.85,12.86,11.8,10.3,10.23,9.93,9.29,11.65,13.61,12.96,11.13
QV2M,1984,-1.0,38.125,10.67,8.97,11.28,13.59,12.11,10.67,10.38,9.89,9.61,12.27,14.07,13.26,11.4
QV2M,1984,-1.0,38.75,11.61,10.13,12.05,14.74,13.26,11.78,11.15,10.67,10.66,13.46,15.31,14.51,12.45
QV2M,1984,-1.0,39.375,11.91,11.05,12.55,15.36,14.29,12.87,11.94,11.62,11.64,14.06,15.55,14.4,13.11
QV2M,1984,-1.0,40.0,12.6,11.77,13.08,15.59,14.85,13.5,12.36,12.09,12.19,14.25,15.83,14.77,13.58
QV2M,1984,-1.0,40.625,13.14,12.47,13.63,15.44,15.07,14.1,12.62,12.3,12.43,14.15,16.07,14.86,13.86
QV2M,1984,-1.0,41.25,13.97,13.32,14.28,15.85,15.5,14.4,12.82,12.63,12.89,14.58,16.27,15.29,14.32
QV2M,1984,-1.0,41.875,15.78,15.16,16.07,17.2,16.66,15.34,13.87,13.84,14.22,15.72,16.89,16.38,15.59
QV2M,1984,-1.5,34.375,12.13,11.11,9.7,12.58,11.6,9.44,10.03,11.17,9.92,10.89,12.08,12.19,11.07
QV2M,1984,-1.5,35.0,11.19,9.67,9.1,11.73,10.81,9.22,9.33,10.1,8.79,10.65,11.63,11.31,10.3
QV2M,1984,-1.5,35.625,10.25,8.41,9.1,11.18,10.49,9.26,9.07,9.28,8.14,10.3,11.46,10.82,9.82
QV2M,1984,-1.5,36.25,10.42,8.05,9.5,11.51,10.88,9.5,9.48,9.41,8.38,10.6,12.14,11.32,10.11
QV2M,1984,-1.5,36.875,10.3,8.08,9.92,11.6,10.82,9.31,9.3,9.16,8.33,10.6,12.39,11.85,10.15
QV2M,1984,-1.5,37.5,10.7,8.8,10.77,12.56,11.51,10.0,9.82,9.55,8.92,11.29,13.27,12.84,10.84
QV2M,1984,-1.5,38.125,11.35,9.54,11.72,13.69,12.32,10.89,10.52,10.01,9.72,12.27,14.17,13.84,11.68
QV2M,1984,-1.5,38.75,11.99,10.56,12.43,14.85,13.44,11.96,11.27,10.77,10.78,13.51,15.15,14.58,12.61
QV2M,1984,-1.5,39.375,12.39,11.47,13.0,15.67,14.48,13.03,12.07,11.73,11.82,14.32,15.82,14.95,13.4
QV2M,1984,-1.5,40.0,12.93,12.2,13.44,15.99,15.16,13.86,12.57,12.31,12.47,14.64,16.28,15.22,13.92
QV2M,1984,-1.5,40.625,13.63,12.96,13.94,15.95,15.42,14.45,12.89,12.58,12.78,14.52,16.25,15.42,14.23
QV2M,1984,-1.5,41.25,14.63,13.99,14.75,16.4,15.92,14.72,13.12,12.98,13.29,14.99,16.58,15.96,14.78
QV2M,1984,-1.5,41.875,17.02,16.43,17.33,18.27,17.58,16.06,14.72,14.69,15.1,16.6,17.5,17.28,16.55
QV2M,1984,-1.7975103014118005e-13,34.375,11.65,10.26,11.2,14.39,14.33,13.0,12.88,13.46,13.16,13.11,13.44,12.04,12.75
QV2M,1984,-1.7975103014118005e-13,35.0,10.17,8.67,9.54,12.17,12.79,12.07,12.06,12.64,11.9,11.99,12.34,10.8,11.44
QV2M,1984,-1.7975103014118005e-13,35.625,9.05,7.89,8.68,10.34,10.41,10.18,10.46,10.93,10.16,10.54,11.07,9.67,9.95
QV2M,1984,-1.7975103014118005e-13,36.25,8.17,7.0,8.32,10.01,9.69,9.35,9.99,10.34,9.49,10.15,10.94,9.64,9.43
QV2M,1984,-1.7975103014118005e-13,36.875,8.51,7.35,8.96,10.69,10.23,9.31,9.62,9.58,9.03,10.19,11.38,10.48,9.62
QV2M,1984,-1.7975103014118005e-13,37.5,9.24,8.06,9.96,11.65,10.82,9.46,9.5,9.27,9.05,10.74,12.2,11.31,10.11
QV2M,1984,-1.7975103014118005e-13,38.125,10.63,9.06,11.04,13.47,12.01,10.48,10.33,9.82,9.72,12.4,14.7,13.64,11.45
QV2M,1984,-1.7975103014118005e-13,38.75,11.06,9.71,11.58,14.18,13.06,11.52,10.96,10.51,10.53,13.03,15.12,13.85,12.1
QV2M,1984,-1.7975103014118005e-13,39.375,11.14,10.32,12.01,14.51,13.96,12.5,11.66,11.35,11.26,13.26,14.8,13.47,12.52
QV2M,1984,-1.7975103014118005e-13,40.0,11.61,10.9,12.5,14.64,14.32,13.03,11.99,11.69,11.67,13.42,14.9,13.65,12.86
QV2M,1984,-1.7975103014118005e-13,40.625,12.08,11.42,12.99,14.77,14.56,13.42,12.13,11.91,11.92,13.59,15.25,13.91,13.16
QV2M,1984,-1.7975103014118005e-13,41.25,12.7,12.01,13.47,15.11,14.96,13.69,12.32,12.24,12.37,13.98,15.53,14.22,13.55
QV2M,1984,-1.7975103014118005e-13,41.875,13.4,12.68,14.0,15.4,15.31,14.01,12.64,12.67,12.85,14.32,15.66,14.75,13.98
QV2M,1984,-2.0,34.375,12.37,11.4,9.73,12.35,11.1,8.78,9.16,10.34,8.78,10.54,11.94,12.16,10.72
QV2M,1984,-2.0,35.0,11.48,9.92,9.44,11.86,10.78,8.98,8.82,9.2,8.08,10.45,11.76,11.47,10.19
QV2M,1984,-2.0,35.625,10.78,8.85,9.63,11.62,10.69,9.25,8.9,8.96,8.06,10.36,11.68,11.19,10.0
QV2M,1984,-2.0,36.25,11.1,8.64,10.09,11.93,10.98,9.52,9.31,9.25,8.48,10.7,12.23,11.64,10.33
QV2M,1984,-2.0,36.875,10.52,8.12,10.16,11.75,10.9,9.4,9.23,9.11,8.31,10.55,12.27,11.84,10.19
QV2M,1984,-2.0,37.5,11.17,9.0,11.0,12.67,11.55,10.02,9.79,9.49,8.87,11.3,13.2,12.94,10.92
QV2M,1984,-2.0,38.125,11.67,9.98,11.96,13.71,12.38,10.95,10.51,10.03,9.75,12.28,14.11,13.96,11.78
QV2M,1984,-2.0,38.75,12.51,11.12,12.84,14.95,13.63,12.16,11.42,10.89,10.92,13.59,15.22,14.88,12.85
QV2M,1984,-2.0,39.375,12.98,12.03,13.58,15.88,14.73,13.35,12.25,11.84,11.99,14.44,16.02,15.46,13.72
QV2M,1984,-2.0,40.0,13.5,12.82,14.13,16.44,15.47,14.19,12.8,12.51,12.76,14.98,16.64,15.94,14.35
QV2M,1984,-2.0,40.625,14.5,13.92,14.83,16.77,16.06,14.98,13.39,13.13,13.43,15.19,16.75,16.27,14.93
QV2M,1984,-2.0,41.25,16.33,15.83,16.6,17.79,16.93,15.57,14.16,14.13,14.55,16.07,17.04,16.88,15.99
QV2M,1984,-2.0,41.875,17.56,17.11,18.07,18.79,18.01,16.49,15.23,15.13,15.53,17.02,17.76,17.77,17.04
QV2M,1984,-2.5,34.375,12.66,11.68,10.48,12.09,10.85,8.96,8.77,9.67,7.99,10.12,11.89,12.0,10.59
QV2M,1984,-2.5,35.0,11.93,10.31,10.07,11.69,10.63,9.01,8.62,8.83,7.43,9.99,11.75,11.63,10.16
QV2M,1984,-2.5,35.625,12.01,9.76,10.11,11.99,10.84,9.15,8.8,8.79,7.67,10.21,12.1,11.9,10.28
QV2M,1984,-2.5,36.25,11.61,9.09,10.34,11.97,11.1,9.69,9.27,9.11,8.0,10.36,12.25,11.88,10.4
QV2M,1984,-2.5,36.875,11.47,8.97,10.53,11.93,11.23,9.38,8.93,8.88,8.07,10.49,12.5,12.41,10.41
QV2M,1984,-2.5,37.5,11.85,9.51,11.04,12.52,11.61,10.01,9.51,9.25,8.55,10.96,12.98,13.13,10.92
QV2M,1984,-2.5,38.125,12.21,10.41,12.05,13.66,12.4,11.01,10.46,10.0,9.64,12.17,13.88,14.06,11.83
QV2M,1984,-2.5,38.75,13.07,11.71,13.15,14.94,13.75,12.3,11.5,10.94,10.97,13.48,15.04,15.11,13.0
QV2M,1984,-2.5,39.375,13.61,12.68,14.04,15.96,15.04,13.74,12.49,11.94,12.16,14.41,15.9,15.83,13.99
QV2M,1984,-2.5,40.0,14.51,13.83,15.01,16.85,15.92,14.72,13.18,12.83,13.16,15.22,16.62,16.31,14.85
QV2M,1984,-2.5,40.625,16.26,15.72,16.67,18.09,17.12,15.9,14.41,14.17,14.57,16.23,17.25,17.05,16.12
QV2M,1984,-2.5,41.25,17.62,17.14,18.25,19.01,17.9,16.55,15.2,15.1,15.55,17.02,17.78,17.83,17.08
QV2M,1984,-2.5,41.875,17.54,17.13,18.08,18.81,17.96,16.48,15.23,15.12,15.49,17.04,17.75,17.8,17.03
QV2M,1984,-3.0,34.375,12.99,12.06,10.89,12.34,10.96,9.3,8.67,9.05,7.24,9.73,11.91,11.99,10.59
QV2M,1984,-3.0,35.0,12.37,10.87,10.58,11.97,10.8,9.38,8.66,8.77,7.28,9.62,11.62,11.76,10.31
QV2M,1984,-3.0,35.625,11.53,9.77,10.27,11.57,10.48,9.28,8.79,8.67,7.42,9.55,11.25,11.28,9.99
QV2M,1984,-3.0,36.25,12.33,10.16,10.48,12.23,11.47,9.97,9.27,9.11,7.93,9.94,12.28,12.19,10.62
QV2M,1984,-3.0,36.875,11.86,9.7,10.21,11.86,11.7,10.27,9.67,9.14,7.89,9.98,12.12,12.34,10.57
QV2M,1984,-3.0,37.5,10.99,9.42,10.46,11.74,11.09,9.88,9.34,9.04,8.06,10.1,11.72,11.89,10.32
QV2M,1984,-3.0,38.125,12.27,10.72,12.07,13.53,12.46,11.2,10.54,10.08,9.65,11.9,13.48,13.87,11.82
QV2M,1984,-3.0,38.75,13.29,12.0,13.31,14.95,13.87,12.48,11.6,11.0,10.99,13.38,14.9,15.27,13.09
QV2M,1984,-3.0,39.375,13.97,13.12,14.36,16.09,15.31,14.13,12.75,12.11,12.37,14.48,15.85,15.99,14.21
QV2M,1984,-3.0,40.0,15.48,14.86,15.85,17.33,16.33,15.12,13.58,13.27,13.63,15.44,16.65,16.65,15.35
QV2M,1984,-3.0,40.625,17.57,17.07,18.14,19.05,17.76,16.43,15.12,14.98,15.39,16.88,17.76,17.77,16.99
QV2M,1984,-3.0,41.25,17.62,17.17,18.17,18.99,17.84,16.51,15.19,15.09,15.47,16.99,17.8,17.93,17.06
QV2M,1984,-3.0,41.875,17.54,17.14,18.13,18.91,17.91,16.45,15.24,15.11,15.47,17.05,17.82,17.93,17.06
QV2M,1984,-3.5,34.375,13.47,12.67,11.35,12.5,10.85,9.24,8.67,8.79,7.37,9.76,12.18,12.47,10.77
QV2M,1984,-3.5,35.0,12.93,11.57,11.38,12.54,11.06,9.79,9.18,9.24,8.05,10.19,12.16,12.25,10.86
QV2M,1984,-3.5,35.625,12.28,10.44,10.99,12.23,10.88,9.72,9.02,8.97,7.78,9.97,11.91,11.85,10.5
QV2M,1984,-3.5,36.25,12.57,10.31,10.93,12.39,11.43,10.07,9.35,9.23,8.19,10.34,12.35,12.24,10.79
QV2M,1984,-3.5,36.875,12.44,9.93,11.12,12.86,12.2,10.78,10.06,9.59,8.7,10.84,12.77,12.64,11.17
QV2M,1984,-3.5,37.5,11.8,9.45,11.47,13.3,12.67,11.36,10.55,9.94,9.27,11.43,13.1,12.93,11.45
QV2M,1984,-3.5,38.125,11.92,10.67,11.99,13.6,12.67,11.49,10.79,10.24,9.93,11.96,13.34,13.7,11.86
QV2M,1984,-3.5,38.75,13.19,12.03,13.43,14.94,13.92,12.64,11.78,11.19,11.16,13.2,14.56,14.87,13.08
QV2M,1984,-3.5,39.375,14.17,13.4,14.71,16.2,15.47,14.35,12.91,12.22,12.48,14.53,15.84,15.93,14.35
QV2M,1984,-3.5,40.0,16.55,16.0,17.04,18.15,16.98,15.72,14.26,14.03,14.43,16.08,17.25,17.3,16.15
QV2M,1984,-3.5,40.625,17.76,17.22,18.3,19.01,17.76,16.47,15.14,15.01,15.37,16.84,17.77,17.91,17.04
QV2M,1984,-3.5,41.25,17.75,17.19,18.29,18.98,17.8,16.48,15.18,15.09,15.42,16.95,17.89,18.05,17.09
QV2M,1984,-3.5,41.875,17.65,17.14,18.25,18.96,17.85,16.42,15.22,15.1,15.43,17.03,17.89,18.04,17.08
QV2M,1984,-4.0,34.375,13.64,12.81,11.45,12.4,10.67,9.19,8.58,8.59,7.2,9.52,12.02,12.52,10.71
QV2M,1984,-4.0,35.0,12.84,11.48,11.17,12.16,10.63,9.38,8.75,8.78,7.47,9.68,11.75,12.04,10.51
QV2M,1984,-4.0,35.625,12.38,10.82,11.2,12.21,10.82,9.7,9.04,8.93,7.76,9.89,11.81,11.95,10.54
QV2M,1984,-4.0,36.25,12.63,10.53,11.29,12.4,11.3,10.05,9.34,9.22,8.16,10.23,12.27,12.33,10.82
QV2M,1984,-4.0,36.875,12.52,10.43,11.56,12.78,11.93,10.62,9.92,9.6,8.68,10.73,12.76,12.77,11.2
QV2M,1984,-4.0,37.5,12.44,10.49,12.01,13.42,12.57,11.27,10.52,10.04,9.37,11.49,13.33,13.41,11.7
QV2M,1984,-4.0,38.125,12.23,11.1,12.65,14.11,13.04,11.88,11.11,10.49,10.26,12.43,13.95,14.18,12.29
QV2M,1984,-4.0,38.75,13.25,12.3,13.89,15.41,14.36,13.15,12.18,11.59,11.64,13.62,15.04,15.16,13.47
QV2M,1984,-4.0,39.375,14.65,13.98,15.25,16.59,15.82,14.75,13.16,12.51,12.73,14.73,16.09,16.02,14.69
QV2M,1984,-4.0,40.0,17.54,17.06,18.08,18.74,17.45,16.21,14.86,14.69,15.06,16.54,17.69,17.78,16.81
QV2M,1984,-4.0,40.625,17.94,17.35,18.4,18.98,17.71,16.44,15.13,15.0,15.31,16.77,17.88,17.98,17.07
QV2M,1984,-4.0,41.25,17.94,17.25,18.44,18.95,17.75,16.43,15.16,15.07,15.37,16.9,17.96,18.12,17.11
QV2M,1984,-4.0,41.875,17.82,17.15,18.37,18.94,17.77,16.36,15.16,15.06,15.39,16.97,17.92,18.11,17.08
QV2M,1984,-4.5,34.375,13.23,12.16,11.02,12.01,10.5,9.3,8.59,8.33,6.83,9.13,11.39,11.9,10.36
QV2M,1984,-4.5,35.0,12.47,11.16,10.96,11.9,10.49,9.32,8.64,8.49,7.12,9.39,11.41,11.73,10.26
QV2M,1984,-4.5,35.625,12.27,10.8,11.23,12.17,10.69,9.57,8.92,8.8,7.68,9.85,11.79,11.97,10.48
QV2M,1984,-4.5,36.25,12.84,10.9,11.6,12.61,11.36,10.08,9.4,9.24,8.34,10.37,12.44,12.52,10.98
QV2M,1984,-4.5,36.875,12.63,10.69,11.81,12.93,11.93,10.64,9.94,9.68,8.91,10.85,12.86,12.87,11.31
QV2M,1984,-4.5,37.5,12.89,11.05,12.32,13.63,12.76,11.45,10.77,10.3,9.73,11.64,13.52,13.6,11.98
QV2M,1984,-4.5,38.125,12.77,11.51,12.84,14.07,13.21,12.03,11.34,10.7,10.41,12.39,13.97,14.26,12.46
QV2M,1984,-4.5,38.75,13.86,12.83,14.5,15.74,14.71,13.44,12.5,11.9,11.96,13.89,15.44,15.59,13.87
QV2M,1984,-4.5,39.375,15.93,15.36,16.47,17.55,16.41,15.26,13.84,13.44,13.63,15.39,16.75,16.81,15.57
QV2M,1984,-4.5,40.0,18.01,17.52,18.42,18.85,17.53,16.3,14.98,14.82,15.14,16.67,17.78,18.01,17.0
QV2M,1984,-4.5,40.625,18.08,17.49,18.52,19.01,17.65,16.4,15.13,15.02,15.28,16.79,17.94,18.09,17.11
QV2M,1984,-4.5,41.25,18.02,17.37,18.51,19.03,17.7,16.4,15.15,15.04,15.31,16.87,17.99,18.13,17.12
QV2M,1984,-4.5,41.875,17.95,17.22,18.4,18.97,17.7,16.34,15.09,15.01,15.33,16.91,17.94,18.09,17.08
QV2M,1984,0.5,34.375,11.18,9.53,10.57,13.96,14.45,13.64,13.56,13.81,13.22,13.13,13.33,11.34,12.65
QV2M,1984,0.5,35.0,9.93,8.6,9.29,11.35,12.46,12.2,12.06,12.13,11.63,11.72,12.05,10.41,11.16
QV2M,1984,0.5,35.625,8.89,7.53,8.64,10.43,11.21,11.58,11.49,11.82,11.07,11.23,11.64,9.98,10.47
QV2M,1984,0.5,36.25,8.41,7.26,8.81,10.3,9.84,9.95,10.62,10.76,9.89,10.37,11.39,10.06,9.81
QV2M,1984,0.5,36.875,8.7,7.54,9.31,10.92,10.03,9.18,9.72,9.63,9.19,10.32,11.94,10.73,9.77
QV2M,1984,0.5,37.5,9.32,8.07,10.05,11.94,10.92,9.51,9.72,9.35,9.27,11.12,13.08,11.63,10.34
QV2M,1984,0.5,38.125,10.17,8.84,10.82,13.21,12.07,10.49,10.35,9.85,9.76,12.23,14.5,12.9,11.27
QV2M,1984,0.5,38.75,10.73,9.45,11.37,13.91,13.07,11.49,10.9,10.49,10.45,12.77,14.68,13.22,11.88
QV2M,1984,0.5,39.375,10.67,9.93,11.8,14.24,13.89,12.37,11.51,11.22,11.08,13.09,14.59,13.2,12.3
QV2M,1984,0.5,40.0,11.03,10.43,12.24,14.41,14.21,12.83,11.81,11.54,11.46,13.24,14.56,13.3,12.59
QV2M,1984,0.5,40.625,11.53,10.91,12.7,14.54,14.4,13.07,11.9,11.79,11.75,13.4,14.65,13.51,12.85
QV2M,1984,0.5,41.25,12.06,11.38,13.14,14.8,14.74,13.31,12.1,12.13,12.17,13.74,14.88,13.77,13.19
QV2M,1984,0.5,41.875,12.65,11.9,13.61,15.04,15.08,13.6,12.39,12.53,12.62,14.08,15.12,14.14,13.57
QV2M,1984,1.0,34.375,9.59,8.61,9.74,11.57,12.39,12.24,12.0,12.1,11.47,11.35,11.64,10.0,11.06
QV2M,1984,1.0,35.0,8.84,7.45,8.65,10.17,11.26,11.48,11.23,11.17,10.71,10.96,11.46,9.72,10.27
QV2M,1984,1.0,35.625,7.88,6.62,8.5,10.28,10.8,11.27,11.01,10.89,10.06,10.44,11.48,9.67,9.92
QV2M,1984,1.0,36.25,8.05,7.03,8.91,10.53,9.84,9.68,10.03,9.87,9.16,10.02,11.65,10.06,9.58
QV2M,1984,1.0,36.875,8.64,7.59,9.6,11.36,10.47,9.33,9.58,9.27,8.99,10.59,12.32,10.78,9.88
QV2M,1984,1.0,37.5,9.28,8.04,10.17,12.36,11.37,9.96,10.06,9.6,9.34,11.45,13.52,11.77,10.58
QV2M,1984,1.0,38.125,9.69,8.51,10.71,13.13,12.12,10.58,10.4,9.93,9.79,12.07,14.01,12.24,11.1
QV2M,1984,1.0,38.75,9.88,8.99,11.23,13.75,13.07,11.48,10.87,10.49,10.41,12.6,14.35,12.75,11.66
QV2M,1984,1.0,39.375,9.95,9.39,11.61,14.02,13.83,12.23,11.39,11.09,10.92,12.93,14.42,12.91,12.06
QV2M,1984,1.0,40.0,10.33,9.82,11.97,14.11,14.02,12.61,11.63,11.41,11.26,13.02,14.25,12.99,12.29
QV2M,1984,1.0,40.625,10.8,10.26,12.36,14.22,14.18,12.77,11.7,11.69,11.58,13.19,14.35,13.15,12.53
QV2M,1984,1.0,41.25,11.29,10.68,12.74,14.41,14.53,13.01,11.91,12.06,11.99,13.51,14.59,13.34,12.84
QV2M,1984,1.0,41.875,11.82,11.13,13.15,14.59,14.8,13.27,12.18,12.39,12.46,13.81,14.74,13.55,13.16
QV2M,1984,1.5,34.375,8.26,6.47,8.16,10.42,12.77,13.04,12.63,12.64,12.05,11.1,11.42,8.98,10.67
QV2M,1984,1.5,35.0,7.69,6.43,8.34,10.01,11.21,11.74,11.27,10.9,10.37,10.42,11.35,9.27,9.93
QV2M,1984,1.5,35.625,7.48,6.65,8.73,10.47,10.67,10.9,10.42,9.89,9.45,10.19,11.58,9.53,9.67
QV2M,1984,1.5,36.25,7.89,7.04,9.15,10.91,10.19,9.8,9.86,9.31,9.01,10.17,11.95,9.96,9.61
QV2M,1984,1.5,36.875,8.46,7.43,9.77,11.8,10.97,9.8,9.84,9.38,9.0,10.91,12.67,10.91,10.08
QV2M,1984,1.5,37.5,8.85,7.86,10.29,12.58,11.6,10.25,10.23,9.75,9.44,11.57,13.44,11.59,10.63
QV2M,1984,1.5,38.125,8.98,8.21,10.75,13.26,12.32,10.77,10.48,10.04,9.89,12.17,14.08,12.18,11.1
QV2M,1984,1.5,38.75,9.02,8.4,11.11,13.75,13.14,11.51,10.88,10.53,10.41,12.65,14.63,12.88,11.58
QV2M,1984,1.5,39.375,9.12,8.67,11.38,13.73,13.68,12.12,11.28,11.01,10.78,12.69,14.11,12.61,11.77
QV2M,1984,1.5,40.0,9.44,9.03,11.65,13.88,13.92,12.4,11.44,11.23,11.07,12.88,14.25,12.81,12.01
QV2M,1984,1.5,40.625,9.89,9.44,11.93,13.84,13.97,12.5,11.52,11.58,11.41,12.97,14.14,12.79,12.17
QV2M,1984,1.5,41.25,10.36,9.87,12.23,13.94,14.2,12.75,11.73,11.88,11.84,13.23,14.2,12.83,12.43
QV2M,1984,1.5,41.875,10.88,10.32,12.59,14.15,14.52,12.98,11.97,12.23,12.27,13.54,14.63,12.88,12.75
QV2M,1984,2.0,34.375,7.34,6.4,8.46,10.09,12.01,12.67,12.05,11.58,11.16,10.33,11.46,8.84,10.21
QV2M,1984,2.0,35.0,7.21,6.49,8.65,10.26,10.72,11.08,10.58,9.83,9.54,9.99,11.55,9.25,9.6
QV2M,1984,2.0,35.625,7.42,6.73,9.0,10.78,10.45,10.38,10.05,9.27,9.04,10.07,11.88,9.6,9.56
QV2M,1984,2.0,36.25,7.8,7.06,9.42,11.41,10.62,9.9,9.93,9.31,8.95,10.46,12.27,10.08,9.77
QV2M,1984,2.0,36.875,8.09,7.31,9.92,12.12,11.27,10.08,10.02,9.56,9.11,11.1,12.68,10.86,10.18
QV2M,1984,2.0,37.5,8.34,7.56,10.4,12.94,12.01,10.46,10.33,9.86,9.58,11.81,13.7,11.71,10.73
QV2M,1984,2.0,38.125,8.17,7.57,10.66,13.38,12.62,10.93,10.55,10.14,9.99,12.3,14.3,12.3,11.08
QV2M,1984,2.0,38.75,8.06,7.61,10.87,13.57,13.21,11.55,10.88,10.53,10.37,12.56,14.36,12.33,11.33
QV2M,1984,2.0,39.375,8.07,7.71,11.03,13.47,13.56,12.0,11.15,10.89,10.64,12.56,13.99,12.12,11.44
QV2M,1984,2.0,40.0,8.3,7.99,11.18,13.53,13.73,12.23,11.27,11.11,10.9,12.7,14.11,12.2,11.61
QV2M,1984,2.0,40.625,8.71,8.4,11.38,13.45,13.74,12.23,11.34,11.47,11.2,12.8,14.36,12.22,11.78
QV2M,1984,2.0,41.25,9.19,8.8,11.64,13.54,13.94,12.47,11.53,11.7,11.56,12.99,14.19,12.26,11.99
QV2M,1984,2.0,41.875,9.71,9.3,11.91,13.64,14.23,12.68,11.75,12.06,11.96,13.17,14.44,11.96,12.24
QV2M,1984,2.5,34.375,7.26,6.46,8.72,10.42,11.14,11.42,11.1,10.11,9.99,10.07,11.67,9.12,9.8
QV2M,1984,2.5,35.0,7.32,6.59,8.99,10.85,10.83,10.73,10.34,9.52,9.54,10.16,11.94,9.62,9.71
QV2M,1984,2.5,35.625,7.48,6.8,9.33,11.37,10.89,10.49,10.33,9.58,9.43,10.42,12.24,9.92,9.86
QV2M,1984,2.5,36.25,8.69,8.1,10.57,12.64,11.83,11.0,10.88,10.4,10.0,11.51,13.08,10.99,10.81
QV2M,1984,2.5,36.875,8.08,7.46,10.35,12.7,11.86,10.53,10.41,9.98,9.59,11.56,13.09,11.14,10.57
QV2M,1984,2.5,37.5,7.57,6.99,10.29,13.09,12.24,10.55,10.34,9.93,9.67,11.87,13.73,11.48,10.65
QV2M,1984,2.5,38.125,7.26,6.83,10.38,13.19,12.79,11.03,10.54,10.15,10.0,12.2,13.92,11.55,10.83
QV2M,1984,2.5,38.75,7.17,6.82,10.46,13.33,13.29,11.55,10.82,10.46,10.28,12.4,14.03,11.55,11.02
QV2M,1984,2.5,39.375,7.2,6.91,10.5,13.2,13.56,11.93,11.01,10.74,10.51,12.44,13.76,11.31,11.1
QV2M,1984,2.5,40.0,7.41,7.15,10.6,13.19,13.66,12.07,11.11,10.97,10.73,12.52,13.75,11.27,11.21
QV2M,1984,2.5,40.625,7.73,7.49,10.81,13.11,13.71,12.03,11.15,11.27,11.03,12.61,13.75,11.17,11.33
QV2M,1984,2.5,41.25,8.07,7.8,10.99,13.1,13.83,12.3,11.36,11.43,11.37,12.74,13.47,10.95,11.46
QV2M,1984,2.5,41.875,8.55,8.21,11.24,13.2,14.05,12.46,11.55,11.76,11.72,12.89,13.61,10.94,11.69
QV2M,1984,3.0,34.375,7.07,6.38,8.94,10.94,11.11,10.95,10.72,9.81,9.84,10.4,11.95,9.63,9.82
QV2M,1984,3.0,35.0,7.26,6.57,9.35,11.62,11.45,10.84,10.46,9.7,9.79,10.68,12.46,10.11,10.03
QV2M,1984,3.0,35.625,7.66,6.99,9.9,12.37,11.79,10.86,10.59,10.08,9.89,11.16,12.89,10.41,10.39
QV2M,1984,3.0,36.25,9.71,9.19,11.82,14.0,13.01,11.78,11.57,11.19,11.0,12.6,14.14,12.27,11.86
QV2M,1984,3.0,36.875,7.37,6.83,10.19,12.87,12.08,10.46,10.33,9.93,9.61,11.59,13.33,11.08,10.48
QV2M,1984,3.0,37.5,6.86,6.45,10.05,13.08,12.54,10.66,10.34,9.94,9.76,11.83,13.6,11.04,10.52
QV2M,1984,3.0,38.125,6.57,6.32,10.01,13.05,12.94,11.13,10.49,10.09,9.97,12.05,13.47,10.79,10.58
QV2M,1984,3.0,38.75,6.55,6.33,9.95,13.12,13.41,11.52,10.71,10.33,10.19,12.22,13.53,10.71,10.72
QV2M,1984,3.0,39.375,6.67,6.47,9.96,12.93,13.59,11.82,10.9,10.56,10.38,12.24,13.27,10.4,10.77
QV2M,1984,3.0,40.0,6.89,6.69,10.1,12.91,13.66,11.92,10.96,10.78,10.58,12.33,13.28,10.39,10.88
QV2M,1984,3.0,40.625,7.16,6.96,10.25,12.75,13.55,11.87,10.97,10.99,10.85,12.39,12.99,10.18,10.92
QV2M,1984,3.0,41.25,7.49,7.26,10.39,12.67,13.7,12.05,11.14,11.19,11.14,12.48,12.89,10.17,11.06
QV2M,1984,3.0,41.875,7.84,7.57,10.59,12.69,13.71,12.15,11.25,11.38,11.38,12.55,12.97,10.2,11.2
QV2M,1984,3.5,34.375,7.12,6.36,9.24,11.73,11.5,10.82,10.5,9.91,9.81,10.78,12.23,9.93,10.0
QV2M,1984,3.5,35.0,7.31,6.64,9.78,12.44,11.93,10.82,10.54,9.89,10.05,11.17,12.87,10.4,10.33
QV2M,1984,3.5,35.625,8.01,7.49,10.64,13.16,12.31,10.93,10.7,10.27,10.29,11.77,13.42,10.95,10.83
QV2M,1984,3.5,36.25,9.42,8.94,11.94,14.15,13.36,11.86,11.66,11.32,11.18,12.79,14.14,12.1,11.91
QV2M,1984,3.5,36.875,6.6,6.15,9.82,12.9,12.39,10.46,10.18,9.8,9.57,11.52,13.17,10.5,10.26
QV2M,1984,3.5,37.5,6.27,5.98,9.68,12.86,12.59,10.7,10.26,9.87,9.73,11.66,12.93,9.91,10.21
QV2M,1984,3.5,38.125,6.06,5.9,9.52,12.82,13.12,11.25,10.59,10.07,9.97,11.92,12.88,9.86,10.34
QV2M,1984,3.5,38.75,6.11,5.98,9.32,12.64,13.37,11.46,10.7,10.26,10.16,11.93,12.7,9.61,10.36
QV2M,1984,3.5,39.375,6.31,6.2,9.44,12.55,13.45,11.63,10.78,10.46,10.33,12.01,12.76,9.77,10.48
QV2M,1984,3.5,40.0,6.53,6.44,9.58,12.61,13.5,11.67,10.78,10.55,10.43,12.17,12.84,9.78,10.58
QV2M,1984,3.5,40.625,6.8,6.71,9.69,12.42,13.46,11.63,10.73,10.69,10.62,12.32,12.74,9.74,10.64
QV2M,1984,3.5,41.25,7.12,7.01,9.92,12.27,13.44,11.72,10.91,10.89,10.87,12.36,12.58,9.8,10.75
QV2M,1984,3.5,41.875,7.4,7.24,10.08,12.33,13.42,11.8,10.99,11.05,11.08,12.37,12.56,9.69,10.84
QV2M,1984,4.0,34.375,7.15,6.33,9.58,12.89,12.38,11.06,10.82,10.18,10.29,11.42,12.94,10.43,10.46
QV2M,1984,4.0,35.0,7.44,6.75,10.14,13.22,12.48,10.87,10.7,10.09,10.35,11.62,13.35,10.57,10.64
QV2M,1984,4.0,35.625,8.03,7.52,10.91,13.46,12.71,11.02,10.82,10.41,10.54,12.02,13.5,10.99,11.0
QV2M,1984,4.0,36.25,9.44,9.05,11.99,14.32,13.79,12.14,11.9,11.59,11.55,13.03,14.01,11.74,12.05
QV2M,1984,4.0,36.875,6.15,5.72,9.36,12.64,12.47,10.56,10.11,9.78,9.62,11.37,12.51,9.54,9.99
QV2M,1984,4.0,37.5,5.79,5.5,8.93,12.33,12.57,10.68,10.17,9.82,9.7,11.29,11.99,8.92,9.82
QV2M,1984,4.0,38.125,5.68,5.49,8.66,11.94,12.76,10.96,10.36,10.05,9.94,11.41,11.77,8.77,9.82
QV2M,1984,4.0,38.75,5.8,5.67,8.69,11.82,12.75,11.04,10.32,10.07,9.91,11.44,11.81,9.0,9.87
QV2M,1984,4.0,39.375,6.0,5.93,8.98,12.15,13.14,11.32,10.45,10.29,10.11,11.88,12.4,9.61,10.2
QV2M,1984,4.0,40.0,6.22,6.19,9.07,12.31,13.35,11.47,10.52,10.33,10.31,12.12,12.45,9.53,10.33
QV2M,1984,4.0,40.625,6.5,6.5,9.23,12.13,13.28,11.37,10.48,10.39,10.39,12.27,12.52,9.56,10.39
QV2M,1984,4.0,41.25,6.77,6.78,9.49,12.06,13.28,11.44,10.63,10.59,10.63,12.33,12.43,9.57,10.51
QV2M,1984,4.0,41.875,7.02,7.01,9.58,12.17,13.32,11.54,10.76,10.8,10.88,12.37,12.35,9.34,10.6
QV2M,1984,4.5,34.375,7.21,6.29,10.0,14.05,12.89,11.15,11.16,10.45,10.73,12.05,13.6,10.58,10.85
QV2M,1984,4.5,35.0,7.5,6.76,10.28,13.69,13.12,10.96,10.94,10.28,10.61,11.86,13.6,10.58,10.86
QV2M,1984,4.5,35.625,7.68,7.08,10.5,13.41,12.87,10.95,10.82,10.33,10.56,11.9,13.26,10.54,10.83
QV2M,1984,4.5,36.25,7.75,7.12,10.28,13.34,13.02,11.11,10.92,10.61,10.65,11.93,12.97,10.11,10.82
QV2M,1984,4.5,36.875,6.65,6.16,9.4,12.66,12.81,10.96,10.55,10.47,10.34,11.5,12.22,9.17,10.25
QV2M,1984,4.5,37.5,5.47,5.15,8.19,11.55,12.37,10.51,10.06,9.98,9.85,10.85,11.25,8.03,9.45
QV2M,1984,4.5,38.125,5.41,5.24,8.12,11.1,12.15,10.59,9.95,9.81,9.66,10.86,11.1,8.29,9.37
QV2M,1984,4.5,38.75,5.54,5.43,8.31,11.37,12.46,10.78,10.07,9.94,9.77,11.18,11.5,8.6,9.59
QV2M,1984,4.5,39.375,5.67,5.63,8.45,11.63,12.86,11.05,10.23,10.06,10.0,11.5,11.74,8.85,9.81
QV2M,1984,4.5,40.0,5.91,5.9,8.53,11.56,12.77,11.08,10.28,10.09,10.08,11.53,11.61,8.81,9.85
QV2M,1984,4.5,40.625,6.18,6.21,8.78,11.78,13.15,11.26,10.31,10.17,10.28,11.92,11.9,9.14,10.1
QV2M,1984,4.5,41.25,6.48,6.54,8.99,11.89,13.23,11.32,10.48,10.34,10.45,12.07,12.0,9.26,10.26
QV2M,1984,4.5,41.875,6.76,6.81,9.05,12.11,13.5,11.47,10.58,10.6,10.77,12.41,12.08,9.01,10.44
QV2M,1985,-0.5,34.375,11.15,12.89,13.0,14.59,14.02,12.81,11.6,10.85,12.13,11.85,12.68,12.57,12.5
QV2M,1985,-0.5,35.0,9.71,11.11,10.95,13.18,12.96,12.07,10.95,10.32,11.01,10.61,11.6,11.16,11.3
QV2M,1985,-0.5,35.625,8.54,9.22,9.55,11.18,11.09,10.47,9.77,9.39,9.79,9.59,10.45,10.14,9.93
QV2M,1985,-0.5,36.25,9.16,9.2,10.05,11.31,11.06,10.35,9.73,9.26,9.55,9.49,10.6,10.26,10.0
QV2M,1985,-0.5,36.875,10.31,10.0,10.94,11.94,11.48,10.55,9.95,9.46,9.82,9.99,11.32,11.05,10.57
QV2M,1985,-0.5,37.5,11.54,11.16,12.05,13.3,12.71,11.28,10.45,9.68,10.11,10.59,12.49,12.22,11.46
QV2M,1985,-0.5,38.125,12.21,11.71,12.74,13.66,12.52,10.64,10.15,9.52,10.1,11.17,13.53,13.2,11.76
QV2M,1985,-0.5,38.75,12.37,11.96,13.36,14.67,13.5,11.3,11.0,10.46,11.13,12.15,14.2,13.6,12.48
QV2M,1985,-0.5,39.375,12.5,11.81,13.7,15.44,14.64,12.18,12.13,11.49,12.04,12.74,14.13,13.6,13.04
QV2M,1985,-0.5,40.0,12.99,12.28,14.06,15.68,15.26,12.67,12.73,12.04,12.53,13.1,14.27,13.97,13.47
QV2M,1985,-0.5,40.625,13.41,12.73,14.29,15.55,15.68,12.92,13.18,12.37,12.81,13.27,14.0,14.28,13.71
QV2M,1985,-0.5,41.25,13.93,13.29,14.71,15.91,15.91,13.19,13.57,12.7,13.29,13.74,14.45,14.7,14.12
QV2M,1985,-0.5,41.875,14.75,14.27,15.5,16.45,16.11,13.71,14.13,13.41,14.06,14.45,15.11,15.29,14.77
QV2M,1985,-1.0,34.375,11.53,12.72,12.72,14.27,13.59,12.03,10.53,9.91,10.91,10.52,12.21,12.5,11.94
QV2M,1985,-1.0,35.0,9.86,11.26,11.17,12.76,12.38,11.28,10.05,9.41,10.02,9.93,11.15,11.04,10.85
QV2M,1985,-1.0,35.625,9.14,10.43,10.37,11.94,11.66,10.8,9.9,9.24,9.54,9.46,10.64,10.33,10.28
QV2M,1985,-1.0,36.25,9.74,10.08,10.65,11.89,11.55,10.65,9.86,9.18,9.37,9.47,10.82,10.61,10.32
QV2M,1985,-1.0,36.875,10.95,10.82,11.4,12.52,11.93,10.48,9.57,8.85,9.15,9.69,11.55,11.58,10.7
QV2M,1985,-1.0,37.5,11.97,11.92,12.41,13.6,12.76,11.2,10.37,9.51,9.98,10.63,12.61,12.57,11.62
QV2M,1985,-1.0,38.125,11.77,11.69,12.66,13.7,12.54,10.64,10.2,9.57,10.18,11.23,13.18,12.92,11.69
QV2M,1985,-1.0,38.75,12.36,12.42,13.51,15.03,13.72,11.37,11.13,10.6,11.28,12.36,14.26,13.75,12.65
QV2M,1985,-1.0,39.375,12.72,12.24,13.95,16.01,15.0,12.3,12.29,11.65,12.22,13.0,14.29,13.79,13.29
QV2M,1985,-1.0,40.0,13.27,12.69,14.38,16.3,15.63,12.88,12.93,12.23,12.75,13.4,14.56,14.21,13.77
QV2M,1985,-1.0,40.625,13.79,13.25,14.63,16.02,15.99,13.17,13.44,12.66,13.06,13.52,14.27,14.59,14.04
QV2M,1985,-1.0,41.25,14.44,13.98,15.17,16.25,16.14,13.5,13.85,13.03,13.56,14.03,14.78,15.05,14.49
QV2M,1985,-1.0,41.875,15.93,15.69,16.61,17.36,16.82,14.57,14.86,14.27,14.87,15.38,16.21,16.36,15.74
QV2M,1985,-1.5,34.375,10.87,12.73,12.39,13.77,12.64,10.66,8.99,8.44,9.62,9.61,11.85,11.63,11.08
QV2M,1985,-1.5,35.0,9.96,12.1,11.47,12.94,12.18,10.5,9.06,8.3,8.92,9.13,11.12,10.98,10.54
QV2M,1985,-1.5,35.625,9.67,11.2,10.87,12.23,11.75,10.34,9.18,8.59,8.83,9.16,10.74,10.58,10.25
QV2M,1985,-1.5,36.25,10.19,11.29,11.16,12.59,12.16,10.43,9.34,8.63,9.04,9.45,11.26,11.04,10.54
QV2M,1985,-1.5,36.875,10.8,10.99,11.24,12.28,11.63,9.94,8.96,8.42,8.92,9.54,11.36,11.46,10.46
QV2M,1985,-1.5,37.5,11.83,11.69,12.04,13.06,12.2,10.39,9.65,8.96,9.53,10.31,12.12,12.3,11.17
QV2M,1985,-1.5,38.125,12.72,12.63,13.01,13.95,12.79,10.88,10.4,9.77,10.37,11.33,13.05,13.21,12.0
QV2M,1985,-1.5,38.75,12.7,12.84,13.63,15.21,13.91,11.46,11.24,10.75,11.4,12.44,13.96,13.62,12.76
QV2M,1985,-1.5,39.375,13.17,12.93,14.25,16.34,15.19,12.49,12.37,11.8,12.37,13.26,14.47,13.9,13.55
QV2M,1985,-1.5,40.0,13.68,13.23,14.65,16.81,16.05,13.18,13.23,12.48,12.99,13.67,14.59,14.35,14.08
QV2M,1985,-1.5,40.625,14.24,13.76,14.99,16.49,16.27,13.51,13.73,13.01,13.39,13.9,14.59,14.79,14.39
QV2M,1985,-1.5,41.25,15.08,14.69,15.69,16.72,16.44,13.87,14.14,13.43,13.9,14.45,15.19,15.32,14.91
QV2M,1985,-1.5,41.875,17.05,16.99,17.72,18.27,17.56,15.5,15.62,15.11,15.67,16.3,17.24,17.31,16.69
QV2M,1985,-1.7975103014118005e-13,34.375,11.32,12.53,12.88,14.53,14.33,13.25,12.35,12.04,13.36,12.87,13.25,12.58,12.94
QV2M,1985,-1.7975103014118005e-13,35.0,10.07,11.09,11.13,13.41,13.43,12.56,11.83,11.46,12.24,11.77,12.25,11.45,11.89
QV2M,1985,-1.7975103014118005e-13,35.625,9.0,9.22,9.73,11.62,11.65,11.08,10.53,10.23,10.61,10.44,11.03,10.52,10.48
QV2M,1985,-1.7975103014118005e-13,36.25,9.0,8.81,9.73,11.39,11.5,10.75,10.26,9.68,9.64,9.23,10.5,9.86,10.03
QV2M,1985,-1.7975103014118005e-13,36.875,9.94,9.23,10.45,11.74,11.58,10.65,10.16,9.54,9.61,9.62,10.88,10.51,10.33
QV2M,1985,-1.7975103014118005e-13,37.5,10.96,10.09,11.41,12.26,11.81,10.56,9.91,9.27,9.55,9.98,11.64,11.38,10.74
QV2M,1985,-1.7975103014118005e-13,38.125,12.5,11.48,12.96,13.78,12.86,10.77,10.17,9.48,10.06,11.17,13.65,13.28,11.85
QV2M,1985,-1.7975103014118005e-13,38.75,12.5,11.61,13.4,14.55,13.68,11.4,11.02,10.41,11.07,12.02,13.97,13.41,12.42
QV2M,1985,-1.7975103014118005e-13,39.375,12.44,11.45,13.58,15.0,14.54,12.15,12.01,11.36,11.88,12.54,13.82,13.35,12.85
QV2M,1985,-1.7975103014118005e-13,40.0,12.87,11.91,13.88,15.13,15.04,12.58,12.56,11.89,12.33,12.87,13.81,13.61,13.21
QV2M,1985,-1.7975103014118005e-13,40.625,13.14,12.23,14.2,15.35,15.42,12.73,12.88,12.11,12.6,13.13,13.78,13.92,13.47
QV2M,1985,-1.7975103014118005e-13,41.25,13.56,12.74,14.61,15.81,15.68,12.96,13.24,12.44,13.1,13.59,14.14,14.29,13.85
QV2M,1985,-1.7975103014118005e-13,41.875,14.11,13.44,15.11,16.23,15.86,13.31,13.65,12.93,13.61,13.98,14.46,14.66,14.28
QV2M,1985,-2.0,34.375,10.52,12.99,12.39,13.52,12.12,9.58,8.26,7.71,8.74,9.1,11.69,11.26,10.64
QV2M,1985,-2.0,35.0,10.06,12.43,11.62,12.98,11.93,9.9,8.41,7.82,8.46,9.01,11.06,10.95,10.37
QV2M,1985,-2.0,35.625,10.08,11.68,11.22,12.48,11.7,9.92,8.89,8.22,8.69,9.25,10.95,10.91,10.32
QV2M,1985,-2.0,36.25,10.54,12.06,11.45,12.57,11.81,9.87,8.93,8.46,9.03,9.66,11.42,11.29,10.58
QV2M,1985,-2.0,36.875,10.83,11.31,11.27,12.19,11.43,9.59,8.82,8.4,8.92,9.56,11.27,11.45,10.41
QV2M,1985,-2.0,37.5,11.93,12.05,12.12,12.94,11.96,10.14,9.43,8.93,9.46,10.28,11.98,12.34,11.12
QV2M,1985,-2.0,38.125,12.78,12.83,12.99,13.91,12.71,10.75,10.29,9.79,10.39,11.33,12.76,13.17,11.97
QV2M,1985,-2.0,38.75,13.18,13.55,13.83,15.37,14.1,11.59,11.39,10.9,11.53,12.55,13.96,13.92,12.98
QV2M,1985,-2.0,39.375,13.83,13.85,14.58,16.54,15.38,12.72,12.57,12.01,12.54,13.45,14.65,14.31,13.87
QV2M,1985,-2.0,40.0,14.36,14.1,15.15,17.15,16.3,13.43,13.4,12.75,13.24,14.03,14.99,14.72,14.47
QV2M,1985,-2.0,40.625,15.15,14.76,15.72,17.11,16.79,14.1,14.22,13.58,13.97,14.57,15.27,15.34,15.05
QV2M,1985,-2.0,41.25,16.5,16.38,17.12,17.77,17.12,14.96,15.04,14.54,15.02,15.72,16.57,16.67,16.12
QV2M,1985,-2.0,41.875,17.63,17.58,18.19,18.76,17.97,16.05,16.04,15.55,16.05,16.73,17.78,17.9,17.18
QV2M,1985,-2.5,34.375,10.76,12.98,12.27,13.18,11.68,9.37,7.77,7.5,8.17,8.87,11.3,11.49,10.42
QV2M,1985,-2.5,35.0,10.49,12.39,11.76,12.79,11.53,9.51,8.01,7.64,8.07,8.9,11.03,11.37,10.27
QV2M,1985,-2.5,35.625,10.84,12.43,11.8,12.97,11.74,9.7,8.41,7.98,8.35,9.13,11.52,11.75,10.54
QV2M,1985,-2.5,36.25,10.9,12.4,11.59,12.64,11.7,9.65,8.88,8.41,8.66,9.42,11.52,11.67,10.61
QV2M,1985,-2.5,36.875,11.53,12.01,11.61,12.67,11.85,9.51,8.57,8.09,8.66,9.45,11.55,12.04,10.62
QV2M,1985,-2.5,37.5,12.17,12.41,12.05,12.93,11.94,9.86,9.12,8.68,9.18,10.03,11.81,12.6,11.06
QV2M,1985,-2.5,38.125,12.99,13.15,12.91,13.77,12.61,10.6,10.23,9.79,10.3,11.19,12.57,13.34,11.95
QV2M,1985,-2.5,38.75,13.58,14.11,13.86,15.27,14.09,11.64,11.47,11.0,11.56,12.49,13.8,14.34,13.09
QV2M,1985,-2.5,39.375,14.48,14.71,14.75,16.5,15.45,12.9,12.75,12.21,12.68,13.52,14.75,14.95,14.13
QV2M,1985,-2.5,40.0,15.08,15.1,15.71,17.28,16.45,13.72,13.71,13.12,13.6,14.38,15.39,15.43,14.91
QV2M,1985,-2.5,40.625,16.51,16.41,17.05,18.04,17.48,15.12,15.12,14.56,14.99,15.68,16.56,16.66,16.18
QV2M,1985,-2.5,41.25,17.74,17.72,18.19,18.91,18.01,16.09,15.97,15.47,15.91,16.68,17.7,17.98,17.19
QV2M,1985,-2.5,41.875,17.65,17.61,18.06,18.77,17.98,16.03,16.03,15.52,15.99,16.72,17.73,17.96,17.17
QV2M,1985,-3.0,34.375,10.94,13.02,12.32,12.98,11.46,9.23,7.88,7.74,8.17,9.01,10.74,11.42,10.39
QV2M,1985,-3.0,35.0,10.74,12.5,11.8,12.86,11.54,9.49,8.2,7.84,8.22,9.0,10.67,11.36,10.33
QV2M,1985,-3.0,35.625,10.55,11.73,11.19,12.25,11.13,9.39,8.5,8.03,8.29,8.9,10.45,11.14,10.12
QV2M,1985,-3.0,36.25,11.16,12.57,11.9,13.14,11.97,9.93,8.88,8.43,8.72,9.28,11.33,11.97,10.76
QV2M,1985,-3.0,36.875,11.55,12.17,11.39,13.08,12.24,10.27,9.35,8.58,8.59,9.43,11.1,12.06,10.81
QV2M,1985,-3.0,37.5,11.33,11.32,11.17,12.18,11.4,9.69,9.04,8.62,8.83,9.48,10.76,11.62,10.45
QV2M,1985,-3.0,38.125,12.87,13.16,12.73,13.56,12.58,10.63,10.34,9.93,10.33,11.05,12.26,13.29,11.89
QV2M,1985,-3.0,38.75,13.78,14.38,13.79,15.17,14.1,11.72,11.62,11.14,11.59,12.41,13.66,14.68,13.16
QV2M,1985,-3.0,39.375,14.67,15.16,14.87,16.58,15.61,12.98,12.96,12.37,12.84,13.61,14.76,15.38,14.31
QV2M,1985,-3.0,40.0,15.79,16.04,16.27,17.52,16.69,14.1,14.1,13.58,14.01,14.81,15.8,16.2,15.4
QV2M,1985,-3.0,40.625,17.67,17.74,18.02,18.83,17.92,15.97,15.8,15.3,15.71,16.47,17.51,17.87,17.06
QV2M,1985,-3.0,41.25,17.76,17.78,18.09,18.86,17.98,16.07,15.95,15.41,15.84,16.62,17.65,18.07,17.17
QV2M,1985,-3.0,41.875,17.7,17.73,18.03,18.83,17.97,16.01,16.01,15.48,15.93,16.72,17.72,18.11,17.18
QV2M,1985,-3.5,34.375,11.52,13.68,12.87,13.21,11.35,8.95,7.93,7.84,8.42,9.1,10.93,11.52,10.59
QV2M,1985,-3.5,35.0,11.37,13.14,12.42,13.28,11.67,9.68,8.68,8.45,8.99,9.6,11.14,11.84,10.84
QV2M,1985,-3.5,35.625,10.99,12.62,11.73,12.95,11.55,9.63,8.81,8.33,8.67,9.27,10.89,11.65,10.57
QV2M,1985,-3.5,36.25,11.14,12.6,11.81,13.2,11.95,9.86,8.99,8.58,8.95,9.63,11.14,11.88,10.8
QV2M,1985,-3.5,36.875,11.75,12.32,11.86,13.71,12.68,10.45,9.78,9.13,9.4,10.19,11.52,12.27,11.25
QV2M,1985,-3.5,37.5,11.94,12.57,12.05,13.87,13.0,10.79,10.26,9.65,9.95,10.7,11.82,12.43,11.58
QV2M,1985,-3.5,38.125,12.57,13.0,12.47,13.67,12.77,10.72,10.56,10.17,10.55,11.19,12.14,13.08,11.9
QV2M,1985,-3.5,38.75,13.73,14.26,13.82,15.1,14.11,11.92,11.8,11.37,11.73,12.44,13.48,14.35,13.17
QV2M,1985,-3.5,39.375,14.73,15.31,15.02,16.63,15.74,13.11,13.13,12.55,12.94,13.7,14.8,15.53,14.43
QV2M,1985,-3.5,40.0,16.72,17.06,17.16,18.17,17.28,14.9,14.82,14.37,14.75,15.62,16.63,17.06,16.21
QV2M,1985,-3.5,40.625,17.85,17.95,18.02,18.83,17.93,16.02,15.83,15.33,15.68,16.47,17.5,17.99,17.11
QV2M,1985,-3.5,41.25,17.9,17.87,18.07,18.88,17.99,16.05,15.92,15.39,15.78,16.59,17.6,18.15,17.18
QV2M,1985,-3.5,41.875,17.83,17.85,18.02,18.86,17.97,15.99,15.97,15.46,15.85,16.68,17.66,18.22,17.19
QV2M,1985,-4.0,34.375,11.76,13.94,12.76,13.17,11.12,8.61,7.73,7.69,8.45,9.06,10.76,11.6,10.53
QV2M,1985,-4.0,35.0,11.18,13.13,12.07,12.98,11.21,9.08,8.15,8.0,8.63,9.17,10.63,11.58,10.46
QV2M,1985,-4.0,35.625,11.24,12.67,11.78,12.92,11.43,9.45,8.68,8.4,8.79,9.29,10.7,11.65,10.57
QV2M,1985,-4.0,36.25,11.52,12.74,11.86,13.26,11.82,9.73,9.0,8.63,9.0,9.61,10.91,11.88,10.82
QV2M,1985,-4.0,36.875,12.04,12.64,12.18,13.66,12.36,10.19,9.66,9.2,9.47,10.18,11.38,12.33,11.26
QV2M,1985,-4.0,37.5,12.49,13.13,12.62,14.01,12.84,10.62,10.22,9.83,10.09,10.82,11.99,12.9,11.79
QV2M,1985,-4.0,38.125,12.94,13.54,13.06,14.2,13.18,10.93,10.85,10.46,10.85,11.6,12.74,13.57,12.32
QV2M,1985,-4.0,38.75,13.97,14.54,14.19,15.59,14.62,12.25,12.22,11.74,12.13,12.85,13.97,14.73,13.56
QV2M,1985,-4.0,39.375,15.06,15.61,15.43,16.99,16.15,13.43,13.5,12.94,13.23,13.98,15.01,15.79,14.75
QV2M,1985,-4.0,40.0,17.7,17.86,17.81,18.62,17.71,15.65,15.44,15.01,15.31,16.18,17.15,17.77,16.84
QV2M,1985,-4.0,40.625,18.01,18.04,18.05,18.81,17.9,16.0,15.81,15.33,15.59,16.45,17.44,18.08,17.12
QV2M,1985,-4.0,41.25,18.07,17.96,18.12,18.9,17.98,16.02,15.88,15.38,15.71,16.56,17.5,18.19,17.18
QV2M,1985,-4.0,41.875,17.97,17.91,18.06,18.88,17.94,15.97,15.92,15.41,15.74,16.64,17.57,18.24,17.18
QV2M,1985,-4.5,34.375,11.15,13.57,12.11,12.71,10.58,8.27,7.55,7.45,8.25,8.7,10.11,11.17,10.11
QV2M,1985,-4.5,35.0,10.82,12.79,11.7,12.68,10.85,8.58,7.83,7.72,8.43,8.93,10.14,11.16,10.12
QV2M,1985,-4.5,35.625,11.26,12.6,11.79,12.91,11.24,9.07,8.39,8.2,8.73,9.23,10.5,11.51,10.44
QV2M,1985,-4.5,36.25,11.81,13.0,12.1,13.42,11.77,9.55,8.93,8.67,9.17,9.76,10.98,11.97,10.91
QV2M,1985,-4.5,36.875,12.28,12.96,12.35,13.73,12.28,10.07,9.64,9.35,9.69,10.31,11.43,12.42,11.36
QV2M,1985,-4.5,37.5,12.86,13.41,12.87,14.31,13.04,10.79,10.47,10.14,10.41,11.0,12.12,13.09,12.03
QV2M,1985,-4.5,38.125,13.41,13.72,13.28,14.32,13.33,11.19,11.02,10.67,10.98,11.6,12.78,13.73,12.49
QV2M,1985,-4.5,38.75,14.72,15.05,14.81,15.89,14.94,12.58,12.44,12.01,12.4,13.16,14.43,15.28,13.97
QV2M,1985,-4.5,39.375,16.29,16.68,16.53,17.68,16.8,14.36,14.24,13.83,14.08,14.85,15.9,16.69,15.65
QV2M,1985,-4.5,40.0,18.09,18.18,18.09,18.7,17.79,15.78,15.56,15.12,15.37,16.27,17.25,18.0,17.01
QV2M,1985,-4.5,40.625,18.16,18.12,18.14,18.81,17.86,15.95,15.76,15.31,15.51,16.43,17.41,18.12,17.13
QV2M,1985,-4.5,41.25,18.19,18.03,18.19,18.87,17.89,15.98,15.81,15.35,15.62,16.52,17.47,18.24,17.18
QV2M,1985,-4.5,41.875,18.08,17.98,18.15,18.88,17.9,15.93,15.87,15.37,15.64,16.58,17.5,18.28,17.18
QV2M,1985,0.5,34.375,10.67,11.55,11.89,14.31,14.4,13.67,13.12,13.05,13.6,12.98,13.28,12.14,12.89
QV2M,1985,0.5,35.0,9.86,10.08,10.47,12.78,12.98,12.23,11.94,11.77,12.0,11.63,12.08,11.21,11.59
QV2M,1985,0.5,35.625,9.31,9.09,10.12,12.49,12.81,12.17,11.74,11.56,11.71,11.34,11.72,10.47,11.22
QV2M,1985,0.5,36.25,9.55,8.73,10.19,11.38,11.59,10.89,10.77,10.41,9.98,9.37,10.85,10.21,10.33
QV2M,1985,0.5,36.875,10.12,8.94,10.76,11.65,11.23,10.14,10.0,9.53,9.07,9.31,11.18,10.76,10.23
QV2M,1985,0.5,37.5,10.93,9.71,11.66,12.41,11.8,10.33,9.74,9.09,9.38,10.1,12.07,11.63,10.74
QV2M,1985,0.5,38.125,11.81,10.58,12.67,13.58,12.89,10.87,10.18,9.46,10.08,11.07,13.2,12.65,11.59
QV2M,1985,0.5,38.75,12.23,11.16,13.19,14.28,13.66,11.48,11.04,10.37,11.0,11.83,13.52,12.98,12.23
QV2M,1985,0.5,39.375,12.25,11.13,13.43,14.79,14.64,12.19,11.93,11.22,11.72,12.38,13.57,13.02,12.7
QV2M,1985,0.5,40.0,12.47,11.35,13.65,14.95,15.06,12.53,12.39,11.68,12.12,12.71,13.53,13.22,12.98
QV2M,1985,0.5,40.625,12.83,11.7,14.0,15.18,15.16,12.6,12.56,11.85,12.42,13.02,13.59,13.51,13.21
QV2M,1985,0.5,41.25,13.25,12.27,14.42,15.6,15.31,12.79,12.94,12.22,12.95,13.47,13.87,13.82,13.58
QV2M,1985,0.5,41.875,13.69,12.83,14.83,16.05,15.66,13.17,13.3,12.66,13.39,13.77,14.16,14.14,13.98
QV2M,1985,1.0,34.375,9.72,9.85,10.44,12.48,12.71,12.17,11.79,11.71,11.88,11.44,11.68,10.93,11.41
QV2M,1985,1.0,35.0,9.25,8.84,9.95,11.94,12.18,11.59,11.41,11.31,11.26,10.85,11.37,10.47,10.88
QV2M,1985,1.0,35.625,9.21,8.42,10.06,12.35,12.84,12.12,11.83,11.67,10.89,9.73,10.93,10.02,10.85
QV2M,1985,1.0,36.25,9.55,8.31,10.46,11.45,11.2,10.29,10.19,10.33,9.51,9.16,10.95,10.25,10.15
QV2M,1985,1.0,36.875,10.29,8.94,11.11,11.76,11.15,9.91,9.59,9.22,9.15,9.72,11.51,10.96,10.28
QV2M,1985,1.0,37.5,10.99,9.63,11.9,12.7,11.97,10.41,9.77,9.09,9.6,10.45,12.42,11.76,10.9
QV2M,1985,1.0,38.125,11.51,10.17,12.49,13.39,12.7,10.84,10.2,9.53,10.16,11.06,13.01,12.31,11.45
QV2M,1985,1.0,38.75,11.89,10.65,12.96,14.1,13.57,11.46,11.03,10.36,10.97,11.75,13.35,12.57,12.06
QV2M,1985,1.0,39.375,11.88,10.6,13.11,14.66,14.63,12.14,11.79,11.07,11.57,12.24,13.36,12.62,12.48
QV2M,1985,1.0,40.0,12.11,10.71,13.29,14.74,14.94,12.4,12.17,11.44,11.93,12.56,13.24,12.79,12.71
QV2M,1985,1.0,40.625,12.44,11.06,13.62,15.0,14.9,12.42,12.3,11.63,12.26,12.9,13.33,12.99,12.92
QV2M,1985,1.0,41.25,12.75,11.52,13.97,15.46,15.12,12.64,12.66,12.01,12.77,13.3,13.58,13.24,13.26
QV2M,1985,1.0,41.875,13.07,11.95,14.24,15.65,15.32,12.98,13.0,12.42,13.15,13.5,13.86,13.51,13.56
QV2M,1985,1.5,34.375,8.55,8.74,9.97,13.01,13.66,13.19,12.81,12.8,12.68,11.35,11.79,9.91,11.55
QV2M,1985,1.5,35.0,8.84,8.25,9.88,12.27,12.96,12.2,12.04,11.84,11.2,10.03,11.13,9.85,10.89
QV2M,1985,1.5,35.625,9.18,8.09,10.27,12.37,13.17,11.55,11.34,11.05,10.02,9.48,11.0,9.95,10.64
QV2M,1985,1.5,36.25,9.67,8.2,10.71,11.88,11.21,9.97,9.89,9.91,9.12,9.44,11.16,10.33,10.14
QV2M,1985,1.5,36.875,10.41,9.0,11.37,12.27,11.67,10.2,9.72,9.1,9.28,10.04,11.82,11.03,10.5
QV2M,1985,1.5,37.5,10.93,9.48,12.01,12.99,12.31,10.6,10.01,9.38,9.79,10.59,12.49,11.61,11.02
QV2M,1985,1.5,38.125,11.42,10.15,12.57,13.64,13.03,11.03,10.42,9.72,10.32,11.19,13.1,12.1,11.56
QV2M,1985,1.5,38.75,11.62,10.39,12.92,14.47,13.92,11.53,11.08,10.4,10.98,11.83,13.59,12.36,12.1
QV2M,1985,1.5,39.375,11.76,9.95,12.78,14.51,14.61,12.13,11.75,10.95,11.45,12.11,13.08,12.24,12.29
QV2M,1985,1.5,40.0,11.85,10.2,13.0,14.7,14.94,12.38,12.01,11.23,11.75,12.42,13.24,12.38,12.52
QV2M,1985,1.5,40.625,11.94,10.3,13.12,14.89,14.71,12.27,12.08,11.41,12.1,12.73,13.03,12.39,12.59
QV2M,1985,1.5,41.25,12.17,10.55,13.27,15.0,14.73,12.52,12.44,11.8,12.55,13.0,13.22,12.53,12.83
QV2M,1985,1.5,41.875,12.32,10.94,13.5,15.31,15.01,12.76,12.71,12.19,12.9,13.21,13.48,12.8,13.11
QV2M,1985,2.0,34.375,8.66,8.36,10.16,12.82,13.56,12.98,12.85,12.83,12.07,10.5,11.49,9.48,11.33
QV2M,1985,2.0,35.0,8.93,7.93,10.17,12.26,12.7,11.5,11.57,11.25,10.2,9.55,11.0,9.7,10.58
QV2M,1985,2.0,35.625,9.35,8.03,10.55,12.5,12.59,10.96,10.6,10.13,9.25,9.43,11.11,10.04,10.39
QV2M,1985,2.0,36.25,9.81,8.28,11.0,12.52,11.54,10.06,9.74,9.35,9.21,9.76,11.4,10.43,10.27
QV2M,1985,2.0,36.875,10.4,8.81,11.49,12.66,12.04,10.47,9.82,9.21,9.51,10.23,11.95,10.96,10.64
QV2M,1985,2.0,37.5,11.05,9.5,12.15,13.64,13.0,11.01,10.24,9.49,9.97,10.82,12.69,11.6,11.27
QV2M,1985,2.0,38.125,11.5,10.1,12.56,14.28,13.85,11.55,10.73,9.93,10.47,11.33,13.22,11.92,11.79
QV2M,1985,2.0,38.75,11.6,10.17,12.65,14.64,14.44,11.99,11.32,10.53,11.01,11.75,13.25,11.95,12.12
QV2M,1985,2.0,39.375,11.49,9.61,12.47,14.6,14.93,12.31,11.74,10.88,11.31,11.99,12.92,11.68,12.17
QV2M,1985,2.0,40.0,11.45,9.61,12.57,14.79,15.22,12.58,11.94,11.13,11.59,12.26,12.96,11.72,12.33
QV2M,1985,2.0,40.625,11.19,9.53,12.56,15.15,14.88,12.2,11.85,11.21,11.91,12.54,12.73,11.62,12.3
QV2M,1985,2.0,41.25,11.53,9.73,12.73,15.09,14.82,12.44,12.2,11.57,12.28,12.77,12.88,11.77,12.5
QV2M,1985,2.0,41.875,11.57,9.96,12.82,15.16,14.74,12.48,12.42,11.92,12.6,12.89,13.06,11.97,12.65
QV2M,1985,2.5,34.375,8.93,7.81,10.33,12.39,12.68,11.86,12.12,11.72,10.5,9.89,11.11,9.51,10.75
QV2M,1985,2.5,35.0,9.3,7.81,10.54,12.59,12.57,11.22,11.16,10.66,9.78,9.82,11.14,9.88,10.55
QV2M,1985,2.5,35.625,9.64,8.18,10.85,12.95,12.64,11.07,10.23,9.85,9.6,9.96,11.37,10.25,10.56
QV2M,1985,2.5,36.25,10.78,9.34,11.91,13.53,12.78,11.16,10.65,10.2,10.38,10.88,12.28,11.27,11.27
QV2M,1985,2.5,36.875,10.76,9.24,11.86,13.34,12.81,11.05,10.26,9.64,9.98,10.68,12.31,11.18,11.1
QV2M,1985,2.5,37.5,10.9,9.75,12.1,14.13,13.6,11.32,10.35,9.56,10.06,10.91,12.59,11.25,11.38
QV2M,1985,2.5,38.125,11.07,10.16,12.34,14.52,14.25,11.79,10.84,10.0,10.49,11.32,12.76,11.23,11.74
QV2M,1985,2.5,38.75,11.08,10.21,12.38,14.87,14.85,12.22,11.34,10.48,10.89,11.68,12.79,11.07,12.0
QV2M,1985,2.5,39.375,10.86,9.74,12.19,14.83,15.15,12.42,11.62,10.74,11.13,11.96,12.69,10.79,12.02
QV2M,1985,2.5,40.0,10.81,9.65,12.2,14.92,15.14,12.53,11.75,10.95,11.4,12.17,12.62,10.76,12.09
QV2M,1985,2.5,40.625,10.6,9.09,12.09,14.96,14.66,12.11,11.63,10.99,11.69,12.38,12.54,10.79,11.97
QV2M,1985,2.5,41.25,10.75,9.12,12.2,14.74,14.53,12.24,12.01,11.38,12.05,12.5,12.59,10.9,12.1
QV2M,1985,2.5,41.875,10.82,9.15,12.22,14.68,14.38,12.29,12.2,11.7,12.34,12.69,12.68,11.11,12.2
QV2M,1985,3.0,34.375,9.18,7.56,10.61,12.76,12.8,11.84,11.89,11.23,10.07,10.03,11.22,9.58,10.75
QV2M,1985,3.0,35.0,9.65,8.03,11.03,13.27,13.15,11.61,11.15,10.36,9.77,10.28,11.61,10.07,10.85
QV2M,1985,3.0,35.625,10.09,8.84,11.5,13.85,13.52,11.72,10.6,9.93,10.11,10.69,11.95,10.62,11.13
QV2M,1985,3.0,36.25,11.94,11.03,13.06,14.78,14.25,12.36,11.48,10.96,11.33,11.94,13.32,12.3,12.4
QV2M,1985,3.0,36.875,10.58,9.7,11.92,13.92,13.52,11.41,10.38,9.56,9.97,10.74,12.26,10.86,11.24
QV2M,1985,3.0,37.5,10.5,9.95,12.11,14.57,14.11,11.63,10.51,9.64,10.14,11.03,12.33,10.58,11.43
QV2M,1985,3.0,38.125,10.33,10.1,12.11,14.77,14.38,11.93,10.94,10.03,10.42,11.38,12.4,10.24,11.59
QV2M,1985,3.0,38.75,10.03,9.96,11.97,15.12,14.93,12.27,11.27,10.3,10.7,11.75,12.47,9.97,11.73
QV2M,1985,3.0,39.375,9.8,9.2,11.72,15.09,15.2,12.36,11.4,10.56,10.96,12.0,12.43,9.89,11.73
QV2M,1985,3.0,40.0,9.81,8.97,11.69,15.17,15.13,12.39,11.48,10.72,11.21,12.19,12.47,9.93,11.77
QV2M,1985,3.0,40.625,9.77,8.48,11.59,14.73,14.4,11.96,11.42,10.78,11.47,12.21,12.33,9.94,11.6
QV2M,1985,3.0,41.25,9.9,8.36,11.61,14.57,14.29,11.97,11.72,11.12,11.78,12.32,12.3,10.14,11.69
QV2M,1985,3.0,41.875,9.99,8.41,11.64,14.3,14.01,11.99,11.85,11.35,11.99,12.44,12.3,10.33,11.73
QV2M,1985,3.5,34.375,9.33,7.75,10.9,13.42,13.24,11.86,11.55,10.75,9.98,10.26,11.49,9.78,10.88
QV2M,1985,3.5,35.0,9.8,8.53,11.51,14.14,13.98,12.09,11.36,10.25,9.94,10.63,12.06,10.24,11.22
QV2M,1985,3.5,35.625,10.63,9.6,12.19,14.62,14.32,12.23,11.01,10.0,10.39,11.18,12.53,11.07,11.66
QV2M,1985,3.5,36.25,11.83,10.91,13.19,15.01,14.64,12.6,11.69,11.04,11.5,12.14,13.28,12.08,12.5
QV2M,1985,3.5,36.875,9.92,9.5,11.78,14.66,14.41,11.89,10.65,9.56,9.92,10.78,11.95,10.01,11.26
QV2M,1985,3.5,37.5,9.44,9.22,11.53,14.61,14.18,11.79,10.6,9.66,10.11,11.05,11.88,9.52,11.14
QV2M,1985,3.5,38.125,9.24,9.28,11.47,15.04,14.66,12.33,11.14,10.17,10.52,11.53,12.1,9.4,11.41
QV2M,1985,3.5,38.75,8.8,8.43,11.02,15.11,14.85,12.54,11.28,10.32,10.72,11.81,12.14,9.15,11.36
QV2M,1985,3.5,39.375,8.85,8.07,10.97,14.98,14.76,12.55,11.43,10.51,10.96,12.05,12.34,9.28,11.41
QV2M,1985,3.5,40.0,8.93,7.92,11.11,15.33,15.1,12.4,11.24,10.5,11.04,12.13,12.38,9.25,11.46
QV2M,1985,3.5,40.625,9.04,7.72,11.11,15.04,14.51,11.87,11.11,10.5,11.23,12.16,12.29,9.19,11.33
QV2M,1985,3.5,41.25,9.36,7.77,11.24,14.61,14.23,11.78,11.45,10.86,11.54,12.18,12.15,9.53,11.41
QV2M,1985,3.5,41.875,9.43,7.9,11.25,14.33,13.95,11.74,11.57,11.07,11.7,12.22,12.04,9.66,11.42
QV2M,1985,4.0,34.375,9.47,7.9,11.51,14.67,14.33,12.8,12.23,10.99,10.2,10.6,12.34,9.83,11.42
QV2M,1985,4.0,35.0,9.96,8.87,11.96,15.13,14.91,12.84,11.7,10.25,10.16,11.0,12.63,10.3,11.65
QV2M,1985,4.0,35.625,10.69,9.73,12.41,15.01,14.94,12.71,11.42,10.25,10.58,11.44,12.71,11.0,11.92
QV2M,1985,4.0,36.25,11.53,10.85,13.21,15.36,15.21,13.04,12.06,11.35,11.83,12.5,13.24,11.65,12.66
QV2M,1985,4.0,36.875,8.91,8.86,11.19,14.77,14.77,12.29,10.84,9.71,9.92,10.88,11.52,8.94,11.06
QV2M,1985,4.0,37.5,8.24,8.42,10.64,14.73,14.58,12.26,10.84,9.77,10.05,11.03,11.37,8.41,10.87
QV2M,1985,4.0,38.125,7.96,7.75,10.19,14.35,14.1,12.17,11.08,10.12,10.49,11.43,11.55,8.44,10.81
QV2M,1985,4.0,38.75,7.95,7.52,10.09,14.09,13.84,11.92,11.03,10.17,10.51,11.48,11.63,8.5,10.74
QV2M,1985,4.0,39.375,8.21,7.18,10.34,14.65,14.33,12.32,11.35,10.38,10.73,11.94,12.22,8.91,11.06
QV2M,1985,4.0,40.0,8.38,7.05,10.57,15.16,14.8,12.42,11.23,10.31,10.82,12.08,12.23,8.77,11.17
QV2M,1985,4.0,40.625,8.61,7.11,10.71,15.16,14.63,11.82,10.86,10.21,10.97,12.04,12.23,8.72,11.11
QV2M,1985,4.0,41.25,8.79,7.22,10.9,14.97,14.56,11.69,11.18,10.53,11.27,12.11,12.14,8.9,11.21
QV2M,1985,4.0,41.875,8.88,7.36,10.94,14.81,14.36,11.67,11.37,10.8,11.48,12.21,11.99,8.97,11.25
QV2M,1985,4.5,34.375,9.55,7.82,12.06,15.77,15.01,13.29,12.69,11.15,10.59,10.94,13.08,9.7,11.82
QV2M,1985,4.5,35.0,9.93,9.04,12.08,15.79,15.49,13.49,12.17,10.38,10.35,11.22,13.03,10.15,11.94
QV2M,1985,4.5,35.625,10.16,9.62,12.11,15.44,15.5,13.2,11.65,10.37,10.47,11.44,12.6,10.39,11.92
QV2M,1985,4.5,36.25,9.76,9.63,11.8,15.34,15.42,13.01,11.57,10.36,10.7,11.61,12.3,9.78,11.78
QV2M,1985,4.5,36.875,8.63,8.93,10.91,14.84,15.07,12.81,11.37,10.28,10.52,11.34,11.61,8.75,11.26
QV2M,1985,4.5,37.5,7.38,7.67,9.71,14.34,14.32,12.33,10.98,9.71,10.02,10.94,10.97,7.75,10.52
QV2M,1985,4.5,38.125,7.38,6.99,9.46,13.47,13.43,11.76,10.79,9.88,10.18,11.06,11.08,8.05,10.31
QV2M,1985,4.5,38.75,7.58,6.8,9.69,13.93,13.83,12.0,10.95,10.05,10.29,11.43,11.47,8.28,10.54
QV2M,1985,4.5,39.375,7.76,6.61,9.92,14.58,14.39,12.27,11.11,10.16,10.47,11.7,11.7,8.41,10.77
QV2M,1985,4.5,40.0,7.91,6.55,10.03,14.4,14.27,12.13,11.02,10.07,10.59,11.69,11.56,8.38,10.73
QV2M,1985,4.5,40.625,8.2,6.69,10.35,15.09,14.69,11.87,10.84,9.94,10.72,11.88,11.78,8.57,10.9
QV2M,1985,4.5,41.25,8.51,6.86,10.55,15.11,14.81,11.73,11.01,10.25,11.03,12.01,11.86,8.7,11.05
QV2M,1985,4.5,41.875,8.51,6.92,10.68,15.41,15.05,11.77,11.2,10.54,11.31,12.32,12.04,8.52,11.21
QV2M,1986,-0.5,34.375,11.82,10.92,13.06,13.97,13.94,12.63,11.6,11.09,11.44,12.61,13.81,13.77,12.56
QV2M,1986,-0.5,35.0,9.99,8.32,10.69,12.6,12.8,11.95,11.16,10.36,10.69,11.2,12.29,12.4,11.22
QV2M,1986,-0.5,35.625,8.89,7.02,9.06,11.08,11.11,10.51,9.94,9.34,9.46,9.94,10.9,10.74,9.85
QV2M,1986,-0.5,36.25,8.75,7.19,9.39,11.22,11.23,10.48,9.78,9.24,9.26,9.95,10.97,10.79,9.87
QV2M,1986,-0.5,36.875,9.46,8.01,10.19,11.89,11.83,10.69,9.88,9.38,9.47,10.35,11.52,11.31,10.34
QV2M,1986,-0.5,37.5,10.3,8.94,11.41,13.12,13.34,11.5,10.27,9.67,9.87,11.11,12.68,12.82,11.27
QV2M,1986,-0.5,38.125,10.71,9.66,12.39,13.83,13.71,10.92,9.71,9.44,9.83,11.56,13.5,14.16,11.63
QV2M,1986,-0.5,38.75,11.17,10.64,12.94,14.78,14.76,11.53,10.37,10.31,10.86,12.3,14.21,14.92,12.41
QV2M,1986,-0.5,39.375,11.57,11.32,13.0,15.46,15.82,12.85,11.46,11.42,11.86,12.77,14.42,15.05,13.09
QV2M,1986,-0.5,40.0,12.06,11.94,13.34,15.78,16.34,13.82,12.38,12.16,12.43,13.12,14.52,15.32,13.61
QV2M,1986,-0.5,40.625,12.53,12.53,13.74,15.95,16.95,14.91,13.22,12.81,12.9,13.57,14.5,15.8,14.13
QV2M,1986,-0.5,41.25,13.12,13.17,14.35,16.25,17.36,15.4,13.53,13.1,13.18,13.94,14.78,16.12,14.53
QV2M,1986,-0.5,41.875,14.02,14.16,15.27,16.69,17.63,15.7,13.86,13.65,13.66,14.58,15.35,16.36,15.08
QV2M,1986,-1.0,34.375,12.05,11.33,13.07,13.81,13.53,11.74,10.58,9.78,10.37,12.02,13.7,14.2,12.19
QV2M,1986,-1.0,35.0,10.51,9.06,10.76,12.43,12.52,11.18,10.05,9.29,9.62,10.51,12.04,12.73,10.9
QV2M,1986,-1.0,35.625,9.55,7.48,9.59,11.71,11.96,10.75,9.78,9.01,9.13,9.91,11.17,11.87,10.18
QV2M,1986,-1.0,36.25,9.43,7.58,9.77,11.62,11.9,10.62,9.69,8.99,9.05,9.9,11.27,11.73,10.14
QV2M,1986,-1.0,36.875,10.03,8.17,10.75,12.21,12.41,10.76,9.4,8.74,8.9,10.25,11.91,12.35,10.5
QV2M,1986,-1.0,37.5,10.86,9.17,11.86,13.33,13.43,11.25,10.0,9.45,9.69,11.2,12.95,13.53,11.41
QV2M,1986,-1.0,38.125,10.82,9.76,12.37,13.8,13.51,10.65,9.63,9.44,9.87,11.67,13.47,13.96,11.59
QV2M,1986,-1.0,38.75,11.48,10.86,13.24,15.08,14.78,11.5,10.42,10.41,10.99,12.59,14.59,15.27,12.61
QV2M,1986,-1.0,39.375,11.97,11.63,13.39,15.97,16.13,12.91,11.52,11.52,12.01,13.11,14.9,15.49,13.39
QV2M,1986,-1.0,40.0,12.51,12.33,13.71,16.27,16.64,13.98,12.5,12.33,12.63,13.48,15.05,15.93,13.95
QV2M,1986,-1.0,40.625,13.06,12.97,14.06,16.34,17.16,15.12,13.48,13.07,13.12,13.81,14.84,16.27,14.45
QV2M,1986,-1.0,41.25,13.74,13.7,14.75,16.57,17.55,15.67,13.95,13.5,13.46,14.23,15.09,16.38,14.89
QV2M,1986,-1.0,41.875,15.33,15.52,16.52,17.63,18.18,16.16,14.49,14.37,14.5,15.46,16.33,17.21,15.98
QV2M,1986,-1.5,34.375,11.58,10.69,12.49,13.22,12.91,10.65,9.15,8.47,9.19,11.35,13.05,13.97,11.4
QV2M,1986,-1.5,35.0,10.81,9.27,10.91,12.43,12.59,10.47,8.95,8.05,8.48,10.15,11.93,13.06,10.6
QV2M,1986,-1.5,35.625,10.16,8.09,10.03,11.85,12.14,10.22,8.88,8.32,8.49,9.65,11.27,12.16,10.12
QV2M,1986,-1.5,36.25,10.16,7.77,10.34,12.23,12.79,10.4,8.97,8.4,8.74,9.93,11.68,12.61,10.35
QV2M,1986,-1.5,36.875,10.07,8.16,10.68,12.06,12.25,10.03,8.46,8.2,8.67,10.14,11.73,12.49,10.26
QV2M,1986,-1.5,37.5,10.79,9.04,11.57,12.79,12.87,10.31,9.07,8.8,9.24,10.92,12.49,13.33,10.95
QV2M,1986,-1.5,38.125,11.58,10.31,12.64,13.75,13.58,10.72,9.72,9.59,10.02,11.89,13.48,14.22,11.8
QV2M,1986,-1.5,38.75,11.82,11.15,13.47,15.05,14.74,11.52,10.49,10.51,11.12,12.76,14.63,15.22,12.72
QV2M,1986,-1.5,39.375,12.38,11.95,13.93,16.12,16.01,12.99,11.66,11.63,12.15,13.45,15.3,15.74,13.62
QV2M,1986,-1.5,40.0,12.96,12.69,14.13,16.66,16.96,14.37,12.8,12.57,12.86,13.94,15.49,16.23,14.31
QV2M,1986,-1.5,40.625,13.55,13.35,14.42,16.67,17.36,15.36,13.77,13.38,13.38,14.16,15.24,16.45,14.76
QV2M,1986,-1.5,41.25,14.34,14.26,15.21,16.98,17.77,15.92,14.2,13.81,13.72,14.5,15.51,16.56,15.24
QV2M,1986,-1.5,41.875,16.46,16.78,17.63,18.49,18.64,16.56,15.09,15.11,15.3,16.35,17.32,18.06,16.82
QV2M,1986,-1.7975103014118005e-13,34.375,11.89,10.67,12.74,14.31,14.42,13.18,12.43,12.33,12.71,13.13,13.74,13.26,12.91
QV2M,1986,-1.7975103014118005e-13,35.0,10.19,8.53,10.71,12.98,13.25,12.56,11.97,11.68,11.79,11.87,12.5,12.11,11.7
QV2M,1986,-1.7975103014118005e-13,35.625,9.15,7.44,9.35,11.42,11.58,11.23,10.69,10.39,10.37,10.6,11.28,10.86,10.38
QV2M,1986,-1.7975103014118005e-13,36.25,8.19,7.07,9.15,11.34,11.62,11.2,10.69,10.09,9.69,9.88,10.84,10.79,10.06
QV2M,1986,-1.7975103014118005e-13,36.875,8.89,7.94,9.82,11.67,11.84,11.02,10.25,9.64,9.36,9.98,11.11,11.09,10.23
QV2M,1986,-1.7975103014118005e-13,37.5,9.56,8.8,10.78,12.27,12.28,10.76,9.73,9.23,9.25,10.45,11.76,11.73,10.56
QV2M,1986,-1.7975103014118005e-13,38.125,10.7,9.76,12.42,14.01,13.95,11.18,9.79,9.45,9.79,11.51,13.45,13.9,11.67
QV2M,1986,-1.7975103014118005e-13,38.75,11.0,10.53,12.8,14.69,14.78,11.68,10.44,10.32,10.82,12.16,13.9,14.31,12.29
QV2M,1986,-1.7975103014118005e-13,39.375,11.2,11.07,12.75,15.09,15.53,12.7,11.4,11.29,11.7,12.55,13.92,14.33,12.8
QV2M,1986,-1.7975103014118005e-13,40.0,11.63,11.63,13.09,15.34,16.05,13.61,12.26,11.99,12.23,12.96,14.01,14.57,13.29
QV2M,1986,-1.7975103014118005e-13,40.625,12.05,12.15,13.52,15.56,16.6,14.6,12.9,12.45,12.55,13.43,14.22,15.1,13.77
QV2M,1986,-1.7975103014118005e-13,41.25,12.55,12.7,14.06,15.94,17.0,15.02,13.06,12.68,12.84,13.86,14.6,15.53,14.16
QV2M,1986,-1.7975103014118005e-13,41.875,13.12,13.32,14.61,16.23,17.14,15.25,13.34,13.1,13.13,14.35,15.04,15.78,14.54
QV2M,1986,-2.0,34.375,11.55,10.19,12.15,12.94,12.64,9.68,8.27,7.63,8.31,10.72,12.77,13.86,10.9
QV2M,1986,-2.0,35.0,11.09,9.2,10.89,12.48,12.47,9.93,8.19,7.65,8.09,9.98,11.84,13.04,10.41
QV2M,1986,-2.0,35.625,10.72,8.71,10.55,12.15,12.21,9.86,8.59,8.05,8.4,9.83,11.46,12.46,10.26
QV2M,1986,-2.0,36.25,10.85,8.34,10.75,12.45,12.56,9.92,8.58,8.36,8.81,10.23,11.74,13.04,10.48
QV2M,1986,-2.0,36.875,10.39,8.27,10.74,12.1,11.99,9.66,8.16,8.17,8.69,10.22,11.62,12.59,10.23
QV2M,1986,-2.0,37.5,11.14,9.25,11.69,12.77,12.6,9.96,8.74,8.72,9.19,10.98,12.41,13.52,10.93
QV2M,1986,-2.0,38.125,11.8,10.6,12.71,13.69,13.43,10.44,9.5,9.54,10.04,11.92,13.36,14.33,11.79
QV2M,1986,-2.0,38.75,12.28,11.61,13.81,15.13,14.77,11.6,10.6,10.65,11.24,12.94,14.68,15.38,12.9
QV2M,1986,-2.0,39.375,12.92,12.48,14.51,16.26,16.1,13.16,11.85,11.82,12.33,13.75,15.5,15.97,13.89
QV2M,1986,-2.0,40.0,13.52,13.27,14.9,16.93,17.11,14.46,12.89,12.73,13.04,14.37,15.87,16.41,14.63
QV2M,1986,-2.0,40.625,14.37,14.26,15.36,17.15,17.72,15.71,14.17,13.85,13.81,14.91,15.87,16.72,15.33
QV2M,1986,-2.0,41.25,15.91,16.14,16.95,17.87,18.2,16.2,14.53,14.52,14.7,15.91,16.73,17.48,16.26
QV2M,1986,-2.0,41.875,17.02,17.44,18.18,19.0,18.81,16.69,15.38,15.5,15.72,16.84,17.85,18.58,17.25
QV2M,1986,-2.5,34.375,11.83,10.1,11.81,12.85,12.39,9.42,7.76,7.22,7.65,10.31,12.31,13.56,10.61
QV2M,1986,-2.5,35.0,11.48,9.38,11.02,12.57,12.27,9.73,8.16,7.45,7.74,9.78,11.76,13.07,10.37
QV2M,1986,-2.5,35.625,11.8,9.49,11.21,12.82,12.58,9.95,8.49,7.88,8.13,9.93,11.97,13.48,10.65
QV2M,1986,-2.5,36.25,11.48,8.67,10.84,12.71,12.63,9.97,8.68,8.34,8.47,10.11,11.68,13.4,10.6
QV2M,1986,-2.5,36.875,11.47,8.81,11.0,12.65,12.56,10.04,8.26,8.03,8.41,10.25,11.83,13.42,10.57
QV2M,1986,-2.5,37.5,11.82,9.53,11.65,12.86,12.71,10.06,8.59,8.51,8.94,10.81,12.19,14.01,10.98
QV2M,1986,-2.5,38.125,12.24,10.69,12.74,13.65,13.32,10.37,9.36,9.46,9.97,11.86,13.17,14.67,11.8
QV2M,1986,-2.5,38.75,12.79,11.99,13.92,15.09,14.76,11.65,10.65,10.73,11.29,12.98,14.48,15.77,13.02
QV2M,1986,-2.5,39.375,13.5,13.09,14.87,16.3,16.16,13.35,12.11,12.06,12.54,13.93,15.42,16.34,14.14
QV2M,1986,-2.5,40.0,14.4,14.27,15.69,17.07,17.23,14.58,13.11,13.05,13.39,14.76,15.99,16.69,15.02
QV2M,1986,-2.5,40.625,15.94,16.04,17.07,18.06,18.22,16.11,14.72,14.61,14.74,16.01,16.89,17.52,16.33
QV2M,1986,-2.5,41.25,17.14,17.49,18.33,18.97,18.65,16.56,15.3,15.43,15.68,16.91,17.94,18.63,17.25
QV2M,1986,-2.5,41.875,17.04,17.42,18.18,18.97,18.77,16.65,15.37,15.48,15.7,16.84,17.84,18.6,17.24
QV2M,1986,-3.0,34.375,12.09,10.4,11.91,12.85,12.18,9.19,7.65,7.44,7.66,9.97,11.68,13.44,10.54
QV2M,1986,-3.0,35.0,11.94,9.77,11.39,12.76,12.3,9.76,8.29,7.76,7.85,9.68,11.37,13.13,10.51
QV2M,1986,-3.0,35.625,11.52,9.25,10.99,12.25,11.75,9.66,8.45,8.19,8.2,9.61,10.99,12.44,10.28
QV2M,1986,-3.0,36.25,12.26,9.39,11.19,13.23,12.87,10.28,8.98,8.41,8.47,10.02,11.81,13.76,10.9
QV2M,1986,-3.0,36.875,12.06,9.45,11.04,12.99,12.88,10.62,9.26,8.85,8.5,9.86,11.58,13.43,10.89
QV2M,1986,-3.0,37.5,11.27,9.33,10.99,12.1,12.02,9.84,8.71,8.55,8.74,10.14,11.14,12.75,10.47
QV2M,1986,-3.0,38.125,12.5,10.78,12.67,13.54,13.21,10.48,9.5,9.58,10.05,11.78,12.8,14.68,11.81
QV2M,1986,-3.0,38.75,13.21,12.13,13.96,15.14,14.81,11.75,10.76,10.85,11.34,12.99,14.28,16.12,13.12
QV2M,1986,-3.0,39.375,14.0,13.45,15.14,16.44,16.34,13.54,12.28,12.23,12.7,14.11,15.38,16.66,14.36
QV2M,1986,-3.0,40.0,15.33,15.21,16.43,17.39,17.43,14.8,13.4,13.47,13.84,15.18,16.27,17.25,15.5
QV2M,1986,-3.0,40.625,17.2,17.37,18.27,18.85,18.48,16.4,15.18,15.27,15.53,16.82,17.82,18.54,17.14
QV2M,1986,-3.0,41.25,17.19,17.45,18.19,18.92,18.59,16.56,15.29,15.39,15.64,16.88,17.89,18.69,17.22
QV2M,1986,-3.0,41.875,17.11,17.43,18.14,18.98,18.71,16.61,15.34,15.47,15.67,16.89,17.87,18.65,17.24
QV2M,1986,-3.5,34.375,12.7,11.02,12.42,12.93,12.11,8.89,7.59,7.63,8.0,10.12,11.4,13.92,10.73
QV2M,1986,-3.5,35.0,12.62,10.61,12.28,13.11,12.44,9.68,8.46,8.35,8.63,10.42,11.62,13.69,11.0
QV2M,1986,-3.5,35.625,12.3,9.93,11.93,12.91,12.34,9.7,8.55,8.43,8.44,10.15,11.44,13.37,10.8
QV2M,1986,-3.5,36.25,12.41,9.54,11.96,13.27,12.7,10.09,8.86,8.54,8.69,10.52,11.7,13.88,11.03
QV2M,1986,-3.5,36.875,12.48,9.58,12.19,13.72,13.33,10.82,9.54,9.3,9.18,10.97,12.16,13.92,11.45
QV2M,1986,-3.5,37.5,12.4,9.53,12.35,13.96,13.71,11.1,9.89,9.67,9.72,11.39,12.53,13.81,11.69
QV2M,1986,-3.5,38.125,12.55,10.59,12.77,13.73,13.4,10.68,9.73,9.8,10.26,11.82,12.77,14.51,11.9
QV2M,1986,-3.5,38.75,13.45,12.17,14.15,15.1,14.72,11.87,11.01,11.05,11.49,13.02,14.13,15.7,13.16
QV2M,1986,-3.5,39.375,14.25,13.7,15.41,16.56,16.41,13.68,12.43,12.38,12.79,14.26,15.4,16.64,14.5
QV2M,1986,-3.5,40.0,16.32,16.25,17.46,18.14,17.85,15.36,14.1,14.27,14.63,15.98,17.04,17.99,16.28
QV2M,1986,-3.5,40.625,17.36,17.48,18.36,18.88,18.41,16.4,15.2,15.28,15.53,16.78,17.82,18.71,17.18
QV2M,1986,-3.5,41.25,17.28,17.5,18.21,18.95,18.51,16.58,15.29,15.39,15.59,16.85,17.88,18.74,17.23
QV2M,1986,-3.5,41.875,17.17,17.49,18.11,19.0,18.64,16.58,15.31,15.45,15.62,16.87,17.84,18.71,17.23
QV2M,1986,-4.0,34.375,12.99,11.09,12.39,12.77,11.82,8.39,7.29,7.45,7.86,10.04,10.9,14.1,10.59
QV2M,1986,-4.0,35.0,12.56,10.41,12.14,12.76,11.94,8.93,7.71,7.81,8.14,9.97,10.94,13.48,10.57
QV2M,1986,-4.0,35.625,12.4,10.16,12.17,12.88,12.18,9.42,8.35,8.39,8.52,10.14,11.17,13.34,10.77
QV2M,1986,-4.0,36.25,12.64,9.88,12.34,13.32,12.62,9.83,8.73,8.62,8.73,10.48,11.52,13.71,11.05
QV2M,1986,-4.0,36.875,12.72,10.15,12.7,13.7,13.06,10.37,9.29,9.23,9.26,11.03,12.06,13.77,11.46
QV2M,1986,-4.0,37.5,13.12,10.44,13.13,14.18,13.56,10.8,9.78,9.64,9.84,11.63,12.7,14.24,11.93
QV2M,1986,-4.0,38.125,13.37,11.1,13.57,14.42,13.9,11.05,10.06,10.11,10.59,12.31,13.38,14.91,12.41
QV2M,1986,-4.0,38.75,13.89,12.43,14.71,15.77,15.28,12.33,11.41,11.5,11.89,13.4,14.59,15.89,13.6
QV2M,1986,-4.0,39.375,14.71,14.24,15.82,17.03,16.84,14.05,12.73,12.76,13.04,14.5,15.65,16.7,14.84
QV2M,1986,-4.0,40.0,17.24,17.25,18.19,18.65,18.11,15.9,14.76,14.88,15.26,16.51,17.58,18.54,16.9
QV2M,1986,-4.0,40.625,17.46,17.61,18.39,18.88,18.35,16.37,15.18,15.26,15.51,16.73,17.76,18.76,17.19
QV2M,1986,-4.0,41.25,17.38,17.61,18.34,18.98,18.43,16.54,15.26,15.38,15.54,16.81,17.81,18.79,17.24
QV2M,1986,-4.0,41.875,17.23,17.56,18.15,19.04,18.55,16.54,15.29,15.42,15.55,16.85,17.84,18.74,17.23
QV2M,1986,-4.5,34.375,12.63,10.28,11.92,12.4,11.25,8.02,7.02,7.17,7.5,9.54,10.3,13.68,10.15
QV2M,1986,-4.5,35.0,12.37,9.93,11.92,12.59,11.64,8.44,7.33,7.51,7.82,9.68,10.59,13.13,10.25
QV2M,1986,-4.5,35.625,12.46,10.0,12.24,12.95,12.11,9.09,8.0,8.2,8.4,10.16,11.15,13.26,10.68
QV2M,1986,-4.5,36.25,12.98,10.05,12.71,13.57,12.66,9.64,8.58,8.68,8.86,10.67,11.73,13.74,11.17
QV2M,1986,-4.5,36.875,12.94,10.29,12.98,13.78,13.0,10.16,9.16,9.3,9.47,11.17,12.17,13.74,11.52
QV2M,1986,-4.5,37.5,13.46,10.87,13.57,14.44,13.69,10.92,9.98,10.01,10.18,11.82,12.87,14.41,12.2
QV2M,1986,-4.5,38.125,13.81,11.56,13.85,14.56,13.95,11.4,10.49,10.4,10.73,12.4,13.35,14.98,12.63
QV2M,1986,-4.5,38.75,14.78,13.14,15.34,16.17,15.58,12.8,11.81,11.82,12.19,13.84,14.96,16.36,14.07
QV2M,1986,-4.5,39.375,16.0,15.53,16.89,17.81,17.4,14.74,13.53,13.63,13.92,15.31,16.41,17.59,15.73
QV2M,1986,-4.5,40.0,17.58,17.68,18.34,18.74,18.12,15.99,14.88,14.95,15.34,16.64,17.7,18.73,17.05
QV2M,1986,-4.5,40.625,17.53,17.8,18.39,18.88,18.28,16.29,15.14,15.23,15.5,16.77,17.82,18.76,17.2
QV2M,1986,-4.5,41.25,17.43,17.8,18.4,18.98,18.34,16.46,15.22,15.35,15.49,16.85,17.85,18.77,17.24
QV2M,1986,-4.5,41.875,17.29,17.69,18.23,19.03,18.42,16.47,15.29,15.37,15.48,16.88,17.87,18.71,17.22
QV2M,1986,0.5,34.375,10.63,9.45,11.65,13.97,14.64,13.47,13.18,13.16,13.23,12.85,13.19,12.61,12.69
QV2M,1986,0.5,35.0,9.58,7.97,9.94,12.33,12.96,12.42,12.04,11.85,11.8,11.59,12.06,11.56,11.36
QV2M,1986,0.5,35.625,8.57,7.31,9.62,12.0,12.76,12.53,11.82,11.66,11.51,11.1,11.43,11.31,10.99
QV2M,1986,0.5,36.25,8.27,7.56,9.71,11.63,12.16,11.9,11.56,11.08,10.22,9.89,10.9,11.07,10.51
QV2M,1986,0.5,36.875,8.68,8.0,10.28,11.77,11.84,11.06,10.44,9.88,9.24,9.82,11.3,11.42,10.32
QV2M,1986,0.5,37.5,9.38,8.65,11.05,12.69,12.59,10.91,9.81,9.28,9.22,10.49,12.11,12.13,10.7
QV2M,1986,0.5,38.125,10.22,9.52,12.03,13.86,13.89,11.15,9.88,9.5,9.82,11.37,13.03,13.07,11.46
QV2M,1986,0.5,38.75,10.55,10.28,12.52,14.46,14.67,11.75,10.5,10.31,10.77,11.97,13.45,13.59,12.08
QV2M,1986,0.5,39.375,10.75,10.86,12.59,14.91,15.39,12.61,11.33,11.15,11.54,12.4,13.63,13.97,12.6
QV2M,1986,0.5,40.0,11.14,11.33,12.88,15.09,15.81,13.41,12.08,11.74,11.97,12.79,13.76,14.17,13.02
QV2M,1986,0.5,40.625,11.54,11.81,13.34,15.23,16.09,14.09,12.49,12.05,12.23,13.25,14.06,14.52,13.4
QV2M,1986,0.5,41.25,11.97,12.28,13.82,15.56,16.37,14.43,12.67,12.33,12.55,13.71,14.41,14.82,13.75
QV2M,1986,0.5,41.875,12.44,12.79,14.31,15.82,16.52,14.66,12.9,12.7,12.82,14.19,14.86,15.16,14.1
QV2M,1986,1.0,34.375,9.54,8.48,9.95,12.11,12.9,12.13,11.91,11.71,11.68,11.29,11.69,11.1,11.22
QV2M,1986,1.0,35.0,8.48,7.42,9.33,11.5,12.38,11.84,11.46,11.19,11.14,10.95,11.41,10.89,10.68
QV2M,1986,1.0,35.625,7.66,7.14,9.5,11.8,12.99,12.44,11.67,11.51,10.96,9.98,10.89,10.91,10.64
QV2M,1986,1.0,36.25,8.06,7.58,9.81,11.63,12.1,11.73,11.16,10.56,9.71,9.45,10.86,11.03,10.32
QV2M,1986,1.0,36.875,8.75,8.19,10.5,12.02,11.95,10.86,10.09,9.52,9.21,10.0,11.45,11.28,10.33
QV2M,1986,1.0,37.5,9.34,8.76,11.29,13.05,12.95,11.0,9.78,9.32,9.43,10.62,12.24,12.21,10.84
QV2M,1986,1.0,38.125,9.71,9.45,11.92,13.8,13.77,11.22,9.94,9.59,9.92,11.27,12.85,12.79,11.36
QV2M,1986,1.0,38.75,9.98,10.14,12.27,14.33,14.52,11.74,10.51,10.32,10.78,11.83,13.29,13.37,11.93
QV2M,1986,1.0,39.375,10.19,10.63,12.36,14.78,15.3,12.53,11.26,11.05,11.42,12.23,13.48,13.75,12.42
QV2M,1986,1.0,40.0,10.53,11.01,12.64,14.83,15.55,13.22,11.87,11.5,11.75,12.6,13.62,13.91,12.76
QV2M,1986,1.0,40.625,10.9,11.39,13.1,15.02,15.67,13.73,12.17,11.74,11.97,13.05,13.93,14.22,13.08
QV2M,1986,1.0,41.25,11.31,11.79,13.57,15.36,15.91,14.03,12.35,12.03,12.3,13.46,14.24,14.4,13.4
QV2M,1986,1.0,41.875,11.76,12.22,14.0,15.3,15.96,14.22,12.57,12.39,12.58,13.83,14.58,14.48,13.66
QV2M,1986,1.5,34.375,7.52,6.86,9.12,12.27,14.13,13.28,12.87,12.63,12.44,11.24,11.16,10.5,11.19
QV2M,1986,1.5,35.0,7.42,7.07,9.27,11.82,13.22,12.72,12.09,11.67,11.39,10.35,10.85,10.58,10.72
QV2M,1986,1.5,35.625,7.57,7.43,9.58,12.13,13.04,12.59,11.47,10.99,10.32,9.72,10.86,10.88,10.56
QV2M,1986,1.5,36.25,8.04,7.84,10.0,12.02,12.35,11.79,10.63,9.97,9.17,9.52,11.0,11.15,10.3
QV2M,1986,1.5,36.875,8.6,8.43,10.74,12.43,12.3,10.89,9.87,9.35,9.2,10.12,11.59,11.4,10.42
QV2M,1986,1.5,37.5,9.11,9.0,11.38,13.29,13.17,11.18,10.0,9.44,9.6,10.73,12.27,12.19,10.96
QV2M,1986,1.5,38.125,9.34,9.57,11.92,14.11,13.85,11.33,10.11,9.75,10.09,11.33,12.95,12.84,11.44
QV2M,1986,1.5,38.75,9.41,10.03,12.27,14.7,14.7,11.8,10.59,10.39,10.83,11.81,13.41,13.5,11.96
QV2M,1986,1.5,39.375,9.49,10.36,12.18,14.59,15.14,12.5,11.24,10.93,11.27,12.08,13.33,13.42,12.22
QV2M,1986,1.5,40.0,9.74,10.62,12.47,14.81,15.44,13.09,11.69,11.27,11.53,12.39,13.59,13.66,12.53
QV2M,1986,1.5,40.625,10.12,10.89,12.81,14.86,15.35,13.44,11.9,11.49,11.74,12.81,13.78,13.87,12.76
QV2M,1986,1.5,41.25,10.52,11.19,13.23,14.81,15.47,13.69,12.08,11.78,12.07,13.08,13.92,13.63,12.96
QV2M,1986,1.5,41.875,10.96,11.58,13.63,14.83,15.53,13.88,12.28,12.12,12.34,13.47,14.21,13.82,13.23
QV2M,1986,2.0,34.375,7.35,7.3,9.39,12.33,14.18,13.58,13.02,12.48,12.0,10.33,10.68,10.27,11.1
QV2M,1986,2.0,35.0,7.41,7.45,9.53,12.05,13.12,12.74,11.84,11.09,10.5,9.66,10.61,10.43,10.55
QV2M,1986,2.0,35.625,7.66,7.73,9.9,12.31,12.9,12.41,10.98,10.22,9.45,9.43,10.84,10.85,10.4
QV2M,1986,2.0,36.25,8.03,8.12,10.38,12.5,12.54,11.57,9.99,9.46,9.14,9.77,11.17,11.19,10.33
QV2M,1986,2.0,36.875,8.41,8.64,10.95,12.77,12.47,10.9,9.74,9.27,9.38,10.31,11.7,11.4,10.5
QV2M,1986,2.0,37.5,8.79,9.2,11.63,13.75,13.52,11.31,10.01,9.48,9.78,10.93,12.43,12.23,11.1
QV2M,1986,2.0,38.125,8.73,9.53,11.98,14.48,14.27,11.56,10.28,9.88,10.26,11.41,13.01,12.78,11.52
QV2M,1986,2.0,38.75,8.63,9.76,12.13,14.67,14.79,11.97,10.74,10.4,10.8,11.72,13.19,12.86,11.81
QV2M,1986,2.0,39.375,8.57,9.9,12.05,14.57,15.15,12.52,11.22,10.77,11.11,11.98,13.22,12.87,12.0
QV2M,1986,2.0,40.0,8.76,10.07,12.19,14.76,15.39,12.99,11.59,11.05,11.31,12.25,13.41,13.04,12.24
QV2M,1986,2.0,40.625,9.13,10.31,12.44,14.83,15.09,13.2,11.66,11.24,11.49,12.61,13.66,13.49,12.44
QV2M,1986,2.0,41.25,9.52,10.59,12.71,14.69,15.14,13.46,11.82,11.51,11.8,12.77,13.73,13.25,12.59
QV2M,1986,2.0,41.875,9.96,10.89,12.99,14.29,15.1,13.61,11.99,11.82,12.07,13.13,13.71,13.0,12.72
QV2M,1986,2.5,34.375,7.34,7.62,9.76,12.34,13.43,13.12,12.34,11.51,10.72,9.74,10.61,10.13,10.74
QV2M,1986,2.5,35.0,7.57,7.85,10.16,12.44,13.2,12.77,11.55,10.78,10.12,9.73,10.84,10.5,10.64
QV2M,1986,2.5,35.625,7.79,8.12,10.51,12.76,13.07,12.33,10.8,10.07,9.39,9.84,11.13,10.86,10.57
QV2M,1986,2.5,36.25,9.01,9.43,11.68,13.54,13.37,12.02,10.56,10.26,10.22,10.94,12.13,11.78,11.25
QV2M,1986,2.5,36.875,8.57,9.2,11.59,13.46,13.12,11.34,10.07,9.65,9.81,10.76,12.1,11.66,10.95
QV2M,1986,2.5,37.5,8.18,9.16,11.78,14.12,13.84,11.38,10.05,9.55,9.87,10.96,12.43,12.12,11.13
QV2M,1986,2.5,38.125,7.89,9.27,11.79,14.51,14.49,11.71,10.4,9.91,10.3,11.34,12.72,12.27,11.39
QV2M,1986,2.5,38.75,7.67,9.26,11.86,14.8,15.03,12.11,10.79,10.31,10.67,11.6,12.94,12.43,11.63
QV2M,1986,2.5,39.375,7.63,9.31,11.78,14.81,15.43,12.58,11.2,10.59,10.91,11.81,13.01,12.31,11.79
QV2M,1986,2.5,40.0,7.81,9.51,11.86,14.86,15.51,12.93,11.46,10.82,11.05,12.01,13.08,12.36,11.95
QV2M,1986,2.5,40.625,8.16,9.75,11.96,14.73,15.16,13.06,11.45,10.99,11.25,12.32,13.2,12.34,12.04
QV2M,1986,2.5,41.25,8.47,9.94,12.08,14.42,15.06,13.29,11.67,11.29,11.57,12.41,13.15,11.91,12.11
QV2M,1986,2.5,41.875,8.9,10.18,12.3,14.19,14.99,13.38,11.81,11.58,11.85,12.69,13.09,11.9,12.25
QV2M,1986,3.0,34.375,7.35,7.87,10.24,12.61,13.45,13.06,12.12,11.33,10.56,10.01,10.72,10.15,10.8
QV2M,1986,3.0,35.0,7.62,8.17,10.88,13.15,13.86,13.04,11.66,10.89,10.13,10.16,11.2,10.78,10.97
QV2M,1986,3.0,35.625,8.04,8.64,11.56,13.76,13.81,12.59,11.04,10.27,9.8,10.56,11.82,11.42,11.12
QV2M,1986,3.0,36.25,10.05,10.83,13.29,14.87,14.44,12.7,11.31,11.0,11.13,12.11,13.31,12.89,12.33
QV2M,1986,3.0,36.875,7.9,9.11,11.88,14.07,13.61,11.56,10.1,9.59,9.78,10.77,12.13,11.72,11.02
QV2M,1986,3.0,37.5,7.39,8.95,11.82,14.53,14.27,11.62,10.19,9.63,9.95,10.98,12.33,11.96,11.14
QV2M,1986,3.0,38.125,7.01,8.84,11.57,14.7,14.76,11.91,10.56,9.9,10.25,11.22,12.41,11.93,11.26
QV2M,1986,3.0,38.75,6.84,8.73,11.56,15.08,15.33,12.31,10.85,10.14,10.5,11.41,12.54,11.98,11.45
QV2M,1986,3.0,39.375,6.88,8.77,11.42,15.07,15.7,12.64,11.13,10.41,10.68,11.55,12.55,11.7,11.55
QV2M,1986,3.0,40.0,7.1,9.0,11.47,15.05,15.72,12.92,11.31,10.57,10.79,11.77,12.72,11.72,11.69
QV2M,1986,3.0,40.625,7.42,9.21,11.38,14.57,15.16,12.99,11.3,10.75,11.02,12.03,12.73,11.37,11.67
QV2M,1986,3.0,41.25,7.78,9.39,11.46,14.41,15.1,13.14,11.46,11.03,11.31,12.19,12.73,11.27,11.78
QV2M,1986,3.0,41.875,8.12,9.55,11.64,14.06,14.79,13.09,11.56,11.22,11.5,12.28,12.72,11.2,11.82
QV2M,1986,3.5,34.375,7.34,8.08,10.68,13.01,13.64,12.93,11.89,11.04,10.23,10.33,11.14,10.36,10.9
QV2M,1986,3.5,35.0,7.67,8.49,11.45,13.78,14.15,13.06,11.65,10.9,10.17,10.48,11.6,11.02,11.21
QV2M,1986,3.5,35.625,8.44,9.4,12.43,14.43,14.24,12.62,11.04,10.33,10.12,11.14,12.36,11.8,11.54
QV2M,1986,3.5,36.25,9.64,10.97,13.39,15.06,14.7,12.73,11.43,11.1,11.3,12.23,13.23,12.6,12.37
QV2M,1986,3.5,36.875,6.94,8.61,11.9,14.58,14.13,11.77,10.28,9.53,9.72,10.68,11.84,11.39,10.96
QV2M,1986,3.5,37.5,6.51,8.4,11.59,14.54,14.26,11.74,10.26,9.64,9.92,10.77,11.74,11.0,10.87
QV2M,1986,3.5,38.125,6.29,8.22,11.18,14.96,15.04,12.24,10.76,10.02,10.22,11.0,11.8,11.02,11.07
QV2M,1986,3.5,38.75,6.22,8.05,10.81,15.01,15.28,12.42,10.87,10.11,10.39,11.05,11.69,10.73,11.06
QV2M,1986,3.5,39.375,6.39,8.19,10.86,14.89,15.31,12.66,11.04,10.28,10.54,11.27,11.9,10.89,11.2
QV2M,1986,3.5,40.0,6.56,8.43,10.83,15.11,15.63,12.8,11.1,10.33,10.55,11.59,12.28,11.1,11.37
QV2M,1986,3.5,40.625,6.88,8.71,10.82,14.75,15.19,12.84,11.04,10.43,10.75,11.92,12.6,11.14,11.43
QV2M,1986,3.5,41.25,7.32,9.03,11.0,14.39,14.95,12.89,11.24,10.77,11.05,12.05,12.53,10.91,11.52
QV2M,1986,3.5,41.875,7.6,9.12,11.13,13.97,14.55,12.82,11.31,10.92,11.23,12.07,12.47,10.62,11.49
QV2M,1986,4.0,34.375,7.33,8.26,11.4,13.87,14.28,13.65,12.49,11.44,10.47,10.95,11.76,10.71,11.4
QV2M,1986,4.0,35.0,7.71,8.83,12.09,14.42,14.57,13.39,12.03,10.96,10.12,10.85,11.91,11.23,11.52
QV2M,1986,4.0,35.625,8.37,9.8,12.78,14.68,14.46,12.66,11.22,10.54,10.32,11.38,12.33,11.62,11.69
QV2M,1986,4.0,36.25,9.43,11.0,13.42,15.26,15.02,12.96,11.77,11.39,11.62,12.49,13.09,12.33,12.49
QV2M,1986,4.0,36.875,6.25,8.13,11.48,14.55,14.24,11.89,10.49,9.61,9.75,10.62,11.19,10.56,10.74
QV2M,1986,4.0,37.5,5.78,7.76,10.7,14.48,14.3,11.83,10.39,9.62,9.84,10.54,10.82,10.01,10.51
QV2M,1986,4.0,38.125,5.75,7.53,9.82,14.26,14.41,12.01,10.58,9.85,10.08,10.64,10.71,9.79,10.46
QV2M,1986,4.0,38.75,5.68,7.57,9.82,13.97,14.22,11.96,10.61,9.82,10.05,10.71,10.75,9.97,10.44
QV2M,1986,4.0,39.375,5.88,7.77,10.17,14.5,14.77,12.39,10.89,9.97,10.23,11.12,11.37,10.49,10.81
QV2M,1986,4.0,40.0,6.11,7.98,10.17,14.88,15.26,12.65,11.02,10.04,10.35,11.44,11.78,10.51,11.03
QV2M,1986,4.0,40.625,6.46,8.3,10.35,14.74,15.04,12.58,10.82,10.12,10.48,11.72,12.23,10.74,11.14
QV2M,1986,4.0,41.25,6.83,8.62,10.62,14.41,14.83,12.65,11.0,10.43,10.78,11.89,12.25,10.62,11.25
QV2M,1986,4.0,41.875,7.13,8.71,10.7,14.08,14.49,12.62,11.08,10.66,11.03,12.03,12.43,10.3,11.28
QV2M,1986,4.5,34.375,7.37,8.42,12.23,14.86,14.75,14.48,13.12,11.4,10.88,11.7,12.51,10.96,11.9
QV2M,1986,4.5,35.0,7.65,9.08,12.78,14.85,14.92,13.79,12.47,11.12,10.3,11.24,12.13,11.3,11.81
QV2M,1986,4.5,35.625,7.86,9.56,12.69,14.7,14.57,12.8,11.44,10.69,10.29,11.38,11.93,11.27,11.61
QV2M,1986,4.5,36.25,7.66,9.47,12.15,14.74,14.6,12.63,11.28,10.54,10.58,11.68,11.69,11.12,11.52
QV2M,1986,4.5,36.875,6.57,8.65,11.12,14.47,14.39,12.33,11.04,10.27,10.42,11.33,11.03,10.37,11.01
QV2M,1986,4.5,37.5,5.35,7.39,9.52,13.92,14.07,11.99,10.49,9.64,9.95,10.67,10.06,9.33,10.21
QV2M,1986,4.5,38.125,5.35,7.27,9.07,13.34,13.69,11.75,10.41,9.66,9.81,10.42,10.01,9.31,10.02
QV2M,1986,4.5,38.75,5.48,7.41,9.33,13.79,14.1,11.92,10.56,9.69,9.92,10.73,10.36,9.62,10.25
QV2M,1986,4.5,39.375,5.62,7.53,9.51,14.31,14.54,12.14,10.68,9.74,10.06,10.98,10.76,9.86,10.49
QV2M,1986,4.5,40.0,5.8,7.7,9.55,14.08,14.42,12.12,10.7,9.83,10.16,10.99,10.75,9.72,10.49
QV2M,1986,4.5,40.625,6.07,7.98,9.82,14.43,14.75,12.35,10.72,9.86,10.29,11.47,11.42,10.04,10.77
QV2M,1986,4.5,41.25,6.4,8.24,10.2,14.33,14.75,12.43,10.88,10.16,10.57,11.51,11.64,10.09,10.94
QV2M,1986,4.5,41.875,6.71,8.35,10.26,14.33,14.68,12.54,10.9,10.43,10.88,11.96,12.19,10.02,11.11
QV2M,1987,-0.5,34.375,13.67,13.67,14.53,14.55,14.28,13.79,12.67,11.9,12.63,12.6,13.43,12.49,13.35
QV2M,1987,-0.5,35.0,11.97,11.76,12.83,13.24,13.2,12.94,11.96,11.25,11.96,11.37,12.21,10.95,12.13
QV2M,1987,-0.5,35.625,10.15,9.71,10.44,11.28,11.33,11.09,10.3,10.01,10.41,9.88,10.88,9.78,10.44
QV2M,1987,-0.5,36.25,9.87,9.33,9.97,11.25,11.2,10.91,10.01,9.72,9.82,9.42,10.89,9.71,10.18
QV2M,1987,-0.5,36.875,10.1,9.55,10.39,12.06,11.72,11.04,10.17,9.94,10.01,9.85,11.5,10.61,10.58
QV2M,1987,-0.5,37.5,11.11,10.6,11.49,13.27,12.89,11.87,10.66,10.48,10.5,10.47,12.52,11.8,11.47
QV2M,1987,-0.5,38.125,11.93,11.02,11.86,13.9,13.2,11.35,10.3,10.61,10.58,10.69,13.17,12.36,11.75
QV2M,1987,-0.5,38.75,12.21,11.55,12.5,14.66,14.25,11.79,11.04,11.49,11.47,11.76,13.97,12.98,12.47
QV2M,1987,-0.5,39.375,12.5,12.05,12.96,14.87,15.4,12.54,12.02,12.6,12.35,12.59,14.22,13.24,13.12
QV2M,1987,-0.5,40.0,13.04,12.66,13.49,15.17,16.09,13.32,12.68,13.18,12.91,13.07,14.41,13.64,13.64
QV2M,1987,-0.5,40.625,13.37,13.18,14.0,15.48,16.73,14.09,13.25,13.75,13.41,13.47,14.26,14.01,14.09
QV2M,1987,-0.5,41.25,13.78,13.76,14.58,15.81,17.01,14.44,13.56,14.02,13.76,13.96,14.65,14.48,14.49
QV2M,1987,-0.5,41.875,14.57,14.7,15.53,16.4,17.4,15.03,14.24,14.45,14.47,14.79,15.41,15.26,15.19
QV2M,1987,-1.0,34.375,14.08,13.96,14.6,14.64,13.89,13.28,12.06,11.26,12.04,11.5,12.78,12.73,13.06
QV2M,1987,-1.0,35.0,12.53,12.2,12.93,13.26,12.76,12.23,11.25,10.74,11.33,10.38,11.52,10.79,11.82
QV2M,1987,-1.0,35.625,11.4,10.87,11.42,12.31,12.03,11.5,10.59,10.24,10.61,9.63,10.88,9.72,10.93
QV2M,1987,-1.0,36.25,10.65,9.8,10.51,11.97,11.76,11.17,10.22,9.8,9.8,9.29,10.83,9.97,10.48
QV2M,1987,-1.0,36.875,10.72,10.06,10.72,12.5,11.9,11.12,9.94,9.74,9.7,9.57,11.5,11.1,10.71
QV2M,1987,-1.0,37.5,11.72,11.05,11.83,13.52,12.97,11.77,10.54,10.49,10.54,10.45,12.46,12.1,11.62
QV2M,1987,-1.0,38.125,11.63,11.05,11.96,13.86,13.23,11.15,10.35,10.71,10.69,10.87,13.0,12.43,11.75
QV2M,1987,-1.0,38.75,12.32,11.76,12.78,15.03,14.51,11.76,11.18,11.69,11.66,12.03,14.2,13.26,12.68
QV2M,1987,-1.0,39.375,12.71,12.31,13.23,15.47,15.82,12.69,12.18,12.81,12.55,12.89,14.58,13.54,13.4
QV2M,1987,-1.0,40.0,13.38,12.98,13.8,15.83,16.55,13.54,12.88,13.41,13.14,13.42,14.83,14.02,13.99
QV2M,1987,-1.0,40.625,13.91,13.6,14.36,16.08,17.2,14.38,13.51,14.01,13.68,13.81,14.52,14.41,14.46
QV2M,1987,-1.0,41.25,14.43,14.29,15.06,16.29,17.42,14.73,13.86,14.29,14.11,14.33,14.95,14.95,14.9
QV2M,1987,-1.0,41.875,15.89,15.97,16.86,17.51,18.03,15.69,14.9,15.05,15.24,15.76,16.45,16.46,16.15
QV2M,1987,-1.5,34.375,13.95,13.75,14.05,14.14,13.06,12.28,10.33,9.47,10.5,10.27,12.08,11.88,12.13
QV2M,1987,-1.5,35.0,12.92,12.56,13.06,13.5,12.73,11.72,10.29,9.61,9.92,9.2,10.99,10.11,11.37
QV2M,1987,-1.5,35.625,11.5,10.85,11.55,12.57,12.12,11.04,9.95,9.61,9.74,9.06,10.59,9.65,10.68
QV2M,1987,-1.5,36.25,10.9,9.98,10.77,12.39,12.16,11.19,9.87,9.76,9.57,9.27,10.96,10.28,10.59
QV2M,1987,-1.5,36.875,10.75,9.73,10.69,12.45,11.74,10.66,9.41,9.5,9.53,9.42,11.21,10.97,10.51
QV2M,1987,-1.5,37.5,11.51,10.62,11.59,13.31,12.56,10.98,9.96,10.09,10.16,10.21,11.95,11.94,11.24
QV2M,1987,-1.5,38.125,12.34,11.72,12.51,13.99,13.47,11.24,10.58,10.9,10.89,11.16,12.9,12.85,12.05
QV2M,1987,-1.5,38.75,12.61,12.07,13.1,15.13,14.76,11.67,11.33,11.87,11.84,12.25,14.09,13.49,12.85
QV2M,1987,-1.5,39.375,13.12,12.67,13.61,15.86,16.02,12.8,12.32,12.89,12.76,13.18,14.86,13.91,13.67
QV2M,1987,-1.5,40.0,13.73,13.32,14.11,16.49,17.04,13.94,13.18,13.75,13.42,13.78,15.05,14.3,14.35
QV2M,1987,-1.5,40.625,14.33,13.97,14.68,16.63,17.6,14.72,13.87,14.27,14.03,14.24,14.82,14.74,14.83
QV2M,1987,-1.5,41.25,15.02,14.83,15.54,16.84,17.93,15.15,14.25,14.57,14.48,14.76,15.26,15.35,15.33
QV2M,1987,-1.5,41.875,17.02,17.11,18.08,18.44,18.68,16.43,15.61,15.67,16.02,16.74,17.48,17.6,17.07
QV2M,1987,-1.7975103014118005e-13,34.375,12.94,13.03,14.05,14.47,14.73,14.04,13.31,12.91,13.62,13.7,13.87,12.29,13.58
QV2M,1987,-1.7975103014118005e-13,35.0,11.56,11.45,12.48,13.31,13.8,13.28,12.48,12.19,12.62,12.38,12.79,11.11,12.46
QV2M,1987,-1.7975103014118005e-13,35.625,10.23,9.83,10.54,11.69,11.99,11.6,10.9,10.76,10.96,10.74,11.44,10.24,10.91
QV2M,1987,-1.7975103014118005e-13,36.25,9.64,9.01,9.63,11.15,11.45,11.62,10.45,10.19,9.9,9.43,10.89,9.45,10.24
QV2M,1987,-1.7975103014118005e-13,36.875,9.95,9.24,10.07,12.02,11.93,11.45,10.37,10.17,9.92,9.71,11.22,10.32,10.53
QV2M,1987,-1.7975103014118005e-13,37.5,10.43,9.95,10.9,12.69,12.3,11.29,10.23,10.06,10.01,9.81,11.64,11.05,10.86
QV2M,1987,-1.7975103014118005e-13,38.125,11.82,10.99,11.88,14.18,13.49,11.66,10.36,10.56,10.52,10.52,13.06,12.24,11.77
QV2M,1987,-1.7975103014118005e-13,38.75,12.12,11.43,12.42,14.57,14.36,11.93,11.05,11.44,11.38,11.58,13.59,12.68,12.38
QV2M,1987,-1.7975103014118005e-13,39.375,12.3,11.79,12.77,14.44,15.1,12.48,11.94,12.41,12.16,12.3,13.74,12.89,12.87
QV2M,1987,-1.7975103014118005e-13,40.0,12.66,12.32,13.24,14.67,15.63,13.14,12.57,12.96,12.72,12.76,13.85,13.24,13.32
QV2M,1987,-1.7975103014118005e-13,40.625,12.86,12.75,13.69,15.01,16.32,13.92,13.19,13.53,13.19,13.21,14.01,13.68,13.79
QV2M,1987,-1.7975103014118005e-13,41.25,13.2,13.25,14.21,15.44,16.75,14.27,13.49,13.77,13.51,13.74,14.45,14.16,14.19
QV2M,1987,-1.7975103014118005e-13,41.875,13.72,13.84,14.8,15.89,17.19,14.91,14.11,14.23,14.14,14.31,14.97,14.65,14.73
QV2M,1987,-2.0,34.375,13.86,13.59,13.79,14.02,12.75,11.55,9.66,9.05,9.89,9.63,11.57,11.07,11.69
QV2M,1987,-2.0,35.0,12.82,12.37,12.9,13.46,12.63,11.08,9.68,9.13,9.39,9.15,10.84,9.91,11.1
QV2M,1987,-2.0,35.625,11.67,11.06,11.96,12.8,12.19,10.59,9.62,9.45,9.52,9.34,10.73,10.0,10.74
QV2M,1987,-2.0,36.25,11.39,10.31,11.28,12.58,12.1,10.57,9.46,9.68,9.76,9.62,11.03,10.7,10.71
QV2M,1987,-2.0,36.875,10.9,9.78,10.89,12.48,11.75,10.16,9.19,9.54,9.66,9.52,11.19,11.03,10.51
QV2M,1987,-2.0,37.5,11.82,10.81,11.81,13.3,12.49,10.61,9.74,10.1,10.18,10.25,11.91,12.12,11.26
QV2M,1987,-2.0,38.125,12.61,11.88,12.68,14.02,13.47,11.0,10.54,10.94,10.96,11.31,12.79,12.98,12.1
QV2M,1987,-2.0,38.75,13.11,12.48,13.52,15.37,15.01,11.79,11.52,12.07,12.01,12.5,14.14,13.85,13.12
QV2M,1987,-2.0,39.375,13.67,13.17,14.14,16.29,16.3,13.08,12.59,13.13,13.04,13.48,15.01,14.4,14.03
QV2M,1987,-2.0,40.0,14.17,13.85,14.7,17.03,17.31,14.09,13.4,13.92,13.66,14.16,15.42,14.84,14.72
QV2M,1987,-2.0,40.625,15.02,14.75,15.52,17.34,18.03,15.19,14.38,14.67,14.53,14.93,15.54,15.51,15.45
QV2M,1987,-2.0,41.25,16.48,16.45,17.32,17.85,18.39,15.81,15.09,15.19,15.41,16.1,16.82,17.0,16.49
QV2M,1987,-2.0,41.875,17.61,17.64,18.61,18.96,18.85,16.83,16.01,16.03,16.41,17.23,18.07,18.3,17.54
QV2M,1987,-2.5,34.375,13.72,13.35,13.51,13.78,12.53,10.88,9.71,8.91,9.33,9.15,11.3,10.82,11.4
QV2M,1987,-2.5,35.0,12.87,12.47,12.89,13.36,12.46,10.78,9.61,9.15,9.09,8.95,10.81,10.28,11.05
QV2M,1987,-2.5,35.625,12.98,12.12,12.87,13.57,12.59,10.53,9.59,9.26,9.33,9.26,11.0,10.7,11.14
QV2M,1987,-2.5,36.25,12.19,10.98,11.6,12.54,12.21,10.24,9.4,9.63,9.6,9.44,11.03,11.13,10.83
QV2M,1987,-2.5,36.875,12.06,10.73,11.29,12.55,12.21,10.03,9.02,9.43,9.54,9.44,11.48,11.78,10.8
QV2M,1987,-2.5,37.5,12.67,11.34,11.86,12.91,12.5,10.34,9.54,9.93,10.0,10.06,11.78,12.43,11.28
QV2M,1987,-2.5,38.125,13.39,12.29,12.98,14.0,13.55,10.87,10.51,10.96,10.89,11.3,12.7,13.17,12.22
QV2M,1987,-2.5,38.75,14.0,12.85,13.91,15.43,15.13,11.87,11.66,12.17,12.1,12.65,14.01,14.11,13.33
QV2M,1987,-2.5,39.375,14.59,13.73,14.67,16.44,16.49,13.34,12.87,13.36,13.33,13.77,15.0,14.87,14.38
QV2M,1987,-2.5,40.0,15.02,14.73,15.56,17.2,17.47,14.3,13.71,14.15,14.04,14.68,15.65,15.55,15.17
QV2M,1987,-2.5,40.625,16.47,16.32,17.17,18.11,18.45,15.83,15.12,15.31,15.4,16.07,16.87,16.99,16.51
QV2M,1987,-2.5,41.25,17.67,17.64,18.63,18.99,18.93,16.71,15.96,15.98,16.31,17.13,18.1,18.35,17.53
QV2M,1987,-2.5,41.875,17.63,17.61,18.55,18.86,18.88,16.81,16.01,16.01,16.35,17.17,18.04,18.34,17.52
QV2M,1987,-3.0,34.375,13.65,13.33,13.41,13.6,12.22,10.42,9.51,9.01,9.14,8.99,11.02,11.11,11.27
QV2M,1987,-3.0,35.0,13.01,12.67,12.96,13.34,12.39,10.53,9.57,9.31,9.12,8.94,10.68,10.52,11.08
QV2M,1987,-3.0,35.625,12.14,11.72,12.07,12.52,11.74,10.11,9.4,9.35,9.59,9.12,10.37,10.52,10.71
QV2M,1987,-3.0,36.25,13.07,12.07,12.41,13.12,12.56,10.41,9.72,9.77,9.66,9.47,10.84,11.12,11.18
QV2M,1987,-3.0,36.875,12.72,11.49,11.23,12.1,12.62,10.56,9.82,10.01,9.88,9.34,11.23,11.9,11.07
QV2M,1987,-3.0,37.5,12.05,11.07,11.14,11.88,11.87,9.92,9.41,9.69,9.81,9.68,10.89,11.54,10.74
QV2M,1987,-3.0,38.125,13.66,12.45,13.12,13.89,13.58,10.88,10.62,11.05,11.0,11.4,12.47,13.1,12.27
QV2M,1987,-3.0,38.75,14.67,13.1,14.2,15.47,15.27,11.98,11.84,12.32,12.16,12.77,13.9,14.19,13.49
QV2M,1987,-3.0,39.375,15.03,14.08,15.02,16.59,16.74,13.52,13.09,13.59,13.5,14.06,14.97,15.06,14.61
QV2M,1987,-3.0,40.0,15.98,15.58,16.37,17.53,17.75,14.65,14.15,14.5,14.49,15.22,16.06,16.24,15.71
QV2M,1987,-3.0,40.625,17.69,17.49,18.45,18.97,18.79,16.47,15.8,15.84,16.13,16.92,17.92,18.23,17.39
QV2M,1987,-3.0,41.25,17.72,17.6,18.48,18.88,18.93,16.68,15.94,15.92,16.22,17.03,17.98,18.4,17.48
QV2M,1987,-3.0,41.875,17.63,17.59,18.44,18.81,18.95,16.77,16.0,15.97,16.28,17.11,17.99,18.36,17.49
QV2M,1987,-3.5,34.375,14.25,13.89,13.86,13.8,12.1,10.03,9.14,9.08,9.26,9.3,10.96,11.17,11.39
QV2M,1987,-3.5,35.0,13.62,13.23,13.48,13.82,12.45,10.32,9.68,9.73,9.87,9.85,11.13,11.11,11.51
QV2M,1987,-3.5,35.625,13.02,12.5,12.84,13.26,12.23,10.04,9.51,9.69,9.77,9.57,10.88,10.97,11.18
QV2M,1987,-3.5,36.25,13.23,11.91,12.02,12.77,12.4,10.14,9.64,9.87,9.87,9.91,11.25,11.33,11.19
QV2M,1987,-3.5,36.875,13.22,11.72,11.46,12.92,13.07,10.66,10.19,10.52,10.39,10.46,11.78,12.02,11.53
QV2M,1987,-3.5,37.5,12.79,11.39,11.87,13.37,13.63,11.02,10.63,11.03,10.86,11.08,12.15,12.32,11.85
QV2M,1987,-3.5,38.125,13.38,12.04,12.79,13.91,13.74,10.93,10.79,11.27,11.2,11.68,12.48,12.93,12.26
QV2M,1987,-3.5,38.75,14.46,13.2,14.18,15.31,15.14,12.1,11.99,12.41,12.34,12.95,13.8,14.13,13.5
QV2M,1987,-3.5,39.375,15.11,14.28,15.3,16.67,16.83,13.65,13.25,13.73,13.57,14.2,15.05,15.15,14.74
QV2M,1987,-3.5,40.0,16.94,16.56,17.47,18.27,18.27,15.38,14.88,15.12,15.28,16.07,16.97,17.18,16.53
QV2M,1987,-3.5,40.625,17.82,17.63,18.55,19.0,18.81,16.5,15.82,15.83,16.12,16.9,17.94,18.31,17.43
QV2M,1987,-3.5,41.25,17.78,17.64,18.48,18.9,18.96,16.66,15.92,15.88,16.16,16.97,17.98,18.37,17.47
QV2M,1987,-3.5,41.875,17.64,17.6,18.36,18.75,19.01,16.71,15.96,15.92,16.22,17.06,17.98,18.29,17.46
QV2M,1987,-4.0,34.375,14.41,13.93,13.88,13.59,11.83,9.31,8.74,9.03,9.22,9.34,10.7,11.3,11.26
QV2M,1987,-4.0,35.0,13.46,13.04,13.17,13.33,11.91,9.49,9.11,9.33,9.47,9.54,10.71,11.08,11.13
QV2M,1987,-4.0,35.625,13.12,12.55,12.73,13.03,11.99,9.62,9.37,9.65,9.8,9.75,10.91,11.4,11.15
QV2M,1987,-4.0,36.25,13.25,11.91,12.01,12.79,12.27,9.8,9.55,9.87,9.83,10.02,11.22,11.79,11.19
QV2M,1987,-4.0,36.875,13.2,11.79,11.98,13.09,12.79,10.22,10.01,10.39,10.26,10.56,11.68,12.4,11.53
QV2M,1987,-4.0,37.5,13.38,11.96,12.51,13.81,13.56,10.81,10.53,10.97,10.81,11.27,12.26,12.83,12.06
QV2M,1987,-4.0,38.125,13.67,12.31,13.28,14.64,14.24,11.22,11.1,11.62,11.56,12.12,12.91,13.33,12.67
QV2M,1987,-4.0,38.75,14.52,13.39,14.46,15.9,15.67,12.51,12.42,12.87,12.75,13.43,14.17,14.35,13.87
QV2M,1987,-4.0,39.375,15.3,14.71,15.64,17.03,17.24,13.98,13.61,14.04,13.74,14.47,15.29,15.48,15.05
QV2M,1987,-4.0,40.0,17.66,17.44,18.34,18.81,18.59,16.03,15.45,15.61,15.84,16.66,17.65,17.95,17.17
QV2M,1987,-4.0,40.625,17.9,17.74,18.53,18.94,18.8,16.47,15.79,15.8,16.07,16.87,17.89,18.29,17.42
QV2M,1987,-4.0,41.25,17.87,17.69,18.5,18.91,18.97,16.63,15.89,15.83,16.1,16.91,17.95,18.35,17.47
QV2M,1987,-4.0,41.875,17.69,17.59,18.35,18.74,19.0,16.65,15.93,15.86,16.13,16.99,17.96,18.29,17.43
QV2M,1987,-4.5,34.375,13.96,13.39,13.29,13.01,11.3,8.65,8.45,8.85,8.91,9.12,10.17,10.79,10.81
QV2M,1987,-4.5,35.0,13.16,12.58,12.69,12.82,11.47,8.8,8.7,9.07,9.22,9.4,10.45,10.87,10.76
QV2M,1987,-4.5,35.625,13.08,12.4,12.62,12.89,11.79,9.11,9.07,9.48,9.67,9.89,10.85,11.46,11.02
QV2M,1987,-4.5,36.25,13.43,12.12,12.3,13.07,12.29,9.56,9.47,9.88,9.94,10.39,11.31,11.98,11.31
QV2M,1987,-4.5,36.875,13.27,11.94,12.23,13.36,12.75,10.04,9.94,10.39,10.38,10.89,11.65,12.5,11.61
QV2M,1987,-4.5,37.5,13.73,12.38,12.82,14.08,13.68,10.86,10.67,11.14,11.06,11.6,12.28,13.04,12.28
QV2M,1987,-4.5,38.125,14.08,12.83,13.53,14.63,14.24,11.55,11.27,11.71,11.75,12.26,12.84,13.54,12.85
QV2M,1987,-4.5,38.75,15.18,14.06,15.13,16.28,15.97,12.92,12.69,13.07,13.1,13.83,14.46,14.84,14.3
QV2M,1987,-4.5,39.375,16.46,15.97,16.84,17.79,17.87,14.8,14.42,14.65,14.6,15.44,16.18,16.56,15.97
QV2M,1987,-4.5,40.0,17.97,17.81,18.57,18.91,18.63,16.11,15.54,15.67,15.9,16.75,17.8,18.24,17.32
QV2M,1987,-4.5,40.625,17.98,17.82,18.51,18.94,18.76,16.41,15.76,15.76,16.01,16.86,17.84,18.33,17.41
QV2M,1987,-4.5,41.25,17.94,17.75,18.49,18.86,18.92,16.6,15.85,15.78,16.04,16.88,17.91,18.33,17.44
QV2M,1987,-4.5,41.875,17.8,17.62,18.36,18.72,18.95,16.6,15.89,15.79,16.04,16.92,17.92,18.28,17.41
QV2M,1987,0.5,34.375,11.79,11.91,13.23,13.98,14.77,14.04,13.74,13.82,13.73,13.69,13.8,11.76,13.36
QV2M,1987,0.5,35.0,10.69,10.47,11.51,12.69,13.46,12.75,12.14,12.36,12.0,12.04,12.43,10.76,11.95
QV2M,1987,0.5,35.625,10.04,9.51,10.52,12.53,13.25,12.66,11.82,11.91,11.66,11.35,11.86,9.87,11.42
QV2M,1987,0.5,36.25,9.64,9.02,9.82,11.49,11.72,12.24,10.78,10.86,10.07,9.37,10.9,9.63,10.47
QV2M,1987,0.5,36.875,9.9,9.33,10.23,12.0,11.55,11.32,9.87,10.02,9.33,8.98,11.13,10.19,10.32
QV2M,1987,0.5,37.5,10.4,9.94,10.9,12.88,12.35,11.44,10.06,9.96,9.78,9.59,11.73,10.85,10.82
QV2M,1987,0.5,38.125,11.2,10.64,11.64,13.92,13.52,11.71,10.42,10.53,10.51,10.44,12.54,11.62,11.56
QV2M,1987,0.5,38.75,11.82,11.2,12.27,14.19,14.23,11.95,11.04,11.38,11.28,11.41,13.1,12.21,12.18
QV2M,1987,0.5,39.375,12.04,11.46,12.67,14.25,14.91,12.52,11.88,12.27,11.96,12.02,13.37,12.55,12.66
QV2M,1987,0.5,40.0,12.24,11.85,13.04,14.38,15.37,13.13,12.52,12.81,12.5,12.47,13.5,12.91,13.07
QV2M,1987,0.5,40.625,12.44,12.31,13.45,14.71,15.98,14.0,13.23,13.34,13.02,13.01,13.82,13.41,13.57
QV2M,1987,0.5,41.25,12.7,12.79,13.93,15.12,16.39,14.23,13.53,13.62,13.49,13.71,14.41,13.99,14.0
QV2M,1987,0.5,41.875,13.08,13.27,14.44,15.52,16.92,14.96,14.16,14.15,14.05,14.2,14.82,14.31,14.5
QV2M,1987,1.0,34.375,10.55,10.47,11.63,12.35,13.1,12.46,12.09,12.42,12.01,11.99,12.11,10.65,11.83
QV2M,1987,1.0,35.0,9.72,9.34,10.46,11.96,12.61,12.0,11.28,11.82,11.2,11.11,11.58,9.98,11.1
QV2M,1987,1.0,35.625,9.35,8.88,9.97,12.29,13.1,12.62,11.45,11.66,10.43,9.82,11.1,9.38,10.85
QV2M,1987,1.0,36.25,9.33,8.82,9.69,11.44,11.45,11.76,10.14,10.47,9.32,8.76,10.74,9.5,10.12
QV2M,1987,1.0,36.875,9.73,9.44,10.41,12.03,11.53,11.08,9.71,9.86,9.38,9.15,11.17,10.28,10.31
QV2M,1987,1.0,37.5,10.39,9.99,11.09,12.97,12.52,11.46,10.07,10.07,9.94,9.72,11.87,10.89,10.92
QV2M,1987,1.0,38.125,10.99,10.36,11.66,13.6,13.34,11.58,10.36,10.56,10.53,10.46,12.4,11.4,11.44
QV2M,1987,1.0,38.75,11.45,10.81,12.25,13.91,14.02,11.85,10.97,11.36,11.21,11.29,12.97,11.92,12.01
QV2M,1987,1.0,39.375,11.59,11.08,12.6,14.1,14.71,12.55,11.8,12.12,11.8,11.81,13.26,12.24,12.48
QV2M,1987,1.0,40.0,11.8,11.41,12.88,14.28,15.15,13.2,12.51,12.68,12.32,12.26,13.35,12.57,12.87
QV2M,1987,1.0,40.625,11.97,11.8,13.21,14.63,15.71,14.19,13.27,13.23,12.87,12.83,13.65,12.99,13.37
QV2M,1987,1.0,41.25,12.09,12.2,13.57,14.94,16.17,14.48,13.74,13.77,13.54,13.58,14.13,13.4,13.81
QV2M,1987,1.0,41.875,12.32,12.59,13.97,15.09,16.62,15.29,14.3,14.15,13.87,14.08,14.51,13.67,14.21
QV2M,1987,1.5,34.375,9.31,9.23,11.03,12.27,14.25,13.59,12.86,13.39,12.52,12.0,12.05,9.41,11.84
QV2M,1987,1.5,35.0,9.09,8.56,9.96,12.01,13.32,12.87,11.66,12.1,10.72,10.02,11.1,9.27,10.9
QV2M,1987,1.5,35.625,9.08,8.56,9.98,12.12,13.12,13.05,10.82,11.24,9.67,9.33,10.9,9.23,10.6
QV2M,1987,1.5,36.25,9.14,8.83,10.02,11.73,11.69,12.12,10.05,10.31,9.14,8.94,10.77,9.65,10.2
QV2M,1987,1.5,36.875,9.68,9.51,10.73,12.34,11.85,11.27,9.84,9.94,9.53,9.36,11.41,10.41,10.49
QV2M,1987,1.5,37.5,10.22,9.96,11.33,13.04,12.6,11.57,10.15,10.28,10.1,9.9,12.04,10.93,11.01
QV2M,1987,1.5,38.125,10.73,10.22,11.9,13.7,13.4,11.59,10.42,10.71,10.61,10.54,12.62,11.34,11.48
QV2M,1987,1.5,38.75,11.0,10.45,12.4,14.26,14.11,11.96,11.02,11.41,11.21,11.22,13.21,11.67,12.0
QV2M,1987,1.5,39.375,11.16,10.71,12.5,14.09,14.7,12.73,11.91,12.13,11.73,11.66,13.22,11.88,12.38
QV2M,1987,1.5,40.0,11.22,10.92,12.75,14.31,14.98,13.19,12.37,12.45,12.12,12.14,13.42,12.13,12.67
QV2M,1987,1.5,40.625,11.35,11.19,12.87,14.58,15.52,14.26,13.34,13.21,12.76,12.74,13.45,12.32,13.14
QV2M,1987,1.5,41.25,11.43,11.47,13.1,14.51,15.88,14.94,13.93,13.81,13.39,13.46,13.68,12.55,13.52
QV2M,1987,1.5,41.875,11.42,11.81,13.45,14.66,16.26,15.51,14.31,14.08,13.55,13.76,14.12,12.84,13.82
QV2M,1987,2.0,34.375,8.81,8.57,10.55,12.1,14.29,13.95,12.41,13.14,11.49,10.42,11.42,8.9,11.35
QV2M,1987,2.0,35.0,8.67,8.34,9.89,11.91,13.06,13.18,11.19,11.4,9.59,9.08,10.69,9.08,10.52
QV2M,1987,2.0,35.625,8.84,8.58,10.07,12.08,12.7,12.84,10.59,10.52,9.09,8.96,10.74,9.39,10.37
QV2M,1987,2.0,36.25,9.1,8.93,10.4,12.04,11.88,12.23,9.89,10.05,9.36,9.19,11.03,9.83,10.33
QV2M,1987,2.0,36.875,9.55,9.41,10.98,12.51,11.97,11.29,9.86,10.07,9.77,9.59,11.65,10.44,10.59
QV2M,1987,2.0,37.5,10.13,9.89,11.67,13.35,12.93,11.65,10.2,10.43,10.27,10.12,12.33,10.98,11.16
QV2M,1987,2.0,38.125,10.51,10.04,12.13,13.97,13.74,11.88,10.58,10.87,10.7,10.64,12.8,11.16,11.59
QV2M,1987,2.0,38.75,10.53,10.18,12.38,14.14,14.26,12.22,11.2,11.46,11.17,11.18,13.05,11.3,11.93
QV2M,1987,2.0,39.375,10.41,10.11,12.34,14.19,14.87,13.06,12.03,12.09,11.64,11.63,13.06,11.34,12.24
QV2M,1987,2.0,40.0,10.36,10.2,12.43,14.37,15.1,13.45,12.47,12.43,12.01,12.1,13.21,11.5,12.48
QV2M,1987,2.0,40.625,10.19,10.36,12.44,14.62,15.5,14.32,13.32,13.12,12.43,12.64,13.26,11.53,12.82
QV2M,1987,2.0,41.25,10.5,10.65,12.65,14.53,15.77,14.83,13.77,13.57,13.05,13.23,13.36,11.79,13.15
QV2M,1987,2.0,41.875,10.36,10.96,12.9,14.11,15.99,15.14,13.96,13.7,13.05,13.52,13.93,12.03,13.32
QV2M,1987,2.5,34.375,8.56,8.36,10.22,11.95,13.57,13.44,11.4,11.85,9.85,9.31,10.88,9.02,10.71
QV2M,1987,2.5,35.0,8.72,8.5,10.26,12.14,12.89,13.25,11.15,10.98,9.43,9.21,10.79,9.3,10.56
QV2M,1987,2.5,35.625,8.98,8.82,10.56,12.41,12.57,12.86,10.74,10.3,9.56,9.43,11.04,9.64,10.58
QV2M,1987,2.5,36.25,9.96,10.02,11.7,13.1,12.82,12.68,10.75,10.92,10.62,10.53,12.1,10.85,11.34
QV2M,1987,2.5,36.875,9.77,9.69,11.54,12.99,12.56,11.67,10.24,10.5,10.26,10.12,12.09,10.63,11.01
QV2M,1987,2.5,37.5,9.96,9.67,11.8,13.46,13.17,11.71,10.26,10.51,10.34,10.24,12.33,10.58,11.17
QV2M,1987,2.5,38.125,10.14,9.86,12.17,13.94,13.92,12.08,10.77,10.93,10.7,10.71,12.53,10.6,11.53
QV2M,1987,2.5,38.75,10.03,9.74,12.36,14.24,14.48,12.49,11.33,11.43,11.09,11.21,12.76,10.61,11.82
QV2M,1987,2.5,39.375,9.62,9.45,12.25,14.4,15.03,13.17,12.03,11.99,11.57,11.69,12.81,10.58,12.06
QV2M,1987,2.5,40.0,9.54,9.54,12.28,14.53,15.23,13.55,12.47,12.34,11.9,12.07,12.92,10.69,12.27
QV2M,1987,2.5,40.625,9.31,9.65,12.22,14.43,15.3,13.97,13.12,12.96,12.27,12.61,13.17,10.89,12.5
QV2M,1987,2.5,41.25,9.31,9.87,12.32,14.06,15.5,14.22,13.41,13.22,12.8,13.15,13.24,11.16,12.7
QV2M,1987,2.5,41.875,9.36,10.08,12.39,13.79,15.59,14.5,13.61,13.43,12.91,13.44,13.77,11.43,12.87
QV2M,1987,3.0,34.375,8.46,8.37,10.32,12.16,13.26,13.4,11.56,11.44,9.4,9.23,11.01,9.12,10.65
QV2M,1987,3.0,35.0,8.85,8.7,10.76,12.59,13.16,13.58,11.43,10.9,9.76,9.65,11.26,9.52,10.85
QV2M,1987,3.0,35.625,9.38,9.23,11.36,13.11,13.15,13.17,11.14,10.62,10.25,10.18,11.75,10.06,11.12
QV2M,1987,3.0,36.25,11.13,11.24,13.1,14.29,13.88,13.15,11.52,11.7,11.65,11.69,13.29,11.96,12.38
QV2M,1987,3.0,36.875,9.63,9.44,11.61,13.27,12.96,11.82,10.24,10.45,10.25,10.16,12.07,10.22,11.01
QV2M,1987,3.0,37.5,9.6,9.32,11.91,13.76,13.6,11.92,10.43,10.6,10.4,10.47,12.2,10.0,11.19
QV2M,1987,3.0,38.125,9.49,9.34,12.18,14.17,14.19,12.35,10.98,10.97,10.64,10.88,12.25,9.85,11.45
QV2M,1987,3.0,38.75,9.27,8.89,12.33,14.56,14.79,12.79,11.41,11.35,11.01,11.36,12.37,9.73,11.67
QV2M,1987,3.0,39.375,8.9,8.76,12.13,14.52,15.18,13.2,11.91,11.85,11.5,11.78,12.32,9.76,11.83
QV2M,1987,3.0,40.0,8.84,8.86,12.2,14.56,15.32,13.47,12.34,12.22,11.79,12.11,12.51,9.96,12.03
QV2M,1987,3.0,40.625,8.68,9.02,12.01,13.96,15.01,13.46,12.77,12.66,12.05,12.54,12.73,10.32,12.12
QV2M,1987,3.0,41.25,8.69,9.15,11.94,13.67,15.16,13.67,13.03,12.85,12.4,12.9,12.96,10.6,12.27
QV2M,1987,3.0,41.875,8.68,9.28,11.9,13.41,15.08,13.76,13.08,12.89,12.54,13.12,13.33,10.95,12.35
QV2M,1987,3.5,34.375,8.53,8.6,10.84,12.53,13.35,13.51,11.6,11.05,9.8,9.68,11.43,9.51,10.88
QV2M,1987,3.5,35.0,9.04,8.96,11.4,13.32,13.81,13.86,11.63,10.98,10.14,10.16,11.85,9.75,11.25
QV2M,1987,3.5,35.625,9.94,9.85,12.15,13.88,13.83,13.32,11.37,10.76,10.64,10.82,12.38,10.59,11.63
QV2M,1987,3.5,36.25,10.92,11.22,13.18,14.45,14.27,13.28,11.74,11.83,11.84,12.01,13.3,11.77,12.49
QV2M,1987,3.5,36.875,9.04,8.9,11.55,13.49,13.49,12.17,10.43,10.38,10.18,10.41,11.9,9.55,10.96
QV2M,1987,3.5,37.5,8.54,8.63,11.65,13.56,13.76,12.3,10.65,10.61,10.39,10.72,11.7,9.24,10.99
QV2M,1987,3.5,38.125,8.61,8.57,12.0,14.18,14.7,12.93,11.3,11.16,10.84,11.21,11.63,9.03,11.36
QV2M,1987,3.5,38.75,8.28,8.14,11.73,14.15,14.97,13.23,11.54,11.42,11.17,11.57,11.51,8.96,11.4
QV2M,1987,3.5,39.375,8.32,8.16,11.78,14.23,15.01,13.34,11.91,11.74,11.56,11.92,11.78,9.21,11.6
QV2M,1987,3.5,40.0,8.32,8.24,11.9,14.29,15.26,13.45,12.15,12.01,11.61,12.15,12.07,9.46,11.76
QV2M,1987,3.5,40.625,8.21,8.38,11.85,14.01,15.0,13.23,12.37,12.28,11.68,12.43,12.58,9.82,11.84
QV2M,1987,3.5,41.25,8.4,8.71,11.76,13.64,15.01,13.29,12.6,12.45,12.07,12.73,12.74,10.33,11.99
QV2M,1987,3.5,41.875,8.31,8.77,11.6,13.18,14.94,13.35,12.63,12.42,12.13,12.84,13.02,10.59,12.0
QV2M,1987,4.0,34.375,8.47,8.89,11.73,13.45,14.46,14.22,12.23,11.32,10.39,10.46,12.42,10.04,11.52
QV2M,1987,4.0,35.0,9.23,9.22,12.28,14.44,14.85,14.44,12.16,11.05,10.55,10.73,12.55,10.07,11.81
QV2M,1987,4.0,35.625,9.96,9.99,12.63,14.65,14.63,13.59,11.68,11.03,10.95,11.3,12.67,10.63,11.98
QV2M,1987,4.0,36.25,10.77,11.23,13.37,14.82,14.83,13.64,12.21,12.12,12.21,12.59,13.4,11.63,12.74
QV2M,1987,4.0,36.875,8.3,8.41,11.32,13.38,13.93,12.57,10.83,10.49,10.28,10.75,11.49,8.88,10.89
QV2M,1987,4.0,37.5,7.81,7.96,11.14,13.19,14.11,12.58,10.88,10.65,10.43,10.9,11.01,8.45,10.77
QV2M,1987,4.0,38.125,7.61,7.64,11.07,13.01,14.25,12.86,11.25,11.07,10.91,11.24,10.81,8.38,10.86
QV2M,1987,4.0,38.75,7.63,7.55,11.24,13.08,14.06,12.65,11.28,11.15,10.99,11.34,10.92,8.47,10.88
QV2M,1987,4.0,39.375,7.92,7.74,11.76,13.8,14.65,13.12,11.76,11.56,11.35,11.85,11.54,8.81,11.34
QV2M,1987,4.0,40.0,7.95,7.81,11.69,13.92,15.05,13.43,12.11,11.89,11.5,12.15,11.77,9.19,11.56
QV2M,1987,4.0,40.625,8.02,7.97,11.76,13.88,15.04,13.19,12.07,11.89,11.39,12.32,12.27,9.68,11.64
QV2M,1987,4.0,41.25,8.21,8.21,11.62,13.63,15.15,13.18,12.24,12.05,11.72,12.57,12.38,10.28,11.79
QV2M,1987,4.0,41.875,8.03,8.27,11.37,13.23,15.1,13.21,12.32,12.05,11.84,12.8,12.84,10.52,11.82
QV2M,1987,4.5,34.375,8.41,9.12,12.59,14.2,15.56,14.83,12.36,11.38,11.06,11.4,13.46,10.34,12.07
QV2M,1987,4.5,35.0,9.3,9.38,12.96,15.25,15.69,14.82,12.6,11.4,10.94,11.18,13.22,10.39,12.27
QV2M,1987,4.5,35.625,9.6,9.65,12.79,15.49,15.54,14.15,12.03,11.2,11.01,11.42,12.7,10.39,12.17
QV2M,1987,4.5,36.25,9.34,9.58,12.45,14.55,15.04,13.71,11.8,11.18,11.28,11.8,12.59,10.01,11.95
QV2M,1987,4.5,36.875,8.49,8.67,11.49,13.46,14.48,13.19,11.46,11.12,11.19,11.66,11.76,9.01,11.34
QV2M,1987,4.5,37.5,7.4,7.39,10.58,12.69,14.16,12.82,11.07,10.59,10.67,11.13,10.7,7.95,10.61
QV2M,1987,4.5,38.125,7.24,7.16,10.56,12.26,13.61,12.48,11.02,10.76,10.7,11.01,10.49,8.05,10.46
QV2M,1987,4.5,38.75,7.37,7.28,10.92,12.75,14.04,12.74,11.25,11.03,10.87,11.32,10.84,8.33,10.74
QV2M,1987,4.5,39.375,7.44,7.38,11.24,13.31,14.64,13.18,11.67,11.39,11.19,11.76,11.07,8.65,11.09
QV2M,1987,4.5,40.0,7.46,7.43,11.17,13.11,14.49,13.06,11.67,11.47,11.17,11.85,10.97,8.92,11.08
QV2M,1987,4.5,40.625,7.78,7.69,11.42,13.4,14.88,13.28,11.96,11.75,11.37,12.24,11.47,9.51,11.42
QV2M,1987,4.5,41.25,8.01,7.9,11.47,13.41,15.03,13.35,12.08,11.85,11.66,12.49,11.76,10.02,11.61
QV2M,1987,4.5,41.875,7.8,7.87,11.17,13.32,15.46,13.35,12.18,11.82,11.7,12.9,12.49,10.4,11.73
QV2M,1988,-0.5,34.375,12.87,11.94,13.53,14.61,14.36,12.68,11.7,12.01,11.85,12.56,12.84,11.94,12.74
QV2M,1988,-0.5,35.0,11.1,10.44,11.94,13.58,13.37,11.93,11.04,11.22,11.06,11.3,11.86,11.07,11.66
QV2M,1988,-0.5,35.625,9.81,8.84,10.22,11.84,11.6,10.51,9.95,10.23,10.08,10.26,10.81,10.44,10.39
QV2M,1988,-0.5,36.25,9.69,8.68,10.09,11.91,11.53,10.5,9.87,10.16,10.02,10.3,10.95,10.57,10.36
QV2M,1988,-0.5,36.875,10.46,9.51,10.77,12.55,11.73,10.84,9.98,10.22,10.05,10.5,11.56,11.18,10.78
QV2M,1988,-0.5,37.5,11.55,10.51,11.95,13.89,12.86,11.82,10.5,10.74,10.6,11.22,12.89,12.57,11.76
QV2M,1988,-0.5,38.125,12.04,10.92,12.97,14.68,12.49,11.64,10.17,10.51,10.37,11.26,14.04,13.79,12.07
QV2M,1988,-0.5,38.75,12.66,11.61,13.91,15.79,13.5,12.56,11.01,11.37,11.29,12.23,14.89,14.45,12.94
QV2M,1988,-0.5,39.375,13.12,12.16,14.48,16.81,14.85,13.66,12.04,12.38,12.26,13.06,14.91,14.48,13.68
QV2M,1988,-0.5,40.0,13.63,12.78,14.87,17.16,15.55,14.23,12.63,12.9,12.72,13.43,15.0,14.66,14.13
QV2M,1988,-0.5,40.625,14.06,13.35,15.24,17.59,16.13,14.74,13.07,13.18,12.99,13.57,14.94,14.67,14.46
QV2M,1988,-0.5,41.25,14.65,13.94,15.74,17.94,16.51,15.07,13.37,13.5,13.33,14.05,15.12,15.04,14.85
QV2M,1988,-0.5,41.875,15.6,14.87,16.46,18.24,17.03,15.56,14.21,14.21,14.0,14.82,15.46,15.57,15.5
QV2M,1988,-1.0,34.375,13.4,12.42,13.74,14.58,13.94,12.04,10.79,10.99,10.64,11.55,12.23,11.6,12.33
QV2M,1988,-1.0,35.0,11.54,10.54,12.22,13.55,12.89,11.49,10.41,10.44,10.14,10.33,11.13,10.74,11.29
QV2M,1988,-1.0,35.625,10.39,9.24,11.11,12.82,12.2,11.11,10.07,10.29,10.05,10.03,10.78,10.39,10.71
QV2M,1988,-1.0,36.25,9.91,9.04,10.79,12.55,11.96,11.05,10.01,10.28,9.99,10.09,11.17,10.89,10.65
QV2M,1988,-1.0,36.875,10.91,9.87,11.41,13.02,12.09,11.03,9.7,9.85,9.59,10.08,11.91,11.88,10.95
QV2M,1988,-1.0,37.5,11.96,10.8,12.52,14.19,12.83,11.94,10.44,10.6,10.41,11.09,13.05,12.99,11.9
QV2M,1988,-1.0,38.125,12.14,11.13,13.15,14.64,12.43,11.74,10.27,10.57,10.43,11.34,13.72,13.52,12.09
QV2M,1988,-1.0,38.75,13.01,11.91,14.36,16.1,13.63,12.73,11.15,11.53,11.46,12.5,14.98,14.61,13.16
QV2M,1988,-1.0,39.375,13.49,12.48,15.01,17.29,15.05,13.85,12.2,12.55,12.46,13.42,15.15,14.71,13.97
QV2M,1988,-1.0,40.0,14.09,13.13,15.43,17.68,15.86,14.47,12.85,13.13,12.98,13.81,15.39,15.05,14.49
QV2M,1988,-1.0,40.625,14.49,13.74,15.7,17.96,16.43,15.03,13.34,13.46,13.26,13.87,15.13,15.04,14.79
QV2M,1988,-1.0,41.25,15.15,14.42,16.17,18.17,16.82,15.4,13.72,13.8,13.58,14.37,15.3,15.41,15.19
QV2M,1988,-1.0,41.875,16.91,16.24,17.6,18.84,17.58,16.17,14.96,15.02,14.84,15.85,16.28,16.6,16.41
QV2M,1988,-1.5,34.375,12.98,11.54,13.39,14.32,13.19,10.8,9.34,9.58,9.35,10.5,11.53,10.89,11.45
QV2M,1988,-1.5,35.0,11.86,10.68,12.51,13.84,12.77,11.06,9.43,9.35,8.96,9.52,10.92,10.68,10.96
QV2M,1988,-1.5,35.625,10.73,9.76,11.54,13.14,12.11,11.01,9.52,9.55,9.23,9.4,10.77,10.67,10.62
QV2M,1988,-1.5,36.25,10.61,9.29,11.53,13.64,12.75,11.27,9.48,9.71,9.43,9.68,11.42,11.35,10.85
QV2M,1988,-1.5,36.875,10.99,9.75,11.52,13.08,11.8,10.7,9.03,9.39,9.3,9.77,11.65,11.75,10.73
QV2M,1988,-1.5,37.5,11.8,10.72,12.3,13.83,12.25,11.32,9.76,10.02,9.91,10.51,12.55,12.67,11.47
QV2M,1988,-1.5,38.125,12.56,11.59,13.41,14.74,12.7,12.04,10.52,10.76,10.61,11.44,13.64,13.71,12.31
QV2M,1988,-1.5,38.75,13.34,12.25,14.61,16.24,13.71,12.89,11.3,11.67,11.62,12.67,14.76,14.56,13.3
QV2M,1988,-1.5,39.375,13.91,12.86,15.35,17.47,15.22,14.03,12.41,12.72,12.64,13.7,15.3,14.97,14.22
QV2M,1988,-1.5,40.0,14.3,13.46,15.81,18.16,16.27,14.94,13.17,13.41,13.27,14.16,15.53,15.16,14.8
QV2M,1988,-1.5,40.625,14.83,14.05,16.09,18.25,16.71,15.34,13.67,13.8,13.57,14.24,15.33,15.26,15.09
QV2M,1988,-1.5,41.25,15.68,14.89,16.57,18.49,17.18,15.71,14.07,14.17,13.9,14.79,15.57,15.69,15.56
QV2M,1988,-1.5,41.875,18.15,17.51,18.62,19.45,18.14,16.82,15.75,15.84,15.71,16.85,17.09,17.57,17.29
QV2M,1988,-1.7975103014118005e-13,34.375,12.87,12.0,13.65,14.79,14.6,13.24,12.55,13.08,13.11,13.32,13.53,12.44,13.27
QV2M,1988,-1.7975103014118005e-13,35.0,11.15,10.37,12.0,13.74,13.63,12.47,11.88,12.37,12.3,12.32,12.72,11.64,12.22
QV2M,1988,-1.7975103014118005e-13,35.625,10.03,9.13,10.34,12.17,12.06,11.0,10.78,11.05,10.89,10.96,11.41,10.75,10.89
QV2M,1988,-1.7975103014118005e-13,36.25,9.49,8.54,9.79,12.16,12.2,11.02,10.68,10.82,10.57,10.46,11.16,10.42,10.61
QV2M,1988,-1.7975103014118005e-13,36.875,10.32,9.43,10.29,12.32,11.98,10.88,10.27,10.42,10.19,10.3,11.34,10.85,10.72
QV2M,1988,-1.7975103014118005e-13,37.5,10.91,10.11,11.02,12.82,11.91,10.85,9.86,10.03,9.92,10.44,12.01,11.64,10.96
QV2M,1988,-1.7975103014118005e-13,38.125,11.8,10.83,12.72,14.84,12.72,11.64,10.11,10.45,10.34,11.2,14.19,13.84,12.06
QV2M,1988,-1.7975103014118005e-13,38.75,12.3,11.45,13.52,15.8,13.63,12.6,10.98,11.33,11.25,12.12,14.63,14.2,12.82
QV2M,1988,-1.7975103014118005e-13,39.375,12.72,11.95,13.97,16.45,14.69,13.51,11.9,12.22,12.1,12.78,14.47,14.09,13.4
QV2M,1988,-1.7975103014118005e-13,40.0,13.19,12.51,14.31,16.74,15.28,14.01,12.46,12.7,12.51,13.13,14.5,14.12,13.79
QV2M,1988,-1.7975103014118005e-13,40.625,13.69,13.02,14.74,17.18,15.82,14.41,12.76,12.93,12.74,13.33,14.66,14.18,14.12
QV2M,1988,-1.7975103014118005e-13,41.25,14.24,13.56,15.28,17.62,16.2,14.69,13.05,13.28,13.12,13.8,14.91,14.52,14.52
QV2M,1988,-1.7975103014118005e-13,41.875,14.82,14.12,15.75,17.92,16.71,15.15,13.71,13.77,13.58,14.25,15.12,14.87,14.98
QV2M,1988,-2.0,34.375,12.79,11.03,13.27,14.23,12.54,10.17,8.55,8.9,8.48,9.72,11.19,10.77,10.97
QV2M,1988,-2.0,35.0,11.69,10.51,12.39,13.84,12.29,10.52,8.69,8.81,8.48,9.29,10.94,10.77,10.68
QV2M,1988,-2.0,35.625,10.97,10.12,11.77,13.39,11.94,10.71,9.21,9.19,8.9,9.41,10.93,10.89,10.62
QV2M,1988,-2.0,36.25,11.06,9.75,12.03,13.85,12.24,10.88,9.12,9.36,9.26,9.77,11.48,11.55,10.86
QV2M,1988,-2.0,36.875,11.15,9.96,11.8,13.19,11.66,10.48,8.79,9.3,9.24,9.74,11.51,11.61,10.7
QV2M,1988,-2.0,37.5,12.12,10.98,12.68,13.97,12.1,11.2,9.53,9.91,9.83,10.44,12.4,12.64,11.48
QV2M,1988,-2.0,38.125,12.84,11.89,13.65,14.91,12.65,12.05,10.44,10.75,10.68,11.43,13.45,13.67,12.37
QV2M,1988,-2.0,38.75,13.88,12.71,14.91,16.51,13.87,13.09,11.48,11.81,11.8,12.75,14.71,14.66,13.51
QV2M,1988,-2.0,39.375,14.51,13.45,15.74,17.66,15.39,14.34,12.67,12.93,12.87,13.87,15.36,15.21,14.5
QV2M,1988,-2.0,40.0,14.87,14.09,16.32,18.42,16.45,15.2,13.4,13.66,13.52,14.53,15.68,15.46,15.13
QV2M,1988,-2.0,40.625,15.67,14.94,16.81,18.59,17.09,15.78,14.14,14.34,14.1,14.97,15.77,15.76,15.66
QV2M,1988,-2.0,41.25,17.51,16.78,18.06,18.97,17.61,16.29,15.11,15.28,15.09,16.23,16.58,16.9,16.7
QV2M,1988,-2.0,41.875,18.9,18.23,19.13,19.71,18.39,17.14,16.19,16.27,16.18,17.35,17.58,18.14,17.77
QV2M,1988,-2.5,34.375,12.46,10.83,13.01,13.94,12.18,10.02,8.16,8.58,7.85,9.21,11.23,11.02,10.71
QV2M,1988,-2.5,35.0,11.45,10.41,12.31,13.58,11.86,10.19,8.45,8.55,8.05,8.93,10.99,11.01,10.48
QV2M,1988,-2.5,35.625,11.47,10.63,12.4,14.0,11.99,10.63,8.78,8.82,8.53,9.17,11.3,11.32,10.75
QV2M,1988,-2.5,36.25,11.26,10.05,12.4,13.94,11.95,10.77,9.19,9.21,8.97,9.42,11.37,11.66,10.85
QV2M,1988,-2.5,36.875,11.81,10.5,12.67,13.86,12.17,10.65,8.73,8.99,8.9,9.54,11.64,12.01,10.95
QV2M,1988,-2.5,37.5,12.45,11.14,13.1,14.07,12.14,11.05,9.27,9.62,9.51,10.13,12.12,12.67,11.44
QV2M,1988,-2.5,38.125,13.27,12.01,13.78,14.98,12.65,12.02,10.39,10.69,10.68,11.25,13.21,13.64,12.38
QV2M,1988,-2.5,38.75,14.51,13.1,15.06,16.53,13.85,13.19,11.57,11.86,11.91,12.69,14.46,14.72,13.62
QV2M,1988,-2.5,39.375,15.31,14.06,16.0,17.63,15.4,14.55,12.84,13.08,13.05,13.87,15.24,15.38,14.7
QV2M,1988,-2.5,40.0,15.87,15.07,16.88,18.45,16.42,15.36,13.65,13.98,13.87,14.89,15.74,15.82,15.5
QV2M,1988,-2.5,40.625,17.46,16.79,18.18,19.17,17.65,16.45,15.11,15.34,15.17,16.22,16.66,16.88,16.76
QV2M,1988,-2.5,41.25,19.06,18.38,19.39,19.74,18.37,17.09,16.16,16.23,16.15,17.28,17.59,18.15,17.8
QV2M,1988,-2.5,41.875,19.06,18.26,19.15,19.7,18.37,17.11,16.17,16.27,16.14,17.33,17.54,18.17,17.77
QV2M,1988,-3.0,34.375,12.43,11.07,12.99,13.93,12.03,10.04,8.29,8.53,7.99,8.94,11.12,11.14,10.71
QV2M,1988,-3.0,35.0,11.56,10.57,12.43,13.69,11.91,10.25,8.69,8.65,8.2,8.79,10.87,11.01,10.55
QV2M,1988,-3.0,35.625,10.88,10.09,11.94,12.98,11.36,10.24,8.9,8.97,8.42,8.88,10.57,10.91,10.34
QV2M,1988,-3.0,36.25,11.16,9.96,12.58,14.34,12.19,11.0,9.31,9.27,9.02,9.28,11.23,11.49,10.9
QV2M,1988,-3.0,36.875,11.94,10.76,13.02,14.06,12.33,11.22,9.72,9.51,9.11,9.33,11.16,11.83,11.17
QV2M,1988,-3.0,37.5,11.49,10.57,12.17,13.07,11.59,10.72,9.33,9.48,9.21,9.54,11.06,11.58,10.82
QV2M,1988,-3.0,38.125,13.38,12.11,13.71,14.75,12.57,12.02,10.51,10.75,10.75,11.16,12.86,13.41,12.33
QV2M,1988,-3.0,38.75,14.9,13.31,15.12,16.48,13.83,13.31,11.7,11.94,12.04,12.62,14.22,14.7,13.68
QV2M,1988,-3.0,39.375,15.81,14.44,16.24,17.67,15.43,14.72,12.92,13.18,13.19,13.93,15.16,15.46,14.84
QV2M,1988,-3.0,40.0,16.87,16.02,17.49,18.62,16.59,15.64,14.08,14.38,14.33,15.33,15.98,16.35,15.97
QV2M,1988,-3.0,40.625,18.98,18.35,19.33,19.75,18.18,17.01,15.95,16.1,16.02,17.1,17.46,17.99,17.68
QV2M,1988,-3.0,41.25,19.24,18.45,19.34,19.71,18.34,17.06,16.11,16.21,16.08,17.21,17.5,18.2,17.79
QV2M,1988,-3.0,41.875,19.27,18.37,19.19,19.69,18.33,17.07,16.11,16.24,16.09,17.3,17.55,18.24,17.79
QV2M,1988,-3.5,34.375,12.95,11.78,13.59,14.21,11.88,9.92,8.33,8.67,8.26,9.02,10.97,11.03,10.88
QV2M,1988,-3.5,35.0,12.28,11.37,13.13,14.17,11.98,10.57,9.16,9.3,8.97,9.61,11.18,11.43,11.09
QV2M,1988,-3.5,35.625,11.6,10.71,12.7,13.75,11.73,10.59,9.23,9.24,8.81,9.41,10.87,11.26,10.82
QV2M,1988,-3.5,36.25,11.23,10.26,12.89,14.13,11.98,10.93,9.37,9.44,9.21,9.82,11.29,11.61,11.01
QV2M,1988,-3.5,36.875,11.6,10.58,13.37,14.55,12.57,11.64,10.16,9.98,9.8,10.35,11.8,12.03,11.54
QV2M,1988,-3.5,37.5,12.0,11.1,13.48,14.94,12.91,12.16,10.63,10.52,10.41,10.81,12.3,12.48,11.98
QV2M,1988,-3.5,38.125,13.19,11.99,13.8,14.8,12.65,12.19,10.76,10.93,11.0,11.38,12.76,13.18,12.38
QV2M,1988,-3.5,38.75,14.72,13.44,15.14,16.22,13.94,13.45,11.97,12.12,12.2,12.74,13.98,14.37,13.69
QV2M,1988,-3.5,39.375,16.02,14.78,16.46,17.67,15.51,14.87,13.09,13.28,13.29,14.06,15.21,15.49,14.98
QV2M,1988,-3.5,40.0,17.96,17.17,18.43,19.18,17.27,16.29,14.92,15.14,15.15,16.19,16.71,17.16,16.8
QV2M,1988,-3.5,40.625,19.23,18.57,19.43,19.75,18.2,17.0,15.98,16.11,16.04,17.09,17.47,18.14,17.75
QV2M,1988,-3.5,41.25,19.37,18.6,19.39,19.73,18.3,17.01,16.05,16.16,16.03,17.19,17.52,18.27,17.8
QV2M,1988,-3.5,41.875,19.36,18.52,19.24,19.72,18.28,17.0,16.04,16.18,16.02,17.26,17.54,18.31,17.79
QV2M,1988,-4.0,34.375,13.3,11.9,13.92,13.88,11.33,9.56,8.2,8.55,8.23,8.97,10.64,11.24,10.81
QV2M,1988,-4.0,35.0,12.44,11.38,13.2,13.63,11.28,9.97,8.59,8.86,8.52,9.2,10.59,11.3,10.74
QV2M,1988,-4.0,35.625,12.03,11.21,13.08,13.55,11.44,10.43,9.14,9.28,8.85,9.42,10.73,11.44,10.88
QV2M,1988,-4.0,36.25,11.85,11.0,13.39,13.94,11.72,10.82,9.37,9.49,9.25,9.77,11.17,11.84,11.13
QV2M,1988,-4.0,36.875,12.26,11.45,13.78,14.32,12.18,11.36,10.04,10.01,9.83,10.35,11.79,12.32,11.64
QV2M,1988,-4.0,37.5,12.81,11.95,14.17,14.9,12.63,12.05,10.55,10.59,10.52,11.02,12.48,12.91,12.21
QV2M,1988,-4.0,38.125,13.58,12.51,14.53,15.38,13.03,12.62,11.07,11.23,11.36,11.87,13.25,13.55,12.83
QV2M,1988,-4.0,38.75,14.95,13.84,15.68,16.76,14.43,13.98,12.37,12.5,12.63,13.2,14.35,14.61,14.11
QV2M,1988,-4.0,39.375,16.32,15.37,17.0,18.05,15.88,15.24,13.48,13.63,13.6,14.43,15.45,15.73,15.35
QV2M,1988,-4.0,40.0,18.85,18.28,19.26,19.52,17.83,16.77,15.62,15.75,15.76,16.77,17.27,17.91,17.46
QV2M,1988,-4.0,40.625,19.33,18.67,19.5,19.72,18.17,16.94,15.94,16.07,16.0,17.03,17.46,18.21,17.75
QV2M,1988,-4.0,41.25,19.4,18.7,19.47,19.76,18.24,16.93,15.98,16.1,15.97,17.14,17.51,18.32,17.79
QV2M,1988,-4.0,41.875,19.34,18.61,19.29,19.74,18.22,16.92,15.96,16.11,15.94,17.22,17.51,18.34,17.76
QV2M,1988,-4.5,34.375,12.92,11.2,13.57,13.08,10.43,9.31,8.03,8.34,8.03,8.64,10.06,10.94,10.38
QV2M,1988,-4.5,35.0,12.32,11.19,12.95,13.13,10.75,9.6,8.3,8.6,8.28,8.98,10.27,11.09,10.45
QV2M,1988,-4.5,35.625,12.25,11.3,13.1,13.42,11.11,10.13,8.87,9.08,8.77,9.49,10.65,11.49,10.8
QV2M,1988,-4.5,36.25,12.36,11.39,13.69,13.98,11.52,10.72,9.3,9.56,9.4,10.0,11.2,11.99,11.26
QV2M,1988,-4.5,36.875,12.52,11.73,13.95,14.3,11.99,11.29,10.0,10.12,10.02,10.52,11.75,12.38,11.71
QV2M,1988,-4.5,37.5,13.17,12.28,14.44,15.05,12.76,12.19,10.8,10.86,10.86,11.24,12.5,13.02,12.43
QV2M,1988,-4.5,38.125,13.88,12.86,14.66,15.4,13.26,12.81,11.38,11.41,11.49,11.92,13.2,13.66,12.99
QV2M,1988,-4.5,38.75,15.49,14.5,16.14,17.05,14.79,14.3,12.7,12.77,12.89,13.59,14.67,15.08,14.49
QV2M,1988,-4.5,39.375,17.48,16.66,17.97,18.7,16.64,15.88,14.42,14.52,14.48,15.41,16.13,16.69,16.25
QV2M,1988,-4.5,40.0,19.16,18.65,19.45,19.52,17.9,16.84,15.74,15.83,15.84,16.87,17.46,18.19,17.62
QV2M,1988,-4.5,40.625,19.33,18.74,19.49,19.68,18.13,16.9,15.9,16.01,15.94,17.01,17.53,18.24,17.74
QV2M,1988,-4.5,41.25,19.34,18.7,19.47,19.71,18.19,16.88,15.9,16.04,15.91,17.1,17.6,18.29,17.76
QV2M,1988,-4.5,41.875,19.29,18.56,19.28,19.72,18.17,16.85,15.89,16.06,15.86,17.17,17.55,18.32,17.72
QV2M,1988,0.5,34.375,11.98,10.96,12.88,14.63,14.82,13.8,13.32,13.92,13.88,13.59,13.7,12.45,13.33
QV2M,1988,0.5,35.0,10.49,9.58,11.03,13.21,13.22,12.3,12.23,12.66,12.46,12.3,12.53,11.52,11.97
QV2M,1988,0.5,35.625,9.72,8.9,10.27,12.95,13.17,12.05,12.26,12.32,12.3,12.2,12.45,11.46,11.68
QV2M,1988,0.5,36.25,9.64,8.81,10.02,12.49,13.04,11.71,11.66,11.63,11.37,10.74,11.51,10.81,11.12
QV2M,1988,0.5,36.875,10.24,9.32,10.37,12.36,12.06,10.79,10.55,10.59,10.24,10.11,11.73,11.27,10.81
QV2M,1988,0.5,37.5,10.78,9.96,11.09,13.28,12.14,10.86,9.95,10.04,9.91,10.41,12.58,12.15,11.1
QV2M,1988,0.5,38.125,11.27,10.6,12.21,14.75,12.86,11.72,10.16,10.43,10.39,11.18,13.71,13.29,11.88
QV2M,1988,0.5,38.75,11.89,11.28,13.08,15.62,13.69,12.63,10.95,11.26,11.22,12.01,14.11,13.71,12.62
QV2M,1988,0.5,39.375,12.43,11.78,13.58,16.3,14.72,13.41,11.74,12.04,11.95,12.59,14.32,13.87,13.23
QV2M,1988,0.5,40.0,12.85,12.24,13.89,16.57,15.24,13.82,12.25,12.45,12.28,12.88,14.3,13.76,13.54
QV2M,1988,0.5,40.625,13.36,12.71,14.24,16.75,15.49,14.05,12.45,12.67,12.5,13.12,14.39,13.7,13.78
QV2M,1988,0.5,41.25,13.9,13.22,14.74,17.16,15.79,14.3,12.8,13.1,12.94,13.57,14.66,13.95,14.18
QV2M,1988,0.5,41.875,14.28,13.69,15.14,17.51,16.36,14.77,13.35,13.52,13.35,14.0,14.85,14.26,14.59
QV2M,1988,1.0,34.375,10.65,10.13,10.93,12.85,13.05,12.43,12.21,12.62,12.38,12.15,12.05,10.99,11.87
QV2M,1988,1.0,35.0,9.63,8.82,9.88,12.31,12.6,11.85,12.02,12.21,11.9,11.77,11.93,10.94,11.33
QV2M,1988,1.0,35.625,9.15,8.42,9.74,12.76,13.3,12.4,12.66,12.61,12.44,12.14,12.29,10.79,11.57
QV2M,1988,1.0,36.25,9.6,8.78,9.95,12.45,12.73,11.37,11.83,11.72,11.24,10.5,11.57,10.93,11.06
QV2M,1988,1.0,36.875,10.24,9.5,10.46,12.56,12.0,10.68,10.51,10.45,10.13,10.29,11.97,11.45,10.86
QV2M,1988,1.0,37.5,10.84,10.07,11.27,13.76,12.5,11.2,10.04,10.12,10.06,10.63,12.86,12.35,11.31
QV2M,1988,1.0,38.125,11.14,10.6,12.11,14.79,12.85,11.82,10.23,10.48,10.45,11.25,13.47,12.97,11.84
QV2M,1988,1.0,38.75,11.72,11.18,12.89,15.57,13.69,12.61,10.91,11.23,11.19,11.99,13.98,13.46,12.53
QV2M,1988,1.0,39.375,12.16,11.59,13.32,16.29,14.76,13.29,11.57,11.88,11.8,12.47,14.27,13.67,13.09
QV2M,1988,1.0,40.0,12.5,11.94,13.5,16.44,15.15,13.6,12.01,12.21,12.06,12.72,14.18,13.47,13.31
QV2M,1988,1.0,40.625,12.89,12.31,13.82,16.44,15.22,13.75,12.17,12.44,12.26,12.95,14.29,13.34,13.49
QV2M,1988,1.0,41.25,13.25,12.72,14.21,16.86,15.62,14.03,12.53,12.9,12.74,13.33,14.54,13.47,13.85
QV2M,1988,1.0,41.875,13.55,13.15,14.49,17.03,16.04,14.42,13.04,13.27,13.08,13.71,14.51,13.66,14.16
QV2M,1988,1.5,34.375,8.96,8.26,10.16,13.25,14.1,13.46,13.42,13.79,13.57,12.98,12.47,10.55,12.09
QV2M,1988,1.5,35.0,8.93,8.26,9.73,12.75,13.37,12.5,13.0,13.02,12.7,12.25,12.1,10.62,11.61
QV2M,1988,1.5,35.625,9.22,8.62,9.87,13.0,13.46,12.02,13.06,13.0,12.47,11.52,11.87,10.66,11.57
QV2M,1988,1.5,36.25,9.66,9.02,10.09,12.73,12.7,11.41,11.98,11.54,10.98,10.42,11.62,10.87,11.09
QV2M,1988,1.5,36.875,10.43,9.73,10.73,12.96,12.06,10.96,10.49,10.3,10.03,10.36,12.18,11.55,10.98
QV2M,1988,1.5,37.5,10.94,10.17,11.47,14.08,12.68,11.49,10.39,10.39,10.29,10.92,12.91,12.26,11.5
QV2M,1988,1.5,38.125,11.18,10.66,12.28,15.22,13.03,11.99,10.45,10.65,10.6,11.55,13.71,12.96,12.02
QV2M,1988,1.5,38.75,11.52,11.04,12.91,15.99,14.02,12.69,10.94,11.27,11.22,12.18,14.45,13.65,12.66
QV2M,1988,1.5,39.375,11.8,11.31,12.96,16.28,14.77,13.25,11.5,11.75,11.66,12.39,14.14,13.32,12.93
QV2M,1988,1.5,40.0,12.08,11.61,13.17,16.54,15.2,13.49,11.81,11.99,11.86,12.66,14.36,13.4,13.18
QV2M,1988,1.5,40.625,12.29,11.83,13.32,16.23,14.99,13.49,11.92,12.23,12.05,12.76,14.19,12.92,13.18
QV2M,1988,1.5,41.25,12.49,12.17,13.5,16.3,15.28,13.81,12.3,12.66,12.46,13.05,14.11,12.9,13.42
QV2M,1988,1.5,41.875,12.75,12.55,13.85,16.64,15.73,14.09,12.73,13.0,12.8,13.38,14.21,13.12,13.74
QV2M,1988,2.0,34.375,8.88,8.34,10.21,13.23,14.09,13.32,13.84,14.06,13.64,12.78,11.71,9.99,12.02
QV2M,1988,2.0,35.0,9.01,8.55,9.89,12.81,13.17,12.03,13.02,12.89,12.31,11.73,11.58,10.3,11.45
QV2M,1988,2.0,35.625,9.36,8.87,9.98,13.12,13.1,11.72,12.63,12.19,11.55,11.16,11.61,10.57,11.33
QV2M,1988,2.0,36.25,9.82,9.27,10.31,13.2,12.77,11.32,11.61,10.77,10.4,10.4,11.75,10.93,11.05
QV2M,1988,2.0,36.875,10.44,9.81,10.93,13.35,12.21,11.18,10.38,10.19,10.03,10.66,12.31,11.51,11.08
QV2M,1988,2.0,37.5,10.93,10.27,11.74,14.65,13.06,11.79,10.43,10.38,10.38,11.26,13.18,12.32,11.7
QV2M,1988,2.0,38.125,10.94,10.5,12.28,15.73,13.69,12.33,10.62,10.81,10.76,11.83,14.01,13.01,12.21
QV2M,1988,2.0,38.75,11.09,10.71,12.54,16.19,14.3,12.88,11.06,11.31,11.23,12.2,14.22,13.08,12.57
QV2M,1988,2.0,39.375,11.18,10.87,12.46,16.43,14.94,13.2,11.44,11.63,11.52,12.34,14.06,12.78,12.74
QV2M,1988,2.0,40.0,11.36,11.08,12.59,16.58,15.32,13.37,11.69,11.84,11.7,12.56,14.25,12.75,12.92
QV2M,1988,2.0,40.625,11.56,11.27,12.83,16.37,14.95,13.2,11.68,12.04,11.86,12.59,14.1,12.32,12.9
QV2M,1988,2.0,41.25,11.74,11.58,12.97,16.21,15.05,13.48,12.02,12.39,12.15,12.78,13.85,12.32,13.04
QV2M,1988,2.0,41.875,11.89,11.88,13.17,16.36,15.42,13.66,12.41,12.66,12.44,13.07,13.7,12.5,13.26
QV2M,1988,2.5,34.375,8.99,8.52,10.0,13.1,13.37,12.18,13.4,13.22,12.42,11.94,11.33,9.92,11.54
QV2M,1988,2.5,35.0,9.25,8.84,10.02,13.24,13.18,11.96,12.69,12.32,11.71,11.54,11.61,10.34,11.4
QV2M,1988,2.5,35.625,9.59,9.19,10.23,13.66,13.19,11.79,12.09,11.58,11.07,11.12,11.69,10.63,11.32
QV2M,1988,2.5,36.25,10.89,10.51,11.46,14.23,13.37,11.98,11.62,11.12,11.01,11.53,12.55,11.66,11.83
QV2M,1988,2.5,36.875,10.67,10.21,11.4,14.13,12.84,11.68,10.62,10.52,10.41,11.23,12.72,11.73,11.51
QV2M,1988,2.5,37.5,10.53,10.12,11.61,15.11,13.41,11.88,10.4,10.44,10.41,11.46,13.22,12.04,11.72
QV2M,1988,2.5,38.125,10.43,10.2,11.75,15.75,13.99,12.42,10.65,10.82,10.79,11.81,13.49,12.17,12.02
QV2M,1988,2.5,38.75,10.44,10.29,11.87,16.32,14.58,12.85,10.97,11.2,11.13,12.09,13.66,12.17,12.3
QV2M,1988,2.5,39.375,10.38,10.36,11.78,16.49,15.07,13.09,11.28,11.45,11.41,12.27,13.46,11.83,12.4
QV2M,1988,2.5,40.0,10.54,10.54,11.88,16.42,15.21,13.18,11.48,11.69,11.57,12.41,13.37,11.65,12.49
QV2M,1988,2.5,40.625,10.69,10.74,12.12,16.04,14.75,12.96,11.44,11.82,11.72,12.41,13.21,11.37,12.44
QV2M,1988,2.5,41.25,10.76,10.95,12.18,15.78,14.72,13.23,11.83,12.14,11.91,12.58,12.83,11.34,12.52
QV2M,1988,2.5,41.875,10.92,11.17,12.33,15.88,15.03,13.41,12.16,12.4,12.19,12.89,12.86,11.56,12.73
QV2M,1988,3.0,34.375,9.1,8.7,9.81,13.28,13.57,12.33,13.11,12.84,12.08,12.01,11.58,9.99,11.54
QV2M,1988,3.0,35.0,9.48,9.14,10.19,13.97,13.92,12.37,12.58,12.29,11.48,11.76,11.92,10.57,11.64
QV2M,1988,3.0,35.625,10.02,9.73,10.69,14.67,13.9,12.29,11.98,11.62,10.91,11.54,12.23,10.99,11.72
QV2M,1988,3.0,36.25,12.11,11.8,12.71,15.59,14.21,12.81,12.12,11.81,11.71,12.71,13.64,12.65,12.82
QV2M,1988,3.0,36.875,10.26,9.97,11.23,14.91,13.26,11.8,10.64,10.45,10.32,11.42,12.78,11.52,11.55
QV2M,1988,3.0,37.5,10.0,9.9,11.26,15.6,13.75,12.09,10.44,10.5,10.46,11.61,12.89,11.44,11.66
QV2M,1988,3.0,38.125,9.77,9.87,11.25,15.78,14.15,12.52,10.7,10.75,10.76,11.75,12.71,11.15,11.76
QV2M,1988,3.0,38.75,9.63,9.89,11.23,16.22,14.7,12.85,10.84,11.02,11.06,12.05,12.64,10.99,11.92
QV2M,1988,3.0,39.375,9.51,9.81,11.02,16.25,14.99,12.95,11.06,11.28,11.31,12.27,12.33,10.71,11.96
QV2M,1988,3.0,40.0,9.65,10.01,11.19,16.15,15.02,12.98,11.19,11.47,11.49,12.37,12.31,10.64,12.04
QV2M,1988,3.0,40.625,9.84,10.15,11.35,15.66,14.48,12.78,11.19,11.57,11.54,12.24,12.12,10.47,11.95
QV2M,1988,3.0,41.25,9.99,10.3,11.47,15.56,14.45,12.93,11.54,11.85,11.69,12.37,12.08,10.62,12.07
QV2M,1988,3.0,41.875,10.08,10.45,11.57,15.45,14.56,13.05,11.81,12.0,11.82,12.68,12.14,10.75,12.2
QV2M,1988,3.5,34.375,9.32,8.91,9.9,13.61,13.96,12.54,12.83,12.75,11.79,12.36,11.87,10.27,11.68
QV2M,1988,3.5,35.0,9.69,9.49,10.49,14.65,14.51,12.74,12.73,12.46,11.6,12.29,12.25,10.76,11.98
QV2M,1988,3.5,35.625,10.58,10.48,11.4,15.3,14.37,12.58,12.17,11.77,11.14,12.1,12.79,11.41,12.17
QV2M,1988,3.5,36.25,11.92,11.8,12.78,15.87,14.5,13.05,12.23,11.88,11.87,12.88,13.6,12.4,12.9
QV2M,1988,3.5,36.875,9.56,9.54,10.78,15.51,13.87,12.06,10.87,10.37,10.26,11.57,12.37,10.82,11.46
QV2M,1988,3.5,37.5,9.18,9.37,10.61,15.44,13.83,12.12,10.66,10.48,10.45,11.62,11.93,10.22,11.32
QV2M,1988,3.5,38.125,8.86,9.39,10.71,15.69,14.5,12.73,10.84,10.87,10.9,11.93,11.63,10.04,11.51
QV2M,1988,3.5,38.75,8.61,9.18,10.36,15.72,14.75,12.87,10.84,11.02,11.16,12.2,11.47,9.84,11.5
QV2M,1988,3.5,39.375,8.74,9.22,10.35,15.58,14.73,12.89,10.92,11.17,11.32,12.41,11.53,9.93,11.56
QV2M,1988,3.5,40.0,8.92,9.35,10.49,15.82,14.84,12.74,10.9,11.23,11.34,12.28,11.5,9.85,11.6
QV2M,1988,3.5,40.625,9.17,9.5,10.73,15.54,14.36,12.47,10.83,11.27,11.38,12.1,11.51,9.74,11.55
QV2M,1988,3.5,41.25,9.52,9.83,10.96,15.35,14.16,12.6,11.24,11.54,11.42,12.2,11.51,9.98,11.69
QV2M,1988,3.5,41.875,9.6,9.93,11.03,15.35,14.25,12.71,11.48,11.67,11.51,12.58,11.55,10.08,11.81
QV2M,1988,4.0,34.375,9.65,9.1,10.19,14.6,14.83,13.34,13.43,13.37,12.58,13.35,12.54,10.48,12.3
QV2M,1988,4.0,35.0,9.94,9.81,10.83,15.41,15.23,13.25,13.15,13.02,12.14,13.12,12.61,10.84,12.45
QV2M,1988,4.0,35.625,10.67,10.72,11.64,15.61,14.87,12.81,12.4,12.03,11.53,12.68,12.88,11.33,12.43
QV2M,1988,4.0,36.25,11.79,11.83,12.76,16.23,15.1,13.41,12.55,12.22,12.19,13.34,13.3,11.96,13.06
QV2M,1988,4.0,36.875,8.87,9.03,10.26,15.56,14.41,12.29,11.12,10.67,10.36,11.85,11.47,9.69,11.3
QV2M,1988,4.0,37.5,8.29,8.7,9.83,15.4,14.42,12.35,10.87,10.58,10.49,11.81,10.78,9.04,11.05
QV2M,1988,4.0,38.125,7.99,8.62,9.59,14.79,14.19,12.59,10.8,10.82,10.96,12.01,10.61,8.88,10.99
QV2M,1988,4.0,38.75,8.05,8.6,9.6,14.56,13.96,12.51,10.76,10.84,10.95,12.06,10.58,8.97,10.95
QV2M,1988,4.0,39.375,8.25,8.84,9.88,15.09,14.33,12.66,10.75,10.88,11.18,12.48,10.97,9.37,11.22
QV2M,1988,4.0,40.0,8.45,8.8,10.02,15.45,14.56,12.58,10.65,10.93,11.25,12.36,10.83,9.14,11.25
QV2M,1988,4.0,40.625,8.75,8.96,10.27,15.31,14.15,12.17,10.52,10.94,11.16,12.0,10.95,9.19,11.2
QV2M,1988,4.0,41.25,9.05,9.25,10.51,15.32,14.02,12.3,10.84,11.18,11.16,12.12,11.05,9.38,11.35
QV2M,1988,4.0,41.875,9.17,9.36,10.58,15.47,14.14,12.48,11.16,11.37,11.3,12.58,11.18,9.47,11.52
QV2M,1988,4.5,34.375,10.04,9.32,10.59,15.64,15.47,13.42,13.71,13.99,13.11,14.16,12.97,10.36,12.74
QV2M,1988,4.5,35.0,10.14,9.97,11.13,15.87,15.68,13.57,13.47,13.62,12.91,14.01,13.01,10.71,12.85
QV2M,1988,4.5,35.625,10.33,10.46,11.33,15.83,15.34,13.0,12.61,12.58,11.94,13.26,12.6,10.84,12.51
QV2M,1988,4.5,36.25,10.18,10.27,11.25,15.95,15.18,12.93,12.15,11.75,11.45,12.97,11.94,10.12,12.18
QV2M,1988,4.5,36.875,9.06,9.34,10.4,15.51,14.87,12.77,11.68,11.41,11.3,12.77,11.3,9.35,11.65
QV2M,1988,4.5,37.5,7.71,8.21,9.35,14.73,14.48,12.45,11.17,10.8,10.89,12.32,10.17,8.13,10.87
QV2M,1988,4.5,38.125,7.66,8.15,9.08,13.79,13.67,12.24,10.79,10.67,10.79,11.91,9.97,8.2,10.58
QV2M,1988,4.5,38.75,7.83,8.3,9.26,14.25,13.97,12.44,10.73,10.71,10.9,12.19,10.22,8.45,10.77
QV2M,1988,4.5,39.375,7.99,8.3,9.35,14.77,14.14,12.32,10.55,10.6,10.93,12.21,10.1,8.54,10.82
QV2M,1988,4.5,40.0,8.17,8.32,9.44,14.65,14.07,12.19,10.46,10.67,10.93,12.04,9.95,8.55,10.79
QV2M,1988,4.5,40.625,8.45,8.52,9.85,14.85,13.92,12.04,10.3,10.68,10.97,11.97,10.08,8.66,10.86
QV2M,1988,4.5,41.25,8.8,8.74,10.01,14.93,13.87,12.1,10.53,10.86,10.99,12.13,10.41,8.96,11.03
QV2M,1988,4.5,41.875,8.9,8.84,10.09,15.53,14.24,12.31,10.86,11.12,11.21,12.66,10.83,9.08,11.31
QV2M,1989,-0.5,34.375,11.9,11.23,12.47,13.22,13.18,11.89,11.47,11.95,12.28,13.0,13.07,14.06,12.49
QV2M,1989,-0.5,35.0,10.73,9.88,10.86,12.2,12.17,11.07,11.05,11.27,11.38,11.78,11.87,12.46,11.4
QV2M,1989,-0.5,35.625,9.65,9.11,9.7,10.87,10.79,9.84,9.99,10.08,10.11,10.32,10.88,10.96,10.2
QV2M,1989,-0.5,36.25,9.66,9.23,9.78,11.11,10.91,9.77,10.0,10.01,10.13,10.39,11.1,11.02,10.26
QV2M,1989,-0.5,36.875,10.26,9.86,10.53,11.83,11.55,10.24,10.2,10.11,10.42,10.82,11.79,11.61,10.77
QV2M,1989,-0.5,37.5,11.68,11.04,11.72,13.18,12.99,11.08,10.66,10.36,10.97,11.57,13.21,13.05,11.8
QV2M,1989,-0.5,38.125,12.88,11.74,12.34,13.91,13.19,10.72,10.23,10.02,10.9,11.78,14.47,14.27,12.2
QV2M,1989,-0.5,38.75,13.61,11.95,12.85,14.75,14.18,11.48,10.93,10.7,11.68,12.72,15.47,15.03,12.95
QV2M,1989,-0.5,39.375,13.77,12.03,12.89,15.08,15.24,12.54,11.87,11.56,12.47,13.53,15.91,15.12,13.51
QV2M,1989,-0.5,40.0,14.22,12.46,13.2,15.35,15.74,13.21,12.38,12.02,12.95,13.86,16.08,15.47,13.92
QV2M,1989,-0.5,40.625,14.17,12.76,13.45,15.56,16.1,13.76,12.64,12.25,13.33,14.03,16.5,15.8,14.2
QV2M,1989,-0.5,41.25,14.47,13.37,14.01,15.9,16.38,14.03,12.84,12.51,13.77,14.41,16.72,16.11,14.55
QV2M,1989,-0.5,41.875,15.1,14.39,14.91,16.45,16.83,14.63,13.5,13.18,14.48,14.97,16.77,16.47,15.14
QV2M,1989,-1.0,34.375,11.99,11.57,12.38,12.88,12.56,10.88,10.77,11.25,11.57,12.02,12.49,14.1,12.04
QV2M,1989,-1.0,35.0,10.98,10.18,10.86,11.94,11.81,10.13,10.11,10.34,10.73,10.89,11.4,12.43,10.99
QV2M,1989,-1.0,35.625,10.53,9.55,10.05,11.44,11.49,9.89,9.69,9.74,10.17,10.24,10.9,11.53,10.44
QV2M,1989,-1.0,36.25,10.37,9.64,10.09,11.59,11.53,10.16,9.8,9.72,10.13,10.38,11.29,11.53,10.52
QV2M,1989,-1.0,36.875,11.27,10.51,11.08,12.35,12.06,10.23,9.73,9.54,10.08,10.6,12.21,12.48,11.01
QV2M,1989,-1.0,37.5,12.43,11.65,12.24,13.52,13.17,11.12,10.45,10.18,10.97,11.57,13.44,13.58,12.03
QV2M,1989,-1.0,38.125,12.59,11.23,12.3,13.89,13.28,10.79,10.23,10.08,10.99,11.89,14.2,13.88,12.12
QV2M,1989,-1.0,38.75,13.98,11.87,13.28,15.18,14.45,11.57,11.03,10.82,11.83,13.0,15.65,15.17,13.16
QV2M,1989,-1.0,39.375,14.16,12.12,13.32,15.65,15.58,12.67,12.0,11.71,12.68,13.89,16.21,15.24,13.78
QV2M,1989,-1.0,40.0,14.8,12.73,13.6,15.93,16.12,13.44,12.58,12.22,13.21,14.23,16.44,15.9,14.27
QV2M,1989,-1.0,40.625,14.71,13.22,13.84,15.97,16.41,14.04,12.9,12.49,13.61,14.29,16.64,16.14,14.53
QV2M,1989,-1.0,41.25,15.02,13.97,14.5,16.17,16.63,14.32,13.16,12.78,14.07,14.66,16.77,16.49,14.88
QV2M,1989,-1.0,41.875,16.29,15.71,16.2,17.23,17.33,15.28,14.29,14.01,15.29,15.8,17.22,17.27,15.99
QV2M,1989,-1.5,34.375,12.19,11.66,11.56,12.46,11.99,9.63,9.45,10.19,10.93,11.15,11.44,13.61,11.36
QV2M,1989,-1.5,35.0,11.78,10.95,11.08,12.06,11.84,9.73,9.24,9.47,10.32,10.36,11.1,12.52,10.87
QV2M,1989,-1.5,35.625,11.02,10.21,10.49,11.67,11.68,9.73,9.19,9.18,9.86,10.07,10.98,11.74,10.49
QV2M,1989,-1.5,36.25,11.28,10.31,10.75,12.17,12.35,10.19,9.47,9.45,10.1,10.38,11.66,12.18,10.86
QV2M,1989,-1.5,36.875,11.47,10.57,11.04,12.18,11.99,9.9,9.08,9.08,9.89,10.38,12.01,12.47,10.84
QV2M,1989,-1.5,37.5,12.31,11.28,11.89,13.17,12.83,10.49,9.77,9.6,10.49,11.14,13.04,13.39,11.62
QV2M,1989,-1.5,38.125,13.17,11.9,12.84,14.21,13.67,11.11,10.46,10.31,11.22,12.06,14.25,14.41,12.47
QV2M,1989,-1.5,38.75,14.11,12.07,13.64,15.3,14.69,11.69,11.12,10.95,11.96,13.14,15.47,15.35,13.3
QV2M,1989,-1.5,39.375,14.7,12.51,14.04,16.05,15.79,12.88,12.17,11.87,12.85,14.09,16.25,15.91,14.1
QV2M,1989,-1.5,40.0,14.93,13.06,14.02,16.59,16.54,13.87,12.87,12.47,13.52,14.56,16.76,16.4,14.64
QV2M,1989,-1.5,40.625,15.02,13.71,14.24,16.5,16.75,14.38,13.23,12.79,13.95,14.6,16.74,16.5,14.87
QV2M,1989,-1.5,41.25,15.51,14.65,14.99,16.61,17.02,14.64,13.49,13.11,14.41,15.0,16.87,17.05,15.28
QV2M,1989,-1.5,41.875,17.29,16.92,17.37,18.01,17.94,15.98,15.14,14.85,16.08,16.61,17.68,18.01,16.82
QV2M,1989,-1.7975103014118005e-13,34.375,11.74,11.08,12.66,13.44,13.8,12.64,12.37,12.95,13.02,13.62,13.55,13.76,12.9
QV2M,1989,-1.7975103014118005e-13,35.0,10.88,10.13,11.05,12.57,12.74,11.95,12.03,12.25,12.16,12.6,12.65,12.58,11.98
QV2M,1989,-1.7975103014118005e-13,35.625,9.94,9.44,9.95,11.26,11.22,10.55,10.83,10.81,10.76,11.0,11.45,11.32,10.72
QV2M,1989,-1.7975103014118005e-13,36.25,9.49,8.99,9.29,11.08,11.1,9.84,10.84,10.73,10.44,10.65,11.19,10.99,10.39
QV2M,1989,-1.7975103014118005e-13,36.875,9.98,9.7,10.01,11.6,11.56,10.1,10.59,10.35,10.28,10.65,11.54,11.48,10.66
QV2M,1989,-1.7975103014118005e-13,37.5,10.68,10.37,10.83,12.2,11.95,10.22,10.14,9.86,10.26,10.85,12.27,12.08,10.98
QV2M,1989,-1.7975103014118005e-13,38.125,12.68,11.85,12.3,13.96,13.25,10.71,10.23,9.98,10.8,11.76,14.61,14.51,12.22
QV2M,1989,-1.7975103014118005e-13,38.75,13.03,12.06,12.64,14.5,14.18,11.56,10.92,10.65,11.58,12.6,15.29,14.92,12.83
QV2M,1989,-1.7975103014118005e-13,39.375,13.09,12.02,12.56,14.65,15.02,12.47,11.76,11.43,12.26,13.24,15.52,14.83,13.24
QV2M,1989,-1.7975103014118005e-13,40.0,13.39,12.31,12.89,14.87,15.45,13.04,12.25,11.86,12.7,13.57,15.7,15.07,13.6
QV2M,1989,-1.7975103014118005e-13,40.625,13.45,12.41,13.15,15.24,15.98,13.52,12.44,12.05,13.05,13.87,16.12,15.33,13.89
QV2M,1989,-1.7975103014118005e-13,41.25,13.73,12.89,13.66,15.66,16.33,13.75,12.61,12.32,13.52,14.28,16.43,15.61,14.24
QV2M,1989,-1.7975103014118005e-13,41.875,14.11,13.53,14.22,16.15,16.86,14.33,13.14,12.78,14.02,14.69,16.45,15.91,14.69
QV2M,1989,-2.0,34.375,12.53,11.93,11.44,12.38,11.61,9.12,8.49,9.19,10.42,10.26,11.22,13.43,11.0
QV2M,1989,-2.0,35.0,12.15,11.23,11.26,12.18,11.84,9.53,8.56,8.75,9.9,9.95,11.07,12.58,10.75
QV2M,1989,-2.0,35.625,11.46,10.68,11.01,11.97,11.82,9.72,8.99,8.78,9.71,10.02,11.18,12.05,10.61
QV2M,1989,-2.0,36.25,11.97,10.78,11.22,12.39,12.26,9.82,9.06,9.08,9.95,10.38,11.85,12.55,10.94
QV2M,1989,-2.0,36.875,11.56,10.51,11.09,12.21,11.96,9.67,8.75,8.98,9.8,10.37,11.95,12.44,10.77
QV2M,1989,-2.0,37.5,12.49,11.33,12.01,13.11,12.7,10.26,9.47,9.47,10.41,11.09,12.97,13.47,11.57
QV2M,1989,-2.0,38.125,13.4,11.93,12.88,14.19,13.61,10.99,10.29,10.2,11.15,12.04,14.14,14.55,12.45
QV2M,1989,-2.0,38.75,14.5,12.44,13.96,15.45,14.84,11.82,11.22,11.08,12.08,13.26,15.43,15.58,13.48
QV2M,1989,-2.0,39.375,15.13,13.08,14.62,16.36,15.95,13.15,12.4,12.09,13.08,14.24,16.29,16.31,14.4
QV2M,1989,-2.0,40.0,15.26,13.65,14.83,17.05,16.81,14.21,13.17,12.72,13.79,14.82,16.9,16.85,15.01
QV2M,1989,-2.0,40.625,15.56,14.58,15.16,17.24,17.28,14.91,13.73,13.3,14.5,15.16,17.01,17.12,15.46
QV2M,1989,-2.0,41.25,16.75,16.31,16.71,17.58,17.59,15.43,14.53,14.24,15.53,16.07,17.27,17.61,16.3
QV2M,1989,-2.0,41.875,17.8,17.47,17.95,18.41,18.22,16.39,15.64,15.31,16.47,17.03,17.95,18.39,17.25
QV2M,1989,-2.5,34.375,12.75,12.19,11.62,12.41,11.52,9.12,8.11,8.54,9.71,9.4,11.08,13.1,10.79
QV2M,1989,-2.5,35.0,12.35,11.62,11.49,12.27,11.6,9.36,8.23,8.37,9.4,9.34,11.01,12.56,10.63
QV2M,1989,-2.5,35.625,12.63,11.77,11.73,12.61,12.02,9.68,8.57,8.52,9.4,9.69,11.44,12.76,10.9
QV2M,1989,-2.5,36.25,12.44,11.15,11.4,12.56,12.26,9.78,9.1,8.92,9.55,10.03,11.75,12.77,10.98
QV2M,1989,-2.5,36.875,12.39,11.09,11.48,12.6,12.41,9.66,8.7,8.69,9.5,10.21,12.06,13.02,10.98
QV2M,1989,-2.5,37.5,12.94,11.61,11.89,12.93,12.59,9.99,9.08,9.17,10.08,10.75,12.67,13.68,11.45
QV2M,1989,-2.5,38.125,13.7,12.09,12.82,13.98,13.47,10.87,10.14,10.12,11.02,11.9,13.9,14.6,12.39
QV2M,1989,-2.5,38.75,14.89,12.78,13.95,15.31,14.79,11.82,11.23,11.13,12.11,13.16,15.21,15.72,13.51
QV2M,1989,-2.5,39.375,15.48,13.66,14.82,16.29,15.93,13.26,12.51,12.21,13.21,14.2,16.11,16.43,14.51
QV2M,1989,-2.5,40.0,15.66,14.6,15.5,17.07,16.84,14.33,13.34,12.94,14.1,14.99,16.82,17.05,15.27
QV2M,1989,-2.5,40.625,16.81,16.25,16.76,17.88,17.78,15.63,14.68,14.25,15.46,16.09,17.45,17.76,16.4
QV2M,1989,-2.5,41.25,17.91,17.5,18.01,18.47,18.21,16.33,15.58,15.21,16.43,16.94,17.94,18.39,17.24
QV2M,1989,-2.5,41.875,17.81,17.47,17.87,18.34,18.19,16.36,15.59,15.27,16.41,16.96,17.92,18.43,17.22
QV2M,1989,-3.0,34.375,13.09,12.55,12.1,12.64,11.75,9.37,8.31,8.35,9.26,8.95,10.74,13.0,10.83
QV2M,1989,-3.0,35.0,12.68,11.96,11.94,12.6,11.87,9.57,8.61,8.38,9.1,9.1,10.59,12.53,10.74
QV2M,1989,-3.0,35.625,11.83,11.08,11.4,12.07,11.55,9.48,8.74,8.59,9.05,9.28,10.57,11.97,10.46
QV2M,1989,-3.0,36.25,13.02,11.79,11.95,12.94,12.55,10.11,9.11,8.89,9.51,9.78,11.18,13.11,11.16
QV2M,1989,-3.0,36.875,12.63,11.23,11.41,12.62,12.69,10.35,9.54,9.19,9.51,9.8,11.34,13.05,11.11
QV2M,1989,-3.0,37.5,11.82,10.74,10.97,11.99,11.91,9.78,9.11,8.99,9.64,10.06,11.43,12.41,10.74
QV2M,1989,-3.0,38.125,13.63,11.9,12.57,13.67,13.29,10.87,10.19,10.15,11.01,11.77,13.57,14.4,12.25
QV2M,1989,-3.0,38.75,15.12,12.84,13.82,15.16,14.76,11.89,11.31,11.23,12.15,13.08,15.06,15.77,13.52
QV2M,1989,-3.0,39.375,15.64,13.9,14.91,16.19,16.01,13.36,12.58,12.27,13.3,14.2,16.03,16.49,14.58
QV2M,1989,-3.0,40.0,16.33,15.51,16.13,17.02,16.97,14.53,13.67,13.3,14.51,15.29,16.74,17.21,15.6
QV2M,1989,-3.0,40.625,18.0,17.47,17.91,18.4,18.14,16.2,15.47,15.03,16.21,16.8,17.84,18.36,17.15
QV2M,1989,-3.0,41.25,17.98,17.5,17.87,18.37,18.17,16.28,15.53,15.14,16.35,16.84,17.82,18.48,17.19
QV2M,1989,-3.0,41.875,17.88,17.47,17.83,18.33,18.17,16.3,15.55,15.21,16.36,16.9,17.87,18.49,17.19
QV2M,1989,-3.5,34.375,13.8,13.35,12.95,13.23,12.13,9.56,8.4,8.39,9.07,9.23,10.91,13.5,11.2
QV2M,1989,-3.5,35.0,13.31,12.66,12.86,13.34,12.41,10.0,9.15,8.96,9.58,9.89,11.31,13.09,11.37
QV2M,1989,-3.5,35.625,12.92,11.93,12.32,13.0,12.3,9.93,9.19,8.97,9.42,9.73,11.2,12.72,11.13
QV2M,1989,-3.5,36.25,13.31,11.97,12.08,13.15,12.71,10.2,9.33,9.01,9.69,10.15,11.67,13.08,11.36
QV2M,1989,-3.5,36.875,13.34,11.86,12.12,13.53,13.35,10.8,9.96,9.61,10.2,10.73,12.18,13.34,11.75
QV2M,1989,-3.5,37.5,13.27,11.21,12.08,13.81,13.75,11.17,10.37,10.08,10.68,11.33,12.83,13.51,12.01
QV2M,1989,-3.5,38.125,13.53,11.54,12.56,13.79,13.45,11.03,10.41,10.35,11.14,11.91,13.41,14.13,12.28
QV2M,1989,-3.5,38.75,14.84,12.89,13.87,15.05,14.74,12.09,11.53,11.42,12.3,13.09,14.62,15.33,13.49
QV2M,1989,-3.5,39.375,15.68,14.12,15.17,16.29,16.16,13.53,12.74,12.39,13.42,14.24,15.91,16.38,14.67
QV2M,1989,-3.5,40.0,17.32,16.55,17.14,17.7,17.56,15.25,14.47,14.07,15.29,16.01,17.26,17.76,16.36
QV2M,1989,-3.5,40.625,18.19,17.56,17.96,18.34,18.15,16.23,15.51,15.03,16.2,16.77,17.81,18.48,17.18
QV2M,1989,-3.5,41.25,18.07,17.5,17.87,18.36,18.14,16.24,15.48,15.09,16.28,16.79,17.8,18.55,17.18
QV2M,1989,-3.5,41.875,17.96,17.45,17.77,18.32,18.14,16.24,15.51,15.15,16.31,16.84,17.82,18.53,17.17
QV2M,1989,-4.0,34.375,14.03,13.44,13.11,13.32,12.26,9.55,8.39,8.26,8.83,9.16,10.89,13.84,11.25
QV2M,1989,-4.0,35.0,13.26,12.49,12.75,13.13,12.21,9.77,8.84,8.63,9.16,9.47,10.97,13.08,11.14
QV2M,1989,-4.0,35.625,13.07,12.16,12.57,13.06,12.33,10.0,9.22,9.07,9.68,9.88,11.21,12.85,11.25
QV2M,1989,-4.0,36.25,13.46,12.17,12.41,13.37,12.73,10.21,9.44,9.16,9.72,10.12,11.62,13.14,11.46
QV2M,1989,-4.0,36.875,13.5,11.88,12.52,13.63,13.13,10.63,9.87,9.62,10.23,10.7,12.22,13.43,11.78
QV2M,1989,-4.0,37.5,13.91,11.8,12.82,14.13,13.66,11.1,10.36,10.08,10.77,11.41,13.04,13.95,12.26
QV2M,1989,-4.0,38.125,14.11,11.82,13.26,14.59,13.96,11.37,10.7,10.62,11.4,12.28,13.94,14.44,12.71
QV2M,1989,-4.0,38.75,15.06,13.08,14.41,15.72,15.27,12.51,11.9,11.78,12.68,13.48,14.98,15.42,13.86
QV2M,1989,-4.0,39.375,15.96,14.67,15.6,16.8,16.68,13.9,13.11,12.67,13.75,14.49,16.06,16.48,15.02
QV2M,1989,-4.0,40.0,18.14,17.46,17.87,18.21,17.93,15.89,15.19,14.7,15.85,16.51,17.58,18.33,16.97
QV2M,1989,-4.0,40.625,18.29,17.66,18.0,18.33,18.11,16.18,15.47,14.99,16.14,16.7,17.75,18.56,17.18
QV2M,1989,-4.0,41.25,18.17,17.57,17.91,18.35,18.11,16.2,15.43,15.04,16.23,16.75,17.8,18.58,17.18
QV2M,1989,-4.0,41.875,18.06,17.46,17.77,18.31,18.1,16.17,15.45,15.08,16.26,16.77,17.83,18.53,17.15
QV2M,1989,-4.5,34.375,13.56,12.49,12.53,12.96,11.98,9.23,8.3,8.06,8.58,8.89,10.5,13.5,10.87
QV2M,1989,-4.5,35.0,12.89,11.96,12.34,12.85,12.06,9.59,8.66,8.47,9.01,9.33,10.75,12.94,10.9
QV2M,1989,-4.5,35.625,12.97,12.2,12.68,13.14,12.33,10.01,9.16,8.99,9.64,9.94,11.23,12.91,11.26
QV2M,1989,-4.5,36.25,13.68,12.4,12.86,13.7,12.81,10.25,9.46,9.3,9.89,10.35,11.72,13.41,11.65
QV2M,1989,-4.5,36.875,13.6,11.89,12.8,13.78,13.05,10.6,9.84,9.68,10.41,10.92,12.2,13.53,11.86
QV2M,1989,-4.5,37.5,14.15,12.28,13.3,14.38,13.78,11.28,10.56,10.35,11.07,11.7,13.0,14.13,12.5
QV2M,1989,-4.5,38.125,14.45,12.52,13.53,14.63,14.04,11.63,11.0,10.79,11.53,12.32,13.78,14.58,12.9
QV2M,1989,-4.5,38.75,15.75,13.9,15.07,16.16,15.62,12.9,12.25,12.01,12.98,13.77,15.28,15.82,14.3
QV2M,1989,-4.5,39.375,17.2,16.02,16.71,17.63,17.35,14.69,14.0,13.53,14.63,15.3,16.6,17.34,15.92
QV2M,1989,-4.5,40.0,18.45,17.85,18.01,18.35,17.99,15.99,15.32,14.8,15.92,16.57,17.63,18.58,17.12
QV2M,1989,-4.5,40.625,18.36,17.78,17.95,18.4,18.08,16.12,15.43,14.94,16.09,16.65,17.7,18.6,17.17
QV2M,1989,-4.5,41.25,18.28,17.67,17.9,18.4,18.09,16.14,15.38,14.96,16.17,16.7,17.77,18.59,17.17
QV2M,1989,-4.5,41.875,18.18,17.5,17.81,18.35,18.07,16.1,15.38,15.02,16.19,16.71,17.83,18.53,17.14
QV2M,1989,0.5,34.375,11.38,10.53,11.81,13.38,14.07,13.15,13.18,13.67,13.39,13.54,13.57,13.49,12.94
QV2M,1989,0.5,35.0,10.56,9.91,10.44,12.23,12.47,11.77,12.21,12.25,12.03,12.25,12.54,12.31,11.76
QV2M,1989,0.5,35.625,10.31,9.49,9.68,12.02,12.28,11.53,12.13,11.93,11.83,12.06,12.42,12.15,11.5
QV2M,1989,0.5,36.25,9.7,9.25,9.38,11.46,11.61,10.4,11.64,11.5,10.64,10.79,11.59,11.38,10.79
QV2M,1989,0.5,36.875,10.08,9.84,9.96,11.74,11.48,9.77,10.8,10.44,9.96,10.39,11.96,11.99,10.71
QV2M,1989,0.5,37.5,10.77,10.5,10.81,12.53,12.02,9.99,10.25,9.78,10.07,10.86,12.96,12.9,11.12
QV2M,1989,0.5,38.125,11.77,11.31,11.8,13.56,13.16,10.77,10.25,9.95,10.73,11.65,14.26,14.12,11.95
QV2M,1989,0.5,38.75,12.45,11.85,12.35,14.06,14.07,11.6,10.89,10.59,11.47,12.38,14.85,14.62,12.6
QV2M,1989,0.5,39.375,12.8,11.85,12.27,14.4,14.97,12.46,11.66,11.29,12.06,13.01,15.28,14.92,13.09
QV2M,1989,0.5,40.0,12.83,11.86,12.48,14.61,15.47,12.96,12.09,11.66,12.44,13.34,15.43,14.89,13.34
QV2M,1989,0.5,40.625,12.76,11.96,12.86,14.98,15.95,13.31,12.26,11.84,12.78,13.7,15.66,14.85,13.58
QV2M,1989,0.5,41.25,12.95,12.37,13.34,15.42,16.12,13.52,12.47,12.18,13.29,14.18,15.94,14.99,13.9
QV2M,1989,0.5,41.875,13.23,12.83,13.8,15.9,16.76,14.16,12.96,12.58,13.74,14.65,16.08,15.26,14.33
QV2M,1989,1.0,34.375,10.0,9.71,10.61,11.9,12.35,11.7,11.98,12.18,11.96,11.92,11.98,11.91,11.53
QV2M,1989,1.0,35.0,9.72,9.14,9.43,11.62,11.88,11.11,11.74,11.53,11.39,11.53,11.91,11.66,11.07
QV2M,1989,1.0,35.625,9.36,9.03,9.11,11.87,12.54,11.41,12.14,11.67,11.17,11.59,11.8,11.56,11.12
QV2M,1989,1.0,36.25,9.59,9.26,9.31,11.54,11.42,10.04,11.48,10.94,10.05,10.2,11.68,11.55,10.6
QV2M,1989,1.0,36.875,9.99,9.87,10.17,11.89,11.43,9.67,10.5,9.87,9.76,10.39,12.22,12.09,10.66
QV2M,1989,1.0,37.5,10.81,10.62,11.02,12.83,12.29,10.19,10.22,9.74,10.12,10.93,13.4,13.17,11.28
QV2M,1989,1.0,38.125,11.41,11.14,11.62,13.38,13.07,10.82,10.27,9.99,10.73,11.54,14.2,13.69,11.82
QV2M,1989,1.0,38.75,12.12,11.49,12.02,13.9,13.96,11.59,10.86,10.57,11.38,12.24,14.83,14.37,12.45
QV2M,1989,1.0,39.375,12.42,11.46,11.95,14.32,14.87,12.37,11.51,11.16,11.88,12.81,15.25,14.81,12.91
QV2M,1989,1.0,40.0,12.28,11.31,12.14,14.54,15.37,12.83,11.91,11.47,12.2,13.16,15.3,14.69,13.11
QV2M,1989,1.0,40.625,12.16,11.37,12.51,14.9,15.79,13.12,12.05,11.64,12.54,13.56,15.51,14.61,13.32
QV2M,1989,1.0,41.25,12.26,11.64,12.9,15.34,16.07,13.49,12.31,11.99,13.05,14.08,15.79,14.65,13.64
QV2M,1989,1.0,41.875,12.46,12.01,13.29,15.61,16.67,13.94,12.73,12.36,13.45,14.49,15.79,14.58,13.96
QV2M,1989,1.5,34.375,9.08,8.53,9.33,12.19,13.29,12.39,12.82,12.86,12.52,12.58,11.82,11.51,11.59
QV2M,1989,1.5,35.0,9.04,8.76,8.96,11.87,12.57,11.3,12.27,11.72,11.18,11.55,11.73,11.36,11.04
QV2M,1989,1.5,35.625,9.19,8.94,9.26,12.01,12.56,10.77,11.92,10.85,10.46,10.92,11.8,11.48,10.86
QV2M,1989,1.5,36.25,9.4,9.24,9.56,11.76,11.5,9.73,11.22,10.22,9.57,10.07,12.01,11.5,10.49
QV2M,1989,1.5,36.875,9.95,9.9,10.43,12.24,11.69,9.98,10.38,9.66,9.72,10.49,12.71,12.26,10.79
QV2M,1989,1.5,37.5,10.6,10.5,11.1,12.97,12.48,10.47,10.36,9.89,10.25,11.06,13.63,13.03,11.36
QV2M,1989,1.5,38.125,11.39,11.11,11.7,13.64,13.23,11.02,10.42,10.11,10.8,11.66,14.52,13.72,11.94
QV2M,1989,1.5,38.75,12.28,11.38,11.86,14.28,14.04,11.6,10.89,10.6,11.33,12.29,15.22,14.68,12.54
QV2M,1989,1.5,39.375,11.86,11.3,11.75,14.36,14.79,12.34,11.47,11.05,11.7,12.73,15.14,14.61,12.76
QV2M,1989,1.5,40.0,11.98,11.2,12.02,14.61,15.14,12.66,11.71,11.26,11.96,13.03,15.34,14.77,12.98
QV2M,1989,1.5,40.625,11.54,10.79,12.09,14.83,15.5,12.94,11.87,11.45,12.32,13.41,15.41,14.39,13.05
QV2M,1989,1.5,41.25,11.65,10.85,12.4,14.96,15.83,13.28,12.18,11.8,12.8,13.85,15.41,14.04,13.26
QV2M,1989,1.5,41.875,11.8,11.17,12.78,15.32,16.42,13.68,12.47,12.13,13.17,14.28,15.59,13.95,13.57
QV2M,1989,2.0,34.375,8.35,8.53,9.27,12.36,13.24,11.84,13.06,12.53,11.79,11.97,11.56,11.04,11.31
QV2M,1989,2.0,35.0,8.69,8.66,9.13,11.94,12.33,10.73,12.0,10.88,10.35,10.77,11.65,11.13,10.7
QV2M,1989,2.0,35.625,9.0,9.02,9.56,12.07,12.09,10.35,11.23,9.95,9.84,10.38,11.94,11.36,10.57
QV2M,1989,2.0,36.25,9.39,9.39,9.96,12.0,11.64,9.87,10.76,9.65,9.62,10.23,12.36,11.54,10.54
QV2M,1989,2.0,36.875,9.78,9.87,10.6,12.52,11.95,10.24,10.25,9.68,9.89,10.68,12.94,12.14,10.88
QV2M,1989,2.0,37.5,10.54,10.59,11.39,13.4,12.86,10.78,10.34,9.92,10.4,11.32,13.97,13.11,11.55
QV2M,1989,2.0,38.125,11.39,11.19,11.83,14.06,13.61,11.2,10.56,10.2,10.85,11.89,14.74,13.95,12.12
QV2M,1989,2.0,38.75,11.44,11.11,11.98,14.38,14.21,11.77,10.99,10.62,11.23,12.35,15.02,14.24,12.45
QV2M,1989,2.0,39.375,10.98,10.73,11.62,14.46,14.91,12.38,11.44,10.92,11.5,12.69,15.08,14.25,12.59
QV2M,1989,2.0,40.0,10.96,10.59,11.76,14.68,15.23,12.65,11.64,11.11,11.75,13.03,15.27,14.36,12.76
QV2M,1989,2.0,40.625,10.57,10.02,11.61,15.0,15.68,12.83,11.66,11.28,12.1,13.39,15.5,14.05,12.82
QV2M,1989,2.0,41.25,10.72,10.14,11.91,14.94,15.83,13.15,11.98,11.59,12.49,13.63,15.36,13.64,12.96
QV2M,1989,2.0,41.875,10.76,10.3,12.23,15.08,16.2,13.31,12.22,11.89,12.83,14.01,15.4,13.1,13.12
QV2M,1989,2.5,34.375,8.33,8.63,9.2,12.24,12.43,10.8,12.61,11.17,10.73,10.94,11.61,10.97,10.82
QV2M,1989,2.5,35.0,8.77,8.94,9.51,12.18,12.28,10.74,11.72,10.37,10.1,10.51,11.96,11.27,10.7
QV2M,1989,2.5,35.625,9.14,9.3,9.99,12.31,12.28,10.59,11.03,9.88,10.04,10.49,12.36,11.54,10.75
QV2M,1989,2.5,36.25,10.17,10.38,11.18,13.03,12.7,11.02,11.18,10.56,10.71,11.34,13.27,12.34,11.49
QV2M,1989,2.5,36.875,9.89,10.23,11.14,13.15,12.59,10.74,10.5,10.05,10.34,11.17,13.42,12.41,11.3
QV2M,1989,2.5,37.5,10.17,10.49,11.45,13.68,13.13,10.91,10.35,9.95,10.44,11.43,14.04,13.0,11.59
QV2M,1989,2.5,38.125,10.36,10.6,11.63,13.98,13.84,11.4,10.64,10.24,10.78,11.9,14.38,13.45,11.94
QV2M,1989,2.5,38.75,10.28,10.48,11.72,14.31,14.45,11.9,10.99,10.56,11.07,12.29,14.74,13.68,12.21
QV2M,1989,2.5,39.375,9.91,10.02,11.43,14.39,15.17,12.38,11.36,10.79,11.31,12.61,14.79,13.51,12.31
QV2M,1989,2.5,40.0,9.79,9.87,11.44,14.52,15.36,12.61,11.52,10.99,11.53,12.88,14.81,13.35,12.4
QV2M,1989,2.5,40.625,9.52,9.37,11.27,14.67,15.49,12.73,11.53,11.12,11.87,13.07,14.87,12.93,12.38
QV2M,1989,2.5,41.25,9.49,9.41,11.5,14.52,15.55,12.94,11.87,11.46,12.24,13.22,14.7,12.36,12.45
QV2M,1989,2.5,41.875,9.58,9.48,11.7,14.53,15.71,13.1,12.08,11.72,12.55,13.57,14.71,12.27,12.6
QV2M,1989,3.0,34.375,8.21,8.72,9.44,12.31,12.48,11.23,12.4,10.98,10.6,10.97,11.9,11.22,10.88
QV2M,1989,3.0,35.0,8.79,9.31,9.95,12.6,12.74,11.17,11.74,10.44,10.42,10.89,12.52,11.75,11.03
QV2M,1989,3.0,35.625,9.39,10.04,10.66,13.12,13.05,11.01,11.25,10.23,10.59,11.15,13.18,12.12,11.32
QV2M,1989,3.0,36.25,11.15,11.76,12.57,14.32,13.79,11.9,11.77,11.29,11.66,12.4,14.41,13.57,12.55
QV2M,1989,3.0,36.875,9.72,10.33,11.17,13.46,12.92,10.79,10.45,9.97,10.33,11.23,13.68,12.58,11.39
QV2M,1989,3.0,37.5,9.66,10.3,11.32,13.82,13.49,11.09,10.41,10.0,10.46,11.5,14.01,12.86,11.58
QV2M,1989,3.0,38.125,9.44,10.05,11.4,13.85,14.02,11.56,10.72,10.2,10.66,11.82,14.03,12.8,11.72
QV2M,1989,3.0,38.75,9.22,9.68,11.31,14.09,14.69,11.99,10.95,10.43,10.89,12.17,14.22,12.76,11.87
QV2M,1989,3.0,39.375,8.88,9.21,11.06,14.09,15.32,12.35,11.26,10.68,11.11,12.41,14.1,12.45,11.92
QV2M,1989,3.0,40.0,8.84,9.09,11.07,14.25,15.51,12.6,11.38,10.84,11.33,12.58,14.13,12.39,12.01
QV2M,1989,3.0,40.625,8.68,8.7,11.01,14.21,15.29,12.61,11.4,10.95,11.65,12.67,14.06,12.05,11.95
QV2M,1989,3.0,41.25,8.77,8.69,11.1,14.17,15.38,12.72,11.67,11.25,11.96,12.86,14.07,11.85,12.06
QV2M,1989,3.0,41.875,8.77,8.77,11.26,14.0,15.27,12.77,11.84,11.43,12.17,13.1,13.99,11.82,12.11
QV2M,1989,3.5,34.375,8.45,9.01,9.95,12.52,12.77,11.41,12.12,10.69,10.82,11.18,12.36,11.66,11.09
QV2M,1989,3.5,35.0,8.83,9.74,10.56,13.15,13.35,11.53,11.85,10.47,10.73,11.35,12.99,12.25,11.41
QV2M,1989,3.5,35.625,9.76,10.71,11.51,13.87,13.7,11.5,11.35,10.4,10.91,11.65,13.68,12.88,11.83
QV2M,1989,3.5,36.25,11.0,11.65,12.67,14.5,14.22,12.22,11.82,11.38,11.77,12.64,14.49,13.66,12.67
QV2M,1989,3.5,36.875,9.21,9.92,11.07,13.67,13.56,11.14,10.49,9.85,10.28,11.35,13.58,12.42,11.38
QV2M,1989,3.5,37.5,8.79,9.31,10.81,13.55,13.7,11.21,10.5,9.97,10.41,11.53,13.4,12.05,11.28
QV2M,1989,3.5,38.125,8.63,9.09,10.98,13.66,14.46,11.81,10.91,10.32,10.65,11.89,13.37,11.9,11.48
QV2M,1989,3.5,38.75,8.2,8.49,10.61,13.65,14.83,12.08,11.05,10.45,10.88,12.06,13.27,11.68,11.45
QV2M,1989,3.5,39.375,8.12,8.42,10.5,13.76,14.97,12.42,11.23,10.63,11.08,12.24,13.36,11.84,11.56
QV2M,1989,3.5,40.0,8.11,8.31,10.6,14.14,15.45,12.53,11.2,10.66,11.16,12.39,13.54,11.95,11.68
QV2M,1989,3.5,40.625,8.09,8.11,10.86,14.32,15.31,12.46,11.13,10.68,11.4,12.5,13.61,11.93,11.72
QV2M,1989,3.5,41.25,8.2,8.2,11.01,14.19,15.24,12.52,11.46,11.03,11.71,12.64,13.67,11.75,11.82
QV2M,1989,3.5,41.875,8.3,8.27,11.0,13.87,15.13,12.52,11.61,11.18,11.88,12.86,13.68,11.49,11.83
QV2M,1989,4.0,34.375,8.8,9.6,10.71,13.39,13.75,11.93,12.55,10.75,11.4,12.13,13.09,12.52,11.73
QV2M,1989,4.0,35.0,9.12,10.3,11.23,13.88,14.19,11.9,12.17,10.58,11.19,11.95,13.4,12.91,11.91
QV2M,1989,4.0,35.625,9.73,10.87,11.87,14.08,14.26,11.96,11.65,10.65,11.19,12.06,13.73,13.15,12.1
QV2M,1989,4.0,36.25,10.92,11.49,12.71,14.68,14.85,12.72,12.13,11.59,12.14,13.11,14.43,13.67,12.87
QV2M,1989,4.0,36.875,8.7,9.1,10.69,13.63,14.17,11.43,10.84,9.91,10.51,11.67,13.03,11.99,11.31
QV2M,1989,4.0,37.5,8.16,8.23,10.26,13.42,14.22,11.44,10.72,9.96,10.51,11.65,12.6,11.44,11.06
QV2M,1989,4.0,38.125,7.8,7.68,9.91,13.09,14.14,11.68,10.88,10.24,10.67,11.76,12.36,11.22,10.97
QV2M,1989,4.0,38.75,7.74,7.61,9.68,13.06,13.92,11.7,10.89,10.24,10.67,11.85,12.35,11.23,10.93
QV2M,1989,4.0,39.375,7.56,7.72,9.96,13.63,14.48,12.16,11.12,10.39,10.85,12.29,12.88,11.73,11.25
QV2M,1989,4.0,40.0,7.39,7.71,10.25,14.13,15.09,12.43,11.15,10.44,11.03,12.5,13.03,11.66,11.42
QV2M,1989,4.0,40.625,7.52,7.69,10.58,14.47,15.23,12.28,10.91,10.42,11.18,12.57,13.22,11.82,11.51
QV2M,1989,4.0,41.25,7.71,7.69,10.81,14.47,15.54,12.37,11.22,10.71,11.45,12.64,13.38,11.67,11.66
QV2M,1989,4.0,41.875,7.9,7.82,10.84,14.09,15.48,12.42,11.45,10.93,11.67,12.95,13.56,11.44,11.73
QV2M,1989,4.5,34.375,8.83,10.03,11.45,14.11,14.72,11.92,13.11,10.74,12.04,12.94,13.85,13.09,12.25
QV2M,1989,4.5,35.0,9.32,10.84,11.73,14.46,14.95,12.33,12.54,10.8,11.7,12.62,13.71,13.57,12.39
QV2M,1989,4.5,35.625,9.44,10.87,12.0,14.2,14.9,12.34,12.02,10.94,11.42,12.36,13.45,13.19,12.27
QV2M,1989,4.5,36.25,9.75,10.43,11.59,14.25,15.02,12.36,11.84,10.76,11.49,12.63,13.41,13.02,12.22
QV2M,1989,4.5,36.875,8.93,8.97,10.82,13.85,14.78,12.12,11.54,10.64,11.39,12.51,13.05,12.36,11.76
QV2M,1989,4.5,37.5,7.78,7.34,9.73,13.21,14.28,11.64,11.05,10.06,10.86,12.08,12.18,11.3,10.98
QV2M,1989,4.5,38.125,7.38,7.0,9.23,12.61,13.5,11.35,10.75,10.01,10.46,11.54,11.75,10.99,10.57
QV2M,1989,4.5,38.75,7.31,7.1,9.39,13.05,13.9,11.62,10.84,10.1,10.58,11.85,12.09,11.18,10.77
QV2M,1989,4.5,39.375,6.92,7.07,9.57,13.55,14.48,11.93,10.95,10.18,10.71,12.1,12.29,11.2,10.93
QV2M,1989,4.5,40.0,6.95,7.08,9.66,13.46,14.42,11.91,10.88,10.21,10.83,12.11,12.21,11.03,10.91
QV2M,1989,4.5,40.625,7.11,7.23,10.16,14.35,15.15,12.18,10.88,10.23,11.0,12.39,12.55,11.29,11.23
QV2M,1989,4.5,41.25,7.36,7.38,10.47,14.55,15.49,12.37,11.08,10.52,11.24,12.46,12.81,11.4,11.45
QV2M,1989,4.5,41.875,7.58,7.56,10.69,14.45,16.03,12.48,11.3,10.71,11.55,13.09,13.28,11.36,11.69
QV2M,1990,-0.5,34.375,12.51,14.09,14.47,14.87,14.52,12.71,11.67,11.87,11.82,12.63,12.91,12.42,13.03
QV2M,1990,-0.5,35.0,11.21,12.65,13.33,13.64,13.5,11.94,11.17,11.48,11.09,11.73,12.15,11.37,12.1
QV2M,1990,-0.5,35.625,9.64,10.77,11.46,11.77,11.71,10.47,9.96,10.31,9.89,10.44,10.95,10.26,10.63
QV2M,1990,-0.5,36.25,9.8,10.62,11.5,11.98,11.69,10.39,9.82,10.06,9.64,10.37,11.08,10.32,10.6
QV2M,1990,-0.5,36.875,10.54,11.36,12.14,12.58,12.11,10.7,9.96,10.13,9.8,10.83,11.72,11.02,11.07
QV2M,1990,-0.5,37.5,11.81,12.32,13.51,14.12,13.28,11.28,10.13,10.2,10.22,11.61,13.03,12.41,11.99
QV2M,1990,-0.5,38.125,12.9,13.09,14.59,14.95,13.04,10.92,9.86,9.9,10.27,12.16,13.99,13.87,12.46
QV2M,1990,-0.5,38.75,13.31,13.45,15.29,15.82,13.74,11.56,10.57,10.73,11.26,13.03,14.84,14.69,13.19
QV2M,1990,-0.5,39.375,13.22,13.72,15.21,16.34,14.75,12.38,11.44,11.68,12.21,13.7,15.19,14.82,13.72
QV2M,1990,-0.5,40.0,13.71,14.16,15.36,16.77,15.53,12.97,12.01,12.15,12.71,14.16,15.27,15.09,14.15
QV2M,1990,-0.5,40.625,13.84,14.4,15.24,17.37,16.28,13.38,12.31,12.41,12.95,14.51,15.18,15.34,14.43
QV2M,1990,-0.5,41.25,14.25,14.9,15.52,17.72,16.65,13.68,12.61,12.68,13.35,14.87,15.48,15.73,14.78
QV2M,1990,-0.5,41.875,15.05,15.74,16.0,17.87,17.14,14.47,13.29,13.41,14.17,15.37,16.07,16.17,15.39
QV2M,1990,-1.0,34.375,12.73,14.07,14.41,14.64,14.32,12.15,10.94,11.37,10.96,11.94,12.53,12.78,12.73
QV2M,1990,-1.0,35.0,11.46,12.6,13.17,13.51,13.22,11.41,10.53,10.97,10.39,11.08,11.69,11.27,11.77
QV2M,1990,-1.0,35.625,10.59,11.41,12.32,12.77,12.48,10.92,10.05,10.46,10.0,10.53,11.24,10.46,11.1
QV2M,1990,-1.0,36.25,10.63,10.99,12.2,12.71,12.21,10.8,9.78,9.99,9.48,10.32,11.41,10.62,10.93
QV2M,1990,-1.0,36.875,11.23,11.57,12.74,13.34,12.55,10.55,9.32,9.4,9.18,10.69,12.11,11.74,11.2
QV2M,1990,-1.0,37.5,12.37,12.62,13.98,14.54,13.41,11.29,9.94,10.06,10.13,11.61,13.26,12.94,12.17
QV2M,1990,-1.0,38.125,12.48,12.8,14.45,14.8,12.88,10.99,9.91,10.0,10.39,12.14,13.89,13.56,12.35
QV2M,1990,-1.0,38.75,13.49,13.61,15.65,16.13,13.84,11.65,10.64,10.87,11.41,13.22,15.16,14.89,13.38
QV2M,1990,-1.0,39.375,13.38,13.96,15.68,16.69,15.0,12.51,11.54,11.82,12.41,13.94,15.66,15.1,13.97
QV2M,1990,-1.0,40.0,13.99,14.48,15.87,17.19,15.85,13.16,12.18,12.34,12.97,14.45,15.86,15.55,14.49
QV2M,1990,-1.0,40.625,14.19,14.76,15.57,17.75,16.7,13.66,12.59,12.67,13.27,14.77,15.64,15.66,14.77
QV2M,1990,-1.0,41.25,14.82,15.41,15.86,17.98,17.04,14.02,12.91,12.95,13.67,15.12,15.83,15.95,15.13
QV2M,1990,-1.0,41.875,16.19,17.02,17.06,18.36,17.74,15.22,14.11,14.26,15.06,16.12,16.94,16.98,16.25
QV2M,1990,-1.5,34.375,12.6,13.51,14.16,14.5,13.47,10.59,9.1,9.88,9.52,11.1,12.07,12.24,11.88
QV2M,1990,-1.5,35.0,11.9,12.57,13.48,13.8,13.06,10.78,9.33,9.61,9.11,10.28,11.38,11.07,11.36
QV2M,1990,-1.5,35.625,11.06,11.54,12.69,13.01,12.36,10.57,9.15,9.41,9.07,10.02,11.09,10.54,10.87
QV2M,1990,-1.5,36.25,11.39,11.53,12.98,13.89,12.78,10.46,8.96,9.31,9.15,10.42,11.68,11.15,11.14
QV2M,1990,-1.5,36.875,11.39,11.4,12.66,13.51,12.11,9.89,8.49,9.07,9.09,10.51,11.96,11.75,10.98
QV2M,1990,-1.5,37.5,12.27,12.43,13.61,14.26,12.79,10.63,9.24,9.53,9.81,11.24,12.9,12.78,11.78
QV2M,1990,-1.5,38.125,13.26,13.61,14.72,15.24,13.45,11.4,10.2,10.3,10.65,12.2,14.01,13.87,12.73
QV2M,1990,-1.5,38.75,13.83,13.96,15.77,16.09,14.01,11.78,10.73,10.98,11.54,13.23,15.22,14.88,13.5
QV2M,1990,-1.5,39.375,14.11,14.45,16.22,16.91,15.27,12.72,11.66,11.95,12.55,14.07,16.04,15.45,14.28
QV2M,1990,-1.5,40.0,14.33,14.83,16.29,17.64,16.38,13.46,12.39,12.55,13.24,14.75,16.37,15.85,14.84
QV2M,1990,-1.5,40.625,14.6,15.1,16.02,18.04,17.05,13.99,12.89,12.98,13.64,15.02,16.04,15.95,15.11
QV2M,1990,-1.5,41.25,15.32,15.89,16.26,18.29,17.39,14.36,13.22,13.33,14.08,15.39,16.24,16.27,15.5
QV2M,1990,-1.5,41.875,17.16,18.21,17.96,18.93,18.36,16.07,14.97,15.14,15.95,16.82,17.76,17.79,17.08
QV2M,1990,-1.7975103014118005e-13,34.375,12.18,13.81,14.39,14.98,14.77,13.07,12.52,12.85,12.93,13.6,13.34,12.45,13.4
QV2M,1990,-1.7975103014118005e-13,35.0,11.25,12.72,13.39,13.98,13.8,12.46,12.08,12.43,12.09,12.52,12.56,11.52,12.56
QV2M,1990,-1.7975103014118005e-13,35.625,10.1,11.27,11.84,12.28,12.11,11.05,10.78,11.03,10.55,11.03,11.3,10.52,11.15
QV2M,1990,-1.7975103014118005e-13,36.25,9.59,10.44,11.39,12.39,11.88,10.45,10.4,10.51,9.76,10.35,11.0,10.15,10.69
QV2M,1990,-1.7975103014118005e-13,36.875,10.32,11.03,11.83,12.51,12.02,10.48,10.07,10.2,9.67,10.54,11.33,10.76,10.89
QV2M,1990,-1.7975103014118005e-13,37.5,11.09,11.74,12.54,13.0,12.29,10.53,9.69,9.67,9.51,10.82,12.04,11.52,11.2
QV2M,1990,-1.7975103014118005e-13,38.125,12.98,13.29,14.7,15.33,13.41,10.97,9.88,9.86,10.16,12.16,13.97,13.79,12.53
QV2M,1990,-1.7975103014118005e-13,38.75,13.12,13.48,15.0,15.87,13.88,11.62,10.58,10.69,11.17,12.89,14.53,14.32,13.09
QV2M,1990,-1.7975103014118005e-13,39.375,13.09,13.62,14.75,16.15,14.58,12.3,11.34,11.53,12.0,13.45,14.66,14.4,13.48
QV2M,1990,-1.7975103014118005e-13,40.0,13.47,14.0,14.84,16.5,15.22,12.84,11.87,11.97,12.44,13.84,14.69,14.59,13.85
QV2M,1990,-1.7975103014118005e-13,40.625,13.56,14.18,15.04,17.22,15.91,13.18,12.1,12.19,12.65,14.23,14.85,15.01,14.17
QV2M,1990,-1.7975103014118005e-13,41.25,13.81,14.62,15.3,17.67,16.29,13.47,12.41,12.49,13.1,14.65,15.29,15.51,14.55
QV2M,1990,-1.7975103014118005e-13,41.875,14.33,15.15,15.57,18.01,16.97,14.18,12.93,12.96,13.65,15.09,15.82,15.95,15.05
QV2M,1990,-2.0,34.375,12.58,13.34,14.17,14.49,12.96,9.91,8.34,9.09,8.87,10.66,11.63,11.92,11.48
QV2M,1990,-2.0,35.0,11.98,12.38,13.54,13.86,12.64,10.19,8.44,8.77,8.67,10.09,11.38,11.12,11.08
QV2M,1990,-2.0,35.625,11.36,11.8,13.01,13.27,12.18,10.18,8.71,8.88,8.88,10.1,11.3,10.95,10.88
QV2M,1990,-2.0,36.25,11.77,11.9,13.33,14.28,12.39,10.13,8.66,9.14,9.21,10.51,11.76,11.56,11.21
QV2M,1990,-2.0,36.875,11.39,11.47,12.75,13.68,11.97,9.71,8.3,9.01,9.14,10.46,11.87,11.74,10.95
QV2M,1990,-2.0,37.5,12.37,12.55,13.75,14.44,12.53,10.43,9.04,9.48,9.79,11.17,12.85,12.82,11.76
QV2M,1990,-2.0,38.125,13.34,13.71,14.85,15.33,13.29,11.3,10.08,10.25,10.66,12.13,13.94,13.96,12.73
QV2M,1990,-2.0,38.75,14.19,14.41,16.01,16.3,14.27,11.97,10.88,11.14,11.68,13.39,15.34,15.09,13.72
QV2M,1990,-2.0,39.375,14.77,15.09,16.59,17.1,15.6,12.98,11.82,12.09,12.7,14.29,16.28,15.84,14.59
QV2M,1990,-2.0,40.0,15.03,15.44,16.8,17.84,16.61,13.68,12.57,12.76,13.49,14.98,16.75,16.22,15.18
QV2M,1990,-2.0,40.625,15.43,15.95,16.76,18.26,17.37,14.41,13.31,13.5,14.24,15.51,16.59,16.39,15.64
QV2M,1990,-2.0,41.25,16.65,17.53,17.49,18.62,17.86,15.34,14.34,14.59,15.35,16.33,17.27,17.2,16.54
QV2M,1990,-2.0,41.875,17.71,18.77,18.47,19.09,18.57,16.55,15.46,15.62,16.4,17.15,18.24,18.28,17.52
QV2M,1990,-2.5,34.375,12.31,12.94,14.03,14.35,12.76,9.95,8.13,8.73,8.41,9.95,11.53,11.91,11.24
QV2M,1990,-2.5,35.0,11.94,12.29,13.49,13.78,12.41,10.08,8.41,8.61,8.35,9.52,11.35,11.41,10.96
QV2M,1990,-2.5,35.625,12.11,12.48,13.92,14.12,12.43,10.16,8.37,8.61,8.66,9.77,11.61,11.66,11.15
QV2M,1990,-2.5,36.25,11.9,12.16,13.59,14.48,12.33,10.21,8.73,8.97,8.98,10.09,11.63,11.82,11.23
QV2M,1990,-2.5,36.875,11.97,12.23,13.37,14.29,12.45,9.93,8.19,8.66,8.87,10.32,12.02,12.33,11.21
QV2M,1990,-2.5,37.5,12.59,12.78,13.9,14.6,12.46,10.12,8.64,9.18,9.51,10.8,12.55,13.04,11.67
QV2M,1990,-2.5,38.125,13.39,13.87,14.89,15.3,13.2,11.26,9.99,10.24,10.62,11.96,13.66,14.06,12.69
QV2M,1990,-2.5,38.75,14.37,14.76,16.18,16.32,14.28,12.07,10.98,11.24,11.75,13.34,15.05,15.32,13.8
QV2M,1990,-2.5,39.375,15.12,15.69,16.85,17.07,15.71,13.17,11.95,12.18,12.81,14.45,16.03,16.05,14.75
QV2M,1990,-2.5,40.0,15.56,16.29,17.13,17.83,16.66,13.93,12.84,13.1,13.85,15.19,16.75,16.46,15.46
QV2M,1990,-2.5,40.625,16.71,17.56,17.69,18.62,17.84,15.33,14.31,14.57,15.34,16.35,17.44,17.32,16.58
QV2M,1990,-2.5,41.25,17.86,18.87,18.6,19.2,18.58,16.47,15.4,15.58,16.33,17.1,18.24,18.31,17.53
QV2M,1990,-2.5,41.875,17.67,18.75,18.39,19.07,18.56,16.49,15.41,15.59,16.37,17.1,18.22,18.24,17.48
QV2M,1990,-3.0,34.375,12.15,12.88,14.07,14.4,12.71,10.08,8.3,8.59,8.42,9.27,11.42,12.1,11.19
QV2M,1990,-3.0,35.0,11.82,12.31,13.63,13.96,12.47,10.24,8.65,8.69,8.53,9.12,11.26,11.63,11.02
QV2M,1990,-3.0,35.625,11.21,11.74,12.77,13.08,11.73,10.05,8.59,8.87,8.74,9.19,10.94,11.22,10.67
QV2M,1990,-3.0,36.25,12.22,12.63,14.19,14.51,12.72,10.48,8.89,8.95,9.1,9.66,11.65,12.02,11.41
QV2M,1990,-3.0,36.875,11.93,12.33,13.37,14.13,12.58,10.44,8.98,8.96,8.98,9.97,11.67,12.48,11.31
QV2M,1990,-3.0,37.5,11.47,11.82,12.73,13.3,11.84,10.0,8.7,9.03,9.17,9.98,11.4,11.96,10.94
QV2M,1990,-3.0,38.125,13.11,13.72,14.75,15.16,13.0,11.17,9.95,10.32,10.68,11.7,13.17,13.96,12.55
QV2M,1990,-3.0,38.75,14.28,14.89,16.33,16.43,14.28,12.18,11.1,11.36,11.85,13.16,14.65,15.48,13.82
QV2M,1990,-3.0,39.375,15.06,15.91,17.06,17.21,15.79,13.22,12.03,12.28,12.95,14.53,15.79,16.17,14.82
QV2M,1990,-3.0,40.0,16.12,17.07,17.57,18.09,16.93,14.38,13.29,13.6,14.33,15.42,16.75,16.82,15.85
QV2M,1990,-3.0,40.625,17.87,18.88,18.53,19.13,18.41,16.29,15.25,15.46,16.16,16.89,18.17,18.24,17.43
QV2M,1990,-3.0,41.25,17.9,18.94,18.41,19.18,18.54,16.4,15.35,15.54,16.28,17.01,18.2,18.32,17.49
QV2M,1990,-3.0,41.875,17.73,18.84,18.35,19.14,18.58,16.42,15.39,15.58,16.34,17.07,18.23,18.28,17.48
QV2M,1990,-3.5,34.375,12.81,13.52,14.67,14.82,12.82,10.16,8.29,8.66,8.76,9.36,11.52,12.6,11.48
QV2M,1990,-3.5,35.0,12.31,12.95,14.32,14.46,12.83,10.68,9.11,9.33,9.38,9.84,11.77,12.32,11.6
QV2M,1990,-3.5,35.625,11.66,12.44,13.86,14.06,12.43,10.58,9.05,9.31,9.31,9.62,11.55,12.0,11.31
QV2M,1990,-3.5,36.25,12.18,12.54,14.32,14.57,12.62,10.42,8.91,9.1,9.33,9.95,11.96,12.49,11.52
QV2M,1990,-3.5,36.875,12.28,12.59,14.39,14.79,12.97,10.85,9.47,9.5,9.78,10.57,12.39,12.95,11.87
QV2M,1990,-3.5,37.5,12.17,12.57,14.57,15.35,13.29,11.19,9.85,9.93,10.26,11.11,12.72,13.1,12.17
QV2M,1990,-3.5,38.125,12.72,13.39,14.77,15.11,12.9,11.11,9.96,10.36,10.85,11.68,13.1,13.83,12.47
QV2M,1990,-3.5,38.75,13.99,14.8,15.99,16.18,14.32,12.36,11.31,11.56,12.07,13.0,14.35,15.12,13.75
QV2M,1990,-3.5,39.375,14.97,16.07,17.06,17.29,15.89,13.33,12.18,12.43,13.12,14.5,15.69,16.1,14.88
QV2M,1990,-3.5,40.0,16.98,18.05,18.26,18.69,17.65,15.26,14.15,14.49,15.16,16.08,17.38,17.57,16.63
QV2M,1990,-3.5,40.625,18.03,19.12,18.59,19.18,18.41,16.36,15.29,15.51,16.15,16.85,18.15,18.31,17.48
QV2M,1990,-3.5,41.25,17.96,19.15,18.44,19.21,18.49,16.31,15.32,15.52,16.24,16.97,18.2,18.35,17.5
QV2M,1990,-3.5,41.875,17.81,19.05,18.31,19.19,18.52,16.33,15.36,15.56,16.29,17.03,18.22,18.32,17.49
QV2M,1990,-4.0,34.375,12.94,13.74,14.68,14.7,12.53,9.97,8.24,8.66,8.83,9.27,11.44,12.7,11.46
QV2M,1990,-4.0,35.0,12.12,12.85,13.99,14.05,12.32,10.29,8.76,9.08,9.16,9.44,11.44,12.17,11.29
QV2M,1990,-4.0,35.625,11.84,12.62,13.83,13.93,12.21,10.38,8.94,9.33,9.49,9.8,11.61,12.19,11.34
QV2M,1990,-4.0,36.25,12.2,12.73,14.34,14.46,12.47,10.38,9.01,9.24,9.45,9.86,11.97,12.58,11.55
QV2M,1990,-4.0,36.875,12.38,12.85,14.52,14.6,12.66,10.67,9.35,9.58,9.88,10.42,12.47,13.1,11.86
QV2M,1990,-4.0,37.5,12.77,13.24,15.08,15.22,13.19,11.19,9.89,10.1,10.45,11.15,13.04,13.62,12.4
QV2M,1990,-4.0,38.125,13.1,13.86,15.68,15.69,13.49,11.45,10.24,10.59,11.11,12.0,13.64,14.24,12.92
QV2M,1990,-4.0,38.75,14.11,15.17,16.65,16.68,14.82,12.7,11.59,11.87,12.4,13.28,14.75,15.3,14.1
QV2M,1990,-4.0,39.375,15.32,16.49,17.31,17.74,16.35,13.71,12.6,12.89,13.56,14.55,15.87,16.23,15.21
QV2M,1990,-4.0,40.0,17.8,18.93,18.68,18.95,18.17,16.05,14.92,15.22,15.78,16.48,17.85,18.22,17.24
QV2M,1990,-4.0,40.625,18.09,19.27,18.62,19.16,18.37,16.32,15.25,15.5,16.1,16.77,18.09,18.4,17.48
QV2M,1990,-4.0,41.25,17.99,19.29,18.56,19.19,18.44,16.23,15.27,15.51,16.18,16.89,18.14,18.43,17.5
QV2M,1990,-4.0,41.875,17.84,19.21,18.35,19.18,18.43,16.25,15.31,15.52,16.23,16.96,18.18,18.35,17.47
QV2M,1990,-4.5,34.375,12.17,13.09,14.1,14.14,11.94,9.61,8.07,8.59,8.78,8.96,11.01,12.1,11.03
QV2M,1990,-4.5,35.0,11.71,12.44,13.64,13.7,11.92,9.94,8.48,8.91,9.13,9.34,11.31,11.89,11.02
QV2M,1990,-4.5,35.625,11.81,12.54,13.85,13.9,12.12,10.28,8.86,9.29,9.54,9.84,11.73,12.21,11.32
QV2M,1990,-4.5,36.25,12.34,12.93,14.55,14.58,12.39,10.35,9.02,9.37,9.69,10.11,12.17,12.72,11.67
QV2M,1990,-4.5,36.875,12.51,12.95,14.6,14.59,12.55,10.62,9.33,9.69,10.11,10.58,12.54,13.16,11.93
QV2M,1990,-4.5,37.5,13.12,13.42,15.27,15.26,13.42,11.46,10.18,10.43,10.83,11.32,13.16,13.85,12.64
QV2M,1990,-4.5,38.125,13.49,14.01,15.66,15.57,13.88,11.87,10.67,10.81,11.28,11.99,13.57,14.36,13.09
QV2M,1990,-4.5,38.75,14.78,15.68,17.11,17.02,15.43,13.17,11.95,12.14,12.7,13.54,15.12,15.75,14.52
QV2M,1990,-4.5,39.375,16.44,17.58,18.16,18.41,17.26,14.78,13.61,13.95,14.53,15.21,16.69,17.13,16.13
QV2M,1990,-4.5,40.0,18.12,19.27,18.7,18.99,18.25,16.14,15.02,15.32,15.86,16.51,17.95,18.39,17.36
QV2M,1990,-4.5,40.625,18.09,19.35,18.6,19.15,18.31,16.24,15.21,15.47,16.04,16.71,18.1,18.38,17.46
QV2M,1990,-4.5,41.25,18.0,19.35,18.6,19.17,18.38,16.15,15.22,15.48,16.12,16.8,18.16,18.41,17.47
QV2M,1990,-4.5,41.875,17.87,19.29,18.43,19.21,18.4,16.17,15.25,15.47,16.17,16.88,18.19,18.34,17.46
QV2M,1990,0.5,34.375,11.78,13.45,14.2,14.88,14.86,13.57,13.17,13.75,13.61,13.74,13.46,12.28,13.56
QV2M,1990,0.5,35.0,10.99,12.28,12.88,13.56,13.4,12.34,12.24,12.51,11.95,12.24,12.26,11.2,12.32
QV2M,1990,0.5,35.625,10.66,11.55,12.57,13.34,13.2,12.02,11.96,12.08,11.38,11.41,11.73,10.53,11.87
QV2M,1990,0.5,36.25,9.96,10.69,11.54,12.8,12.07,10.67,10.98,11.09,10.11,10.44,11.14,10.48,11.0
QV2M,1990,0.5,36.875,10.56,11.04,12.07,12.76,11.74,9.95,10.06,10.22,9.43,10.39,11.54,11.13,10.91
QV2M,1990,0.5,37.5,11.33,11.83,12.98,13.78,12.38,10.34,9.6,9.65,9.39,11.03,12.35,12.04,11.39
QV2M,1990,0.5,38.125,12.24,12.73,14.16,15.22,13.32,10.96,9.91,9.86,10.13,12.03,13.49,13.17,12.26
QV2M,1990,0.5,38.75,12.83,13.33,14.58,15.72,13.87,11.6,10.56,10.62,11.06,12.71,14.07,13.85,12.89
QV2M,1990,0.5,39.375,13.15,13.58,14.6,16.25,14.6,12.23,11.22,11.36,11.78,13.26,14.4,14.26,13.39
QV2M,1990,0.5,40.0,13.2,13.72,14.64,16.71,15.13,12.72,11.65,11.75,12.16,13.6,14.42,14.4,13.67
QV2M,1990,0.5,40.625,13.23,13.9,14.86,17.38,15.65,13.01,11.9,11.98,12.38,13.96,14.63,14.75,13.97
QV2M,1990,0.5,41.25,13.49,14.39,15.16,17.57,15.92,13.38,12.3,12.38,12.89,14.42,15.1,15.15,14.34
QV2M,1990,0.5,41.875,13.82,14.81,15.37,17.99,16.72,14.09,12.79,12.76,13.34,14.84,15.62,15.7,14.82
QV2M,1990,1.0,34.375,10.51,12.11,12.46,13.13,13.1,12.3,11.94,12.39,12.13,12.06,11.87,10.87,12.07
QV2M,1990,1.0,35.0,10.34,11.35,12.15,12.72,12.6,11.74,11.62,11.82,11.28,11.43,11.57,10.48,11.59
QV2M,1990,1.0,35.625,9.93,10.98,12.22,13.22,12.9,11.28,11.2,11.4,10.64,10.64,11.33,10.36,11.34
QV2M,1990,1.0,36.25,9.96,10.74,11.71,12.5,11.65,10.06,10.48,10.79,9.78,10.16,11.05,10.63,10.79
QV2M,1990,1.0,36.875,10.62,11.25,12.34,12.8,11.72,9.97,9.61,9.74,9.31,10.64,11.68,11.22,10.91
QV2M,1990,1.0,37.5,11.46,12.07,13.32,14.06,12.55,10.53,9.6,9.69,9.59,11.38,12.62,12.3,11.59
QV2M,1990,1.0,38.125,11.94,12.69,13.96,14.91,13.16,11.03,9.98,9.9,10.18,12.05,13.35,13.0,12.17
QV2M,1990,1.0,38.75,12.71,13.27,14.4,15.61,13.8,11.59,10.58,10.61,11.01,12.68,13.96,13.69,12.82
QV2M,1990,1.0,39.375,13.0,13.37,14.46,16.25,14.55,12.09,11.09,11.23,11.59,13.15,14.29,14.08,13.26
QV2M,1990,1.0,40.0,12.87,13.36,14.47,16.91,15.07,12.58,11.45,11.55,11.91,13.43,14.27,14.2,13.5
QV2M,1990,1.0,40.625,12.82,13.5,14.77,17.56,15.59,12.87,11.71,11.79,12.16,13.76,14.49,14.54,13.79
QV2M,1990,1.0,41.25,12.99,13.87,14.98,17.62,15.99,13.43,12.16,12.18,12.65,14.19,14.89,14.89,14.15
QV2M,1990,1.0,41.875,13.17,14.19,14.94,18.12,16.56,13.87,12.55,12.52,13.04,14.54,15.25,15.24,14.5
QV2M,1990,1.5,34.375,9.81,11.56,12.59,13.92,13.87,13.09,12.72,13.21,12.71,11.92,11.55,10.09,12.25
QV2M,1990,1.5,35.0,9.73,11.05,12.19,13.22,13.06,11.94,11.86,12.08,10.93,10.77,11.14,10.17,11.51
QV2M,1990,1.5,35.625,9.74,11.1,12.15,13.12,12.51,10.77,10.94,10.78,9.97,10.46,11.18,10.44,11.09
QV2M,1990,1.5,36.25,9.94,10.97,11.99,12.58,11.57,9.92,9.94,10.07,9.32,10.32,11.25,10.85,10.72
QV2M,1990,1.5,36.875,10.77,11.56,12.68,13.12,12.0,10.22,9.46,9.56,9.32,10.92,12.01,11.47,11.09
QV2M,1990,1.5,37.5,11.41,12.23,13.44,14.12,12.65,10.68,9.86,9.8,9.78,11.58,12.77,12.3,11.71
QV2M,1990,1.5,38.125,12.06,12.99,14.22,15.23,13.33,11.19,10.23,10.06,10.31,12.28,13.63,13.12,12.38
QV2M,1990,1.5,38.75,13.0,13.58,14.81,16.04,14.01,11.55,10.61,10.64,10.98,12.89,14.31,13.92,13.02
QV2M,1990,1.5,39.375,12.77,13.35,14.36,16.5,14.63,12.1,11.02,11.08,11.39,13.08,14.2,13.81,13.19
QV2M,1990,1.5,40.0,12.93,13.36,14.49,16.76,15.01,12.42,11.26,11.35,11.66,13.36,14.42,14.09,13.42
QV2M,1990,1.5,40.625,12.37,13.02,14.78,17.53,15.64,12.8,11.56,11.61,11.95,13.54,14.3,14.27,13.61
QV2M,1990,1.5,41.25,12.42,13.17,14.57,17.83,16.02,13.25,12.0,11.99,12.4,13.84,14.43,14.35,13.85
QV2M,1990,1.5,41.875,12.36,13.45,14.6,18.13,16.32,13.59,12.25,12.28,12.73,14.27,14.84,14.82,14.13
QV2M,1990,2.0,34.375,9.55,11.3,12.39,13.96,13.81,13.18,12.94,13.26,11.6,11.0,11.09,10.04,12.01
QV2M,1990,2.0,35.0,9.53,10.94,11.99,13.03,12.66,11.36,11.36,11.29,9.7,10.28,10.98,10.23,11.11
QV2M,1990,2.0,35.625,9.66,11.22,12.15,13.04,12.09,10.32,10.24,10.02,9.21,10.34,11.23,10.59,10.84
QV2M,1990,2.0,36.25,10.13,11.34,12.32,12.78,11.71,10.09,9.64,9.67,9.25,10.64,11.61,11.06,10.85
QV2M,1990,2.0,36.875,10.73,11.74,12.8,13.28,12.16,10.37,9.59,9.62,9.48,11.2,12.27,11.56,11.23
QV2M,1990,2.0,37.5,11.56,12.57,13.84,14.61,13.07,10.91,9.98,9.84,9.93,11.89,13.17,12.51,11.98
QV2M,1990,2.0,38.125,12.31,13.44,14.66,15.78,13.89,11.37,10.33,10.16,10.4,12.51,13.99,13.2,12.66
QV2M,1990,2.0,38.75,12.54,13.65,14.77,16.31,14.37,11.76,10.71,10.65,10.89,12.86,14.23,13.38,13.0
QV2M,1990,2.0,39.375,12.24,13.21,14.4,16.78,14.85,12.12,10.96,10.92,11.16,13.04,14.24,13.46,13.11
QV2M,1990,2.0,40.0,12.08,13.08,14.6,16.92,15.2,12.4,11.17,11.17,11.42,13.29,14.38,13.7,13.28
QV2M,1990,2.0,40.625,11.32,12.57,15.24,17.59,15.76,12.62,11.35,11.42,11.71,13.49,14.22,14.09,13.45
QV2M,1990,2.0,41.25,11.58,12.68,14.92,17.9,16.14,13.14,11.78,11.76,12.08,13.59,14.2,14.04,13.65
QV2M,1990,2.0,41.875,11.55,12.72,14.34,17.9,16.12,13.22,11.98,12.02,12.39,14.13,14.53,14.37,13.77
QV2M,1990,2.5,34.375,9.6,11.18,11.94,13.3,12.92,11.95,12.28,12.27,9.94,10.54,10.9,10.16,11.42
QV2M,1990,2.5,35.0,9.8,11.17,12.08,13.11,12.48,11.03,10.84,10.57,9.35,10.55,11.23,10.48,11.06
QV2M,1990,2.5,35.625,9.97,11.51,12.4,13.35,12.23,10.66,10.14,9.91,9.42,10.81,11.58,10.78,11.06
QV2M,1990,2.5,36.25,11.09,12.4,13.27,13.88,12.8,11.24,10.54,10.58,10.34,11.8,12.58,11.8,11.85
QV2M,1990,2.5,36.875,11.11,12.27,13.3,13.96,12.72,10.83,10.06,10.01,9.92,11.73,12.73,11.85,11.7
QV2M,1990,2.5,37.5,11.51,12.84,14.02,15.08,13.34,10.96,10.02,9.86,9.97,12.03,13.21,12.3,12.09
QV2M,1990,2.5,38.125,11.74,13.25,14.49,15.98,14.1,11.4,10.35,10.17,10.34,12.43,13.56,12.51,12.52
QV2M,1990,2.5,38.75,11.79,13.43,14.6,16.63,14.57,11.75,10.64,10.52,10.69,12.76,13.83,12.71,12.82
QV2M,1990,2.5,39.375,11.4,12.92,14.3,16.87,14.94,12.05,10.84,10.73,10.91,12.99,13.86,12.76,12.87
QV2M,1990,2.5,40.0,11.09,12.73,14.51,16.9,15.22,12.3,11.05,10.96,11.14,13.18,13.85,12.85,12.98
QV2M,1990,2.5,40.625,10.64,12.28,14.74,17.09,15.45,12.49,11.2,11.23,11.44,13.37,13.78,13.14,13.07
QV2M,1990,2.5,41.25,10.76,12.2,14.24,17.35,15.59,12.89,11.62,11.6,11.81,13.35,13.68,13.13,13.18
QV2M,1990,2.5,41.875,10.88,12.12,13.75,17.2,15.6,13.02,11.81,11.83,12.09,13.77,14.03,13.39,13.29
QV2M,1990,3.0,34.375,9.97,11.17,12.21,13.29,12.98,11.68,11.77,11.68,9.73,10.89,11.22,10.32,11.41
QV2M,1990,3.0,35.0,10.39,11.58,12.54,13.74,13.03,11.14,10.67,10.28,9.53,11.21,11.7,10.8,11.38
QV2M,1990,3.0,35.625,10.71,12.17,13.04,14.4,13.02,11.02,10.42,10.22,9.96,11.6,12.14,11.14,11.65
QV2M,1990,3.0,36.25,12.37,13.76,14.47,15.26,13.91,12.07,11.32,11.31,11.26,12.98,13.65,12.74,12.92
QV2M,1990,3.0,36.875,11.16,12.63,13.6,14.67,13.04,10.8,10.01,9.9,9.85,11.87,12.73,11.71,11.82
QV2M,1990,3.0,37.5,11.25,12.91,14.07,15.59,13.65,11.02,10.06,9.89,9.98,12.13,12.97,11.86,12.11
QV2M,1990,3.0,38.125,11.06,12.88,14.26,16.08,14.21,11.47,10.38,10.1,10.21,12.37,13.03,11.8,12.31
QV2M,1990,3.0,38.75,10.8,12.83,14.3,16.57,14.57,11.73,10.49,10.32,10.44,12.64,13.12,11.86,12.46
QV2M,1990,3.0,39.375,10.39,12.29,13.95,16.72,14.79,11.9,10.7,10.51,10.65,12.77,13.11,11.92,12.47
QV2M,1990,3.0,40.0,10.25,12.18,14.08,16.75,15.01,12.11,10.85,10.73,10.85,12.97,13.23,12.14,12.59
QV2M,1990,3.0,40.625,10.09,11.8,13.95,16.58,14.98,12.27,11.01,11.02,11.16,13.11,13.24,12.34,12.63
QV2M,1990,3.0,41.25,10.17,11.64,13.64,16.71,15.01,12.54,11.35,11.33,11.47,13.19,13.31,12.57,12.74
QV2M,1990,3.0,41.875,10.26,11.48,13.29,16.48,14.97,12.67,11.51,11.5,11.68,13.38,13.58,12.72,12.8
QV2M,1990,3.5,34.375,10.24,11.38,12.57,13.65,13.27,11.39,11.28,10.95,9.72,11.32,11.8,10.62,11.52
QV2M,1990,3.5,35.0,10.84,12.08,13.21,14.47,13.57,11.27,10.57,10.25,9.72,11.8,12.22,11.0,11.75
QV2M,1990,3.5,35.625,11.61,12.84,13.87,15.1,13.65,11.16,10.52,10.37,10.2,12.16,12.69,11.58,12.14
QV2M,1990,3.5,36.25,12.41,13.76,14.59,15.56,14.3,12.17,11.38,11.39,11.39,13.17,13.75,12.71,13.04
QV2M,1990,3.5,36.875,10.78,12.51,13.7,15.24,13.47,10.87,9.93,9.76,9.71,11.91,12.51,11.17,11.79
QV2M,1990,3.5,37.5,10.27,12.21,13.66,15.34,13.54,11.0,10.08,9.84,9.85,12.0,12.35,10.88,11.74
QV2M,1990,3.5,38.125,9.97,12.07,13.92,16.02,14.31,11.57,10.46,10.1,10.06,12.22,12.37,10.91,11.99
QV2M,1990,3.5,38.75,9.55,11.6,13.52,16.11,14.41,11.64,10.48,10.2,10.21,12.25,12.28,10.86,11.92
QV2M,1990,3.5,39.375,9.63,11.43,13.42,16.03,14.53,11.77,10.58,10.36,10.36,12.43,12.52,11.23,12.02
QV2M,1990,3.5,40.0,9.61,11.43,13.65,16.45,14.82,11.84,10.64,10.5,10.54,12.75,12.87,11.67,12.23
QV2M,1990,3.5,40.625,9.54,11.33,13.83,16.37,14.73,11.89,10.71,10.74,10.8,13.05,13.23,12.08,12.36
QV2M,1990,3.5,41.25,9.89,11.24,13.42,16.42,14.72,12.22,11.11,11.08,11.14,13.11,13.27,12.28,12.49
QV2M,1990,3.5,41.875,9.91,10.96,13.06,16.4,14.7,12.36,11.25,11.24,11.34,13.26,13.41,12.4,12.53
QV2M,1990,4.0,34.375,10.7,11.84,13.69,14.65,14.32,11.66,11.45,11.1,9.77,12.27,12.69,11.03,12.1
QV2M,1990,4.0,35.0,11.39,12.58,14.25,15.31,14.39,11.41,10.65,10.43,9.87,12.45,12.69,11.11,12.21
QV2M,1990,4.0,35.625,11.94,13.12,14.35,15.46,14.17,11.56,10.67,10.49,10.33,12.45,12.86,11.61,12.41
QV2M,1990,4.0,36.25,12.28,13.67,14.67,15.86,14.76,12.51,11.6,11.64,11.67,13.4,13.74,12.58,13.19
QV2M,1990,4.0,36.875,10.04,11.89,13.41,15.38,13.67,11.05,10.06,9.82,9.61,11.77,11.98,10.45,11.59
QV2M,1990,4.0,37.5,9.26,11.32,13.05,15.4,13.58,11.06,10.08,9.82,9.68,11.62,11.55,10.04,11.37
QV2M,1990,4.0,38.125,8.87,10.75,12.75,15.11,13.73,11.32,10.26,9.96,9.85,11.63,11.4,10.0,11.3
QV2M,1990,4.0,38.75,8.88,10.54,12.72,14.8,13.66,11.34,10.24,9.89,9.86,11.72,11.58,10.27,11.29
QV2M,1990,4.0,39.375,9.42,10.77,13.09,15.38,14.2,11.61,10.35,10.06,10.04,12.21,12.22,10.94,11.69
QV2M,1990,4.0,40.0,9.32,10.75,13.34,15.92,14.57,11.71,10.42,10.25,10.25,12.55,12.57,11.21,11.91
QV2M,1990,4.0,40.625,9.36,10.8,13.62,16.15,14.61,11.6,10.44,10.43,10.46,12.87,13.08,11.72,12.1
QV2M,1990,4.0,41.25,9.68,10.65,13.41,16.55,14.74,11.93,10.8,10.75,10.78,13.03,13.19,12.0,12.3
QV2M,1990,4.0,41.875,9.6,10.38,13.2,16.71,14.86,12.17,11.02,10.98,11.05,13.35,13.51,12.21,12.43
QV2M,1990,4.5,34.375,10.93,12.15,14.73,15.53,15.22,11.65,11.73,11.5,10.09,13.27,13.25,11.08,12.6
QV2M,1990,4.5,35.0,11.82,12.81,15.07,15.92,15.12,11.78,11.01,10.8,10.04,12.95,13.13,11.16,12.63
QV2M,1990,4.5,35.625,11.91,13.16,14.71,15.87,14.61,11.88,10.88,10.53,10.16,12.47,12.65,11.21,12.5
QV2M,1990,4.5,36.25,11.25,12.64,14.27,15.84,14.52,11.84,10.84,10.65,10.41,12.51,12.47,11.05,12.35
QV2M,1990,4.5,36.875,10.19,11.81,13.54,15.51,14.15,11.63,10.75,10.58,10.18,12.07,11.86,10.36,11.88
QV2M,1990,4.5,37.5,8.65,10.55,12.75,15.08,13.64,11.12,10.09,10.13,9.62,11.4,10.91,9.44,11.11
QV2M,1990,4.5,38.125,8.56,10.0,12.09,14.24,13.33,11.09,10.04,9.78,9.53,11.2,10.87,9.56,10.86
QV2M,1990,4.5,38.75,8.71,10.12,12.41,14.67,13.58,11.23,10.08,9.8,9.63,11.53,11.2,9.93,11.08
QV2M,1990,4.5,39.375,8.92,10.04,12.54,15.19,13.86,11.37,10.13,9.88,9.81,11.88,11.63,10.28,11.3
QV2M,1990,4.5,40.0,8.96,9.91,12.44,15.01,13.79,11.34,10.19,10.04,10.0,11.91,11.65,10.32,11.3
QV2M,1990,4.5,40.625,9.3,10.08,12.97,15.78,14.44,11.46,10.23,10.17,10.16,12.47,12.39,10.94,11.7
QV2M,1990,4.5,41.25,9.63,10.14,13.07,16.21,14.75,11.7,10.58,10.45,10.47,12.7,12.79,11.41,12.0
QV2M,1990,4.5,41.875,9.36,9.88,13.27,16.94,15.13,12.01,10.8,10.74,10.82,13.36,13.48,11.84,12.31
QV2M,1991,-0.5,34.375,12.82,12.84,12.77,14.22,14.39,13.58,11.96,12.34,12.56,13.42,13.37,12.88,13.09
QV2M,1991,-0.5,35.0,11.07,10.5,10.99,12.7,13.18,12.71,11.01,11.46,11.28,12.01,12.14,11.44,11.71
QV2M,1991,-0.5,35.625,9.68,8.76,9.57,10.85,11.48,11.05,9.8,10.15,9.58,10.09,10.56,9.95,10.13
QV2M,1991,-0.5,36.25,9.63,8.49,9.45,10.79,11.52,10.91,9.73,10.0,9.3,9.85,10.69,10.01,10.04
QV2M,1991,-0.5,36.875,10.42,9.18,10.09,11.6,12.15,11.07,9.94,10.04,9.25,10.09,11.29,10.66,10.49
QV2M,1991,-0.5,37.5,11.7,10.35,11.1,12.74,13.4,11.62,10.46,10.44,9.85,10.78,12.48,11.91,11.41
QV2M,1991,-0.5,38.125,12.73,11.03,11.76,13.5,13.54,10.83,10.48,10.05,9.73,10.91,13.37,12.98,11.75
QV2M,1991,-0.5,38.75,13.15,11.57,12.54,14.37,14.52,11.43,11.36,10.69,10.63,11.87,13.97,13.56,12.48
QV2M,1991,-0.5,39.375,13.2,12.07,12.88,14.89,15.49,12.4,12.38,11.58,11.64,12.65,13.88,13.44,13.05
QV2M,1991,-0.5,40.0,13.6,12.67,13.31,15.17,15.96,13.04,13.0,12.07,12.21,13.08,14.12,13.8,13.51
QV2M,1991,-0.5,40.625,13.74,13.07,13.67,15.28,16.23,13.37,13.5,12.31,12.49,13.32,14.31,14.16,13.79
QV2M,1991,-0.5,41.25,14.2,13.66,14.19,15.57,16.53,13.61,13.77,12.53,12.96,13.87,14.71,14.58,14.19
QV2M,1991,-0.5,41.875,14.98,14.61,15.06,16.21,16.99,14.3,14.26,13.09,13.76,14.6,15.28,15.3,14.87
QV2M,1991,-1.0,34.375,13.19,13.29,12.76,13.93,13.72,12.89,10.76,11.25,11.14,12.74,12.87,12.56,12.58
QV2M,1991,-1.0,35.0,11.48,11.28,11.01,12.35,12.71,12.0,10.08,10.29,9.9,11.09,11.28,11.19,11.22
QV2M,1991,-1.0,35.625,10.21,9.48,9.8,11.31,12.17,11.46,9.76,9.73,9.13,10.05,10.52,10.44,10.34
QV2M,1991,-1.0,36.25,9.85,8.83,9.67,11.1,12.1,11.28,9.7,9.58,8.92,9.76,10.82,10.54,10.19
QV2M,1991,-1.0,36.875,11.0,9.62,10.3,11.91,12.54,11.15,9.75,9.58,8.74,9.88,11.63,11.37,10.63
QV2M,1991,-1.0,37.5,12.1,10.71,11.4,13.05,13.59,11.67,10.47,10.21,9.69,10.66,12.67,12.42,11.56
QV2M,1991,-1.0,38.125,12.34,10.78,11.87,13.51,13.64,10.84,10.54,10.08,9.79,10.94,13.18,12.78,11.7
QV2M,1991,-1.0,38.75,13.23,11.62,12.86,14.74,14.82,11.55,11.51,10.87,10.83,12.06,14.13,13.94,12.69
QV2M,1991,-1.0,39.375,13.28,12.23,13.24,15.4,15.92,12.55,12.56,11.77,11.91,12.94,14.09,13.85,13.32
QV2M,1991,-1.0,40.0,13.79,12.88,13.71,15.75,16.4,13.27,13.18,12.31,12.52,13.41,14.35,14.32,13.83
QV2M,1991,-1.0,40.625,14.01,13.48,14.1,15.8,16.61,13.67,13.75,12.58,12.82,13.61,14.49,14.65,14.14
QV2M,1991,-1.0,41.25,14.6,14.19,14.7,16.0,16.85,13.96,14.02,12.84,13.28,14.18,14.95,15.11,14.56
QV2M,1991,-1.0,41.875,16.11,15.91,16.38,17.13,17.74,15.18,14.93,13.94,14.66,15.51,16.2,16.44,15.84
QV2M,1991,-1.5,34.375,12.89,13.1,11.87,13.11,12.92,12.07,9.62,9.87,9.88,11.94,12.01,11.99,11.76
QV2M,1991,-1.5,35.0,11.48,11.54,10.66,12.29,12.74,11.51,9.53,9.19,8.73,10.6,10.93,11.38,10.88
QV2M,1991,-1.5,35.625,10.18,9.68,9.79,11.61,12.36,11.02,9.4,9.11,8.26,9.73,10.59,10.86,10.22
QV2M,1991,-1.5,36.25,10.33,9.12,9.96,11.76,12.85,11.19,9.6,9.29,8.63,9.68,11.1,11.29,10.41
QV2M,1991,-1.5,36.875,10.97,9.4,10.21,11.82,12.5,10.75,9.3,9.02,8.62,9.57,11.39,11.46,10.42
QV2M,1991,-1.5,37.5,11.93,10.35,11.06,12.74,13.16,10.93,9.99,9.62,9.27,10.23,12.14,12.15,11.14
QV2M,1991,-1.5,38.125,12.94,11.47,12.33,13.76,13.86,11.07,10.72,10.24,10.0,11.13,13.08,13.02,11.97
QV2M,1991,-1.5,38.75,13.45,11.95,13.18,14.88,14.97,11.67,11.64,11.02,10.98,12.15,13.87,14.04,12.82
QV2M,1991,-1.5,39.375,13.72,12.62,13.75,15.72,16.1,12.75,12.63,11.95,12.13,13.19,14.31,14.34,13.61
QV2M,1991,-1.5,40.0,13.97,13.22,14.16,16.36,16.83,13.52,13.45,12.55,12.82,13.76,14.59,14.67,14.16
QV2M,1991,-1.5,40.625,14.39,13.87,14.52,16.4,17.0,14.01,14.0,12.9,13.21,14.0,14.74,15.06,14.51
QV2M,1991,-1.5,41.25,15.12,14.73,15.19,16.59,17.28,14.38,14.32,13.22,13.7,14.58,15.22,15.62,15.0
QV2M,1991,-1.5,41.875,17.22,17.1,17.57,18.08,18.45,16.08,15.62,14.82,15.51,16.4,17.05,17.46,16.78
QV2M,1991,-1.7975103014118005e-13,34.375,12.42,12.19,12.57,14.36,14.95,13.99,12.74,13.21,13.29,13.48,13.43,12.77,13.29
QV2M,1991,-1.7975103014118005e-13,35.0,11.05,10.25,11.07,12.87,13.64,13.18,11.91,12.53,12.31,12.43,12.53,11.71,12.13
QV2M,1991,-1.7975103014118005e-13,35.625,10.0,9.0,9.87,11.07,11.87,11.68,10.71,11.15,10.65,10.81,11.15,10.51,10.72
QV2M,1991,-1.7975103014118005e-13,36.25,9.45,8.27,9.24,10.42,11.45,11.22,10.5,11.04,10.16,10.16,10.73,9.94,10.23
QV2M,1991,-1.7975103014118005e-13,36.875,10.29,9.12,9.79,11.14,11.92,10.96,10.25,10.63,9.6,9.9,10.94,10.37,10.42
QV2M,1991,-1.7975103014118005e-13,37.5,11.02,9.91,10.51,11.89,12.41,10.78,9.9,10.04,9.34,10.05,11.55,11.05,10.71
QV2M,1991,-1.7975103014118005e-13,38.125,12.78,11.2,11.76,13.46,13.59,10.86,10.46,10.06,9.65,10.9,13.28,12.86,11.74
QV2M,1991,-1.7975103014118005e-13,38.75,13.1,11.72,12.4,14.13,14.47,11.44,11.34,10.63,10.53,11.75,13.65,13.22,12.37
QV2M,1991,-1.7975103014118005e-13,39.375,13.25,12.08,12.66,14.44,15.16,12.27,12.24,11.43,11.4,12.39,13.61,13.2,12.85
QV2M,1991,-1.7975103014118005e-13,40.0,13.57,12.62,13.03,14.63,15.53,12.85,12.81,11.87,11.91,12.81,13.84,13.48,13.25
QV2M,1991,-1.7975103014118005e-13,40.625,13.78,12.84,13.33,14.96,15.91,13.12,13.25,12.06,12.21,13.09,14.23,13.83,13.56
QV2M,1991,-1.7975103014118005e-13,41.25,14.1,13.27,13.81,15.36,16.28,13.35,13.51,12.28,12.71,13.62,14.63,14.24,13.93
QV2M,1991,-1.7975103014118005e-13,41.875,14.58,13.85,14.36,15.93,16.81,13.91,13.89,12.65,13.24,14.09,14.94,14.75,14.42
QV2M,1991,-2.0,34.375,12.48,12.83,11.21,12.88,12.45,11.56,8.73,8.73,8.97,11.44,11.24,11.89,11.19
QV2M,1991,-2.0,35.0,11.14,11.25,10.3,12.3,12.67,10.96,8.99,8.37,8.14,10.17,10.6,11.57,10.53
QV2M,1991,-2.0,35.625,10.34,9.95,9.97,12.03,12.44,10.56,9.22,8.59,8.24,9.68,10.68,11.28,10.25
QV2M,1991,-2.0,36.25,10.78,9.48,10.37,12.05,12.87,10.41,9.19,8.86,8.74,9.72,11.17,11.78,10.46
QV2M,1991,-2.0,36.875,10.85,9.31,10.34,11.92,12.53,10.32,9.09,8.85,8.71,9.52,11.23,11.5,10.35
QV2M,1991,-2.0,37.5,12.0,10.38,11.25,12.83,13.17,10.63,9.8,9.48,9.26,10.13,12.02,12.29,11.11
QV2M,1991,-2.0,38.125,13.08,11.55,12.46,13.77,13.92,10.96,10.67,10.22,10.07,11.07,12.88,13.16,11.99
QV2M,1991,-2.0,38.75,13.82,12.38,13.55,15.15,15.17,11.82,11.79,11.21,11.17,12.33,13.94,14.35,13.06
QV2M,1991,-2.0,39.375,14.31,13.17,14.35,16.1,16.32,13.0,12.83,12.16,12.33,13.42,14.6,14.78,13.95
QV2M,1991,-2.0,40.0,14.53,13.81,14.86,16.74,17.1,13.74,13.61,12.79,13.14,14.1,14.99,15.08,14.55
QV2M,1991,-2.0,40.625,15.17,14.75,15.4,17.05,17.53,14.52,14.43,13.41,13.86,14.67,15.39,15.71,15.16
QV2M,1991,-2.0,41.25,16.72,16.48,16.9,17.67,18.0,15.46,15.15,14.31,14.95,15.87,16.51,16.98,16.25
QV2M,1991,-2.0,41.875,17.81,17.7,18.15,18.6,18.76,16.57,16.01,15.27,15.91,16.81,17.5,18.05,17.26
QV2M,1991,-2.5,34.375,11.97,12.31,10.81,12.47,12.21,10.61,8.26,7.8,8.17,10.8,10.74,11.83,10.65
QV2M,1991,-2.5,35.0,10.98,11.06,10.24,11.98,12.15,10.27,8.46,7.76,7.72,9.56,10.26,11.59,10.16
QV2M,1991,-2.5,35.625,10.74,10.67,10.24,12.44,12.53,10.07,8.66,8.11,8.06,9.31,10.6,11.81,10.27
QV2M,1991,-2.5,36.25,11.0,9.64,10.44,11.9,12.63,9.81,9.08,8.64,8.44,9.32,10.84,11.93,10.31
QV2M,1991,-2.5,36.875,11.47,9.82,10.67,12.14,12.84,9.81,8.85,8.51,8.54,9.41,11.19,12.02,10.44
QV2M,1991,-2.5,37.5,12.24,10.55,11.26,12.64,12.97,10.17,9.41,9.08,9.03,9.84,11.69,12.52,10.95
QV2M,1991,-2.5,38.125,13.28,11.77,12.44,13.71,13.87,10.85,10.62,10.17,10.03,10.94,12.68,13.44,11.99
QV2M,1991,-2.5,38.75,14.08,12.76,13.74,15.21,15.2,11.9,11.87,11.31,11.29,12.36,13.82,14.59,13.18
QV2M,1991,-2.5,39.375,14.79,13.72,14.76,16.3,16.4,13.23,13.03,12.37,12.51,13.57,14.7,15.11,14.21
QV2M,1991,-2.5,40.0,15.28,14.73,15.62,16.91,17.26,14.08,13.9,13.14,13.57,14.52,15.38,15.58,15.0
QV2M,1991,-2.5,40.625,16.75,16.41,16.98,17.94,18.24,15.51,15.23,14.41,14.96,15.82,16.57,16.98,16.32
QV2M,1991,-2.5,41.25,18.05,17.72,18.28,18.81,18.82,16.53,15.97,15.3,15.88,16.77,17.6,18.17,17.32
QV2M,1991,-2.5,41.875,17.87,17.67,18.14,18.49,18.76,16.55,15.97,15.24,15.89,16.78,17.47,18.07,17.24
QV2M,1991,-3.0,34.375,11.89,12.45,11.15,12.27,12.17,9.99,8.25,7.68,7.66,9.86,9.74,11.76,10.39
QV2M,1991,-3.0,35.0,11.13,11.54,10.76,11.92,12.07,9.98,8.41,7.84,7.81,9.04,9.72,11.51,10.14
QV2M,1991,-3.0,35.625,10.61,10.38,10.32,11.51,11.74,9.58,8.64,7.98,8.04,8.92,9.81,11.14,9.89
QV2M,1991,-3.0,36.25,10.82,10.6,10.28,12.34,12.64,9.79,9.06,8.64,8.54,9.21,10.13,11.95,10.33
QV2M,1991,-3.0,36.875,11.68,10.49,10.4,12.15,12.71,10.25,9.41,8.94,8.51,9.3,10.45,11.9,10.52
QV2M,1991,-3.0,37.5,11.36,10.15,10.52,11.62,12.1,9.75,9.22,8.81,8.66,9.32,10.66,11.54,10.31
QV2M,1991,-3.0,38.125,13.18,11.83,12.37,13.49,13.73,10.82,10.69,10.19,10.12,10.93,12.38,13.4,11.93
QV2M,1991,-3.0,38.75,14.11,12.94,13.82,15.19,15.22,12.0,11.99,11.46,11.4,12.41,13.7,14.66,13.25
QV2M,1991,-3.0,39.375,14.85,14.01,15.01,16.45,16.55,13.38,13.25,12.55,12.7,13.73,14.74,15.27,14.38
QV2M,1991,-3.0,40.0,16.12,15.63,16.31,17.34,17.49,14.48,14.27,13.6,14.09,14.99,15.85,16.28,15.54
QV2M,1991,-3.0,40.625,18.11,17.69,18.2,18.9,18.69,16.3,15.85,15.22,15.74,16.59,17.52,18.12,17.24
QV2M,1991,-3.0,41.25,18.19,17.76,18.18,18.66,18.77,16.48,15.91,15.26,15.83,16.67,17.51,18.23,17.29
QV2M,1991,-3.0,41.875,18.04,17.67,18.14,18.44,18.74,16.5,15.92,15.21,15.85,16.74,17.46,18.15,17.24
QV2M,1991,-3.5,34.375,12.61,13.27,11.75,12.54,12.24,9.54,8.36,7.81,8.02,9.51,9.72,12.22,10.62
QV2M,1991,-3.5,35.0,11.9,12.41,11.71,12.69,12.54,10.13,8.99,8.53,8.75,9.6,10.3,12.15,10.8
QV2M,1991,-3.5,35.625,11.34,11.34,11.19,12.37,12.38,9.93,8.95,8.36,8.49,9.25,10.12,11.85,10.46
QV2M,1991,-3.5,36.25,11.39,10.68,10.86,12.55,12.72,9.88,9.16,8.73,8.81,9.51,10.59,12.27,10.6
QV2M,1991,-3.5,36.875,11.86,10.37,11.11,12.95,13.26,10.47,9.85,9.35,9.27,10.0,11.14,12.48,11.01
QV2M,1991,-3.5,37.5,12.11,10.46,11.59,13.32,13.8,10.87,10.43,9.94,9.77,10.56,11.68,12.85,11.46
QV2M,1991,-3.5,38.125,12.99,11.63,12.41,13.59,13.82,10.97,10.9,10.42,10.37,11.21,12.33,13.34,12.0
QV2M,1991,-3.5,38.75,14.15,13.03,13.82,15.15,15.16,12.14,12.14,11.61,11.65,12.54,13.66,14.47,13.3
QV2M,1991,-3.5,39.375,15.02,14.28,15.25,16.59,16.67,13.52,13.41,12.7,12.84,13.87,14.87,15.44,14.54
QV2M,1991,-3.5,40.0,17.22,16.72,17.3,18.24,18.07,15.23,14.99,14.37,14.88,15.83,16.75,17.3,16.41
QV2M,1991,-3.5,40.625,18.39,17.86,18.28,18.92,18.66,16.33,15.87,15.24,15.76,16.57,17.51,18.26,17.3
QV2M,1991,-3.5,41.25,18.39,17.88,18.22,18.64,18.71,16.45,15.87,15.22,15.79,16.61,17.5,18.29,17.29
QV2M,1991,-3.5,41.875,18.25,17.75,18.16,18.42,18.7,16.44,15.86,15.16,15.81,16.67,17.45,18.21,17.24
QV2M,1991,-4.0,34.375,12.93,13.51,11.93,12.43,12.1,9.2,8.28,7.63,7.92,9.28,9.7,12.4,10.59
QV2M,1991,-4.0,35.0,12.02,12.56,11.64,12.51,12.23,9.59,8.59,7.97,8.26,9.18,9.91,12.02,10.53
QV2M,1991,-4.0,35.625,11.89,11.88,11.6,12.57,12.41,9.89,9.03,8.46,8.57,9.3,10.16,11.92,10.63
QV2M,1991,-4.0,36.25,12.07,11.25,11.44,12.63,12.71,9.87,9.18,8.71,8.82,9.49,10.61,12.4,10.76
QV2M,1991,-4.0,36.875,12.57,11.28,11.81,13.0,13.11,10.23,9.76,9.28,9.29,9.97,11.25,12.71,11.19
QV2M,1991,-4.0,37.5,12.96,11.5,12.39,13.66,13.8,10.69,10.5,10.02,9.92,10.72,12.02,13.3,11.79
QV2M,1991,-4.0,38.125,13.42,11.97,13.06,14.36,14.4,11.28,11.22,10.79,10.79,11.72,12.89,13.85,12.48
QV2M,1991,-4.0,38.75,14.42,13.2,14.33,15.76,15.71,12.53,12.55,12.06,12.13,13.08,14.1,14.78,13.73
QV2M,1991,-4.0,39.375,15.49,14.78,15.73,16.96,17.15,13.85,13.76,13.05,13.21,14.18,15.23,15.76,14.93
QV2M,1991,-4.0,40.0,18.25,17.65,18.14,18.85,18.46,15.9,15.59,14.94,15.44,16.33,17.38,18.1,17.08
QV2M,1991,-4.0,40.625,18.56,17.97,18.33,18.87,18.61,16.28,15.83,15.19,15.71,16.53,17.51,18.36,17.31
QV2M,1991,-4.0,41.25,18.52,17.99,18.29,18.63,18.65,16.38,15.81,15.17,15.75,16.57,17.53,18.32,17.3
QV2M,1991,-4.0,41.875,18.36,17.88,18.21,18.44,18.67,16.39,15.8,15.1,15.76,16.61,17.47,18.24,17.24
QV2M,1991,-4.5,34.375,12.42,13.0,11.36,12.1,11.75,8.83,8.15,7.46,7.5,8.82,9.24,11.91,10.2
QV2M,1991,-4.5,35.0,11.88,12.47,11.48,12.37,12.02,9.21,8.4,7.75,7.94,8.96,9.63,11.8,10.31
QV2M,1991,-4.5,35.625,12.05,12.28,11.7,12.68,12.36,9.64,8.85,8.31,8.53,9.4,10.2,12.0,10.66
QV2M,1991,-4.5,36.25,12.49,11.91,11.85,12.91,12.72,9.84,9.19,8.74,8.97,9.8,10.76,12.75,10.99
QV2M,1991,-4.5,36.875,12.86,11.7,12.07,13.12,13.05,10.14,9.77,9.35,9.49,10.25,11.32,12.98,11.34
QV2M,1991,-4.5,37.5,13.43,12.08,12.65,13.93,13.91,10.83,10.71,10.28,10.26,10.97,12.1,13.62,12.07
QV2M,1991,-4.5,38.125,13.95,12.34,13.18,14.47,14.46,11.48,11.43,11.0,11.04,11.83,12.96,14.12,12.69
QV2M,1991,-4.5,38.75,15.17,13.77,14.85,16.16,16.04,12.87,12.85,12.33,12.5,13.46,14.59,15.39,14.17
QV2M,1991,-4.5,39.375,16.83,16.07,16.79,17.92,17.79,14.74,14.55,13.9,14.15,15.12,16.15,16.87,15.91
QV2M,1991,-4.5,40.0,18.66,17.98,18.38,18.95,18.53,16.01,15.67,14.98,15.49,16.4,17.53,18.42,17.25
QV2M,1991,-4.5,40.625,18.66,18.05,18.41,18.86,18.58,16.22,15.77,15.14,15.65,16.5,17.53,18.43,17.31
QV2M,1991,-4.5,41.25,18.57,18.08,18.36,18.63,18.59,16.29,15.75,15.11,15.7,16.53,17.53,18.39,17.29
QV2M,1991,-4.5,41.875,18.39,17.99,18.26,18.45,18.64,16.31,15.74,15.04,15.72,16.56,17.5,18.28,17.24
QV2M,1991,0.5,34.375,11.63,10.91,11.72,13.82,14.89,14.3,13.37,13.8,13.44,13.23,13.37,12.42,13.09
QV2M,1991,0.5,35.0,10.53,9.41,10.35,11.77,13.08,12.83,12.17,12.52,11.91,11.83,12.14,11.29,11.67
QV2M,1991,0.5,35.625,9.84,8.64,9.82,11.2,12.71,12.66,12.16,12.4,11.68,11.68,12.01,10.79,11.31
QV2M,1991,0.5,36.25,9.86,8.69,9.48,10.61,11.54,11.45,11.51,12.09,10.93,10.26,10.97,10.19,10.64
QV2M,1991,0.5,36.875,10.64,9.35,9.88,11.26,11.68,10.57,10.64,11.06,9.73,9.7,11.19,10.64,10.54
QV2M,1991,0.5,37.5,11.36,10.03,10.58,12.11,12.45,10.55,10.1,10.17,9.21,10.03,11.87,11.35,10.82
QV2M,1991,0.5,38.125,12.32,10.93,11.49,13.14,13.52,10.88,10.48,10.11,9.67,10.79,12.75,12.3,11.54
QV2M,1991,0.5,38.75,12.98,11.73,12.17,13.84,14.28,11.39,11.31,10.6,10.43,11.56,13.21,12.83,12.2
QV2M,1991,0.5,39.375,13.4,12.02,12.46,14.18,14.92,12.14,12.13,11.31,11.16,12.19,13.48,13.11,12.71
QV2M,1991,0.5,40.0,13.54,12.34,12.72,14.36,15.27,12.66,12.65,11.69,11.61,12.58,13.72,13.28,13.04
QV2M,1991,0.5,40.625,13.71,12.62,13.05,14.76,15.62,12.92,12.98,11.82,11.96,12.87,14.13,13.59,13.34
QV2M,1991,0.5,41.25,13.91,12.99,13.54,15.21,16.0,13.17,13.23,12.09,12.5,13.38,14.5,13.88,13.7
QV2M,1991,0.5,41.875,14.28,13.36,14.04,15.74,16.68,13.7,13.66,12.43,12.95,13.85,14.81,14.34,14.16
QV2M,1991,1.0,34.375,10.37,9.97,10.56,11.93,12.92,12.85,12.13,12.35,11.73,11.58,11.78,10.91,11.6
QV2M,1991,1.0,35.0,9.68,8.67,9.56,10.91,12.17,12.16,11.83,11.9,11.13,11.13,11.52,10.61,10.95
QV2M,1991,1.0,35.625,9.58,8.24,9.49,10.98,12.4,12.06,12.32,12.43,11.38,10.75,11.11,9.94,10.91
QV2M,1991,1.0,36.25,9.98,8.71,9.53,11.0,11.49,10.65,11.63,11.76,10.27,9.74,10.92,10.14,10.5
QV2M,1991,1.0,36.875,10.77,9.59,10.19,11.62,11.82,10.26,10.41,10.47,9.26,9.74,11.37,10.62,10.52
QV2M,1991,1.0,37.5,11.65,10.3,10.9,12.6,12.75,10.6,10.24,10.04,9.2,10.14,12.1,11.5,11.01
QV2M,1991,1.0,38.125,12.23,10.92,11.46,13.13,13.43,10.86,10.56,10.14,9.74,10.75,12.66,12.16,11.51
QV2M,1991,1.0,38.75,12.89,11.49,11.96,13.74,14.12,11.35,11.31,10.58,10.38,11.5,13.12,12.68,12.1
QV2M,1991,1.0,39.375,13.22,11.62,12.21,14.08,14.74,12.01,12.04,11.21,10.96,12.06,13.38,12.86,12.54
QV2M,1991,1.0,40.0,13.26,11.87,12.49,14.36,15.08,12.51,12.49,11.5,11.35,12.4,13.63,13.03,12.84
QV2M,1991,1.0,40.625,13.36,12.1,12.76,14.79,15.42,12.72,12.77,11.61,11.73,12.72,14.04,13.39,13.12
QV2M,1991,1.0,41.25,13.49,12.4,13.18,15.14,15.86,12.97,13.05,11.88,12.23,13.17,14.36,13.69,13.46
QV2M,1991,1.0,41.875,13.74,12.67,13.6,15.46,16.36,13.46,13.41,12.22,12.66,13.59,14.65,14.06,13.83
QV2M,1991,1.5,34.375,9.13,7.87,9.23,11.36,13.38,13.68,13.24,13.43,12.36,12.14,11.76,10.14,11.5
QV2M,1991,1.5,35.0,9.32,8.08,9.42,11.02,12.37,12.48,12.54,12.6,11.12,10.94,11.18,9.88,10.93
QV2M,1991,1.5,35.625,9.61,8.45,9.69,11.28,12.24,11.5,12.35,12.04,10.2,10.2,10.95,9.83,10.71
QV2M,1991,1.5,36.25,10.15,8.95,9.9,11.48,11.48,10.24,11.41,11.07,9.22,9.36,10.99,10.06,10.37
QV2M,1991,1.5,36.875,10.98,9.78,10.59,12.24,12.23,10.43,10.36,10.01,8.91,9.75,11.61,10.71,10.64
QV2M,1991,1.5,37.5,11.68,10.33,11.19,12.94,12.97,10.76,10.51,10.16,9.41,10.36,12.25,11.44,11.17
QV2M,1991,1.5,38.125,12.38,10.92,11.65,13.53,13.56,10.96,10.76,10.23,9.82,10.96,12.82,12.21,11.65
QV2M,1991,1.5,38.75,13.06,11.08,11.96,14.2,14.14,11.39,11.35,10.6,10.36,11.61,13.32,12.84,12.17
QV2M,1991,1.5,39.375,13.0,11.5,12.07,14.2,14.71,12.03,11.96,11.1,10.77,12.01,13.32,12.52,12.44
QV2M,1991,1.5,40.0,13.15,11.52,12.22,14.53,14.98,12.34,12.31,11.31,11.1,12.34,13.6,12.76,12.69
QV2M,1991,1.5,40.625,12.92,11.52,12.43,14.79,15.34,12.55,12.57,11.4,11.49,12.58,13.95,13.23,12.91
QV2M,1991,1.5,41.25,12.97,11.69,12.74,14.81,15.5,12.84,12.8,11.69,11.94,12.93,14.13,13.28,13.12
QV2M,1991,1.5,41.875,13.01,11.88,13.11,15.32,16.07,13.22,13.16,11.99,12.34,13.3,14.54,13.84,13.49
QV2M,1991,2.0,34.375,9.11,8.2,9.46,11.0,13.09,13.61,13.43,13.48,11.35,11.46,11.24,9.58,11.27
QV2M,1991,2.0,35.0,9.43,8.4,9.65,11.26,12.1,11.79,12.26,11.95,9.76,10.27,10.86,9.64,10.63
QV2M,1991,2.0,35.625,9.84,8.74,9.97,11.79,12.04,10.66,11.75,11.09,9.0,9.77,10.89,9.83,10.46
QV2M,1991,2.0,36.25,10.39,9.2,10.35,12.28,11.79,10.26,10.77,10.3,8.78,9.63,11.24,10.2,10.44
QV2M,1991,2.0,36.875,11.05,9.84,10.83,12.71,12.57,10.58,10.3,9.83,9.11,10.04,11.78,10.73,10.79
QV2M,1991,2.0,37.5,11.9,10.52,11.48,13.59,13.39,10.95,10.55,10.11,9.52,10.7,12.48,11.48,11.39
QV2M,1991,2.0,38.125,12.6,10.89,11.7,14.01,13.86,11.09,10.93,10.31,9.89,11.25,12.95,12.01,11.8
QV2M,1991,2.0,38.75,12.71,11.08,11.92,14.22,14.33,11.56,11.41,10.64,10.29,11.7,13.17,11.94,12.09
QV2M,1991,2.0,39.375,12.48,11.08,11.97,14.32,14.84,12.1,11.9,11.01,10.57,12.02,13.29,11.83,12.29
QV2M,1991,2.0,40.0,12.47,11.11,12.04,14.59,15.13,12.34,12.22,11.21,10.87,12.3,13.53,12.08,12.5
QV2M,1991,2.0,40.625,12.14,10.79,12.14,15.05,15.38,12.31,12.41,11.2,11.21,12.42,13.97,12.9,12.67
QV2M,1991,2.0,41.25,12.28,10.98,12.37,14.98,15.54,12.67,12.59,11.45,11.59,12.66,14.06,12.97,12.86
QV2M,1991,2.0,41.875,12.11,11.12,12.63,15.43,16.02,12.94,12.92,11.73,11.97,13.05,14.33,13.44,13.15
QV2M,1991,2.5,34.375,9.4,8.49,9.73,11.14,12.5,12.6,12.8,12.5,9.68,10.6,10.74,9.4,10.81
QV2M,1991,2.5,35.0,9.79,8.77,10.05,11.8,12.23,11.25,11.85,11.3,9.09,10.26,10.88,9.76,10.6
QV2M,1991,2.5,35.625,10.17,9.08,10.39,12.37,12.17,10.67,11.33,10.66,9.03,10.11,11.12,10.07,10.61
QV2M,1991,2.5,36.25,11.31,10.34,11.59,13.4,13.01,11.36,11.23,10.84,10.03,11.0,12.13,11.1,11.45
QV2M,1991,2.5,36.875,11.33,10.14,11.36,13.28,13.15,10.95,10.65,10.21,9.58,10.62,12.13,10.99,11.2
QV2M,1991,2.5,37.5,11.71,10.26,11.51,13.74,13.51,10.9,10.61,10.12,9.58,10.88,12.38,11.12,11.37
QV2M,1991,2.5,38.125,11.87,10.53,11.69,13.78,13.99,11.26,10.97,10.32,9.87,11.33,12.59,11.01,11.61
QV2M,1991,2.5,38.75,11.91,10.6,11.89,14.11,14.51,11.69,11.4,10.61,10.13,11.68,12.8,10.98,11.87
QV2M,1991,2.5,39.375,11.65,10.43,11.99,14.31,14.96,12.09,11.8,10.92,10.35,11.94,12.91,10.91,12.03
QV2M,1991,2.5,40.0,11.57,10.49,12.07,14.5,15.18,12.24,12.06,11.08,10.64,12.13,13.07,11.07,12.18
QV2M,1991,2.5,40.625,11.4,10.32,11.96,14.77,15.33,12.2,12.16,11.02,10.92,12.23,13.33,11.51,12.27
QV2M,1991,2.5,41.25,11.39,10.41,12.09,14.64,15.41,12.56,12.35,11.28,11.3,12.42,13.38,11.44,12.4
QV2M,1991,2.5,41.875,11.53,10.47,12.25,14.88,15.77,12.81,12.62,11.53,11.66,12.8,13.58,11.91,12.66
QV2M,1991,3.0,34.375,9.74,8.7,10.13,11.86,12.76,12.43,12.4,12.11,9.39,10.72,10.94,9.35,10.89
QV2M,1991,3.0,35.0,10.16,9.04,10.58,12.42,12.79,11.51,11.7,11.26,9.27,10.8,11.28,9.89,10.9
QV2M,1991,3.0,35.625,10.61,9.53,11.17,13.02,12.79,11.15,11.35,10.73,9.69,10.84,11.57,10.52,11.09
QV2M,1991,3.0,36.25,12.46,11.65,12.95,14.47,14.1,12.25,11.89,11.54,11.06,12.25,13.15,12.18,12.5
QV2M,1991,3.0,36.875,11.17,9.98,11.42,13.36,13.19,10.84,10.63,10.16,9.53,10.78,12.03,10.71,11.16
QV2M,1991,3.0,37.5,11.21,9.92,11.57,13.6,13.68,10.97,10.7,10.14,9.59,11.01,12.13,10.48,11.26
QV2M,1991,3.0,38.125,11.04,9.91,11.73,13.66,14.15,11.42,11.0,10.27,9.75,11.29,12.17,10.24,11.39
QV2M,1991,3.0,38.75,10.86,9.72,11.9,13.96,14.65,11.73,11.35,10.54,9.94,11.51,12.17,10.18,11.55
QV2M,1991,3.0,39.375,10.68,9.68,11.79,14.02,14.97,12.02,11.68,10.83,10.19,11.65,12.15,10.14,11.66
QV2M,1991,3.0,40.0,10.74,9.79,11.85,14.29,15.18,12.13,11.86,10.92,10.45,11.8,12.32,10.28,11.81
QV2M,1991,3.0,40.625,10.78,9.85,11.66,14.42,15.19,12.15,11.9,10.84,10.65,11.97,12.49,10.4,11.87
QV2M,1991,3.0,41.25,10.91,9.87,11.7,14.43,15.34,12.38,12.07,11.06,10.98,12.17,12.63,10.65,12.03
QV2M,1991,3.0,41.875,11.16,9.84,11.81,14.41,15.44,12.61,12.25,11.21,11.22,12.46,12.83,10.97,12.2
QV2M,1991,3.5,34.375,10.2,8.96,10.62,12.41,13.4,12.46,12.03,11.81,9.64,11.07,11.38,9.73,11.16
QV2M,1991,3.5,35.0,10.52,9.35,11.21,13.02,13.54,11.9,11.68,11.28,9.49,11.37,11.7,10.04,11.27
QV2M,1991,3.5,35.625,11.3,10.3,11.96,13.6,13.42,11.41,11.34,10.85,10.02,11.4,12.12,10.9,11.56
QV2M,1991,3.5,36.25,12.43,11.73,13.1,14.43,14.4,12.28,11.95,11.57,11.17,12.31,13.18,11.87,12.54
QV2M,1991,3.5,36.875,10.62,9.47,11.54,13.36,13.58,10.96,10.58,10.06,9.4,10.81,11.66,9.98,11.01
QV2M,1991,3.5,37.5,10.21,9.22,11.49,13.25,13.73,11.13,10.7,10.11,9.49,10.92,11.5,9.55,10.95
QV2M,1991,3.5,38.125,10.01,9.15,11.54,13.34,14.46,11.7,11.16,10.47,9.71,11.13,11.36,9.41,11.13
QV2M,1991,3.5,38.75,9.72,8.94,11.33,13.29,14.67,11.81,11.37,10.65,9.97,11.19,11.15,9.36,11.13
QV2M,1991,3.5,39.375,9.94,9.07,11.43,13.53,14.84,11.97,11.52,10.79,10.18,11.36,11.32,9.63,11.31
QV2M,1991,3.5,40.0,10.17,9.21,11.54,14.02,15.12,11.98,11.61,10.72,10.22,11.49,11.57,9.92,11.48
QV2M,1991,3.5,40.625,10.34,9.32,11.59,14.52,15.24,12.02,11.59,10.59,10.35,11.75,11.85,10.16,11.62
QV2M,1991,3.5,41.25,10.66,9.58,11.68,14.46,15.33,12.26,11.8,10.82,10.68,11.97,12.11,10.37,11.82
QV2M,1991,3.5,41.875,10.69,9.51,11.63,14.34,15.41,12.42,11.95,10.95,10.9,12.27,12.36,10.64,11.94
QV2M,1991,4.0,34.375,10.8,9.19,11.4,13.45,14.72,13.35,12.51,12.37,10.21,12.03,12.36,9.97,11.88
QV2M,1991,4.0,35.0,11.03,9.78,11.89,13.74,14.5,12.5,11.75,11.66,9.81,12.12,12.27,10.11,11.78
QV2M,1991,4.0,35.625,11.5,10.68,12.39,13.87,14.05,11.86,11.33,11.06,10.18,11.68,12.24,10.72,11.8
QV2M,1991,4.0,36.25,12.28,11.7,13.44,14.56,14.91,12.73,12.15,11.8,11.45,12.58,13.03,11.59,12.69
QV2M,1991,4.0,36.875,9.92,9.06,11.6,13.14,13.93,11.49,10.71,10.21,9.37,10.79,10.91,9.31,10.88
QV2M,1991,4.0,37.5,9.34,8.66,11.26,12.84,13.94,11.45,10.75,10.16,9.39,10.63,10.39,8.86,10.65
QV2M,1991,4.0,38.125,9.06,8.44,10.85,12.49,13.96,11.58,11.0,10.47,9.65,10.61,10.16,8.65,10.59
QV2M,1991,4.0,38.75,9.16,8.4,10.97,12.61,13.89,11.63,10.96,10.38,9.63,10.56,10.24,8.84,10.62
QV2M,1991,4.0,39.375,9.72,8.66,11.51,13.26,14.51,11.92,11.25,10.52,9.79,10.9,10.64,9.34,11.02
QV2M,1991,4.0,40.0,9.88,8.83,11.47,13.75,15.01,11.99,11.4,10.44,9.9,11.14,10.87,9.5,11.2
QV2M,1991,4.0,40.625,10.17,9.03,11.61,14.33,15.22,11.89,11.26,10.35,10.04,11.44,11.35,9.92,11.4
QV2M,1991,4.0,41.25,10.59,9.22,11.65,14.42,15.47,12.14,11.5,10.5,10.35,11.78,11.69,10.27,11.65
QV2M,1991,4.0,41.875,10.53,9.17,11.52,14.52,15.67,12.34,11.72,10.69,10.65,12.22,11.99,10.57,11.81
QV2M,1991,4.5,34.375,11.35,9.4,11.91,14.55,16.01,13.87,12.82,13.05,10.55,13.1,12.93,9.84,12.47
QV2M,1991,4.5,35.0,11.48,10.18,12.24,14.31,15.32,13.5,12.1,12.2,10.26,12.62,12.74,10.14,12.27
QV2M,1991,4.5,35.625,11.35,10.59,12.37,14.0,14.57,12.53,11.47,11.33,10.08,11.85,11.89,10.25,11.86
QV2M,1991,4.5,36.25,11.1,10.38,12.53,14.07,14.77,12.63,11.47,11.2,10.29,11.91,11.48,10.33,11.86
QV2M,1991,4.5,36.875,10.12,9.63,12.07,13.43,14.46,12.35,11.34,10.99,10.28,11.31,10.55,9.56,11.35
QV2M,1991,4.5,37.5,8.92,8.47,11.14,12.61,13.88,11.84,10.8,10.41,9.78,10.52,9.49,8.6,10.55
QV2M,1991,4.5,38.125,8.68,8.29,10.66,12.06,13.3,11.46,10.66,10.29,9.43,10.1,9.52,8.34,10.24
QV2M,1991,4.5,38.75,8.9,8.36,10.96,12.48,13.75,11.56,10.81,10.33,9.49,10.29,9.74,8.6,10.45
QV2M,1991,4.5,39.375,9.12,8.4,11.05,12.84,14.31,11.71,10.98,10.26,9.5,10.47,9.87,8.85,10.63
QV2M,1991,4.5,40.0,9.26,8.46,10.99,12.86,14.3,11.68,11.02,10.23,9.64,10.57,10.01,8.93,10.68
QV2M,1991,4.5,40.625,9.79,8.75,11.3,13.56,14.94,11.78,11.03,10.15,9.77,10.96,10.49,9.4,11.01
QV2M,1991,4.5,41.25,10.22,9.06,11.47,13.92,15.31,12.0,11.24,10.26,10.06,11.39,10.97,9.83,11.32
QV2M,1991,4.5,41.875,10.26,8.91,11.34,14.57,16.03,12.35,11.49,10.46,10.45,12.09,11.37,10.33,11.65
QV2M,1992,-0.5,34.375,12.14,12.24,11.21,13.97,13.43,13.02,11.95,11.68,11.87,13.31,12.51,13.26,12.55
QV2M,1992,-0.5,35.0,10.58,10.85,9.81,12.85,12.38,12.18,11.28,10.89,10.94,12.01,11.19,11.86,11.4
QV2M,1992,-0.5,35.625,8.95,8.93,8.8,11.16,10.71,10.57,9.98,9.68,9.64,10.44,10.07,10.59,9.96
QV2M,1992,-0.5,36.25,9.14,8.43,9.06,11.33,10.74,10.41,9.85,9.57,9.54,10.42,10.34,10.71,9.97
QV2M,1992,-0.5,36.875,9.9,8.76,9.76,12.16,11.39,10.58,9.88,9.46,9.67,10.64,11.09,11.44,10.4
QV2M,1992,-0.5,37.5,10.98,9.74,10.79,13.47,12.65,11.28,10.38,9.84,10.32,11.43,12.44,13.0,11.36
QV2M,1992,-0.5,38.125,11.67,10.25,11.35,14.35,13.18,11.2,10.16,9.56,10.44,11.43,13.61,14.34,11.8
QV2M,1992,-0.5,38.75,12.14,11.05,12.16,15.21,14.26,12.02,10.8,10.3,11.47,12.2,14.45,15.28,12.61
QV2M,1992,-0.5,39.375,12.41,11.58,12.77,15.68,15.47,13.08,11.63,11.23,12.54,12.9,14.71,15.84,13.32
QV2M,1992,-0.5,40.0,12.91,12.14,13.23,15.86,16.02,13.74,12.2,11.76,13.06,13.29,14.92,16.05,13.77
QV2M,1992,-0.5,40.625,13.41,12.71,13.72,16.03,16.73,14.3,12.71,12.15,13.66,13.75,15.22,16.68,14.26
QV2M,1992,-0.5,41.25,14.0,13.31,14.28,16.25,17.1,14.61,12.97,12.39,13.95,14.1,15.5,16.96,14.62
QV2M,1992,-0.5,41.875,14.88,14.27,15.15,16.6,17.44,15.19,13.63,12.98,14.46,14.72,15.82,17.01,15.18
QV2M,1992,-1.0,34.375,12.39,12.86,11.32,13.76,12.68,12.33,10.98,10.46,10.8,12.2,12.03,13.2,12.08
QV2M,1992,-1.0,35.0,10.28,11.52,10.57,12.83,12.12,11.61,10.43,9.81,9.96,10.87,10.76,11.59,11.02
QV2M,1992,-1.0,35.625,9.11,10.34,9.78,12.24,11.64,10.99,10.03,9.41,9.52,10.31,10.28,10.81,10.37
QV2M,1992,-1.0,36.25,9.61,9.0,9.61,12.06,11.53,10.8,9.92,9.29,9.53,10.37,10.66,11.05,10.29
QV2M,1992,-1.0,36.875,10.53,9.11,10.16,12.68,11.8,10.75,9.77,9.12,9.44,10.47,11.58,12.13,10.63
QV2M,1992,-1.0,37.5,11.5,10.18,11.07,13.83,12.93,11.45,10.36,9.61,10.31,11.36,12.75,13.36,11.56
QV2M,1992,-1.0,38.125,11.56,10.24,11.39,14.44,13.28,11.33,10.21,9.6,10.52,11.44,13.49,14.03,11.8
QV2M,1992,-1.0,38.75,12.35,11.3,12.38,15.66,14.58,12.21,10.92,10.45,11.62,12.39,14.75,15.37,12.83
QV2M,1992,-1.0,39.375,12.71,11.91,13.1,16.31,15.84,13.26,11.76,11.38,12.74,13.17,15.08,15.96,13.6
QV2M,1992,-1.0,40.0,13.25,12.54,13.6,16.48,16.39,13.98,12.37,11.94,13.3,13.57,15.29,16.29,14.08
QV2M,1992,-1.0,40.625,13.8,13.2,14.08,16.47,17.04,14.62,12.95,12.4,13.92,13.99,15.44,16.81,14.56
QV2M,1992,-1.0,41.25,14.48,13.95,14.73,16.68,17.38,15.02,13.29,12.69,14.23,14.41,15.67,17.0,14.96
QV2M,1992,-1.0,41.875,16.06,15.66,16.41,17.54,17.95,15.89,14.4,13.77,15.08,15.56,16.53,17.43,16.02
QV2M,1992,-1.5,34.375,11.42,12.71,10.71,13.46,12.22,11.44,9.69,8.96,9.75,11.1,11.15,12.27,11.23
QV2M,1992,-1.5,35.0,10.16,11.88,10.57,13.09,12.2,11.08,9.66,8.69,9.1,10.14,10.53,11.34,10.69
QV2M,1992,-1.5,35.625,9.57,10.52,10.08,12.5,11.89,10.68,9.46,8.79,9.03,9.84,10.44,10.92,10.31
QV2M,1992,-1.5,36.25,10.05,9.48,9.78,12.85,12.35,11.06,9.78,8.95,9.34,10.22,11.08,11.52,10.54
QV2M,1992,-1.5,36.875,10.51,9.1,10.01,12.69,11.91,10.61,9.32,8.57,9.23,10.22,11.53,11.99,10.48
QV2M,1992,-1.5,37.5,11.27,9.82,10.74,13.5,12.7,11.07,9.85,9.08,9.87,10.84,12.51,13.06,11.19
QV2M,1992,-1.5,38.125,12.07,10.82,11.66,14.52,13.54,11.62,10.41,9.76,10.69,11.54,13.62,14.16,12.03
QV2M,1992,-1.5,38.75,12.62,11.67,12.62,15.88,14.81,12.42,11.02,10.59,11.73,12.45,14.72,15.23,12.98
QV2M,1992,-1.5,39.375,13.07,12.29,13.46,16.71,15.96,13.5,11.9,11.51,12.81,13.32,15.28,15.94,13.81
QV2M,1992,-1.5,40.0,13.59,12.95,13.99,17.02,16.8,14.35,12.64,12.17,13.63,13.82,15.56,16.55,14.42
QV2M,1992,-1.5,40.625,14.19,13.67,14.47,16.91,17.3,14.99,13.23,12.69,14.16,14.23,15.62,16.85,14.86
QV2M,1992,-1.5,41.25,15.02,14.56,15.22,17.14,17.7,15.45,13.57,13.0,14.51,14.67,15.83,17.1,15.31
QV2M,1992,-1.5,41.875,17.14,16.9,17.61,18.43,18.44,16.61,15.21,14.57,15.7,16.3,17.25,17.93,16.84
QV2M,1992,-1.7975103014118005e-13,34.375,11.74,12.06,11.26,14.15,14.25,13.75,12.69,12.69,12.89,13.85,12.88,13.27,12.96
QV2M,1992,-1.7975103014118005e-13,35.0,10.83,10.84,10.16,13.03,13.15,12.95,12.11,12.0,12.08,12.95,11.93,12.21,12.02
QV2M,1992,-1.7975103014118005e-13,35.625,9.73,9.1,9.03,11.37,11.35,11.32,10.84,10.72,10.63,11.33,10.73,11.07,10.61
QV2M,1992,-1.7975103014118005e-13,36.25,9.1,8.3,8.78,11.17,10.78,10.85,10.63,10.66,10.2,10.98,10.29,10.67,10.21
QV2M,1992,-1.7975103014118005e-13,36.875,9.76,8.92,9.46,11.75,11.29,10.66,10.15,10.05,9.86,10.64,10.69,11.09,10.36
QV2M,1992,-1.7975103014118005e-13,37.5,10.41,9.51,10.34,12.49,11.77,10.56,9.75,9.41,9.72,10.66,11.51,11.99,10.68
QV2M,1992,-1.7975103014118005e-13,38.125,11.72,10.49,11.44,14.31,13.17,11.18,10.14,9.54,10.39,11.42,13.54,14.44,11.82
QV2M,1992,-1.7975103014118005e-13,38.75,12.08,11.05,12.05,14.96,14.24,12.02,10.78,10.24,11.42,12.08,14.09,15.12,12.51
QV2M,1992,-1.7975103014118005e-13,39.375,12.27,11.31,12.49,15.22,15.23,12.98,11.56,11.08,12.34,12.64,14.25,15.54,13.08
QV2M,1992,-1.7975103014118005e-13,40.0,12.68,11.8,12.96,15.32,15.7,13.58,12.09,11.6,12.83,13.02,14.49,15.8,13.49
QV2M,1992,-1.7975103014118005e-13,40.625,13.12,12.29,13.42,15.61,16.36,14.01,12.47,11.9,13.33,13.42,14.96,16.45,13.95
QV2M,1992,-1.7975103014118005e-13,41.25,13.6,12.78,13.9,15.89,16.75,14.24,12.68,12.14,13.66,13.78,15.32,16.8,14.3
QV2M,1992,-1.7975103014118005e-13,41.875,14.15,13.35,14.42,16.18,17.19,14.77,13.2,12.55,14.09,14.2,15.57,16.97,14.72
QV2M,1992,-2.0,34.375,10.97,12.72,10.54,13.28,11.93,10.69,8.78,7.95,8.84,10.15,10.87,11.84,10.7
QV2M,1992,-2.0,35.0,10.17,11.89,10.45,13.04,12.12,10.63,8.97,7.96,8.61,9.64,10.71,11.36,10.45
QV2M,1992,-2.0,35.625,10.0,10.76,10.16,12.71,12.08,10.58,9.24,8.36,8.82,9.77,10.78,11.25,10.37
QV2M,1992,-2.0,36.25,10.48,9.79,10.06,13.25,12.59,10.87,9.34,8.52,9.22,10.19,11.4,11.83,10.63
QV2M,1992,-2.0,36.875,10.43,9.13,9.97,12.94,12.17,10.61,9.02,8.42,9.18,10.19,11.6,12.0,10.47
QV2M,1992,-2.0,37.5,11.37,10.0,10.77,13.73,12.89,11.06,9.67,8.92,9.78,10.77,12.61,13.12,11.22
QV2M,1992,-2.0,38.125,12.24,11.26,11.82,14.68,13.7,11.68,10.37,9.73,10.67,11.48,13.68,14.21,12.13
QV2M,1992,-2.0,38.75,13.03,12.21,12.95,16.11,15.02,12.64,11.15,10.72,11.81,12.5,14.86,15.33,13.19
QV2M,1992,-2.0,39.375,13.54,12.85,13.91,17.01,16.12,13.78,12.12,11.68,12.97,13.43,15.46,16.11,14.08
QV2M,1992,-2.0,40.0,14.1,13.53,14.58,17.48,17.01,14.62,12.84,12.36,13.75,14.03,15.84,16.73,14.74
QV2M,1992,-2.0,40.625,14.98,14.56,15.35,17.52,17.62,15.45,13.61,13.1,14.5,14.64,16.0,17.04,15.36
QV2M,1992,-2.0,41.25,16.57,16.36,17.03,18.05,17.97,15.97,14.48,13.99,15.21,15.66,16.7,17.39,16.28
QV2M,1992,-2.0,41.875,17.64,17.53,18.18,18.88,18.55,16.97,15.71,15.03,16.03,16.75,17.65,18.23,17.26
QV2M,1992,-2.5,34.375,10.49,12.66,10.76,12.92,11.59,10.17,8.2,7.42,8.06,9.21,10.82,11.89,10.33
QV2M,1992,-2.5,35.0,10.25,11.79,10.4,12.74,11.8,10.22,8.43,7.59,8.12,9.02,10.87,11.59,10.22
QV2M,1992,-2.5,35.625,10.46,11.4,10.15,13.13,12.39,10.56,8.81,7.94,8.49,9.43,11.22,12.01,10.49
QV2M,1992,-2.5,36.25,10.6,10.04,9.98,13.37,12.73,10.75,9.21,8.42,8.87,9.81,11.48,12.14,10.61
QV2M,1992,-2.5,36.875,10.91,9.67,10.14,13.58,12.73,10.92,8.85,8.16,8.85,10.0,11.86,12.66,10.69
QV2M,1992,-2.5,37.5,11.55,10.34,10.71,13.86,12.94,10.88,9.25,8.58,9.45,10.4,12.56,13.37,11.16
QV2M,1992,-2.5,38.125,12.44,11.54,11.89,14.73,13.74,11.68,10.33,9.66,10.58,11.3,13.68,14.35,12.16
QV2M,1992,-2.5,38.75,13.32,12.67,13.24,16.11,15.05,12.74,11.23,10.77,11.79,12.4,14.86,15.5,13.3
QV2M,1992,-2.5,39.375,14.02,13.42,14.29,17.04,16.12,13.97,12.3,11.82,13.01,13.35,15.5,16.26,14.26
QV2M,1992,-2.5,40.0,14.98,14.47,15.38,17.61,17.03,14.8,13.05,12.61,13.83,14.22,16.02,16.88,15.07
QV2M,1992,-2.5,40.625,16.54,16.3,16.98,18.32,18.0,16.11,14.48,14.02,15.17,15.57,16.81,17.52,16.32
QV2M,1992,-2.5,41.25,17.72,17.64,18.26,19.07,18.49,16.89,15.56,14.97,15.99,16.65,17.72,18.23,17.26
QV2M,1992,-2.5,41.875,17.62,17.54,18.14,18.85,18.51,16.94,15.65,14.98,15.99,16.68,17.58,18.18,17.22
QV2M,1992,-3.0,34.375,10.51,12.77,11.1,12.98,11.66,9.97,8.14,7.53,8.06,8.57,10.81,11.96,10.32
QV2M,1992,-3.0,35.0,10.26,12.12,10.71,12.82,11.88,10.19,8.44,7.69,8.2,8.69,10.79,11.64,10.27
QV2M,1992,-3.0,35.625,10.06,11.03,9.97,12.36,11.6,10.02,8.67,7.96,8.37,8.92,10.67,11.35,10.07
QV2M,1992,-3.0,36.25,10.53,10.99,9.4,13.43,12.89,10.84,9.25,8.34,8.89,9.38,11.32,12.35,10.63
QV2M,1992,-3.0,36.875,10.74,10.09,9.47,13.46,12.92,11.03,9.47,8.57,8.8,9.56,11.42,12.61,10.68
QV2M,1992,-3.0,37.5,10.8,9.93,10.0,12.75,12.11,10.43,9.12,8.52,9.07,9.68,11.43,12.14,10.5
QV2M,1992,-3.0,38.125,12.37,11.54,11.9,14.51,13.59,11.65,10.37,9.72,10.58,11.14,13.47,14.26,12.09
QV2M,1992,-3.0,38.75,13.44,12.82,13.36,16.07,15.1,12.82,11.36,10.85,11.8,12.32,14.86,15.69,13.37
QV2M,1992,-3.0,39.375,14.32,13.79,14.51,17.11,16.26,14.11,12.44,11.91,13.01,13.32,15.57,16.47,14.4
QV2M,1992,-3.0,40.0,15.8,15.44,16.09,17.88,17.24,15.1,13.39,13.01,14.17,14.55,16.31,17.13,15.51
QV2M,1992,-3.0,40.625,17.68,17.61,18.14,19.08,18.41,16.73,15.29,14.82,15.85,16.4,17.61,18.17,17.14
QV2M,1992,-3.0,41.25,17.7,17.63,18.17,18.98,18.43,16.83,15.48,14.92,15.93,16.49,17.63,18.18,17.19
QV2M,1992,-3.0,41.875,17.63,17.54,18.14,18.84,18.49,16.9,15.58,14.92,15.95,16.59,17.58,18.13,17.19
QV2M,1992,-3.5,34.375,11.09,13.32,11.73,13.47,11.84,9.97,8.18,7.6,8.3,8.79,11.21,12.42,10.64
QV2M,1992,-3.5,35.0,10.93,12.91,11.58,13.53,12.17,10.5,8.89,8.27,8.93,9.52,11.49,12.35,10.91
QV2M,1992,-3.5,35.625,10.34,12.08,10.71,13.29,12.06,10.4,8.98,8.21,8.73,9.32,11.32,12.13,10.62
QV2M,1992,-3.5,36.25,10.69,11.28,10.16,13.68,12.68,10.77,9.22,8.44,9.07,9.68,11.75,12.57,10.82
QV2M,1992,-3.5,36.875,10.86,10.54,10.23,14.17,13.41,11.35,9.92,9.02,9.56,10.18,12.25,13.09,11.21
QV2M,1992,-3.5,37.5,11.25,10.44,10.79,14.58,13.88,11.79,10.4,9.57,10.11,10.64,12.78,13.52,11.65
QV2M,1992,-3.5,38.125,12.26,11.49,11.83,14.57,13.75,11.78,10.51,9.92,10.75,11.19,13.43,14.15,12.13
QV2M,1992,-3.5,38.75,13.44,12.83,13.33,15.86,14.96,12.94,11.55,11.04,11.93,12.35,14.58,15.37,13.35
QV2M,1992,-3.5,39.375,14.53,14.07,14.75,17.21,16.38,14.26,12.57,12.02,13.05,13.43,15.59,16.51,14.53
QV2M,1992,-3.5,40.0,16.76,16.59,17.14,18.58,17.83,15.83,14.15,13.8,14.92,15.38,16.97,17.68,16.3
QV2M,1992,-3.5,40.625,17.82,17.77,18.12,19.08,18.38,16.74,15.3,14.84,15.85,16.38,17.59,18.15,17.16
QV2M,1992,-3.5,41.25,17.8,17.71,18.09,19.01,18.38,16.78,15.41,14.86,15.89,16.43,17.58,18.15,17.17
QV2M,1992,-3.5,41.875,17.69,17.59,18.07,18.89,18.44,16.85,15.5,14.87,15.91,16.5,17.55,18.08,17.16
QV2M,1992,-4.0,34.375,11.35,13.56,11.83,13.53,11.71,9.79,7.97,7.4,8.22,8.7,11.29,12.51,10.64
QV2M,1992,-4.0,35.0,10.7,13.0,11.47,13.37,11.68,9.98,8.32,7.75,8.49,8.99,11.25,12.27,10.59
QV2M,1992,-4.0,35.625,10.58,12.47,11.14,13.36,11.86,10.27,8.83,8.2,8.78,9.27,11.38,12.34,10.69
QV2M,1992,-4.0,36.25,10.88,12.04,10.71,13.79,12.39,10.62,9.14,8.43,9.1,9.61,11.81,12.79,10.93
QV2M,1992,-4.0,36.875,11.38,11.66,10.9,14.19,12.98,11.1,9.74,9.0,9.61,10.16,12.37,13.33,11.36
QV2M,1992,-4.0,37.5,11.95,11.72,11.57,14.83,13.68,11.66,10.32,9.59,10.25,10.78,13.12,14.02,11.95
QV2M,1992,-4.0,38.125,12.6,12.05,12.48,15.3,14.25,12.09,10.8,10.17,10.99,11.53,14.01,14.84,12.59
QV2M,1992,-4.0,38.75,13.64,13.09,13.76,16.45,15.46,13.37,11.9,11.36,12.28,12.71,15.02,15.87,13.74
QV2M,1992,-4.0,39.375,14.98,14.62,15.2,17.67,16.76,14.57,12.84,12.31,13.32,13.74,15.86,16.79,14.88
QV2M,1992,-4.0,40.0,17.64,17.58,17.85,19.1,18.18,16.44,14.89,14.48,15.52,16.1,17.42,18.07,16.93
QV2M,1992,-4.0,40.625,17.94,17.87,18.07,19.12,18.31,16.69,15.24,14.79,15.8,16.36,17.55,18.13,17.15
QV2M,1992,-4.0,41.25,17.92,17.83,18.05,19.04,18.34,16.73,15.33,14.81,15.84,16.4,17.57,18.12,17.16
QV2M,1992,-4.0,41.875,17.78,17.7,18.02,18.97,18.37,16.79,15.42,14.82,15.85,16.44,17.53,18.04,17.14
QV2M,1992,-4.5,34.375,10.55,13.22,11.27,13.15,11.23,9.42,7.76,7.15,7.88,8.27,10.83,12.01,10.21
QV2M,1992,-4.5,35.0,10.31,12.83,11.24,13.2,11.37,9.65,8.05,7.45,8.18,8.63,10.99,12.05,10.31
QV2M,1992,-4.5,35.625,10.63,12.74,11.27,13.4,11.67,10.02,8.55,7.99,8.69,9.17,11.41,12.44,10.65
QV2M,1992,-4.5,36.25,11.14,12.92,11.19,13.99,12.3,10.51,9.0,8.42,9.22,9.7,11.96,13.05,11.1
QV2M,1992,-4.5,36.875,11.6,12.44,11.18,14.25,12.8,10.99,9.62,9.02,9.77,10.25,12.4,13.45,11.47
QV2M,1992,-4.5,37.5,12.25,12.62,11.84,14.98,13.78,11.83,10.46,9.87,10.61,10.98,13.19,14.22,12.21
QV2M,1992,-4.5,38.125,12.94,12.7,12.67,15.35,14.29,12.36,11.02,10.42,11.15,11.56,13.9,14.86,12.76
QV2M,1992,-4.5,38.75,14.19,13.78,14.32,16.89,15.8,13.79,12.22,11.66,12.57,13.02,15.32,16.29,14.15
QV2M,1992,-4.5,39.375,16.22,16.04,16.43,18.44,17.39,15.39,13.67,13.24,14.24,14.66,16.54,17.47,15.81
QV2M,1992,-4.5,40.0,18.02,17.99,18.09,19.23,18.22,16.52,15.02,14.58,15.61,16.19,17.49,18.19,17.09
QV2M,1992,-4.5,40.625,18.03,17.97,18.12,19.15,18.25,16.63,15.16,14.74,15.77,16.3,17.48,18.13,17.14
QV2M,1992,-4.5,41.25,18.02,17.94,18.1,19.11,18.27,16.67,15.23,14.75,15.8,16.32,17.52,18.14,17.15
QV2M,1992,-4.5,41.875,17.87,17.81,18.07,19.07,18.31,16.73,15.31,14.75,15.8,16.36,17.53,18.11,17.14
QV2M,1992,0.5,34.375,11.13,11.08,10.39,13.85,14.52,14.25,13.28,13.49,13.52,14.03,13.06,13.3,12.99
QV2M,1992,0.5,35.0,10.27,9.77,9.5,12.24,12.8,12.71,12.22,12.39,12.1,12.7,11.9,12.1,11.73
QV2M,1992,0.5,35.625,9.6,8.78,9.07,11.86,12.56,12.47,12.18,12.3,11.86,12.56,11.75,11.78,11.41
QV2M,1992,0.5,36.25,9.5,8.46,9.32,11.56,10.98,11.28,11.51,11.88,11.04,11.48,10.72,11.2,10.75
QV2M,1992,0.5,36.875,9.99,8.91,9.82,12.02,11.04,10.48,10.43,10.7,10.07,10.74,11.05,11.73,10.59
QV2M,1992,0.5,37.5,10.63,9.57,10.49,12.88,11.83,10.47,9.8,9.64,9.82,10.8,11.92,12.7,10.88
QV2M,1992,0.5,38.125,11.39,10.43,11.31,13.97,13.12,11.24,10.15,9.55,10.41,11.33,13.07,14.02,11.67
QV2M,1992,0.5,38.75,11.99,10.77,11.83,14.65,14.2,12.05,10.77,10.2,11.36,11.91,13.69,14.73,12.35
QV2M,1992,0.5,39.375,12.18,11.04,12.28,14.97,15.16,12.93,11.5,10.93,12.15,12.44,14.08,15.34,12.92
QV2M,1992,0.5,40.0,12.5,11.44,12.73,15.05,15.63,13.47,11.97,11.4,12.59,12.76,14.32,15.76,13.31
QV2M,1992,0.5,40.625,12.91,11.88,13.14,15.29,15.96,13.72,12.21,11.66,13.0,13.09,14.75,16.31,13.66
QV2M,1992,0.5,41.25,13.28,12.32,13.56,15.54,16.21,13.92,12.44,11.91,13.36,13.47,15.09,16.45,13.97
QV2M,1992,0.5,41.875,13.7,12.73,13.99,15.86,16.8,14.42,12.89,12.29,13.8,13.87,15.41,16.87,14.39
QV2M,1992,1.0,34.375,10.41,10.21,9.76,11.91,12.71,12.76,12.05,12.22,12.0,12.58,11.56,11.7,11.66
QV2M,1992,1.0,35.0,9.66,8.77,8.99,11.31,11.91,12.03,11.75,12.06,11.54,12.1,11.34,11.48,11.09
QV2M,1992,1.0,35.625,9.08,8.03,8.99,11.7,12.2,12.14,12.37,12.59,11.95,12.52,11.11,11.15,11.16
QV2M,1992,1.0,36.25,9.43,8.36,9.44,11.58,10.66,10.88,11.38,12.03,10.97,11.2,10.94,11.49,10.71
QV2M,1992,1.0,36.875,10.15,8.96,10.09,12.15,11.14,10.27,10.11,10.43,9.99,10.71,11.43,12.14,10.64
QV2M,1992,1.0,37.5,10.79,9.53,10.68,13.18,12.18,10.69,9.87,9.58,9.98,10.93,12.3,13.2,11.08
QV2M,1992,1.0,38.125,11.27,9.95,11.22,13.89,13.17,11.27,10.2,9.63,10.51,11.32,13.06,14.03,11.63
QV2M,1992,1.0,38.75,11.67,10.37,11.7,14.51,14.2,12.02,10.77,10.19,11.33,11.85,13.69,14.74,12.26
QV2M,1992,1.0,39.375,11.88,10.69,12.1,14.8,15.17,12.84,11.39,10.81,11.98,12.29,14.04,15.32,12.78
QV2M,1992,1.0,40.0,12.27,11.03,12.46,14.86,15.62,13.32,11.84,11.21,12.37,12.54,14.24,15.8,13.14
QV2M,1992,1.0,40.625,12.58,11.36,12.8,15.09,15.71,13.45,11.99,11.45,12.74,12.81,14.65,16.31,13.42
QV2M,1992,1.0,41.25,12.88,11.68,13.15,15.32,15.99,13.67,12.21,11.69,13.16,13.17,14.95,16.43,13.7
QV2M,1992,1.0,41.875,13.18,12.02,13.5,15.53,16.46,14.11,12.61,12.05,13.53,13.57,15.16,16.9,14.06
QV2M,1992,1.5,34.375,8.73,7.99,8.52,11.39,13.04,13.8,13.28,13.28,12.91,13.64,11.77,11.43,11.66
QV2M,1992,1.5,35.0,8.84,7.9,8.85,11.33,11.83,12.44,12.48,12.72,11.86,12.56,11.24,11.18,11.11
QV2M,1992,1.5,35.625,9.0,8.13,9.26,11.66,11.53,11.64,12.18,12.46,11.25,11.75,10.88,11.33,10.93
QV2M,1992,1.5,36.25,9.51,8.45,9.68,11.64,10.77,10.69,11.1,11.23,10.31,10.78,10.98,11.73,10.58
QV2M,1992,1.5,36.875,10.17,8.96,10.28,12.47,11.63,10.5,9.94,9.88,9.83,10.64,11.74,12.57,10.72
QV2M,1992,1.5,37.5,10.66,9.49,10.82,13.32,12.43,10.97,10.15,9.79,10.22,11.09,12.54,13.49,11.25
QV2M,1992,1.5,38.125,11.06,9.83,11.26,14.08,13.45,11.43,10.35,9.75,10.65,11.46,13.42,14.35,11.76
QV2M,1992,1.5,38.75,11.29,10.08,11.61,14.63,14.42,12.01,10.81,10.21,11.33,11.93,14.11,15.06,12.29
QV2M,1992,1.5,39.375,11.71,10.28,11.89,14.62,15.24,12.82,11.4,10.72,11.83,12.16,13.97,15.37,12.67
QV2M,1992,1.5,40.0,11.86,10.49,12.16,14.76,15.5,13.16,11.68,11.03,12.13,12.38,14.22,15.64,12.92
QV2M,1992,1.5,40.625,12.23,10.77,12.42,14.88,15.55,13.22,11.81,11.25,12.49,12.54,14.47,16.2,13.16
QV2M,1992,1.5,41.25,12.48,11.02,12.68,14.88,15.71,13.49,12.03,11.49,12.91,12.89,14.49,16.39,13.38
QV2M,1992,1.5,41.875,12.55,11.32,12.99,15.29,16.26,13.85,12.36,11.82,13.28,13.29,14.98,16.81,13.74
QV2M,1992,2.0,34.375,8.52,7.97,8.92,11.25,12.1,13.62,13.44,13.39,12.48,13.37,11.13,11.1,11.45
QV2M,1992,2.0,35.0,8.79,8.07,9.2,11.28,11.2,11.9,12.1,12.13,10.94,11.79,10.91,11.24,10.81
QV2M,1992,2.0,35.625,9.14,8.27,9.55,11.66,11.21,10.97,11.36,11.14,10.22,10.88,10.99,11.55,10.59
QV2M,1992,2.0,36.25,9.59,8.58,9.97,11.89,11.29,10.59,10.38,10.21,9.81,10.49,11.39,12.09,10.53
QV2M,1992,2.0,36.875,10.09,8.94,10.46,12.66,12.01,10.68,9.95,9.67,9.9,10.75,12.06,12.86,10.84
QV2M,1992,2.0,37.5,10.59,9.36,10.95,13.62,12.99,11.19,10.22,9.69,10.31,11.22,12.94,13.9,11.42
QV2M,1992,2.0,38.125,10.76,9.48,11.18,14.23,13.89,11.6,10.49,9.85,10.79,11.59,13.61,14.59,11.84
QV2M,1992,2.0,38.75,10.86,9.56,11.43,14.44,14.57,12.12,10.92,10.24,11.29,11.88,13.77,14.92,12.17
QV2M,1992,2.0,39.375,11.01,9.63,11.58,14.43,15.27,12.78,11.39,10.62,11.67,12.04,13.79,15.27,12.46
QV2M,1992,2.0,40.0,11.1,9.85,11.75,14.55,15.47,13.04,11.63,10.9,11.93,12.19,14.04,15.52,12.67
QV2M,1992,2.0,40.625,11.25,10.12,11.96,14.84,15.62,12.94,11.61,11.06,12.29,12.29,14.61,16.17,12.9
QV2M,1992,2.0,41.25,11.72,10.36,12.2,14.79,15.71,13.25,11.83,11.27,12.61,12.59,14.58,16.25,13.1
QV2M,1992,2.0,41.875,11.73,10.6,12.41,15.16,16.17,13.48,12.11,11.57,12.94,12.97,14.94,16.38,13.38
QV2M,1992,2.5,34.375,8.6,8.1,9.19,11.07,11.25,12.61,12.63,12.34,10.95,12.17,10.83,11.17,10.92
QV2M,1992,2.5,35.0,8.96,8.29,9.53,11.37,11.41,11.56,11.48,11.2,10.29,10.98,11.07,11.54,10.65
QV2M,1992,2.5,35.625,9.31,8.47,9.87,11.84,11.7,10.95,10.84,10.48,10.01,10.56,11.37,11.97,10.62
QV2M,1992,2.5,36.25,10.5,9.71,11.13,12.97,12.62,11.56,10.9,10.49,10.7,11.47,12.36,13.03,11.46
QV2M,1992,2.5,36.875,10.27,9.25,10.9,13.14,12.68,11.14,10.35,9.94,10.32,11.17,12.46,13.28,11.25
QV2M,1992,2.5,37.5,10.11,8.99,10.87,13.67,13.26,11.23,10.25,9.69,10.38,11.27,12.85,13.85,11.37
QV2M,1992,2.5,38.125,10.0,8.93,11.0,13.98,13.89,11.65,10.54,9.88,10.81,11.53,12.97,14.17,11.62
QV2M,1992,2.5,38.75,9.91,8.88,11.13,14.19,14.52,12.13,10.91,10.18,11.2,11.75,13.19,14.51,11.88
QV2M,1992,2.5,39.375,9.89,8.93,11.18,14.17,15.03,12.6,11.29,10.48,11.5,11.86,13.31,14.73,12.09
QV2M,1992,2.5,40.0,10.08,9.19,11.33,14.24,15.2,12.78,11.48,10.75,11.72,11.93,13.52,14.93,12.27
QV2M,1992,2.5,40.625,10.35,9.54,11.5,14.38,15.25,12.68,11.43,10.87,11.97,12.03,13.95,15.34,12.45
QV2M,1992,2.5,41.25,10.65,9.78,11.68,14.29,15.24,12.98,11.69,11.11,12.23,12.31,13.95,15.32,12.61
QV2M,1992,2.5,41.875,10.91,9.93,11.85,14.59,15.61,13.24,11.93,11.38,12.54,12.68,14.21,15.37,12.86
QV2M,1992,3.0,34.375,8.63,8.11,9.42,11.24,11.61,12.13,12.04,11.65,10.33,11.57,11.12,11.46,10.79
QV2M,1992,3.0,35.0,9.03,8.37,9.84,11.79,12.13,11.56,11.07,10.28,10.03,10.99,11.5,12.05,10.73
QV2M,1992,3.0,35.625,9.53,8.76,10.37,12.51,12.64,11.3,10.72,10.13,10.32,11.08,11.89,12.63,11.0
QV2M,1992,3.0,36.25,11.5,10.96,12.39,14.2,13.92,12.4,11.57,11.14,11.53,12.42,13.32,14.12,12.46
QV2M,1992,3.0,36.875,9.73,8.88,10.74,13.21,12.94,11.12,10.27,9.79,10.31,11.16,12.34,13.31,11.16
QV2M,1992,3.0,37.5,9.35,8.58,10.68,13.63,13.43,11.27,10.29,9.72,10.48,11.26,12.43,13.6,11.23
QV2M,1992,3.0,38.125,9.04,8.39,10.68,13.8,13.86,11.65,10.51,9.85,10.78,11.39,12.45,13.69,11.35
QV2M,1992,3.0,38.75,8.93,8.28,10.71,13.97,14.37,11.98,10.84,10.09,11.11,11.57,12.61,13.77,11.53
QV2M,1992,3.0,39.375,9.06,8.35,10.72,13.79,14.64,12.34,11.18,10.35,11.32,11.66,12.66,13.83,11.67
QV2M,1992,3.0,40.0,9.31,8.61,10.89,13.88,14.8,12.45,11.3,10.58,11.49,11.72,12.92,14.11,11.85
QV2M,1992,3.0,40.625,9.62,8.97,11.03,13.86,14.67,12.35,11.23,10.67,11.63,11.78,13.12,14.3,11.94
QV2M,1992,3.0,41.25,9.89,9.22,11.15,13.83,14.74,12.59,11.44,10.89,11.86,12.01,13.29,14.35,12.11
QV2M,1992,3.0,41.875,10.13,9.37,11.29,13.96,14.96,12.86,11.63,11.08,12.06,12.31,13.5,14.39,12.3
QV2M,1992,3.5,34.375,8.67,8.11,9.68,11.76,12.17,11.76,11.35,10.99,10.11,11.5,11.48,12.0,10.81
QV2M,1992,3.5,35.0,9.06,8.48,10.21,12.46,12.72,11.59,10.74,10.13,10.14,11.31,11.89,12.53,10.95
QV2M,1992,3.5,35.625,9.92,9.35,11.11,13.3,13.2,11.5,10.73,10.2,10.57,11.51,12.34,13.23,11.42
QV2M,1992,3.5,36.25,11.27,10.82,12.5,14.41,14.17,12.54,11.64,11.22,11.72,12.59,13.25,14.22,12.53
QV2M,1992,3.5,36.875,8.84,8.33,10.37,13.3,13.19,11.11,10.15,9.63,10.27,11.09,11.96,13.06,10.95
QV2M,1992,3.5,37.5,8.49,8.04,10.25,13.27,13.39,11.26,10.26,9.67,10.44,11.12,11.78,12.9,10.91
QV2M,1992,3.5,38.125,8.33,7.89,10.19,13.44,13.9,11.74,10.67,9.9,10.75,11.31,11.89,12.83,11.08
QV2M,1992,3.5,38.75,8.36,7.83,10.07,13.31,14.16,11.92,10.9,10.14,10.99,11.43,11.9,12.7,11.15
QV2M,1992,3.5,39.375,8.6,7.99,10.2,13.34,14.32,12.09,11.08,10.3,11.17,11.55,12.14,13.0,11.32
QV2M,1992,3.5,40.0,8.85,8.23,10.4,13.55,14.48,12.1,11.09,10.38,11.22,11.55,12.47,13.45,11.49
QV2M,1992,3.5,40.625,9.14,8.55,10.57,13.7,14.41,11.98,11.0,10.44,11.32,11.63,12.82,13.82,11.62
QV2M,1992,3.5,41.25,9.51,8.96,10.82,13.58,14.37,12.24,11.22,10.68,11.49,11.85,12.95,13.91,11.81
QV2M,1992,3.5,41.875,9.7,9.12,10.93,13.65,14.54,12.48,11.37,10.83,11.66,12.12,13.17,13.97,11.97
QV2M,1992,4.0,34.375,8.64,8.07,10.02,12.71,13.27,12.4,11.47,11.16,10.22,12.36,12.25,12.81,11.29
QV2M,1992,4.0,35.0,9.08,8.68,10.64,13.29,13.44,11.78,10.75,10.37,10.3,11.87,12.29,13.0,11.3
QV2M,1992,4.0,35.625,9.89,9.56,11.44,13.72,13.59,11.74,10.77,10.29,10.73,11.78,12.41,13.37,11.61
QV2M,1992,4.0,36.25,11.08,10.96,12.59,14.61,14.55,12.81,11.83,11.4,12.02,12.86,13.2,14.12,12.67
QV2M,1992,4.0,36.875,8.17,8.43,9.96,13.11,13.29,11.25,10.13,9.58,10.23,11.07,11.49,12.33,10.76
QV2M,1992,4.0,37.5,7.84,8.02,9.6,12.8,13.34,11.28,10.23,9.62,10.34,11.0,11.16,11.79,10.59
QV2M,1992,4.0,38.125,7.82,7.78,9.41,12.56,13.45,11.51,10.56,9.88,10.62,11.07,11.12,11.65,10.63
QV2M,1992,4.0,38.75,8.02,7.77,9.48,12.6,13.46,11.57,10.55,9.86,10.67,11.07,11.27,11.82,10.68
QV2M,1992,4.0,39.375,8.28,7.86,9.78,13.05,14.03,11.88,10.79,10.05,10.9,11.32,11.83,12.49,11.03
QV2M,1992,4.0,40.0,8.53,8.05,9.96,13.33,14.34,11.93,10.83,10.13,11.0,11.4,12.04,12.82,11.2
QV2M,1992,4.0,40.625,8.86,8.35,10.21,13.5,14.31,11.68,10.75,10.19,11.0,11.5,12.45,13.33,11.35
QV2M,1992,4.0,41.25,9.18,8.65,10.51,13.48,14.24,11.95,10.93,10.43,11.17,11.73,12.69,13.57,11.55
QV2M,1992,4.0,41.875,9.38,8.82,10.58,13.6,14.48,12.21,11.12,10.61,11.38,12.04,13.0,13.73,11.75
QV2M,1992,4.5,34.375,8.54,8.02,10.35,13.56,14.24,12.97,11.79,11.69,10.56,13.45,12.65,13.41,11.78
QV2M,1992,4.5,35.0,9.01,8.89,10.98,13.99,14.22,12.06,10.95,10.77,10.39,12.43,12.65,13.34,11.65
QV2M,1992,4.5,35.625,9.42,9.68,11.29,13.91,13.91,12.06,10.7,10.24,10.56,11.89,12.11,13.07,11.57
QV2M,1992,4.5,36.25,9.36,10.14,11.11,13.89,14.12,12.16,10.87,10.31,10.86,12.06,12.08,12.73,11.64
QV2M,1992,4.5,36.875,8.53,9.89,10.31,13.29,13.76,11.86,10.69,10.05,10.66,11.67,11.59,11.96,11.19
QV2M,1992,4.5,37.5,7.56,8.77,9.13,12.38,13.43,11.37,10.16,9.59,10.25,11.13,10.76,10.97,10.46
QV2M,1992,4.5,38.125,7.65,8.15,9.02,11.93,12.9,11.15,10.15,9.59,10.27,10.79,10.63,11.17,10.29
QV2M,1992,4.5,38.75,7.87,8.22,9.27,12.22,13.26,11.34,10.34,9.69,10.45,10.94,11.0,11.52,10.51
QV2M,1992,4.5,39.375,8.07,7.92,9.44,12.55,13.74,11.58,10.5,9.81,10.61,11.06,11.19,11.82,10.7
QV2M,1992,4.5,40.0,8.28,8.03,9.56,12.47,13.71,11.56,10.56,9.9,10.68,11.09,11.19,11.85,10.75
QV2M,1992,4.5,40.625,8.58,8.28,9.87,12.99,14.08,11.56,10.53,9.96,10.76,11.27,11.71,12.49,11.01
QV2M,1992,4.5,41.25,8.95,8.51,10.2,13.14,14.17,11.79,10.72,10.17,10.94,11.54,12.09,12.88,11.27
QV2M,1992,4.5,41.875,9.17,8.65,10.26,13.55,14.68,12.05,10.91,10.42,11.2,11.98,12.71,13.23,11.57
QV2M,1993,-0.5,34.375,13.01,12.72,11.93,13.06,13.78,13.22,11.61,11.65,11.45,11.72,12.94,12.47,12.46
QV2M,1993,-0.5,35.0,11.78,11.44,10.06,11.23,12.55,12.12,10.67,10.7,10.3,10.9,11.7,11.35,11.23
QV2M,1993,-0.5,35.625,10.39,9.91,8.76,10.1,11.01,10.57,9.43,9.32,8.78,9.52,10.43,10.2,9.87
QV2M,1993,-0.5,36.25,10.52,9.94,9.08,10.44,11.01,10.46,9.36,9.12,8.61,9.49,10.69,10.59,9.94
QV2M,1993,-0.5,36.875,11.13,10.66,10.01,11.28,11.69,10.69,9.41,9.18,8.68,9.91,11.5,11.46,10.46
QV2M,1993,-0.5,37.5,12.56,11.99,11.31,12.3,12.95,11.38,9.76,9.66,9.21,10.78,12.74,12.91,11.46
QV2M,1993,-0.5,38.125,13.87,12.79,12.07,12.65,13.29,11.03,9.52,9.66,9.5,11.32,13.87,14.11,11.97
QV2M,1993,-0.5,38.75,14.69,13.24,12.75,13.43,14.42,11.78,10.38,10.6,10.5,12.33,14.67,14.74,12.79
QV2M,1993,-0.5,39.375,15.19,13.55,13.4,14.13,15.65,12.92,11.46,11.61,11.44,13.28,14.96,14.84,13.54
QV2M,1993,-0.5,40.0,15.59,14.13,13.93,14.55,16.21,13.72,12.09,12.14,11.93,13.74,15.33,15.18,14.05
QV2M,1993,-0.5,40.625,16.17,14.51,14.43,15.0,16.69,14.42,12.56,12.62,12.26,14.26,15.82,15.57,14.53
QV2M,1993,-0.5,41.25,16.45,14.76,14.69,15.37,16.92,14.65,12.76,12.95,12.66,14.62,16.07,15.88,14.82
QV2M,1993,-0.5,41.875,16.65,15.45,15.28,15.97,17.11,15.03,13.33,13.51,13.37,15.09,16.35,16.33,15.29
QV2M,1993,-1.0,34.375,13.0,12.75,11.92,12.48,12.87,12.28,10.32,10.56,10.05,10.62,12.06,12.27,11.76
QV2M,1993,-1.0,35.0,11.81,11.67,10.45,11.07,11.9,11.17,9.42,9.65,9.08,9.97,10.81,11.07,10.67
QV2M,1993,-1.0,35.625,11.17,10.83,9.56,10.48,11.52,10.63,8.94,9.04,8.4,9.42,10.23,10.56,10.06
QV2M,1993,-1.0,36.25,11.22,10.69,9.55,10.72,11.55,10.62,9.06,9.01,8.5,9.59,10.69,11.1,10.19
QV2M,1993,-1.0,36.875,12.08,11.49,10.61,11.52,11.91,10.7,9.15,8.87,8.43,9.86,11.7,12.24,10.71
QV2M,1993,-1.0,37.5,13.24,12.49,11.77,12.58,13.08,11.42,9.62,9.59,9.29,10.82,12.77,13.35,11.66
QV2M,1993,-1.0,38.125,13.69,12.4,11.93,12.74,13.31,11.05,9.54,9.74,9.62,11.4,13.49,13.85,11.89
QV2M,1993,-1.0,38.75,14.94,13.22,12.87,13.7,14.63,11.89,10.49,10.73,10.68,12.52,14.69,14.88,12.94
QV2M,1993,-1.0,39.375,15.46,13.37,13.5,14.54,15.98,13.06,11.58,11.76,11.61,13.57,15.13,15.05,13.72
QV2M,1993,-1.0,40.0,15.88,14.12,14.1,14.91,16.55,13.9,12.25,12.32,12.14,14.02,15.52,15.5,14.27
QV2M,1993,-1.0,40.625,16.41,14.74,14.76,15.29,17.02,14.66,12.78,12.86,12.53,14.5,15.86,15.88,14.78
QV2M,1993,-1.0,41.25,16.61,15.13,15.09,15.64,17.19,14.91,13.02,13.21,12.97,14.86,16.12,16.2,15.08
QV2M,1993,-1.0,41.875,17.02,16.29,16.31,16.94,17.75,15.7,14.12,14.19,14.24,15.7,16.8,17.12,16.01
QV2M,1993,-1.5,34.375,12.65,12.45,11.32,11.28,12.08,11.28,8.99,9.49,8.7,9.6,10.98,11.63,10.86
QV2M,1993,-1.5,35.0,12.13,11.91,10.53,10.86,11.9,10.63,8.5,8.93,8.14,9.21,10.37,11.28,10.36
QV2M,1993,-1.5,35.625,11.58,11.2,9.88,10.75,11.68,10.28,8.54,8.63,8.05,9.33,10.41,11.08,10.11
QV2M,1993,-1.5,36.25,12.26,11.34,10.06,11.1,12.09,10.74,8.82,8.82,8.39,9.71,11.04,11.76,10.51
QV2M,1993,-1.5,36.875,12.3,11.5,10.54,11.38,11.76,10.44,8.57,8.61,8.38,9.78,11.4,12.15,10.56
QV2M,1993,-1.5,37.5,13.07,12.27,11.51,12.31,12.55,10.8,9.1,9.18,8.98,10.57,12.2,13.12,11.3
QV2M,1993,-1.5,38.125,13.94,12.96,12.55,13.23,13.52,11.27,9.7,9.92,9.85,11.51,13.23,14.15,12.15
QV2M,1993,-1.5,38.75,14.99,13.4,13.14,14.07,14.78,12.01,10.61,10.85,10.84,12.63,14.36,14.93,13.05
QV2M,1993,-1.5,39.375,15.62,13.69,13.79,14.98,16.04,13.21,11.72,11.86,11.77,13.63,15.07,15.32,13.89
QV2M,1993,-1.5,40.0,16.2,14.26,14.47,15.46,16.94,14.28,12.51,12.6,12.37,14.34,15.59,15.76,14.57
QV2M,1993,-1.5,40.625,16.58,14.91,15.02,15.64,17.34,14.93,13.03,13.1,12.86,14.71,15.83,16.02,15.0
QV2M,1993,-1.5,41.25,16.84,15.49,15.48,15.98,17.58,15.19,13.3,13.47,13.33,15.09,16.21,16.41,15.37
QV2M,1993,-1.5,41.875,17.55,17.19,17.31,17.86,18.48,16.45,14.97,14.88,15.1,16.34,17.36,17.82,16.77
QV2M,1993,-1.7975103014118005e-13,34.375,12.96,12.2,11.5,13.36,14.59,13.71,12.42,12.61,12.74,13.28,13.44,12.48,12.94
QV2M,1993,-1.7975103014118005e-13,35.0,11.91,11.32,10.0,11.81,13.47,12.86,11.75,11.78,11.68,12.22,12.63,11.77,11.93
QV2M,1993,-1.7975103014118005e-13,35.625,10.75,10.16,9.04,10.54,11.68,11.29,10.54,10.29,10.09,10.63,11.32,10.62,10.58
QV2M,1993,-1.7975103014118005e-13,36.25,10.58,9.71,8.7,10.14,11.13,10.88,10.17,9.61,9.01,9.62,10.86,10.44,10.07
QV2M,1993,-1.7975103014118005e-13,36.875,10.91,10.36,9.61,10.88,11.6,10.78,9.79,9.34,8.71,9.68,11.2,11.03,10.32
QV2M,1993,-1.7975103014118005e-13,37.5,11.6,11.13,10.53,11.63,12.1,10.7,9.35,9.08,8.62,10.09,11.97,11.95,10.73
QV2M,1993,-1.7975103014118005e-13,38.125,13.89,12.85,12.13,12.91,13.52,11.12,9.55,9.6,9.4,11.29,14.0,14.07,12.02
QV2M,1993,-1.7975103014118005e-13,38.75,14.51,13.26,12.8,13.56,14.62,11.86,10.37,10.56,10.4,12.25,14.48,14.39,12.75
QV2M,1993,-1.7975103014118005e-13,39.375,14.95,13.62,13.36,14.02,15.58,12.88,11.39,11.47,11.28,13.01,14.63,14.43,13.39
QV2M,1993,-1.7975103014118005e-13,40.0,15.34,14.05,13.85,14.45,16.05,13.62,12.0,11.98,11.75,13.44,14.96,14.68,13.85
QV2M,1993,-1.7975103014118005e-13,40.625,15.85,14.33,14.22,14.98,16.6,14.24,12.39,12.37,12.03,13.92,15.52,15.08,14.29
QV2M,1993,-1.7975103014118005e-13,41.25,16.1,14.47,14.48,15.43,16.89,14.44,12.57,12.71,12.44,14.34,15.93,15.44,14.6
QV2M,1993,-1.7975103014118005e-13,41.875,16.43,15.03,14.85,15.75,17.25,14.98,13.12,13.16,12.92,14.71,16.2,15.79,15.02
QV2M,1993,-2.0,34.375,12.59,12.43,11.22,10.97,11.46,10.62,7.85,8.64,7.74,8.91,10.41,11.44,10.34
QV2M,1993,-2.0,35.0,12.23,11.9,10.65,11.05,11.81,10.13,7.88,8.41,7.8,9.04,10.29,11.43,10.21
QV2M,1993,-2.0,35.625,11.87,11.49,10.38,11.18,11.84,10.04,8.26,8.42,8.15,9.4,10.52,11.47,10.24
QV2M,1993,-2.0,36.25,12.8,11.73,10.58,11.5,12.18,10.28,8.4,8.74,8.55,9.87,11.09,12.09,10.65
QV2M,1993,-2.0,36.875,12.41,11.55,10.68,11.57,11.8,10.19,8.24,8.62,8.46,9.8,11.19,12.19,10.55
QV2M,1993,-2.0,37.5,13.33,12.44,11.76,12.46,12.49,10.6,8.84,9.15,9.01,10.52,12.02,13.18,11.31
QV2M,1993,-2.0,38.125,14.18,13.2,12.78,13.39,13.49,11.19,9.65,9.93,9.93,11.48,12.94,14.14,12.19
QV2M,1993,-2.0,38.75,15.17,13.8,13.5,14.45,14.85,12.19,10.74,10.96,11.01,12.7,14.24,15.1,13.22
QV2M,1993,-2.0,39.375,15.83,14.24,14.31,15.49,16.14,13.51,11.94,12.03,11.96,13.75,15.1,15.64,14.16
QV2M,1993,-2.0,40.0,16.43,14.72,14.88,16.04,17.09,14.49,12.69,12.77,12.63,14.46,15.6,16.05,14.82
QV2M,1993,-2.0,40.625,16.85,15.44,15.58,16.38,17.73,15.38,13.46,13.52,13.42,15.09,16.04,16.43,15.44
QV2M,1993,-2.0,41.25,17.21,16.64,16.76,17.27,18.11,15.85,14.29,14.34,14.5,15.85,16.84,17.33,16.25
QV2M,1993,-2.0,41.875,17.86,17.71,17.85,18.28,18.82,16.87,15.46,15.26,15.53,16.68,17.67,18.36,17.19
QV2M,1993,-2.5,34.375,12.56,12.37,11.59,11.31,11.14,10.12,7.61,8.12,7.35,8.23,10.11,11.54,10.16
QV2M,1993,-2.5,35.0,12.32,12.16,11.05,11.37,11.29,9.75,7.61,8.09,7.59,8.55,10.06,11.75,10.12
QV2M,1993,-2.5,35.625,12.71,12.35,11.23,11.72,11.74,9.72,7.88,8.28,8.0,9.04,10.47,12.27,10.44
QV2M,1993,-2.5,36.25,12.95,12.06,11.07,11.77,12.01,10.02,8.41,8.66,8.35,9.45,10.82,12.4,10.66
QV2M,1993,-2.5,36.875,13.18,12.44,11.53,12.01,12.08,10.03,8.07,8.43,8.28,9.56,11.02,12.82,10.78
QV2M,1993,-2.5,37.5,13.8,13.05,12.12,12.46,12.3,10.33,8.47,8.95,8.81,10.17,11.47,13.36,11.27
QV2M,1993,-2.5,38.125,14.51,13.72,13.24,13.58,13.37,11.14,9.62,9.9,9.92,11.32,12.57,14.24,12.25
QV2M,1993,-2.5,38.75,15.49,14.41,13.87,14.7,14.68,12.31,10.83,11.04,11.13,12.61,13.84,15.31,13.35
QV2M,1993,-2.5,39.375,16.12,15.09,14.79,15.8,16.04,13.79,12.13,12.15,12.16,13.72,14.85,15.98,14.38
QV2M,1993,-2.5,40.0,16.76,15.54,15.44,16.54,17.08,14.8,12.96,13.0,13.03,14.5,15.54,16.4,15.13
QV2M,1993,-2.5,40.625,17.41,16.69,16.8,17.59,18.26,16.11,14.42,14.34,14.43,15.79,16.67,17.39,16.32
QV2M,1993,-2.5,41.25,18.03,17.8,17.95,18.58,18.86,16.8,15.38,15.2,15.46,16.62,17.67,18.49,17.23
QV2M,1993,-2.5,41.875,17.9,17.71,17.78,18.28,18.86,16.83,15.44,15.23,15.47,16.64,17.55,18.37,17.17
QV2M,1993,-3.0,34.375,12.62,12.56,12.05,11.76,11.34,9.86,7.82,8.13,7.53,8.18,9.52,11.31,10.21
QV2M,1993,-3.0,35.0,12.44,12.45,11.54,11.72,11.43,9.81,7.85,8.2,7.72,8.47,9.53,11.57,10.22
QV2M,1993,-3.0,35.625,11.9,11.77,11.1,11.57,11.24,9.55,8.02,8.25,7.9,8.76,9.64,11.46,10.09
QV2M,1993,-3.0,36.25,13.03,12.53,11.65,12.22,12.11,10.09,8.32,8.72,8.46,9.33,10.02,12.59,10.75
QV2M,1993,-3.0,36.875,13.11,12.63,11.87,12.18,12.26,10.49,8.83,8.8,8.47,9.28,10.03,12.63,10.87
QV2M,1993,-3.0,37.5,12.45,12.0,11.55,11.87,11.68,9.97,8.5,8.77,8.53,9.57,10.38,12.17,10.61
QV2M,1993,-3.0,38.125,14.54,13.79,13.41,13.67,13.21,11.21,9.78,10.0,10.05,11.23,12.13,14.05,12.25
QV2M,1993,-3.0,38.75,15.83,14.88,14.11,14.9,14.54,12.46,10.97,11.15,11.29,12.54,13.5,15.44,13.46
QV2M,1993,-3.0,39.375,16.51,15.5,14.95,16.09,16.03,14.03,12.28,12.24,12.38,13.71,14.61,16.13,14.53
QV2M,1993,-3.0,40.0,17.18,16.27,16.12,17.08,17.28,15.11,13.35,13.42,13.54,14.8,15.78,16.81,15.56
QV2M,1993,-3.0,40.625,18.13,17.76,17.92,18.66,18.81,16.68,15.24,15.09,15.26,16.44,17.45,18.33,17.14
QV2M,1993,-3.0,41.25,18.14,17.82,17.88,18.5,18.87,16.77,15.34,15.14,15.37,16.55,17.47,18.43,17.19
QV2M,1993,-3.0,41.875,18.02,17.73,17.75,18.36,18.91,16.78,15.41,15.2,15.42,16.59,17.49,18.37,17.17
QV2M,1993,-3.5,34.375,13.19,13.19,12.85,12.4,11.48,9.72,7.76,8.32,7.82,8.52,9.6,11.29,10.5
QV2M,1993,-3.5,35.0,13.07,13.13,12.54,12.63,11.99,10.09,8.34,8.87,8.5,9.26,10.2,11.85,10.86
QV2M,1993,-3.5,35.625,12.74,12.61,11.95,12.46,11.93,9.94,8.29,8.66,8.31,9.11,10.04,11.78,10.64
QV2M,1993,-3.5,36.25,13.24,12.73,11.82,12.72,12.3,10.16,8.45,8.9,8.68,9.56,10.49,12.28,10.93
QV2M,1993,-3.5,36.875,13.53,12.79,12.09,13.11,12.85,10.71,9.13,9.35,9.17,10.15,10.93,12.79,11.38
QV2M,1993,-3.5,37.5,13.77,12.68,12.2,13.45,13.28,11.17,9.57,9.77,9.7,10.76,11.47,13.22,11.75
QV2M,1993,-3.5,38.125,14.41,13.51,12.92,13.68,13.23,11.29,9.92,10.16,10.32,11.42,12.1,13.76,12.22
QV2M,1993,-3.5,38.75,15.52,14.55,14.1,15.03,14.53,12.54,11.18,11.33,11.51,12.62,13.44,14.95,13.44
QV2M,1993,-3.5,39.375,16.6,15.42,14.97,16.33,16.13,14.19,12.44,12.38,12.53,13.76,14.7,16.04,14.62
QV2M,1993,-3.5,40.0,17.79,17.09,17.07,17.99,18.0,15.77,14.16,14.2,14.36,15.56,16.58,17.52,16.34
QV2M,1993,-3.5,40.625,18.3,17.89,17.96,18.7,18.85,16.69,15.27,15.12,15.26,16.43,17.43,18.36,17.18
QV2M,1993,-3.5,41.25,18.28,17.88,17.88,18.61,18.9,16.72,15.29,15.12,15.31,16.5,17.42,18.38,17.19
QV2M,1993,-3.5,41.875,18.2,17.81,17.74,18.47,18.94,16.7,15.35,15.16,15.37,16.55,17.47,18.33,17.17
QV2M,1993,-4.0,34.375,13.41,13.37,13.14,12.61,11.5,9.43,7.65,8.26,7.75,8.47,9.42,11.09,10.49
QV2M,1993,-4.0,35.0,13.0,12.98,12.71,12.65,11.7,9.64,7.92,8.52,8.07,8.8,9.61,11.23,10.56
QV2M,1993,-4.0,35.625,12.93,12.86,12.54,12.84,12.03,9.9,8.33,8.88,8.44,9.14,9.87,11.56,10.77
QV2M,1993,-4.0,36.25,13.47,13.12,12.44,13.12,12.42,10.15,8.56,9.0,8.78,9.52,10.35,12.04,11.07
QV2M,1993,-4.0,36.875,13.75,13.23,12.7,13.51,12.87,10.54,9.06,9.43,9.3,10.12,11.0,12.66,11.5
QV2M,1993,-4.0,37.5,14.31,13.36,12.94,13.97,13.35,11.08,9.61,9.91,9.92,10.86,11.78,13.36,12.03
QV2M,1993,-4.0,38.125,14.9,13.59,13.18,14.39,13.6,11.54,10.17,10.42,10.65,11.75,12.68,14.1,12.58
QV2M,1993,-4.0,38.75,15.82,14.55,14.22,15.64,14.92,12.88,11.49,11.67,11.91,13.0,13.88,15.16,13.76
QV2M,1993,-4.0,39.375,16.82,15.46,15.29,16.85,16.59,14.53,12.76,12.74,12.84,14.02,15.05,16.13,14.92
QV2M,1993,-4.0,40.0,18.31,17.8,17.79,18.6,18.49,16.36,14.92,14.84,14.98,16.11,17.2,18.1,16.95
QV2M,1993,-4.0,40.625,18.42,18.02,17.96,18.66,18.85,16.66,15.23,15.11,15.19,16.36,17.42,18.34,17.18
QV2M,1993,-4.0,41.25,18.41,17.97,17.88,18.65,18.9,16.65,15.24,15.1,15.24,16.44,17.44,18.33,17.18
QV2M,1993,-4.0,41.875,18.31,17.88,17.74,18.57,18.93,16.62,15.31,15.12,15.31,16.5,17.46,18.29,17.17
QV2M,1993,-4.5,34.375,12.95,12.76,12.72,12.29,11.19,9.12,7.56,8.11,7.52,8.12,8.92,10.17,10.1
QV2M,1993,-4.5,35.0,12.69,12.49,12.53,12.57,11.54,9.36,7.75,8.36,7.85,8.51,9.27,10.62,10.28
QV2M,1993,-4.5,35.625,12.92,12.85,12.82,13.07,12.0,9.73,8.19,8.83,8.45,9.14,9.87,11.29,10.75
QV2M,1993,-4.5,36.25,13.65,13.4,13.02,13.61,12.58,10.15,8.63,9.17,8.99,9.73,10.43,11.94,11.26
QV2M,1993,-4.5,36.875,13.82,13.41,13.07,13.87,13.01,10.54,9.1,9.6,9.59,10.34,10.98,12.56,11.65
QV2M,1993,-4.5,37.5,14.46,13.9,13.47,14.42,13.66,11.2,9.9,10.18,10.33,11.14,11.77,13.34,12.31
QV2M,1993,-4.5,38.125,15.01,14.28,13.67,14.61,13.83,11.67,10.49,10.58,10.84,11.84,12.68,14.07,12.79
QV2M,1993,-4.5,38.75,16.38,15.5,14.97,16.21,15.32,13.12,11.8,11.91,12.19,13.31,14.35,15.53,14.21
QV2M,1993,-4.5,39.375,17.69,16.61,16.49,17.75,17.33,15.1,13.6,13.63,13.73,14.84,15.97,16.92,15.8
QV2M,1993,-4.5,40.0,18.51,18.14,18.05,18.78,18.55,16.46,15.05,14.92,15.06,16.18,17.35,18.27,17.1
QV2M,1993,-4.5,40.625,18.51,18.15,17.95,18.72,18.8,16.59,15.19,15.07,15.12,16.28,17.49,18.3,17.18
QV2M,1993,-4.5,41.25,18.47,18.05,17.83,18.74,18.91,16.57,15.21,15.05,15.16,16.35,17.53,18.25,17.17
QV2M,1993,-4.5,41.875,18.35,17.95,17.68,18.66,18.94,16.55,15.27,15.08,15.25,16.42,17.54,18.19,17.15
QV2M,1993,0.5,34.375,12.76,11.77,10.56,12.64,14.94,14.12,13.12,13.26,13.21,13.19,13.29,11.88,12.9
QV2M,1993,0.5,35.0,11.63,10.89,9.54,11.32,13.27,12.64,12.09,11.8,11.73,11.99,12.44,11.43,11.73
QV2M,1993,0.5,35.625,11.23,10.27,9.09,10.74,13.02,12.51,11.97,11.51,11.43,11.42,11.89,10.86,11.33
QV2M,1993,0.5,36.25,11.02,10.11,9.18,10.29,11.58,11.37,11.11,10.32,9.67,9.76,11.35,10.84,10.55
QV2M,1993,0.5,36.875,11.43,10.73,9.91,10.85,11.43,10.64,10.23,9.52,8.58,9.48,11.75,11.46,10.5
QV2M,1993,0.5,37.5,12.27,11.43,10.7,11.78,12.27,10.68,9.38,9.1,8.6,10.25,12.52,12.31,10.94
QV2M,1993,0.5,38.125,13.46,12.38,11.77,12.82,13.61,11.26,9.63,9.62,9.4,11.3,13.51,13.35,11.84
QV2M,1993,0.5,38.75,14.27,13.2,12.7,13.5,14.61,11.95,10.39,10.52,10.32,12.14,14.08,13.82,12.62
QV2M,1993,0.5,39.375,14.92,13.78,13.26,14.06,15.62,12.93,11.31,11.32,11.1,12.79,14.49,14.13,13.31
QV2M,1993,0.5,40.0,15.29,13.98,13.66,14.45,16.17,13.6,11.9,11.76,11.52,13.18,14.74,14.37,13.72
QV2M,1993,0.5,40.625,15.51,14.07,13.97,15.05,16.67,14.1,12.23,12.09,11.8,13.57,15.18,14.64,14.07
QV2M,1993,0.5,41.25,15.49,14.21,14.26,15.46,16.76,14.29,12.5,12.51,12.31,14.05,15.63,14.94,14.37
QV2M,1993,0.5,41.875,15.83,14.51,14.44,15.71,17.32,15.07,13.14,13.0,12.72,14.42,16.0,15.21,14.78
QV2M,1993,1.0,34.375,11.29,10.83,9.86,11.47,13.07,12.52,11.99,12.04,11.66,11.67,12.05,11.18,11.64
QV2M,1993,1.0,35.0,10.95,10.11,9.01,10.56,12.45,12.0,11.74,11.36,11.11,11.2,11.79,10.82,11.1
QV2M,1993,1.0,35.625,10.79,9.95,8.85,10.43,13.03,12.45,12.03,11.16,10.62,10.11,11.46,10.58,10.96
QV2M,1993,1.0,36.25,11.21,10.33,9.37,10.4,11.52,10.93,11.05,10.13,8.92,9.29,11.52,10.89,10.46
QV2M,1993,1.0,36.875,11.67,10.99,10.29,11.27,11.61,10.5,9.91,9.27,8.51,9.87,11.99,11.57,10.62
QV2M,1993,1.0,37.5,12.73,11.84,11.15,12.17,12.64,10.88,9.42,9.23,8.94,10.65,12.9,12.48,11.25
QV2M,1993,1.0,38.125,13.44,12.38,11.84,12.8,13.55,11.26,9.71,9.7,9.49,11.35,13.52,13.06,11.84
QV2M,1993,1.0,38.75,14.19,13.19,12.59,13.51,14.54,11.98,10.41,10.52,10.29,12.06,14.12,13.59,12.58
QV2M,1993,1.0,39.375,14.74,13.64,12.95,14.03,15.55,12.9,11.2,11.18,10.94,12.6,14.51,13.95,13.18
QV2M,1993,1.0,40.0,15.05,13.74,13.34,14.45,16.19,13.53,11.78,11.54,11.32,12.96,14.71,14.11,13.56
QV2M,1993,1.0,40.625,15.18,13.78,13.56,14.98,16.59,13.97,12.07,11.84,11.59,13.3,15.18,14.3,13.86
QV2M,1993,1.0,41.25,15.13,13.83,13.76,15.29,16.76,14.41,12.51,12.32,12.08,13.76,15.58,14.51,14.16
QV2M,1993,1.0,41.875,15.26,13.84,13.7,15.54,17.45,15.03,12.94,12.72,12.46,14.09,15.81,14.65,14.46
QV2M,1993,1.5,34.375,10.95,9.58,8.19,10.41,14.03,13.55,12.93,12.76,11.95,11.29,11.81,10.22,11.48
QV2M,1993,1.5,35.0,10.72,9.73,8.55,10.35,13.05,12.54,12.31,11.44,10.45,10.05,11.51,10.29,10.92
QV2M,1993,1.5,35.625,11.0,9.95,8.95,10.61,12.84,11.94,11.58,10.41,9.45,9.6,11.59,10.49,10.7
QV2M,1993,1.5,36.25,11.29,10.31,9.6,10.75,11.45,10.62,10.39,9.42,8.5,9.59,11.65,10.92,10.37
QV2M,1993,1.5,36.875,11.92,11.25,10.63,11.75,12.05,10.69,9.59,9.13,8.71,10.19,12.35,11.71,10.83
QV2M,1993,1.5,37.5,12.77,11.92,11.29,12.35,12.81,11.04,9.66,9.43,9.15,10.84,13.11,12.39,11.39
QV2M,1993,1.5,38.125,13.59,12.6,11.96,13.12,13.76,11.47,9.92,9.87,9.62,11.46,13.89,13.06,12.02
QV2M,1993,1.5,38.75,14.38,13.35,12.37,13.78,14.65,12.02,10.47,10.56,10.3,12.04,14.62,13.6,12.67
QV2M,1993,1.5,39.375,14.51,13.47,12.77,14.06,15.64,12.96,11.24,11.09,10.78,12.45,14.54,13.68,13.1
QV2M,1993,1.5,40.0,14.56,13.53,12.84,14.33,15.92,13.42,11.61,11.31,11.11,12.74,14.88,13.9,13.34
QV2M,1993,1.5,40.625,14.75,13.4,12.97,14.72,16.43,13.92,11.96,11.63,11.41,13.07,15.18,13.9,13.61
QV2M,1993,1.5,41.25,14.53,13.07,12.93,14.84,16.84,14.27,12.32,12.12,11.84,13.48,15.21,13.89,13.78
QV2M,1993,1.5,41.875,14.64,13.05,12.81,15.37,17.46,14.86,12.7,12.4,12.18,13.79,15.7,14.06,14.09
QV2M,1993,2.0,34.375,10.8,9.4,8.62,10.34,13.85,13.41,13.06,12.13,10.58,9.88,11.53,9.89,11.13
QV2M,1993,2.0,35.0,10.8,9.69,8.89,10.43,12.62,11.95,11.56,10.3,9.07,9.35,11.47,10.18,10.53
QV2M,1993,2.0,35.625,11.11,10.07,9.35,10.77,12.34,11.27,10.43,9.4,8.53,9.55,11.66,10.58,10.42
QV2M,1993,2.0,36.25,11.43,10.57,9.98,11.15,11.61,10.63,9.78,9.2,8.63,9.93,11.91,11.04,10.49
QV2M,1993,2.0,36.875,11.96,11.33,10.81,11.99,12.23,10.75,9.59,9.31,8.98,10.42,12.56,11.68,10.96
QV2M,1993,2.0,37.5,12.98,12.22,11.61,12.82,13.22,11.26,9.8,9.59,9.31,11.03,13.46,12.48,11.64
QV2M,1993,2.0,38.125,13.74,12.94,12.07,13.48,14.2,11.68,10.09,10.03,9.73,11.54,14.18,13.01,12.22
QV2M,1993,2.0,38.75,13.98,13.15,12.31,13.83,14.93,12.27,10.64,10.59,10.25,11.97,14.43,13.05,12.61
QV2M,1993,2.0,39.375,14.08,13.1,12.35,14.0,15.79,13.07,11.28,10.98,10.59,12.33,14.6,13.1,12.94
QV2M,1993,2.0,40.0,14.14,13.05,12.33,14.21,16.06,13.46,11.58,11.18,10.89,12.58,14.86,13.22,13.13
QV2M,1993,2.0,40.625,14.32,12.67,12.12,14.66,16.57,13.94,11.76,11.39,11.18,12.91,15.44,13.36,13.36
QV2M,1993,2.0,41.25,14.19,12.66,12.29,14.76,16.86,14.26,12.16,11.83,11.57,13.22,15.37,13.36,13.55
QV2M,1993,2.0,41.875,13.9,12.04,11.95,15.27,17.36,14.76,12.39,12.08,11.9,13.5,15.72,13.33,13.69
QV2M,1993,2.5,34.375,10.69,9.61,8.98,10.48,12.89,12.37,12.25,10.83,9.15,9.39,11.35,9.95,10.67
QV2M,1993,2.5,35.0,11.02,10.01,9.38,10.82,12.38,11.69,10.78,9.61,8.78,9.68,11.57,10.36,10.51
QV2M,1993,2.5,35.625,11.35,10.47,9.85,11.21,12.21,11.26,10.1,9.46,8.97,10.04,11.86,10.77,10.63
QV2M,1993,2.5,36.25,12.21,11.57,11.16,12.36,12.81,11.61,10.56,10.25,9.87,11.1,12.8,11.85,11.51
QV2M,1993,2.5,36.875,12.26,11.71,11.19,12.6,12.84,11.23,10.03,9.76,9.43,10.91,12.94,11.83,11.39
QV2M,1993,2.5,37.5,12.91,12.25,11.62,13.08,13.52,11.39,9.89,9.7,9.38,11.1,13.44,12.02,11.69
QV2M,1993,2.5,38.125,13.19,12.54,11.87,13.4,14.32,11.86,10.21,10.08,9.72,11.5,13.76,12.11,12.04
QV2M,1993,2.5,38.75,13.31,12.65,12.05,13.68,15.04,12.42,10.72,10.5,10.09,11.88,14.09,12.07,12.37
QV2M,1993,2.5,39.375,13.18,12.44,11.82,13.78,15.71,13.06,11.23,10.82,10.36,12.2,14.25,12.04,12.57
QV2M,1993,2.5,40.0,13.19,12.34,11.73,13.9,15.87,13.4,11.49,11.01,10.64,12.44,14.45,12.04,12.71
QV2M,1993,2.5,40.625,13.28,12.02,11.46,14.18,16.19,13.8,11.65,11.17,10.96,12.72,14.8,12.09,12.86
QV2M,1993,2.5,41.25,12.98,11.65,11.42,14.33,16.44,14.04,12.0,11.61,11.37,13.02,14.66,11.93,12.96
QV2M,1993,2.5,41.875,12.89,11.5,11.23,14.64,16.83,14.54,12.29,11.88,11.7,13.25,14.86,12.25,13.16
QV2M,1993,3.0,34.375,10.76,9.83,9.33,10.94,12.82,12.27,11.79,10.39,8.71,9.55,11.5,10.06,10.67
QV2M,1993,3.0,35.0,11.32,10.41,9.95,11.58,12.88,11.96,10.51,9.64,9.0,10.16,11.94,10.54,10.82
QV2M,1993,3.0,35.625,11.87,11.14,10.75,12.32,12.99,11.71,10.23,9.94,9.51,10.72,12.42,11.12,11.22
QV2M,1993,3.0,36.25,13.24,12.87,12.61,13.95,14.11,12.46,11.28,11.03,10.75,12.12,13.92,12.76,12.59
QV2M,1993,3.0,36.875,12.35,11.81,11.33,12.96,13.35,11.42,9.96,9.7,9.33,10.92,13.0,11.39,11.45
QV2M,1993,3.0,37.5,12.54,12.08,11.65,13.3,13.95,11.61,9.99,9.78,9.42,11.17,13.26,11.2,11.66
QV2M,1993,3.0,38.125,12.28,11.91,11.55,13.31,14.32,11.98,10.29,10.02,9.62,11.46,13.32,11.02,11.75
QV2M,1993,3.0,38.75,12.04,11.66,11.37,13.44,14.91,12.47,10.68,10.34,9.87,11.78,13.45,10.79,11.9
QV2M,1993,3.0,39.375,11.77,11.29,10.96,13.44,15.41,12.98,11.15,10.64,10.11,12.06,13.43,10.79,12.0
QV2M,1993,3.0,40.0,11.99,11.31,10.92,13.59,15.65,13.31,11.38,10.78,10.37,12.27,13.7,10.88,12.18
QV2M,1993,3.0,40.625,12.1,11.18,10.72,13.74,15.79,13.59,11.52,10.92,10.72,12.5,13.81,10.94,12.3
QV2M,1993,3.0,41.25,12.05,10.95,10.6,13.86,16.04,13.8,11.78,11.29,11.08,12.75,13.85,11.06,12.43
QV2M,1993,3.0,41.875,12.07,11.05,10.48,13.98,16.22,14.1,12.0,11.53,11.34,12.87,13.98,11.46,12.59
QV2M,1993,3.5,34.375,11.06,10.12,9.75,11.5,13.08,12.25,11.1,9.98,8.75,9.96,11.82,10.21,10.8
QV2M,1993,3.5,35.0,11.67,10.84,10.55,12.39,13.62,12.29,10.55,9.75,9.22,10.57,12.39,10.69,11.21
QV2M,1993,3.5,35.625,12.43,11.9,11.69,13.36,13.93,12.11,10.39,10.09,9.72,11.2,13.05,11.46,11.77
QV2M,1993,3.5,36.25,13.2,12.99,12.8,14.22,14.61,12.74,11.37,11.15,10.86,12.37,13.95,12.49,12.72
QV2M,1993,3.5,36.875,11.98,11.53,11.2,13.32,14.04,11.85,10.11,9.63,9.21,10.92,12.75,10.51,11.42
QV2M,1993,3.5,37.5,11.46,11.06,10.88,13.19,14.02,11.79,10.07,9.75,9.32,11.12,12.49,10.08,11.27
QV2M,1993,3.5,38.125,11.11,10.66,10.56,13.11,14.42,12.21,10.54,10.1,9.51,11.51,12.34,9.91,11.33
QV2M,1993,3.5,38.75,10.71,10.06,9.91,12.95,14.77,12.56,10.82,10.3,9.72,11.75,12.25,9.73,11.3
QV2M,1993,3.5,39.375,10.83,10.18,9.9,13.1,15.07,12.93,11.11,10.5,9.95,11.94,12.57,9.96,11.51
QV2M,1993,3.5,40.0,11.19,10.36,9.98,13.44,15.59,13.23,11.22,10.52,10.11,12.14,12.98,10.12,11.74
QV2M,1993,3.5,40.625,11.57,10.35,10.01,13.72,15.73,13.43,11.3,10.56,10.39,12.31,13.4,10.25,11.92
QV2M,1993,3.5,41.25,11.56,10.55,10.12,13.76,15.89,13.64,11.59,10.99,10.81,12.55,13.45,10.6,12.13
QV2M,1993,3.5,41.875,11.53,10.49,10.0,13.73,16.16,13.9,11.77,11.2,11.06,12.65,13.61,10.88,12.25
QV2M,1993,4.0,34.375,11.32,10.22,10.44,12.43,14.24,12.94,11.06,9.78,8.87,10.39,12.47,10.36,11.21
QV2M,1993,4.0,35.0,12.11,11.2,11.26,13.31,14.62,12.89,10.7,9.87,9.36,10.95,12.83,10.76,11.65
QV2M,1993,4.0,35.625,12.53,12.22,12.12,13.97,14.74,12.69,10.82,10.25,9.84,11.51,13.15,11.34,12.09
QV2M,1993,4.0,36.25,13.04,12.87,12.72,14.56,15.23,13.25,11.76,11.42,11.14,12.76,13.74,12.12,12.88
QV2M,1993,4.0,36.875,11.32,10.78,10.44,13.29,14.49,12.23,10.34,9.71,9.13,11.02,11.92,9.49,11.18
QV2M,1993,4.0,37.5,10.69,10.01,9.66,12.95,14.42,12.14,10.3,9.73,9.18,11.11,11.32,8.89,10.87
QV2M,1993,4.0,38.125,10.22,9.47,8.83,12.42,14.1,12.11,10.49,9.97,9.38,11.36,11.19,8.79,10.7
QV2M,1993,4.0,38.75,10.19,9.35,8.7,12.41,13.96,12.12,10.57,9.99,9.39,11.38,11.41,8.95,10.71
QV2M,1993,4.0,39.375,10.55,9.44,9.02,13.07,14.75,12.69,10.93,10.24,9.6,11.76,12.04,9.4,11.13
QV2M,1993,4.0,40.0,10.79,9.73,9.23,13.51,15.4,13.24,11.16,10.31,9.82,12.07,12.27,9.61,11.43
QV2M,1993,4.0,40.625,11.21,10.02,9.51,13.81,15.64,13.39,11.14,10.24,10.07,12.16,12.84,9.95,11.67
QV2M,1993,4.0,41.25,11.22,10.29,9.64,13.76,16.13,13.65,11.4,10.67,10.46,12.39,13.07,10.43,11.93
QV2M,1993,4.0,41.875,11.18,9.96,9.54,13.67,16.52,14.02,11.66,10.97,10.79,12.55,13.47,10.7,12.09
QV2M,1993,4.5,34.375,11.54,10.25,11.18,13.43,15.27,13.14,11.04,9.8,9.04,10.82,12.96,10.45,11.58
QV2M,1993,4.5,35.0,12.43,11.45,11.82,14.15,15.45,13.4,10.82,9.94,9.37,11.28,13.0,10.64,11.98
QV2M,1993,4.5,35.625,12.47,12.12,12.22,14.37,15.46,13.14,11.13,10.21,9.62,11.61,12.77,10.71,12.15
QV2M,1993,4.5,36.25,12.16,11.73,11.43,14.11,15.38,13.1,11.18,10.36,9.84,11.93,12.43,10.26,11.99
QV2M,1993,4.5,36.875,11.36,10.85,10.12,13.4,14.95,12.82,10.95,10.3,9.59,11.72,11.67,9.22,11.41
QV2M,1993,4.5,37.5,10.4,9.58,8.37,12.55,14.38,12.32,10.45,9.64,8.98,11.24,10.69,8.06,10.56
QV2M,1993,4.5,38.125,9.86,9.15,7.92,11.93,13.53,11.79,10.27,9.63,8.96,11.01,10.72,8.23,10.25
QV2M,1993,4.5,38.75,9.98,9.17,8.15,12.33,13.98,12.06,10.48,9.77,9.11,11.29,11.06,8.5,10.49
QV2M,1993,4.5,39.375,10.07,9.06,8.32,12.82,14.76,12.61,10.75,10.01,9.36,11.62,11.28,8.76,10.79
QV2M,1993,4.5,40.0,10.06,9.13,8.45,12.81,14.73,12.66,10.8,10.02,9.57,11.74,11.25,8.95,10.85
QV2M,1993,4.5,40.625,10.56,9.71,8.94,13.49,15.52,13.43,11.05,10.12,9.79,12.01,11.82,9.42,11.33
QV2M,1993,4.5,41.25,10.74,9.9,9.24,13.56,15.9,13.78,11.29,10.48,10.19,12.22,12.32,9.95,11.64
QV2M,1993,4.5,41.875,10.71,9.42,9.07,13.68,16.87,14.39,11.64,10.77,10.56,12.55,13.07,10.31,11.93
QV2M,1994,-0.5,34.375,11.14,11.94,13.68,14.07,13.89,13.13,12.22,11.99,12.21,13.24,14.4,13.36,12.94
QV2M,1994,-0.5,35.0,9.56,10.03,11.78,12.58,12.78,12.26,11.28,11.16,10.89,11.69,13.15,11.83,11.59
QV2M,1994,-0.5,35.625,8.52,8.39,9.64,10.79,11.15,10.7,9.98,9.9,9.5,10.1,11.47,10.3,10.04
QV2M,1994,-0.5,36.25,8.71,8.36,9.52,10.94,11.13,10.61,9.94,9.81,9.45,10.22,11.65,10.51,10.08
QV2M,1994,-0.5,36.875,9.48,8.84,10.17,11.67,11.56,10.69,9.99,9.89,9.66,10.75,12.27,11.19,10.52
QV2M,1994,-0.5,37.5,10.84,10.26,11.37,12.86,12.87,11.3,10.44,10.36,10.42,11.8,13.77,12.76,11.59
QV2M,1994,-0.5,38.125,11.66,11.08,12.08,13.59,13.18,10.73,10.07,10.12,10.73,12.53,14.89,14.16,12.07
QV2M,1994,-0.5,38.75,12.27,11.78,12.84,14.72,14.24,11.46,10.85,11.03,11.71,13.53,15.87,15.03,12.95
QV2M,1994,-0.5,39.375,12.93,12.11,13.41,15.73,15.44,12.52,11.92,12.09,12.8,14.52,16.33,15.31,13.77
QV2M,1994,-0.5,40.0,13.58,12.69,13.94,16.17,16.04,13.28,12.55,12.62,13.32,15.08,16.4,15.54,14.27
QV2M,1994,-0.5,40.625,14.29,13.32,14.51,16.56,16.65,13.89,13.06,12.96,13.81,15.82,16.64,15.87,14.79
QV2M,1994,-0.5,41.25,14.71,13.6,14.77,16.84,17.13,14.17,13.36,13.26,14.09,16.17,16.76,16.06,15.08
QV2M,1994,-0.5,41.875,15.38,14.33,15.26,17.11,17.48,14.77,14.02,13.82,14.45,16.38,16.81,16.2,15.51
QV2M,1994,-1.0,34.375,11.69,12.07,13.7,13.72,13.12,12.36,11.15,10.93,10.79,12.21,13.99,13.7,12.45
QV2M,1994,-1.0,35.0,10.24,10.29,11.96,12.38,12.27,11.39,10.2,10.05,9.67,10.65,12.52,11.63,11.11
QV2M,1994,-1.0,35.625,9.16,9.19,10.74,11.5,11.8,10.8,9.85,9.67,9.2,10.05,11.85,10.71,10.38
QV2M,1994,-1.0,36.25,9.25,8.93,10.29,11.43,11.73,10.73,9.95,9.76,9.36,10.24,12.05,11.08,10.41
QV2M,1994,-1.0,36.875,10.3,9.7,10.83,11.9,12.04,10.62,9.73,9.58,9.42,10.76,12.82,12.24,10.83
QV2M,1994,-1.0,37.5,11.4,10.98,11.96,13.05,13.02,11.29,10.32,10.2,10.46,11.91,14.03,13.45,11.84
QV2M,1994,-1.0,38.125,11.47,11.11,12.26,13.67,13.26,10.79,10.11,10.19,10.82,12.57,14.68,13.95,12.08
QV2M,1994,-1.0,38.75,12.41,12.18,13.19,15.04,14.55,11.6,11.0,11.19,11.88,13.77,16.07,15.38,13.19
QV2M,1994,-1.0,39.375,13.27,12.58,13.81,16.18,15.79,12.67,12.09,12.25,13.01,14.92,16.58,15.73,14.08
QV2M,1994,-1.0,40.0,13.93,13.25,14.28,16.64,16.4,13.47,12.77,12.83,13.56,15.46,16.79,16.19,14.64
QV2M,1994,-1.0,40.625,14.85,14.06,14.89,16.95,16.93,14.17,13.33,13.22,14.07,16.09,16.78,16.43,15.15
QV2M,1994,-1.0,41.25,15.32,14.47,15.25,17.15,17.35,14.5,13.69,13.55,14.37,16.4,16.89,16.63,15.47
QV2M,1994,-1.0,41.875,16.49,15.68,16.28,17.86,18.01,15.5,14.83,14.58,15.09,16.88,17.24,17.05,16.29
QV2M,1994,-1.5,34.375,11.79,12.05,13.38,13.09,12.37,11.41,9.95,9.51,9.4,11.03,13.3,12.81,11.67
QV2M,1994,-1.5,35.0,10.88,11.09,12.35,12.36,12.2,10.74,9.38,9.09,8.75,10.02,12.44,11.59,10.9
QV2M,1994,-1.5,35.625,9.85,9.9,11.24,11.71,11.93,10.22,9.28,9.18,8.84,9.98,11.91,11.04,10.42
QV2M,1994,-1.5,36.25,9.7,9.86,11.05,11.92,12.44,10.55,9.58,9.5,9.2,10.46,12.57,11.71,10.71
QV2M,1994,-1.5,36.875,10.29,9.95,10.88,11.78,11.94,10.19,9.2,9.11,9.24,10.66,12.65,12.32,10.69
QV2M,1994,-1.5,37.5,11.18,10.73,11.75,12.66,12.6,10.55,9.75,9.63,10.07,11.56,13.57,13.29,11.45
QV2M,1994,-1.5,38.125,12.14,11.84,12.76,13.73,13.47,11.01,10.3,10.36,10.97,12.64,14.69,14.38,12.36
QV2M,1994,-1.5,38.75,12.66,12.49,13.44,15.15,14.76,11.74,11.15,11.32,12.0,13.9,15.94,15.51,13.34
QV2M,1994,-1.5,39.375,13.54,13.05,14.08,16.25,15.93,12.87,12.29,12.4,13.04,15.0,16.67,16.29,14.29
QV2M,1994,-1.5,40.0,14.46,13.93,14.75,17.0,16.73,13.76,13.06,13.1,13.92,15.91,17.02,16.82,15.04
QV2M,1994,-1.5,40.625,15.26,14.51,15.15,17.24,17.2,14.49,13.65,13.52,14.32,16.34,16.95,16.93,15.47
QV2M,1994,-1.5,41.25,15.83,15.23,15.73,17.51,17.63,14.86,14.04,13.86,14.64,16.68,17.17,17.21,15.87
QV2M,1994,-1.5,41.875,17.45,16.82,17.3,18.56,18.53,16.27,15.62,15.34,15.71,17.42,17.81,17.84,17.06
QV2M,1994,-1.7975103014118005e-13,34.375,11.15,11.64,13.39,14.25,14.54,13.66,12.92,12.91,13.39,13.86,14.67,12.82,13.27
QV2M,1994,-1.7975103014118005e-13,35.0,9.92,10.29,11.68,12.82,13.41,12.83,12.17,12.2,12.26,12.62,13.66,11.74,12.14
QV2M,1994,-1.7975103014118005e-13,35.625,8.83,8.62,9.7,11.03,11.66,11.38,10.85,10.83,10.57,11.07,12.03,10.58,10.6
QV2M,1994,-1.7975103014118005e-13,36.25,8.54,8.27,9.21,10.78,11.49,11.37,10.81,10.62,9.84,10.28,12.08,10.41,10.32
QV2M,1994,-1.7975103014118005e-13,36.875,9.23,8.62,9.79,11.26,11.5,10.89,10.38,10.17,9.6,10.43,12.25,11.0,10.44
QV2M,1994,-1.7975103014118005e-13,37.5,10.07,9.38,10.65,11.93,11.75,10.46,9.85,9.77,9.73,10.99,12.73,11.68,10.76
QV2M,1994,-1.7975103014118005e-13,38.125,11.6,11.02,12.03,13.48,13.04,10.69,10.02,10.08,10.64,12.56,15.06,14.1,12.03
QV2M,1994,-1.7975103014118005e-13,38.75,12.14,11.51,12.6,14.5,14.14,11.44,10.8,10.96,11.64,13.46,15.85,14.7,12.82
QV2M,1994,-1.7975103014118005e-13,39.375,12.55,11.61,12.99,15.25,15.13,12.41,11.77,11.93,12.55,14.19,16.13,14.71,13.44
QV2M,1994,-1.7975103014118005e-13,40.0,13.14,12.11,13.48,15.62,15.67,13.08,12.37,12.43,13.02,14.74,16.22,14.96,13.91
QV2M,1994,-1.7975103014118005e-13,40.625,13.59,12.54,13.93,16.01,16.28,13.57,12.77,12.74,13.45,15.5,16.61,15.22,14.36
QV2M,1994,-1.7975103014118005e-13,41.25,13.99,12.92,14.25,16.4,16.8,13.84,13.07,13.04,13.74,15.93,16.82,15.4,14.69
QV2M,1994,-1.7975103014118005e-13,41.875,14.46,13.37,14.56,16.66,17.17,14.32,13.58,13.43,13.97,16.14,16.96,15.68,15.03
QV2M,1994,-2.0,34.375,11.86,12.07,13.34,12.7,11.74,10.43,8.91,8.59,8.72,10.14,13.13,12.46,11.17
QV2M,1994,-2.0,35.0,11.11,11.25,12.25,12.17,12.02,10.07,8.72,8.48,8.53,9.86,12.45,11.75,10.72
QV2M,1994,-2.0,35.625,10.39,10.36,11.56,11.87,11.97,9.91,8.99,8.8,8.82,10.12,12.14,11.49,10.53
QV2M,1994,-2.0,36.25,10.19,10.57,11.42,12.09,12.37,9.93,9.09,9.07,9.29,10.62,12.66,12.11,10.78
QV2M,1994,-2.0,36.875,10.21,10.15,11.1,11.87,11.91,9.81,8.94,8.95,9.31,10.71,12.57,12.32,10.66
QV2M,1994,-2.0,37.5,11.28,11.08,12.08,12.67,12.57,10.33,9.49,9.49,10.03,11.56,13.5,13.42,11.46
QV2M,1994,-2.0,38.125,12.23,12.02,12.92,13.7,13.5,10.92,10.23,10.34,10.95,12.66,14.62,14.64,12.4
QV2M,1994,-2.0,38.75,12.99,13.01,13.82,15.18,14.89,11.87,11.29,11.45,12.1,14.0,15.84,15.75,13.52
QV2M,1994,-2.0,39.375,13.96,13.68,14.62,16.33,16.06,13.1,12.52,12.59,13.21,15.14,16.62,16.63,14.54
QV2M,1994,-2.0,40.0,14.86,14.57,15.31,17.15,16.96,13.94,13.3,13.29,14.01,16.01,17.14,17.24,15.32
QV2M,1994,-2.0,40.625,15.76,15.19,15.79,17.58,17.59,14.95,14.14,13.98,14.7,16.67,17.26,17.48,15.93
QV2M,1994,-2.0,41.25,16.98,16.46,16.89,18.12,17.99,15.63,14.98,14.82,15.32,17.05,17.46,17.64,16.61
QV2M,1994,-2.0,41.875,17.99,17.43,17.84,18.92,18.67,16.68,16.04,15.75,16.02,17.68,18.11,18.25,17.45
QV2M,1994,-2.5,34.375,11.78,12.02,12.97,12.21,11.58,9.59,8.26,7.88,8.42,9.36,12.93,12.56,10.79
QV2M,1994,-2.5,35.0,11.29,11.15,12.05,11.81,11.53,9.49,8.22,7.97,8.44,9.44,12.37,12.14,10.49
QV2M,1994,-2.5,35.625,10.98,10.78,12.16,12.1,11.91,9.45,8.51,8.39,8.77,9.9,12.72,12.39,10.67
QV2M,1994,-2.5,36.25,10.48,10.82,11.48,11.96,12.32,9.71,9.03,8.85,9.11,10.35,12.87,12.53,10.79
QV2M,1994,-2.5,36.875,10.82,10.78,11.66,12.11,12.5,9.72,8.75,8.63,9.16,10.54,13.05,13.1,10.9
QV2M,1994,-2.5,37.5,11.58,11.35,12.17,12.48,12.58,10.04,9.16,9.19,9.8,11.22,13.46,13.8,11.4
QV2M,1994,-2.5,38.125,12.55,12.32,13.04,13.57,13.5,10.84,10.17,10.26,10.87,12.5,14.35,14.7,12.39
QV2M,1994,-2.5,38.75,13.38,13.38,14.09,15.02,14.94,11.93,11.37,11.5,12.08,13.83,15.54,15.85,13.58
QV2M,1994,-2.5,39.375,14.4,14.07,15.03,16.22,16.16,13.34,12.75,12.74,13.29,15.06,16.32,16.62,14.67
QV2M,1994,-2.5,40.0,15.34,14.87,15.68,17.07,17.15,14.24,13.65,13.58,14.11,15.9,17.0,17.26,15.49
QV2M,1994,-2.5,40.625,16.93,16.44,16.99,18.21,18.17,15.82,15.07,14.9,15.33,17.06,17.58,17.76,16.69
QV2M,1994,-2.5,41.25,18.16,17.6,18.11,19.05,18.57,16.62,15.97,15.73,16.0,17.66,18.1,18.3,17.49
QV2M,1994,-2.5,41.875,18.09,17.48,17.84,18.91,18.62,16.65,16.0,15.7,15.99,17.67,18.1,18.28,17.44
QV2M,1994,-3.0,34.375,11.91,12.51,13.12,12.05,11.68,9.22,8.18,7.87,8.41,9.15,12.41,12.63,10.75
QV2M,1994,-3.0,35.0,11.38,11.52,12.27,11.78,11.62,9.44,8.32,8.06,8.56,9.31,12.09,12.27,10.54
QV2M,1994,-3.0,35.625,10.64,10.56,11.41,11.38,11.32,9.31,8.57,8.27,8.7,9.55,11.72,11.88,10.27
QV2M,1994,-3.0,36.25,10.55,10.95,12.06,12.11,12.35,9.98,8.99,8.83,9.27,10.18,12.92,12.91,10.92
QV2M,1994,-3.0,36.875,11.16,10.81,11.66,12.03,12.68,10.31,9.47,9.12,9.27,10.5,13.12,13.22,11.11
QV2M,1994,-3.0,37.5,11.02,10.58,11.29,11.59,11.92,9.79,9.12,9.05,9.34,10.53,12.27,12.54,10.75
QV2M,1994,-3.0,38.125,12.6,12.37,12.94,13.32,13.42,10.84,10.27,10.33,10.88,12.26,13.89,14.49,12.3
QV2M,1994,-3.0,38.75,13.62,13.49,14.2,14.82,15.02,12.04,11.51,11.59,12.11,13.61,15.28,15.91,13.6
QV2M,1994,-3.0,39.375,14.67,14.18,15.19,16.18,16.41,13.56,12.98,12.88,13.4,15.0,16.15,16.6,14.77
QV2M,1994,-3.0,40.0,16.12,15.59,16.36,17.32,17.4,14.58,14.07,13.97,14.39,16.03,16.93,17.25,15.84
QV2M,1994,-3.0,40.625,18.2,17.67,18.26,18.97,18.47,16.41,15.78,15.64,15.86,17.5,18.02,18.23,17.42
QV2M,1994,-3.0,41.25,18.35,17.71,18.11,18.95,18.56,16.57,15.91,15.67,15.92,17.59,18.05,18.31,17.47
QV2M,1994,-3.0,41.875,18.27,17.57,17.91,18.94,18.58,16.61,15.96,15.64,15.95,17.65,18.07,18.3,17.45
QV2M,1994,-3.5,34.375,12.51,13.27,13.9,12.23,11.77,8.99,8.17,8.04,8.67,9.42,12.25,12.93,11.0
QV2M,1994,-3.5,35.0,11.89,12.38,13.1,12.29,12.02,9.67,8.8,8.72,9.33,10.12,12.3,12.83,11.11
QV2M,1994,-3.5,35.625,11.03,11.26,12.41,12.01,11.92,9.6,8.8,8.6,9.17,10.06,12.17,12.59,10.8
QV2M,1994,-3.5,36.25,10.55,11.12,12.45,12.32,12.42,9.95,9.1,8.95,9.53,10.59,12.79,13.15,11.08
QV2M,1994,-3.5,36.875,10.83,11.19,12.53,12.75,13.19,10.62,9.85,9.57,10.03,11.33,13.5,13.74,11.6
QV2M,1994,-3.5,37.5,11.33,11.62,12.4,13.21,13.72,11.03,10.38,10.13,10.57,11.85,13.85,13.81,11.99
QV2M,1994,-3.5,38.125,12.38,12.34,12.93,13.4,13.62,10.96,10.5,10.53,11.08,12.33,13.74,14.22,12.34
QV2M,1994,-3.5,38.75,13.66,13.52,14.23,14.77,14.92,12.2,11.71,11.78,12.21,13.58,14.86,15.4,13.57
QV2M,1994,-3.5,39.375,14.83,14.34,15.38,16.25,16.56,13.76,13.21,13.01,13.49,15.03,16.06,16.41,14.86
QV2M,1994,-3.5,40.0,17.21,16.76,17.43,18.15,17.89,15.31,14.82,14.73,15.08,16.73,17.43,17.72,16.6
QV2M,1994,-3.5,40.625,18.5,17.93,18.49,18.99,18.44,16.43,15.79,15.67,15.84,17.49,18.0,18.3,17.49
QV2M,1994,-3.5,41.25,18.55,17.9,18.28,18.94,18.51,16.52,15.88,15.63,15.88,17.56,18.0,18.3,17.49
QV2M,1994,-3.5,41.875,18.46,17.75,18.03,18.94,18.53,16.58,15.92,15.59,15.92,17.64,18.01,18.28,17.47
QV2M,1994,-4.0,34.375,12.84,13.56,13.85,12.1,11.68,8.65,8.06,7.9,8.66,9.43,11.82,12.97,10.95
QV2M,1994,-4.0,35.0,11.94,12.58,12.99,11.88,11.63,8.97,8.32,8.21,8.93,9.75,11.74,12.69,10.79
QV2M,1994,-4.0,35.625,11.33,11.77,12.66,12.01,11.83,9.42,8.73,8.62,9.25,10.14,11.98,12.73,10.87
QV2M,1994,-4.0,36.25,11.03,11.57,12.77,12.35,12.32,9.73,9.04,8.98,9.59,10.59,12.56,13.19,11.14
QV2M,1994,-4.0,36.875,11.48,11.88,12.99,12.78,12.86,10.26,9.67,9.55,10.08,11.24,13.19,13.67,11.64
QV2M,1994,-4.0,37.5,12.0,12.58,13.28,13.38,13.54,10.77,10.26,10.19,10.7,11.86,13.7,14.11,12.2
QV2M,1994,-4.0,38.125,12.63,13.0,13.68,13.92,14.09,11.25,10.82,10.81,11.4,12.61,14.09,14.62,12.74
QV2M,1994,-4.0,38.75,13.87,13.81,14.72,15.23,15.46,12.58,12.13,12.16,12.62,13.94,15.21,15.6,13.95
QV2M,1994,-4.0,39.375,15.31,14.88,15.93,16.63,17.01,14.12,13.66,13.34,13.77,15.29,16.21,16.45,15.22
QV2M,1994,-4.0,40.0,18.29,17.77,18.39,18.77,18.25,15.99,15.45,15.35,15.57,17.2,17.74,18.17,17.24
QV2M,1994,-4.0,40.625,18.67,18.1,18.6,18.98,18.4,16.36,15.77,15.63,15.78,17.45,17.91,18.3,17.49
QV2M,1994,-4.0,41.25,18.67,18.05,18.43,18.96,18.45,16.45,15.84,15.59,15.83,17.54,17.93,18.29,17.5
QV2M,1994,-4.0,41.875,18.57,17.95,18.19,18.94,18.47,16.51,15.86,15.53,15.87,17.61,17.92,18.25,17.47
QV2M,1994,-4.5,34.375,12.39,13.3,13.19,11.54,11.24,8.33,7.99,7.75,8.4,9.16,10.98,12.47,10.55
QV2M,1994,-4.5,35.0,11.78,12.66,12.74,11.67,11.39,8.58,8.13,7.96,8.68,9.58,11.32,12.47,10.57
QV2M,1994,-4.5,35.625,11.45,12.23,12.75,11.94,11.66,9.07,8.53,8.46,9.18,10.18,11.86,12.78,10.83
QV2M,1994,-4.5,36.25,11.52,12.24,13.14,12.44,12.23,9.47,8.99,9.03,9.74,10.8,12.54,13.35,11.29
QV2M,1994,-4.5,36.875,11.78,12.43,13.27,12.79,12.67,10.03,9.61,9.64,10.22,11.37,13.01,13.67,11.7
QV2M,1994,-4.5,37.5,12.4,13.07,13.78,13.5,13.52,10.8,10.47,10.49,10.91,12.07,13.65,14.27,12.41
QV2M,1994,-4.5,38.125,13.12,13.42,14.03,13.94,14.04,11.49,11.1,11.04,11.46,12.66,13.93,14.68,12.91
QV2M,1994,-4.5,38.75,14.47,14.5,15.4,15.55,15.7,12.91,12.5,12.42,12.84,14.26,15.35,16.02,14.33
QV2M,1994,-4.5,39.375,16.68,16.34,17.17,17.52,17.56,14.78,14.41,14.14,14.46,16.05,16.69,17.22,16.09
QV2M,1994,-4.5,40.0,18.72,18.26,18.71,18.87,18.3,16.1,15.56,15.44,15.64,17.3,17.7,18.34,17.41
QV2M,1994,-4.5,40.625,18.76,18.23,18.68,18.98,18.33,16.29,15.72,15.58,15.73,17.45,17.79,18.3,17.48
QV2M,1994,-4.5,41.25,18.73,18.17,18.53,18.98,18.35,16.36,15.76,15.54,15.77,17.51,17.84,18.28,17.48
QV2M,1994,-4.5,41.875,18.64,18.07,18.3,18.98,18.41,16.45,15.8,15.48,15.81,17.58,17.88,18.2,17.46
QV2M,1994,0.5,34.375,9.87,10.41,12.46,13.54,14.85,14.1,13.54,13.72,13.71,13.92,14.56,12.25,13.09
QV2M,1994,0.5,35.0,9.47,9.3,10.47,11.92,13.1,12.67,12.45,12.5,12.07,12.38,13.13,11.32,11.74
QV2M,1994,0.5,35.625,8.79,8.52,9.6,11.54,12.84,12.56,12.34,12.3,11.84,12.25,13.03,11.14,11.41
QV2M,1994,0.5,36.25,8.86,8.48,9.38,11.09,12.16,12.07,11.99,11.87,10.49,10.51,12.33,10.71,10.84
QV2M,1994,0.5,36.875,9.36,8.73,9.95,11.29,11.47,10.98,10.91,10.69,9.69,10.48,12.6,11.46,10.64
QV2M,1994,0.5,37.5,10.02,9.34,10.67,12.06,11.77,10.37,10.03,9.92,9.79,11.24,13.54,12.43,10.94
QV2M,1994,0.5,38.125,11.01,10.42,11.6,13.23,12.89,10.68,10.01,10.09,10.65,12.5,14.89,13.53,11.8
QV2M,1994,0.5,38.75,11.71,10.86,12.21,14.21,13.99,11.43,10.75,10.89,11.56,13.32,15.58,14.18,12.56
QV2M,1994,0.5,39.375,12.04,11.03,12.62,14.88,14.96,12.33,11.61,11.74,12.31,14.03,16.07,14.48,13.18
QV2M,1994,0.5,40.0,12.41,11.41,12.98,15.22,15.47,12.92,12.16,12.21,12.72,14.56,16.27,14.48,13.58
QV2M,1994,0.5,40.625,12.81,11.88,13.33,15.47,15.87,13.27,12.48,12.51,13.03,15.2,16.66,14.6,13.94
QV2M,1994,0.5,41.25,13.23,12.33,13.65,15.87,16.32,13.52,12.81,12.85,13.3,15.62,16.66,14.73,14.25
QV2M,1994,0.5,41.875,13.53,12.67,13.9,16.19,16.81,13.96,13.31,13.24,13.57,15.98,16.99,15.11,14.61
QV2M,1994,1.0,34.375,9.44,9.29,10.56,11.64,13.05,12.53,12.3,12.42,11.77,12.15,12.6,10.72,11.55
QV2M,1994,1.0,35.0,8.86,8.37,9.29,11.03,12.46,12.06,12.06,12.12,11.3,11.7,12.3,10.61,11.03
QV2M,1994,1.0,35.625,8.35,7.93,9.07,11.34,13.11,12.61,12.71,12.63,11.74,11.44,12.63,10.41,11.18
QV2M,1994,1.0,36.25,8.73,8.23,9.4,11.21,11.93,11.42,12.0,11.91,10.29,10.53,12.39,10.79,10.75
QV2M,1994,1.0,36.875,9.48,8.73,10.16,11.6,11.32,10.42,10.68,10.49,9.84,10.85,12.7,11.37,10.65
QV2M,1994,1.0,37.5,10.14,9.44,10.86,12.44,12.0,10.34,10.08,10.04,10.12,11.7,13.92,12.48,11.14
QV2M,1994,1.0,38.125,10.69,10.03,11.41,13.2,12.87,10.72,10.08,10.15,10.73,12.57,14.79,13.04,11.7
QV2M,1994,1.0,38.75,11.18,10.3,11.99,14.07,13.91,11.42,10.73,10.85,11.51,13.32,15.48,13.71,12.38
QV2M,1994,1.0,39.375,11.48,10.52,12.29,14.7,14.88,12.24,11.46,11.59,12.11,14.0,16.03,14.11,12.96
QV2M,1994,1.0,40.0,11.8,10.84,12.56,14.91,15.27,12.75,11.94,12.01,12.45,14.48,16.41,14.2,13.31
QV2M,1994,1.0,40.625,12.03,11.24,12.82,15.12,15.58,12.99,12.21,12.32,12.71,15.1,16.74,14.41,13.62
QV2M,1994,1.0,41.25,12.31,11.61,13.03,15.51,16.07,13.25,12.57,12.7,12.98,15.58,16.71,14.69,13.93
QV2M,1994,1.0,41.875,12.59,11.89,13.27,15.73,16.45,13.66,13.05,13.04,13.22,15.86,17.18,14.74,14.23
QV2M,1994,1.5,34.375,7.68,7.81,9.37,11.18,14.1,13.5,13.54,13.63,12.56,12.59,12.85,9.86,11.58
QV2M,1994,1.5,35.0,8.02,7.7,8.92,11.18,13.28,12.68,13.0,12.92,11.56,11.64,12.42,10.06,11.13
QV2M,1994,1.5,35.625,8.33,7.96,9.21,11.54,13.26,12.2,12.95,12.96,10.77,10.91,12.55,10.25,11.09
QV2M,1994,1.5,36.25,8.8,8.25,9.62,11.47,11.9,10.73,11.83,11.59,9.92,10.56,12.57,10.53,10.66
QV2M,1994,1.5,36.875,9.43,8.72,10.43,12.01,11.58,10.23,10.35,10.2,9.85,11.17,13.06,11.32,10.71
QV2M,1994,1.5,37.5,9.96,9.36,11.07,12.74,12.28,10.51,10.22,10.24,10.34,12.0,14.12,12.13,11.26
QV2M,1994,1.5,38.125,10.46,9.75,11.48,13.52,13.05,10.89,10.21,10.23,10.85,12.9,15.13,12.92,11.79
QV2M,1994,1.5,38.75,10.65,9.86,11.84,14.26,13.96,11.46,10.75,10.88,11.48,13.69,15.81,13.85,12.39
QV2M,1994,1.5,39.375,11.05,9.98,11.96,14.62,14.73,12.21,11.37,11.46,11.94,14.08,16.25,14.1,12.83
QV2M,1994,1.5,40.0,11.1,10.21,12.11,14.91,15.19,12.6,11.73,11.79,12.17,14.5,16.49,14.26,13.1
QV2M,1994,1.5,40.625,11.17,10.49,12.32,14.9,15.31,12.71,11.98,12.13,12.42,15.11,16.75,14.38,13.32
QV2M,1994,1.5,41.25,11.45,10.8,12.47,15.1,15.66,13.0,12.34,12.48,12.67,15.46,17.07,14.52,13.6
QV2M,1994,1.5,41.875,11.6,11.1,12.68,15.36,16.11,13.36,12.79,12.84,12.92,15.86,17.34,14.57,13.89
QV2M,1994,2.0,34.375,7.84,7.72,9.13,11.24,14.18,13.61,13.87,13.78,11.58,11.69,12.51,9.49,11.41
QV2M,1994,2.0,35.0,8.12,7.76,9.09,11.33,12.95,12.18,12.82,12.6,10.51,11.01,12.29,9.89,10.9
QV2M,1994,2.0,35.625,8.46,8.02,9.4,11.71,12.64,11.26,12.23,11.96,9.92,10.81,12.65,10.2,10.79
QV2M,1994,2.0,36.25,8.84,8.34,9.87,11.8,11.74,10.35,11.04,10.84,9.68,10.99,12.9,10.53,10.59
QV2M,1994,2.0,36.875,9.23,8.67,10.58,12.38,11.82,10.26,10.1,10.08,10.0,11.59,13.29,11.21,10.78
QV2M,1994,2.0,37.5,9.78,9.14,11.23,13.25,12.6,10.67,10.14,10.15,10.49,12.51,14.63,12.28,11.42
QV2M,1994,2.0,38.125,10.02,9.2,11.36,13.93,13.37,11.05,10.32,10.34,10.95,13.38,15.57,13.24,11.91
QV2M,1994,2.0,38.75,10.04,9.2,11.51,14.39,14.03,11.59,10.79,10.87,11.41,13.87,16.0,13.58,12.29
QV2M,1994,2.0,39.375,10.07,9.2,11.54,14.65,14.7,12.2,11.31,11.32,11.75,14.27,16.38,13.85,12.62
QV2M,1994,2.0,40.0,10.1,9.39,11.62,14.9,15.15,12.49,11.63,11.62,11.94,14.64,16.5,13.89,12.84
QV2M,1994,2.0,40.625,9.94,9.68,11.75,14.93,15.16,12.46,11.78,11.95,12.19,15.39,16.83,14.01,13.02
QV2M,1994,2.0,41.25,10.39,9.96,11.89,14.93,15.41,12.72,12.08,12.25,12.4,15.53,17.07,14.15,13.25
QV2M,1994,2.0,41.875,10.65,10.23,12.02,15.13,15.98,13.04,12.48,12.59,12.55,15.82,17.19,14.25,13.51
QV2M,1994,2.5,34.375,7.91,7.57,9.26,11.35,13.24,12.64,13.26,13.01,10.13,11.26,12.41,9.56,10.99
QV2M,1994,2.5,35.0,8.23,7.82,9.45,11.73,12.51,11.59,12.18,11.89,10.08,11.26,12.69,10.06,10.81
QV2M,1994,2.5,35.625,8.55,8.16,9.78,12.09,12.29,10.77,11.49,11.06,9.89,11.39,13.08,10.34,10.75
QV2M,1994,2.5,36.25,9.78,9.48,11.08,13.0,12.62,11.23,11.12,11.03,10.77,12.29,13.83,11.28,11.47
QV2M,1994,2.5,36.875,9.34,8.92,11.0,13.06,12.37,10.72,10.31,10.32,10.45,12.28,13.95,11.49,11.19
QV2M,1994,2.5,37.5,9.06,8.57,11.04,13.51,12.74,10.74,10.09,10.09,10.53,12.86,14.92,12.2,11.37
QV2M,1994,2.5,38.125,8.87,8.36,11.05,13.9,13.41,11.15,10.34,10.36,10.88,13.41,15.49,12.56,11.66
QV2M,1994,2.5,38.75,8.71,8.23,11.08,14.38,14.07,11.64,10.73,10.78,11.23,13.91,16.01,12.74,11.97
QV2M,1994,2.5,39.375,8.68,8.2,11.04,14.6,14.65,12.12,11.2,11.14,11.47,14.23,16.17,12.76,12.21
QV2M,1994,2.5,40.0,8.84,8.42,11.11,14.73,14.95,12.31,11.46,11.46,11.63,14.53,16.06,12.71,12.37
QV2M,1994,2.5,40.625,8.98,8.83,11.19,14.72,14.96,12.24,11.59,11.74,11.84,14.93,16.16,12.73,12.51
QV2M,1994,2.5,41.25,9.31,9.1,11.28,14.61,15.13,12.54,11.9,12.02,12.02,15.0,16.38,12.55,12.67
QV2M,1994,2.5,41.875,9.67,9.34,11.4,14.85,15.65,12.86,12.27,12.34,12.21,15.23,16.5,13.01,12.96
QV2M,1994,3.0,34.375,7.93,7.39,9.55,11.92,12.94,12.24,12.83,12.59,10.27,11.73,12.74,9.83,11.02
QV2M,1994,3.0,35.0,8.23,7.82,9.88,12.39,12.69,11.59,11.93,11.55,10.1,11.94,13.4,10.46,11.01
QV2M,1994,3.0,35.625,8.69,8.32,10.37,12.91,12.68,11.01,11.16,10.76,10.3,12.39,13.92,10.71,11.11
QV2M,1994,3.0,36.25,10.79,10.61,12.47,14.32,13.63,12.04,11.59,11.6,11.62,13.57,14.95,12.45,12.48
QV2M,1994,3.0,36.875,8.64,8.3,10.78,13.26,12.52,10.71,10.16,10.15,10.37,12.63,14.39,11.55,11.13
QV2M,1994,3.0,37.5,8.09,7.79,10.67,13.65,12.93,10.82,10.1,10.11,10.51,13.12,14.95,11.76,11.22
QV2M,1994,3.0,38.125,7.65,7.49,10.61,13.92,13.44,11.16,10.28,10.33,10.73,13.43,15.05,11.57,11.32
QV2M,1994,3.0,38.75,7.51,7.3,10.56,14.33,14.08,11.54,10.63,10.63,10.97,13.83,15.4,11.55,11.55
QV2M,1994,3.0,39.375,7.65,7.3,10.46,14.39,14.53,11.97,11.04,10.94,11.14,14.0,15.53,11.52,11.73
QV2M,1994,3.0,40.0,7.91,7.54,10.58,14.48,14.77,12.12,11.23,11.24,11.27,14.2,15.5,11.6,11.89
QV2M,1994,3.0,40.625,8.26,7.93,10.63,14.41,14.71,12.07,11.36,11.5,11.46,14.26,15.29,11.55,11.97
QV2M,1994,3.0,41.25,8.54,8.3,10.72,14.39,14.96,12.3,11.67,11.78,11.64,14.36,15.46,11.62,12.16
QV2M,1994,3.0,41.875,8.8,8.53,10.83,14.55,15.29,12.6,11.98,11.98,11.74,14.46,15.69,12.07,12.39
QV2M,1994,3.5,34.375,7.88,7.2,9.91,12.51,12.95,12.12,12.44,12.13,10.22,12.24,13.32,10.25,11.12
QV2M,1994,3.5,35.0,8.22,7.65,10.28,13.05,13.09,11.75,11.83,11.43,10.13,12.63,14.0,10.83,11.26
QV2M,1994,3.5,35.625,9.07,8.74,11.16,13.51,13.15,11.21,11.08,10.83,10.54,13.0,14.44,11.39,11.52
QV2M,1994,3.5,36.25,10.51,10.31,12.48,14.51,13.92,12.15,11.59,11.61,11.76,13.8,15.0,12.47,12.52
QV2M,1994,3.5,36.875,7.62,7.42,10.35,13.47,12.88,10.76,9.99,9.99,10.23,12.87,14.49,11.13,10.95
QV2M,1994,3.5,37.5,7.13,7.02,10.11,13.59,13.03,10.87,10.05,10.06,10.36,13.01,14.29,10.57,10.86
QV2M,1994,3.5,38.125,6.89,6.75,9.99,13.87,13.63,11.34,10.43,10.31,10.58,13.36,14.48,10.58,11.04
QV2M,1994,3.5,38.75,6.93,6.61,9.74,13.95,14.08,11.59,10.67,10.58,10.71,13.49,14.51,10.52,11.13
QV2M,1994,3.5,39.375,7.15,6.73,9.81,14.02,14.36,11.82,10.88,10.81,10.83,13.63,14.63,10.87,11.32
QV2M,1994,3.5,40.0,7.38,6.95,9.98,14.26,14.61,11.88,10.99,11.02,10.93,13.9,14.98,11.08,11.52
QV2M,1994,3.5,40.625,7.71,7.26,10.1,14.29,14.62,11.83,11.06,11.23,11.09,14.01,14.86,11.23,11.63
QV2M,1994,3.5,41.25,8.13,7.7,10.36,14.22,14.75,12.04,11.39,11.5,11.3,14.04,15.0,11.41,11.84
QV2M,1994,3.5,41.875,8.31,7.94,10.45,14.41,15.08,12.35,11.66,11.66,11.41,14.21,15.47,11.79,12.08
QV2M,1994,4.0,34.375,7.8,7.11,10.34,13.76,13.95,12.89,13.03,12.54,10.31,13.47,14.33,10.92,11.73
QV2M,1994,4.0,35.0,8.22,7.52,10.8,13.94,13.76,12.09,12.03,11.6,10.26,13.46,14.63,11.26,11.65
QV2M,1994,4.0,35.625,9.0,8.71,11.5,13.82,13.58,11.68,11.09,10.98,10.7,13.29,14.47,11.56,11.71
QV2M,1994,4.0,36.25,10.33,10.23,12.48,14.81,14.41,12.54,11.75,11.83,12.03,14.05,14.89,12.27,12.64
QV2M,1994,4.0,36.875,6.83,6.94,9.94,13.52,13.33,11.2,10.09,9.99,10.11,12.79,13.94,10.24,10.76
QV2M,1994,4.0,37.5,6.42,6.49,9.43,13.42,13.4,11.15,10.09,10.0,10.14,12.7,13.52,9.68,10.55
QV2M,1994,4.0,38.125,6.39,6.25,8.96,13.22,13.5,11.31,10.37,10.23,10.27,12.73,13.29,9.66,10.53
QV2M,1994,4.0,38.75,6.55,6.26,8.94,13.28,13.47,11.39,10.37,10.23,10.25,12.77,13.23,9.92,10.57
QV2M,1994,4.0,39.375,6.79,6.41,9.23,13.87,14.09,11.69,10.6,10.47,10.45,13.41,13.94,10.48,10.97
QV2M,1994,4.0,40.0,7.06,6.62,9.46,14.1,14.42,11.74,10.7,10.74,10.63,13.72,14.27,10.53,11.19
QV2M,1994,4.0,40.625,7.39,6.91,9.71,14.13,14.45,11.59,10.74,10.93,10.76,13.85,14.46,10.87,11.34
QV2M,1994,4.0,41.25,7.71,7.22,10.0,14.18,14.63,11.82,11.03,11.18,10.98,13.95,14.93,11.25,11.59
QV2M,1994,4.0,41.875,7.88,7.44,10.06,14.52,15.05,12.16,11.35,11.39,11.17,14.33,15.6,11.8,11.92
QV2M,1994,4.5,34.375,7.68,6.85,10.8,14.95,14.71,13.51,13.76,12.92,10.2,14.66,15.18,10.84,12.2
QV2M,1994,4.5,35.0,8.11,7.44,11.19,14.59,14.42,12.74,12.34,11.88,10.35,14.1,15.06,11.79,12.03
QV2M,1994,4.5,35.625,8.42,8.28,11.39,13.97,13.84,12.14,11.26,11.04,10.56,13.42,14.4,11.35,11.69
QV2M,1994,4.5,36.25,8.24,8.63,11.26,14.18,14.05,12.19,11.01,10.93,10.79,13.42,14.21,10.82,11.66
QV2M,1994,4.5,36.875,7.05,7.54,10.28,13.84,13.9,11.91,10.8,10.6,10.49,12.97,13.67,10.05,11.11
QV2M,1994,4.5,37.5,6.02,6.22,8.98,13.05,13.63,11.53,10.2,9.98,9.87,12.4,12.88,8.91,10.32
QV2M,1994,4.5,38.125,6.1,6.01,8.47,12.6,13.1,11.21,10.2,9.88,9.75,12.19,12.52,9.17,10.12
QV2M,1994,4.5,38.75,6.24,6.04,8.62,13.0,13.45,11.34,10.26,10.0,9.92,12.64,12.95,9.49,10.35
QV2M,1994,4.5,39.375,6.42,6.16,8.78,13.35,13.91,11.48,10.36,10.23,10.17,13.06,13.38,9.68,10.6
QV2M,1994,4.5,40.0,6.68,6.35,8.93,13.27,13.94,11.48,10.44,10.46,10.29,13.0,13.26,9.71,10.67
QV2M,1994,4.5,40.625,7.02,6.61,9.28,13.57,14.13,11.44,10.46,10.65,10.46,13.38,13.84,10.1,10.93
QV2M,1994,4.5,41.25,7.41,6.92,9.55,13.86,14.34,11.61,10.74,10.9,10.7,13.58,14.38,10.64,11.24
QV2M,1994,4.5,41.875,7.58,7.14,9.62,14.62,15.16,12.03,11.07,11.17,11.0,14.41,15.44,11.39,11.74
QV2M,1995,-0.5,34.375,11.85,12.75,13.22,14.04,14.41,13.65,12.46,11.68,12.73,13.62,13.75,12.75,13.07
QV2M,1995,-0.5,35.0,9.94,11.15,11.81,12.36,13.15,12.73,11.55,10.95,11.67,12.39,12.56,11.34,11.8
QV2M,1995,-0.5,35.625,8.55,9.48,10.27,10.9,11.34,10.94,10.13,9.69,10.17,10.75,11.05,10.18,10.29
QV2M,1995,-0.5,36.25,8.61,9.41,10.54,11.18,11.41,10.67,10.0,9.52,10.01,10.69,11.17,10.39,10.3
QV2M,1995,-0.5,36.875,9.42,10.2,11.36,12.09,12.04,10.79,10.15,9.8,10.18,11.04,11.81,11.24,10.84
QV2M,1995,-0.5,37.5,10.48,11.61,12.59,13.3,13.33,11.29,10.62,10.3,10.74,11.82,13.05,12.67,11.82
QV2M,1995,-0.5,38.125,11.48,12.98,13.52,13.96,13.47,10.67,10.38,10.35,10.69,12.17,13.98,13.86,12.29
QV2M,1995,-0.5,38.75,11.84,13.66,14.05,14.91,14.41,11.23,11.13,11.28,11.49,13.12,14.66,14.49,13.02
QV2M,1995,-0.5,39.375,12.11,14.08,14.07,15.7,15.51,12.36,12.14,12.36,12.34,13.84,14.82,14.68,13.66
QV2M,1995,-0.5,40.0,12.89,14.5,14.47,16.07,16.1,13.24,12.88,12.95,12.87,14.2,15.03,15.06,14.18
QV2M,1995,-0.5,40.625,13.0,14.63,14.97,16.34,16.76,14.12,13.59,13.57,13.4,14.58,15.42,15.57,14.66
QV2M,1995,-0.5,41.25,13.4,14.85,15.3,16.51,17.18,14.55,13.94,13.89,13.76,14.98,15.58,15.86,14.98
QV2M,1995,-0.5,41.875,14.25,15.44,15.88,16.71,17.41,15.08,14.62,14.45,14.39,15.44,15.67,16.2,15.46
QV2M,1995,-1.0,34.375,11.9,12.86,13.23,13.43,13.74,12.84,11.49,10.47,11.73,12.72,13.02,12.58,12.5
QV2M,1995,-1.0,35.0,10.18,11.28,12.01,12.1,12.72,12.08,10.63,9.9,10.59,11.44,11.62,11.07,11.3
QV2M,1995,-1.0,35.625,9.15,10.21,11.13,11.42,12.11,11.33,10.1,9.52,10.01,10.82,11.06,10.38,10.6
QV2M,1995,-1.0,36.25,8.91,9.99,11.26,11.6,12.07,10.98,9.99,9.49,9.91,10.81,11.4,10.76,10.6
QV2M,1995,-1.0,36.875,9.94,10.92,12.01,12.39,12.48,10.75,9.88,9.48,9.84,11.02,12.21,11.96,11.07
QV2M,1995,-1.0,37.5,11.05,12.21,13.18,13.61,13.51,11.32,10.52,10.25,10.68,11.88,13.27,13.09,12.04
QV2M,1995,-1.0,38.125,10.83,12.59,13.46,13.98,13.48,10.68,10.42,10.44,10.75,12.21,13.72,13.51,12.17
QV2M,1995,-1.0,38.75,11.79,13.72,14.51,15.2,14.63,11.28,11.21,11.45,11.64,13.33,14.81,14.61,13.18
QV2M,1995,-1.0,39.375,12.26,14.21,14.44,16.08,15.8,12.43,12.24,12.51,12.51,14.08,15.03,14.9,13.87
QV2M,1995,-1.0,40.0,13.34,14.78,14.93,16.54,16.38,13.36,13.05,13.13,13.07,14.45,15.31,15.34,14.47
QV2M,1995,-1.0,40.625,13.7,14.9,15.37,16.77,16.98,14.33,13.84,13.78,13.6,14.72,15.54,15.85,14.95
QV2M,1995,-1.0,41.25,14.28,15.21,15.65,16.86,17.35,14.76,14.24,14.11,14.04,15.17,15.63,16.12,15.29
QV2M,1995,-1.0,41.875,15.63,16.33,16.85,17.59,17.94,15.63,15.27,15.03,15.09,16.17,16.18,16.99,16.23
QV2M,1995,-1.5,34.375,11.56,12.45,12.97,12.68,12.98,12.13,10.51,9.02,10.73,11.78,12.27,11.8,11.73
QV2M,1995,-1.5,35.0,10.52,11.54,12.24,12.08,12.56,11.5,9.9,8.92,9.75,11.0,11.36,10.97,11.02
QV2M,1995,-1.5,35.625,9.58,10.64,11.57,11.74,12.17,10.75,9.51,9.13,9.48,10.58,11.16,10.64,10.58
QV2M,1995,-1.5,36.25,9.55,10.97,11.99,12.13,12.7,10.92,9.75,9.37,9.73,10.9,11.81,11.3,10.92
QV2M,1995,-1.5,36.875,9.9,11.06,11.97,12.23,12.32,10.41,9.35,9.18,9.52,10.78,12.05,11.89,10.89
QV2M,1995,-1.5,37.5,10.92,11.94,12.87,13.26,13.03,10.67,9.97,9.8,10.16,11.42,12.87,12.82,11.64
QV2M,1995,-1.5,38.125,11.87,13.27,13.94,14.39,13.84,11.01,10.67,10.68,10.96,12.27,13.8,13.75,12.53
QV2M,1995,-1.5,38.75,12.41,14.04,14.75,15.37,14.81,11.34,11.31,11.6,11.76,13.33,14.66,14.53,13.32
QV2M,1995,-1.5,39.375,13.26,14.61,15.07,16.37,15.87,12.51,12.35,12.6,12.65,14.16,15.11,15.09,14.13
QV2M,1995,-1.5,40.0,14.13,15.12,15.61,17.13,16.71,13.67,13.33,13.41,13.3,14.67,15.52,15.64,14.85
QV2M,1995,-1.5,40.625,14.56,15.19,15.74,17.25,17.15,14.52,14.09,13.99,13.86,14.96,15.56,15.97,15.24
QV2M,1995,-1.5,41.25,15.27,15.62,16.02,17.32,17.55,14.96,14.53,14.32,14.32,15.4,15.69,16.3,15.61
QV2M,1995,-1.5,41.875,16.8,17.28,17.81,18.37,18.53,16.19,15.91,15.66,15.8,16.88,16.79,17.76,16.98
QV2M,1995,-1.7975103014118005e-13,34.375,11.36,12.58,13.19,14.43,14.8,14.01,13.1,12.78,13.79,14.33,14.27,13.02,13.47
QV2M,1995,-1.7975103014118005e-13,35.0,10.09,11.39,11.89,12.94,13.58,13.01,12.38,12.16,12.75,13.19,13.34,11.99,12.39
QV2M,1995,-1.7975103014118005e-13,35.625,9.07,10.06,10.55,11.44,11.79,11.4,11.01,10.8,11.06,11.4,11.74,10.84,10.93
QV2M,1995,-1.7975103014118005e-13,36.25,8.38,9.42,10.31,11.04,11.46,11.05,10.76,10.11,10.55,10.9,11.47,10.39,10.49
QV2M,1995,-1.7975103014118005e-13,36.875,9.22,10.11,10.99,11.9,11.97,10.78,10.51,9.99,10.31,10.87,11.76,11.0,10.79
QV2M,1995,-1.7975103014118005e-13,37.5,9.92,10.99,11.74,12.61,12.42,10.7,10.19,9.84,10.19,11.05,12.14,11.84,11.13
QV2M,1995,-1.7975103014118005e-13,38.125,11.43,12.91,13.54,14.24,13.71,10.79,10.39,10.32,10.64,12.17,14.05,14.0,12.34
QV2M,1995,-1.7975103014118005e-13,38.75,11.7,13.52,13.77,14.97,14.53,11.39,11.15,11.24,11.43,13.07,14.45,14.34,12.96
QV2M,1995,-1.7975103014118005e-13,39.375,11.84,13.74,13.8,15.44,15.36,12.34,12.06,12.21,12.16,13.69,14.49,14.37,13.45
QV2M,1995,-1.7975103014118005e-13,40.0,12.38,14.11,14.27,15.73,15.92,13.15,12.76,12.78,12.7,14.05,14.7,14.69,13.93
QV2M,1995,-1.7975103014118005e-13,40.625,12.63,14.34,14.77,16.09,16.53,13.87,13.31,13.28,13.1,14.46,15.21,15.12,14.39
QV2M,1995,-1.7975103014118005e-13,41.25,12.91,14.65,15.21,16.37,16.93,14.25,13.63,13.63,13.47,14.86,15.48,15.42,14.73
QV2M,1995,-1.7975103014118005e-13,41.875,13.47,15.0,15.51,16.55,17.19,14.73,14.19,14.08,13.92,15.11,15.58,15.7,15.09
QV2M,1995,-2.0,34.375,11.29,12.35,12.7,12.34,12.71,11.42,9.45,8.24,9.72,11.07,11.57,11.41,11.18
QV2M,1995,-2.0,35.0,10.62,11.46,12.07,12.19,12.4,10.92,9.19,8.44,9.15,10.67,11.35,10.93,10.78
QV2M,1995,-2.0,35.625,10.08,10.98,11.74,12.12,12.21,10.5,9.28,8.85,9.2,10.61,11.45,10.9,10.66
QV2M,1995,-2.0,36.25,10.14,11.48,12.35,12.48,12.66,10.53,9.36,9.13,9.51,10.92,12.01,11.54,11.0
QV2M,1995,-2.0,36.875,9.86,11.05,12.08,12.35,12.31,10.19,9.06,9.07,9.42,10.75,12.05,11.8,10.83
QV2M,1995,-2.0,37.5,10.93,12.12,13.05,13.27,12.95,10.44,9.7,9.7,10.05,11.37,12.84,12.77,11.59
QV2M,1995,-2.0,38.125,12.18,13.45,14.06,14.37,13.8,10.82,10.5,10.64,10.91,12.19,13.76,13.72,12.53
QV2M,1995,-2.0,38.75,13.05,14.4,15.12,15.62,14.99,11.49,11.44,11.76,11.89,13.34,14.72,14.68,13.54
QV2M,1995,-2.0,39.375,14.21,15.12,15.62,16.69,16.04,12.74,12.56,12.79,12.84,14.22,15.23,15.35,14.45
QV2M,1995,-2.0,40.0,14.96,15.42,16.03,17.42,16.81,13.68,13.48,13.52,13.47,14.83,15.68,15.85,15.09
QV2M,1995,-2.0,40.625,15.52,15.76,16.39,17.75,17.45,14.75,14.46,14.3,14.27,15.39,15.81,16.28,15.68
QV2M,1995,-2.0,41.25,16.46,16.85,17.26,18.05,17.96,15.55,15.34,15.05,15.24,16.29,16.24,17.11,16.45
QV2M,1995,-2.0,41.875,17.35,17.8,18.24,18.65,18.77,16.47,16.28,16.0,16.2,17.23,17.24,18.26,17.37
QV2M,1995,-2.5,34.375,11.69,12.22,12.4,12.25,12.42,10.85,8.77,7.93,8.78,10.33,10.95,11.2,10.81
QV2M,1995,-2.5,35.0,10.97,11.51,11.97,12.2,12.16,10.44,8.78,8.15,8.59,10.09,11.19,10.96,10.58
QV2M,1995,-2.5,35.625,11.04,11.65,12.25,12.64,12.47,10.47,8.87,8.58,8.85,10.41,11.74,11.18,10.84
QV2M,1995,-2.5,36.25,10.64,11.57,12.35,12.69,12.7,10.39,9.36,9.1,9.18,10.6,11.97,11.53,11.0
QV2M,1995,-2.5,36.875,10.76,11.69,12.46,12.76,12.79,10.5,8.91,8.76,9.17,10.68,12.43,12.09,11.08
QV2M,1995,-2.5,37.5,11.46,12.42,12.96,13.14,12.88,10.28,9.33,9.38,9.76,11.1,12.83,12.76,11.52
QV2M,1995,-2.5,38.125,12.55,13.59,13.95,14.24,13.62,10.62,10.34,10.58,10.79,12.03,13.78,13.85,12.49
QV2M,1995,-2.5,38.75,13.54,14.45,15.08,15.6,14.92,11.46,11.48,11.81,11.92,13.18,14.81,14.87,13.59
QV2M,1995,-2.5,39.375,14.73,15.28,15.72,16.71,16.03,12.82,12.68,12.93,12.97,14.14,15.42,15.63,14.58
QV2M,1995,-2.5,40.0,15.29,15.61,16.15,17.43,16.8,13.69,13.68,13.69,13.78,15.02,15.96,16.21,15.27
QV2M,1995,-2.5,40.625,16.54,16.84,17.35,18.32,17.92,15.33,15.23,15.02,15.19,16.26,16.59,17.22,16.48
QV2M,1995,-2.5,41.25,17.59,17.94,18.5,18.88,18.71,16.34,16.19,15.91,16.15,17.14,17.2,18.24,17.4
QV2M,1995,-2.5,41.875,17.42,17.75,18.26,18.61,18.75,16.41,16.25,15.95,16.14,17.14,17.21,18.16,17.34
QV2M,1995,-3.0,34.375,12.09,12.45,12.6,12.47,12.36,10.38,8.67,8.19,8.47,9.75,10.38,10.89,10.71
QV2M,1995,-3.0,35.0,11.46,11.81,12.04,12.4,12.28,10.36,8.93,8.37,8.5,9.72,10.63,10.67,10.59
QV2M,1995,-3.0,35.625,10.82,11.03,11.36,12.07,11.84,10.04,8.96,8.65,8.69,9.83,10.66,10.51,10.37
QV2M,1995,-3.0,36.25,11.33,11.82,12.28,13.03,12.91,10.62,9.5,9.15,9.25,10.33,11.55,10.96,11.05
QV2M,1995,-3.0,36.875,11.61,12.13,12.11,12.9,13.02,10.83,9.75,9.48,9.45,10.45,12.08,11.66,11.28
QV2M,1995,-3.0,37.5,10.97,11.55,11.67,12.31,12.17,10.01,9.29,9.24,9.46,10.4,11.67,11.6,10.86
QV2M,1995,-3.0,38.125,12.46,13.37,13.53,14.08,13.43,10.55,10.39,10.65,10.81,11.87,13.52,13.7,12.36
QV2M,1995,-3.0,38.75,13.63,14.15,14.72,15.61,14.83,11.48,11.57,11.89,11.96,13.07,14.8,14.95,13.55
QV2M,1995,-3.0,39.375,14.73,15.04,15.51,16.8,16.09,12.8,12.78,13.03,13.07,14.09,15.48,15.73,14.59
QV2M,1995,-3.0,40.0,15.87,16.17,16.6,17.73,17.05,14.0,14.09,14.07,14.21,15.35,16.06,16.55,15.64
QV2M,1995,-3.0,40.625,17.69,17.97,18.56,19.07,18.45,16.09,15.98,15.73,15.97,16.99,17.13,18.12,17.31
QV2M,1995,-3.0,41.25,17.72,17.93,18.55,18.87,18.63,16.28,16.16,15.85,16.06,17.02,17.17,18.17,17.37
QV2M,1995,-3.0,41.875,17.55,17.74,18.37,18.65,18.69,16.35,16.22,15.88,16.07,17.03,17.2,18.08,17.32
QV2M,1995,-3.5,34.375,12.74,13.14,13.37,13.01,12.49,10.19,8.61,8.32,8.5,9.71,10.29,11.23,10.95
QV2M,1995,-3.5,35.0,12.16,12.47,12.84,13.24,12.66,10.51,9.31,9.06,9.18,10.3,10.94,11.29,11.15
QV2M,1995,-3.5,35.625,11.46,11.82,12.27,13.04,12.51,10.31,9.32,9.14,9.07,10.18,10.91,10.81,10.9
QV2M,1995,-3.5,36.25,11.43,11.81,12.48,13.5,13.02,10.61,9.57,9.37,9.42,10.54,11.46,11.12,11.19
QV2M,1995,-3.5,36.875,11.73,12.05,12.65,14.0,13.56,11.09,10.17,10.12,10.03,11.05,12.22,11.66,11.69
QV2M,1995,-3.5,37.5,11.44,12.21,12.84,14.34,13.93,11.15,10.56,10.58,10.52,11.52,12.8,12.37,12.02
QV2M,1995,-3.5,38.125,12.03,12.87,13.24,14.27,13.52,10.6,10.54,10.86,10.99,11.96,13.19,13.3,12.28
QV2M,1995,-3.5,38.75,13.44,14.01,14.61,15.6,14.71,11.65,11.77,12.02,12.12,13.02,14.23,14.5,13.47
QV2M,1995,-3.5,39.375,14.64,14.89,15.6,16.99,16.18,12.92,12.98,13.15,13.15,14.11,15.23,15.61,14.62
QV2M,1995,-3.5,40.0,16.88,17.13,17.64,18.55,17.72,14.85,14.9,14.83,15.02,16.07,16.46,17.27,16.44
QV2M,1995,-3.5,40.625,17.91,18.1,18.72,19.1,18.44,16.13,16.02,15.76,15.95,16.94,17.08,18.13,17.35
QV2M,1995,-3.5,41.25,17.83,17.98,18.66,18.99,18.54,16.22,16.12,15.79,16.0,16.94,17.14,18.1,17.36
QV2M,1995,-3.5,41.875,17.69,17.81,18.5,18.74,18.6,16.3,16.16,15.8,15.99,16.94,17.16,18.02,17.31
QV2M,1995,-4.0,34.375,13.16,13.5,13.43,13.09,12.45,9.89,8.48,8.23,8.33,9.52,9.79,11.42,10.93
QV2M,1995,-4.0,35.0,12.37,12.64,12.89,13.07,12.35,10.04,8.82,8.62,8.69,9.78,10.06,11.06,10.86
QV2M,1995,-4.0,35.625,11.89,12.28,12.74,13.21,12.48,10.23,9.24,9.2,9.27,10.17,10.48,10.91,11.0
QV2M,1995,-4.0,36.25,11.73,12.42,13.05,13.69,12.99,10.5,9.55,9.55,9.49,10.44,10.98,11.18,11.29
QV2M,1995,-4.0,36.875,11.95,12.64,13.27,14.09,13.29,10.83,10.01,10.16,10.13,10.96,11.76,11.86,11.74
QV2M,1995,-4.0,37.5,12.09,13.01,13.61,14.58,13.76,10.94,10.48,10.67,10.63,11.53,12.51,12.61,12.2
QV2M,1995,-4.0,38.125,12.16,13.24,13.89,14.99,13.94,10.86,10.77,11.16,11.24,12.27,13.33,13.42,12.6
QV2M,1995,-4.0,38.75,13.5,14.16,14.99,16.26,15.18,11.99,12.1,12.42,12.49,13.37,14.29,14.54,13.77
QV2M,1995,-4.0,39.375,14.96,15.3,16.12,17.46,16.57,13.27,13.42,13.47,13.39,14.33,15.13,15.72,14.93
QV2M,1995,-4.0,40.0,17.81,18.0,18.56,19.03,18.18,15.67,15.63,15.45,15.64,16.59,16.78,17.94,17.1
QV2M,1995,-4.0,40.625,18.05,18.22,18.79,19.07,18.38,16.07,16.0,15.71,15.88,16.83,16.97,18.14,17.34
QV2M,1995,-4.0,41.25,17.95,18.13,18.76,19.01,18.42,16.15,16.06,15.7,15.9,16.87,17.0,18.09,17.33
QV2M,1995,-4.0,41.875,17.82,17.91,18.59,18.81,18.5,16.23,16.09,15.71,15.9,16.86,17.06,18.03,17.29
QV2M,1995,-4.5,34.375,12.72,13.14,12.95,12.84,12.07,9.2,8.31,8.15,8.02,9.13,9.07,11.0,10.54
QV2M,1995,-4.5,35.0,12.19,12.55,12.75,12.93,12.14,9.58,8.54,8.43,8.43,9.52,9.52,10.75,10.6
QV2M,1995,-4.5,35.625,12.09,12.44,13.04,13.29,12.41,9.98,9.0,9.06,9.12,10.13,10.18,10.92,10.96
QV2M,1995,-4.5,36.25,12.28,12.94,13.68,13.96,12.98,10.32,9.47,9.66,9.61,10.59,10.85,11.31,11.46
QV2M,1995,-4.5,36.875,12.31,13.12,13.82,14.23,13.19,10.65,9.92,10.23,10.3,11.13,11.57,11.87,11.85
QV2M,1995,-4.5,37.5,12.7,13.61,14.23,14.85,13.83,11.12,10.68,10.99,10.99,11.75,12.43,12.63,12.48
QV2M,1995,-4.5,38.125,12.92,13.71,14.28,15.02,14.03,11.29,11.08,11.39,11.37,12.27,13.13,13.52,12.83
QV2M,1995,-4.5,38.75,14.31,14.78,15.67,16.59,15.49,12.42,12.44,12.68,12.75,13.67,14.45,14.93,14.18
QV2M,1995,-4.5,39.375,16.36,16.62,17.26,18.23,17.28,14.27,14.34,14.3,14.33,15.23,15.63,16.59,15.87
QV2M,1995,-4.5,40.0,18.24,18.39,18.85,19.09,18.25,15.79,15.74,15.53,15.73,16.64,16.82,18.17,17.27
QV2M,1995,-4.5,40.625,18.18,18.33,18.8,19.11,18.32,15.98,15.94,15.62,15.82,16.74,16.88,18.14,17.32
QV2M,1995,-4.5,41.25,18.06,18.26,18.75,19.05,18.3,16.06,15.99,15.6,15.81,16.78,16.89,18.09,17.3
QV2M,1995,-4.5,41.875,17.95,18.03,18.61,18.89,18.39,16.14,16.01,15.62,15.82,16.78,16.91,18.1,17.27
QV2M,1995,0.5,34.375,10.56,11.93,12.56,13.55,14.75,13.92,13.66,13.63,14.07,14.25,14.3,12.98,13.35
QV2M,1995,0.5,35.0,9.61,10.83,11.23,12.2,13.08,12.35,12.45,12.41,12.57,12.76,13.01,11.9,12.04
QV2M,1995,0.5,35.625,9.0,10.02,10.78,11.68,12.87,12.23,12.35,12.2,12.31,12.43,12.75,11.37,11.67
QV2M,1995,0.5,36.25,8.57,9.79,10.59,11.15,11.71,11.2,11.56,10.99,11.1,11.01,11.78,10.98,10.87
QV2M,1995,0.5,36.875,9.19,10.41,11.21,11.84,11.83,10.32,10.83,10.12,10.25,10.63,12.04,11.59,10.86
QV2M,1995,0.5,37.5,9.85,11.17,12.05,12.87,12.61,10.47,10.29,9.8,10.16,11.17,12.72,12.52,11.31
QV2M,1995,0.5,38.125,10.63,12.28,12.93,14.09,13.77,10.91,10.42,10.33,10.62,12.08,13.67,13.61,12.11
QV2M,1995,0.5,38.75,11.34,13.23,13.39,14.82,14.59,11.54,11.2,11.2,11.34,12.95,14.13,14.1,12.81
QV2M,1995,0.5,39.375,11.66,13.52,13.73,15.36,15.5,12.42,12.0,12.08,11.98,13.58,14.47,14.32,13.38
QV2M,1995,0.5,40.0,11.86,13.7,14.15,15.64,16.01,13.1,12.61,12.58,12.44,13.94,14.72,14.47,13.77
QV2M,1995,0.5,40.625,12.16,13.97,14.64,15.94,16.28,13.57,13.0,12.96,12.8,14.33,15.15,14.75,14.13
QV2M,1995,0.5,41.25,12.59,14.41,15.08,16.2,16.51,13.91,13.35,13.37,13.23,14.71,15.23,14.98,14.46
QV2M,1995,0.5,41.875,12.94,14.57,15.24,16.48,16.94,14.41,13.83,13.77,13.58,14.96,15.42,15.17,14.78
QV2M,1995,1.0,34.375,9.43,10.61,11.23,12.01,12.83,12.17,12.4,12.33,12.27,12.41,12.47,11.41,11.8
QV2M,1995,1.0,35.0,8.82,9.76,10.53,11.33,12.27,11.48,11.99,12.0,11.8,11.91,12.23,11.35,11.3
QV2M,1995,1.0,35.625,8.22,9.39,10.32,11.29,12.76,11.53,12.41,12.35,12.01,11.62,12.21,11.0,11.27
QV2M,1995,1.0,36.25,8.46,9.74,10.53,11.26,11.77,10.44,11.53,10.97,10.72,10.6,11.84,11.29,10.77
QV2M,1995,1.0,36.875,9.03,10.49,11.23,12.07,11.96,10.05,10.54,9.91,10.13,10.75,12.11,11.88,10.85
QV2M,1995,1.0,37.5,9.73,11.42,12.12,13.15,12.94,10.59,10.26,9.92,10.23,11.42,12.97,12.84,11.46
QV2M,1995,1.0,38.125,10.27,12.33,12.72,13.93,13.67,10.99,10.45,10.41,10.65,12.15,13.5,13.46,12.04
QV2M,1995,1.0,38.75,10.97,13.1,13.28,14.71,14.57,11.62,11.23,11.19,11.29,12.96,14.05,13.99,12.74
QV2M,1995,1.0,39.375,11.17,13.23,13.71,15.29,15.58,12.45,11.91,11.95,11.84,13.49,14.53,14.2,13.28
QV2M,1995,1.0,40.0,11.34,13.34,14.22,15.59,16.06,13.0,12.45,12.39,12.21,13.83,14.86,14.32,13.63
QV2M,1995,1.0,40.625,11.67,13.57,14.59,15.84,16.12,13.34,12.74,12.71,12.52,14.18,15.29,14.6,13.93
QV2M,1995,1.0,41.25,12.26,13.91,14.79,16.02,16.34,13.75,13.08,13.14,12.94,14.52,15.27,14.82,14.24
QV2M,1995,1.0,41.875,12.11,13.86,14.79,16.27,16.71,14.09,13.49,13.49,13.28,14.81,15.45,14.76,14.43
QV2M,1995,1.5,34.375,7.74,9.44,10.32,10.94,13.3,12.83,13.59,13.36,13.2,13.18,12.84,10.98,11.82
QV2M,1995,1.5,35.0,7.94,9.3,10.19,11.08,12.64,11.77,12.92,12.76,12.21,11.99,12.31,10.98,11.35
QV2M,1995,1.5,35.625,7.94,9.53,10.34,11.48,12.6,11.09,12.5,12.14,11.53,11.23,12.07,11.08,11.14
QV2M,1995,1.5,36.25,8.23,9.94,10.69,11.54,11.79,10.03,11.48,10.68,10.28,10.59,11.91,11.36,10.71
QV2M,1995,1.5,36.875,8.95,10.68,11.49,12.47,12.32,10.3,10.41,9.85,10.01,11.0,12.35,12.1,10.99
QV2M,1995,1.5,37.5,9.45,11.54,12.23,13.3,13.11,10.76,10.45,10.23,10.39,11.63,12.99,12.82,11.57
QV2M,1995,1.5,38.125,10.21,12.64,13.01,14.31,13.96,11.22,10.73,10.63,10.77,12.39,13.6,13.52,12.24
QV2M,1995,1.5,38.75,10.95,13.4,13.64,14.99,14.85,11.75,11.3,11.25,11.29,13.02,14.27,14.14,12.9
QV2M,1995,1.5,39.375,10.93,13.16,14.02,15.43,15.71,12.56,11.93,11.86,11.69,13.39,14.64,14.06,13.28
QV2M,1995,1.5,40.0,11.11,13.22,14.12,15.55,16.08,13.01,12.31,12.19,11.98,13.66,14.86,14.22,13.52
QV2M,1995,1.5,40.625,11.2,13.22,14.61,15.8,16.01,13.2,12.53,12.49,12.27,14.0,15.38,14.46,13.76
QV2M,1995,1.5,41.25,11.32,13.22,14.32,15.75,16.13,13.49,12.88,12.89,12.68,14.3,15.43,14.35,13.9
QV2M,1995,1.5,41.875,11.22,13.1,14.41,16.01,16.46,13.79,13.17,13.21,12.99,14.62,15.6,14.45,14.09
QV2M,1995,2.0,34.375,7.44,9.26,10.33,11.09,13.06,12.56,13.9,13.42,12.89,12.57,12.36,10.67,11.64
QV2M,1995,2.0,35.0,7.69,9.32,10.23,11.31,12.47,11.23,12.69,12.24,11.52,11.34,11.92,10.91,11.08
QV2M,1995,2.0,35.625,7.9,9.77,10.52,11.75,12.44,10.55,11.86,11.21,10.74,10.81,11.91,11.14,10.89
QV2M,1995,2.0,36.25,8.27,10.29,10.99,12.07,11.95,10.11,10.94,10.18,10.11,10.89,12.01,11.53,10.78
QV2M,1995,2.0,36.875,8.78,10.84,11.68,12.8,12.56,10.52,10.28,10.02,10.11,11.23,12.42,12.11,11.11
QV2M,1995,2.0,37.5,9.48,11.82,12.58,13.85,13.63,11.08,10.53,10.38,10.49,11.92,13.24,12.98,11.83
QV2M,1995,2.0,38.125,10.36,12.86,13.38,14.8,14.51,11.57,10.93,10.79,10.85,12.53,13.83,13.57,12.49
QV2M,1995,2.0,38.75,10.5,13.08,13.74,15.27,15.17,12.11,11.47,11.35,11.26,12.99,14.16,13.69,12.89
QV2M,1995,2.0,39.375,10.34,12.71,14.04,15.61,15.9,12.68,11.95,11.81,11.54,13.28,14.66,13.77,13.19
QV2M,1995,2.0,40.0,10.33,12.69,14.18,15.69,16.17,13.04,12.23,12.09,11.77,13.49,14.86,13.91,13.37
QV2M,1995,2.0,40.625,10.28,12.55,14.66,15.95,15.99,13.01,12.28,12.29,12.02,13.82,15.42,14.26,13.55
QV2M,1995,2.0,41.25,10.6,12.71,14.65,15.91,16.1,13.3,12.62,12.61,12.37,14.12,15.48,14.26,13.73
QV2M,1995,2.0,41.875,10.42,12.44,14.27,15.92,16.36,13.41,12.86,12.92,12.64,14.39,15.41,14.1,13.77
QV2M,1995,2.5,34.375,7.57,9.22,10.43,11.33,12.69,11.45,13.29,12.64,11.68,11.51,11.95,10.7,11.22
QV2M,1995,2.5,35.0,7.83,9.61,10.65,11.83,12.67,10.98,12.12,11.54,11.11,11.11,11.9,11.05,11.04
QV2M,1995,2.5,35.625,8.03,10.19,10.99,12.32,12.67,10.52,11.22,10.49,10.61,10.99,11.89,11.34,10.94
QV2M,1995,2.5,36.25,9.22,11.39,12.16,13.32,13.14,11.23,11.29,11.0,11.05,11.91,12.68,12.32,11.72
QV2M,1995,2.5,36.875,9.01,11.3,12.23,13.44,13.26,10.96,10.58,10.51,10.52,11.72,12.73,12.39,11.55
QV2M,1995,2.5,37.5,9.08,11.82,12.79,14.21,14.0,11.18,10.57,10.45,10.52,12.02,13.15,12.72,11.87
QV2M,1995,2.5,38.125,9.34,12.08,13.31,14.88,14.73,11.68,11.01,10.83,10.81,12.45,13.5,12.82,12.28
QV2M,1995,2.5,38.75,9.33,12.2,13.69,15.39,15.37,12.19,11.46,11.29,11.12,12.85,13.85,12.92,12.64
QV2M,1995,2.5,39.375,9.24,11.86,13.8,15.55,15.94,12.65,11.85,11.68,11.35,13.1,14.11,12.93,12.84
QV2M,1995,2.5,40.0,9.26,11.92,14.04,15.56,16.0,12.93,12.07,11.94,11.57,13.26,14.26,13.06,12.99
QV2M,1995,2.5,40.625,9.36,12.01,14.29,15.61,15.7,12.86,12.08,12.05,11.79,13.55,14.62,13.32,13.11
QV2M,1995,2.5,41.25,9.34,11.88,14.19,15.58,15.7,13.07,12.44,12.36,12.14,13.85,14.45,13.13,13.18
QV2M,1995,2.5,41.875,9.76,11.8,13.92,15.66,15.92,13.21,12.66,12.62,12.38,14.07,14.44,13.29,13.32
QV2M,1995,3.0,34.375,7.66,9.26,10.81,11.78,12.93,11.49,12.84,12.49,11.61,11.65,12.02,10.91,11.3
QV2M,1995,3.0,35.0,8.01,9.91,11.31,12.5,13.25,11.27,11.89,11.29,11.23,11.61,12.16,11.39,11.32
QV2M,1995,3.0,35.625,8.23,10.76,11.87,13.24,13.43,10.96,11.16,10.68,10.99,11.66,12.27,11.74,11.42
QV2M,1995,3.0,36.25,10.4,12.6,13.57,14.59,14.35,12.13,11.87,11.79,11.88,12.92,13.58,13.27,12.74
QV2M,1995,3.0,36.875,8.74,11.28,12.51,13.83,13.6,10.97,10.53,10.43,10.48,11.81,12.72,12.19,11.59
QV2M,1995,3.0,37.5,8.59,11.47,13.11,14.52,14.23,11.3,10.64,10.5,10.54,12.08,12.99,12.15,11.84
QV2M,1995,3.0,38.125,8.59,11.34,13.41,14.87,14.72,11.76,11.04,10.79,10.72,12.36,13.07,12.0,12.06
QV2M,1995,3.0,38.75,8.36,11.17,13.63,15.21,15.25,12.17,11.32,11.17,10.95,12.67,13.18,11.92,12.25
QV2M,1995,3.0,39.375,8.31,10.75,13.46,15.21,15.63,12.45,11.67,11.52,11.17,12.86,13.19,11.93,12.35
QV2M,1995,3.0,40.0,8.43,10.97,13.62,15.23,15.67,12.65,11.83,11.71,11.37,13.03,13.41,12.09,12.51
QV2M,1995,3.0,40.625,8.67,11.16,13.61,15.13,15.34,12.64,11.88,11.79,11.57,13.24,13.51,12.26,12.57
QV2M,1995,3.0,41.25,8.83,11.23,13.56,15.14,15.33,12.76,12.17,12.06,11.86,13.47,13.49,12.34,12.69
QV2M,1995,3.0,41.875,9.3,11.1,13.36,15.13,15.44,12.88,12.36,12.22,12.0,13.62,13.46,12.52,12.79
QV2M,1995,3.5,34.375,7.92,9.48,11.29,12.52,13.27,11.52,12.49,11.94,11.46,11.83,12.29,11.26,11.45
QV2M,1995,3.5,35.0,8.19,10.28,11.91,13.26,13.76,11.57,11.97,11.07,11.36,11.92,12.51,11.61,11.62
QV2M,1995,3.5,35.625,8.83,11.41,12.69,13.97,14.03,11.42,11.21,10.8,11.25,12.14,12.78,12.13,11.89
QV2M,1995,3.5,36.25,10.42,12.62,13.82,14.9,14.73,12.39,11.95,11.91,12.01,13.11,13.69,13.16,12.89
QV2M,1995,3.5,36.875,8.23,10.87,12.79,14.21,14.02,11.26,10.51,10.31,10.44,11.84,12.57,11.55,11.55
QV2M,1995,3.5,37.5,7.83,10.47,12.85,14.32,14.17,11.37,10.68,10.48,10.53,11.98,12.4,11.22,11.53
QV2M,1995,3.5,38.125,7.96,10.19,13.12,14.74,14.78,11.92,11.17,10.93,10.73,12.31,12.34,11.12,11.78
QV2M,1995,3.5,38.75,7.71,9.66,12.83,14.7,15.02,12.07,11.33,11.17,10.95,12.47,12.27,10.97,11.77
QV2M,1995,3.5,39.375,7.91,9.67,12.9,14.79,15.16,12.23,11.5,11.35,11.13,12.66,12.5,11.21,11.93
QV2M,1995,3.5,40.0,8.0,10.0,13.17,15.05,15.36,12.31,11.56,11.46,11.17,12.87,12.81,11.44,12.11
QV2M,1995,3.5,40.625,8.21,10.48,13.4,15.06,15.16,12.29,11.57,11.5,11.31,13.09,13.08,11.64,12.24
QV2M,1995,3.5,41.25,8.75,10.67,13.29,15.06,15.12,12.48,11.92,11.77,11.61,13.26,13.05,11.88,12.41
QV2M,1995,3.5,41.875,9.09,10.44,13.02,15.02,15.23,12.6,12.09,11.9,11.73,13.41,13.08,12.01,12.48
QV2M,1995,4.0,34.375,8.02,9.94,12.02,13.51,14.26,12.3,13.2,12.09,11.9,12.65,13.06,11.59,12.06
QV2M,1995,4.0,35.0,8.36,10.71,12.55,13.97,14.51,11.98,12.37,11.01,11.64,12.39,12.95,11.66,12.01
QV2M,1995,4.0,35.625,9.04,11.5,13.08,14.36,14.43,12.01,11.53,10.85,11.5,12.42,12.93,12.09,12.14
QV2M,1995,4.0,36.25,10.42,12.47,14.05,15.22,15.15,12.89,12.27,12.14,12.36,13.46,13.66,12.93,13.09
QV2M,1995,4.0,36.875,7.61,10.22,12.62,14.21,14.25,11.6,10.82,10.3,10.62,11.94,12.04,10.74,11.42
QV2M,1995,4.0,37.5,7.19,9.6,12.31,14.1,14.22,11.58,10.78,10.43,10.6,11.92,11.55,10.24,11.22
QV2M,1995,4.0,38.125,7.16,8.94,12.02,13.92,14.19,11.69,10.96,10.74,10.75,12.06,11.48,10.19,11.18
QV2M,1995,4.0,38.75,7.24,8.8,12.04,13.79,14.06,11.72,10.94,10.75,10.74,12.12,11.55,10.33,11.18
QV2M,1995,4.0,39.375,7.69,8.87,12.62,14.53,14.73,12.05,11.2,11.01,10.91,12.6,12.12,10.87,11.61
QV2M,1995,4.0,40.0,7.72,9.22,12.89,14.93,15.11,12.18,11.31,11.17,11.01,12.84,12.39,11.13,11.84
QV2M,1995,4.0,40.625,8.02,9.79,13.14,15.07,15.02,12.01,11.26,11.19,11.09,13.02,12.75,11.46,11.99
QV2M,1995,4.0,41.25,8.71,10.04,13.05,15.14,15.1,12.25,11.6,11.44,11.35,13.18,12.85,11.74,12.21
QV2M,1995,4.0,41.875,9.13,9.92,12.79,15.08,15.21,12.44,11.83,11.63,11.52,13.37,13.06,11.84,12.33
QV2M,1995,4.5,34.375,7.91,10.4,12.71,14.42,14.97,12.72,13.91,12.07,12.3,13.66,13.84,11.62,12.55
QV2M,1995,4.5,35.0,8.57,11.01,13.03,14.52,15.2,12.59,12.83,11.11,11.88,12.93,13.34,11.56,12.38
QV2M,1995,4.5,35.625,8.76,11.21,13.11,14.46,14.82,12.44,11.92,10.81,11.63,12.63,12.77,11.62,12.18
QV2M,1995,4.5,36.25,8.62,11.16,13.16,14.65,14.93,12.56,11.76,11.01,11.65,12.84,12.55,11.43,12.19
QV2M,1995,4.5,36.875,7.74,10.4,12.73,14.39,14.63,12.32,11.5,10.91,11.38,12.54,12.05,10.61,11.77
QV2M,1995,4.5,37.5,6.6,9.27,11.85,13.68,14.11,11.82,10.89,10.32,11.02,12.1,11.15,9.57,11.04
QV2M,1995,4.5,38.125,6.76,8.55,11.5,13.26,13.48,11.45,10.66,10.32,10.7,11.77,11.08,9.75,10.78
QV2M,1995,4.5,38.75,6.94,8.52,11.85,13.72,13.9,11.65,10.78,10.5,10.76,12.09,11.43,10.05,11.03
QV2M,1995,4.5,39.375,7.15,8.36,12.13,14.31,14.44,11.86,10.93,10.72,10.83,12.38,11.7,10.38,11.28
QV2M,1995,4.5,40.0,7.23,8.45,12.07,14.17,14.35,11.84,10.98,10.85,10.9,12.42,11.64,10.52,11.3
QV2M,1995,4.5,40.625,7.64,9.03,12.44,14.75,14.77,11.9,11.0,10.93,10.96,12.8,12.2,11.06,11.64
QV2M,1995,4.5,41.25,8.22,9.38,12.59,14.92,15.0,12.1,11.36,11.15,11.16,12.96,12.41,11.38,11.9
QV2M,1995,4.5,41.875,8.72,9.29,12.52,15.18,15.34,12.35,11.58,11.4,11.37,13.4,12.89,11.59,12.15
QV2M,1996,-0.5,34.375,12.42,12.97,14.06,14.3,14.03,13.05,12.23,12.29,13.22,13.08,13.19,12.85,13.14
QV2M,1996,-0.5,35.0,10.65,10.93,12.27,12.65,12.53,12.15,11.26,11.34,12.13,11.53,11.74,11.32,11.71
QV2M,1996,-0.5,35.625,9.33,9.44,10.35,10.66,10.77,10.72,10.0,10.01,10.39,9.71,10.48,9.79,10.14
QV2M,1996,-0.5,36.25,9.48,9.59,10.67,10.84,10.82,10.63,9.96,9.85,10.15,9.56,10.71,9.79,10.17
QV2M,1996,-0.5,36.875,10.32,10.4,11.72,11.77,11.53,10.83,10.06,9.86,10.22,9.94,11.44,10.38,10.7
QV2M,1996,-0.5,37.5,11.58,11.71,13.05,13.1,12.73,11.51,10.54,10.28,10.71,10.63,12.77,11.51,11.67
QV2M,1996,-0.5,38.125,12.45,12.2,14.08,13.7,13.05,11.03,10.18,10.0,10.47,10.64,13.9,12.5,12.01
QV2M,1996,-0.5,38.75,12.9,12.69,14.76,14.62,14.03,11.6,10.92,10.63,11.28,11.53,14.8,13.24,12.75
QV2M,1996,-0.5,39.375,13.35,12.98,14.84,15.34,15.11,12.59,11.86,11.4,12.18,12.4,15.19,13.76,13.41
QV2M,1996,-0.5,40.0,13.87,13.41,15.07,15.67,15.61,13.47,12.48,11.84,12.69,12.98,15.43,14.25,13.9
QV2M,1996,-0.5,40.625,14.25,13.72,15.32,15.94,16.19,14.41,13.14,12.34,13.36,13.72,15.92,14.91,14.43
QV2M,1996,-0.5,41.25,14.71,14.21,15.55,16.21,16.61,14.79,13.39,12.5,13.61,14.08,16.1,15.15,14.74
QV2M,1996,-0.5,41.875,15.55,15.03,16.05,16.51,16.97,15.24,13.86,13.03,14.01,14.57,16.14,15.31,15.19
QV2M,1996,-1.0,34.375,12.92,13.3,13.98,13.69,13.21,12.09,10.94,11.26,12.29,11.82,12.55,12.85,12.57
QV2M,1996,-1.0,35.0,10.98,11.69,12.26,12.49,12.03,11.33,10.21,10.33,11.01,10.16,11.04,11.15,11.22
QV2M,1996,-1.0,35.625,9.83,10.51,11.18,11.71,11.36,10.84,9.81,9.77,10.23,9.41,10.52,10.16,10.44
QV2M,1996,-1.0,36.25,9.85,10.14,11.26,11.66,11.31,10.55,9.77,9.61,10.08,9.47,10.92,10.06,10.39
QV2M,1996,-1.0,36.875,11.0,11.15,12.28,12.35,11.76,10.73,9.82,9.55,9.8,9.67,11.8,10.95,10.9
QV2M,1996,-1.0,37.5,12.07,12.25,13.47,13.5,12.91,11.33,10.38,10.14,10.54,10.54,12.97,11.86,11.82
QV2M,1996,-1.0,38.125,12.03,12.15,14.1,13.74,13.15,10.87,10.19,10.07,10.51,10.73,13.7,12.09,11.94
QV2M,1996,-1.0,38.75,12.95,12.96,15.22,14.93,14.24,11.58,11.03,10.78,11.42,11.71,14.95,13.22,12.91
QV2M,1996,-1.0,39.375,13.44,13.25,15.35,15.71,15.37,12.66,12.0,11.54,12.36,12.6,15.52,13.96,13.64
QV2M,1996,-1.0,40.0,14.09,13.78,15.56,16.15,15.89,13.62,12.65,12.01,12.9,13.21,15.77,14.61,14.18
QV2M,1996,-1.0,40.625,14.65,14.22,15.77,16.31,16.44,14.65,13.37,12.55,13.61,13.95,16.12,15.38,14.75
QV2M,1996,-1.0,41.25,15.23,14.82,16.01,16.47,16.81,15.01,13.64,12.76,13.89,14.33,16.3,15.56,15.07
QV2M,1996,-1.0,41.875,16.66,16.32,17.09,17.35,17.56,15.77,14.43,13.65,14.6,15.25,16.69,16.15,15.96
QV2M,1996,-1.5,34.375,12.64,13.36,13.43,13.26,12.49,11.25,9.83,10.17,11.72,10.57,11.31,12.3,11.85
QV2M,1996,-1.5,35.0,11.25,12.45,12.49,12.79,11.97,10.95,9.55,9.45,10.38,9.21,10.7,10.97,11.0
QV2M,1996,-1.5,35.625,10.08,11.11,11.56,12.13,11.61,10.44,9.31,9.28,9.64,9.04,10.67,10.09,10.41
QV2M,1996,-1.5,36.25,10.49,10.99,11.86,12.37,11.9,10.69,9.66,9.48,9.81,9.37,11.36,10.34,10.69
QV2M,1996,-1.5,36.875,11.0,11.26,12.17,12.31,11.67,10.41,9.38,8.98,9.49,9.49,11.65,10.89,10.72
QV2M,1996,-1.5,37.5,11.76,11.98,13.21,13.27,12.51,10.68,9.77,9.6,10.04,10.17,12.52,11.71,11.43
QV2M,1996,-1.5,38.125,12.52,12.77,14.29,14.16,13.43,11.08,10.37,10.28,10.7,10.97,13.62,12.57,12.23
QV2M,1996,-1.5,38.75,13.07,13.3,15.24,15.12,14.41,11.62,11.1,10.86,11.52,11.86,14.72,13.39,13.01
QV2M,1996,-1.5,39.375,13.71,13.67,15.71,16.03,15.43,12.78,12.1,11.63,12.43,12.75,15.44,14.16,13.82
QV2M,1996,-1.5,40.0,14.38,14.1,16.01,16.66,16.25,13.93,12.93,12.26,13.2,13.51,16.05,15.07,14.53
QV2M,1996,-1.5,40.625,15.05,14.69,16.21,16.76,16.73,14.88,13.61,12.78,13.85,14.2,16.3,15.67,15.06
QV2M,1996,-1.5,41.25,15.81,15.36,16.55,16.95,17.1,15.25,13.88,13.01,14.15,14.6,16.51,15.98,15.43
QV2M,1996,-1.5,41.875,17.73,17.51,18.07,18.13,18.12,16.32,15.03,14.31,15.16,15.87,17.22,16.85,16.69
QV2M,1996,-1.7975103014118005e-13,34.375,12.33,12.93,13.92,14.43,14.62,13.5,12.93,13.0,13.95,13.64,13.65,12.46,13.44
QV2M,1996,-1.7975103014118005e-13,35.0,10.98,11.06,12.35,12.92,13.35,12.78,12.08,12.25,13.03,12.46,12.61,11.23,12.26
QV2M,1996,-1.7975103014118005e-13,35.625,10.01,9.82,10.55,10.94,11.42,11.45,10.86,11.07,11.35,10.69,11.21,9.93,10.78
QV2M,1996,-1.7975103014118005e-13,36.25,9.4,9.32,10.19,10.5,10.84,11.51,10.85,10.99,10.97,9.74,10.76,9.5,10.38
QV2M,1996,-1.7975103014118005e-13,36.875,10.17,10.16,11.15,11.34,11.38,11.33,10.55,10.47,10.48,9.71,11.05,10.06,10.65
QV2M,1996,-1.7975103014118005e-13,37.5,10.92,10.87,12.06,12.11,11.82,10.9,10.03,9.88,10.15,9.96,11.86,10.76,10.94
QV2M,1996,-1.7975103014118005e-13,38.125,12.55,12.12,13.97,13.69,13.0,11.2,10.22,9.99,10.45,10.58,14.0,12.52,12.02
QV2M,1996,-1.7975103014118005e-13,38.75,12.89,12.48,14.35,14.43,14.03,11.66,10.91,10.6,11.24,11.47,14.62,13.02,12.64
QV2M,1996,-1.7975103014118005e-13,39.375,13.27,12.65,14.41,14.99,14.95,12.52,11.75,11.26,11.99,12.21,14.8,13.27,13.17
QV2M,1996,-1.7975103014118005e-13,40.0,13.71,13.07,14.67,15.26,15.43,13.32,12.34,11.68,12.49,12.77,15.06,13.65,13.62
QV2M,1996,-1.7975103014118005e-13,40.625,14.02,13.28,15.04,15.87,16.06,14.2,12.89,12.08,13.02,13.37,15.51,14.17,14.12
QV2M,1996,-1.7975103014118005e-13,41.25,14.37,13.69,15.34,16.24,16.47,14.56,13.11,12.25,13.28,13.79,15.77,14.47,14.44
QV2M,1996,-1.7975103014118005e-13,41.875,14.9,14.2,15.63,16.37,16.77,14.97,13.52,12.64,13.58,14.09,15.79,14.65,14.76
QV2M,1996,-2.0,34.375,12.44,13.49,13.27,13.25,12.09,10.48,9.04,9.16,10.89,9.53,10.89,11.9,11.36
QV2M,1996,-2.0,35.0,11.13,12.54,12.42,12.96,11.99,10.55,9.05,8.75,9.52,8.94,10.74,10.86,10.78
QV2M,1996,-2.0,35.625,10.35,11.51,11.88,12.51,11.88,10.28,9.2,8.9,9.26,9.14,10.87,10.44,10.51
QV2M,1996,-2.0,36.25,10.84,11.48,12.19,12.77,12.1,10.25,9.19,9.0,9.53,9.56,11.56,10.66,10.75
QV2M,1996,-2.0,36.875,10.82,11.3,12.28,12.54,11.79,10.03,8.95,8.85,9.44,9.51,11.6,10.87,10.66
QV2M,1996,-2.0,37.5,11.75,12.17,13.29,13.37,12.53,10.4,9.49,9.42,9.92,10.12,12.44,11.83,11.39
QV2M,1996,-2.0,38.125,12.6,12.97,14.28,14.25,13.5,10.91,10.23,10.21,10.65,10.97,13.48,12.69,12.22
QV2M,1996,-2.0,38.75,13.38,13.81,15.43,15.38,14.6,11.74,11.2,11.01,11.63,12.0,14.66,13.62,13.2
QV2M,1996,-2.0,39.375,14.11,14.25,16.15,16.33,15.64,13.0,12.3,11.82,12.59,12.95,15.45,14.46,14.08
QV2M,1996,-2.0,40.0,14.74,14.67,16.56,16.97,16.51,14.05,13.07,12.38,13.31,13.69,16.12,15.32,14.78
QV2M,1996,-2.0,40.625,15.69,15.43,16.83,17.28,17.2,15.19,13.91,13.09,14.13,14.53,16.58,16.06,15.49
QV2M,1996,-2.0,41.25,17.15,16.93,17.62,17.67,17.64,15.74,14.51,13.84,14.78,15.38,16.98,16.49,16.22
QV2M,1996,-2.0,41.875,18.31,18.11,18.57,18.55,18.36,16.56,15.38,14.73,15.44,16.19,17.51,17.27,17.08
QV2M,1996,-2.5,34.375,11.89,13.26,12.91,13.16,11.77,10.05,8.46,8.27,9.8,8.71,10.62,11.73,10.87
QV2M,1996,-2.5,35.0,10.96,12.37,12.38,12.88,11.7,10.12,8.72,8.13,8.78,8.57,10.63,11.05,10.51
QV2M,1996,-2.5,35.625,10.79,12.14,12.55,13.1,12.08,10.27,8.8,8.35,8.81,8.91,11.08,11.18,10.66
QV2M,1996,-2.5,36.25,10.83,11.64,12.34,12.93,12.23,10.1,9.08,8.78,9.14,9.23,11.43,11.02,10.72
QV2M,1996,-2.5,36.875,11.15,11.85,12.68,13.05,12.27,10.1,8.85,8.64,9.17,9.32,11.68,11.56,10.85
QV2M,1996,-2.5,37.5,11.92,12.36,13.2,13.33,12.49,10.2,9.19,9.09,9.6,9.83,12.16,12.15,11.29
QV2M,1996,-2.5,38.125,12.89,13.29,14.21,14.25,13.54,10.82,10.12,10.15,10.53,10.83,13.22,12.89,12.22
QV2M,1996,-2.5,38.75,13.72,14.21,15.45,15.46,14.72,11.79,11.22,11.1,11.64,11.98,14.44,13.83,13.29
QV2M,1996,-2.5,39.375,14.7,14.86,16.3,16.46,15.83,13.22,12.46,11.98,12.68,13.03,15.3,14.63,14.28
QV2M,1996,-2.5,40.0,15.51,15.58,16.86,17.16,16.77,14.24,13.26,12.59,13.44,13.88,15.99,15.26,15.04
QV2M,1996,-2.5,40.625,17.12,16.99,17.77,17.97,17.83,15.77,14.57,13.87,14.7,15.25,16.92,16.48,16.27
QV2M,1996,-2.5,41.25,18.47,18.21,18.72,18.66,18.29,16.44,15.35,14.76,15.46,16.18,17.54,17.41,17.12
QV2M,1996,-2.5,41.875,18.38,18.14,18.53,18.55,18.31,16.54,15.36,14.73,15.41,16.17,17.48,17.33,17.07
QV2M,1996,-3.0,34.375,11.74,13.37,12.99,13.28,11.78,9.9,8.39,7.97,9.03,8.38,10.06,11.68,10.7
QV2M,1996,-3.0,35.0,10.95,12.59,12.47,13.05,11.74,10.0,8.81,8.11,8.63,8.46,10.16,11.15,10.5
QV2M,1996,-3.0,35.625,10.21,11.47,11.79,12.4,11.41,9.76,8.76,8.49,8.62,8.67,10.18,10.63,10.19
QV2M,1996,-3.0,36.25,10.67,11.88,12.8,13.31,12.38,10.35,9.26,8.72,9.09,9.08,10.75,11.46,10.81
QV2M,1996,-3.0,36.875,11.08,12.0,12.39,13.04,12.45,10.48,9.51,9.29,9.2,8.93,10.95,11.74,10.92
QV2M,1996,-3.0,37.5,10.96,11.48,12.1,12.41,11.84,9.86,9.06,8.99,9.32,9.31,11.01,11.2,10.62
QV2M,1996,-3.0,38.125,12.87,13.35,14.04,14.15,13.46,10.78,10.19,10.21,10.56,10.77,12.86,12.8,12.16
QV2M,1996,-3.0,38.75,13.83,14.42,15.44,15.5,14.83,11.86,11.3,11.24,11.66,11.97,14.27,13.95,13.35
QV2M,1996,-3.0,39.375,14.96,15.2,16.39,16.61,16.02,13.36,12.6,12.08,12.74,13.09,15.23,14.62,14.4
QV2M,1996,-3.0,40.0,16.35,16.38,17.24,17.46,17.04,14.54,13.58,12.99,13.78,14.3,16.1,15.6,15.44
QV2M,1996,-3.0,40.625,18.43,18.18,18.73,18.71,18.22,16.3,15.22,14.68,15.34,16.04,17.42,17.41,17.05
QV2M,1996,-3.0,41.25,18.57,18.22,18.66,18.62,18.26,16.44,15.32,14.73,15.39,16.11,17.45,17.52,17.1
QV2M,1996,-3.0,41.875,18.51,18.15,18.53,18.61,18.26,16.51,15.33,14.71,15.38,16.13,17.47,17.43,17.08
QV2M,1996,-3.5,34.375,12.45,14.11,13.63,13.71,12.04,9.87,8.36,7.93,8.9,8.76,10.32,12.02,10.99
QV2M,1996,-3.5,35.0,11.67,13.36,13.21,13.56,12.22,10.2,9.14,8.66,9.26,9.35,10.81,11.55,11.07
QV2M,1996,-3.5,35.625,10.62,12.31,12.64,13.16,12.05,10.04,9.11,8.73,9.03,9.11,10.67,10.94,10.69
QV2M,1996,-3.5,36.25,10.49,12.02,12.94,13.47,12.45,10.29,9.31,8.85,9.3,9.47,11.12,11.18,10.9
QV2M,1996,-3.5,36.875,10.53,12.09,13.2,13.83,13.09,10.76,9.87,9.63,9.77,9.94,11.66,11.62,11.33
QV2M,1996,-3.5,37.5,11.24,12.41,13.47,14.21,13.57,11.07,10.26,10.12,10.28,10.43,12.19,11.79,11.75
QV2M,1996,-3.5,38.125,12.44,13.15,13.99,14.23,13.52,10.85,10.28,10.38,10.75,10.98,12.69,12.54,12.14
QV2M,1996,-3.5,38.75,13.76,14.35,15.32,15.44,14.73,11.96,11.46,11.37,11.81,12.09,13.94,13.66,13.32
QV2M,1996,-3.5,39.375,15.04,15.33,16.5,16.74,16.11,13.49,12.7,12.17,12.82,13.22,15.19,14.57,14.48
QV2M,1996,-3.5,40.0,17.33,17.32,18.08,18.19,17.56,15.2,14.29,13.78,14.51,15.16,16.76,16.57,16.22
QV2M,1996,-3.5,40.625,18.66,18.3,18.83,18.72,18.15,16.32,15.25,14.72,15.33,16.07,17.39,17.6,17.11
QV2M,1996,-3.5,41.25,18.69,18.26,18.71,18.68,18.23,16.43,15.3,14.7,15.35,16.08,17.43,17.59,17.12
QV2M,1996,-3.5,41.875,18.64,18.21,18.6,18.68,18.23,16.47,15.27,14.67,15.35,16.08,17.48,17.5,17.09
QV2M,1996,-4.0,34.375,12.8,14.35,13.75,13.66,12.07,9.53,8.19,7.74,8.62,8.79,10.16,12.17,10.97
QV2M,1996,-4.0,35.0,11.71,13.48,13.08,13.21,11.91,9.62,8.58,8.11,8.74,9.0,10.23,11.26,10.73
QV2M,1996,-4.0,35.625,10.99,12.77,12.79,13.07,11.98,9.83,8.98,8.68,9.1,9.19,10.47,10.81,10.71
QV2M,1996,-4.0,36.25,10.86,12.49,13.03,13.42,12.37,10.08,9.23,8.81,9.3,9.44,10.88,10.89,10.89
QV2M,1996,-4.0,36.875,11.21,12.63,13.46,13.76,12.87,10.41,9.66,9.48,9.77,9.91,11.48,11.47,11.34
QV2M,1996,-4.0,37.5,11.82,13.13,14.07,14.38,13.52,10.84,10.13,9.98,10.34,10.53,12.23,11.99,11.91
QV2M,1996,-4.0,38.125,12.51,13.68,14.74,14.87,14.06,11.16,10.54,10.68,11.06,11.35,13.06,12.61,12.52
QV2M,1996,-4.0,38.75,13.89,14.68,15.9,16.01,15.2,12.34,11.79,11.74,12.17,12.48,14.23,13.69,13.67
QV2M,1996,-4.0,39.375,15.47,15.73,16.89,17.23,16.52,13.87,12.99,12.4,13.09,13.54,15.29,14.86,14.82
QV2M,1996,-4.0,40.0,18.39,18.32,18.81,18.65,17.89,15.82,14.94,14.46,15.07,15.82,17.15,17.45,16.89
QV2M,1996,-4.0,40.625,18.8,18.48,18.93,18.71,18.08,16.29,15.22,14.7,15.28,16.03,17.33,17.68,17.12
QV2M,1996,-4.0,41.25,18.81,18.42,18.81,18.73,18.16,16.41,15.25,14.67,15.3,16.03,17.4,17.64,17.13
QV2M,1996,-4.0,41.875,18.72,18.32,18.67,18.68,18.19,16.42,15.21,14.64,15.3,16.03,17.45,17.53,17.09
QV2M,1996,-4.5,34.375,12.24,13.94,13.21,13.14,11.77,9.1,8.0,7.55,8.27,8.58,9.41,11.53,10.55
QV2M,1996,-4.5,35.0,11.49,13.42,12.86,12.95,11.73,9.28,8.26,7.86,8.54,8.84,9.72,10.79,10.47
QV2M,1996,-4.5,35.625,11.14,13.12,12.87,13.05,11.91,9.53,8.69,8.45,9.01,9.24,10.27,10.6,10.65
QV2M,1996,-4.5,36.25,11.28,13.15,13.31,13.55,12.39,9.92,9.11,8.79,9.41,9.7,10.83,10.86,11.01
QV2M,1996,-4.5,36.875,11.55,13.07,13.64,13.83,12.81,10.25,9.56,9.46,9.91,10.14,11.31,11.46,11.41
QV2M,1996,-4.5,37.5,12.16,13.61,14.38,14.57,13.6,10.92,10.26,10.19,10.56,10.74,12.05,12.09,12.09
QV2M,1996,-4.5,38.125,12.91,14.06,14.93,14.94,14.08,11.5,10.8,10.77,11.17,11.33,12.77,12.78,12.66
QV2M,1996,-4.5,38.75,14.48,15.3,16.44,16.45,15.55,12.79,12.06,11.95,12.45,12.83,14.37,14.12,14.06
QV2M,1996,-4.5,39.375,16.79,16.99,17.9,17.97,17.15,14.63,13.74,13.3,13.92,14.5,15.93,16.04,15.73
QV2M,1996,-4.5,40.0,18.81,18.8,19.0,18.76,17.92,15.93,15.03,14.56,15.15,15.96,17.18,17.79,17.07
QV2M,1996,-4.5,40.625,18.87,18.74,19.03,18.75,18.03,16.23,15.17,14.66,15.23,16.01,17.28,17.74,17.14
QV2M,1996,-4.5,41.25,18.86,18.64,18.94,18.75,18.09,16.36,15.18,14.64,15.24,16.0,17.37,17.66,17.14
QV2M,1996,-4.5,41.875,18.77,18.46,18.76,18.7,18.11,16.38,15.16,14.61,15.23,15.98,17.42,17.54,17.09
QV2M,1996,0.5,34.375,12.05,12.13,13.26,14.07,14.72,13.79,13.3,13.51,14.26,13.59,13.72,11.85,13.35
QV2M,1996,0.5,35.0,10.92,10.71,11.66,12.1,13.02,12.65,12.16,12.32,12.83,12.04,12.39,10.68,11.96
QV2M,1996,0.5,35.625,9.99,9.68,10.69,11.21,12.45,12.69,12.11,12.41,12.66,11.76,12.0,9.9,11.46
QV2M,1996,0.5,36.25,9.91,9.67,10.64,10.59,11.14,12.32,11.8,12.08,11.85,9.96,11.23,9.67,10.91
QV2M,1996,0.5,36.875,10.55,10.28,11.42,11.24,11.06,11.65,10.96,10.97,10.61,9.47,11.56,10.17,10.83
QV2M,1996,0.5,37.5,11.22,10.86,12.37,12.22,11.82,11.27,10.35,10.15,10.21,9.96,12.52,10.86,11.15
QV2M,1996,0.5,38.125,12.15,11.6,13.41,13.38,12.96,11.19,10.29,10.02,10.48,10.62,13.65,11.91,11.8
QV2M,1996,0.5,38.75,12.82,12.19,13.9,14.14,13.98,11.67,10.88,10.53,11.17,11.4,14.23,12.57,12.45
QV2M,1996,0.5,39.375,13.2,12.24,14.09,14.85,14.86,12.49,11.64,11.11,11.81,12.04,14.53,12.98,12.99
QV2M,1996,0.5,40.0,13.47,12.48,14.41,15.37,15.39,13.25,12.19,11.47,12.25,12.54,14.73,13.21,13.4
QV2M,1996,0.5,40.625,13.76,12.81,14.82,15.92,15.97,13.98,12.61,11.78,12.63,13.03,15.05,13.51,13.82
QV2M,1996,0.5,41.25,14.07,13.31,15.16,16.05,16.25,14.25,12.84,12.03,12.96,13.5,15.32,13.68,14.12
QV2M,1996,0.5,41.875,14.35,13.59,15.35,16.21,16.59,14.72,13.24,12.36,13.21,13.71,15.43,13.88,14.39
QV2M,1996,1.0,34.375,10.89,10.82,11.95,12.25,13.02,12.41,11.91,12.18,12.69,11.94,12.04,10.46,11.88
QV2M,1996,1.0,35.0,10.5,9.91,10.97,11.3,12.34,12.15,11.67,11.89,12.19,11.33,11.74,10.08,11.34
QV2M,1996,1.0,35.625,9.74,9.2,10.62,11.04,12.33,12.86,12.15,12.41,12.62,10.76,11.48,9.4,11.22
QV2M,1996,1.0,36.25,10.12,9.7,10.92,10.7,11.12,12.11,11.93,12.01,11.45,9.63,11.5,9.69,10.91
QV2M,1996,1.0,36.875,10.78,10.36,11.84,11.56,11.37,11.28,10.85,10.76,10.39,9.81,11.94,10.22,10.93
QV2M,1996,1.0,37.5,11.54,11.04,12.79,12.61,12.2,11.33,10.44,10.14,10.3,10.17,12.91,10.95,11.37
QV2M,1996,1.0,38.125,12.1,11.46,13.34,13.27,12.99,11.25,10.36,10.06,10.52,10.69,13.64,11.58,11.77
QV2M,1996,1.0,38.75,12.7,11.79,13.77,14.06,13.95,11.66,10.86,10.51,11.11,11.38,14.17,12.23,12.35
QV2M,1996,1.0,39.375,12.94,11.7,13.92,14.83,14.76,12.43,11.5,10.98,11.65,11.94,14.4,12.59,12.8
QV2M,1996,1.0,40.0,13.15,11.93,14.25,15.46,15.33,13.15,12.03,11.27,12.02,12.37,14.51,12.79,13.19
QV2M,1996,1.0,40.625,13.38,12.2,14.62,15.85,15.85,13.78,12.37,11.51,12.28,12.78,14.81,13.12,13.55
QV2M,1996,1.0,41.25,13.67,12.55,14.86,15.87,16.15,14.13,12.67,11.78,12.61,13.19,15.04,13.29,13.82
QV2M,1996,1.0,41.875,13.64,12.81,14.94,15.83,16.34,14.47,12.94,12.06,12.84,13.41,15.16,13.3,13.98
QV2M,1996,1.5,34.375,9.84,9.38,11.52,12.06,13.88,13.44,12.79,13.03,13.61,12.51,12.07,9.28,11.96
QV2M,1996,1.5,35.0,9.79,9.13,10.81,11.2,12.83,12.97,12.32,12.48,12.65,11.08,11.51,9.24,11.34
QV2M,1996,1.5,35.625,9.79,9.19,11.03,11.24,12.4,12.93,12.3,12.17,11.97,10.12,11.52,9.28,11.16
QV2M,1996,1.5,36.25,10.2,9.69,11.4,11.09,11.56,12.21,11.73,11.28,10.7,9.45,11.7,9.65,10.89
QV2M,1996,1.5,36.875,10.97,10.5,12.24,12.16,11.89,11.29,10.62,10.25,10.17,9.86,12.3,10.26,11.04
QV2M,1996,1.5,37.5,11.55,11.0,12.95,12.84,12.48,11.38,10.59,10.21,10.4,10.32,13.12,10.88,11.47
QV2M,1996,1.5,38.125,12.11,11.2,13.65,13.53,13.23,11.35,10.47,10.17,10.62,10.84,13.91,11.49,11.88
QV2M,1996,1.5,38.75,12.65,11.13,14.0,14.38,13.96,11.79,10.91,10.53,11.1,11.43,14.43,12.1,12.37
QV2M,1996,1.5,39.375,12.67,11.4,14.02,14.99,14.77,12.47,11.49,10.86,11.5,11.88,14.27,12.08,12.7
QV2M,1996,1.5,40.0,12.81,11.42,14.16,15.24,15.18,12.95,11.81,11.06,11.76,12.23,14.45,12.33,12.95
QV2M,1996,1.5,40.625,12.87,11.59,14.45,15.78,15.73,13.62,12.15,11.28,11.98,12.58,14.61,12.6,13.27
QV2M,1996,1.5,41.25,12.85,11.8,14.42,15.38,15.8,13.87,12.46,11.59,12.28,12.94,14.74,12.48,13.39
QV2M,1996,1.5,41.875,12.78,12.01,14.59,15.51,16.05,14.22,12.68,11.76,12.49,13.16,14.95,12.67,13.57
QV2M,1996,2.0,34.375,9.6,9.15,11.48,11.47,13.73,13.78,12.98,13.19,13.39,11.55,11.57,8.73,11.72
QV2M,1996,2.0,35.0,9.74,9.04,11.09,11.27,12.65,12.91,12.15,12.04,11.89,10.21,11.38,9.01,11.12
QV2M,1996,2.0,35.625,9.89,9.32,11.42,11.47,12.3,12.62,11.85,11.38,11.01,9.56,11.59,9.28,10.98
QV2M,1996,2.0,36.25,10.41,9.77,11.94,11.58,11.86,12.02,11.31,10.36,9.99,9.64,12.02,9.71,10.88
QV2M,1996,2.0,36.875,10.98,10.37,12.47,12.49,12.18,11.22,10.44,9.96,10.09,10.06,12.56,10.24,11.09
QV2M,1996,2.0,37.5,11.66,10.92,13.32,13.4,12.9,11.43,10.52,10.09,10.39,10.56,13.45,10.95,11.63
QV2M,1996,2.0,38.125,12.2,10.78,13.87,13.98,13.46,11.48,10.59,10.25,10.69,11.03,14.07,11.45,11.99
QV2M,1996,2.0,38.75,12.24,10.81,14.09,14.47,14.1,11.9,10.99,10.52,11.03,11.51,14.26,11.4,12.28
QV2M,1996,2.0,39.375,12.1,10.7,14.15,15.11,14.79,12.5,11.45,10.73,11.31,11.88,14.17,11.3,12.52
QV2M,1996,2.0,40.0,12.09,10.76,14.27,15.28,15.13,12.91,11.71,10.89,11.5,12.14,14.3,11.45,12.7
QV2M,1996,2.0,40.625,11.87,10.74,14.59,15.77,15.57,13.41,11.87,11.06,11.68,12.42,14.56,11.85,12.95
QV2M,1996,2.0,41.25,12.16,11.07,14.6,15.7,15.73,13.68,12.19,11.29,11.9,12.69,14.58,11.74,13.11
QV2M,1996,2.0,41.875,11.87,11.27,14.25,15.31,15.79,13.94,12.33,11.43,12.09,12.88,14.69,11.64,13.12
QV2M,1996,2.5,34.375,9.8,9.03,11.35,11.39,13.17,13.47,12.41,12.51,12.03,10.34,11.37,8.84,11.31
QV2M,1996,2.5,35.0,9.96,9.17,11.51,11.72,12.66,12.89,12.09,11.8,11.49,10.23,11.67,9.14,11.2
QV2M,1996,2.5,35.625,10.14,9.43,11.84,11.96,12.43,12.62,11.72,11.18,11.0,9.99,11.96,9.42,11.14
QV2M,1996,2.5,36.25,11.26,10.68,12.98,12.89,12.82,12.47,11.57,10.79,10.98,10.87,12.9,10.51,11.73
QV2M,1996,2.5,36.875,11.2,10.44,12.98,13.05,12.71,11.55,10.66,10.19,10.47,10.58,13.0,10.4,11.43
QV2M,1996,2.5,37.5,11.35,10.22,13.53,13.67,13.06,11.41,10.45,10.08,10.41,10.76,13.44,10.51,11.57
QV2M,1996,2.5,38.125,11.38,9.92,13.84,14.1,13.68,11.6,10.67,10.25,10.66,11.22,13.72,10.4,11.79
QV2M,1996,2.5,38.75,11.26,9.76,14.16,14.63,14.29,11.99,11.0,10.43,10.9,11.62,13.92,10.22,12.02
QV2M,1996,2.5,39.375,11.11,9.57,14.13,15.13,14.83,12.49,11.39,10.6,11.1,11.92,13.89,10.07,12.19
QV2M,1996,2.5,40.0,11.06,9.8,14.25,15.37,15.13,12.84,11.59,10.76,11.23,12.1,13.94,10.14,12.35
QV2M,1996,2.5,40.625,11.0,10.05,14.31,15.35,15.33,13.15,11.66,10.85,11.38,12.31,14.11,10.37,12.49
QV2M,1996,2.5,41.25,11.1,10.32,14.09,15.08,15.4,13.37,11.97,11.09,11.58,12.52,14.09,10.07,12.56
QV2M,1996,2.5,41.875,11.24,10.51,13.76,14.83,15.49,13.59,12.13,11.2,11.75,12.69,14.11,10.33,12.64
QV2M,1996,3.0,34.375,9.94,8.98,11.73,12.01,13.06,13.34,12.53,12.4,11.59,10.07,11.62,8.9,11.35
QV2M,1996,3.0,35.0,10.25,9.21,12.13,12.44,13.07,13.2,12.36,11.66,11.18,10.34,12.14,9.3,11.44
QV2M,1996,3.0,35.625,10.47,9.65,12.58,12.82,12.91,12.9,11.83,11.01,10.76,10.65,12.62,9.64,11.49
QV2M,1996,3.0,36.25,12.32,11.78,14.2,14.2,13.8,12.9,11.87,11.45,11.79,11.99,13.88,11.48,12.64
QV2M,1996,3.0,36.875,10.94,9.82,13.24,13.29,12.81,11.6,10.55,10.14,10.39,10.71,13.03,9.93,11.37
QV2M,1996,3.0,37.5,10.7,9.36,13.8,13.94,13.39,11.52,10.48,10.11,10.41,11.03,13.27,9.59,11.47
QV2M,1996,3.0,38.125,10.27,8.89,13.95,14.38,13.99,11.79,10.77,10.19,10.57,11.4,13.36,9.19,11.57
QV2M,1996,3.0,38.75,10.0,8.64,14.12,14.81,14.55,12.15,11.02,10.33,10.74,11.73,13.39,8.89,11.7
QV2M,1996,3.0,39.375,9.98,8.69,13.83,15.01,14.9,12.46,11.32,10.51,10.9,11.98,13.32,8.8,11.81
QV2M,1996,3.0,40.0,10.09,8.98,13.88,15.22,15.13,12.72,11.43,10.61,11.0,12.13,13.43,8.97,11.97
QV2M,1996,3.0,40.625,10.24,9.36,13.69,14.84,15.05,12.89,11.45,10.66,11.1,12.25,13.5,9.08,12.01
QV2M,1996,3.0,41.25,10.42,9.59,13.53,14.62,15.12,13.05,11.68,10.83,11.24,12.37,13.52,9.2,12.1
QV2M,1996,3.0,41.875,10.6,9.73,13.32,14.29,15.02,13.14,11.82,10.87,11.31,12.45,13.5,9.45,12.13
QV2M,1996,3.5,34.375,10.29,9.28,12.25,12.91,13.34,13.33,12.4,11.96,11.22,10.42,12.07,9.28,11.57
QV2M,1996,3.5,35.0,10.47,9.28,12.87,13.28,13.43,13.34,12.32,11.58,11.13,10.69,12.6,9.49,11.71
QV2M,1996,3.5,35.625,10.96,10.18,13.49,13.65,13.29,12.86,11.73,10.83,10.93,11.2,13.11,10.12,11.86
QV2M,1996,3.5,36.25,12.22,11.62,14.42,14.47,14.09,12.83,11.83,11.54,11.87,12.31,13.93,11.3,12.7
QV2M,1996,3.5,36.875,10.23,8.91,13.49,13.71,13.22,11.79,10.54,10.02,10.25,10.93,12.8,8.96,11.24
QV2M,1996,3.5,37.5,9.67,8.38,13.44,13.85,13.45,11.71,10.59,10.06,10.34,11.23,12.7,8.39,11.16
QV2M,1996,3.5,38.125,9.31,7.96,13.54,14.4,14.32,12.08,10.97,10.35,10.62,11.67,12.67,8.12,11.34
QV2M,1996,3.5,38.75,9.21,7.8,13.21,14.35,14.55,12.22,11.09,10.42,10.8,11.9,12.56,7.96,11.35
QV2M,1996,3.5,39.375,9.36,8.02,13.14,14.44,14.68,12.32,11.2,10.49,10.9,12.08,12.74,8.16,11.47
QV2M,1996,3.5,40.0,9.49,8.34,13.32,14.81,14.91,12.46,11.21,10.45,10.81,12.17,12.99,8.3,11.61
QV2M,1996,3.5,40.625,9.68,8.73,13.44,14.74,14.86,12.55,11.16,10.41,10.83,12.28,13.22,8.48,11.7
QV2M,1996,3.5,41.25,10.04,9.18,13.32,14.38,14.86,12.71,11.43,10.61,10.97,12.31,13.23,8.72,11.82
QV2M,1996,3.5,41.875,10.13,9.3,13.17,14.09,14.76,12.82,11.52,10.64,11.03,12.28,13.14,8.86,11.81
QV2M,1996,4.0,34.375,10.83,9.41,13.34,14.36,14.38,14.01,12.88,12.52,11.41,11.12,13.0,9.55,12.24
QV2M,1996,4.0,35.0,10.8,9.46,13.67,14.39,14.09,13.72,12.58,11.66,11.32,11.15,13.15,9.55,12.13
QV2M,1996,4.0,35.625,11.07,10.24,13.86,14.1,13.68,12.87,11.77,11.1,11.18,11.61,13.2,10.11,12.07
QV2M,1996,4.0,36.25,12.0,11.41,14.63,14.76,14.53,13.09,12.12,11.75,12.12,12.82,13.88,10.94,12.84
QV2M,1996,4.0,36.875,9.46,8.17,13.18,13.67,13.41,12.01,10.84,10.15,10.26,11.21,12.19,8.02,11.05
QV2M,1996,4.0,37.5,8.87,7.55,12.75,13.53,13.52,11.87,10.74,10.1,10.3,11.34,11.77,7.45,10.82
QV2M,1996,4.0,38.125,8.71,7.26,12.23,13.32,13.72,11.86,10.84,10.27,10.63,11.62,11.7,7.41,10.81
QV2M,1996,4.0,38.75,8.75,7.34,12.15,13.23,13.64,11.77,10.83,10.17,10.6,11.66,11.78,7.4,10.78
QV2M,1996,4.0,39.375,8.98,7.55,12.56,13.81,14.2,12.06,11.0,10.24,10.73,12.08,12.37,7.75,11.12
QV2M,1996,4.0,40.0,9.19,7.83,12.84,14.3,14.61,12.26,11.03,10.22,10.66,12.27,12.53,7.89,11.31
QV2M,1996,4.0,40.625,9.43,8.23,13.12,14.49,14.61,12.24,10.9,10.19,10.59,12.3,12.88,8.25,11.44
QV2M,1996,4.0,41.25,9.66,8.63,13.17,14.32,14.69,12.44,11.14,10.35,10.71,12.34,13.01,8.49,11.58
QV2M,1996,4.0,41.875,9.7,8.81,13.16,14.3,14.74,12.63,11.29,10.44,10.82,12.32,12.97,8.52,11.65
QV2M,1996,4.5,34.375,11.34,9.36,14.37,15.57,15.11,14.6,13.04,12.9,11.84,11.79,13.93,9.5,12.78
QV2M,1996,4.5,35.0,11.07,9.57,14.14,15.16,14.67,14.14,13.0,12.35,11.87,11.59,13.49,9.51,12.55
QV2M,1996,4.5,35.625,10.81,9.74,13.84,14.33,13.87,13.13,12.09,11.59,11.57,11.76,12.91,9.62,12.11
QV2M,1996,4.5,36.25,10.79,9.67,13.83,14.33,14.02,12.99,11.91,11.31,11.3,12.06,12.6,9.22,12.01
QV2M,1996,4.5,36.875,9.71,8.47,13.12,13.82,13.75,12.6,11.47,10.98,11.12,11.99,11.92,8.14,11.43
QV2M,1996,4.5,37.5,8.58,7.13,11.98,13.17,13.36,12.13,10.95,10.35,10.71,11.44,10.99,7.03,10.66
QV2M,1996,4.5,38.125,8.5,7.03,11.47,12.59,13.01,11.57,10.64,10.03,10.41,11.32,11.08,7.11,10.4
QV2M,1996,4.5,38.75,8.7,7.16,11.73,12.94,13.42,11.68,10.74,10.03,10.48,11.62,11.43,7.3,10.61
QV2M,1996,4.5,39.375,8.86,7.31,11.96,13.39,13.94,11.88,10.78,10.05,10.45,11.91,11.69,7.48,10.82
QV2M,1996,4.5,40.0,9.0,7.51,11.94,13.33,13.89,11.88,10.77,10.08,10.43,11.9,11.69,7.57,10.84
QV2M,1996,4.5,40.625,9.27,7.84,12.47,13.93,14.31,12.05,10.73,10.01,10.43,12.14,12.15,8.01,11.12
QV2M,1996,4.5,41.25,9.52,8.16,12.75,14.14,14.57,12.28,10.99,10.17,10.52,12.23,12.44,8.35,11.35
QV2M,1996,4.5,41.875,9.4,8.34,12.98,14.63,15.0,12.58,11.13,10.27,10.67,12.51,12.69,8.24,11.54
QV2M,1997,-0.5,34.375,12.22,10.69,12.35,14.75,14.06,13.14,12.4,12.32,11.86,12.98,14.58,14.75,13.02
QV2M,1997,-0.5,35.0,10.48,8.06,10.05,13.51,12.71,12.08,11.67,11.5,10.83,11.83,13.34,13.35,11.64
QV2M,1997,-0.5,35.625,8.88,6.41,8.74,11.57,10.79,10.54,10.36,10.01,9.25,10.64,11.7,11.45,10.05
QV2M,1997,-0.5,36.25,8.75,6.55,9.24,11.62,10.84,10.46,10.26,9.76,8.94,10.8,11.8,11.54,10.07
QV2M,1997,-0.5,36.875,9.25,7.17,10.03,12.2,11.4,10.85,10.34,9.76,9.17,11.45,12.42,12.04,10.53
QV2M,1997,-0.5,37.5,10.37,8.45,11.06,13.68,12.63,11.75,10.82,10.27,9.92,12.61,14.1,13.8,11.64
QV2M,1997,-0.5,38.125,10.84,9.41,12.04,14.81,12.79,11.9,10.61,10.21,10.37,13.63,15.56,15.56,12.33
QV2M,1997,-0.5,38.75,11.45,10.47,12.88,15.93,13.59,12.82,11.29,11.01,11.34,14.69,16.67,16.66,13.25
QV2M,1997,-0.5,39.375,12.08,11.32,13.57,16.86,14.51,14.12,12.38,12.02,12.23,15.67,17.43,17.39,14.14
QV2M,1997,-0.5,40.0,12.65,12.02,13.95,17.2,15.12,14.84,13.12,12.72,12.82,16.1,17.59,17.43,14.64
QV2M,1997,-0.5,40.625,13.09,12.56,14.31,17.57,15.62,15.72,14.04,13.48,13.47,16.72,18.04,17.95,15.23
QV2M,1997,-0.5,41.25,13.43,13.09,14.67,17.76,15.9,16.21,14.43,13.75,13.72,17.07,18.26,18.17,15.55
QV2M,1997,-0.5,41.875,14.2,13.98,15.28,17.75,16.31,16.62,14.91,14.41,14.52,17.29,18.34,18.25,16.0
QV2M,1997,-1.0,34.375,12.49,11.68,12.18,14.56,13.7,12.69,11.69,11.5,10.81,11.95,14.15,14.87,12.69
QV2M,1997,-1.0,35.0,10.74,9.25,10.01,13.13,12.53,11.75,11.07,10.61,9.83,11.17,12.91,13.36,11.37
QV2M,1997,-1.0,35.625,9.55,7.2,8.98,12.29,11.81,11.16,10.54,9.98,9.07,10.89,12.29,12.38,10.53
QV2M,1997,-1.0,36.25,9.09,7.03,9.6,12.16,11.71,11.06,10.37,9.77,8.99,11.12,12.43,12.31,10.49
QV2M,1997,-1.0,36.875,9.75,7.59,10.42,12.79,12.07,11.11,10.22,9.53,9.05,11.68,13.26,13.1,10.9
QV2M,1997,-1.0,37.5,10.68,8.87,11.5,14.03,12.93,12.01,10.79,10.25,10.09,12.77,14.58,14.48,11.93
QV2M,1997,-1.0,38.125,10.58,9.37,12.21,14.76,12.8,12.03,10.62,10.28,10.49,13.52,15.25,15.23,12.28
QV2M,1997,-1.0,38.75,11.5,10.68,13.16,16.25,13.83,13.01,11.38,11.15,11.5,14.82,16.74,16.72,13.41
QV2M,1997,-1.0,39.375,12.26,11.62,13.98,17.25,14.66,14.33,12.52,12.14,12.41,15.89,17.62,17.44,14.35
QV2M,1997,-1.0,40.0,12.96,12.36,14.39,17.63,15.41,15.04,13.32,12.9,13.01,16.29,17.84,17.7,14.91
QV2M,1997,-1.0,40.625,13.65,13.06,14.74,17.87,15.98,15.97,14.35,13.8,13.77,16.82,18.15,18.03,15.53
QV2M,1997,-1.0,41.25,14.16,13.7,15.17,17.95,16.26,16.42,14.75,14.15,14.06,17.19,18.33,18.22,15.87
QV2M,1997,-1.0,41.875,15.49,15.33,16.53,18.29,16.94,17.02,15.37,14.97,15.13,17.7,18.6,18.49,16.66
QV2M,1997,-1.5,34.375,12.09,11.6,11.25,14.21,13.46,11.7,10.42,10.1,9.4,11.02,13.67,14.57,11.96
QV2M,1997,-1.5,35.0,10.63,9.52,9.63,13.32,12.8,11.6,10.38,9.69,8.7,10.93,13.06,13.57,11.16
QV2M,1997,-1.5,35.625,9.43,7.3,9.4,12.53,12.12,11.32,10.12,9.57,8.74,10.96,12.6,12.7,10.58
QV2M,1997,-1.5,36.25,9.29,7.3,9.94,13.17,12.8,11.54,10.31,9.61,8.88,11.55,13.49,13.29,10.95
QV2M,1997,-1.5,36.875,9.58,7.72,10.43,12.86,12.12,11.01,9.78,9.15,8.96,11.62,13.41,13.39,10.85
QV2M,1997,-1.5,37.5,10.38,8.59,11.38,13.63,12.58,11.61,10.23,9.74,9.75,12.4,14.23,14.3,11.58
QV2M,1997,-1.5,38.125,11.26,9.94,12.54,14.73,13.13,12.34,10.79,10.45,10.71,13.44,15.27,15.39,12.51
QV2M,1997,-1.5,38.75,11.81,11.05,13.47,16.24,14.04,13.21,11.47,11.28,11.65,14.82,16.57,16.65,13.53
QV2M,1997,-1.5,39.375,12.61,12.0,14.32,17.29,14.95,14.37,12.63,12.3,12.57,15.77,17.45,17.51,14.49
QV2M,1997,-1.5,40.0,13.39,12.77,14.9,17.96,15.79,15.48,13.73,13.2,13.26,16.52,18.02,18.03,15.26
QV2M,1997,-1.5,40.625,14.13,13.49,15.18,18.14,16.31,16.21,14.63,14.1,14.07,16.96,18.24,18.17,15.81
QV2M,1997,-1.5,41.25,14.81,14.28,15.7,18.29,16.7,16.65,15.03,14.49,14.36,17.36,18.48,18.39,16.22
QV2M,1997,-1.5,41.875,16.57,16.52,17.7,18.82,17.51,17.32,15.77,15.49,15.75,18.1,18.91,18.78,17.27
QV2M,1997,-1.7975103014118005e-13,34.375,11.92,10.29,11.97,14.74,14.25,13.8,13.1,13.34,12.9,14.41,14.87,14.43,13.35
QV2M,1997,-1.7975103014118005e-13,35.0,10.53,8.15,10.3,13.67,12.96,12.72,12.48,12.53,11.73,13.03,13.78,13.25,12.12
QV2M,1997,-1.7975103014118005e-13,35.625,9.17,6.8,9.08,11.96,11.2,11.15,11.14,10.94,10.2,11.48,12.2,11.72,10.61
QV2M,1997,-1.7975103014118005e-13,36.25,8.59,6.55,8.94,12.14,11.1,10.72,11.09,10.59,9.02,10.99,12.19,11.78,10.33
QV2M,1997,-1.7975103014118005e-13,36.875,9.03,7.11,9.49,12.07,11.21,10.82,10.73,10.03,8.87,11.28,12.37,12.01,10.44
QV2M,1997,-1.7975103014118005e-13,37.5,9.75,8.03,10.47,12.56,11.61,10.99,10.28,9.69,9.22,11.81,12.94,12.6,10.85
QV2M,1997,-1.7975103014118005e-13,38.125,11.0,9.43,12.02,14.82,12.92,11.86,10.61,10.13,10.26,13.89,15.85,15.77,12.4
QV2M,1997,-1.7975103014118005e-13,38.75,11.54,10.31,12.76,15.83,13.65,12.84,11.3,10.97,11.25,14.88,16.9,16.84,13.27
QV2M,1997,-1.7975103014118005e-13,39.375,11.97,10.93,13.27,16.67,14.48,13.96,12.25,11.9,12.06,15.72,17.48,17.46,14.03
QV2M,1997,-1.7975103014118005e-13,40.0,12.43,11.59,13.6,16.99,14.97,14.67,12.94,12.56,12.63,16.15,17.64,17.57,14.49
QV2M,1997,-1.7975103014118005e-13,40.625,12.61,12.04,13.96,17.49,15.47,15.49,13.71,13.1,13.09,16.7,18.06,17.98,14.99
QV2M,1997,-1.7975103014118005e-13,41.25,12.84,12.52,14.33,17.73,15.7,15.95,14.07,13.36,13.41,17.03,18.26,18.17,15.29
QV2M,1997,-1.7975103014118005e-13,41.875,13.3,13.04,14.59,17.66,16.07,16.28,14.47,13.89,14.03,17.22,18.43,18.37,15.62
QV2M,1997,-2.0,34.375,11.69,11.5,10.66,14.14,13.13,11.34,9.62,9.32,8.67,10.77,13.43,14.37,11.55
QV2M,1997,-2.0,35.0,10.35,9.34,9.77,13.36,12.72,11.37,9.88,9.08,8.38,11.05,13.11,13.58,11.01
QV2M,1997,-2.0,35.625,9.51,7.64,9.99,12.81,12.23,11.36,9.92,9.51,8.75,11.18,12.74,12.94,10.73
QV2M,1997,-2.0,36.25,9.59,7.89,10.62,13.54,12.92,11.59,10.09,9.43,9.13,11.75,13.53,13.6,11.16
QV2M,1997,-2.0,36.875,9.46,7.75,10.79,13.03,12.21,11.16,9.59,9.17,9.07,11.66,13.32,13.45,10.91
QV2M,1997,-2.0,37.5,10.43,8.73,11.71,13.82,12.72,11.71,10.07,9.7,9.76,12.44,14.25,14.42,11.66
QV2M,1997,-2.0,38.125,11.4,10.23,12.76,14.8,13.27,12.45,10.71,10.45,10.76,13.49,15.3,15.54,12.61
QV2M,1997,-2.0,38.75,12.15,11.49,13.82,16.27,14.3,13.45,11.6,11.43,11.83,14.86,16.53,16.71,13.71
QV2M,1997,-2.0,39.375,13.01,12.51,14.81,17.28,15.17,14.65,12.89,12.56,12.82,15.79,17.38,17.57,14.71
QV2M,1997,-2.0,40.0,13.88,13.33,15.46,18.1,16.04,15.66,13.88,13.35,13.48,16.62,18.06,18.19,15.51
QV2M,1997,-2.0,40.625,14.86,14.36,16.04,18.43,16.74,16.53,14.96,14.44,14.45,17.24,18.4,18.42,16.25
QV2M,1997,-2.0,41.25,16.12,16.01,17.22,18.51,17.16,16.92,15.35,14.89,15.15,17.63,18.67,18.56,16.85
QV2M,1997,-2.0,41.875,17.09,17.11,18.24,19.03,17.72,17.38,15.95,15.77,16.12,18.21,18.99,18.84,17.54
QV2M,1997,-2.5,34.375,11.49,11.34,10.82,13.77,12.68,11.07,9.36,8.91,8.13,10.52,13.15,14.1,11.28
QV2M,1997,-2.5,35.0,10.28,9.34,10.22,13.18,12.36,11.13,9.65,8.89,8.23,10.77,12.78,13.44,10.86
QV2M,1997,-2.5,35.625,9.62,8.25,10.74,13.48,12.63,11.49,9.92,9.19,8.61,11.21,13.07,13.56,11.0
QV2M,1997,-2.5,36.25,9.67,8.12,11.17,13.78,12.93,11.7,10.12,9.53,8.92,11.53,13.32,13.58,11.21
QV2M,1997,-2.5,36.875,9.9,8.23,11.81,13.81,12.81,11.71,9.88,9.05,8.84,11.6,13.47,13.87,11.27
QV2M,1997,-2.5,37.5,10.56,9.01,12.34,14.07,12.9,11.77,9.99,9.51,9.48,12.17,14.07,14.56,11.72
QV2M,1997,-2.5,38.125,11.6,10.5,12.9,14.82,13.41,12.56,10.72,10.43,10.67,13.48,15.18,15.58,12.66
QV2M,1997,-2.5,38.75,12.46,12.01,14.19,16.2,14.43,13.63,11.69,11.51,11.92,14.79,16.46,16.77,13.85
QV2M,1997,-2.5,39.375,13.4,13.07,15.35,17.2,15.33,14.88,13.09,12.81,13.07,15.77,17.29,17.56,14.91
QV2M,1997,-2.5,40.0,14.44,14.16,16.08,18.08,16.17,15.81,14.0,13.58,13.83,16.69,18.04,18.21,15.76
QV2M,1997,-2.5,40.625,16.09,15.95,17.3,18.79,17.17,16.89,15.38,14.96,15.16,17.64,18.62,18.62,16.88
QV2M,1997,-2.5,41.25,17.27,17.26,18.43,19.18,17.63,17.26,15.87,15.68,16.03,18.05,18.9,18.81,17.53
QV2M,1997,-2.5,41.875,17.13,17.1,18.25,18.98,17.67,17.31,15.93,15.71,16.05,18.15,18.96,18.79,17.5
QV2M,1997,-3.0,34.375,11.51,11.66,11.28,13.69,12.65,11.15,9.46,8.86,8.28,10.41,13.05,14.28,11.35
QV2M,1997,-3.0,35.0,10.39,10.12,10.72,13.33,12.45,11.36,9.78,9.2,8.45,10.55,12.51,13.47,11.03
QV2M,1997,-3.0,35.625,9.67,8.6,10.56,12.59,11.7,11.03,9.74,9.35,8.93,10.65,12.02,12.6,10.63
QV2M,1997,-3.0,36.25,9.46,8.18,11.13,13.94,12.96,11.99,10.34,9.8,9.14,11.34,13.16,13.6,11.27
QV2M,1997,-3.0,36.875,10.19,8.3,12.09,13.93,12.91,11.96,10.47,9.92,9.04,11.16,13.01,13.6,11.4
QV2M,1997,-3.0,37.5,10.16,8.73,11.61,12.99,11.99,11.29,9.92,9.56,9.3,11.33,12.61,13.08,11.06
QV2M,1997,-3.0,38.125,11.6,10.76,13.01,14.67,13.31,12.56,10.82,10.61,10.77,13.32,14.93,15.43,12.66
QV2M,1997,-3.0,38.75,12.65,12.32,14.54,16.23,14.51,13.78,11.83,11.63,11.99,14.78,16.43,16.81,13.96
QV2M,1997,-3.0,39.375,13.66,13.45,15.74,17.31,15.5,15.1,13.28,12.92,13.23,15.91,17.36,17.67,15.1
QV2M,1997,-3.0,40.0,15.22,15.09,16.74,18.21,16.43,16.04,14.25,13.94,14.27,16.8,18.08,18.22,16.11
QV2M,1997,-3.0,40.625,17.33,17.19,18.33,19.19,17.5,17.12,15.76,15.55,15.89,17.87,18.76,18.77,17.44
QV2M,1997,-3.0,41.25,17.37,17.23,18.33,19.11,17.58,17.17,15.84,15.6,15.94,17.97,18.83,18.74,17.47
QV2M,1997,-3.0,41.875,17.25,17.1,18.25,19.01,17.61,17.21,15.89,15.64,16.0,18.09,18.93,18.74,17.48
QV2M,1997,-3.5,34.375,12.09,12.55,11.95,14.19,12.93,11.43,9.53,8.97,8.68,10.68,13.21,14.81,11.74
QV2M,1997,-3.5,35.0,11.13,11.13,12.02,13.98,12.86,11.84,10.14,9.76,9.38,11.18,13.01,14.08,11.71
QV2M,1997,-3.5,35.625,9.96,9.47,11.75,13.57,12.47,11.73,10.17,9.79,9.46,11.16,12.69,13.42,11.31
QV2M,1997,-3.5,36.25,9.48,8.8,12.31,14.07,12.96,12.11,10.42,9.95,9.49,11.56,13.13,13.82,11.52
QV2M,1997,-3.5,36.875,9.63,8.54,12.98,14.6,13.32,12.61,11.02,10.56,10.17,12.18,13.63,14.31,11.98
QV2M,1997,-3.5,37.5,10.3,9.15,13.05,15.04,13.79,12.97,11.27,10.78,10.59,12.86,14.22,14.56,12.4
QV2M,1997,-3.5,38.125,11.47,10.82,13.22,14.74,13.36,12.66,10.91,10.72,11.01,13.36,14.74,15.17,12.69
QV2M,1997,-3.5,38.75,12.68,12.37,14.62,15.99,14.29,13.81,12.01,11.85,12.19,14.54,15.94,16.38,13.9
QV2M,1997,-3.5,39.375,13.84,13.75,15.97,17.34,15.55,15.2,13.41,12.99,13.29,15.91,17.27,17.59,15.18
QV2M,1997,-3.5,40.0,16.32,16.2,17.71,18.71,16.94,16.54,14.85,14.66,15.0,17.21,18.37,18.53,16.75
QV2M,1997,-3.5,40.625,17.61,17.26,18.46,19.13,17.49,17.07,15.77,15.53,15.86,17.8,18.74,18.76,17.46
QV2M,1997,-3.5,41.25,17.57,17.22,18.39,19.11,17.52,17.08,15.81,15.56,15.89,17.9,18.84,18.73,17.47
QV2M,1997,-3.5,41.875,17.45,17.12,18.32,19.03,17.56,17.13,15.84,15.6,15.94,18.02,18.95,18.69,17.47
QV2M,1997,-4.0,34.375,12.56,12.86,12.26,14.17,12.71,11.24,9.33,8.82,8.61,10.6,13.13,14.7,11.74
QV2M,1997,-4.0,35.0,11.23,11.31,12.26,13.66,12.43,11.4,9.72,9.33,9.01,10.81,12.72,13.89,11.48
QV2M,1997,-4.0,35.625,10.28,10.16,12.46,13.58,12.35,11.64,10.07,9.8,9.59,11.22,12.69,13.62,11.46
QV2M,1997,-4.0,36.25,9.89,9.68,12.97,14.15,12.86,12.07,10.39,10.04,9.73,11.54,13.06,13.96,11.71
QV2M,1997,-4.0,36.875,10.35,9.83,13.51,14.49,13.04,12.35,10.82,10.54,10.33,12.16,13.61,14.38,12.13
QV2M,1997,-4.0,37.5,11.0,10.37,13.81,15.04,13.56,12.82,11.13,10.81,10.68,12.88,14.39,14.98,12.63
QV2M,1997,-4.0,38.125,11.75,11.23,14.04,15.39,13.78,13.08,11.21,11.01,11.23,13.76,15.24,15.66,13.12
QV2M,1997,-4.0,38.75,12.89,12.65,15.33,16.49,14.67,14.27,12.37,12.24,12.57,14.95,16.34,16.68,14.29
QV2M,1997,-4.0,39.375,14.38,14.31,16.34,17.76,15.86,15.52,13.71,13.23,13.5,16.14,17.51,17.76,15.51
QV2M,1997,-4.0,40.0,17.45,17.04,18.41,19.0,17.31,16.87,15.45,15.25,15.54,17.47,18.58,18.75,17.26
QV2M,1997,-4.0,40.625,17.83,17.25,18.53,19.07,17.45,17.01,15.75,15.48,15.79,17.71,18.74,18.77,17.45
QV2M,1997,-4.0,41.25,17.73,17.22,18.47,19.11,17.45,17.03,15.75,15.52,15.83,17.82,18.85,18.73,17.46
QV2M,1997,-4.0,41.875,17.59,17.12,18.39,19.03,17.51,17.08,15.75,15.56,15.88,17.92,18.94,18.64,17.45
QV2M,1997,-4.5,34.375,12.15,12.61,11.93,13.63,12.06,10.67,8.97,8.58,8.25,10.22,12.77,14.12,11.32
QV2M,1997,-4.5,35.0,11.09,11.53,12.25,13.31,12.0,11.0,9.3,8.97,8.72,10.56,12.56,13.61,11.24
QV2M,1997,-4.5,35.625,10.46,10.73,12.75,13.55,12.21,11.49,9.84,9.61,9.45,11.16,12.75,13.71,11.48
QV2M,1997,-4.5,36.25,10.3,10.49,13.35,14.26,12.78,11.99,10.22,10.04,9.9,11.68,13.25,14.24,11.88
QV2M,1997,-4.5,36.875,10.63,10.53,13.65,14.42,12.9,12.23,10.61,10.49,10.42,12.22,13.68,14.46,12.19
QV2M,1997,-4.5,37.5,11.29,11.06,14.2,15.1,13.47,12.88,11.26,11.11,11.15,13.05,14.54,15.2,12.87
QV2M,1997,-4.5,38.125,12.05,11.61,14.3,15.3,13.7,13.14,11.52,11.34,11.44,13.65,15.19,15.81,13.26
QV2M,1997,-4.5,38.75,13.38,13.16,15.93,16.77,14.95,14.6,12.71,12.57,12.87,15.14,16.67,17.2,14.67
QV2M,1997,-4.5,39.375,15.77,15.58,17.39,18.32,16.55,16.12,14.36,14.07,14.37,16.59,17.98,18.32,16.29
QV2M,1997,-4.5,40.0,17.94,17.28,18.64,19.03,17.35,16.86,15.54,15.3,15.6,17.47,18.66,18.85,17.38
QV2M,1997,-4.5,40.625,18.0,17.3,18.61,19.07,17.4,16.94,15.7,15.43,15.7,17.62,18.75,18.79,17.44
QV2M,1997,-4.5,41.25,17.87,17.26,18.58,19.09,17.39,16.96,15.69,15.45,15.75,17.73,18.85,18.71,17.44
QV2M,1997,-4.5,41.875,17.73,17.14,18.48,18.99,17.44,17.01,15.68,15.5,15.81,17.83,18.93,18.56,17.42
QV2M,1997,0.5,34.375,11.05,8.77,11.02,14.67,13.95,14.18,13.63,13.96,12.51,14.42,14.59,13.92,13.08
QV2M,1997,0.5,35.0,9.89,7.43,9.65,13.21,12.3,12.57,12.43,12.49,11.21,12.93,13.39,12.79,11.72
QV2M,1997,0.5,35.625,8.98,6.69,9.26,13.01,12.18,12.28,12.33,12.15,10.82,12.57,13.22,12.66,11.37
QV2M,1997,0.5,36.25,8.78,6.96,9.43,12.8,11.38,11.13,11.88,11.47,9.13,11.45,12.86,12.41,10.83
QV2M,1997,0.5,36.875,9.12,7.36,9.91,12.51,11.21,10.74,11.0,10.3,8.66,11.5,13.12,12.94,10.72
QV2M,1997,0.5,37.5,9.72,7.96,10.75,13.24,11.85,11.08,10.52,9.75,9.23,12.4,14.25,14.19,11.26
QV2M,1997,0.5,38.125,10.62,9.07,11.85,14.63,12.99,11.93,10.68,10.14,10.28,13.95,15.84,15.72,12.33
QV2M,1997,0.5,38.75,11.4,9.98,12.54,15.65,13.78,12.91,11.36,10.94,11.17,14.97,16.82,16.74,13.2
QV2M,1997,0.5,39.375,11.63,10.44,13.0,16.7,14.77,13.93,12.16,11.76,11.87,15.88,17.53,17.48,13.95
QV2M,1997,0.5,40.0,11.84,10.95,13.31,17.36,15.28,14.58,12.77,12.32,12.36,16.33,17.86,17.79,14.41
QV2M,1997,0.5,40.625,12.09,11.46,13.64,17.66,15.54,15.13,13.3,12.69,12.74,16.71,18.27,18.15,14.8
QV2M,1997,0.5,41.25,12.37,11.98,13.97,17.46,15.48,15.5,13.63,13.02,13.22,16.88,18.13,18.07,14.99
QV2M,1997,0.5,41.875,12.62,12.35,14.13,17.45,15.88,15.81,13.97,13.42,13.66,17.18,18.42,18.38,15.28
QV2M,1997,1.0,34.375,10.23,8.09,10.03,12.91,12.11,12.66,12.25,12.32,11.18,12.51,12.76,12.15,11.62
QV2M,1997,1.0,35.0,9.19,6.86,9.15,12.49,11.56,11.85,11.74,11.8,10.32,12.01,12.69,12.2,11.01
QV2M,1997,1.0,35.625,8.49,6.38,9.24,12.99,11.89,11.77,12.26,11.99,9.2,12.17,13.31,12.76,11.07
QV2M,1997,1.0,36.25,8.69,6.88,9.57,12.7,11.03,11.03,11.67,11.0,8.68,11.64,13.32,12.97,10.79
QV2M,1997,1.0,36.875,9.34,7.51,10.31,12.65,11.27,10.86,10.71,9.94,9.01,11.9,13.54,13.35,10.89
QV2M,1997,1.0,37.5,9.89,8.12,11.1,13.79,12.25,11.43,10.63,9.86,9.57,13.02,15.02,14.95,11.66
QV2M,1997,1.0,38.125,10.44,8.86,11.83,14.78,13.02,12.08,10.8,10.23,10.34,14.03,16.11,16.19,12.41
QV2M,1997,1.0,38.75,10.88,9.49,12.4,15.77,13.86,12.99,11.42,10.97,11.14,15.05,16.96,16.98,13.18
QV2M,1997,1.0,39.375,10.95,9.87,12.71,16.76,14.89,13.89,12.05,11.64,11.71,15.92,17.56,17.47,13.8
QV2M,1997,1.0,40.0,11.21,10.3,12.98,17.58,15.48,14.45,12.6,12.07,12.11,16.33,18.03,17.93,14.27
QV2M,1997,1.0,40.625,11.49,10.75,13.25,17.63,15.56,14.89,12.98,12.34,12.48,16.58,18.3,18.15,14.55
QV2M,1997,1.0,41.25,11.75,11.2,13.43,17.25,15.45,15.28,13.3,12.66,12.97,16.75,18.18,18.13,14.71
QV2M,1997,1.0,41.875,11.92,11.58,13.52,17.18,15.68,15.38,13.51,13.01,13.36,17.15,18.63,18.45,14.96
QV2M,1997,1.5,34.375,8.37,5.98,8.99,13.7,12.35,13.08,13.1,13.1,10.36,12.84,13.21,12.24,11.48
QV2M,1997,1.5,35.0,8.37,6.23,9.19,13.08,11.66,11.92,12.16,12.14,9.35,12.13,13.26,12.52,11.03
QV2M,1997,1.5,35.625,8.48,6.58,9.59,13.26,11.4,11.61,12.04,11.53,8.79,12.19,13.88,12.97,11.05
QV2M,1997,1.5,36.25,8.83,7.01,9.96,13.02,10.88,11.06,11.55,10.6,8.61,11.85,13.68,13.16,10.87
QV2M,1997,1.5,36.875,9.42,7.54,10.62,13.15,11.65,11.23,10.75,9.89,9.21,12.32,14.11,13.9,11.17
QV2M,1997,1.5,37.5,9.86,8.17,11.31,14.18,12.47,11.72,10.96,10.1,9.8,13.29,15.24,15.13,11.87
QV2M,1997,1.5,38.125,10.23,8.7,11.98,15.27,13.21,12.3,11.07,10.44,10.49,14.41,16.36,16.21,12.58
QV2M,1997,1.5,38.75,10.34,8.99,12.37,16.26,14.11,13.1,11.48,11.02,11.13,15.28,17.03,16.91,13.19
QV2M,1997,1.5,39.375,10.54,9.23,12.4,16.96,15.07,13.94,12.08,11.55,11.55,15.83,17.52,17.39,13.69
QV2M,1997,1.5,40.0,10.58,9.58,12.57,17.1,15.42,14.39,12.48,11.84,11.89,16.1,17.83,17.6,13.97
QV2M,1997,1.5,40.625,10.8,9.97,12.69,17.2,15.41,14.74,12.74,12.06,12.27,16.34,18.15,17.87,14.21
QV2M,1997,1.5,41.25,11.07,10.36,12.75,16.8,15.22,14.93,13.01,12.36,12.74,16.62,18.46,18.18,14.39
QV2M,1997,1.5,41.875,11.14,10.76,12.91,17.07,15.48,15.06,13.13,12.65,13.08,17.02,18.69,18.27,14.62
QV2M,1997,2.0,34.375,8.34,6.31,9.37,13.89,11.71,12.56,13.31,12.87,8.88,12.56,13.52,12.4,11.34
QV2M,1997,2.0,35.0,8.4,6.51,9.56,13.19,11.31,11.57,12.01,11.44,8.62,12.05,13.63,12.72,10.94
QV2M,1997,2.0,35.625,8.65,6.79,9.97,13.4,11.32,11.42,11.76,10.76,8.5,12.21,14.2,13.18,11.04
QV2M,1997,2.0,36.25,8.97,7.15,10.4,13.46,11.15,11.17,11.3,10.13,8.93,12.21,14.19,13.49,11.07
QV2M,1997,2.0,36.875,9.37,7.54,10.9,13.49,11.95,11.43,10.77,9.89,9.46,12.61,14.23,14.03,11.33
QV2M,1997,2.0,37.5,9.83,7.98,11.56,14.75,12.96,12.06,11.02,10.18,10.04,13.73,15.74,15.6,12.14
QV2M,1997,2.0,38.125,10.01,8.11,11.94,15.7,13.66,12.62,11.19,10.56,10.59,14.71,16.57,16.4,12.7
QV2M,1997,2.0,38.75,9.98,8.21,12.04,16.27,14.28,13.28,11.59,11.05,11.06,15.3,17.08,16.88,13.11
QV2M,1997,2.0,39.375,9.86,8.33,11.93,16.72,15.05,13.91,12.05,11.39,11.37,15.74,17.45,17.18,13.44
QV2M,1997,2.0,40.0,9.9,8.65,12.0,16.88,15.35,14.31,12.36,11.63,11.68,15.92,17.62,17.19,13.65
QV2M,1997,2.0,40.625,9.93,9.08,12.05,17.09,15.32,14.47,12.43,11.77,12.06,16.3,18.06,17.52,13.86
QV2M,1997,2.0,41.25,10.24,9.47,12.18,16.84,15.2,14.71,12.7,12.04,12.47,16.52,18.36,17.9,14.07
QV2M,1997,2.0,41.875,10.38,9.85,12.36,17.33,15.51,14.71,12.79,12.31,12.84,16.88,18.53,17.93,14.3
QV2M,1997,2.5,34.375,8.46,6.46,9.68,13.54,11.29,11.82,12.77,11.86,8.68,12.41,13.74,12.57,11.14
QV2M,1997,2.5,35.0,8.62,6.68,9.96,13.42,11.69,11.64,12.05,11.08,8.96,12.39,14.26,13.24,11.19
QV2M,1997,2.5,35.625,8.84,6.93,10.31,13.71,11.91,11.56,11.84,10.39,9.05,12.52,14.69,13.63,11.31
QV2M,1997,2.5,36.25,9.97,8.27,11.54,14.31,12.43,12.08,11.76,10.82,10.24,13.19,15.08,14.4,12.03
QV2M,1997,2.5,36.875,9.6,7.77,11.41,14.23,12.61,11.96,11.09,10.25,9.98,13.28,15.03,14.73,11.85
QV2M,1997,2.5,37.5,9.4,7.4,11.53,15.14,13.24,12.18,10.98,10.23,10.14,14.01,16.18,15.93,12.22
QV2M,1997,2.5,38.125,9.25,7.29,11.59,15.54,13.74,12.69,11.2,10.56,10.55,14.66,16.53,16.26,12.52
QV2M,1997,2.5,38.75,9.06,7.3,11.52,16.14,14.37,13.28,11.56,10.93,10.9,15.25,17.13,16.76,12.88
QV2M,1997,2.5,39.375,8.96,7.42,11.36,16.48,14.97,13.8,11.95,11.17,11.17,15.62,17.32,16.84,13.12
QV2M,1997,2.5,40.0,9.1,7.75,11.36,16.53,15.11,14.12,12.19,11.38,11.45,15.72,17.32,16.66,13.25
QV2M,1997,2.5,40.625,9.32,8.2,11.44,16.6,14.97,14.23,12.21,11.49,11.84,15.99,17.58,16.85,13.42
QV2M,1997,2.5,41.25,9.51,8.56,11.56,16.51,14.82,14.44,12.49,11.81,12.25,16.31,17.97,17.31,13.65
QV2M,1997,2.5,41.875,9.67,8.91,11.77,16.8,15.1,14.52,12.6,12.05,12.61,16.52,18.06,17.42,13.86
QV2M,1997,3.0,34.375,8.52,6.5,10.01,13.74,12.12,12.0,12.72,11.84,9.2,12.66,14.14,13.19,11.42
QV2M,1997,3.0,35.0,8.75,6.72,10.37,14.1,12.66,12.2,12.46,11.29,9.56,13.11,15.24,14.26,11.76
QV2M,1997,3.0,35.625,9.09,7.13,10.8,14.59,12.93,12.14,12.04,10.46,9.79,13.38,15.87,14.85,11.95
QV2M,1997,3.0,36.25,11.05,9.39,12.69,15.47,13.8,13.06,12.29,11.51,11.29,14.35,16.47,15.93,13.13
QV2M,1997,3.0,36.875,9.18,7.11,11.27,14.89,13.04,12.11,11.08,10.19,9.96,13.78,15.94,15.48,12.03
QV2M,1997,3.0,37.5,8.72,6.7,11.21,15.47,13.59,12.4,11.01,10.28,10.19,14.37,16.56,16.06,12.24
QV2M,1997,3.0,38.125,8.36,6.55,11.07,15.47,13.83,12.8,11.25,10.48,10.45,14.7,16.62,16.1,12.34
QV2M,1997,3.0,38.75,8.2,6.55,10.9,15.98,14.4,13.3,11.51,10.73,10.73,15.17,16.92,16.29,12.59
QV2M,1997,3.0,39.375,8.25,6.72,10.76,16.15,14.8,13.66,11.83,10.94,10.99,15.41,17.02,16.3,12.77
QV2M,1997,3.0,40.0,8.45,7.04,10.8,16.25,14.91,13.91,11.99,11.09,11.24,15.52,17.06,16.21,12.9
QV2M,1997,3.0,40.625,8.73,7.44,10.87,16.1,14.62,14.01,12.01,11.22,11.63,15.7,17.27,16.32,13.02
QV2M,1997,3.0,41.25,8.89,7.82,10.97,16.13,14.55,14.15,12.21,11.5,11.98,16.01,17.6,16.61,13.23
QV2M,1997,3.0,41.875,8.99,8.13,11.2,16.22,14.67,14.17,12.31,11.67,12.27,16.03,17.6,16.74,13.36
QV2M,1997,3.5,34.375,8.63,6.49,10.26,14.14,12.86,12.22,12.62,11.66,9.48,13.09,14.74,13.92,11.71
QV2M,1997,3.5,35.0,8.87,6.76,10.74,14.85,13.5,12.64,12.62,11.31,9.76,13.68,15.9,15.12,12.18
QV2M,1997,3.5,35.625,9.58,7.6,11.45,15.25,13.7,12.67,12.12,10.65,10.22,14.03,16.38,15.67,12.47
QV2M,1997,3.5,36.25,11.04,9.19,12.81,15.67,14.17,13.39,12.36,11.61,11.49,14.73,16.49,15.94,13.26
QV2M,1997,3.5,36.875,8.36,6.27,10.86,15.39,13.68,12.4,11.27,10.14,9.92,14.14,16.41,15.76,12.08
QV2M,1997,3.5,37.5,7.96,6.03,10.65,15.29,13.62,12.45,11.09,10.22,10.13,14.22,16.11,15.4,11.96
QV2M,1997,3.5,38.125,7.76,5.92,10.48,15.24,14.0,12.96,11.39,10.54,10.43,14.66,16.28,15.57,12.14
QV2M,1997,3.5,38.75,7.73,6.01,10.22,15.34,14.25,13.2,11.52,10.63,10.66,14.83,16.24,15.37,12.2
QV2M,1997,3.5,39.375,7.85,6.26,10.21,15.35,14.36,13.4,11.68,10.74,10.88,14.89,16.19,15.32,12.29
QV2M,1997,3.5,40.0,8.03,6.57,10.34,15.8,14.62,13.58,11.74,10.78,11.06,15.31,16.71,15.69,12.55
QV2M,1997,3.5,40.625,8.29,6.92,10.45,15.84,14.39,13.62,11.71,10.85,11.39,15.48,16.95,15.81,12.67
QV2M,1997,3.5,41.25,8.59,7.37,10.68,15.79,14.25,13.81,11.96,11.19,11.73,15.78,17.38,16.3,12.93
QV2M,1997,3.5,41.875,8.64,7.64,10.85,16.03,14.43,13.9,12.04,11.36,11.99,16.02,17.68,16.7,13.13
QV2M,1997,4.0,34.375,8.64,6.45,10.62,15.19,13.97,13.09,13.23,11.98,9.59,13.97,15.61,14.79,12.3
QV2M,1997,4.0,35.0,8.97,6.84,11.04,15.65,14.33,13.03,13.06,11.4,9.95,14.32,16.4,15.75,12.6
QV2M,1997,4.0,35.625,9.72,7.71,11.74,15.48,14.27,12.99,12.35,10.96,10.49,14.38,16.39,15.88,12.73
QV2M,1997,4.0,36.25,10.97,9.2,12.87,15.92,14.71,13.78,12.69,11.88,11.87,15.11,16.66,16.07,13.5
QV2M,1997,4.0,36.875,7.84,5.69,10.37,15.35,14.03,12.56,11.47,10.26,9.91,14.17,16.12,15.3,11.96
QV2M,1997,4.0,37.5,7.55,5.45,9.96,15.14,13.91,12.55,11.27,10.19,10.04,14.16,15.83,14.8,11.77
QV2M,1997,4.0,38.125,7.49,5.47,9.68,14.35,13.52,12.61,11.23,10.29,10.31,14.04,15.13,14.18,11.56
QV2M,1997,4.0,38.75,7.55,5.68,9.62,14.21,13.42,12.64,11.2,10.2,10.35,13.86,14.9,14.02,11.5
QV2M,1997,4.0,39.375,7.66,5.95,9.84,14.82,13.89,13.05,11.4,10.33,10.62,14.48,15.64,14.67,11.89
QV2M,1997,4.0,40.0,7.82,6.25,10.0,15.32,14.23,13.29,11.47,10.42,10.89,15.0,16.19,15.07,12.19
QV2M,1997,4.0,40.625,8.05,6.61,10.23,15.43,14.08,13.2,11.41,10.5,11.14,15.24,16.59,15.4,12.35
QV2M,1997,4.0,41.25,8.26,6.95,10.51,15.59,14.07,13.49,11.65,10.82,11.48,15.73,17.35,16.17,12.7
QV2M,1997,4.0,41.875,8.34,7.2,10.63,16.05,14.38,13.71,11.81,11.06,11.79,16.16,17.85,16.76,13.01
QV2M,1997,4.5,34.375,8.6,6.41,10.92,16.2,14.78,13.2,13.78,11.84,9.61,14.87,16.27,15.22,12.68
QV2M,1997,4.5,35.0,8.99,6.86,11.22,16.16,15.05,13.5,13.41,11.62,10.08,14.7,16.63,16.22,12.91
QV2M,1997,4.5,35.625,9.4,7.29,11.46,15.76,14.86,13.22,12.6,11.2,10.39,14.57,16.57,16.16,12.82
QV2M,1997,4.5,36.25,9.47,7.29,11.28,15.88,14.78,13.22,12.36,11.07,10.69,14.7,16.55,15.82,12.79
QV2M,1997,4.5,36.875,8.49,6.16,10.43,15.4,14.43,13.02,12.0,10.93,10.59,14.38,15.9,14.92,12.25
QV2M,1997,4.5,37.5,7.5,5.13,9.3,14.82,13.86,12.54,11.42,10.22,9.96,13.85,15.09,13.9,11.5
QV2M,1997,4.5,38.125,7.43,5.25,9.16,13.72,13.05,12.18,11.04,9.96,9.91,13.34,14.25,13.43,11.09
QV2M,1997,4.5,38.75,7.51,5.45,9.38,14.13,13.39,12.49,11.12,9.99,10.14,13.82,14.85,13.91,11.38
QV2M,1997,4.5,39.375,7.58,5.69,9.56,14.61,13.64,12.77,11.15,10.07,10.43,14.41,15.51,14.44,11.69
QV2M,1997,4.5,40.0,7.69,5.98,9.66,14.57,13.62,12.82,11.17,10.18,10.68,14.36,15.4,14.31,11.73
QV2M,1997,4.5,40.625,7.87,6.33,10.0,14.92,13.69,12.92,11.16,10.22,10.95,14.94,16.22,15.01,12.05
QV2M,1997,4.5,41.25,8.08,6.65,10.28,15.18,13.85,13.24,11.42,10.51,11.31,15.3,16.68,15.37,12.35
QV2M,1997,4.5,41.875,8.15,6.9,10.44,16.09,14.5,13.56,11.59,10.82,11.67,16.23,17.82,16.46,12.88
QV2M,1998,-0.5,34.375,14.57,13.47,13.56,14.61,14.62,13.15,11.94,11.81,11.49,13.37,12.47,10.47,12.96
QV2M,1998,-0.5,35.0,13.37,12.4,12.71,13.7,13.79,12.5,11.45,11.31,11.1,12.02,11.46,9.52,12.11
QV2M,1998,-0.5,35.625,11.58,10.7,11.18,12.24,12.15,11.04,10.27,10.32,10.28,10.63,10.73,9.75,10.91
QV2M,1998,-0.5,36.25,11.71,10.89,11.35,12.51,12.23,11.02,10.35,10.27,10.18,10.38,10.79,9.67,10.94
QV2M,1998,-0.5,36.875,12.29,11.72,12.16,13.33,12.71,11.34,10.63,10.52,10.5,10.66,11.42,10.54,11.48
QV2M,1998,-0.5,37.5,14.1,13.49,13.73,15.01,14.09,12.39,11.36,10.99,10.86,10.85,12.43,11.38,12.55
QV2M,1998,-0.5,38.125,15.9,15.31,15.22,16.23,14.62,12.43,11.12,10.74,10.91,10.65,13.38,12.36,13.22
QV2M,1998,-0.5,38.75,16.99,16.35,16.22,17.22,15.34,13.04,11.75,11.48,11.76,11.44,14.14,13.01,14.04
QV2M,1998,-0.5,39.375,17.75,17.22,17.14,18.24,16.18,13.89,12.65,12.39,12.51,12.28,14.34,13.43,14.82
QV2M,1998,-0.5,40.0,17.9,17.47,17.58,18.73,16.74,14.65,13.31,13.02,12.96,12.76,14.68,13.93,15.29
QV2M,1998,-0.5,40.625,18.39,17.89,17.87,19.22,17.11,15.01,13.5,13.17,12.94,12.95,14.91,14.32,15.59
QV2M,1998,-0.5,41.25,18.65,18.11,17.96,19.49,17.36,15.21,13.6,13.37,13.17,13.39,15.17,14.67,15.83
QV2M,1998,-0.5,41.875,18.84,18.09,17.63,19.34,17.42,15.53,13.95,13.83,13.78,14.1,15.43,15.19,16.08
QV2M,1998,-1.0,34.375,14.94,14.18,14.19,15.13,14.4,12.54,11.0,10.9,10.54,12.1,11.56,10.12,12.62
QV2M,1998,-1.0,35.0,13.54,12.89,13.02,14.09,13.53,12.11,10.87,10.8,10.63,10.98,10.83,9.28,11.87
QV2M,1998,-1.0,35.625,12.66,12.19,12.31,13.43,12.94,11.6,10.48,10.56,10.59,10.55,10.61,9.18,11.42
QV2M,1998,-1.0,36.25,12.6,12.07,12.35,13.36,12.7,11.39,10.38,10.47,10.43,10.06,10.71,9.68,11.34
QV2M,1998,-1.0,36.875,13.44,12.98,13.27,14.14,13.23,11.75,10.66,10.22,9.94,9.6,11.37,10.73,11.77
QV2M,1998,-1.0,37.5,14.83,14.37,14.48,15.51,14.26,12.55,11.35,10.94,10.91,10.65,12.44,11.75,12.82
QV2M,1998,-1.0,38.125,15.53,14.73,14.48,15.91,14.31,12.32,11.1,10.83,11.07,10.74,13.13,12.29,13.02
QV2M,1998,-1.0,38.75,17.04,16.28,15.93,17.28,15.5,13.18,11.88,11.63,11.96,11.59,14.26,13.18,14.12
QV2M,1998,-1.0,39.375,17.75,16.77,16.5,18.29,16.25,13.83,12.68,12.44,12.65,12.44,14.54,13.55,14.79
QV2M,1998,-1.0,40.0,18.13,17.72,17.66,18.96,16.98,14.75,13.38,13.06,13.07,12.92,14.89,14.12,15.45
QV2M,1998,-1.0,40.625,18.5,18.12,18.08,19.38,17.31,15.24,13.7,13.37,13.21,13.2,15.05,14.64,15.8
QV2M,1998,-1.0,41.25,18.78,18.36,18.18,19.57,17.5,15.4,13.75,13.55,13.44,13.62,15.26,15.02,16.02
QV2M,1998,-1.0,41.875,19.13,18.6,18.48,19.92,17.98,16.25,14.67,14.6,14.69,15.03,16.17,16.31,16.81
QV2M,1998,-1.5,34.375,14.53,14.07,13.33,14.41,13.71,11.72,9.93,9.56,9.74,11.03,10.65,9.97,11.87
QV2M,1998,-1.5,35.0,13.79,13.51,13.2,14.21,13.52,11.75,10.15,9.66,9.45,9.62,10.02,9.06,11.48
QV2M,1998,-1.5,35.625,13.0,12.65,12.57,13.63,12.85,11.37,10.13,9.93,9.79,9.27,10.18,9.17,11.2
QV2M,1998,-1.5,36.25,13.63,13.02,12.51,13.87,13.7,12.14,10.46,10.04,9.83,9.38,10.82,9.92,11.6
QV2M,1998,-1.5,36.875,13.73,13.19,12.89,13.96,13.19,11.58,10.12,9.56,9.55,9.39,11.17,10.56,11.56
QV2M,1998,-1.5,37.5,14.66,14.22,14.22,15.17,13.81,12.08,10.69,10.34,10.38,10.11,12.02,11.62,12.43
QV2M,1998,-1.5,38.125,15.73,15.22,15.3,16.4,14.64,12.83,11.5,11.18,11.45,11.11,13.19,12.85,13.44
QV2M,1998,-1.5,38.75,17.04,16.5,16.65,17.66,15.64,13.49,12.17,11.85,12.17,11.77,14.14,13.38,14.35
QV2M,1998,-1.5,39.375,17.9,17.5,17.55,18.59,16.56,14.32,13.01,12.73,12.94,12.68,14.74,13.81,15.18
QV2M,1998,-1.5,40.0,18.46,18.16,18.15,19.25,17.25,15.11,13.66,13.31,13.32,13.19,15.09,14.38,15.76
QV2M,1998,-1.5,40.625,18.69,18.4,18.23,19.51,17.49,15.42,13.86,13.55,13.52,13.49,15.08,14.86,15.99
QV2M,1998,-1.5,41.25,19.03,18.68,18.33,19.63,17.65,15.56,13.94,13.79,13.78,13.95,15.41,15.31,16.24
QV2M,1998,-1.5,41.875,19.55,19.23,19.27,20.47,18.65,16.96,15.43,15.43,15.62,15.96,16.93,17.36,17.56
QV2M,1998,-1.7975103014118005e-13,34.375,14.29,13.34,13.44,14.99,15.0,13.63,12.59,12.63,13.02,14.02,12.96,10.99,13.41
QV2M,1998,-1.7975103014118005e-13,35.0,13.35,12.45,12.61,13.9,14.13,13.05,12.2,12.2,12.24,13.03,12.3,10.53,12.67
QV2M,1998,-1.7975103014118005e-13,35.625,11.91,11.16,11.39,12.51,12.61,11.63,11.12,11.11,10.96,11.52,11.23,10.17,11.44
QV2M,1998,-1.7975103014118005e-13,36.25,12.06,11.21,11.16,12.45,12.91,11.68,11.36,11.05,10.37,10.88,10.76,9.34,11.27
QV2M,1998,-1.7975103014118005e-13,36.875,12.38,11.75,11.79,13.16,13.01,11.66,11.17,10.83,10.31,10.57,11.06,10.03,11.47
QV2M,1998,-1.7975103014118005e-13,37.5,12.95,12.48,12.63,13.86,13.12,11.58,10.84,10.47,10.25,10.35,11.64,10.76,11.74
QV2M,1998,-1.7975103014118005e-13,38.125,16.15,15.57,15.75,16.65,14.96,12.59,11.21,10.7,10.77,10.59,13.35,12.25,13.36
QV2M,1998,-1.7975103014118005e-13,38.75,17.25,16.76,16.8,17.57,15.54,13.11,11.76,11.46,11.65,11.35,13.83,12.71,14.13
QV2M,1998,-1.7975103014118005e-13,39.375,17.87,17.38,17.46,18.28,16.18,13.83,12.54,12.27,12.32,12.07,13.93,12.99,14.74
QV2M,1998,-1.7975103014118005e-13,40.0,18.04,17.56,17.73,18.75,16.7,14.56,13.11,12.77,12.65,12.49,14.22,13.45,15.15
QV2M,1998,-1.7975103014118005e-13,40.625,18.43,17.82,17.88,19.17,17.05,14.87,13.28,12.92,12.65,12.69,14.52,13.81,15.41
QV2M,1998,-1.7975103014118005e-13,41.25,18.6,17.92,17.88,19.47,17.36,15.16,13.49,13.24,13.0,13.23,14.9,14.23,15.69
QV2M,1998,-1.7975103014118005e-13,41.875,18.81,18.02,17.64,19.31,17.44,15.37,13.68,13.5,13.32,13.63,15.04,14.52,15.84
QV2M,1998,-2.0,34.375,14.26,14.02,13.13,14.44,13.41,11.15,8.95,8.79,9.09,10.15,10.08,9.7,11.41
QV2M,1998,-2.0,35.0,13.77,13.5,13.13,14.3,13.31,11.21,9.48,8.89,9.0,9.03,10.01,9.21,11.22
QV2M,1998,-2.0,35.625,13.21,12.89,12.76,13.93,12.8,11.15,9.7,9.54,9.5,9.06,10.36,9.62,11.2
QV2M,1998,-2.0,36.25,14.03,13.42,12.8,14.45,13.69,11.71,9.94,9.57,9.76,9.54,10.94,10.41,11.67
QV2M,1998,-2.0,36.875,13.81,13.17,12.75,14.16,13.12,11.34,9.77,9.35,9.67,9.43,11.04,10.6,11.5
QV2M,1998,-2.0,37.5,14.81,14.35,14.16,15.19,13.69,11.8,10.38,10.1,10.38,10.07,11.93,11.84,12.38
QV2M,1998,-2.0,38.125,15.96,15.6,15.6,16.53,14.59,12.76,11.44,11.13,11.45,11.02,13.04,13.01,13.49
QV2M,1998,-2.0,38.75,17.13,16.77,16.88,17.7,15.66,13.65,12.36,12.07,12.39,11.98,14.17,13.86,14.53
QV2M,1998,-2.0,39.375,18.02,17.84,17.89,18.67,16.63,14.56,13.27,12.99,13.25,12.94,14.88,14.38,15.42
QV2M,1998,-2.0,40.0,18.64,18.48,18.39,19.39,17.37,15.29,13.83,13.45,13.59,13.45,15.25,14.77,15.97
QV2M,1998,-2.0,40.625,19.02,18.85,18.41,19.66,17.75,15.72,14.17,13.94,14.08,14.06,15.44,15.44,16.36
QV2M,1998,-2.0,41.25,19.39,19.1,18.39,19.86,18.1,16.3,14.85,14.87,15.08,15.3,16.38,16.74,17.01
QV2M,1998,-2.0,41.875,19.67,19.46,19.62,20.68,18.95,17.33,15.89,15.89,16.12,16.48,17.37,18.02,17.95
QV2M,1998,-2.5,34.375,14.01,13.78,12.96,14.31,12.86,10.54,8.33,8.21,8.52,9.11,9.55,9.61,10.96
QV2M,1998,-2.5,35.0,13.67,13.37,13.11,14.21,12.8,10.59,8.91,8.35,8.6,8.38,9.73,9.63,10.93
QV2M,1998,-2.5,35.625,13.97,13.61,13.36,14.57,13.06,10.91,9.22,8.86,9.07,8.66,10.22,10.14,11.29
QV2M,1998,-2.5,36.25,14.11,13.58,13.04,14.72,13.31,11.14,9.52,9.23,9.48,9.09,10.62,10.67,11.53
QV2M,1998,-2.5,36.875,14.41,13.84,13.39,14.72,13.28,11.36,9.3,8.97,9.38,9.25,11.0,11.19,11.66
QV2M,1998,-2.5,37.5,15.03,14.65,14.25,15.15,13.43,11.31,9.72,9.65,10.1,9.8,11.59,12.06,12.21
QV2M,1998,-2.5,38.125,16.0,15.79,15.71,16.46,14.41,12.58,11.33,11.08,11.45,10.94,12.82,13.31,13.47
QV2M,1998,-2.5,38.75,17.23,16.98,17.02,17.63,15.6,13.59,12.36,12.11,12.51,12.07,14.03,14.33,14.6
QV2M,1998,-2.5,39.375,18.05,18.02,17.99,18.6,16.63,14.61,13.32,13.08,13.46,13.09,14.85,15.03,15.54
QV2M,1998,-2.5,40.0,18.73,18.76,18.52,19.42,17.4,15.38,13.96,13.69,14.0,13.85,15.45,15.52,16.2
QV2M,1998,-2.5,40.625,19.34,19.4,18.86,20.04,18.23,16.36,14.99,14.91,15.16,15.27,16.42,16.81,17.13
QV2M,1998,-2.5,41.25,19.61,19.54,19.67,20.73,18.86,17.19,15.86,15.89,16.11,16.43,17.38,18.05,17.93
QV2M,1998,-2.5,41.875,19.64,19.48,19.52,20.61,18.94,17.29,15.82,15.86,16.07,16.42,17.34,17.97,17.9
QV2M,1998,-3.0,34.375,13.97,13.73,12.97,14.36,12.46,10.16,8.3,8.3,8.63,8.43,9.1,9.53,10.81
QV2M,1998,-3.0,35.0,13.6,13.36,13.01,14.13,12.51,10.38,8.72,8.47,8.77,8.31,9.24,9.54,10.82
QV2M,1998,-3.0,35.625,12.86,12.62,12.6,13.54,12.07,10.18,8.88,8.81,8.98,8.51,9.4,9.72,10.67
QV2M,1998,-3.0,36.25,14.02,13.69,13.38,14.69,13.0,10.93,9.36,9.2,9.6,9.03,9.87,10.12,11.39
QV2M,1998,-3.0,36.875,14.15,13.64,13.28,14.5,13.09,11.02,9.73,9.24,9.49,9.02,10.2,10.57,11.48
QV2M,1998,-3.0,37.5,13.47,13.15,13.07,13.93,12.35,10.69,9.49,9.42,9.73,9.25,10.53,11.12,11.34
QV2M,1998,-3.0,38.125,15.83,15.77,15.57,16.25,14.19,12.35,11.16,11.0,11.48,11.04,12.55,13.35,13.36
QV2M,1998,-3.0,38.75,17.3,17.21,17.14,17.57,15.56,13.5,12.32,12.1,12.57,12.12,13.86,14.57,14.63
QV2M,1998,-3.0,39.375,18.16,18.22,18.1,18.56,16.68,14.68,13.37,13.07,13.51,13.14,14.78,15.27,15.61
QV2M,1998,-3.0,40.0,18.84,19.0,18.66,19.52,17.58,15.66,14.28,14.09,14.5,14.31,15.68,16.14,16.5
QV2M,1998,-3.0,40.625,19.54,19.74,19.62,20.6,18.73,17.02,15.8,15.78,16.04,16.2,17.19,17.96,17.84
QV2M,1998,-3.0,41.25,19.6,19.59,19.55,20.62,18.81,17.14,15.81,15.83,16.05,16.32,17.29,18.0,17.87
QV2M,1998,-3.0,41.875,19.64,19.48,19.46,20.57,18.92,17.23,15.77,15.81,16.04,16.39,17.29,17.92,17.86
QV2M,1998,-3.5,34.375,14.53,14.34,13.47,14.82,12.5,9.95,8.3,8.46,8.99,8.54,9.54,9.93,11.09
QV2M,1998,-3.5,35.0,14.14,13.84,13.53,14.73,12.67,10.61,9.09,9.17,9.64,9.22,10.07,10.34,11.4
QV2M,1998,-3.5,35.625,13.68,13.3,13.18,14.41,12.46,10.54,9.16,9.12,9.47,8.96,9.86,10.08,11.17
QV2M,1998,-3.5,36.25,14.22,13.75,13.49,14.68,12.78,10.78,9.33,9.36,9.83,9.33,10.36,10.5,11.52
QV2M,1998,-3.5,36.875,14.75,14.18,13.87,15.06,13.38,11.36,10.15,9.86,10.34,9.85,11.0,10.97,12.05
QV2M,1998,-3.5,37.5,15.08,14.68,14.35,15.7,14.0,11.98,10.78,10.4,10.91,10.42,11.69,11.99,12.65
QV2M,1998,-3.5,38.125,15.59,15.62,15.43,15.97,14.03,12.14,11.09,10.92,11.52,11.1,12.4,13.11,13.23
QV2M,1998,-3.5,38.75,16.89,16.93,16.79,17.18,15.35,13.46,12.36,12.16,12.69,12.3,13.66,14.32,14.49
QV2M,1998,-3.5,39.375,18.08,18.27,18.01,18.39,16.69,14.77,13.46,13.12,13.6,13.23,14.71,15.24,15.61
QV2M,1998,-3.5,40.0,19.23,19.61,19.16,19.98,18.08,16.28,14.98,14.89,15.32,15.14,16.34,16.97,17.15
QV2M,1998,-3.5,40.625,19.55,19.83,19.57,20.55,18.73,17.04,15.85,15.81,16.07,16.17,17.19,18.01,17.85
QV2M,1998,-3.5,41.25,19.61,19.64,19.51,20.57,18.77,17.11,15.77,15.78,16.02,16.25,17.27,18.01,17.85
QV2M,1998,-3.5,41.875,19.64,19.56,19.48,20.54,18.87,17.18,15.71,15.76,15.99,16.33,17.27,17.9,17.84
QV2M,1998,-4.0,34.375,14.68,14.52,13.65,15.02,12.25,9.71,8.15,8.4,9.02,8.56,9.6,10.46,11.14
QV2M,1998,-4.0,35.0,14.07,13.71,13.46,14.57,12.19,10.04,8.53,8.72,9.27,8.8,9.68,10.31,11.09
QV2M,1998,-4.0,35.625,13.97,13.49,13.52,14.46,12.26,10.37,9.01,9.22,9.6,9.05,9.87,10.43,11.25
QV2M,1998,-4.0,36.25,14.37,14.0,13.68,14.73,12.55,10.64,9.32,9.41,9.92,9.36,10.31,10.92,11.58
QV2M,1998,-4.0,36.875,14.77,14.45,14.12,15.08,13.03,11.09,9.99,9.93,10.42,9.86,10.99,11.66,12.1
QV2M,1998,-4.0,37.5,15.44,15.18,14.85,15.83,13.83,11.82,10.75,10.52,11.04,10.54,11.82,12.51,12.83
QV2M,1998,-4.0,38.125,16.1,15.94,15.59,16.43,14.35,12.3,11.3,11.08,11.76,11.39,12.76,13.34,13.51
QV2M,1998,-4.0,38.75,17.11,17.12,16.85,17.46,15.62,13.64,12.54,12.37,12.98,12.59,13.85,14.36,14.69
QV2M,1998,-4.0,39.375,18.27,18.35,17.73,18.53,17.01,15.08,13.73,13.38,13.89,13.52,14.85,15.46,15.8
QV2M,1998,-4.0,40.0,19.49,20.08,19.56,20.29,18.46,16.77,15.6,15.55,15.91,15.84,16.94,17.75,17.67
QV2M,1998,-4.0,40.625,19.59,19.93,19.55,20.49,18.67,17.01,15.79,15.77,16.04,16.09,17.22,18.02,17.83
QV2M,1998,-4.0,41.25,19.62,19.72,19.52,20.54,18.72,17.06,15.71,15.73,15.99,16.15,17.25,18.04,17.82
QV2M,1998,-4.0,41.875,19.6,19.67,19.49,20.51,18.79,17.12,15.65,15.7,15.95,16.23,17.29,17.94,17.81
QV2M,1998,-4.5,34.375,14.19,14.11,13.26,14.67,11.65,9.37,8.07,8.33,8.86,8.24,9.11,10.03,10.8
QV2M,1998,-4.5,35.0,13.77,13.38,13.23,14.37,11.77,9.66,8.32,8.56,9.11,8.54,9.35,9.98,10.82
QV2M,1998,-4.5,35.625,14.02,13.48,13.6,14.45,12.01,10.07,8.78,9.09,9.6,9.07,9.87,10.41,11.19
QV2M,1998,-4.5,36.25,14.56,14.31,13.94,14.89,12.49,10.56,9.29,9.5,10.12,9.63,10.44,10.97,11.71
QV2M,1998,-4.5,36.875,14.79,14.56,14.32,15.15,12.86,10.99,9.96,10.05,10.66,10.13,11.0,11.68,12.16
QV2M,1998,-4.5,37.5,15.57,15.35,15.28,15.96,13.86,11.9,10.91,10.84,11.4,10.85,11.79,12.56,13.01
QV2M,1998,-4.5,38.125,16.16,16.15,16.08,16.43,14.49,12.57,11.6,11.33,11.9,11.48,12.64,13.47,13.67
QV2M,1998,-4.5,38.75,17.58,17.75,17.57,17.83,16.02,14.06,12.91,12.65,13.26,12.91,14.11,14.78,15.1
QV2M,1998,-4.5,39.375,18.95,19.37,18.62,19.28,17.67,15.83,14.52,14.3,14.78,14.5,15.61,16.42,16.63
QV2M,1998,-4.5,40.0,19.6,20.24,19.69,20.3,18.49,16.82,15.68,15.63,15.99,15.98,17.09,18.01,17.78
QV2M,1998,-4.5,40.625,19.61,20.02,19.56,20.43,18.6,16.96,15.73,15.71,16.01,16.02,17.2,18.03,17.81
QV2M,1998,-4.5,41.25,19.62,19.82,19.55,20.48,18.63,16.98,15.67,15.67,15.95,16.03,17.23,18.02,17.79
QV2M,1998,-4.5,41.875,19.58,19.77,19.54,20.48,18.69,17.02,15.6,15.65,15.91,16.12,17.28,17.96,17.79
QV2M,1998,0.5,34.375,13.82,12.61,12.2,14.66,15.17,13.89,13.04,13.45,13.61,14.32,12.74,9.99,13.29
QV2M,1998,0.5,35.0,12.95,11.96,11.78,13.41,13.82,12.88,12.36,12.64,12.37,12.91,12.17,10.46,12.48
QV2M,1998,0.5,35.625,12.89,12.14,11.72,13.0,13.7,12.74,12.66,12.68,12.17,12.77,12.14,10.3,12.41
QV2M,1998,0.5,36.25,12.82,11.83,11.42,12.63,13.24,12.25,12.51,12.25,11.0,11.45,11.09,9.68,11.85
QV2M,1998,0.5,36.875,13.36,12.8,12.42,13.36,13.04,11.76,11.69,11.31,10.27,10.44,11.23,10.09,11.81
QV2M,1998,0.5,37.5,14.65,14.06,13.84,14.57,13.55,11.77,11.15,10.63,10.11,10.17,11.92,10.78,12.25
QV2M,1998,0.5,38.125,16.13,15.63,15.88,16.52,14.76,12.39,11.11,10.67,10.68,10.56,12.85,11.72,13.22
QV2M,1998,0.5,38.75,17.17,16.74,16.98,17.61,15.54,13.06,11.71,11.38,11.51,11.23,13.37,12.2,14.02
QV2M,1998,0.5,39.375,17.88,17.4,17.56,18.19,16.18,13.74,12.38,12.09,12.05,11.81,13.64,12.49,14.6
QV2M,1998,0.5,40.0,18.17,17.58,17.53,18.42,16.58,14.28,12.81,12.46,12.27,12.14,13.85,12.84,14.89
QV2M,1998,0.5,40.625,18.48,17.67,17.5,18.8,16.94,14.55,12.97,12.63,12.36,12.43,14.1,13.24,15.12
QV2M,1998,0.5,41.25,18.46,17.66,17.78,19.3,17.29,15.21,13.5,13.21,12.95,13.13,14.56,13.72,15.55
QV2M,1998,0.5,41.875,18.73,17.79,17.58,19.15,17.42,15.34,13.66,13.45,13.21,13.45,14.71,13.92,15.68
QV2M,1998,1.0,34.375,12.21,11.13,11.1,12.8,13.44,12.48,11.98,12.42,12.36,12.76,11.63,10.07,12.04
QV2M,1998,1.0,35.0,12.36,11.22,10.92,12.29,12.97,12.11,12.06,12.43,11.87,12.21,11.58,9.99,11.84
QV2M,1998,1.0,35.625,12.97,11.5,11.01,12.39,13.51,12.65,13.04,13.26,12.2,12.32,11.4,9.44,12.15
QV2M,1998,1.0,36.25,13.45,12.2,11.68,12.71,12.97,12.14,12.53,12.42,10.9,11.07,11.1,9.58,11.9
QV2M,1998,1.0,36.875,13.71,13.36,13.0,13.68,12.89,11.64,11.53,11.14,10.13,10.19,11.42,10.23,11.9
QV2M,1998,1.0,37.5,15.34,14.88,14.71,15.3,13.93,11.99,11.2,10.66,10.23,10.16,12.16,10.84,12.6
QV2M,1998,1.0,38.125,16.55,15.99,15.76,16.43,14.69,12.31,11.11,10.69,10.71,10.61,12.74,11.38,13.23
QV2M,1998,1.0,38.75,17.35,16.82,16.81,17.52,15.52,13.03,11.71,11.37,11.44,11.18,13.21,11.83,13.96
QV2M,1998,1.0,39.375,17.8,17.26,17.14,17.8,15.99,13.6,12.2,11.9,11.82,11.62,13.47,12.08,14.37
QV2M,1998,1.0,40.0,18.15,17.44,16.91,17.78,16.26,13.91,12.52,12.17,11.95,11.87,13.63,12.35,14.56
QV2M,1998,1.0,40.625,18.33,17.41,16.98,18.23,16.62,14.22,12.67,12.36,12.1,12.22,13.83,12.66,14.78
QV2M,1998,1.0,41.25,18.35,17.33,17.42,18.86,17.04,15.03,13.29,12.96,12.62,12.82,14.16,12.96,15.22
QV2M,1998,1.0,41.875,18.57,17.39,16.97,18.52,17.25,14.94,13.28,13.12,12.86,13.15,14.3,13.22,15.28
QV2M,1998,1.5,34.375,12.21,10.64,9.91,12.4,14.07,13.2,13.09,13.59,13.22,13.55,11.54,9.09,12.22
QV2M,1998,1.5,35.0,12.54,10.91,10.53,12.02,13.27,12.56,12.93,13.29,12.31,12.26,11.37,9.32,11.95
QV2M,1998,1.5,35.625,13.06,11.37,11.08,12.44,13.21,12.59,13.42,13.3,11.63,11.7,11.2,9.37,12.04
QV2M,1998,1.5,36.25,13.45,12.1,11.94,12.97,12.96,12.25,12.49,12.18,10.5,10.47,11.12,9.55,11.83
QV2M,1998,1.5,36.875,14.24,13.56,13.55,14.31,13.26,11.76,11.35,10.89,10.18,10.05,11.62,10.19,12.07
QV2M,1998,1.5,37.5,15.47,14.56,14.65,15.52,14.05,12.06,11.25,10.8,10.37,10.35,12.29,10.74,12.66
QV2M,1998,1.5,38.125,16.57,15.85,15.81,16.79,15.05,12.59,11.34,10.92,10.92,10.79,12.93,11.28,13.38
QV2M,1998,1.5,38.75,17.25,16.66,16.83,17.69,15.71,13.37,11.94,11.44,11.39,11.16,13.55,11.57,14.03
QV2M,1998,1.5,39.375,17.57,17.01,17.11,17.75,15.92,13.55,12.17,11.79,11.59,11.42,13.41,11.73,14.23
QV2M,1998,1.5,40.0,17.72,16.94,16.8,17.66,16.05,13.76,12.31,11.94,11.68,11.64,13.67,11.91,14.32
QV2M,1998,1.5,40.625,17.91,16.87,16.46,17.72,16.25,13.99,12.44,12.16,11.9,12.05,13.63,12.04,14.43
QV2M,1998,1.5,41.25,18.18,17.02,16.37,17.79,16.59,14.46,12.89,12.63,12.29,12.51,13.78,12.21,14.71
QV2M,1998,1.5,41.875,18.2,16.66,15.55,17.49,16.92,14.51,12.88,12.77,12.5,12.85,13.98,12.5,14.72
QV2M,1998,2.0,34.375,12.33,10.63,10.37,12.26,14.24,13.41,13.66,13.86,12.7,13.05,11.03,8.72,12.2
QV2M,1998,2.0,35.0,12.72,11.1,10.79,12.24,13.05,12.44,13.01,12.98,11.63,11.46,10.99,9.02,11.79
QV2M,1998,2.0,35.625,13.32,11.7,11.45,12.75,12.95,12.44,13.05,12.56,10.93,10.75,11.13,9.25,11.86
QV2M,1998,2.0,36.25,13.75,12.3,12.35,13.41,12.96,12.3,12.08,11.46,10.05,10.1,11.38,9.62,11.81
QV2M,1998,2.0,36.875,14.35,13.48,13.59,14.55,13.3,11.76,11.13,10.66,10.18,10.12,11.79,10.11,12.07
QV2M,1998,2.0,37.5,15.95,15.0,14.97,15.98,14.39,12.33,11.26,10.74,10.48,10.46,12.55,10.7,12.88
QV2M,1998,2.0,38.125,16.68,16.17,16.26,17.14,15.32,12.91,11.58,11.03,10.94,10.81,13.15,11.1,13.57
QV2M,1998,2.0,38.75,17.05,16.61,16.83,17.69,15.76,13.4,11.98,11.52,11.3,11.08,13.36,11.31,13.97
QV2M,1998,2.0,39.375,17.18,16.61,16.71,17.49,15.78,13.39,12.03,11.65,11.34,11.23,13.34,11.41,13.99
QV2M,1998,2.0,40.0,17.16,16.26,16.11,17.28,15.82,13.55,12.16,11.79,11.43,11.46,13.55,11.48,13.99
QV2M,1998,2.0,40.625,17.35,15.97,15.26,17.18,16.03,13.67,12.19,11.97,11.67,11.85,13.56,11.29,13.98
QV2M,1998,2.0,41.25,17.72,16.36,15.4,17.27,16.23,14.09,12.56,12.34,11.98,12.22,13.55,11.51,14.25
QV2M,1998,2.0,41.875,17.61,15.64,14.19,16.91,16.79,14.17,12.58,12.48,12.17,12.55,13.73,11.75,14.2
QV2M,1998,2.5,34.375,12.46,10.8,10.9,12.38,13.5,12.94,13.5,13.11,11.21,11.74,10.76,8.73,11.84
QV2M,1998,2.5,35.0,13.16,11.65,11.47,12.84,12.94,12.41,12.93,12.6,11.07,11.09,11.06,9.07,11.86
QV2M,1998,2.5,35.625,13.71,12.27,12.1,13.4,13.01,12.54,12.59,12.15,10.7,10.54,11.34,9.38,11.97
QV2M,1998,2.5,36.25,14.54,13.3,13.47,14.58,13.71,12.91,11.98,11.7,11.05,11.14,12.26,10.54,12.59
QV2M,1998,2.5,36.875,14.91,13.84,14.09,15.18,13.8,12.21,11.26,10.85,10.56,10.56,12.19,10.28,12.47
QV2M,1998,2.5,37.5,16.09,15.03,15.01,16.11,14.42,12.33,11.15,10.7,10.5,10.49,12.5,10.3,12.87
QV2M,1998,2.5,38.125,16.35,15.79,15.74,16.8,15.08,12.74,11.48,10.99,10.81,10.73,12.75,10.57,13.3
QV2M,1998,2.5,38.75,16.7,16.16,16.16,17.33,15.57,13.11,11.73,11.32,11.02,10.9,12.97,10.65,13.61
QV2M,1998,2.5,39.375,16.63,15.85,15.63,17.07,15.68,13.21,11.88,11.48,11.06,11.05,13.01,10.61,13.58
QV2M,1998,2.5,40.0,16.42,15.35,15.07,16.9,15.71,13.36,12.0,11.66,11.18,11.29,13.09,10.55,13.53
QV2M,1998,2.5,40.625,16.6,15.29,14.79,16.83,15.7,13.47,12.01,11.79,11.43,11.66,13.09,10.42,13.57
QV2M,1998,2.5,41.25,17.08,15.55,14.97,16.96,15.9,13.83,12.37,12.13,11.74,12.0,12.93,10.63,13.83
QV2M,1998,2.5,41.875,17.12,15.49,14.41,16.62,16.38,14.02,12.45,12.29,11.93,12.34,13.14,10.91,13.91
QV2M,1998,3.0,34.375,12.88,11.39,11.34,12.85,13.21,12.73,13.33,12.75,10.8,11.42,10.84,8.77,11.86
QV2M,1998,3.0,35.0,13.91,12.19,12.18,13.6,13.28,12.68,12.92,12.3,10.91,10.83,11.38,9.18,12.11
QV2M,1998,3.0,35.625,14.56,13.08,13.02,14.3,13.53,12.95,12.45,11.74,10.72,10.84,11.86,9.71,12.39
QV2M,1998,3.0,36.25,15.78,14.73,14.92,15.89,14.64,13.45,12.31,12.07,11.88,12.07,13.21,11.59,13.53
QV2M,1998,3.0,36.875,15.39,14.25,14.38,15.52,14.01,12.18,11.12,10.71,10.45,10.49,12.12,9.87,12.53
QV2M,1998,3.0,37.5,15.91,14.84,14.97,16.25,14.53,12.36,11.14,10.71,10.46,10.49,12.25,9.72,12.79
QV2M,1998,3.0,38.125,15.88,15.0,15.21,16.66,15.04,12.74,11.48,10.96,10.59,10.61,12.32,9.69,13.0
QV2M,1998,3.0,38.75,15.95,14.86,15.03,16.91,15.48,13.01,11.65,11.14,10.7,10.74,12.41,9.55,13.1
QV2M,1998,3.0,39.375,15.88,14.57,14.3,16.67,15.65,13.06,11.76,11.37,10.8,10.91,12.32,9.51,13.05
QV2M,1998,3.0,40.0,15.74,14.4,13.97,16.54,15.66,13.17,11.83,11.49,10.93,11.17,12.4,9.57,13.06
QV2M,1998,3.0,40.625,15.88,14.26,13.89,16.31,15.4,13.27,11.83,11.58,11.18,11.49,12.36,9.61,13.08
QV2M,1998,3.0,41.25,16.12,14.24,13.77,16.24,15.54,13.52,12.11,11.86,11.43,11.78,12.4,9.87,13.23
QV2M,1998,3.0,41.875,16.31,14.76,13.96,16.03,15.87,13.66,12.2,11.97,11.56,12.05,12.57,10.15,13.41
QV2M,1998,3.5,34.375,13.34,11.61,12.0,13.45,13.18,12.43,13.08,12.36,10.75,11.21,11.22,8.91,11.96
QV2M,1998,3.5,35.0,14.54,12.76,12.93,14.34,13.7,12.9,12.86,12.16,10.79,10.86,11.82,9.33,12.41
QV2M,1998,3.5,35.625,15.23,13.9,13.92,15.11,13.98,13.01,12.26,11.45,10.88,11.09,12.43,10.16,12.78
QV2M,1998,3.5,36.25,15.79,14.93,15.28,16.31,14.96,13.46,12.3,12.06,11.95,12.19,13.3,11.38,13.65
QV2M,1998,3.5,36.875,15.43,14.18,14.39,15.77,14.24,12.27,11.05,10.55,10.23,10.41,11.94,9.09,12.45
QV2M,1998,3.5,37.5,14.94,13.64,14.24,15.79,14.34,12.23,11.1,10.66,10.28,10.43,11.75,8.76,12.33
QV2M,1998,3.5,38.125,14.97,13.57,14.12,16.31,15.12,12.81,11.58,11.07,10.5,10.54,11.71,8.66,12.57
QV2M,1998,3.5,38.75,14.67,12.99,13.18,15.97,15.28,12.85,11.62,11.17,10.57,10.7,11.58,8.44,12.41
QV2M,1998,3.5,39.375,14.75,13.34,13.06,15.85,15.26,12.86,11.63,11.28,10.65,10.89,11.68,8.58,12.48
QV2M,1998,3.5,40.0,15.1,13.58,12.93,15.99,15.42,12.9,11.6,11.28,10.66,11.04,11.86,8.73,12.58
QV2M,1998,3.5,40.625,15.12,13.41,12.85,15.83,15.21,12.97,11.54,11.31,10.85,11.3,11.99,8.9,12.6
QV2M,1998,3.5,41.25,15.64,13.88,13.42,15.88,15.27,13.22,11.86,11.59,11.12,11.59,12.08,9.3,12.89
QV2M,1998,3.5,41.875,16.01,13.95,13.23,15.61,15.58,13.36,11.96,11.69,11.26,11.85,12.24,9.57,13.02
QV2M,1998,4.0,34.375,14.12,12.38,12.68,14.37,14.05,13.27,13.6,12.57,10.64,11.85,11.81,8.87,12.52
QV2M,1998,4.0,35.0,15.04,13.44,13.53,15.08,14.35,13.36,13.01,12.08,10.69,11.19,12.28,9.41,12.78
QV2M,1998,4.0,35.625,15.38,14.18,14.47,15.66,14.41,13.09,12.27,11.54,10.93,11.31,12.64,10.17,12.99
QV2M,1998,4.0,36.25,15.72,14.79,15.37,16.58,15.38,13.71,12.47,12.22,12.17,12.49,13.33,11.13,13.77
QV2M,1998,4.0,36.875,14.75,13.46,13.79,15.49,14.37,12.31,11.22,10.55,10.07,10.5,11.49,8.23,12.17
QV2M,1998,4.0,37.5,14.12,12.71,12.86,15.13,14.38,12.26,11.16,10.6,10.07,10.43,11.08,7.73,11.87
QV2M,1998,4.0,38.125,13.5,12.26,12.22,14.73,14.42,12.36,11.32,10.87,10.24,10.53,10.9,7.62,11.74
QV2M,1998,4.0,38.75,13.39,12.24,12.2,14.49,14.22,12.24,11.24,10.8,10.12,10.5,11.02,7.69,11.67
QV2M,1998,4.0,39.375,14.06,12.78,12.62,15.06,14.73,12.52,11.37,10.92,10.22,10.71,11.49,7.99,12.03
QV2M,1998,4.0,40.0,14.45,12.91,12.42,15.35,15.06,12.68,11.4,10.98,10.37,10.92,11.56,8.1,12.17
QV2M,1998,4.0,40.625,14.71,13.11,12.4,15.38,14.99,12.64,11.28,11.02,10.5,11.11,11.74,8.39,12.26
QV2M,1998,4.0,41.25,15.53,13.93,13.09,15.53,15.17,12.93,11.55,11.26,10.77,11.41,11.94,8.77,12.64
QV2M,1998,4.0,41.875,15.99,13.76,12.82,15.31,15.43,13.12,11.73,11.42,10.98,11.73,12.18,9.0,12.78
QV2M,1998,4.5,34.375,14.35,12.45,13.34,15.34,14.79,13.86,13.98,12.52,10.65,12.58,12.2,8.75,12.9
QV2M,1998,4.5,35.0,15.49,14.14,14.22,15.81,15.08,13.78,13.22,12.01,10.68,11.69,12.48,9.31,13.15
QV2M,1998,4.5,35.625,15.46,14.21,14.57,15.86,14.81,13.23,12.42,11.75,10.73,11.44,12.46,9.61,13.04
QV2M,1998,4.5,36.25,15.1,13.98,14.17,15.79,15.11,13.14,12.1,11.37,10.84,11.77,12.17,9.14,12.88
QV2M,1998,4.5,36.875,14.29,13.42,13.46,15.3,14.8,12.79,11.79,11.16,10.46,11.46,11.53,8.15,12.37
QV2M,1998,4.5,37.5,13.24,12.4,11.86,14.18,14.29,12.32,11.29,10.54,9.85,11.04,10.51,6.97,11.53
QV2M,1998,4.5,38.125,12.86,11.98,11.66,13.66,13.66,11.87,11.03,10.5,9.8,10.58,10.31,7.05,11.24
QV2M,1998,4.5,38.75,13.26,12.18,11.88,14.04,13.97,12.03,11.12,10.58,9.85,10.62,10.67,7.25,11.45
QV2M,1998,4.5,39.375,13.64,12.08,11.74,14.35,14.42,12.23,11.16,10.65,9.96,10.7,10.83,7.41,11.59
QV2M,1998,4.5,40.0,13.57,11.88,11.54,14.25,14.27,12.19,11.1,10.69,10.08,10.82,10.8,7.61,11.56
QV2M,1998,4.5,40.625,14.38,12.59,12.02,14.67,14.63,12.35,11.09,10.75,10.23,11.06,11.16,7.9,11.89
QV2M,1998,4.5,41.25,14.75,13.27,12.41,14.91,14.94,12.65,11.37,10.99,10.45,11.3,11.46,8.28,12.22
QV2M,1998,4.5,41.875,15.59,13.08,12.14,14.9,15.45,12.97,11.52,11.18,10.75,11.71,11.99,8.51,12.48
QV2M,1999,-0.5,34.375,11.79,9.06,14.04,14.25,13.15,11.64,10.87,11.72,10.91,12.32,13.13,13.02,12.18
QV2M,1999,-0.5,35.0,9.91,7.08,12.37,12.77,11.76,10.46,9.88,10.55,10.08,10.84,11.86,11.64,10.79
QV2M,1999,-0.5,35.625,9.13,7.34,10.49,11.03,10.42,9.34,9.07,9.53,8.99,9.04,10.54,10.28,9.61
QV2M,1999,-0.5,36.25,8.9,7.53,10.41,11.04,10.35,9.12,9.05,9.42,8.85,8.91,10.75,10.54,9.59
QV2M,1999,-0.5,36.875,9.59,8.35,11.04,11.66,10.87,9.38,9.26,9.47,9.01,9.14,11.42,11.33,10.05
QV2M,1999,-0.5,37.5,10.42,9.42,12.31,12.89,11.93,10.21,9.92,10.0,9.78,9.85,12.88,12.94,11.05
QV2M,1999,-0.5,38.125,10.98,10.42,13.6,13.66,12.52,10.75,10.17,10.11,10.2,10.34,14.17,14.39,11.78
QV2M,1999,-0.5,38.75,11.83,11.43,14.37,14.5,13.62,11.75,10.94,11.01,11.22,11.29,15.09,15.17,12.69
QV2M,1999,-0.5,39.375,12.37,12.1,14.63,15.27,14.73,12.74,11.8,12.01,12.14,12.03,15.37,15.18,13.37
QV2M,1999,-0.5,40.0,12.86,12.69,14.76,15.59,15.27,13.34,12.36,12.52,12.61,12.45,15.46,15.36,13.78
QV2M,1999,-0.5,40.625,13.23,13.21,14.25,15.57,15.66,13.83,12.7,12.96,12.87,12.72,15.48,15.45,14.0
QV2M,1999,-0.5,41.25,13.75,13.76,14.59,15.92,15.98,14.11,12.96,13.27,13.29,13.19,15.73,15.71,14.36
QV2M,1999,-0.5,41.875,14.6,14.57,15.39,16.35,16.35,14.57,13.59,13.89,14.02,13.92,15.97,16.02,14.94
QV2M,1999,-1.0,34.375,12.32,8.91,13.97,13.71,12.24,10.54,9.73,10.57,9.7,11.11,12.86,12.97,11.57
QV2M,1999,-1.0,35.0,10.07,7.37,12.31,12.41,11.25,9.86,9.22,9.82,9.05,9.23,11.29,11.5,10.3
QV2M,1999,-1.0,35.625,8.78,6.88,11.07,11.71,10.85,9.41,8.98,9.51,8.77,8.54,10.72,10.87,9.69
QV2M,1999,-1.0,36.25,8.88,7.76,10.87,11.62,10.82,9.35,9.03,9.43,8.87,8.87,11.02,11.18,9.82
QV2M,1999,-1.0,36.875,9.67,8.77,11.62,12.18,11.16,9.46,9.11,9.39,8.97,9.05,11.98,12.35,10.32
QV2M,1999,-1.0,37.5,10.73,9.88,12.83,13.32,12.19,10.39,9.94,10.07,9.9,9.88,13.17,13.49,11.32
QV2M,1999,-1.0,38.125,11.14,10.63,13.51,13.67,12.59,10.82,10.2,10.2,10.35,10.33,13.98,13.99,11.79
QV2M,1999,-1.0,38.75,12.12,11.72,14.64,14.74,13.81,11.88,11.05,11.16,11.43,11.4,15.3,15.27,12.88
QV2M,1999,-1.0,39.375,12.68,12.38,14.87,15.57,14.96,12.89,11.93,12.15,12.35,12.2,15.73,15.27,13.59
QV2M,1999,-1.0,40.0,13.22,13.06,15.16,15.9,15.54,13.53,12.53,12.73,12.87,12.68,15.84,15.7,14.07
QV2M,1999,-1.0,40.625,13.7,13.66,14.58,15.88,15.93,14.06,12.92,13.22,13.17,12.95,15.7,15.69,14.29
QV2M,1999,-1.0,41.25,14.33,14.31,15.04,16.23,16.17,14.37,13.22,13.55,13.6,13.41,15.98,15.93,14.68
QV2M,1999,-1.0,41.875,15.92,15.91,16.61,17.31,17.02,15.38,14.39,14.62,14.9,14.76,16.83,16.85,15.87
QV2M,1999,-1.5,34.375,12.23,8.74,13.78,13.28,11.48,9.48,8.8,9.71,9.02,9.98,12.32,12.69,10.98
QV2M,1999,-1.5,35.0,10.42,7.74,12.67,12.77,11.28,9.33,8.6,9.27,8.57,8.47,11.25,11.9,10.21
QV2M,1999,-1.5,35.625,9.03,7.6,11.54,12.19,11.13,9.47,8.74,9.21,8.63,8.43,10.99,11.41,9.88
QV2M,1999,-1.5,36.25,9.23,8.28,11.66,12.51,11.42,9.53,9.18,9.48,8.91,8.82,11.69,12.05,10.24
QV2M,1999,-1.5,36.875,9.75,8.96,11.73,12.25,11.09,9.25,8.97,9.27,8.92,8.87,11.88,12.42,10.29
QV2M,1999,-1.5,37.5,10.62,9.92,12.59,13.01,11.83,10.01,9.55,9.74,9.66,9.51,12.75,13.28,11.04
QV2M,1999,-1.5,38.125,11.87,11.21,13.68,13.93,12.77,10.97,10.32,10.38,10.55,10.38,13.9,14.21,12.02
QV2M,1999,-1.5,38.75,12.46,12.08,14.86,15.04,13.99,12.02,11.19,11.3,11.61,11.41,15.13,15.18,13.03
QV2M,1999,-1.5,39.375,13.06,12.73,15.4,15.89,15.13,13.05,12.09,12.28,12.53,12.35,15.79,15.55,13.82
QV2M,1999,-1.5,40.0,13.58,13.4,15.28,16.21,15.9,13.82,12.75,12.99,13.15,12.92,15.97,15.77,14.31
QV2M,1999,-1.5,40.625,14.11,14.01,14.9,16.18,16.2,14.33,13.18,13.52,13.52,13.25,15.84,15.74,14.57
QV2M,1999,-1.5,41.25,14.87,14.79,15.47,16.59,16.44,14.68,13.55,13.86,13.98,13.74,16.2,16.13,15.02
QV2M,1999,-1.5,41.875,17.06,17.09,17.76,18.22,17.69,16.22,15.24,15.34,15.77,15.61,17.65,17.66,16.77
QV2M,1999,-1.7975103014118005e-13,34.375,11.47,8.91,13.94,14.33,13.81,12.6,12.02,12.56,12.37,13.21,13.33,12.85,12.64
QV2M,1999,-1.7975103014118005e-13,35.0,10.39,8.11,12.49,13.07,12.68,11.79,11.27,11.78,11.63,12.18,12.38,11.78,11.65
QV2M,1999,-1.7975103014118005e-13,35.625,9.63,7.9,10.84,11.43,11.08,10.34,10.01,10.41,10.0,10.38,11.01,10.53,10.31
QV2M,1999,-1.7975103014118005e-13,36.25,8.63,7.35,10.39,10.97,10.28,9.33,9.68,9.86,9.27,9.53,10.83,10.5,9.73
QV2M,1999,-1.7975103014118005e-13,36.875,9.18,7.99,10.67,11.24,10.51,9.21,9.47,9.49,8.95,9.18,10.99,10.94,9.83
QV2M,1999,-1.7975103014118005e-13,37.5,9.86,9.03,11.45,11.89,10.99,9.48,9.35,9.28,9.01,9.34,11.8,11.91,10.29
QV2M,1999,-1.7975103014118005e-13,38.125,10.89,10.29,13.5,13.71,12.56,10.73,10.18,10.04,10.07,10.35,14.12,14.36,11.74
QV2M,1999,-1.7975103014118005e-13,38.75,11.5,11.13,14.18,14.51,13.69,11.76,10.91,10.94,11.09,11.22,14.77,14.82,12.55
QV2M,1999,-1.7975103014118005e-13,39.375,11.91,11.73,14.39,15.06,14.61,12.67,11.71,11.86,11.92,11.89,14.91,14.81,13.13
QV2M,1999,-1.7975103014118005e-13,40.0,12.39,12.26,14.36,15.2,15.03,13.21,12.26,12.35,12.35,12.27,14.99,14.85,13.46
QV2M,1999,-1.7975103014118005e-13,40.625,12.74,12.72,14.03,15.23,15.37,13.59,12.57,12.69,12.59,12.59,15.14,15.05,13.7
QV2M,1999,-1.7975103014118005e-13,41.25,13.24,13.24,14.38,15.59,15.73,13.86,12.83,13.0,13.02,13.08,15.38,15.35,14.06
QV2M,1999,-1.7975103014118005e-13,41.875,13.72,13.72,14.92,15.85,16.04,14.19,13.26,13.45,13.52,13.57,15.54,15.58,14.45
QV2M,1999,-2.0,34.375,12.14,8.64,13.88,13.2,11.05,9.12,8.34,9.11,8.39,8.8,11.89,12.63,10.61
QV2M,1999,-2.0,35.0,10.49,8.05,12.76,12.92,11.3,9.2,8.47,8.94,8.32,8.1,11.31,12.07,10.18
QV2M,1999,-2.0,35.625,9.62,8.2,11.99,12.56,11.38,9.62,8.82,9.12,8.67,8.45,11.29,11.8,10.14
QV2M,1999,-2.0,36.25,9.81,8.96,12.2,12.88,11.63,9.68,9.24,9.43,9.06,8.94,11.99,12.33,10.52
QV2M,1999,-2.0,36.875,9.84,9.14,11.95,12.49,11.23,9.33,8.93,9.27,9.0,8.86,11.91,12.38,10.37
QV2M,1999,-2.0,37.5,10.88,10.25,12.91,13.22,11.9,9.99,9.54,9.73,9.68,9.44,12.78,13.26,11.14
QV2M,1999,-2.0,38.125,12.13,11.59,13.88,14.09,12.85,10.98,10.33,10.42,10.63,10.34,13.84,14.15,12.1
QV2M,1999,-2.0,38.75,12.96,12.56,15.17,15.34,14.22,12.18,11.32,11.44,11.78,11.52,15.08,15.17,13.23
QV2M,1999,-2.0,39.375,13.59,13.3,15.81,16.19,15.38,13.34,12.3,12.47,12.75,12.51,15.78,15.69,14.09
QV2M,1999,-2.0,40.0,14.11,13.96,15.84,16.6,16.16,14.08,13.0,13.21,13.44,13.2,16.17,15.93,14.64
QV2M,1999,-2.0,40.625,14.91,14.84,15.72,16.78,16.7,14.85,13.7,13.98,14.12,13.85,16.25,16.06,15.15
QV2M,1999,-2.0,41.25,16.53,16.5,17.21,17.72,17.1,15.58,14.66,14.78,15.17,15.0,17.09,17.02,16.19
QV2M,1999,-2.0,41.875,17.7,17.66,18.36,18.74,18.03,16.69,15.73,15.73,16.22,16.07,18.07,18.2,17.26
QV2M,1999,-2.5,34.375,11.75,9.01,13.63,13.03,11.16,9.01,8.3,8.62,7.84,7.76,11.27,12.3,10.32
QV2M,1999,-2.5,35.0,10.55,8.5,12.73,12.87,11.38,9.33,8.39,8.68,8.01,7.74,11.2,12.17,10.14
QV2M,1999,-2.5,35.625,10.31,8.71,12.83,13.19,11.77,9.76,8.77,9.01,8.48,8.21,11.71,12.54,10.45
QV2M,1999,-2.5,36.25,10.11,9.27,12.51,13.14,11.99,9.96,9.38,9.36,8.88,8.56,11.99,12.39,10.64
QV2M,1999,-2.5,36.875,10.46,9.71,12.58,13.14,11.96,9.59,8.93,9.05,8.75,8.6,12.14,12.7,10.64
QV2M,1999,-2.5,37.5,11.21,10.53,13.09,13.34,12.13,10.02,9.33,9.52,9.44,9.11,12.65,13.19,11.13
QV2M,1999,-2.5,38.125,12.49,11.85,14.06,14.22,12.92,10.95,10.33,10.4,10.6,10.25,13.74,14.08,12.16
QV2M,1999,-2.5,38.75,13.48,13.08,15.29,15.54,14.44,12.29,11.43,11.53,11.87,11.58,14.99,15.12,13.39
QV2M,1999,-2.5,39.375,14.22,13.98,15.94,16.44,15.7,13.7,12.56,12.67,12.99,12.66,15.74,15.73,14.36
QV2M,1999,-2.5,40.0,15.05,14.9,16.33,16.99,16.56,14.59,13.43,13.54,13.87,13.63,16.34,16.11,15.11
QV2M,1999,-2.5,40.625,16.56,16.5,17.34,17.92,17.55,15.84,14.75,14.83,15.22,15.01,17.12,17.06,16.3
QV2M,1999,-2.5,41.25,17.88,17.77,18.59,18.83,18.01,16.63,15.7,15.65,16.14,16.04,18.06,18.26,17.29
QV2M,1999,-2.5,41.875,17.79,17.67,18.34,18.74,18.02,16.67,15.69,15.68,16.17,16.0,18.03,18.25,17.25
QV2M,1999,-3.0,34.375,11.84,9.47,13.6,13.14,11.41,9.17,8.55,8.72,7.99,7.59,10.81,11.9,10.36
QV2M,1999,-3.0,35.0,10.75,8.65,12.87,13.07,11.8,9.64,8.83,8.83,8.2,7.76,10.83,11.86,10.27
QV2M,1999,-3.0,35.625,9.94,8.41,11.94,12.33,11.43,9.7,8.98,9.14,8.46,7.97,10.76,11.51,10.06
QV2M,1999,-3.0,36.25,10.18,8.69,12.86,13.55,12.49,10.37,9.54,9.44,9.04,8.5,11.61,12.41,10.74
QV2M,1999,-3.0,36.875,10.2,9.13,12.47,13.23,12.52,10.51,9.75,9.5,9.0,8.51,11.53,12.24,10.73
QV2M,1999,-3.0,37.5,10.62,9.91,12.05,12.43,11.7,9.96,9.31,9.36,9.14,8.6,11.44,11.88,10.54
QV2M,1999,-3.0,38.125,12.76,12.07,14.01,14.17,12.97,11.12,10.48,10.52,10.7,10.27,13.49,13.72,12.19
QV2M,1999,-3.0,38.75,13.83,13.47,15.29,15.69,14.62,12.43,11.59,11.63,11.98,11.65,14.95,15.07,13.51
QV2M,1999,-3.0,39.375,14.76,14.49,16.05,16.68,16.02,14.0,12.81,12.87,13.25,12.87,15.8,15.71,14.61
QV2M,1999,-3.0,40.0,15.97,15.77,16.88,17.47,16.93,15.03,13.92,13.96,14.36,14.12,16.68,16.5,15.63
QV2M,1999,-3.0,40.625,17.91,17.78,18.59,18.75,17.97,16.5,15.59,15.5,16.02,15.88,17.86,18.09,17.2
QV2M,1999,-3.0,41.25,17.99,17.84,18.55,18.79,17.98,16.58,15.66,15.59,16.07,15.94,17.96,18.24,17.26
QV2M,1999,-3.0,41.875,17.96,17.75,18.41,18.77,18.0,16.63,15.67,15.62,16.1,15.93,18.03,18.28,17.26
QV2M,1999,-3.5,34.375,12.62,10.27,14.03,13.45,11.61,9.29,8.67,8.99,8.42,7.95,11.03,12.06,10.7
QV2M,1999,-3.5,35.0,11.57,9.7,13.51,13.55,12.17,10.04,9.36,9.54,9.1,8.69,11.44,12.11,10.91
QV2M,1999,-3.5,35.625,10.46,8.76,12.9,13.18,12.13,10.1,9.48,9.6,8.98,8.45,11.32,11.82,10.61
QV2M,1999,-3.5,36.25,10.43,9.25,13.14,13.61,12.62,10.46,9.72,9.66,9.29,8.83,11.73,12.1,10.91
QV2M,1999,-3.5,36.875,10.64,9.76,13.35,13.94,13.21,11.17,10.32,10.22,9.85,9.32,12.26,12.57,11.39
QV2M,1999,-3.5,37.5,11.42,10.73,13.69,14.36,13.57,11.46,10.75,10.56,10.4,9.88,12.82,12.87,11.88
QV2M,1999,-3.5,38.125,12.65,12.12,13.99,14.32,13.19,11.29,10.67,10.72,10.95,10.52,13.34,13.38,12.26
QV2M,1999,-3.5,38.75,13.93,13.55,15.23,15.62,14.61,12.55,11.8,11.84,12.2,11.79,14.6,14.58,13.52
QV2M,1999,-3.5,39.375,14.97,14.82,16.19,16.82,16.18,14.16,12.98,13.0,13.41,12.99,15.75,15.65,14.74
QV2M,1999,-3.5,40.0,16.98,16.83,17.86,18.24,17.47,15.69,14.69,14.69,15.16,14.95,17.3,17.25,16.42
QV2M,1999,-3.5,40.625,18.12,17.97,18.69,18.78,17.94,16.49,15.62,15.52,16.02,15.86,17.9,18.11,17.25
QV2M,1999,-3.5,41.25,18.14,17.99,18.63,18.8,17.96,16.54,15.64,15.55,16.02,15.87,17.97,18.23,17.27
QV2M,1999,-3.5,41.875,18.12,17.9,18.52,18.78,17.97,16.57,15.66,15.57,16.04,15.86,18.01,18.25,17.26
QV2M,1999,-4.0,34.375,12.88,10.6,14.06,13.3,11.34,9.09,8.62,9.0,8.43,7.95,10.76,11.78,10.65
QV2M,1999,-4.0,35.0,11.55,9.48,13.36,13.1,11.6,9.5,8.95,9.26,8.76,8.25,10.85,11.57,10.53
QV2M,1999,-4.0,35.625,10.76,9.2,13.03,13.09,11.94,9.94,9.42,9.68,9.23,8.58,11.1,11.64,10.64
QV2M,1999,-4.0,36.25,10.92,9.77,13.39,13.59,12.43,10.29,9.74,9.8,9.43,8.89,11.56,11.87,10.98
QV2M,1999,-4.0,36.875,11.55,10.65,13.64,13.85,12.86,10.82,10.18,10.25,9.99,9.41,12.2,12.38,11.49
QV2M,1999,-4.0,37.5,12.24,11.59,14.25,14.48,13.44,11.26,10.73,10.64,10.59,10.11,12.99,13.02,12.11
QV2M,1999,-4.0,38.125,12.99,12.61,14.78,14.97,13.72,11.61,11.03,11.03,11.26,10.93,13.87,13.76,12.71
QV2M,1999,-4.0,38.75,14.11,13.87,15.67,16.17,15.1,12.92,12.19,12.25,12.6,12.19,14.98,14.84,13.9
QV2M,1999,-4.0,39.375,15.38,15.28,16.47,17.26,16.59,14.49,13.33,13.3,13.71,13.26,15.96,15.79,15.06
QV2M,1999,-4.0,40.0,17.95,17.85,18.59,18.7,17.83,16.24,15.33,15.25,15.75,15.57,17.7,17.87,17.05
QV2M,1999,-4.0,40.625,18.26,18.14,18.75,18.84,17.92,16.48,15.59,15.49,15.97,15.8,17.91,18.1,17.26
QV2M,1999,-4.0,41.25,18.26,18.15,18.71,18.84,17.96,16.5,15.62,15.52,15.97,15.8,18.0,18.22,17.29
QV2M,1999,-4.0,41.875,18.18,18.07,18.65,18.78,17.94,16.5,15.63,15.52,15.99,15.8,18.01,18.2,17.27
QV2M,1999,-4.5,34.375,12.34,9.78,13.62,12.74,10.67,8.71,8.52,8.85,8.18,7.63,10.14,10.91,10.18
QV2M,1999,-4.5,35.0,11.25,9.21,13.15,12.77,11.12,9.05,8.73,9.1,8.53,7.97,10.45,10.95,10.2
QV2M,1999,-4.5,35.625,10.85,9.35,13.14,13.05,11.67,9.63,9.2,9.58,9.19,8.61,11.01,11.3,10.56
QV2M,1999,-4.5,36.25,11.3,10.02,13.79,13.69,12.23,10.07,9.7,9.9,9.63,9.14,11.61,11.68,11.07
QV2M,1999,-4.5,36.875,11.81,10.84,13.86,13.84,12.61,10.49,10.12,10.3,10.19,9.71,12.12,12.14,11.51
QV2M,1999,-4.5,37.5,12.56,11.82,14.51,14.55,13.43,11.3,10.91,10.94,10.99,10.46,12.94,12.91,12.28
QV2M,1999,-4.5,38.125,13.31,12.84,14.94,14.89,13.82,11.84,11.35,11.31,11.5,11.08,13.63,13.76,12.85
QV2M,1999,-4.5,38.75,14.67,14.38,16.22,16.47,15.43,13.23,12.62,12.59,12.93,12.54,15.22,15.23,14.29
QV2M,1999,-4.5,39.375,16.57,16.39,17.54,18.02,17.18,15.2,14.25,14.14,14.57,14.2,16.64,16.62,15.94
QV2M,1999,-4.5,40.0,18.33,18.18,18.89,18.77,17.89,16.32,15.45,15.33,15.84,15.64,17.76,18.04,17.2
QV2M,1999,-4.5,40.625,18.36,18.22,18.89,18.89,17.92,16.43,15.55,15.46,15.93,15.73,17.88,18.13,17.27
QV2M,1999,-4.5,41.25,18.37,18.26,18.82,18.87,17.96,16.45,15.6,15.49,15.93,15.73,17.95,18.23,17.3
QV2M,1999,-4.5,41.875,18.25,18.2,18.73,18.8,17.91,16.44,15.59,15.48,15.94,15.72,17.97,18.15,17.26
QV2M,1999,0.5,34.375,10.51,7.37,13.09,13.59,14.18,13.44,12.98,13.5,13.18,13.84,13.23,12.28,12.63
QV2M,1999,0.5,35.0,9.89,7.72,11.64,12.28,12.59,12.01,11.78,12.14,11.97,12.45,12.18,11.4,11.53
QV2M,1999,0.5,35.625,9.31,7.69,11.18,11.97,12.29,11.55,11.53,11.63,10.9,11.67,11.55,10.87,11.03
QV2M,1999,0.5,36.25,8.88,7.9,10.82,11.38,10.72,9.98,10.78,10.74,9.85,10.36,11.28,10.98,10.32
QV2M,1999,0.5,36.875,9.26,8.44,11.24,11.58,10.47,9.17,10.09,9.96,9.05,9.49,11.54,11.62,10.17
QV2M,1999,0.5,37.5,9.76,9.13,12.1,12.32,11.28,9.65,9.69,9.47,9.1,9.55,12.39,12.49,10.59
QV2M,1999,0.5,38.125,10.48,10.02,13.25,13.6,12.69,10.86,10.23,10.04,10.06,10.34,13.52,13.63,11.57
QV2M,1999,0.5,38.75,11.05,10.8,14.1,14.54,13.8,11.83,10.89,10.89,10.98,11.14,14.18,14.24,12.38
QV2M,1999,0.5,39.375,11.45,11.34,14.47,15.09,14.64,12.61,11.61,11.71,11.7,11.75,14.51,14.64,12.97
QV2M,1999,0.5,40.0,11.83,11.79,14.27,15.01,14.93,13.08,12.11,12.14,12.08,12.15,14.63,14.66,13.23
QV2M,1999,0.5,40.625,12.25,12.24,13.96,14.9,15.05,13.35,12.43,12.43,12.32,12.54,14.82,14.72,13.42
QV2M,1999,0.5,41.25,12.72,12.72,14.27,15.23,15.35,13.62,12.72,12.78,12.79,13.02,15.05,14.88,13.77
QV2M,1999,0.5,41.875,13.07,13.12,14.75,15.53,15.78,13.96,13.15,13.17,13.23,13.49,15.31,15.15,14.15
QV2M,1999,1.0,34.375,9.71,7.21,11.24,11.64,12.32,11.9,11.87,12.2,11.97,12.23,11.73,11.12,11.29
QV2M,1999,1.0,35.0,9.17,7.44,10.71,11.29,11.89,11.39,11.51,11.66,11.37,11.77,11.65,11.04,10.93
QV2M,1999,1.0,35.625,8.58,7.32,10.82,11.61,12.4,11.54,11.95,11.67,10.77,11.46,11.31,10.7,10.87
QV2M,1999,1.0,36.25,8.78,7.9,10.99,11.56,10.84,9.76,11.13,10.86,9.76,10.2,11.26,11.18,10.37
QV2M,1999,1.0,36.875,9.39,8.63,11.57,11.91,11.04,9.53,10.13,9.78,9.28,9.61,11.73,11.79,10.38
QV2M,1999,1.0,37.5,9.8,9.25,12.59,12.84,11.98,10.27,10.08,9.79,9.52,9.89,12.73,12.81,10.97
QV2M,1999,1.0,38.125,10.22,9.91,13.34,13.63,12.86,11.04,10.32,10.11,10.12,10.42,13.43,13.4,11.57
QV2M,1999,1.0,38.75,10.7,10.53,14.12,14.52,13.87,11.89,10.91,10.9,10.93,11.13,14.04,14.06,12.31
QV2M,1999,1.0,39.375,11.0,10.93,14.46,15.03,14.59,12.5,11.49,11.57,11.51,11.66,14.34,14.52,12.81
QV2M,1999,1.0,40.0,11.31,11.32,14.15,14.76,14.71,12.9,11.93,11.94,11.83,12.07,14.41,14.58,13.0
QV2M,1999,1.0,40.625,11.64,11.71,13.85,14.65,14.78,13.12,12.26,12.22,12.08,12.48,14.64,14.54,13.17
QV2M,1999,1.0,41.25,12.0,12.06,14.1,14.95,15.11,13.42,12.59,12.58,12.54,12.95,14.9,14.59,13.49
QV2M,1999,1.0,41.875,12.36,12.44,14.55,15.17,15.51,13.76,12.99,12.91,12.96,13.35,15.09,14.76,13.83
QV2M,1999,1.5,34.375,8.63,6.61,10.84,11.3,13.28,12.68,13.13,13.28,12.81,13.22,11.69,10.61,11.54
QV2M,1999,1.5,35.0,8.5,7.05,10.79,11.37,12.55,11.93,12.46,12.34,11.57,12.15,11.5,10.64,11.1
QV2M,1999,1.5,35.625,8.52,7.55,11.08,11.75,12.28,11.29,12.14,11.54,10.61,11.42,11.35,10.75,10.88
QV2M,1999,1.5,36.25,8.82,8.07,11.43,11.73,11.13,9.73,11.31,10.59,9.44,10.14,11.41,11.19,10.43
QV2M,1999,1.5,36.875,9.31,8.7,12.01,12.33,11.56,9.99,10.22,9.76,9.33,9.73,12.05,12.02,10.6
QV2M,1999,1.5,37.5,9.76,9.31,12.87,13.09,12.27,10.63,10.37,10.03,9.74,10.16,12.88,12.8,11.17
QV2M,1999,1.5,38.125,10.09,9.86,13.63,13.86,13.12,11.3,10.52,10.29,10.25,10.63,13.64,13.51,11.73
QV2M,1999,1.5,38.75,10.33,10.26,14.37,14.73,14.0,11.89,10.94,10.94,10.92,11.21,14.23,14.23,12.35
QV2M,1999,1.5,39.375,10.47,10.52,14.22,14.8,14.45,12.46,11.43,11.46,11.31,11.63,14.13,14.15,12.6
QV2M,1999,1.5,40.0,10.7,10.8,14.46,14.97,14.64,12.75,11.75,11.75,11.59,11.96,14.34,14.33,12.85
QV2M,1999,1.5,40.625,10.96,11.09,13.82,14.47,14.56,12.91,12.1,12.03,11.87,12.39,14.47,14.21,12.92
QV2M,1999,1.5,41.25,11.25,11.37,13.86,14.58,14.78,13.21,12.4,12.37,12.31,12.78,14.54,14.04,13.13
QV2M,1999,1.5,41.875,11.6,11.7,14.35,14.79,15.28,13.51,12.8,12.66,12.68,13.21,14.95,14.43,13.51
QV2M,1999,2.0,34.375,8.32,7.14,10.88,11.24,13.42,12.51,13.42,13.4,12.48,13.05,11.32,10.42,11.5
QV2M,1999,2.0,35.0,8.32,7.43,10.98,11.36,12.43,11.47,12.44,12.0,11.03,11.63,11.23,10.62,10.94
QV2M,1999,2.0,35.625,8.55,7.85,11.39,11.81,12.14,10.75,11.77,10.92,9.93,10.93,11.26,10.85,10.7
QV2M,1999,2.0,36.25,8.87,8.3,11.93,12.03,11.42,9.89,11.04,10.08,9.37,10.04,11.64,11.37,10.51
QV2M,1999,2.0,36.875,9.26,8.82,12.28,12.67,11.85,10.34,10.25,9.79,9.5,9.95,12.25,12.07,10.76
QV2M,1999,2.0,37.5,9.62,9.33,13.33,13.63,12.71,10.95,10.41,10.06,9.88,10.38,13.1,12.93,11.37
QV2M,1999,2.0,38.125,9.66,9.6,13.9,14.32,13.46,11.47,10.61,10.42,10.36,10.8,13.68,13.45,11.82
QV2M,1999,2.0,38.75,9.72,9.79,14.17,14.74,14.05,12.0,11.01,10.94,10.84,11.22,13.91,13.58,12.18
QV2M,1999,2.0,39.375,9.73,9.91,14.05,14.75,14.32,12.39,11.36,11.32,11.1,11.6,13.91,13.59,12.35
QV2M,1999,2.0,40.0,9.9,10.08,14.19,14.84,14.47,12.61,11.67,11.58,11.36,11.92,14.11,13.78,12.56
QV2M,1999,2.0,40.625,10.16,10.33,13.87,14.34,14.38,12.66,11.99,11.85,11.64,12.33,14.53,14.03,12.69
QV2M,1999,2.0,41.25,10.44,10.6,13.8,14.3,14.56,12.94,12.26,12.14,12.03,12.64,14.56,13.92,12.86
QV2M,1999,2.0,41.875,10.75,10.92,14.19,14.46,15.16,13.36,12.59,12.38,12.38,13.11,15.04,14.18,13.22
QV2M,1999,2.5,34.375,8.14,7.44,11.09,11.4,12.72,11.47,13.02,12.47,10.77,11.65,10.94,10.47,10.99
QV2M,1999,2.5,35.0,8.38,7.79,11.37,11.78,12.47,11.16,12.33,11.47,10.48,11.23,11.3,10.81,10.9
QV2M,1999,2.5,35.625,8.64,8.15,11.77,12.13,12.29,10.7,11.6,10.46,9.73,10.89,11.56,11.11,10.77
QV2M,1999,2.5,36.25,9.83,9.49,12.89,13.06,12.49,11.11,11.39,10.73,10.44,11.1,12.56,12.14,11.45
QV2M,1999,2.5,36.875,9.4,9.2,12.72,13.23,12.42,10.83,10.57,10.15,9.92,10.43,12.61,12.28,11.16
QV2M,1999,2.5,37.5,9.08,9.06,13.34,13.84,12.85,11.01,10.41,10.07,9.91,10.48,13.02,12.59,11.32
QV2M,1999,2.5,38.125,8.95,9.11,13.49,14.14,13.43,11.48,10.6,10.43,10.33,10.86,13.26,12.64,11.57
QV2M,1999,2.5,38.75,8.88,9.11,13.68,14.52,13.92,11.92,10.94,10.83,10.66,11.22,13.5,12.72,11.84
QV2M,1999,2.5,39.375,8.85,9.14,13.56,14.54,14.17,12.26,11.24,11.14,10.87,11.64,13.61,12.7,11.99
QV2M,1999,2.5,40.0,9.04,9.32,13.56,14.43,14.24,12.41,11.54,11.36,11.1,11.92,13.8,12.79,12.14
QV2M,1999,2.5,40.625,9.31,9.57,13.6,14.13,14.18,12.43,11.8,11.63,11.41,12.32,14.17,13.02,12.31
QV2M,1999,2.5,41.25,9.56,9.77,13.41,14.01,14.34,12.75,12.07,11.91,11.81,12.59,14.09,12.88,12.45
QV2M,1999,2.5,41.875,9.85,10.05,13.68,14.28,14.87,13.13,12.38,12.15,12.14,13.0,14.4,13.21,12.78
QV2M,1999,3.0,34.375,8.09,7.66,11.48,12.03,12.64,11.46,12.7,12.15,10.44,10.83,10.95,10.55,10.94
QV2M,1999,3.0,35.0,8.4,8.04,11.84,12.56,12.83,11.34,12.39,11.41,10.3,11.0,11.58,11.06,11.08
QV2M,1999,3.0,35.625,8.85,8.54,12.28,12.88,12.7,11.02,11.63,10.38,10.07,11.09,12.14,11.47,11.1
QV2M,1999,3.0,36.25,10.85,10.69,13.94,14.29,13.39,12.0,11.82,11.43,11.27,11.92,13.56,13.1,12.36
QV2M,1999,3.0,36.875,8.75,8.82,12.72,13.35,12.41,10.77,10.52,10.04,9.79,10.42,12.6,12.0,11.03
QV2M,1999,3.0,37.5,8.36,8.56,12.96,13.72,12.88,11.0,10.41,10.1,9.94,10.6,12.8,11.95,11.12
QV2M,1999,3.0,38.125,8.14,8.4,12.92,13.91,13.34,11.43,10.53,10.37,10.2,10.93,12.86,11.76,11.25
QV2M,1999,3.0,38.75,8.02,8.26,13.05,14.2,13.79,11.75,10.8,10.67,10.43,11.3,12.98,11.56,11.42
QV2M,1999,3.0,39.375,8.05,8.32,12.97,14.12,14.03,12.09,11.11,10.92,10.63,11.69,12.98,11.52,11.55
QV2M,1999,3.0,40.0,8.26,8.56,13.17,14.1,14.1,12.19,11.36,11.12,10.84,11.98,13.25,11.71,11.74
QV2M,1999,3.0,40.625,8.55,8.83,13.28,13.94,14.0,12.21,11.59,11.38,11.18,12.25,13.48,11.89,11.9
QV2M,1999,3.0,41.25,8.84,9.08,13.29,13.85,14.18,12.49,11.85,11.64,11.54,12.51,13.63,12.09,12.1
QV2M,1999,3.0,41.875,9.09,9.32,13.36,14.11,14.47,12.79,12.06,11.78,11.79,12.78,13.72,12.35,12.32
QV2M,1999,3.5,34.375,8.12,7.82,11.79,12.64,12.66,11.21,12.42,11.7,10.1,10.82,11.25,10.88,10.97
QV2M,1999,3.5,35.0,8.47,8.26,12.34,13.25,12.95,11.37,12.15,11.18,10.02,11.11,11.98,11.41,11.23
QV2M,1999,3.5,35.625,9.3,9.12,12.93,13.54,12.77,11.08,11.43,10.43,10.19,11.31,12.68,12.02,11.41
QV2M,1999,3.5,36.25,10.59,10.69,13.98,14.44,13.58,12.1,11.85,11.51,11.36,12.12,13.59,12.99,12.41
QV2M,1999,3.5,36.875,7.91,8.11,12.58,13.46,12.53,10.68,10.39,9.9,9.67,10.52,12.24,11.29,10.79
QV2M,1999,3.5,37.5,7.58,7.8,12.45,13.46,12.72,10.95,10.38,10.04,9.84,10.74,12.04,10.8,10.75
QV2M,1999,3.5,38.125,7.38,7.52,12.44,13.7,13.38,11.48,10.63,10.3,10.05,11.1,11.99,10.46,10.89
QV2M,1999,3.5,38.75,7.33,7.41,12.35,13.66,13.68,11.68,10.81,10.52,10.2,11.39,11.9,10.19,10.95
QV2M,1999,3.5,39.375,7.51,7.62,12.5,13.64,13.83,11.88,10.97,10.72,10.37,11.66,12.16,10.46,11.13
QV2M,1999,3.5,40.0,7.74,7.9,12.93,13.82,13.95,11.93,11.16,10.86,10.58,11.92,12.57,10.78,11.36
QV2M,1999,3.5,40.625,8.01,8.23,13.41,14.01,13.89,11.88,11.32,11.07,10.88,12.18,13.07,11.09,11.6
QV2M,1999,3.5,41.25,8.37,8.62,13.32,13.86,13.95,12.2,11.6,11.34,11.25,12.34,13.17,11.45,11.81
QV2M,1999,3.5,41.875,8.58,8.82,13.26,14.0,14.2,12.48,11.77,11.47,11.48,12.59,13.27,11.74,11.99
QV2M,1999,4.0,34.375,8.12,7.92,12.45,13.7,13.26,11.4,12.81,11.81,9.88,11.32,11.74,11.45,11.35
QV2M,1999,4.0,35.0,8.57,8.45,12.92,13.97,13.07,11.26,12.17,10.97,9.91,11.46,12.35,11.85,11.43
QV2M,1999,4.0,35.625,9.32,9.34,13.14,13.83,12.9,11.14,11.3,10.51,10.28,11.63,12.8,12.16,11.54
QV2M,1999,4.0,36.25,10.51,10.63,13.99,14.64,13.88,12.36,12.05,11.7,11.65,12.61,13.46,12.67,12.52
QV2M,1999,4.0,36.875,7.33,7.4,12.3,13.28,12.56,10.69,10.4,9.84,9.57,10.8,11.4,10.21,10.5
QV2M,1999,4.0,37.5,6.96,6.92,12.04,13.04,12.72,10.88,10.35,9.92,9.65,10.86,10.87,9.42,10.32
QV2M,1999,4.0,38.125,6.81,6.74,11.75,12.79,13.01,11.19,10.47,10.14,9.81,11.08,10.73,9.07,10.32
QV2M,1999,4.0,38.75,6.92,6.89,11.83,12.67,13.03,11.26,10.41,10.16,9.88,11.18,10.95,9.14,10.38
QV2M,1999,4.0,39.375,7.13,7.16,12.27,13.12,13.5,11.56,10.61,10.37,10.09,11.58,11.59,9.6,10.73
QV2M,1999,4.0,40.0,7.36,7.44,12.71,13.52,13.77,11.7,10.88,10.57,10.32,11.88,11.9,9.92,11.02
QV2M,1999,4.0,40.625,7.66,7.84,13.26,13.83,13.72,11.59,11.03,10.73,10.57,12.0,12.43,10.46,11.28
QV2M,1999,4.0,41.25,7.96,8.24,13.3,13.89,13.8,11.9,11.28,11.0,10.93,12.22,12.66,10.94,11.53
QV2M,1999,4.0,41.875,8.14,8.4,13.25,14.11,14.08,12.24,11.48,11.19,11.21,12.55,13.03,11.22,11.76
QV2M,1999,4.5,34.375,8.09,7.95,12.74,14.71,13.4,11.41,13.26,11.47,9.86,11.98,12.13,11.93,11.6
QV2M,1999,4.5,35.0,8.65,8.46,13.13,14.46,13.28,11.11,12.23,10.81,9.93,11.89,12.43,12.15,11.56
QV2M,1999,4.5,35.625,9.02,8.88,13.13,13.91,12.96,11.0,11.19,10.47,10.09,11.87,12.36,11.85,11.41
QV2M,1999,4.5,36.25,8.87,8.61,13.22,13.93,13.11,11.23,11.24,10.58,10.31,11.93,11.89,11.16,11.36
QV2M,1999,4.5,36.875,7.83,7.52,12.75,13.42,12.97,11.14,10.82,10.24,10.0,11.54,11.0,9.86,10.78
QV2M,1999,4.5,37.5,6.67,6.38,11.96,12.56,12.72,10.66,10.36,9.76,9.46,11.12,9.88,8.51,10.03
QV2M,1999,4.5,38.125,6.57,6.46,11.37,11.93,12.43,10.71,10.14,9.78,9.51,10.99,9.9,8.42,9.87
QV2M,1999,4.5,38.75,6.72,6.68,11.63,12.22,12.76,10.94,10.22,9.92,9.66,11.22,10.28,8.66,10.1
QV2M,1999,4.5,39.375,6.84,6.88,11.92,12.59,13.15,11.22,10.42,10.11,9.87,11.42,10.58,8.87,10.34
QV2M,1999,4.5,40.0,7.05,7.12,11.88,12.62,13.18,11.3,10.59,10.27,10.07,11.52,10.69,9.03,10.46
QV2M,1999,4.5,40.625,7.34,7.51,12.63,13.23,13.43,11.37,10.76,10.44,10.3,11.84,11.33,9.62,10.84
QV2M,1999,4.5,41.25,7.64,7.88,12.83,13.55,13.63,11.7,11.02,10.68,10.63,12.02,11.8,10.1,11.14
QV2M,1999,4.5,41.875,7.84,8.03,13.07,14.16,14.14,12.05,11.24,10.94,10.99,12.56,12.6,10.49,11.53
QV2M,2000,-0.5,34.375,10.91,10.0,12.44,12.93,12.75,11.19,11.02,11.47,11.98,13.15,13.71,13.79,12.12
QV2M,2000,-0.5,35.0,8.96,7.78,10.41,11.49,11.37,10.29,10.29,10.42,10.66,11.26,12.1,12.06,10.6
QV2M,2000,-0.5,35.625,7.63,6.61,8.61,9.9,9.96,9.35,9.43,9.25,9.34,9.26,10.37,9.82,9.13
QV2M,2000,-0.5,36.25,7.81,6.72,8.82,10.06,9.99,9.4,9.42,9.25,9.21,9.2,10.52,9.66,9.18
QV2M,2000,-0.5,36.875,8.67,7.34,9.72,10.77,10.49,9.68,9.34,9.29,9.25,9.42,11.17,10.36,9.63
QV2M,2000,-0.5,37.5,10.23,8.76,11.1,12.17,11.5,10.41,9.84,9.89,9.94,10.26,12.68,12.02,10.74
QV2M,2000,-0.5,38.125,11.4,9.88,12.09,13.19,12.12,10.86,9.97,9.98,10.15,10.75,14.02,13.75,11.52
QV2M,2000,-0.5,38.75,11.84,10.56,12.81,14.35,12.97,11.75,10.78,10.87,11.14,11.9,14.81,14.67,12.37
QV2M,2000,-0.5,39.375,12.17,11.19,13.19,15.18,13.87,12.64,11.7,11.79,12.02,12.99,15.06,14.7,13.04
QV2M,2000,-0.5,40.0,12.77,11.84,13.6,15.35,14.5,13.15,12.22,12.28,12.38,13.6,15.21,14.9,13.49
QV2M,2000,-0.5,40.625,12.96,12.29,14.03,15.21,15.14,13.56,12.55,12.61,12.63,14.22,15.47,14.77,13.79
QV2M,2000,-0.5,41.25,13.54,12.96,14.56,15.54,15.68,13.82,12.83,12.94,13.06,14.72,15.77,15.1,14.21
QV2M,2000,-0.5,41.875,14.48,13.96,15.35,16.08,16.27,14.35,13.44,13.56,13.89,15.3,16.14,15.68,14.88
QV2M,2000,-1.0,34.375,10.95,10.53,12.5,12.49,12.01,10.3,10.05,10.45,10.75,11.87,13.52,14.05,11.63
QV2M,2000,-1.0,35.0,9.13,8.37,10.67,11.22,11.02,9.75,9.49,9.54,9.54,9.93,11.83,12.43,10.25
QV2M,2000,-1.0,35.625,8.06,6.79,9.53,10.57,10.55,9.51,9.24,9.17,9.09,9.18,10.88,11.08,9.48
QV2M,2000,-1.0,36.25,8.49,7.25,9.61,10.59,10.48,9.6,9.19,9.19,9.15,9.21,11.04,10.48,9.53
QV2M,2000,-1.0,36.875,9.75,8.17,10.55,11.31,10.74,9.69,9.15,9.24,9.12,9.29,11.91,11.47,10.04
QV2M,2000,-1.0,37.5,10.84,9.33,11.71,12.55,11.86,10.58,9.81,9.9,10.01,10.28,13.06,12.71,11.06
QV2M,2000,-1.0,38.125,10.84,9.61,12.22,13.31,12.25,10.96,10.01,10.08,10.27,10.83,13.85,13.57,11.49
QV2M,2000,-1.0,38.75,11.72,10.66,13.15,14.67,13.21,11.95,10.94,11.04,11.36,12.05,15.07,15.03,12.57
QV2M,2000,-1.0,39.375,12.21,11.44,13.61,15.56,14.11,12.83,11.88,11.95,12.22,13.17,15.45,15.04,13.29
QV2M,2000,-1.0,40.0,13.0,12.22,14.04,15.84,14.73,13.37,12.42,12.49,12.62,13.8,15.66,15.43,13.8
QV2M,2000,-1.0,40.625,13.46,12.85,14.51,15.68,15.37,13.82,12.84,12.88,12.91,14.41,15.78,15.21,14.15
QV2M,2000,-1.0,41.25,14.21,13.67,15.1,15.97,15.91,14.11,13.14,13.23,13.34,14.93,16.1,15.62,14.61
QV2M,2000,-1.0,41.875,15.84,15.46,16.6,17.17,16.98,15.13,14.31,14.37,14.73,15.98,16.97,16.81,15.86
QV2M,2000,-1.5,34.375,10.51,10.58,12.08,11.99,11.09,9.48,9.15,9.62,9.57,10.89,12.94,13.83,10.98
QV2M,2000,-1.5,35.0,9.21,8.54,11.0,11.35,10.73,9.17,8.73,8.9,8.79,9.57,11.73,12.84,10.05
QV2M,2000,-1.5,35.625,8.72,7.13,10.11,11.01,10.8,9.33,8.68,8.83,8.75,9.08,10.99,11.44,9.58
QV2M,2000,-1.5,36.25,9.12,7.64,10.23,11.48,11.03,9.75,9.08,9.28,9.06,9.14,11.57,11.37,9.9
QV2M,2000,-1.5,36.875,9.71,8.11,10.51,11.42,10.74,9.64,8.93,9.03,8.98,9.19,11.84,11.67,9.99
QV2M,2000,-1.5,37.5,10.62,9.01,11.52,12.32,11.56,10.27,9.42,9.54,9.63,9.94,12.67,12.59,10.76
QV2M,2000,-1.5,38.125,11.53,10.35,12.77,13.51,12.53,11.15,10.13,10.23,10.47,10.99,13.78,13.81,11.77
QV2M,2000,-1.5,38.75,12.03,11.06,13.52,14.82,13.45,12.14,11.1,11.2,11.55,12.21,15.01,15.11,12.77
QV2M,2000,-1.5,39.375,12.62,11.93,14.14,15.82,14.31,13.01,12.03,12.08,12.41,13.28,15.61,15.44,13.56
QV2M,2000,-1.5,40.0,13.24,12.63,14.56,16.22,15.09,13.66,12.65,12.75,12.89,14.11,15.88,15.47,14.1
QV2M,2000,-1.5,40.625,13.94,13.35,14.94,16.15,15.66,14.13,13.16,13.18,13.26,14.66,15.96,15.5,14.49
QV2M,2000,-1.5,41.25,14.88,14.26,15.6,16.45,16.21,14.43,13.54,13.57,13.72,15.22,16.35,16.01,15.02
QV2M,2000,-1.5,41.875,17.05,16.77,17.68,18.19,17.7,15.94,15.2,15.18,15.6,16.7,17.75,17.8,16.8
QV2M,2000,-1.7975103014118005e-13,34.375,10.0,9.48,12.15,13.76,13.96,12.4,11.88,12.26,12.86,13.75,13.53,13.11,12.44
QV2M,2000,-1.7975103014118005e-13,35.0,8.94,7.91,10.22,12.16,12.62,11.6,11.4,11.64,11.96,12.35,12.28,11.56,11.23
QV2M,2000,-1.7975103014118005e-13,35.625,7.93,6.86,8.68,10.21,10.57,10.08,10.31,10.25,10.43,10.26,10.76,9.83,9.69
QV2M,2000,-1.7975103014118005e-13,36.25,7.84,6.68,8.51,9.93,10.04,9.78,10.25,10.07,9.88,9.6,10.57,9.6,9.4
QV2M,2000,-1.7975103014118005e-13,36.875,8.38,7.11,9.05,10.2,10.11,9.62,9.6,9.52,9.31,9.31,10.84,10.04,9.43
QV2M,2000,-1.7975103014118005e-13,37.5,9.41,8.12,10.25,11.07,10.58,9.63,9.21,9.23,9.21,9.57,11.72,10.95,9.92
QV2M,2000,-1.7975103014118005e-13,38.125,11.18,9.73,11.89,12.99,11.98,10.76,9.93,9.89,10.05,10.71,13.93,13.3,11.36
QV2M,2000,-1.7975103014118005e-13,38.75,11.66,10.38,12.46,14.07,12.84,11.63,10.7,10.77,11.03,11.84,14.45,13.91,12.15
QV2M,2000,-1.7975103014118005e-13,39.375,12.03,10.85,12.69,14.68,13.66,12.45,11.53,11.63,11.84,12.82,14.54,13.96,12.73
QV2M,2000,-1.7975103014118005e-13,40.0,12.41,11.42,13.09,14.74,14.25,12.93,12.01,12.05,12.16,13.43,14.72,14.05,13.11
QV2M,2000,-1.7975103014118005e-13,40.625,12.57,11.78,13.51,14.72,14.85,13.29,12.27,12.31,12.45,14.09,15.05,14.19,13.43
QV2M,2000,-1.7975103014118005e-13,41.25,12.98,12.34,14.01,15.09,15.4,13.54,12.55,12.65,12.92,14.56,15.39,14.5,13.83
QV2M,2000,-1.7975103014118005e-13,41.875,13.62,12.96,14.5,15.42,15.86,13.9,12.95,13.08,13.52,15.09,15.85,14.99,14.32
QV2M,2000,-2.0,34.375,10.24,10.52,12.14,11.58,10.49,8.83,8.27,8.74,8.65,10.12,12.4,13.67,10.47
QV2M,2000,-2.0,35.0,9.34,8.48,11.24,11.46,10.56,8.95,8.29,8.47,8.41,9.28,11.44,12.68,9.89
QV2M,2000,-2.0,35.625,9.27,7.66,10.7,11.43,10.87,9.28,8.51,8.7,8.72,9.18,11.17,11.69,9.77
QV2M,2000,-2.0,36.25,9.53,8.25,10.89,11.89,11.13,9.71,8.91,9.06,9.14,9.4,11.86,11.89,10.14
QV2M,2000,-2.0,36.875,9.52,8.08,10.75,11.63,10.95,9.63,8.74,8.92,9.07,9.28,11.82,11.8,10.02
QV2M,2000,-2.0,37.5,10.61,9.13,11.76,12.53,11.64,10.29,9.36,9.53,9.69,9.99,12.76,12.95,10.86
QV2M,2000,-2.0,38.125,11.61,10.49,12.92,13.61,12.66,11.21,10.15,10.31,10.6,11.08,13.75,14.05,11.87
QV2M,2000,-2.0,38.75,12.37,11.51,13.92,15.03,13.78,12.37,11.26,11.38,11.78,12.41,15.03,15.42,13.02
QV2M,2000,-2.0,39.375,13.17,12.55,14.69,16.05,14.69,13.31,12.24,12.29,12.66,13.51,15.74,15.85,13.9
QV2M,2000,-2.0,40.0,13.8,13.32,15.25,16.54,15.41,13.97,12.91,12.96,13.19,14.33,16.17,15.88,14.48
QV2M,2000,-2.0,40.625,14.8,14.35,15.84,16.76,16.19,14.66,13.69,13.67,13.84,15.15,16.38,16.12,15.12
QV2M,2000,-2.0,41.25,16.54,16.19,17.19,17.68,17.05,15.41,14.68,14.59,14.93,16.13,17.25,17.29,16.24
QV2M,2000,-2.0,41.875,17.66,17.46,18.25,18.73,18.05,16.41,15.7,15.64,16.07,17.06,18.15,18.42,17.3
QV2M,2000,-2.5,34.375,10.22,10.09,12.26,11.28,10.01,8.52,7.77,8.09,7.93,9.2,11.9,13.44,10.06
QV2M,2000,-2.5,35.0,9.83,8.55,11.44,11.29,10.26,8.73,7.93,8.14,8.08,8.77,11.23,12.53,9.74
QV2M,2000,-2.5,35.625,9.94,8.2,11.12,11.94,10.77,9.19,8.3,8.52,8.48,8.87,11.52,12.42,9.94
QV2M,2000,-2.5,36.25,9.68,8.45,11.0,11.97,11.15,9.75,8.91,9.02,8.86,9.08,11.8,12.13,10.15
QV2M,2000,-2.5,36.875,9.97,8.59,11.15,11.89,11.1,9.51,8.56,8.75,8.87,9.11,12.07,12.58,10.18
QV2M,2000,-2.5,37.5,10.77,9.3,11.84,12.44,11.61,10.12,9.06,9.28,9.52,9.74,12.68,13.33,10.81
QV2M,2000,-2.5,38.125,11.95,10.73,13.04,13.65,12.71,11.28,10.14,10.36,10.67,11.03,13.75,14.49,11.99
QV2M,2000,-2.5,38.75,12.84,11.99,14.21,15.1,14.06,12.56,11.38,11.51,11.96,12.5,14.99,15.77,13.24
QV2M,2000,-2.5,39.375,13.88,13.23,15.16,16.24,15.17,13.71,12.51,12.54,12.99,13.76,15.75,16.32,14.27
QV2M,2000,-2.5,40.0,14.76,14.37,16.06,16.83,15.97,14.51,13.33,13.34,13.68,14.71,16.44,16.55,15.05
QV2M,2000,-2.5,40.625,16.48,16.19,17.33,17.84,17.15,15.65,14.73,14.67,14.93,16.06,17.29,17.47,16.32
QV2M,2000,-2.5,41.25,17.84,17.6,18.42,18.83,17.97,16.42,15.72,15.6,15.97,16.94,18.18,18.61,17.34
QV2M,2000,-2.5,41.875,17.73,17.5,18.19,18.69,18.02,16.39,15.7,15.61,16.01,16.99,18.08,18.49,17.28
QV2M,2000,-3.0,34.375,10.01,9.75,12.68,11.53,10.02,8.7,7.85,8.21,7.93,8.82,11.56,13.64,10.06
QV2M,2000,-3.0,35.0,9.86,8.8,11.8,11.53,10.39,8.92,8.05,8.34,8.14,8.58,10.99,12.72,9.85
QV2M,2000,-3.0,35.625,9.72,8.67,10.8,11.32,10.56,9.17,8.19,8.44,8.36,8.51,10.69,11.62,9.67
QV2M,2000,-3.0,36.25,9.61,8.45,10.84,12.43,11.33,9.82,8.85,9.11,9.02,8.98,11.33,12.51,10.19
QV2M,2000,-3.0,36.875,10.22,8.59,10.66,12.06,11.54,10.21,9.21,9.28,9.13,8.94,11.37,12.67,10.33
QV2M,2000,-3.0,37.5,10.14,9.02,11.14,11.67,11.11,9.86,8.96,9.09,9.19,9.22,11.46,12.12,10.25
QV2M,2000,-3.0,38.125,11.94,10.85,13.09,13.57,12.76,11.41,10.29,10.51,10.81,11.04,13.59,14.49,12.03
QV2M,2000,-3.0,38.75,13.11,12.29,14.38,15.14,14.22,12.77,11.56,11.69,12.15,12.53,14.99,16.03,13.41
QV2M,2000,-3.0,39.375,14.25,13.68,15.49,16.37,15.53,14.07,12.81,12.79,13.27,13.99,15.87,16.63,14.56
QV2M,2000,-3.0,40.0,15.76,15.39,16.78,17.31,16.44,15.0,13.85,13.86,14.23,15.14,16.8,17.19,15.65
QV2M,2000,-3.0,40.625,17.85,17.64,18.47,18.81,17.74,16.35,15.59,15.48,15.78,16.72,18.08,18.53,17.25
QV2M,2000,-3.0,41.25,17.98,17.72,18.38,18.79,17.9,16.39,15.72,15.57,15.88,16.83,18.09,18.62,17.32
QV2M,2000,-3.0,41.875,17.87,17.61,18.24,18.71,17.99,16.35,15.71,15.58,15.94,16.91,18.05,18.55,17.29
QV2M,2000,-3.5,34.375,10.37,10.38,13.35,11.88,10.18,8.77,7.85,8.31,8.21,9.06,11.9,14.21,10.37
QV2M,2000,-3.5,35.0,10.37,9.74,12.71,12.23,10.93,9.44,8.57,8.98,8.92,9.38,11.65,13.4,10.53
QV2M,2000,-3.5,35.625,9.95,8.96,11.76,12.09,10.98,9.44,8.46,8.85,8.73,9.01,11.36,12.61,10.19
QV2M,2000,-3.5,36.25,9.56,8.64,11.71,12.54,11.37,9.88,8.91,9.25,9.18,9.37,11.77,12.7,10.41
QV2M,2000,-3.5,36.875,9.81,8.7,11.97,12.94,12.09,10.65,9.54,9.81,9.82,9.92,12.16,13.03,10.88
QV2M,2000,-3.5,37.5,10.34,9.36,12.43,13.37,12.67,11.29,10.1,10.28,10.48,10.58,12.77,13.37,11.43
QV2M,2000,-3.5,38.125,11.73,10.85,13.12,13.74,12.93,11.65,10.52,10.76,11.14,11.29,13.51,14.41,12.14
QV2M,2000,-3.5,38.75,13.17,12.42,14.51,15.15,14.18,12.86,11.78,11.88,12.28,12.65,14.78,15.69,13.45
QV2M,2000,-3.5,39.375,14.44,13.99,15.78,16.49,15.65,14.25,13.0,12.96,13.4,14.05,15.91,16.67,14.72
QV2M,2000,-3.5,40.0,16.88,16.59,17.72,18.16,16.95,15.63,14.66,14.66,15.02,15.86,17.5,17.98,16.47
QV2M,2000,-3.5,40.625,18.1,17.96,18.58,18.87,17.69,16.37,15.66,15.54,15.79,16.67,18.12,18.66,17.33
QV2M,2000,-3.5,41.25,18.15,17.97,18.48,18.85,17.84,16.34,15.7,15.56,15.83,16.74,18.16,18.7,17.36
QV2M,2000,-3.5,41.875,18.03,17.8,18.33,18.76,17.92,16.3,15.69,15.55,15.87,16.82,18.09,18.65,17.32
QV2M,2000,-4.0,34.375,11.01,11.04,13.37,11.8,10.05,8.62,7.71,8.18,8.07,9.07,12.06,14.25,10.44
QV2M,2000,-4.0,35.0,10.43,10.07,12.61,11.88,10.4,8.93,7.99,8.48,8.4,8.99,11.5,13.3,10.25
QV2M,2000,-4.0,35.625,10.21,9.49,12.13,12.09,10.84,9.32,8.3,8.82,8.72,9.06,11.47,12.77,10.27
QV2M,2000,-4.0,36.25,9.95,9.18,12.1,12.45,11.29,9.83,8.83,9.26,9.17,9.38,11.87,12.98,10.53
QV2M,2000,-4.0,36.875,10.44,9.66,12.43,12.88,11.93,10.51,9.44,9.8,9.78,9.93,12.4,13.36,11.05
QV2M,2000,-4.0,37.5,11.08,10.37,13.09,13.55,12.66,11.31,10.22,10.41,10.55,10.74,13.21,14.12,11.78
QV2M,2000,-4.0,38.125,11.93,11.27,13.89,14.31,13.37,12.05,10.88,11.08,11.53,11.75,14.08,15.0,12.6
QV2M,2000,-4.0,38.75,13.38,12.76,15.03,15.65,14.67,13.37,12.2,12.31,12.78,13.13,15.16,16.03,13.87
QV2M,2000,-4.0,39.375,14.92,14.54,16.35,16.85,15.97,14.58,13.29,13.29,13.62,14.27,16.16,16.83,15.06
QV2M,2000,-4.0,40.0,17.88,17.73,18.49,18.75,17.35,16.14,15.39,15.27,15.56,16.34,17.95,18.58,17.12
QV2M,2000,-4.0,40.625,18.25,18.2,18.7,18.9,17.62,16.32,15.66,15.53,15.74,16.57,18.12,18.78,17.36
QV2M,2000,-4.0,41.25,18.28,18.22,18.67,18.9,17.75,16.28,15.68,15.53,15.78,16.65,18.17,18.77,17.39
QV2M,2000,-4.0,41.875,18.18,18.03,18.44,18.81,17.83,16.23,15.66,15.49,15.79,16.72,18.12,18.69,17.33
QV2M,2000,-4.5,34.375,10.79,10.76,12.91,11.33,9.74,8.43,7.54,7.96,7.66,8.69,11.58,13.73,10.09
QV2M,2000,-4.5,35.0,10.23,10.08,12.47,11.65,10.08,8.65,7.73,8.2,8.02,8.77,11.21,12.98,10.01
QV2M,2000,-4.5,35.625,10.2,9.73,12.26,12.04,10.64,9.13,8.11,8.66,8.61,9.12,11.45,12.77,10.23
QV2M,2000,-4.5,36.25,10.25,9.72,12.52,12.62,11.31,9.82,8.76,9.29,9.29,9.68,12.0,13.33,10.72
QV2M,2000,-4.5,36.875,10.7,10.04,12.71,13.02,11.95,10.52,9.45,9.88,9.92,10.17,12.4,13.55,11.2
QV2M,2000,-4.5,37.5,11.48,10.79,13.38,13.84,12.91,11.52,10.46,10.71,10.8,10.97,13.27,14.42,12.05
QV2M,2000,-4.5,38.125,12.48,11.7,14.1,14.33,13.53,12.2,11.22,11.3,11.61,11.87,14.09,15.21,12.81
QV2M,2000,-4.5,38.75,14.03,13.39,15.6,15.99,14.99,13.66,12.56,12.59,12.99,13.49,15.58,16.62,14.29
QV2M,2000,-4.5,39.375,16.28,15.97,17.4,17.68,16.53,15.25,14.2,14.15,14.41,15.08,16.98,17.79,15.98
QV2M,2000,-4.5,40.0,18.35,18.26,18.77,18.84,17.4,16.2,15.52,15.35,15.61,16.34,18.1,18.81,17.29
QV2M,2000,-4.5,40.625,18.4,18.36,18.82,18.95,17.54,16.25,15.63,15.5,15.7,16.46,18.14,18.85,17.38
QV2M,2000,-4.5,41.25,18.4,18.33,18.86,18.9,17.66,16.21,15.64,15.48,15.72,16.56,18.17,18.8,17.39
QV2M,2000,-4.5,41.875,18.3,18.17,18.65,18.8,17.74,16.18,15.62,15.43,15.73,16.64,18.15,18.69,17.34
QV2M,2000,0.5,34.375,8.76,8.04,10.96,13.5,14.42,13.14,12.51,13.01,13.54,13.83,13.15,11.92,12.24
QV2M,2000,0.5,35.0,8.58,7.3,9.34,11.43,12.55,11.93,11.79,12.0,12.18,12.27,11.94,10.76,11.02
QV2M,2000,0.5,35.625,8.13,6.83,8.8,10.61,11.65,11.24,11.65,11.77,11.84,11.67,11.32,10.02,10.47
QV2M,2000,0.5,36.25,8.32,7.15,9.09,10.15,10.51,10.58,11.23,11.37,10.93,10.35,11.13,10.02,10.08
QV2M,2000,0.5,36.875,8.88,7.5,9.57,10.26,10.2,9.98,10.36,10.44,9.85,9.62,11.52,10.54,9.9
QV2M,2000,0.5,37.5,9.48,8.1,10.37,11.24,10.77,9.92,9.59,9.68,9.4,9.78,12.34,11.25,10.17
QV2M,2000,0.5,38.125,10.45,9.11,11.4,12.69,11.9,10.77,9.98,9.9,10.07,10.77,13.4,12.42,11.08
QV2M,2000,0.5,38.75,11.32,9.94,11.93,13.71,12.73,11.55,10.63,10.7,10.94,11.8,13.93,13.18,11.87
QV2M,2000,0.5,39.375,11.8,10.37,12.19,14.23,13.46,12.29,11.37,11.47,11.69,12.71,14.2,13.48,12.44
QV2M,2000,0.5,40.0,12.01,10.79,12.54,14.24,14.01,12.72,11.8,11.84,12.01,13.37,14.41,13.52,12.78
QV2M,2000,0.5,40.625,12.17,11.26,12.97,14.29,14.55,13.03,12.03,12.03,12.33,14.03,14.77,13.63,13.1
QV2M,2000,0.5,41.25,12.53,11.78,13.44,14.7,15.06,13.28,12.29,12.37,12.82,14.44,15.14,13.94,13.49
QV2M,2000,0.5,41.875,13.01,12.26,13.86,15.01,15.57,13.62,12.66,12.76,13.36,15.07,15.7,14.4,13.94
QV2M,2000,1.0,34.375,8.83,7.6,9.64,11.4,12.4,11.85,11.6,11.87,12.01,12.16,11.75,10.72,11.0
QV2M,2000,1.0,35.0,8.47,7.12,8.79,10.35,11.68,11.34,11.47,11.65,11.5,11.61,11.56,10.41,10.51
QV2M,2000,1.0,35.625,7.84,6.65,8.68,10.33,11.36,11.29,11.91,12.17,11.74,11.52,11.21,9.78,10.39
QV2M,2000,1.0,36.25,8.22,7.08,9.12,10.08,10.42,10.79,11.48,12.01,10.97,10.35,11.39,10.16,10.18
QV2M,2000,1.0,36.875,8.99,7.77,9.86,10.65,10.53,10.1,10.19,10.6,9.83,9.9,11.84,10.72,10.09
QV2M,2000,1.0,37.5,9.73,8.41,10.53,11.63,11.21,10.42,9.91,10.0,9.74,10.15,12.75,11.59,10.51
QV2M,2000,1.0,38.125,10.33,8.93,11.17,12.58,11.91,10.86,10.08,9.99,10.12,10.86,13.37,12.32,11.05
QV2M,2000,1.0,38.75,11.01,9.56,11.57,13.47,12.68,11.52,10.6,10.67,10.9,11.81,13.86,12.93,11.72
QV2M,2000,1.0,39.375,11.36,9.86,11.73,13.84,13.29,12.16,11.24,11.32,11.52,12.63,14.1,13.14,12.19
QV2M,2000,1.0,40.0,11.53,10.2,12.02,13.81,13.81,12.54,11.61,11.63,11.86,13.33,14.27,13.05,12.48
QV2M,2000,1.0,40.625,11.64,10.6,12.42,13.98,14.34,12.81,11.82,11.8,12.24,13.97,14.66,13.07,12.78
QV2M,2000,1.0,41.25,11.88,11.02,12.83,14.39,14.86,13.07,12.08,12.14,12.77,14.46,15.09,13.35,13.17
QV2M,2000,1.0,41.875,12.26,11.46,13.25,14.67,15.35,13.39,12.42,12.49,13.2,15.04,15.55,13.84,13.58
QV2M,2000,1.5,34.375,7.37,6.31,8.73,10.77,13.05,12.5,12.36,12.86,12.79,13.25,11.92,10.06,11.01
QV2M,2000,1.5,35.0,7.71,6.47,8.58,10.12,11.83,11.62,12.06,12.48,12.01,12.12,11.59,9.96,10.56
QV2M,2000,1.5,35.625,7.76,6.81,8.92,10.27,11.34,11.24,12.09,12.47,11.5,11.25,11.49,9.92,10.43
QV2M,2000,1.5,36.25,8.26,7.24,9.36,10.27,10.49,10.82,11.41,12.0,10.6,10.18,11.69,10.19,10.22
QV2M,2000,1.5,36.875,9.06,7.89,10.02,10.96,10.73,10.35,10.09,10.43,9.75,9.91,12.17,10.91,10.19
QV2M,2000,1.5,37.5,9.58,8.46,10.61,11.8,11.4,10.7,10.18,10.29,10.0,10.47,12.97,11.66,10.68
QV2M,2000,1.5,38.125,10.13,8.88,11.05,12.65,12.03,10.96,10.15,10.09,10.22,11.08,13.64,12.27,11.1
QV2M,2000,1.5,38.75,10.35,9.08,11.2,13.3,12.65,11.54,10.61,10.69,10.89,11.9,14.21,12.75,11.6
QV2M,2000,1.5,39.375,10.76,9.34,11.25,13.48,13.17,12.05,11.11,11.17,11.37,12.64,14.03,12.57,11.92
QV2M,2000,1.5,40.0,10.88,9.6,11.53,13.58,13.62,12.35,11.43,11.41,11.65,13.17,14.28,12.62,12.18
QV2M,2000,1.5,40.625,10.78,9.88,11.86,13.73,14.16,12.62,11.63,11.59,12.15,13.91,14.55,12.49,12.45
QV2M,2000,1.5,41.25,11.12,10.22,12.23,14.06,14.63,12.87,11.89,11.93,12.61,14.36,14.83,12.84,12.8
QV2M,2000,1.5,41.875,11.35,10.62,12.66,14.35,15.13,13.16,12.2,12.25,13.05,15.03,15.43,13.13,13.2
QV2M,2000,2.0,34.375,7.43,6.58,8.83,10.27,12.64,12.48,12.75,13.11,12.53,12.96,11.73,9.61,10.92
QV2M,2000,2.0,35.0,7.63,6.71,8.82,9.99,11.47,11.4,11.99,12.4,11.46,11.59,11.55,9.89,10.42
QV2M,2000,2.0,35.625,7.91,7.0,9.14,10.26,11.02,10.9,11.64,12.24,10.88,10.77,11.7,10.02,10.3
QV2M,2000,2.0,36.25,8.37,7.4,9.58,10.6,10.63,10.72,10.87,11.72,10.05,9.89,12.14,10.44,10.21
QV2M,2000,2.0,36.875,8.95,7.84,10.13,11.21,10.93,10.49,10.02,10.33,9.73,10.08,12.46,10.98,10.27
QV2M,2000,2.0,37.5,9.53,8.27,10.59,12.05,11.6,10.79,10.14,10.23,9.98,10.7,13.29,11.72,10.75
QV2M,2000,2.0,38.125,9.7,8.35,10.69,12.7,12.1,11.06,10.21,10.2,10.33,11.34,13.85,12.04,11.05
QV2M,2000,2.0,38.75,9.69,8.44,10.74,13.09,12.59,11.54,10.59,10.66,10.81,11.99,14.01,12.04,11.35
QV2M,2000,2.0,39.375,9.73,8.47,10.77,13.2,13.07,11.91,10.97,11.0,11.18,12.62,13.96,11.86,11.57
QV2M,2000,2.0,40.0,9.76,8.74,10.94,13.35,13.46,12.17,11.25,11.21,11.49,13.1,14.22,11.84,11.8
QV2M,2000,2.0,40.625,9.55,9.04,11.23,13.54,14.04,12.43,11.46,11.39,12.04,13.92,14.6,11.68,12.08
QV2M,2000,2.0,41.25,10.06,9.38,11.6,13.79,14.44,12.65,11.7,11.72,12.38,14.27,14.77,12.01,12.4
QV2M,2000,2.0,41.875,10.35,9.74,12.01,14.04,15.04,12.91,11.97,12.0,12.85,15.13,15.3,12.22,12.8
QV2M,2000,2.5,34.375,7.52,6.66,8.87,10.0,11.63,11.62,12.19,12.59,11.2,11.86,11.38,9.56,10.44
QV2M,2000,2.5,35.0,7.78,6.88,9.07,10.25,11.12,11.17,11.44,12.12,10.9,11.25,11.66,9.97,10.31
QV2M,2000,2.5,35.625,8.05,7.17,9.38,10.66,10.9,10.88,10.91,11.94,10.68,10.65,11.95,10.26,10.29
QV2M,2000,2.5,36.25,9.29,8.55,10.67,11.84,11.74,11.43,11.06,11.88,10.85,11.08,12.96,11.33,11.06
QV2M,2000,2.5,36.875,8.99,8.05,10.43,11.76,11.47,10.87,10.31,10.65,10.07,10.66,12.86,11.16,10.61
QV2M,2000,2.5,37.5,8.84,7.67,10.26,12.09,11.65,10.79,10.06,10.25,9.97,10.92,13.22,11.21,10.58
QV2M,2000,2.5,38.125,8.79,7.51,10.17,12.5,12.05,11.07,10.2,10.22,10.31,11.52,13.37,11.14,10.74
QV2M,2000,2.5,38.75,8.73,7.4,10.14,12.78,12.49,11.45,10.52,10.56,10.67,12.11,13.56,11.12,10.97
QV2M,2000,2.5,39.375,8.68,7.45,10.15,12.9,12.97,11.73,10.81,10.81,11.01,12.76,13.67,11.02,11.17
QV2M,2000,2.5,40.0,8.74,7.8,10.27,13.02,13.34,11.96,11.06,11.0,11.33,13.21,13.9,10.99,11.39
QV2M,2000,2.5,40.625,8.78,8.26,10.57,13.21,13.96,12.2,11.28,11.19,11.78,14.02,14.32,11.03,11.72
QV2M,2000,2.5,41.25,9.14,8.6,10.9,13.36,14.31,12.46,11.55,11.52,12.06,14.3,14.43,11.31,12.0
QV2M,2000,2.5,41.875,9.53,8.9,11.25,13.61,14.84,12.71,11.8,11.77,12.47,15.02,14.86,11.73,12.38
QV2M,2000,3.0,34.375,7.51,6.7,8.99,10.28,11.33,11.51,11.73,12.22,11.08,11.54,11.34,9.55,10.33
QV2M,2000,3.0,35.0,7.81,6.97,9.28,10.78,11.27,11.25,11.06,12.0,10.88,11.38,11.9,10.0,10.39
QV2M,2000,3.0,35.625,8.24,7.4,9.77,11.33,11.3,11.15,10.66,12.04,11.03,11.17,12.4,10.5,10.59
QV2M,2000,3.0,36.25,10.31,9.73,11.91,13.04,12.7,12.14,11.58,12.17,11.6,12.25,13.8,12.3,11.97
QV2M,2000,3.0,36.875,8.4,7.43,10.04,11.77,11.44,10.76,10.12,10.56,10.02,10.86,12.74,10.7,10.41
QV2M,2000,3.0,37.5,8.06,6.96,9.76,12.06,11.65,10.8,10.04,10.23,10.03,11.26,12.84,10.5,10.36
QV2M,2000,3.0,38.125,7.83,6.67,9.59,12.29,11.95,11.03,10.17,10.2,10.27,11.8,12.89,10.33,10.43
QV2M,2000,3.0,38.75,7.7,6.54,9.46,12.44,12.38,11.32,10.42,10.43,10.59,12.39,13.05,10.24,10.59
QV2M,2000,3.0,39.375,7.75,6.65,9.46,12.52,12.88,11.53,10.64,10.64,10.89,12.91,13.2,10.28,10.79
QV2M,2000,3.0,40.0,7.94,6.99,9.64,12.65,13.27,11.73,10.85,10.82,11.2,13.41,13.53,10.37,11.04
QV2M,2000,3.0,40.625,8.22,7.49,9.95,12.82,13.82,11.98,11.09,10.98,11.49,13.96,13.84,10.52,11.35
QV2M,2000,3.0,41.25,8.52,7.86,10.2,12.94,14.22,12.22,11.37,11.28,11.77,14.3,14.03,10.8,11.63
QV2M,2000,3.0,41.875,8.82,8.09,10.5,13.15,14.52,12.44,11.54,11.46,12.04,14.69,14.29,11.36,11.92
QV2M,2000,3.5,34.375,7.59,6.73,9.18,11.02,11.31,11.37,11.31,11.96,10.77,11.4,11.66,9.9,10.36
QV2M,2000,3.5,35.0,7.89,7.04,9.52,11.52,11.33,11.39,10.84,11.91,10.94,11.63,12.2,10.16,10.54
QV2M,2000,3.5,35.625,8.71,7.87,10.42,12.04,11.56,11.22,10.65,11.7,10.9,11.65,12.82,10.95,10.88
QV2M,2000,3.5,36.25,10.2,9.55,11.91,13.32,12.89,12.2,11.64,11.93,11.63,12.61,13.71,12.19,11.99
QV2M,2000,3.5,36.875,7.55,6.52,9.39,11.79,11.35,10.62,9.94,10.35,9.9,11.3,12.34,10.06,10.1
QV2M,2000,3.5,37.5,7.14,6.16,9.1,11.92,11.53,10.73,9.99,10.28,10.03,11.6,12.22,9.72,10.04
QV2M,2000,3.5,38.125,7.0,5.94,8.84,12.06,11.96,10.98,10.17,10.22,10.34,12.15,12.4,9.72,10.16
QV2M,2000,3.5,38.75,6.94,5.89,8.6,12.01,12.28,11.16,10.33,10.39,10.58,12.52,12.46,9.58,10.24
QV2M,2000,3.5,39.375,7.14,6.08,8.72,12.08,12.65,11.3,10.45,10.5,10.79,12.88,12.77,9.78,10.44
QV2M,2000,3.5,40.0,7.36,6.35,8.95,12.27,13.11,11.48,10.63,10.61,10.99,13.4,13.21,9.96,10.7
QV2M,2000,3.5,40.625,7.66,6.76,9.28,12.46,13.68,11.68,10.85,10.73,11.24,13.94,13.65,10.13,11.01
QV2M,2000,3.5,41.25,8.16,7.31,9.71,12.62,13.99,11.97,11.15,11.03,11.44,14.16,13.87,10.59,11.34
QV2M,2000,3.5,41.875,8.39,7.56,9.96,12.88,14.31,12.18,11.31,11.19,11.69,14.49,14.06,10.96,11.59
QV2M,2000,4.0,34.375,7.59,6.72,9.29,12.08,11.7,11.86,11.51,12.37,11.02,12.18,12.18,10.19,10.73
QV2M,2000,4.0,35.0,8.0,7.11,9.73,12.32,11.43,11.51,10.78,12.05,10.92,12.1,12.5,10.44,10.75
QV2M,2000,4.0,35.625,8.82,7.94,10.59,12.46,11.73,11.23,10.64,11.44,10.92,12.08,12.87,11.03,10.99
QV2M,2000,4.0,36.25,10.04,9.5,11.82,13.66,13.2,12.4,11.81,12.02,11.96,13.17,13.72,12.06,12.12
QV2M,2000,4.0,36.875,6.71,5.89,8.7,11.74,11.34,10.55,9.89,10.36,10.06,11.68,11.95,9.43,9.87
QV2M,2000,4.0,37.5,6.32,5.55,8.13,11.54,11.47,10.6,9.91,10.2,10.09,11.83,11.77,9.02,9.71
QV2M,2000,4.0,38.125,6.26,5.45,7.81,11.34,11.75,10.73,10.03,10.16,10.34,12.1,11.86,9.02,9.75
QV2M,2000,4.0,38.75,6.41,5.54,7.86,11.3,11.84,10.77,10.04,10.16,10.43,12.27,11.98,9.05,9.81
QV2M,2000,4.0,39.375,6.66,5.72,8.09,11.58,12.4,10.96,10.18,10.26,10.66,12.74,12.54,9.45,10.11
QV2M,2000,4.0,40.0,6.93,5.94,8.3,11.84,13.02,11.21,10.39,10.38,10.83,13.31,12.94,9.76,10.41
QV2M,2000,4.0,40.625,7.3,6.26,8.7,12.1,13.49,11.38,10.56,10.45,10.95,13.75,13.44,10.09,10.72
QV2M,2000,4.0,41.25,7.72,6.63,9.16,12.41,13.81,11.71,10.86,10.71,11.17,14.06,13.73,10.63,11.06
QV2M,2000,4.0,41.875,7.94,6.93,9.35,12.77,14.21,11.98,11.07,10.94,11.45,14.47,14.07,10.96,11.36
QV2M,2000,4.5,34.375,7.55,6.66,9.34,13.21,11.95,12.22,11.65,12.7,10.9,13.2,12.55,10.43,11.04
QV2M,2000,4.5,35.0,8.01,7.09,9.74,13.0,11.61,11.51,10.74,12.15,10.79,12.56,12.71,10.66,10.89
QV2M,2000,4.5,35.625,8.32,7.49,10.09,12.61,11.66,11.04,10.48,11.29,10.88,12.2,12.69,10.73,10.8
QV2M,2000,4.5,36.25,8.03,7.55,9.87,12.77,12.1,11.25,10.69,11.27,11.0,12.54,12.71,10.67,10.88
QV2M,2000,4.5,36.875,6.87,6.37,8.74,12.17,11.9,10.9,10.31,10.86,10.79,12.41,12.26,9.71,10.28
QV2M,2000,4.5,37.5,5.83,5.22,7.32,11.13,11.47,10.39,9.79,10.38,10.37,12.21,11.56,8.66,9.54
QV2M,2000,4.5,38.125,5.94,5.24,7.26,10.69,11.34,10.34,9.76,10.0,10.25,11.96,11.55,8.83,9.44
QV2M,2000,4.5,38.75,6.12,5.36,7.39,10.86,11.64,10.48,9.84,10.03,10.45,12.32,11.93,9.01,9.63
QV2M,2000,4.5,39.375,6.32,5.49,7.55,11.11,12.26,10.71,9.99,10.04,10.52,12.69,12.25,9.16,9.85
QV2M,2000,4.5,40.0,6.57,5.67,7.77,11.28,12.53,10.91,10.15,10.12,10.66,12.81,12.3,9.25,10.01
QV2M,2000,4.5,40.625,6.94,5.93,8.13,11.65,13.21,11.16,10.31,10.2,10.75,13.48,13.0,9.78,10.39
QV2M,2000,4.5,41.25,7.4,6.2,8.51,12.09,13.52,11.51,10.6,10.43,10.94,13.82,13.39,10.24,10.73
QV2M,2000,4.5,41.875,7.57,6.45,8.69,12.62,14.21,11.81,10.84,10.7,11.27,14.61,14.06,10.73,11.14
QV2M,2001,-0.5,34.375,13.63,12.84,13.39,14.47,14.17,12.83,12.28,12.53,13.42,13.54,14.09,12.97,13.35
QV2M,2001,-0.5,35.0,12.18,11.09,11.76,13.1,12.91,11.81,11.45,11.34,12.23,12.08,12.88,11.44,12.02
QV2M,2001,-0.5,35.625,10.18,8.77,9.36,11.2,11.04,10.28,10.15,9.74,10.4,10.22,11.15,9.86,10.2
QV2M,2001,-0.5,36.25,10.12,8.66,9.3,11.36,10.97,10.2,10.02,9.53,10.03,10.0,11.28,10.08,10.13
QV2M,2001,-0.5,36.875,10.58,9.29,9.84,12.01,11.43,10.42,9.93,9.38,9.84,10.12,11.89,11.0,10.48
QV2M,2001,-0.5,37.5,12.06,10.85,11.24,13.41,12.62,11.26,10.45,9.99,10.44,10.86,13.3,12.67,11.6
QV2M,2001,-0.5,38.125,13.28,11.7,12.07,14.18,12.8,11.17,10.27,9.67,10.27,10.95,14.53,14.2,12.09
QV2M,2001,-0.5,38.75,14.01,12.1,13.01,15.29,13.89,12.01,10.99,10.57,11.13,11.84,15.45,14.96,12.94
QV2M,2001,-0.5,39.375,13.8,12.43,13.56,16.27,15.45,13.35,11.93,11.58,12.05,12.54,15.73,15.08,13.65
QV2M,2001,-0.5,40.0,13.95,12.94,13.9,16.53,16.12,14.13,12.55,12.26,12.61,12.99,15.86,15.39,14.1
QV2M,2001,-0.5,40.625,13.44,13.35,14.0,16.3,16.78,15.06,13.24,12.94,13.24,13.41,16.28,15.65,14.48
QV2M,2001,-0.5,41.25,13.94,13.96,14.43,16.61,17.14,15.5,13.53,13.25,13.59,13.85,16.54,15.81,14.85
QV2M,2001,-0.5,41.875,14.92,14.83,15.19,17.06,17.44,15.79,13.93,13.96,14.13,14.59,16.57,16.18,15.38
QV2M,2001,-1.0,34.375,13.53,13.14,13.37,14.12,13.56,12.01,11.31,11.23,12.48,12.6,13.7,13.02,12.83
QV2M,2001,-1.0,35.0,12.28,11.63,11.73,12.89,12.47,11.23,10.73,10.32,11.26,11.23,12.31,11.18,11.6
QV2M,2001,-1.0,35.625,11.53,10.45,10.37,12.11,11.76,10.67,10.24,9.61,10.33,10.34,11.48,10.2,10.76
QV2M,2001,-1.0,36.25,11.2,10.24,10.08,12.13,11.68,10.6,9.97,9.35,9.83,10.01,11.54,10.71,10.61
QV2M,2001,-1.0,36.875,11.79,10.66,10.64,12.45,11.77,10.54,9.88,9.09,9.51,10.03,12.39,12.13,10.91
QV2M,2001,-1.0,37.5,12.9,11.75,11.88,13.71,12.84,11.31,10.36,9.77,10.34,10.82,13.49,13.26,11.87
QV2M,2001,-1.0,38.125,13.13,11.54,12.16,14.16,12.88,11.23,10.3,9.71,10.31,10.99,14.22,13.87,12.04
QV2M,2001,-1.0,38.75,14.46,12.27,13.39,15.53,14.06,12.12,11.1,10.7,11.27,12.02,15.57,15.06,13.13
QV2M,2001,-1.0,39.375,14.25,12.67,13.98,16.63,15.75,13.49,12.02,11.71,12.21,12.76,15.93,15.22,13.89
QV2M,2001,-1.0,40.0,14.58,13.25,14.33,16.91,16.37,14.29,12.68,12.43,12.79,13.24,16.13,15.68,14.39
QV2M,2001,-1.0,40.625,13.95,13.73,14.43,16.55,16.99,15.31,13.46,13.17,13.43,13.61,16.29,15.83,14.73
QV2M,2001,-1.0,41.25,14.59,14.44,14.93,16.8,17.31,15.75,13.88,13.57,13.85,14.09,16.48,16.06,15.15
QV2M,2001,-1.0,41.875,16.23,16.03,16.54,17.91,17.99,16.2,14.51,14.6,14.86,15.48,17.04,17.07,16.2
QV2M,2001,-1.5,34.375,13.49,12.7,12.47,13.44,12.61,11.15,10.2,10.32,11.77,12.07,13.12,12.57,12.15
QV2M,2001,-1.5,35.0,12.85,12.06,11.44,12.96,12.17,10.55,9.74,9.31,10.51,10.83,12.09,11.18,11.3
QV2M,2001,-1.5,35.625,11.92,11.08,10.47,12.34,11.78,10.19,9.45,8.9,9.71,10.09,11.42,10.65,10.66
QV2M,2001,-1.5,36.25,12.52,11.0,10.59,12.73,12.12,10.61,9.74,9.15,9.68,10.04,12.05,11.4,10.97
QV2M,2001,-1.5,36.875,12.22,10.84,10.5,12.27,11.63,10.26,9.29,8.69,9.26,9.82,12.24,12.14,10.76
QV2M,2001,-1.5,37.5,12.79,11.59,11.55,13.15,12.35,10.77,9.78,9.14,9.82,10.38,13.07,13.09,11.45
QV2M,2001,-1.5,38.125,13.55,12.25,12.69,14.24,13.13,11.45,10.46,9.89,10.47,11.17,14.08,14.14,12.29
QV2M,2001,-1.5,38.75,14.6,12.65,13.64,15.68,14.25,12.26,11.2,10.81,11.38,12.13,15.24,15.0,13.24
QV2M,2001,-1.5,39.375,14.8,13.1,14.35,16.72,15.69,13.5,12.14,11.84,12.33,12.98,15.83,15.38,14.06
QV2M,2001,-1.5,40.0,14.46,13.54,14.75,17.11,16.69,14.66,12.97,12.65,13.03,13.5,16.17,15.75,14.61
QV2M,2001,-1.5,40.625,14.4,14.11,14.87,16.81,17.16,15.53,13.69,13.43,13.67,13.91,16.21,15.93,14.98
QV2M,2001,-1.5,41.25,15.22,14.91,15.43,17.07,17.5,15.95,14.12,13.85,14.1,14.37,16.41,16.32,15.44
QV2M,2001,-1.5,41.875,17.39,17.14,17.75,18.77,18.52,16.56,15.09,15.28,15.62,16.35,17.55,17.96,17.0
QV2M,2001,-1.7975103014118005e-13,34.375,13.21,11.91,12.86,14.6,14.69,13.39,12.89,13.3,13.85,13.99,14.3,12.8,13.49
QV2M,2001,-1.7975103014118005e-13,35.0,11.87,10.36,11.39,13.29,13.51,12.47,12.21,12.33,12.81,12.85,13.22,11.64,12.34
QV2M,2001,-1.7975103014118005e-13,35.625,10.16,8.62,9.38,11.4,11.5,10.92,10.92,10.84,11.1,11.02,11.67,10.35,10.67
QV2M,2001,-1.7975103014118005e-13,36.25,10.01,8.42,9.08,11.4,11.13,10.75,10.93,10.75,10.82,10.59,11.77,10.16,10.49
QV2M,2001,-1.7975103014118005e-13,36.875,10.13,8.82,9.34,11.7,11.23,10.53,10.41,10.14,10.19,10.19,11.81,10.72,10.44
QV2M,2001,-1.7975103014118005e-13,37.5,10.75,9.89,10.17,12.25,11.53,10.44,9.91,9.55,9.9,10.22,12.33,11.73,10.72
QV2M,2001,-1.7975103014118005e-13,38.125,12.78,11.56,11.92,14.15,12.73,11.13,10.24,9.63,10.25,10.9,14.63,14.09,12.0
QV2M,2001,-1.7975103014118005e-13,38.75,13.23,11.92,12.71,15.18,13.91,12.03,10.95,10.52,11.06,11.72,15.23,14.5,12.75
QV2M,2001,-1.7975103014118005e-13,39.375,13.09,12.17,13.15,15.95,15.19,13.16,11.82,11.44,11.88,12.33,15.32,14.56,13.34
QV2M,2001,-1.7975103014118005e-13,40.0,13.08,12.62,13.46,16.11,15.82,13.89,12.41,12.1,12.42,12.77,15.49,14.82,13.75
QV2M,2001,-1.7975103014118005e-13,40.625,12.88,13.03,13.6,16.17,16.47,14.72,12.94,12.62,12.93,13.19,15.97,15.2,14.14
QV2M,2001,-1.7975103014118005e-13,41.25,13.34,13.58,13.98,16.57,16.84,15.1,13.12,12.89,13.26,13.66,16.3,15.41,14.5
QV2M,2001,-1.7975103014118005e-13,41.875,14.0,14.14,14.39,16.88,17.08,15.34,13.44,13.46,13.62,14.14,16.3,15.65,14.87
QV2M,2001,-2.0,34.375,13.57,12.52,12.22,13.35,12.22,10.31,9.34,9.34,11.22,11.56,12.92,12.32,11.73
QV2M,2001,-2.0,35.0,12.82,11.88,11.1,12.89,11.82,10.05,8.96,8.46,9.95,10.47,12.06,11.39,10.98
QV2M,2001,-2.0,35.625,11.98,11.19,10.63,12.49,11.73,10.04,9.11,8.48,9.49,10.07,11.7,11.19,10.67
QV2M,2001,-2.0,36.25,12.89,11.33,10.93,12.85,11.94,10.19,9.26,8.69,9.55,10.05,12.29,11.82,10.98
QV2M,2001,-2.0,36.875,12.31,10.98,10.56,12.38,11.56,9.92,9.06,8.47,9.27,9.81,12.2,12.12,10.72
QV2M,2001,-2.0,37.5,13.13,11.88,11.74,13.19,12.26,10.58,9.62,9.01,9.79,10.37,13.04,13.18,11.48
QV2M,2001,-2.0,38.125,13.85,12.44,12.85,14.26,13.1,11.37,10.42,9.86,10.5,11.21,13.95,14.13,12.33
QV2M,2001,-2.0,38.75,14.93,13.03,13.93,15.7,14.37,12.42,11.34,10.94,11.52,12.28,15.14,15.07,13.39
QV2M,2001,-2.0,39.375,15.18,13.58,14.75,16.74,15.81,13.7,12.34,11.98,12.47,13.16,15.74,15.54,14.25
QV2M,2001,-2.0,40.0,14.89,14.12,15.34,17.26,16.76,14.71,13.06,12.83,13.22,13.8,16.16,15.86,14.83
QV2M,2001,-2.0,40.625,15.19,14.92,15.72,17.28,17.47,15.82,14.03,13.8,14.08,14.47,16.3,16.35,15.45
QV2M,2001,-2.0,41.25,16.83,16.59,17.19,18.09,18.07,16.24,14.49,14.6,15.04,15.7,16.88,17.38,16.42
QV2M,2001,-2.0,41.875,17.95,17.66,18.37,19.22,18.81,16.7,15.41,15.65,16.04,16.78,17.87,18.54,17.41
QV2M,2001,-2.5,34.375,13.31,12.35,11.82,12.89,11.58,9.37,8.47,8.06,9.98,10.44,12.5,12.16,11.07
QV2M,2001,-2.5,35.0,12.56,11.7,10.95,12.35,11.25,9.36,8.28,7.77,8.95,9.69,11.97,11.67,10.53
QV2M,2001,-2.5,35.625,12.39,11.57,11.03,12.51,11.34,9.42,8.51,7.98,8.87,9.57,12.25,11.84,10.6
QV2M,2001,-2.5,36.25,12.71,11.22,10.8,12.49,11.41,9.79,8.89,8.32,9.01,9.57,12.28,11.99,10.7
QV2M,2001,-2.5,36.875,12.7,11.46,10.86,12.5,11.25,9.62,8.7,8.18,9.08,9.6,12.43,12.62,10.74
QV2M,2001,-2.5,37.5,13.32,11.94,11.52,12.9,11.83,10.16,9.21,8.64,9.46,10.08,12.79,13.32,11.26
QV2M,2001,-2.5,38.125,14.11,12.71,12.88,14.14,12.97,11.28,10.33,9.75,10.39,11.11,13.82,14.38,12.32
QV2M,2001,-2.5,38.75,15.1,13.38,14.06,15.55,14.33,12.51,11.4,10.98,11.57,12.34,14.96,15.36,13.46
QV2M,2001,-2.5,39.375,15.48,14.08,15.03,16.6,15.81,13.86,12.53,12.13,12.59,13.29,15.6,15.9,14.41
QV2M,2001,-2.5,40.0,15.63,15.06,16.01,17.24,16.73,14.73,13.24,13.12,13.53,14.22,16.14,16.25,15.16
QV2M,2001,-2.5,40.625,16.82,16.58,17.35,18.27,18.07,16.21,14.65,14.58,14.98,15.63,16.96,17.42,16.46
QV2M,2001,-2.5,41.25,18.05,17.8,18.59,19.25,18.8,16.65,15.38,15.51,15.95,16.72,17.77,18.6,17.42
QV2M,2001,-2.5,41.875,17.99,17.66,18.36,19.16,18.79,16.68,15.4,15.6,15.98,16.7,17.75,18.56,17.38
QV2M,2001,-3.0,34.375,13.31,12.79,12.06,12.64,11.2,9.08,8.13,7.64,8.57,9.41,11.98,12.03,10.72
QV2M,2001,-3.0,35.0,12.65,11.87,11.16,12.08,11.01,9.12,8.15,7.69,8.29,9.1,11.49,11.57,10.34
QV2M,2001,-3.0,35.625,11.59,10.71,10.31,11.49,10.75,9.16,8.23,7.74,8.35,8.98,10.96,11.1,9.94
QV2M,2001,-3.0,36.25,12.61,11.17,10.69,12.33,11.36,9.72,8.79,8.3,8.85,9.32,11.84,11.67,10.55
QV2M,2001,-3.0,36.875,12.59,11.35,10.43,12.29,11.51,10.1,8.94,8.33,8.83,9.25,11.65,12.25,10.62
QV2M,2001,-3.0,37.5,11.87,10.98,10.68,11.97,11.28,9.84,8.9,8.31,8.94,9.52,11.42,12.09,10.48
QV2M,2001,-3.0,38.125,13.99,12.71,12.82,13.95,12.91,11.32,10.36,9.82,10.37,11.08,13.42,14.28,12.25
QV2M,2001,-3.0,38.75,15.06,13.5,14.17,15.4,14.31,12.63,11.49,11.08,11.59,12.38,14.84,15.59,13.5
QV2M,2001,-3.0,39.375,15.58,14.43,15.35,16.58,15.91,14.03,12.68,12.32,12.75,13.45,15.54,16.07,14.56
QV2M,2001,-3.0,40.0,16.41,15.91,16.73,17.53,16.92,14.95,13.56,13.54,13.95,14.72,16.26,16.87,15.61
QV2M,2001,-3.0,40.625,18.03,17.79,18.71,19.18,18.64,16.59,15.29,15.3,15.76,16.56,17.63,18.51,17.33
QV2M,2001,-3.0,41.25,18.09,17.76,18.57,19.15,18.77,16.65,15.35,15.46,15.86,16.59,17.67,18.63,17.38
QV2M,2001,-3.0,41.875,18.07,17.65,18.41,19.14,18.77,16.66,15.38,15.55,15.91,16.63,17.73,18.65,17.38
QV2M,2001,-3.5,34.375,13.98,13.84,12.9,12.94,11.19,9.14,8.2,7.81,8.5,9.48,12.01,12.37,11.01
QV2M,2001,-3.5,35.0,13.36,12.91,12.1,12.68,11.45,9.66,8.69,8.37,9.01,9.76,11.85,12.01,10.97
QV2M,2001,-3.5,35.625,12.61,11.7,11.29,12.23,11.14,9.45,8.47,8.08,8.7,9.35,11.38,11.49,10.48
QV2M,2001,-3.5,36.25,12.77,11.56,11.31,12.53,11.42,9.78,8.85,8.36,9.02,9.63,11.6,11.8,10.71
QV2M,2001,-3.5,36.875,12.76,11.52,11.53,13.14,12.08,10.42,9.4,8.86,9.47,10.1,12.12,12.35,11.14
QV2M,2001,-3.5,37.5,12.97,11.67,12.05,13.75,12.69,11.03,9.94,9.42,9.95,10.64,12.64,12.93,11.64
QV2M,2001,-3.5,38.125,13.67,12.53,12.85,14.09,13.08,11.5,10.52,10.05,10.55,11.28,13.2,13.96,12.27
QV2M,2001,-3.5,38.75,14.81,13.72,14.37,15.44,14.48,12.74,11.65,11.28,11.7,12.48,14.33,15.14,13.51
QV2M,2001,-3.5,39.375,15.55,14.68,15.66,16.65,16.06,14.17,12.79,12.48,12.87,13.61,15.39,16.03,14.66
QV2M,2001,-3.5,40.0,17.37,16.92,17.8,18.37,17.66,15.64,14.29,14.32,14.75,15.55,16.85,17.71,16.43
QV2M,2001,-3.5,40.625,18.16,17.9,18.83,19.17,18.65,16.64,15.32,15.31,15.76,16.52,17.57,18.6,17.37
QV2M,2001,-3.5,41.25,18.18,17.8,18.69,19.19,18.73,16.65,15.31,15.41,15.8,16.51,17.6,18.67,17.38
QV2M,2001,-3.5,41.875,18.18,17.7,18.52,19.16,18.72,16.6,15.32,15.49,15.83,16.54,17.67,18.68,17.37
QV2M,2001,-4.0,34.375,14.13,14.1,13.17,12.99,11.15,9.1,8.07,7.66,8.23,9.42,11.82,12.53,11.01
QV2M,2001,-4.0,35.0,13.37,12.97,12.09,12.47,11.03,9.25,8.2,7.84,8.41,9.23,11.26,11.86,10.65
QV2M,2001,-4.0,35.625,12.84,12.19,11.65,12.36,11.15,9.43,8.36,8.02,8.6,9.29,11.13,11.77,10.55
QV2M,2001,-4.0,36.25,13.09,12.16,11.75,12.64,11.39,9.7,8.75,8.36,8.91,9.56,11.35,12.15,10.81
QV2M,2001,-4.0,36.875,13.01,12.21,12.16,13.13,11.98,10.26,9.3,8.84,9.34,10.05,11.94,12.81,11.25
QV2M,2001,-4.0,37.5,13.59,12.48,12.8,13.86,12.74,11.01,9.99,9.5,9.95,10.75,12.71,13.55,11.91
QV2M,2001,-4.0,38.125,14.05,12.99,13.59,14.65,13.45,11.78,10.72,10.27,10.79,11.62,13.62,14.38,12.66
QV2M,2001,-4.0,38.75,14.89,13.99,14.83,15.9,14.89,13.05,11.92,11.62,12.07,12.84,14.58,15.33,13.82
QV2M,2001,-4.0,39.375,15.76,15.2,16.18,16.95,16.49,14.49,13.03,12.85,13.17,13.93,15.42,16.21,14.97
QV2M,2001,-4.0,40.0,18.09,17.83,18.7,18.93,18.34,16.32,14.99,14.99,15.44,16.25,17.29,18.42,17.13
QV2M,2001,-4.0,40.625,18.3,18.0,18.88,19.16,18.61,16.63,15.28,15.28,15.71,16.44,17.52,18.68,17.37
QV2M,2001,-4.0,41.25,18.31,17.9,18.84,19.22,18.66,16.63,15.29,15.34,15.73,16.44,17.58,18.73,17.39
QV2M,2001,-4.0,41.875,18.3,17.76,18.62,19.18,18.64,16.54,15.27,15.42,15.76,16.44,17.63,18.7,17.35
QV2M,2001,-4.5,34.375,13.62,13.49,12.72,12.76,10.85,9.02,7.98,7.4,7.78,8.93,10.8,11.92,10.59
QV2M,2001,-4.5,35.0,13.03,12.61,11.91,12.4,10.83,9.08,8.03,7.6,8.04,8.92,10.67,11.49,10.37
QV2M,2001,-4.5,35.625,12.83,12.36,11.74,12.42,11.04,9.33,8.23,7.9,8.46,9.27,10.87,11.7,10.5
QV2M,2001,-4.5,36.25,13.46,12.75,12.21,13.0,11.47,9.69,8.72,8.45,9.02,9.78,11.29,12.26,11.0
QV2M,2001,-4.5,36.875,13.32,12.74,12.47,13.36,12.05,10.25,9.29,9.02,9.49,10.24,11.75,12.84,11.39
QV2M,2001,-4.5,37.5,13.93,13.17,13.14,14.15,12.98,11.17,10.17,9.79,10.12,10.92,12.54,13.63,12.14
QV2M,2001,-4.5,38.125,14.41,13.67,13.78,14.68,13.65,11.87,10.83,10.33,10.66,11.53,13.34,14.42,12.76
QV2M,2001,-4.5,38.75,15.53,14.8,15.37,16.22,15.21,13.21,12.11,11.81,12.25,13.09,14.73,15.77,14.17
QV2M,2001,-4.5,39.375,17.0,16.5,17.31,17.85,17.2,15.11,13.76,13.73,14.09,14.85,16.02,17.22,15.88
QV2M,2001,-4.5,40.0,18.42,18.2,19.02,18.98,18.46,16.44,15.12,15.09,15.55,16.37,17.39,18.72,17.31
QV2M,2001,-4.5,40.625,18.46,18.12,19.02,19.15,18.56,16.58,15.24,15.23,15.67,16.38,17.47,18.74,17.38
QV2M,2001,-4.5,41.25,18.47,18.0,18.99,19.21,18.58,16.58,15.25,15.27,15.67,16.38,17.52,18.78,17.39
QV2M,2001,-4.5,41.875,18.41,17.85,18.84,19.16,18.58,16.49,15.21,15.36,15.68,16.37,17.57,18.71,17.35
QV2M,2001,0.5,34.375,12.24,10.48,12.17,14.23,14.91,13.82,13.3,13.55,13.84,13.94,14.17,12.5,13.28
QV2M,2001,0.5,35.0,10.87,9.21,10.29,12.46,13.14,12.36,12.25,12.35,12.25,12.46,12.81,11.3,11.83
QV2M,2001,0.5,35.625,10.22,8.76,9.53,11.93,12.36,11.83,11.9,12.23,11.81,11.9,12.56,10.69,11.32
QV2M,2001,0.5,36.25,10.14,8.86,9.37,11.63,11.52,11.5,11.73,12.0,11.38,11.02,12.14,10.85,11.02
QV2M,2001,0.5,36.875,10.31,9.37,9.76,11.86,11.22,10.83,10.9,11.04,10.46,10.43,12.27,11.41,10.83
QV2M,2001,0.5,37.5,10.85,9.97,10.44,12.58,11.61,10.64,10.21,9.97,10.06,10.4,13.09,12.23,11.01
QV2M,2001,0.5,38.125,11.73,10.9,11.48,13.92,12.76,11.18,10.26,9.68,10.27,10.84,14.2,13.35,11.71
QV2M,2001,0.5,38.75,12.4,11.51,12.31,14.99,13.92,12.06,10.92,10.46,10.98,11.59,14.73,13.93,12.48
QV2M,2001,0.5,39.375,12.37,11.77,12.82,15.79,15.06,13.02,11.7,11.28,11.7,12.16,15.05,14.3,13.09
QV2M,2001,0.5,40.0,12.26,12.2,13.1,16.0,15.64,13.68,12.22,11.86,12.19,12.6,15.26,14.52,13.46
QV2M,2001,0.5,40.625,12.27,12.71,13.27,16.11,16.06,14.24,12.57,12.26,12.61,13.04,15.54,14.77,13.79
QV2M,2001,0.5,41.25,12.76,13.23,13.57,16.49,16.31,14.52,12.75,12.57,12.96,13.54,15.83,14.9,14.12
QV2M,2001,0.5,41.875,13.31,13.69,13.87,16.84,16.62,14.75,12.99,13.06,13.27,13.97,15.93,15.06,14.44
QV2M,2001,1.0,34.375,10.76,9.58,10.65,12.37,13.05,12.4,12.0,12.17,12.21,12.24,12.37,10.96,11.74
QV2M,2001,1.0,35.0,10.08,8.68,9.62,11.72,12.36,11.76,11.67,11.86,11.55,11.77,12.17,10.94,11.2
QV2M,2001,1.0,35.625,9.66,8.32,9.26,11.7,12.08,11.79,11.82,12.22,11.3,11.39,12.3,10.55,11.05
QV2M,2001,1.0,36.25,10.11,8.81,9.49,11.84,11.49,11.61,11.73,12.2,11.0,10.78,12.19,11.08,11.04
QV2M,2001,1.0,36.875,10.29,9.59,10.13,12.04,11.33,10.81,10.66,10.93,10.18,10.41,12.46,11.71,10.88
QV2M,2001,1.0,37.5,11.03,10.22,10.86,13.07,12.12,10.94,10.36,10.0,10.14,10.55,13.45,12.56,11.28
QV2M,2001,1.0,38.125,11.52,10.64,11.43,13.98,12.88,11.3,10.35,9.8,10.32,10.91,14.1,13.11,11.7
QV2M,2001,1.0,38.75,11.94,11.14,12.2,15.0,13.96,12.1,10.93,10.44,10.93,11.6,14.66,13.72,12.39
QV2M,2001,1.0,39.375,11.77,11.4,12.64,15.83,15.02,12.9,11.58,11.15,11.55,12.1,15.04,14.15,12.93
QV2M,2001,1.0,40.0,11.53,11.8,12.82,15.89,15.47,13.47,12.01,11.64,11.98,12.51,15.15,14.33,13.22
QV2M,2001,1.0,40.625,11.6,12.25,12.94,16.04,15.77,13.88,12.27,11.95,12.34,12.96,15.37,14.56,13.49
QV2M,2001,1.0,41.25,12.02,12.65,13.12,16.52,16.09,14.17,12.44,12.28,12.68,13.42,15.65,14.66,13.81
QV2M,2001,1.0,41.875,12.5,13.03,13.32,16.64,16.23,14.29,12.65,12.74,12.98,13.81,15.6,14.63,14.03
QV2M,2001,1.5,34.375,10.07,8.24,10.36,12.24,13.84,13.28,13.02,13.29,13.0,13.18,13.05,10.53,12.03
QV2M,2001,1.5,35.0,9.65,8.35,9.75,11.84,12.69,12.4,12.35,12.74,12.0,12.14,12.59,10.66,11.45
QV2M,2001,1.5,35.625,9.58,8.38,9.64,11.97,12.08,12.03,12.0,12.3,11.04,11.21,12.38,10.68,11.12
QV2M,2001,1.5,36.25,9.96,8.88,9.83,12.02,11.41,11.79,11.63,11.69,10.37,10.55,12.36,11.05,10.97
QV2M,2001,1.5,36.875,10.35,9.74,10.53,12.53,11.8,11.03,10.58,10.34,9.99,10.37,12.72,11.85,10.99
QV2M,2001,1.5,37.5,10.96,10.25,11.18,13.4,12.41,11.38,10.63,10.16,10.23,10.75,13.58,12.55,11.46
QV2M,2001,1.5,38.125,11.39,10.58,11.71,14.35,13.11,11.55,10.5,9.93,10.39,11.12,14.37,13.17,11.85
QV2M,2001,1.5,38.75,11.71,10.79,12.26,15.36,14.03,12.12,10.97,10.47,10.92,11.72,15.07,13.96,12.45
QV2M,2001,1.5,39.375,10.99,11.0,12.41,15.73,14.95,12.86,11.52,11.04,11.41,12.09,14.98,14.04,12.76
QV2M,2001,1.5,40.0,11.18,11.27,12.61,16.01,15.41,13.3,11.84,11.42,11.74,12.46,15.16,14.25,13.06
QV2M,2001,1.5,40.625,10.84,11.6,12.59,16.0,15.58,13.6,12.03,11.68,12.08,12.85,15.26,14.43,13.21
QV2M,2001,1.5,41.25,11.19,11.86,12.58,16.1,15.73,13.87,12.22,12.01,12.39,13.21,15.26,14.29,13.39
QV2M,2001,1.5,41.875,11.61,12.19,12.81,16.38,15.95,13.93,12.36,12.44,12.68,13.61,15.48,14.43,13.66
QV2M,2001,2.0,34.375,9.35,8.2,10.3,12.02,13.68,13.54,13.36,13.55,12.79,12.98,12.9,10.48,11.95
QV2M,2001,2.0,35.0,9.32,8.33,9.95,11.91,12.5,12.36,12.31,12.57,11.45,11.66,12.45,10.69,11.31
QV2M,2001,2.0,35.625,9.5,8.62,10.02,12.23,12.07,11.93,11.73,11.85,10.28,10.71,12.49,10.81,11.03
QV2M,2001,2.0,36.25,10.0,9.11,10.34,12.41,11.72,11.71,11.37,10.98,9.75,10.4,12.73,11.22,10.99
QV2M,2001,2.0,36.875,10.27,9.8,10.82,12.92,12.06,11.18,10.56,10.02,9.83,10.45,12.95,11.95,11.07
QV2M,2001,2.0,37.5,10.85,10.36,11.47,13.98,12.85,11.59,10.62,10.05,10.15,10.95,13.96,12.8,11.64
QV2M,2001,2.0,38.125,11.04,10.37,11.76,14.83,13.43,11.71,10.6,10.03,10.46,11.33,14.67,13.44,11.98
QV2M,2001,2.0,38.75,10.86,10.48,12.06,15.39,14.17,12.23,11.03,10.48,10.87,11.76,14.96,13.61,12.33
QV2M,2001,2.0,39.375,10.1,10.49,12.11,15.73,14.9,12.79,11.43,10.9,11.23,12.08,14.96,13.73,12.54
QV2M,2001,2.0,40.0,10.1,10.6,12.21,15.96,15.3,13.12,11.71,11.21,11.51,12.4,15.12,13.95,12.77
QV2M,2001,2.0,40.625,9.84,10.79,12.23,16.08,15.39,13.24,11.8,11.44,11.82,12.69,15.38,14.36,12.93
QV2M,2001,2.0,41.25,10.14,11.01,12.27,16.0,15.49,13.54,11.95,11.73,12.09,12.99,15.26,14.09,13.05
QV2M,2001,2.0,41.875,10.54,11.21,12.36,16.12,15.55,13.55,12.07,12.13,12.41,13.44,15.37,14.03,13.24
QV2M,2001,2.5,34.375,8.81,8.34,10.19,11.98,12.63,13.07,12.8,13.0,11.62,12.03,12.6,10.48,11.48
QV2M,2001,2.5,35.0,9.22,8.62,10.29,12.4,12.55,12.23,12.04,12.17,10.85,11.31,12.55,10.92,11.28
QV2M,2001,2.5,35.625,9.51,8.92,10.48,12.75,12.44,11.71,11.32,11.19,9.76,10.61,12.67,11.01,11.04
QV2M,2001,2.5,36.25,10.72,10.26,11.56,13.59,12.93,12.05,11.45,10.94,10.63,11.37,13.49,12.08,11.76
QV2M,2001,2.5,36.875,10.43,10.11,11.33,13.64,12.67,11.54,10.73,10.15,10.13,10.94,13.46,12.26,11.45
QV2M,2001,2.5,37.5,10.4,10.06,11.56,14.4,13.06,11.51,10.48,9.88,10.13,11.07,14.08,12.59,11.6
QV2M,2001,2.5,38.125,9.89,10.06,11.68,14.9,13.66,11.8,10.63,10.04,10.44,11.39,14.34,12.73,11.8
QV2M,2001,2.5,38.75,9.6,10.07,11.94,15.51,14.34,12.25,10.99,10.39,10.75,11.74,14.68,12.81,12.09
QV2M,2001,2.5,39.375,9.0,10.0,11.9,15.82,14.91,12.66,11.3,10.72,11.05,12.02,14.7,12.79,12.24
QV2M,2001,2.5,40.0,8.93,10.1,11.96,15.92,15.2,12.87,11.54,10.99,11.27,12.28,14.74,12.86,12.39
QV2M,2001,2.5,40.625,8.99,10.18,11.94,15.74,15.1,12.9,11.57,11.19,11.54,12.53,14.83,12.92,12.46
QV2M,2001,2.5,41.25,9.28,10.27,11.89,15.49,15.11,13.22,11.76,11.49,11.79,12.79,14.62,12.57,12.53
QV2M,2001,2.5,41.875,9.59,10.4,11.96,15.52,15.2,13.26,11.86,11.85,12.09,13.22,14.68,12.68,12.7
QV2M,2001,3.0,34.375,8.32,8.48,10.38,12.51,12.56,12.93,12.61,12.93,11.51,11.98,12.74,10.92,11.5
QV2M,2001,3.0,35.0,8.99,8.87,10.74,13.13,12.97,12.5,12.06,12.16,10.78,11.57,13.15,11.3,11.53
QV2M,2001,3.0,35.625,9.7,9.45,11.17,13.69,13.09,11.66,11.2,10.96,10.2,11.09,13.28,11.31,11.41
QV2M,2001,3.0,36.25,11.64,11.67,12.86,14.89,13.92,12.51,11.86,11.48,11.61,12.42,14.46,13.16,12.71
QV2M,2001,3.0,36.875,10.04,9.92,11.38,14.03,12.8,11.35,10.55,9.97,10.08,10.98,13.63,12.03,11.4
QV2M,2001,3.0,37.5,9.59,9.82,11.59,14.73,13.33,11.51,10.48,9.88,10.17,11.18,13.98,12.01,11.52
QV2M,2001,3.0,38.125,8.84,9.68,11.58,15.14,13.92,11.89,10.67,10.01,10.37,11.43,14.07,11.84,11.62
QV2M,2001,3.0,38.75,8.5,9.54,11.76,15.69,14.55,12.23,10.9,10.27,10.62,11.73,14.24,11.63,11.81
QV2M,2001,3.0,39.375,8.18,9.4,11.67,15.86,14.97,12.47,11.15,10.52,10.87,11.93,14.07,11.47,11.88
QV2M,2001,3.0,40.0,8.23,9.52,11.73,15.83,15.13,12.59,11.3,10.74,11.05,12.15,14.1,11.5,11.99
QV2M,2001,3.0,40.625,8.46,9.57,11.62,15.32,14.82,12.6,11.36,10.93,11.28,12.39,14.02,11.41,11.99
QV2M,2001,3.0,41.25,8.71,9.64,11.6,15.15,14.8,12.86,11.52,11.22,11.5,12.62,13.97,11.49,12.1
QV2M,2001,3.0,41.875,8.97,9.68,11.6,14.99,14.8,12.89,11.54,11.47,11.69,12.95,13.98,11.66,12.19
QV2M,2001,3.5,34.375,8.16,8.67,10.67,13.02,12.83,13.04,12.58,13.04,11.42,12.2,13.32,11.35,11.71
QV2M,2001,3.5,35.0,8.81,9.21,11.32,13.86,13.41,12.76,12.1,12.21,11.11,11.97,13.65,11.67,11.85
QV2M,2001,3.5,35.625,9.93,10.28,11.96,14.41,13.51,11.81,11.14,10.89,10.57,11.54,13.89,11.94,11.83
QV2M,2001,3.5,36.25,11.23,11.7,12.96,15.22,14.2,12.6,11.88,11.54,11.74,12.59,14.5,13.17,12.78
QV2M,2001,3.5,36.875,9.48,9.51,11.3,14.53,13.14,11.45,10.46,9.82,9.98,11.03,13.59,11.43,11.31
QV2M,2001,3.5,37.5,8.75,9.15,11.21,14.67,13.37,11.48,10.5,9.83,10.11,11.17,13.46,10.92,11.22
QV2M,2001,3.5,38.125,8.12,8.99,11.24,15.18,14.16,11.97,10.77,10.05,10.33,11.45,13.38,10.66,11.36
QV2M,2001,3.5,38.75,7.83,8.59,11.15,15.32,14.51,12.08,10.86,10.24,10.51,11.58,13.14,10.27,11.35
QV2M,2001,3.5,39.375,7.78,8.62,11.15,15.32,14.75,12.19,10.96,10.38,10.68,11.77,13.17,10.42,11.44
QV2M,2001,3.5,40.0,7.85,8.75,11.32,15.49,14.87,12.26,11.07,10.5,10.84,12.03,13.38,10.54,11.58
QV2M,2001,3.5,40.625,8.08,8.92,11.36,15.22,14.55,12.22,11.09,10.64,11.04,12.34,13.47,10.56,11.63
QV2M,2001,3.5,41.25,8.48,9.22,11.37,14.91,14.44,12.52,11.3,10.94,11.25,12.54,13.44,10.81,11.78
QV2M,2001,3.5,41.875,8.67,9.24,11.35,14.7,14.46,12.56,11.31,11.16,11.4,12.8,13.49,10.9,11.84
QV2M,2001,4.0,34.375,8.2,8.84,11.56,14.18,13.79,13.73,13.18,13.59,12.32,13.11,14.26,12.17,12.43
QV2M,2001,4.0,35.0,8.87,9.59,12.0,14.73,14.03,13.19,12.42,12.45,11.45,12.56,14.32,12.15,12.32
QV2M,2001,4.0,35.625,9.69,10.62,12.25,14.76,13.78,12.17,11.25,10.92,10.78,11.83,14.06,12.24,12.03
QV2M,2001,4.0,36.25,11.15,11.59,13.11,15.49,14.6,12.92,12.07,11.7,12.04,12.99,14.49,12.92,12.92
QV2M,2001,4.0,36.875,8.97,8.71,11.07,14.53,13.29,11.55,10.55,9.9,9.97,11.15,13.03,10.48,11.11
QV2M,2001,4.0,37.5,8.26,8.1,10.79,14.51,13.45,11.5,10.51,9.84,10.02,11.16,12.48,9.69,10.87
QV2M,2001,4.0,38.125,7.68,7.71,10.4,14.32,13.74,11.64,10.54,10.03,10.2,11.25,12.11,9.38,10.76
QV2M,2001,4.0,38.75,7.35,7.7,10.37,14.14,13.76,11.69,10.5,9.98,10.22,11.32,12.14,9.48,10.73
QV2M,2001,4.0,39.375,7.45,7.9,10.67,14.66,14.24,11.89,10.62,10.1,10.41,11.69,12.61,9.94,11.03
QV2M,2001,4.0,40.0,7.59,8.02,10.85,15.05,14.51,11.99,10.79,10.24,10.65,12.02,12.67,9.95,11.2
QV2M,2001,4.0,40.625,7.88,8.32,10.94,14.94,14.2,11.86,10.82,10.34,10.82,12.27,12.81,10.16,11.29
QV2M,2001,4.0,41.25,8.27,8.62,11.06,14.8,14.16,12.16,11.02,10.61,11.02,12.48,12.97,10.39,11.47
QV2M,2001,4.0,41.875,8.48,8.72,11.17,14.76,14.28,12.3,11.09,10.88,11.23,12.81,13.15,10.37,11.61
QV2M,2001,4.5,34.375,8.23,9.01,12.35,15.37,14.38,14.31,13.59,13.88,12.85,13.91,14.99,12.06,12.93
QV2M,2001,4.5,35.0,8.95,9.79,12.4,15.3,14.5,13.43,12.71,12.78,11.9,12.97,14.67,12.56,12.67
QV2M,2001,4.5,35.625,9.46,10.35,12.19,14.88,13.89,12.35,11.4,11.03,10.73,11.94,13.91,11.97,12.01
QV2M,2001,4.5,36.25,10.2,9.84,12.21,15.03,13.98,12.32,11.36,10.93,10.92,12.14,13.63,11.41,12.0
QV2M,2001,4.5,36.875,9.43,8.69,11.53,14.71,13.68,11.97,11.1,10.55,10.5,11.78,12.81,10.27,11.43
QV2M,2001,4.5,37.5,8.17,7.26,10.56,14.17,13.41,11.38,10.49,10.0,9.98,11.32,11.83,8.87,10.63
QV2M,2001,4.5,38.125,7.36,7.03,9.85,13.47,13.12,11.26,10.21,9.89,9.95,11.08,11.34,8.89,10.3
QV2M,2001,4.5,38.75,7.15,7.15,10.02,13.83,13.48,11.43,10.28,9.9,10.05,11.28,11.63,9.09,10.45
QV2M,2001,4.5,39.375,7.15,7.22,10.16,14.24,13.86,11.56,10.4,9.88,10.24,11.6,11.72,9.26,10.62
QV2M,2001,4.5,40.0,7.28,7.37,10.2,14.14,13.89,11.62,10.56,9.98,10.41,11.73,11.58,9.38,10.69
QV2M,2001,4.5,40.625,7.57,7.68,10.4,14.32,13.89,11.6,10.59,10.07,10.63,12.13,11.85,9.67,10.88
QV2M,2001,4.5,41.25,8.04,7.99,10.64,14.37,13.9,11.9,10.79,10.31,10.87,12.39,12.11,9.97,11.12
QV2M,2001,4.5,41.875,8.24,8.17,10.96,14.88,14.23,12.08,10.91,10.64,11.14,12.88,12.51,9.94,11.39
QV2M,2002,-0.5,34.375,13.18,12.1,14.35,14.11,14.13,12.53,11.64,11.64,11.03,13.13,14.17,13.89,13.0
QV2M,2002,-0.5,35.0,11.37,9.94,12.39,12.56,12.99,11.72,10.84,10.92,10.03,11.77,12.72,12.75,11.68
QV2M,2002,-0.5,35.625,9.53,7.98,10.18,10.99,11.13,10.28,9.63,9.81,8.73,10.12,10.84,11.13,10.04
QV2M,2002,-0.5,36.25,9.47,7.86,10.37,11.3,11.23,10.13,9.47,9.68,8.73,10.08,10.91,11.18,10.05
QV2M,2002,-0.5,36.875,9.94,8.3,11.19,12.1,11.77,10.43,9.68,9.75,9.11,10.48,11.52,11.87,10.53
QV2M,2002,-0.5,37.5,11.36,9.59,12.7,13.54,13.14,11.21,10.43,10.37,10.09,11.53,13.01,13.57,11.73
QV2M,2002,-0.5,38.125,12.34,10.3,13.91,14.73,13.43,11.01,10.44,10.41,10.76,12.14,14.44,15.18,12.44
QV2M,2002,-0.5,38.75,12.73,10.98,14.71,15.76,14.12,11.75,11.38,11.2,11.88,13.21,15.47,16.11,13.29
QV2M,2002,-0.5,39.375,12.95,11.65,14.92,16.49,15.0,12.89,12.59,12.13,12.93,14.08,16.24,16.6,14.05
QV2M,2002,-0.5,40.0,13.49,12.27,15.08,16.71,15.62,13.78,13.24,12.67,13.54,14.51,16.48,16.82,14.53
QV2M,2002,-0.5,40.625,13.65,12.77,14.89,16.84,16.2,14.69,13.94,13.28,14.2,14.9,17.01,17.13,14.97
QV2M,2002,-0.5,41.25,14.06,13.38,15.27,17.09,16.53,15.12,14.27,13.54,14.56,15.26,17.29,17.25,15.31
QV2M,2002,-0.5,41.875,14.95,14.32,15.98,17.39,16.81,15.52,14.6,14.12,15.23,15.76,17.32,17.12,15.77
QV2M,2002,-1.0,34.375,13.33,12.03,14.27,13.91,13.79,11.62,10.74,11.05,9.83,12.56,14.15,14.01,12.61
QV2M,2002,-1.0,35.0,11.52,10.22,12.36,12.5,12.71,11.0,10.18,10.23,9.16,11.1,12.56,12.65,11.36
QV2M,2002,-1.0,35.625,10.28,8.75,11.09,11.7,12.07,10.62,9.86,9.79,8.85,10.26,11.59,11.76,10.56
QV2M,2002,-1.0,36.25,10.04,8.5,11.2,11.89,12.02,10.44,9.7,9.63,8.9,10.14,11.53,11.87,10.5
QV2M,2002,-1.0,36.875,10.88,9.26,11.99,12.61,12.36,10.46,9.65,9.48,9.11,10.46,12.21,12.85,10.96
QV2M,2002,-1.0,37.5,12.0,10.39,13.31,13.93,13.33,11.12,10.46,10.29,10.23,11.55,13.42,14.22,12.03
QV2M,2002,-1.0,38.125,11.98,10.23,13.91,14.69,13.16,10.93,10.56,10.49,10.92,12.19,14.26,14.85,12.36
QV2M,2002,-1.0,38.75,12.82,11.22,15.1,16.04,14.15,11.77,11.53,11.34,12.09,13.42,15.7,16.24,13.47
QV2M,2002,-1.0,39.375,13.09,11.96,15.33,16.92,15.14,12.93,12.74,12.24,13.09,14.36,16.37,16.73,14.25
QV2M,2002,-1.0,40.0,13.75,12.62,15.57,17.12,15.88,13.86,13.44,12.81,13.72,14.79,16.85,17.14,14.81
QV2M,2002,-1.0,40.625,14.1,13.29,15.29,17.09,16.39,14.91,14.21,13.48,14.39,15.1,17.24,17.38,15.25
QV2M,2002,-1.0,41.25,14.72,14.02,15.72,17.31,16.6,15.35,14.59,13.84,14.75,15.47,17.5,17.51,15.62
QV2M,2002,-1.0,41.875,16.32,15.75,17.19,18.14,17.35,16.01,15.19,14.78,15.8,16.49,17.8,17.84,16.56
QV2M,2002,-1.5,34.375,13.25,11.96,13.85,13.27,13.22,10.63,9.46,10.09,9.07,12.16,13.75,13.67,12.04
QV2M,2002,-1.5,35.0,11.88,10.59,12.64,12.5,12.81,10.41,9.54,9.46,8.62,10.83,12.66,12.77,11.23
QV2M,2002,-1.5,35.625,10.58,9.22,11.46,12.01,12.28,10.15,9.54,9.44,8.75,10.08,11.72,11.9,10.6
QV2M,2002,-1.5,36.25,10.92,9.06,11.94,12.58,12.9,10.37,9.76,9.53,9.02,10.32,12.1,12.65,10.94
QV2M,2002,-1.5,36.875,11.08,9.18,12.08,12.59,12.25,10.08,9.2,9.25,9.09,10.32,12.26,12.99,10.88
QV2M,2002,-1.5,37.5,11.78,10.12,13.0,13.61,12.79,10.54,9.99,9.86,9.99,11.2,13.28,14.01,11.69
QV2M,2002,-1.5,38.125,12.61,11.03,14.15,14.76,13.29,11.18,10.87,10.71,11.17,12.33,14.44,15.11,12.65
QV2M,2002,-1.5,38.75,13.15,11.63,15.35,16.09,14.0,11.82,11.66,11.49,12.24,13.47,15.71,16.24,13.58
QV2M,2002,-1.5,39.375,13.58,12.43,15.83,17.03,15.17,13.01,12.81,12.37,13.21,14.48,16.54,16.91,14.46
QV2M,2002,-1.5,40.0,14.01,13.09,15.79,17.44,16.13,14.14,13.76,13.05,13.96,15.08,17.1,17.38,15.09
QV2M,2002,-1.5,40.625,14.54,13.77,15.69,17.38,16.53,15.1,14.48,13.72,14.61,15.38,17.32,17.49,15.51
QV2M,2002,-1.5,41.25,15.38,14.66,16.18,17.66,16.78,15.58,14.84,14.08,14.96,15.74,17.69,17.72,15.94
QV2M,2002,-1.5,41.875,17.53,17.05,18.33,18.89,17.95,16.51,15.74,15.45,16.35,17.19,18.27,18.53,17.32
QV2M,2002,-1.7975103014118005e-13,34.375,13.1,11.86,14.3,14.5,14.46,13.18,12.62,12.8,12.98,14.05,14.11,13.77,13.49
QV2M,2002,-1.7975103014118005e-13,35.0,11.56,10.01,12.48,12.96,13.32,12.36,11.86,12.03,11.64,12.82,12.77,12.77,12.23
QV2M,2002,-1.7975103014118005e-13,35.625,9.79,8.18,10.37,11.25,11.59,10.89,10.37,10.7,9.57,10.92,11.06,11.41,10.53
QV2M,2002,-1.7975103014118005e-13,36.25,9.5,7.77,10.14,11.17,11.72,10.74,9.92,10.37,8.91,10.43,10.77,11.42,10.26
QV2M,2002,-1.7975103014118005e-13,36.875,9.69,8.04,10.59,11.68,11.92,10.69,9.76,10.01,8.96,10.29,10.96,11.72,10.38
QV2M,2002,-1.7975103014118005e-13,37.5,10.41,8.89,11.59,12.53,12.15,10.6,9.72,9.77,9.32,10.73,11.88,12.5,10.85
QV2M,2002,-1.7975103014118005e-13,38.125,12.15,10.22,13.76,14.9,13.67,11.17,10.38,10.35,10.64,12.13,14.35,15.23,12.43
QV2M,2002,-1.7975103014118005e-13,38.75,12.45,10.79,14.33,15.8,14.22,11.89,11.39,11.15,11.82,13.12,15.17,16.01,13.19
QV2M,2002,-1.7975103014118005e-13,39.375,12.71,11.25,14.42,16.31,14.97,12.86,12.44,12.01,12.76,13.81,15.73,16.3,13.81
QV2M,2002,-1.7975103014118005e-13,40.0,13.12,11.85,14.47,16.51,15.5,13.66,13.04,12.54,13.35,14.24,15.99,16.49,14.24
QV2M,2002,-1.7975103014118005e-13,40.625,13.22,12.24,14.42,16.74,16.12,14.46,13.62,13.0,13.9,14.61,16.44,16.63,14.63
QV2M,2002,-1.7975103014118005e-13,41.25,13.47,12.74,14.8,17.05,16.48,14.82,13.88,13.21,14.29,15.02,16.8,16.77,14.95
QV2M,2002,-1.7975103014118005e-13,41.875,14.01,13.33,15.26,17.22,16.64,15.14,14.14,13.64,14.82,15.38,16.94,16.64,15.27
QV2M,2002,-2.0,34.375,13.35,12.02,13.73,12.91,12.92,9.56,8.82,9.16,8.54,11.66,13.59,13.61,11.66
QV2M,2002,-2.0,35.0,12.04,10.78,12.62,12.58,12.64,9.85,8.86,8.87,8.59,10.48,12.66,12.81,11.07
QV2M,2002,-2.0,35.625,11.07,9.96,11.96,12.39,12.34,9.81,9.36,9.1,8.92,10.25,12.17,12.29,10.81
QV2M,2002,-2.0,36.25,11.54,9.88,12.46,12.97,12.74,9.91,9.4,9.35,9.28,10.53,12.57,13.13,11.16
QV2M,2002,-2.0,36.875,11.24,9.34,12.33,12.78,12.1,9.54,9.19,9.22,9.22,10.39,12.44,13.09,10.92
QV2M,2002,-2.0,37.5,12.03,10.31,13.29,13.68,12.56,10.16,9.86,9.8,10.06,11.2,13.42,14.13,11.72
QV2M,2002,-2.0,38.125,12.78,11.29,14.29,14.79,13.07,10.93,10.8,10.65,11.19,12.31,14.46,15.19,12.65
QV2M,2002,-2.0,38.75,13.58,12.16,15.62,16.13,13.97,11.92,11.8,11.64,12.41,13.56,15.77,16.32,13.75
QV2M,2002,-2.0,39.375,14.13,13.02,16.23,17.1,15.18,13.17,12.95,12.54,13.39,14.6,16.63,17.05,14.67
QV2M,2002,-2.0,40.0,14.55,13.75,16.33,17.7,16.17,14.12,13.85,13.22,14.11,15.32,17.26,17.58,15.34
QV2M,2002,-2.0,40.625,15.4,14.71,16.46,17.87,16.81,15.35,14.78,14.05,14.94,15.86,17.57,17.83,15.97
QV2M,2002,-2.0,41.25,17.04,16.49,17.72,18.52,17.4,16.02,15.31,14.87,15.7,16.64,17.86,18.13,16.81
QV2M,2002,-2.0,41.875,18.13,17.71,18.94,19.27,18.23,16.76,16.03,15.84,16.64,17.54,18.39,18.88,17.7
QV2M,2002,-2.5,34.375,13.18,11.82,13.37,12.6,12.21,8.84,8.11,8.46,8.02,10.44,13.17,13.33,11.13
QV2M,2002,-2.5,35.0,12.19,11.06,12.64,12.51,12.1,9.3,8.3,8.5,8.26,9.9,12.64,12.91,10.86
QV2M,2002,-2.5,35.625,12.07,11.04,12.89,12.97,12.36,9.47,8.74,8.8,8.71,10.2,13.08,13.24,11.13
QV2M,2002,-2.5,36.25,12.0,10.64,12.79,13.03,12.22,9.39,9.04,9.2,9.04,10.24,12.98,13.45,11.17
QV2M,2002,-2.5,36.875,12.02,10.41,12.99,13.1,12.16,9.02,8.84,8.96,9.07,10.32,13.17,13.71,11.15
QV2M,2002,-2.5,37.5,12.53,10.97,13.47,13.51,12.21,9.45,9.52,9.52,9.8,10.94,13.55,14.34,11.66
QV2M,2002,-2.5,38.125,13.38,11.89,14.5,14.67,12.81,10.69,10.73,10.61,11.16,12.18,14.44,15.28,12.7
QV2M,2002,-2.5,38.75,14.3,12.74,15.79,16.01,13.85,11.97,11.84,11.71,12.47,13.54,15.74,16.42,13.87
QV2M,2002,-2.5,39.375,14.92,13.65,16.56,17.02,15.13,13.28,13.03,12.68,13.56,14.66,16.62,17.15,14.86
QV2M,2002,-2.5,40.0,15.54,14.76,16.89,17.81,16.1,14.19,13.93,13.47,14.4,15.58,17.26,17.6,15.63
QV2M,2002,-2.5,40.625,17.06,16.51,17.91,18.67,17.42,15.93,15.35,14.84,15.67,16.72,17.89,18.26,16.85
QV2M,2002,-2.5,41.25,18.3,17.85,19.04,19.45,18.14,16.73,16.05,15.78,16.46,17.48,18.36,18.92,17.71
QV2M,2002,-2.5,41.875,18.21,17.77,18.86,19.33,18.21,16.74,16.03,15.81,16.56,17.49,18.31,18.87,17.68
QV2M,2002,-3.0,34.375,13.27,12.02,13.43,12.62,11.77,8.57,8.13,8.47,7.99,9.55,12.81,13.22,10.98
QV2M,2002,-3.0,35.0,12.52,11.54,12.89,12.58,11.91,9.16,8.38,8.61,8.25,9.67,12.53,13.03,10.92
QV2M,2002,-3.0,35.625,11.61,10.8,12.26,12.3,11.48,9.09,8.78,8.72,8.48,9.65,12.06,12.5,10.64
QV2M,2002,-3.0,36.25,12.53,11.56,13.36,13.34,12.08,9.32,9.08,9.26,9.13,10.3,13.36,13.7,11.42
QV2M,2002,-3.0,36.875,12.3,11.13,12.93,12.89,12.04,9.64,9.12,9.38,9.17,10.22,13.23,13.68,11.31
QV2M,2002,-3.0,37.5,11.66,10.56,12.42,12.53,11.34,9.36,9.27,9.23,9.3,10.29,12.32,13.05,10.95
QV2M,2002,-3.0,38.125,13.56,12.23,14.5,14.45,12.61,10.7,10.8,10.68,11.18,12.12,14.17,15.17,12.69
QV2M,2002,-3.0,38.75,14.85,13.12,15.86,15.9,13.77,12.07,11.98,11.83,12.56,13.53,15.7,16.5,13.98
QV2M,2002,-3.0,39.375,15.4,14.07,16.78,17.05,15.16,13.36,13.13,12.83,13.73,14.79,16.63,17.27,15.02
QV2M,2002,-3.0,40.0,16.51,15.74,17.49,18.06,16.27,14.51,14.3,13.89,14.75,15.92,17.31,17.9,16.06
QV2M,2002,-3.0,40.625,18.4,17.84,19.05,19.37,18.0,16.6,16.0,15.6,16.25,17.34,18.28,18.9,17.63
QV2M,2002,-3.0,41.25,18.42,17.88,18.95,19.38,18.11,16.7,16.03,15.72,16.36,17.42,18.31,18.86,17.68
QV2M,2002,-3.0,41.875,18.32,17.81,18.85,19.39,18.16,16.71,16.02,15.78,16.48,17.47,18.33,18.83,17.68
QV2M,2002,-3.5,34.375,13.93,12.71,14.08,13.1,11.97,8.65,8.4,8.61,8.39,9.78,13.12,13.69,11.36
QV2M,2002,-3.5,35.0,13.26,12.24,13.69,13.29,12.13,9.48,9.14,9.23,9.12,10.28,12.96,13.55,11.53
QV2M,2002,-3.5,35.625,12.56,11.62,13.28,13.12,11.87,9.34,9.14,9.11,8.97,10.06,12.62,13.27,11.25
QV2M,2002,-3.5,36.25,12.68,11.79,13.61,13.47,11.89,9.31,9.26,9.42,9.43,10.46,13.09,13.68,11.51
QV2M,2002,-3.5,36.875,12.62,11.74,13.8,13.82,12.22,9.96,9.81,9.95,10.11,11.09,13.6,14.05,11.9
QV2M,2002,-3.5,37.5,12.8,11.37,14.1,14.28,12.68,10.41,10.37,10.44,10.83,11.74,13.88,14.65,12.3
QV2M,2002,-3.5,38.125,13.45,12.08,14.38,14.45,12.66,10.82,10.98,10.88,11.46,12.29,14.1,15.01,12.72
QV2M,2002,-3.5,38.75,14.72,13.26,15.71,15.83,13.78,12.27,12.22,11.98,12.64,13.54,15.22,16.16,13.95
QV2M,2002,-3.5,39.375,15.6,14.32,16.86,17.15,15.22,13.49,13.31,12.98,13.84,14.83,16.46,17.22,15.11
QV2M,2002,-3.5,40.0,17.59,16.82,18.4,18.79,16.97,15.35,15.13,14.69,15.42,16.6,17.76,18.58,16.84
QV2M,2002,-3.5,40.625,18.63,18.01,19.09,19.4,18.01,16.64,16.05,15.63,16.21,17.31,18.23,18.94,17.68
QV2M,2002,-3.5,41.25,18.55,17.96,18.99,19.41,18.06,16.67,16.02,15.68,16.29,17.39,18.28,18.86,17.68
QV2M,2002,-3.5,41.875,18.46,17.86,18.94,19.44,18.1,16.66,15.98,15.73,16.39,17.44,18.33,18.81,17.68
QV2M,2002,-4.0,34.375,14.07,12.85,14.11,13.12,11.75,8.42,8.28,8.52,8.43,9.67,13.03,13.84,11.33
QV2M,2002,-4.0,35.0,13.23,12.13,13.54,13.02,11.62,8.73,8.65,8.81,8.74,9.8,12.47,13.27,11.16
QV2M,2002,-4.0,35.625,12.75,11.88,13.45,13.16,11.68,9.14,9.17,9.17,9.08,10.04,12.37,13.18,11.25
QV2M,2002,-4.0,36.25,12.93,11.92,13.82,13.5,11.77,9.26,9.33,9.45,9.48,10.46,12.76,13.64,11.53
QV2M,2002,-4.0,36.875,12.9,11.97,14.07,13.86,12.0,9.8,9.87,9.95,10.11,11.04,13.29,14.05,11.91
QV2M,2002,-4.0,37.5,13.48,12.31,14.61,14.48,12.56,10.44,10.52,10.54,10.94,11.8,13.9,14.8,12.53
QV2M,2002,-4.0,38.125,14.04,12.64,15.09,15.11,13.04,11.06,11.26,11.16,11.83,12.72,14.62,15.45,13.17
QV2M,2002,-4.0,38.75,14.98,13.47,16.13,16.38,14.13,12.53,12.61,12.33,13.07,14.04,15.71,16.45,14.33
QV2M,2002,-4.0,39.375,15.95,14.87,17.15,17.57,15.58,13.82,13.7,13.31,14.1,15.1,16.54,17.32,15.42
QV2M,2002,-4.0,40.0,18.49,17.85,19.07,19.24,17.62,16.19,15.82,15.35,15.89,17.05,18.05,18.99,17.47
QV2M,2002,-4.0,40.625,18.78,18.17,19.14,19.43,17.94,16.61,16.05,15.6,16.13,17.26,18.2,19.01,17.69
QV2M,2002,-4.0,41.25,18.7,18.1,19.08,19.49,18.0,16.62,16.01,15.63,16.22,17.32,18.22,18.94,17.69
QV2M,2002,-4.0,41.875,18.6,17.92,19.04,19.48,18.03,16.58,15.94,15.68,16.31,17.37,18.26,18.84,17.67
QV2M,2002,-4.5,34.375,13.53,12.32,13.59,12.73,10.93,8.1,8.06,8.29,8.15,9.14,12.3,13.24,10.86
QV2M,2002,-4.5,35.0,12.86,11.79,13.29,12.87,11.04,8.32,8.36,8.55,8.52,9.47,12.0,12.81,10.82
QV2M,2002,-4.5,35.625,12.78,11.82,13.53,13.23,11.33,8.81,8.98,9.03,9.13,10.02,12.22,13.0,11.15
QV2M,2002,-4.5,36.25,13.31,12.26,14.11,13.71,11.67,9.11,9.42,9.52,9.76,10.67,12.73,13.69,11.66
QV2M,2002,-4.5,36.875,13.17,12.27,14.22,13.98,11.91,9.69,10.01,10.05,10.36,11.21,13.11,14.04,12.0
QV2M,2002,-4.5,37.5,13.79,12.87,14.9,14.78,12.66,10.65,10.85,10.8,11.21,12.04,13.95,14.86,12.78
QV2M,2002,-4.5,38.125,14.27,13.25,15.24,15.21,13.18,11.38,11.4,11.28,11.89,12.73,14.55,15.54,13.33
QV2M,2002,-4.5,38.75,15.55,14.27,16.66,16.81,14.45,12.83,12.86,12.53,13.32,14.32,16.03,16.97,14.72
QV2M,2002,-4.5,39.375,17.18,16.26,18.04,18.41,16.39,14.78,14.62,14.15,14.81,15.88,17.19,18.27,16.33
QV2M,2002,-4.5,40.0,18.85,18.32,19.21,19.33,17.72,16.34,15.94,15.46,15.96,17.1,18.1,19.1,17.62
QV2M,2002,-4.5,40.625,18.83,18.31,19.18,19.47,17.86,16.57,16.03,15.56,16.06,17.23,18.19,19.04,17.69
QV2M,2002,-4.5,41.25,18.77,18.23,19.16,19.55,17.94,16.56,16.0,15.57,16.14,17.29,18.23,18.97,17.7
QV2M,2002,-4.5,41.875,18.71,18.03,19.13,19.55,18.02,16.51,15.91,15.63,16.23,17.32,18.25,18.92,17.68
QV2M,2002,0.5,34.375,12.6,10.83,13.86,14.13,14.53,13.62,13.19,13.63,13.36,14.37,13.65,13.31,13.44
QV2M,2002,0.5,35.0,10.86,9.09,11.65,12.31,12.86,12.15,11.72,12.32,11.58,12.65,12.13,12.23,11.82
QV2M,2002,0.5,35.625,9.89,8.22,10.81,11.9,12.64,11.62,10.99,11.92,10.3,11.92,11.65,11.91,11.17
QV2M,2002,0.5,36.25,9.91,8.13,10.71,11.62,12.43,11.29,10.5,11.25,9.37,10.84,11.08,11.99,10.78
QV2M,2002,0.5,36.875,10.14,8.47,11.2,12.11,12.3,10.83,9.89,10.51,9.02,10.47,11.48,12.41,10.75
QV2M,2002,0.5,37.5,10.64,9.0,12.06,13.2,12.85,10.82,9.83,10.04,9.42,11.0,12.38,13.42,11.24
QV2M,2002,0.5,38.125,11.45,9.71,13.25,14.74,13.75,11.26,10.46,10.35,10.64,12.08,13.86,14.82,12.21
QV2M,2002,0.5,38.75,12.06,10.39,13.94,15.69,14.34,12.03,11.41,11.1,11.77,12.97,14.74,15.73,13.03
QV2M,2002,0.5,39.375,12.34,10.72,14.15,16.31,15.27,12.92,12.31,11.87,12.62,13.61,15.37,16.17,13.66
QV2M,2002,0.5,40.0,12.59,11.16,14.08,16.5,15.87,13.63,12.85,12.35,13.13,13.98,15.54,16.19,14.0
QV2M,2002,0.5,40.625,12.73,11.63,13.99,16.69,16.36,14.2,13.26,12.68,13.54,14.32,15.74,16.1,14.28
QV2M,2002,0.5,41.25,12.96,12.14,14.36,16.93,16.24,14.44,13.5,12.95,14.04,14.79,16.06,16.17,14.56
QV2M,2002,0.5,41.875,13.33,12.59,14.78,17.11,16.44,14.78,13.76,13.29,14.48,15.15,16.4,16.14,14.86
QV2M,2002,1.0,34.375,10.7,9.37,11.86,12.17,12.73,12.06,11.81,12.24,11.7,12.32,11.8,11.85,11.73
QV2M,2002,1.0,35.0,10.16,8.36,10.88,11.71,12.17,11.43,10.82,11.79,10.94,11.83,11.53,11.76,11.13
QV2M,2002,1.0,35.625,9.53,7.83,10.69,11.96,12.56,11.16,10.43,11.87,10.11,11.55,11.39,11.79,10.93
QV2M,2002,1.0,36.25,9.9,8.04,11.01,12.07,12.73,11.15,10.26,11.51,9.34,10.78,11.23,12.21,10.87
QV2M,2002,1.0,36.875,10.24,8.65,11.57,12.63,12.6,10.72,9.77,10.48,9.41,10.77,11.81,12.62,10.96
QV2M,2002,1.0,37.5,10.92,9.21,12.54,13.87,13.47,11.18,10.2,10.29,9.92,11.43,12.87,13.92,11.67
QV2M,2002,1.0,38.125,11.29,9.44,13.23,14.82,13.82,11.49,10.66,10.43,10.74,12.13,13.8,14.85,12.24
QV2M,2002,1.0,38.75,11.71,9.93,13.86,15.75,14.39,12.15,11.46,11.11,11.78,12.93,14.61,15.67,12.96
QV2M,2002,1.0,39.375,11.9,10.16,14.0,16.31,15.4,12.92,12.17,11.74,12.5,13.5,15.18,16.02,13.5
QV2M,2002,1.0,40.0,12.09,10.52,13.73,16.39,16.19,13.55,12.66,12.14,12.92,13.78,15.25,15.93,13.78
QV2M,2002,1.0,40.625,12.19,10.94,13.63,16.57,16.51,14.06,12.99,12.41,13.27,14.11,15.47,15.89,14.02
QV2M,2002,1.0,41.25,12.37,11.38,13.92,16.79,16.23,14.39,13.32,12.7,13.79,14.58,15.79,15.92,14.28
QV2M,2002,1.0,41.875,12.63,11.8,14.27,16.88,16.54,14.52,13.41,12.98,14.16,14.93,16.15,15.86,14.52
QV2M,2002,1.5,34.375,9.98,7.45,11.21,11.73,13.17,12.43,11.78,13.06,11.87,12.86,11.94,11.9,11.65
QV2M,2002,1.5,35.0,9.58,7.58,10.76,11.81,12.48,11.55,10.73,12.31,10.82,11.91,11.67,11.9,11.12
QV2M,2002,1.5,35.625,9.48,7.65,10.98,12.18,12.5,11.33,10.29,11.85,9.85,11.34,11.44,12.13,10.94
QV2M,2002,1.5,36.25,9.85,8.02,11.29,12.38,12.76,11.19,9.92,11.29,9.23,10.74,11.46,12.53,10.91
QV2M,2002,1.5,36.875,10.34,8.71,11.97,13.17,12.97,11.0,10.04,10.44,9.68,10.98,12.17,13.01,11.22
QV2M,2002,1.5,37.5,10.9,9.13,12.75,14.16,13.57,11.44,10.53,10.53,10.16,11.66,13.15,14.12,11.86
QV2M,2002,1.5,38.125,11.16,9.31,13.49,15.25,13.88,11.7,10.9,10.61,10.98,12.41,14.11,15.19,12.43
QV2M,2002,1.5,38.75,11.35,9.49,14.18,16.06,14.66,12.31,11.5,11.14,11.79,13.13,14.93,16.01,13.07
QV2M,2002,1.5,39.375,11.67,9.66,13.68,16.14,15.43,12.92,12.12,11.65,12.35,13.42,15.02,15.87,13.35
QV2M,2002,1.5,40.0,11.67,9.84,13.79,16.37,15.89,13.41,12.44,11.93,12.71,13.74,15.33,15.95,13.61
QV2M,2002,1.5,40.625,11.67,10.16,13.32,16.35,16.24,13.87,12.73,12.16,13.05,13.98,15.38,15.82,13.75
QV2M,2002,1.5,41.25,11.92,10.54,13.44,16.33,16.3,14.06,12.98,12.47,13.53,14.31,15.56,15.69,13.95
QV2M,2002,1.5,41.875,11.84,10.93,13.75,16.59,16.63,14.25,13.08,12.65,13.86,14.73,16.29,15.91,14.22
QV2M,2002,2.0,34.375,9.51,7.31,11.03,11.82,13.33,12.3,11.0,13.28,10.96,12.42,11.81,12.0,11.43
QV2M,2002,2.0,35.0,9.37,7.41,10.9,12.03,12.52,11.49,10.3,11.98,10.05,11.41,11.56,12.1,10.95
QV2M,2002,2.0,35.625,9.38,7.7,11.3,12.55,12.77,11.42,10.07,11.23,9.34,11.1,11.61,12.44,10.93
QV2M,2002,2.0,36.25,9.91,8.11,11.79,12.93,13.18,11.25,9.9,10.71,9.41,10.93,11.84,12.97,11.1
QV2M,2002,2.0,36.875,10.28,8.6,12.29,13.51,13.02,11.26,10.28,10.33,9.81,11.25,12.51,13.25,11.38
QV2M,2002,2.0,37.5,10.91,9.05,13.15,14.75,13.9,11.74,10.77,10.49,10.43,12.02,13.59,14.45,12.12
QV2M,2002,2.0,38.125,11.12,8.98,13.63,15.57,14.22,11.99,11.04,10.69,11.13,12.69,14.42,15.38,12.59
QV2M,2002,2.0,38.75,11.15,9.05,13.79,15.97,14.75,12.43,11.58,11.18,11.76,13.16,14.77,15.69,12.96
QV2M,2002,2.0,39.375,11.11,8.94,13.4,16.04,15.39,12.86,12.03,11.53,12.17,13.41,15.05,15.71,13.16
QV2M,2002,2.0,40.0,11.02,9.1,13.4,16.19,15.73,13.28,12.28,11.77,12.49,13.7,15.33,15.79,13.36
QV2M,2002,2.0,40.625,10.7,9.29,13.02,16.35,16.12,13.63,12.42,11.89,12.82,14.0,15.65,15.93,13.51
QV2M,2002,2.0,41.25,11.02,9.59,13.05,16.28,16.19,13.87,12.69,12.18,13.22,14.2,15.64,15.75,13.66
QV2M,2002,2.0,41.875,10.91,9.96,13.19,16.39,16.4,13.9,12.7,12.34,13.52,14.79,16.51,15.93,13.9
QV2M,2002,2.5,34.375,9.27,7.36,11.03,11.92,12.93,11.62,10.52,12.34,9.98,11.59,11.74,12.03,11.05
QV2M,2002,2.5,35.0,9.38,7.59,11.37,12.49,12.88,11.55,10.43,11.33,9.73,11.54,11.87,12.36,11.07
QV2M,2002,2.5,35.625,9.51,7.79,11.88,13.05,13.4,11.73,10.36,10.55,9.68,11.5,11.94,12.8,11.21
QV2M,2002,2.5,36.25,10.7,9.12,13.02,13.99,14.05,12.16,11.01,11.04,10.65,12.16,12.86,13.76,12.06
QV2M,2002,2.5,36.875,10.47,8.73,12.9,14.15,13.62,11.8,10.76,10.53,10.35,11.93,13.01,13.71,11.85
QV2M,2002,2.5,37.5,10.45,8.43,13.36,14.97,14.12,11.79,10.69,10.39,10.57,12.29,13.59,14.54,12.12
QV2M,2002,2.5,38.125,10.37,8.2,13.25,15.36,14.23,11.98,11.02,10.69,11.13,12.72,13.96,14.86,12.34
QV2M,2002,2.5,38.75,10.3,8.07,13.45,15.82,14.76,12.36,11.47,11.06,11.64,13.16,14.3,15.22,12.66
QV2M,2002,2.5,39.375,10.13,8.01,13.21,15.87,15.2,12.7,11.8,11.32,11.98,13.45,14.54,15.16,12.81
QV2M,2002,2.5,40.0,10.01,8.27,13.12,15.9,15.39,13.05,11.99,11.54,12.26,13.69,14.68,15.12,12.94
QV2M,2002,2.5,40.625,9.78,8.59,12.75,15.87,15.56,13.28,12.05,11.64,12.56,13.96,15.04,15.15,13.04
QV2M,2002,2.5,41.25,9.91,8.86,12.66,15.78,15.47,13.47,12.3,11.95,12.96,14.09,15.08,14.92,13.14
QV2M,2002,2.5,41.875,10.0,9.11,12.7,15.79,15.65,13.56,12.36,12.1,13.23,14.62,15.68,15.09,13.35
QV2M,2002,3.0,34.375,9.22,7.34,11.26,12.19,12.99,11.76,10.58,11.79,9.96,11.65,11.92,12.1,11.09
QV2M,2002,3.0,35.0,9.6,7.62,11.97,13.06,13.53,11.93,10.84,11.04,10.04,12.04,12.24,12.68,11.41
QV2M,2002,3.0,35.625,9.8,8.01,12.83,13.91,14.37,12.36,10.86,10.61,10.35,12.41,12.43,13.46,11.81
QV2M,2002,3.0,36.25,11.69,10.24,14.46,15.21,15.03,13.06,11.92,11.71,11.66,13.38,13.96,14.77,13.11
QV2M,2002,3.0,36.875,10.12,8.14,13.19,14.49,14.1,11.87,10.68,10.37,10.38,12.25,13.0,14.02,11.91
QV2M,2002,3.0,37.5,9.8,7.69,13.35,15.06,14.31,11.84,10.68,10.41,10.69,12.6,13.29,14.46,12.04
QV2M,2002,3.0,38.125,9.52,7.33,13.12,15.26,14.31,12.01,10.98,10.6,11.1,12.82,13.41,14.43,12.1
QV2M,2002,3.0,38.75,9.24,7.19,13.28,15.63,14.74,12.32,11.22,10.87,11.5,13.23,13.56,14.61,12.31
QV2M,2002,3.0,39.375,9.1,7.28,12.9,15.59,14.92,12.51,11.49,11.07,11.78,13.44,13.63,14.4,12.37
QV2M,2002,3.0,40.0,9.04,7.55,12.78,15.56,15.02,12.75,11.59,11.23,12.0,13.65,13.89,14.39,12.48
QV2M,2002,3.0,40.625,9.05,7.9,12.37,15.33,14.96,12.91,11.64,11.39,12.28,13.85,14.24,14.3,12.54
QV2M,2002,3.0,41.25,9.15,8.18,12.22,15.33,14.96,13.08,11.86,11.63,12.63,14.04,14.48,14.24,12.67
QV2M,2002,3.0,41.875,9.28,8.39,12.24,15.24,14.97,13.15,11.92,11.72,12.83,14.32,14.8,14.31,12.79
QV2M,2002,3.5,34.375,9.5,7.57,11.68,12.77,13.12,11.74,10.81,11.4,10.28,12.0,12.35,12.24,11.31
QV2M,2002,3.5,35.0,9.74,7.75,12.66,13.77,14.04,12.27,11.05,10.96,10.36,12.63,12.82,13.1,11.79
QV2M,2002,3.5,35.625,10.13,8.55,13.65,14.62,14.64,12.51,10.99,10.71,10.71,13.1,13.12,13.9,12.24
QV2M,2002,3.5,36.25,11.62,10.11,14.46,15.44,15.03,13.08,12.01,11.8,11.89,13.73,14.05,14.75,13.18
QV2M,2002,3.5,36.875,9.49,7.35,13.3,14.76,14.53,12.01,10.7,10.23,10.44,12.69,12.8,13.99,11.89
QV2M,2002,3.5,37.5,9.09,6.95,13.0,14.77,14.32,11.89,10.63,10.34,10.68,12.79,12.66,13.86,11.78
QV2M,2002,3.5,38.125,8.79,6.68,12.69,15.11,14.41,12.07,11.0,10.62,11.06,12.96,12.75,13.75,11.86
QV2M,2002,3.5,38.75,8.47,6.6,12.42,15.11,14.54,12.18,11.04,10.73,11.3,13.13,12.69,13.57,11.85
QV2M,2002,3.5,39.375,8.45,6.77,12.33,15.02,14.55,12.27,11.13,10.84,11.5,13.27,13.0,13.65,11.93
QV2M,2002,3.5,40.0,8.44,7.03,12.26,15.19,14.7,12.42,11.2,10.94,11.71,13.58,13.5,13.89,12.1
QV2M,2002,3.5,40.625,8.57,7.35,12.02,15.08,14.7,12.52,11.2,11.08,11.94,13.94,14.04,14.04,12.23
QV2M,2002,3.5,41.25,8.83,7.76,11.92,15.08,14.62,12.73,11.47,11.35,12.29,14.04,14.25,14.02,12.39
QV2M,2002,3.5,41.875,8.95,7.94,11.89,15.13,14.66,12.82,11.54,11.43,12.48,14.22,14.62,14.03,12.5
QV2M,2002,4.0,34.375,10.06,7.68,12.5,13.82,14.01,12.47,11.09,11.77,10.59,13.07,13.39,12.99,11.98
QV2M,2002,4.0,35.0,9.9,7.9,13.45,14.53,14.68,12.58,11.12,11.0,10.67,13.47,13.6,13.72,12.25
QV2M,2002,4.0,35.625,10.19,8.71,13.92,14.94,14.85,12.62,11.28,10.79,10.99,13.53,13.39,13.87,12.45
QV2M,2002,4.0,36.25,11.64,10.07,14.54,15.67,15.33,13.27,12.31,12.02,12.33,14.22,14.16,14.68,13.37
QV2M,2002,4.0,36.875,9.04,6.8,12.9,14.64,14.59,12.04,10.73,10.23,10.55,12.99,12.56,13.65,11.76
QV2M,2002,4.0,37.5,8.49,6.37,12.35,14.47,14.4,11.88,10.62,10.26,10.65,12.93,12.08,13.28,11.52
QV2M,2002,4.0,38.125,8.03,6.17,11.62,14.13,13.89,11.78,10.63,10.39,10.79,12.68,11.86,12.8,11.26
QV2M,2002,4.0,38.75,7.93,6.25,11.63,13.97,13.75,11.78,10.61,10.35,10.87,12.72,12.12,12.74,11.26
QV2M,2002,4.0,39.375,8.0,6.43,11.95,14.52,14.11,12.01,10.66,10.5,11.18,13.21,12.73,13.22,11.57
QV2M,2002,4.0,40.0,8.07,6.66,11.78,14.81,14.45,12.19,10.79,10.65,11.42,13.58,13.14,13.38,11.77
QV2M,2002,4.0,40.625,8.28,7.02,11.6,14.81,14.51,12.16,10.8,10.76,11.57,13.87,13.76,13.68,11.93
QV2M,2002,4.0,41.25,8.52,7.36,11.67,15.0,14.55,12.45,11.08,11.03,11.95,14.03,14.21,13.88,12.17
QV2M,2002,4.0,41.875,8.68,7.53,11.67,15.21,14.62,12.62,11.22,11.18,12.2,14.35,14.77,14.04,12.37
QV2M,2002,4.5,34.375,10.38,7.6,13.31,14.81,14.8,12.97,11.1,12.07,10.76,14.08,14.33,13.59,12.52
QV2M,2002,4.5,35.0,10.3,7.94,13.97,15.09,15.11,12.96,11.06,11.13,10.84,14.04,14.12,14.19,12.59
QV2M,2002,4.5,35.625,10.12,8.3,13.94,15.04,15.0,12.7,11.34,10.66,10.94,13.76,13.49,13.89,12.46
QV2M,2002,4.5,36.25,10.46,8.21,13.91,15.12,15.07,12.69,11.34,10.89,11.22,13.98,13.41,14.14,12.57
QV2M,2002,4.5,36.875,9.51,7.17,13.06,14.69,14.71,12.39,11.13,10.7,10.95,13.6,12.69,13.7,12.06
QV2M,2002,4.5,37.5,8.24,6.0,11.97,13.88,14.17,11.88,10.33,10.06,10.44,13.12,11.74,12.97,11.27
QV2M,2002,4.5,38.125,7.68,5.93,10.94,13.23,13.32,11.48,10.24,9.99,10.27,12.29,11.35,12.35,10.79
QV2M,2002,4.5,38.75,7.72,6.03,11.12,13.66,13.58,11.61,10.32,10.1,10.51,12.58,11.77,12.58,11.0
QV2M,2002,4.5,39.375,7.71,6.16,11.18,14.08,13.92,11.76,10.39,10.25,10.8,12.99,12.16,12.74,11.21
QV2M,2002,4.5,40.0,7.83,6.36,11.06,13.97,13.92,11.82,10.48,10.4,11.02,13.01,12.23,12.54,11.25
QV2M,2002,4.5,40.625,8.02,6.69,11.08,14.28,14.25,11.93,10.47,10.49,11.22,13.51,13.04,12.95,11.52
QV2M,2002,4.5,41.25,8.28,7.01,11.32,14.54,14.38,12.21,10.75,10.73,11.6,13.74,13.65,13.27,11.82
QV2M,2002,4.5,41.875,8.47,7.19,11.45,15.17,14.72,12.47,10.91,10.94,11.95,14.53,14.61,13.77,12.21
QV2M,2003,-0.5,34.375,12.63,11.91,12.82,13.78,14.31,13.21,12.02,12.41,12.24,12.78,13.35,12.68,12.85
QV2M,2003,-0.5,35.0,11.03,10.13,10.61,12.31,13.16,12.45,11.16,11.66,11.35,11.74,12.31,11.05,11.59
QV2M,2003,-0.5,35.625,8.94,8.35,8.87,10.68,11.43,10.92,9.98,10.42,10.04,10.41,10.99,9.37,10.04
QV2M,2003,-0.5,36.25,8.76,8.29,9.14,10.88,11.64,10.82,9.85,10.34,9.89,10.32,11.14,9.38,10.04
QV2M,2003,-0.5,36.875,9.16,8.7,9.81,11.54,12.28,11.05,10.1,10.37,10.09,10.63,11.82,10.05,10.47
QV2M,2003,-0.5,37.5,10.6,9.96,11.12,12.98,13.87,12.0,10.66,10.89,10.76,11.56,13.29,11.48,11.6
QV2M,2003,-0.5,38.125,11.64,10.7,12.13,13.93,14.54,11.6,10.3,10.45,10.76,11.97,14.73,12.74,12.13
QV2M,2003,-0.5,38.75,12.32,11.55,12.98,14.9,15.27,12.25,11.01,11.04,11.8,12.92,15.65,13.4,12.93
QV2M,2003,-0.5,39.375,13.15,12.44,13.62,15.68,15.85,13.48,12.04,11.73,12.66,13.72,16.1,13.9,13.7
QV2M,2003,-0.5,40.0,13.93,13.12,14.21,16.08,16.45,14.36,12.79,12.16,13.07,14.14,16.34,14.46,14.26
QV2M,2003,-0.5,40.625,13.98,13.5,14.55,16.33,17.06,15.32,13.68,12.58,13.32,14.43,16.79,14.77,14.69
QV2M,2003,-0.5,41.25,14.17,14.02,15.06,16.8,17.48,15.78,14.02,12.79,13.57,14.8,16.97,15.14,15.05
QV2M,2003,-0.5,41.875,14.81,14.92,15.83,17.47,18.03,16.16,14.7,13.57,14.28,15.3,16.91,15.65,15.64
QV2M,2003,-1.0,34.375,13.01,11.73,12.73,13.68,14.13,12.67,10.95,11.71,11.62,12.32,13.22,12.92,12.56
QV2M,2003,-1.0,35.0,11.3,10.34,10.8,12.26,13.08,11.94,10.48,11.06,10.75,11.13,11.86,11.17,11.35
QV2M,2003,-1.0,35.625,9.87,9.13,9.43,11.39,12.48,11.42,10.12,10.53,10.3,10.54,11.29,9.92,10.54
QV2M,2003,-1.0,36.25,9.51,8.94,9.67,11.43,12.4,11.32,10.14,10.37,10.31,10.51,11.52,9.88,10.51
QV2M,2003,-1.0,36.875,10.15,9.37,10.39,12.15,13.05,11.59,10.27,10.27,10.04,10.64,12.31,10.8,10.93
QV2M,2003,-1.0,37.5,11.22,10.59,11.56,13.27,14.22,12.18,10.75,10.78,10.76,11.61,13.55,11.98,11.88
QV2M,2003,-1.0,38.125,11.15,10.6,12.1,13.81,14.28,11.54,10.33,10.43,10.87,12.0,14.36,12.34,11.99
QV2M,2003,-1.0,38.75,12.21,11.69,13.18,15.05,15.46,12.38,11.12,11.11,11.98,13.11,15.64,13.43,13.03
QV2M,2003,-1.0,39.375,12.99,12.47,13.86,15.91,16.06,13.61,12.14,11.85,12.85,13.98,16.17,14.03,13.83
QV2M,2003,-1.0,40.0,13.99,13.29,14.5,16.38,16.72,14.52,12.91,12.33,13.32,14.39,16.52,14.79,14.47
QV2M,2003,-1.0,40.625,14.4,13.9,14.93,16.53,17.27,15.57,13.92,12.79,13.63,14.66,16.86,15.15,14.97
QV2M,2003,-1.0,41.25,14.82,14.54,15.52,16.96,17.58,15.95,14.29,13.07,13.91,15.05,16.99,15.6,15.36
QV2M,2003,-1.0,41.875,16.15,16.19,17.09,18.33,18.5,16.64,15.26,14.2,15.1,16.15,17.28,16.73,16.47
QV2M,2003,-1.5,34.375,12.92,11.31,11.78,13.42,14.1,11.99,10.25,10.93,11.13,11.33,12.54,12.72,12.04
QV2M,2003,-1.5,35.0,11.61,10.24,10.53,12.48,13.5,11.88,10.02,10.44,10.29,10.62,11.64,11.3,11.22
QV2M,2003,-1.5,35.625,10.08,9.32,9.6,11.74,12.84,11.36,9.9,10.0,10.06,10.36,11.27,10.12,10.56
QV2M,2003,-1.5,36.25,10.12,9.35,10.05,12.19,13.88,12.18,10.23,10.24,10.16,10.53,11.87,10.32,10.93
QV2M,2003,-1.5,36.875,10.28,9.29,10.37,12.09,13.34,11.55,9.84,9.81,9.52,10.42,12.12,10.81,10.79
QV2M,2003,-1.5,37.5,11.0,10.27,11.24,12.84,13.92,11.76,10.11,10.12,10.18,11.15,13.05,11.7,11.45
QV2M,2003,-1.5,38.125,11.81,11.42,12.51,13.93,14.48,11.87,10.6,10.6,11.1,12.11,14.2,12.69,12.28
QV2M,2003,-1.5,38.75,12.6,12.18,13.44,15.09,15.36,12.57,11.24,11.16,12.13,13.18,15.34,13.58,13.16
QV2M,2003,-1.5,39.375,13.42,12.9,14.24,16.09,16.17,13.74,12.24,11.98,13.04,14.09,16.07,14.41,14.03
QV2M,2003,-1.5,40.0,14.15,13.6,14.76,16.57,16.96,14.86,13.16,12.56,13.6,14.62,16.64,15.05,14.71
QV2M,2003,-1.5,40.625,14.65,14.25,15.2,16.78,17.48,15.79,14.16,13.05,14.01,14.93,16.79,15.47,15.21
QV2M,2003,-1.5,41.25,15.34,15.08,15.9,17.25,17.87,16.18,14.57,13.38,14.3,15.36,17.03,16.11,15.7
QV2M,2003,-1.5,41.875,17.27,17.37,18.21,19.19,19.02,17.17,15.85,14.89,15.92,16.96,17.75,17.74,17.28
QV2M,2003,-1.7975103014118005e-13,34.375,12.26,11.86,12.74,13.89,14.53,13.66,12.68,12.97,12.96,13.78,13.68,12.45,13.13
QV2M,2003,-1.7975103014118005e-13,35.0,10.79,10.27,10.68,12.61,13.48,12.97,12.09,12.4,12.12,12.75,12.8,11.22,12.02
QV2M,2003,-1.7975103014118005e-13,35.625,9.23,8.45,9.25,11.04,11.85,11.46,10.88,11.21,10.7,11.26,11.51,9.83,10.57
QV2M,2003,-1.7975103014118005e-13,36.25,8.95,8.18,9.15,11.16,12.26,11.51,10.76,11.4,10.32,10.53,11.26,9.45,10.42
QV2M,2003,-1.7975103014118005e-13,36.875,9.17,8.53,9.58,11.36,12.48,11.36,10.49,10.98,10.1,10.4,11.45,9.84,10.49
QV2M,2003,-1.7975103014118005e-13,37.5,10.01,9.44,10.53,12.03,12.77,11.14,10.09,10.39,10.04,10.81,12.34,10.73,10.87
QV2M,2003,-1.7975103014118005e-13,38.125,11.78,10.91,12.21,14.05,14.73,11.71,10.31,10.5,10.66,11.97,14.89,12.72,12.21
QV2M,2003,-1.7975103014118005e-13,38.75,12.44,11.73,12.88,14.9,15.21,12.28,10.99,11.0,11.69,12.87,15.6,13.29,12.91
QV2M,2003,-1.7975103014118005e-13,39.375,12.98,12.31,13.28,15.48,15.7,13.38,11.97,11.6,12.46,13.53,15.83,13.68,13.52
QV2M,2003,-1.7975103014118005e-13,40.0,13.5,12.92,13.81,15.78,16.22,14.17,12.68,12.01,12.83,13.93,16.02,14.02,13.99
QV2M,2003,-1.7975103014118005e-13,40.625,13.44,13.07,14.13,16.3,16.99,15.16,13.45,12.37,13.07,14.22,16.37,14.42,14.42
QV2M,2003,-1.7975103014118005e-13,41.25,13.55,13.53,14.63,16.88,17.47,15.6,13.77,12.59,13.36,14.6,16.66,14.84,14.79
QV2M,2003,-1.7975103014118005e-13,41.875,13.93,14.07,15.1,17.28,17.99,16.03,14.39,13.25,13.85,14.88,16.72,15.24,15.23
QV2M,2003,-2.0,34.375,12.86,11.0,11.45,13.34,14.1,11.67,9.6,10.4,10.52,10.76,12.02,12.72,11.71
QV2M,2003,-2.0,35.0,11.54,10.19,10.39,12.5,13.55,11.53,9.5,9.9,9.85,10.26,11.53,11.27,11.0
QV2M,2003,-2.0,35.625,10.46,9.74,10.03,12.11,13.11,11.28,9.64,9.75,9.95,10.36,11.49,10.49,10.7
QV2M,2003,-2.0,36.25,10.61,9.96,10.54,12.46,14.52,11.88,9.8,9.81,9.85,10.59,11.98,10.67,11.06
QV2M,2003,-2.0,36.875,10.27,9.47,10.41,12.11,13.52,11.36,9.39,9.35,9.58,10.47,11.98,10.7,10.72
QV2M,2003,-2.0,37.5,11.1,10.52,11.4,12.91,14.05,11.61,9.86,9.83,10.14,11.14,12.92,11.72,11.44
QV2M,2003,-2.0,38.125,11.96,11.72,12.65,13.9,14.46,11.87,10.51,10.48,11.12,12.09,13.98,12.73,12.29
QV2M,2003,-2.0,38.75,12.96,12.77,13.77,15.18,15.48,12.81,11.41,11.29,12.29,13.25,15.22,13.8,13.35
QV2M,2003,-2.0,39.375,13.97,13.52,14.71,16.23,16.29,14.0,12.46,12.11,13.26,14.2,16.0,14.74,14.29
QV2M,2003,-2.0,40.0,14.62,14.19,15.29,16.84,17.08,14.96,13.29,12.75,13.92,14.89,16.57,15.33,14.98
QV2M,2003,-2.0,40.625,15.36,15.13,15.94,17.34,17.81,16.11,14.48,13.47,14.61,15.47,16.85,16.0,15.71
QV2M,2003,-2.0,41.25,16.75,16.8,17.53,18.51,18.61,16.7,15.25,14.33,15.45,16.44,17.19,17.19,16.73
QV2M,2003,-2.0,41.875,17.8,17.86,18.71,19.66,19.19,17.42,16.2,15.32,16.38,17.3,17.96,18.29,17.67
QV2M,2003,-2.5,34.375,12.62,10.82,11.44,12.62,13.64,10.96,8.89,9.37,9.25,9.95,11.34,12.39,11.11
QV2M,2003,-2.5,35.0,11.7,10.52,10.7,12.16,13.21,10.84,8.99,8.91,9.06,9.83,11.17,11.2,10.69
QV2M,2003,-2.5,35.625,11.45,10.76,10.62,12.49,13.57,11.09,9.28,8.85,9.28,10.16,11.57,10.83,10.83
QV2M,2003,-2.5,36.25,11.1,10.59,10.73,12.23,14.03,11.29,9.5,9.2,9.42,10.22,11.65,10.69,10.89
QV2M,2003,-2.5,36.875,11.1,10.39,10.8,12.27,13.81,11.42,9.04,8.88,9.28,10.36,11.92,10.98,10.85
QV2M,2003,-2.5,37.5,11.61,10.92,11.45,12.7,13.94,11.3,9.39,9.34,9.88,10.84,12.45,11.65,11.29
QV2M,2003,-2.5,38.125,12.39,12.05,12.7,13.79,14.37,11.88,10.44,10.35,11.04,11.88,13.64,12.77,12.27
QV2M,2003,-2.5,38.75,13.43,13.2,13.96,15.07,15.48,12.95,11.51,11.34,12.34,13.14,14.92,14.03,13.45
QV2M,2003,-2.5,39.375,14.63,14.11,15.07,16.24,16.3,14.21,12.67,12.24,13.49,14.22,15.82,15.05,14.5
QV2M,2003,-2.5,40.0,15.22,15.07,16.0,17.05,17.13,15.11,13.56,13.05,14.37,15.18,16.43,15.74,15.32
QV2M,2003,-2.5,40.625,16.72,16.77,17.49,18.49,18.48,16.72,15.21,14.39,15.64,16.45,17.31,17.2,16.74
QV2M,2003,-2.5,41.25,17.88,18.0,18.78,19.65,19.2,17.4,16.11,15.31,16.41,17.28,17.91,18.39,17.69
QV2M,2003,-2.5,41.875,17.78,17.88,18.65,19.55,19.19,17.38,16.19,15.29,16.38,17.25,17.89,18.32,17.64
QV2M,2003,-3.0,34.375,12.66,11.06,11.6,12.24,13.35,10.54,8.57,8.22,8.7,9.58,10.58,12.36,10.79
QV2M,2003,-3.0,35.0,11.95,10.97,11.18,11.97,13.1,10.63,8.91,8.27,8.87,9.67,10.5,11.29,10.61
QV2M,2003,-3.0,35.625,11.04,10.45,10.6,11.5,12.41,10.4,8.91,8.71,9.04,9.66,10.5,10.36,10.3
QV2M,2003,-3.0,36.25,11.85,11.26,10.85,12.05,13.65,11.19,9.46,8.78,9.43,10.03,11.01,10.54,10.84
QV2M,2003,-3.0,36.875,11.6,10.93,10.67,11.95,13.32,11.11,9.59,9.0,9.32,10.01,11.07,10.64,10.77
QV2M,2003,-3.0,37.5,11.05,10.5,10.93,11.75,12.59,10.62,9.27,9.08,9.57,10.13,11.15,10.72,10.61
QV2M,2003,-3.0,38.125,12.56,12.19,12.81,13.61,14.16,11.88,10.52,10.35,11.1,11.7,13.14,12.65,12.22
QV2M,2003,-3.0,38.75,13.7,13.31,14.05,14.97,15.46,13.1,11.66,11.41,12.38,13.01,14.54,14.1,13.47
QV2M,2003,-3.0,39.375,14.82,14.38,15.28,16.27,16.37,14.39,12.86,12.38,13.74,14.31,15.74,15.17,14.64
QV2M,2003,-3.0,40.0,16.06,15.99,16.78,17.47,17.47,15.44,13.98,13.48,14.82,15.5,16.44,16.41,15.82
QV2M,2003,-3.0,40.625,17.91,18.08,18.72,19.46,19.04,17.24,15.92,15.22,16.37,17.12,17.8,18.38,17.6
QV2M,2003,-3.0,41.25,17.94,18.09,18.73,19.55,19.14,17.36,16.08,15.3,16.38,17.2,17.8,18.51,17.67
QV2M,2003,-3.0,41.875,17.81,17.94,18.65,19.5,19.18,17.34,16.15,15.26,16.38,17.24,17.83,18.46,17.64
QV2M,2003,-3.5,34.375,13.31,11.88,12.29,12.56,13.56,10.59,8.47,7.99,8.98,9.81,10.76,12.81,11.08
QV2M,2003,-3.5,35.0,12.45,11.71,12.05,12.54,13.42,10.89,9.25,8.78,9.59,10.34,11.1,11.85,11.16
QV2M,2003,-3.5,35.625,11.69,11.2,11.42,12.15,13.12,10.77,9.19,8.88,9.36,10.05,10.84,10.78,10.78
QV2M,2003,-3.5,36.25,12.03,11.49,11.21,12.21,13.55,11.08,9.35,8.83,9.58,10.3,11.2,10.66,10.95
QV2M,2003,-3.5,36.875,12.18,11.59,11.4,12.63,13.75,11.48,9.89,9.37,10.06,10.78,11.72,10.84,11.3
QV2M,2003,-3.5,37.5,11.84,11.53,11.83,13.2,14.22,11.9,10.4,9.93,10.7,11.3,12.28,11.39,11.71
QV2M,2003,-3.5,38.125,12.37,12.08,12.81,13.68,14.13,12.03,10.68,10.48,11.33,11.82,12.97,12.59,12.25
QV2M,2003,-3.5,38.75,13.74,13.46,14.19,15.02,15.32,13.22,11.89,11.59,12.53,13.03,14.24,13.95,13.51
QV2M,2003,-3.5,39.375,14.85,14.64,15.51,16.4,16.47,14.54,13.06,12.51,13.86,14.38,15.64,15.21,14.75
QV2M,2003,-3.5,40.0,17.16,17.15,17.82,18.44,18.18,16.18,14.8,14.27,15.58,16.21,17.1,17.47,16.69
QV2M,2003,-3.5,40.625,18.17,18.36,18.82,19.53,19.04,17.26,15.96,15.28,16.4,17.09,17.77,18.59,17.68
QV2M,2003,-3.5,41.25,18.12,18.29,18.75,19.56,19.12,17.31,16.06,15.29,16.38,17.16,17.77,18.63,17.7
QV2M,2003,-3.5,41.875,17.94,18.09,18.66,19.47,19.16,17.29,16.09,15.21,16.35,17.2,17.77,18.6,17.65
QV2M,2003,-4.0,34.375,13.41,12.17,12.65,12.66,13.27,10.14,8.28,7.7,8.95,9.74,10.68,13.08,11.06
QV2M,2003,-4.0,35.0,12.27,11.54,11.93,12.32,12.93,10.19,8.6,8.07,9.19,9.89,10.59,11.74,10.77
QV2M,2003,-4.0,35.625,11.87,11.42,11.7,12.27,12.86,10.48,8.99,8.65,9.41,10.04,10.68,11.0,10.78
QV2M,2003,-4.0,36.25,12.15,11.74,11.72,12.4,13.32,10.83,9.2,8.78,9.59,10.29,11.06,10.91,10.99
QV2M,2003,-4.0,36.875,12.31,12.03,12.16,12.84,13.51,11.23,9.65,9.27,10.04,10.72,11.71,11.37,11.4
QV2M,2003,-4.0,37.5,12.44,12.38,12.65,13.52,14.12,11.81,10.24,9.94,10.74,11.35,12.5,12.03,11.97
QV2M,2003,-4.0,38.125,12.62,12.63,13.34,14.22,14.55,12.34,10.9,10.68,11.62,12.13,13.37,12.89,12.6
QV2M,2003,-4.0,38.75,13.89,13.76,14.58,15.43,15.68,13.6,12.2,11.88,12.91,13.41,14.48,14.16,13.83
QV2M,2003,-4.0,39.375,15.2,15.2,16.01,16.78,16.85,14.87,13.41,12.83,14.11,14.67,15.69,15.56,15.09
QV2M,2003,-4.0,40.0,18.02,18.25,18.63,19.15,18.66,16.86,15.54,14.98,16.14,16.75,17.58,18.35,17.4
QV2M,2003,-4.0,40.625,18.38,18.61,18.92,19.58,18.99,17.23,15.94,15.27,16.38,17.03,17.74,18.69,17.72
QV2M,2003,-4.0,41.25,18.32,18.49,18.84,19.58,19.08,17.26,16.01,15.25,16.36,17.11,17.73,18.69,17.72
QV2M,2003,-4.0,41.875,18.11,18.29,18.65,19.46,19.11,17.23,16.03,15.15,16.32,17.14,17.72,18.65,17.65
QV2M,2003,-4.5,34.375,12.66,11.45,12.0,12.26,12.58,9.38,8.13,7.4,8.66,9.29,10.07,12.38,10.52
QV2M,2003,-4.5,35.0,11.82,11.05,11.51,12.08,12.48,9.65,8.29,7.71,8.93,9.53,10.18,11.45,10.39
QV2M,2003,-4.5,35.625,11.79,11.29,11.66,12.22,12.64,10.08,8.67,8.27,9.35,10.0,10.62,11.03,10.63
QV2M,2003,-4.5,36.25,12.33,11.99,12.01,12.63,13.22,10.61,9.01,8.74,9.75,10.5,11.18,11.25,11.1
QV2M,2003,-4.5,36.875,12.29,12.29,12.38,12.97,13.37,11.11,9.55,9.33,10.22,10.93,11.77,11.65,11.48
QV2M,2003,-4.5,37.5,12.88,12.86,12.98,13.71,14.04,11.93,10.39,10.12,10.95,11.57,12.52,12.33,12.18
QV2M,2003,-4.5,38.125,13.38,13.23,13.6,14.28,14.37,12.49,11.08,10.75,11.59,12.08,13.3,13.15,12.77
QV2M,2003,-4.5,38.75,14.79,14.6,15.17,15.74,15.81,13.86,12.43,12.09,13.13,13.67,14.83,14.63,14.22
QV2M,2003,-4.5,39.375,16.6,16.71,17.23,17.66,17.61,15.6,14.22,13.73,14.91,15.51,16.4,16.81,16.08
QV2M,2003,-4.5,40.0,18.42,18.76,18.97,19.23,18.71,16.97,15.65,15.09,16.22,16.85,17.71,18.67,17.6
QV2M,2003,-4.5,40.625,18.56,18.78,19.06,19.57,18.94,17.17,15.88,15.22,16.35,16.96,17.73,18.72,17.74
QV2M,2003,-4.5,41.25,18.51,18.66,18.97,19.57,19.02,17.19,15.96,15.19,16.34,17.05,17.75,18.72,17.74
QV2M,2003,-4.5,41.875,18.28,18.48,18.77,19.43,19.06,17.16,15.97,15.11,16.29,17.1,17.72,18.67,17.66
QV2M,2003,0.5,34.375,11.29,10.42,11.63,13.47,14.62,14.14,13.45,13.56,13.47,14.12,13.78,11.96,13.01
QV2M,2003,0.5,35.0,10.06,9.2,9.99,12.05,13.14,12.76,12.37,12.55,11.97,12.65,12.63,10.83,11.7
QV2M,2003,0.5,35.625,9.51,8.57,9.57,11.85,12.99,12.62,12.29,12.62,11.62,12.05,12.2,10.1,11.35
QV2M,2003,0.5,36.25,9.52,8.6,9.79,11.88,13.3,12.48,12.02,12.57,11.03,10.97,11.7,9.96,11.17
QV2M,2003,0.5,36.875,9.9,8.99,10.24,11.98,13.12,11.88,11.25,11.65,10.39,10.59,12.03,10.37,11.04
QV2M,2003,0.5,37.5,10.43,9.72,10.97,12.72,13.84,11.46,10.45,10.89,10.17,11.05,13.05,11.16,11.33
QV2M,2003,0.5,38.125,11.43,10.71,12.02,13.89,14.61,11.64,10.33,10.51,10.64,11.91,14.56,12.28,12.05
QV2M,2003,0.5,38.75,12.43,11.7,12.74,14.74,15.14,12.34,11.03,10.93,11.57,12.77,15.28,13.12,12.82
QV2M,2003,0.5,39.375,13.01,12.11,13.0,15.36,15.83,13.4,11.92,11.45,12.23,13.39,15.68,13.73,13.43
QV2M,2003,0.5,40.0,13.06,12.38,13.37,15.72,16.39,14.17,12.57,11.81,12.55,13.74,15.76,13.93,13.79
QV2M,2003,0.5,40.625,13.0,12.58,13.78,16.35,17.18,15.12,13.18,12.15,12.84,13.99,15.83,14.17,14.18
QV2M,2003,0.5,41.25,13.12,13.12,14.28,16.79,17.37,15.4,13.57,12.53,13.29,14.46,16.17,14.46,14.55
QV2M,2003,0.5,41.875,13.35,13.53,14.64,17.17,17.89,15.86,14.17,13.11,13.7,14.71,16.41,14.89,14.96
QV2M,2003,1.0,34.375,9.94,9.4,10.22,11.78,12.72,12.49,12.1,12.27,11.87,12.25,12.05,10.39,11.47
QV2M,2003,1.0,35.0,9.64,8.57,9.53,11.36,12.4,12.08,12.02,12.07,11.45,11.86,11.98,10.24,11.11
QV2M,2003,1.0,35.625,9.19,8.14,9.57,11.86,13.19,12.77,12.49,12.69,11.08,11.22,11.86,9.84,11.18
QV2M,2003,1.0,36.25,9.49,8.46,9.95,12.09,13.65,12.65,12.6,12.94,11.18,10.93,11.9,10.07,11.34
QV2M,2003,1.0,36.875,9.99,9.24,10.6,12.23,13.37,11.67,11.37,11.74,10.52,10.92,12.49,10.65,11.24
QV2M,2003,1.0,37.5,10.74,9.94,11.36,13.21,14.22,11.6,10.56,10.92,10.4,11.42,13.65,11.56,11.64
QV2M,2003,1.0,38.125,11.35,10.68,12.04,14.06,14.52,11.69,10.45,10.57,10.71,12.01,14.55,12.25,12.08
QV2M,2003,1.0,38.75,12.22,11.5,12.65,14.77,15.1,12.39,11.07,10.9,11.49,12.77,15.23,13.08,12.77
QV2M,2003,1.0,39.375,12.62,11.63,12.83,15.33,15.96,13.42,11.84,11.31,12.02,13.32,15.67,13.65,13.3
QV2M,2003,1.0,40.0,12.55,11.83,13.08,15.68,16.58,14.19,12.44,11.62,12.29,13.56,15.6,13.92,13.62
QV2M,2003,1.0,40.625,12.59,12.1,13.43,16.25,17.31,15.15,12.99,11.96,12.6,13.8,15.66,14.09,14.0
QV2M,2003,1.0,41.25,12.71,12.51,13.78,16.57,17.44,15.45,13.63,12.54,13.15,14.23,16.0,14.26,14.36
QV2M,2003,1.0,41.875,12.84,12.92,14.09,17.05,18.06,15.92,13.93,12.82,13.41,14.43,16.04,14.62,14.68
QV2M,2003,1.5,34.375,9.24,7.86,9.5,11.99,13.64,13.59,13.23,13.48,12.77,12.7,12.14,10.13,11.71
QV2M,2003,1.5,35.0,9.29,8.12,9.58,11.78,13.12,12.9,12.92,13.03,11.98,11.88,11.98,10.04,11.4
QV2M,2003,1.5,35.625,9.17,8.13,9.98,12.2,13.47,12.93,12.85,13.02,11.17,11.22,12.09,10.03,11.37
QV2M,2003,1.5,36.25,9.41,8.6,10.37,12.33,13.6,12.57,12.57,12.87,11.13,11.0,12.26,10.26,11.43
QV2M,2003,1.5,36.875,10.1,9.39,10.92,12.6,13.67,11.63,11.2,11.48,10.47,11.18,12.95,10.9,11.38
QV2M,2003,1.5,37.5,10.71,9.99,11.67,13.56,14.34,11.83,10.92,11.19,10.71,11.67,13.93,11.66,11.86
QV2M,2003,1.5,38.125,11.4,10.77,12.34,14.52,14.66,11.91,10.68,10.71,10.86,12.29,14.95,12.53,12.31
QV2M,2003,1.5,38.75,12.16,11.08,12.71,15.12,15.47,12.64,11.16,10.94,11.48,12.98,15.74,13.42,12.91
QV2M,2003,1.5,39.375,12.18,11.43,12.69,15.28,16.14,13.54,11.89,11.24,11.82,13.21,15.61,13.75,13.24
QV2M,2003,1.5,40.0,12.36,11.52,12.88,15.57,16.66,14.17,12.33,11.45,12.04,13.49,15.82,13.9,13.52
QV2M,2003,1.5,40.625,12.17,11.62,13.02,15.99,17.25,15.12,12.92,11.82,12.4,13.62,15.64,14.07,13.81
QV2M,2003,1.5,41.25,12.23,11.94,13.23,16.4,17.69,15.56,13.35,12.3,12.89,13.89,15.56,14.01,14.09
QV2M,2003,1.5,41.875,12.25,12.22,13.52,16.84,18.16,15.92,13.61,12.45,13.04,14.09,15.89,14.4,14.37
QV2M,2003,2.0,34.375,8.91,7.85,9.86,12.2,13.99,13.88,13.71,13.9,12.71,12.33,12.28,10.27,11.85
QV2M,2003,2.0,35.0,9.17,8.07,9.99,11.94,13.21,12.92,12.96,13.16,11.79,11.48,12.12,10.14,11.43
QV2M,2003,2.0,35.625,9.18,8.35,10.36,12.34,13.56,12.71,12.54,12.75,11.07,11.01,12.36,10.11,11.38
QV2M,2003,2.0,36.25,9.52,8.83,10.86,12.68,13.9,12.29,12.1,12.39,10.67,10.93,12.71,10.44,11.46
QV2M,2003,2.0,36.875,10.12,9.43,11.25,12.93,13.75,11.67,10.99,11.13,10.38,11.33,13.31,10.96,11.45
QV2M,2003,2.0,37.5,10.86,10.11,11.94,13.99,14.71,12.13,10.95,11.0,10.67,11.93,14.43,11.9,12.06
QV2M,2003,2.0,38.125,11.55,10.62,12.35,14.73,15.09,12.31,10.86,10.72,10.93,12.56,15.35,12.74,12.49
QV2M,2003,2.0,38.75,11.68,10.84,12.56,15.04,15.61,12.84,11.34,10.95,11.37,12.99,15.68,12.98,12.83
QV2M,2003,2.0,39.375,11.62,10.83,12.41,15.15,16.3,13.62,11.89,11.14,11.59,13.16,15.74,13.36,13.08
QV2M,2003,2.0,40.0,11.62,10.89,12.5,15.3,16.69,14.18,12.26,11.35,11.81,13.36,15.94,13.53,13.29
QV2M,2003,2.0,40.625,11.32,10.78,12.59,15.79,17.23,15.04,12.72,11.58,12.17,13.47,15.89,13.88,13.55
QV2M,2003,2.0,41.25,11.6,11.21,12.76,16.05,17.55,15.42,13.14,12.02,12.55,13.64,15.72,13.93,13.81
QV2M,2003,2.0,41.875,11.51,11.47,12.97,16.39,17.9,15.69,13.27,12.09,12.69,13.79,16.08,14.23,14.01
QV2M,2003,2.5,34.375,9.06,8.09,10.16,12.17,13.46,13.07,13.23,13.42,11.58,11.26,12.16,10.16,11.5
QV2M,2003,2.5,35.0,9.44,8.41,10.48,12.36,13.41,12.63,12.53,12.76,11.19,11.15,12.44,10.23,11.44
QV2M,2003,2.5,35.625,9.46,8.63,10.85,12.75,13.76,12.34,11.83,12.1,10.47,10.86,12.81,10.23,11.35
QV2M,2003,2.5,36.25,10.53,10.03,12.09,13.64,14.46,12.61,11.81,12.01,11.08,11.9,13.72,11.26,12.1
QV2M,2003,2.5,36.875,10.4,9.77,11.84,13.57,14.29,12.15,11.21,11.1,10.56,11.76,13.88,11.27,11.83
QV2M,2003,2.5,37.5,10.62,9.79,12.0,14.22,14.88,12.17,10.75,10.69,10.51,12.03,14.64,11.77,12.01
QV2M,2003,2.5,38.125,10.84,9.96,11.99,14.33,14.99,12.3,10.89,10.62,10.84,12.45,15.06,12.14,12.21
QV2M,2003,2.5,38.75,10.91,9.96,12.06,14.63,15.61,12.83,11.3,10.79,11.13,12.79,15.48,12.39,12.5
QV2M,2003,2.5,39.375,10.76,9.85,11.97,14.71,16.14,13.47,11.74,10.95,11.32,12.94,15.54,12.54,12.67
QV2M,2003,2.5,40.0,10.67,10.01,12.03,14.8,16.34,13.95,12.05,11.18,11.53,13.05,15.55,12.67,12.83
QV2M,2003,2.5,40.625,10.5,10.15,12.16,15.2,16.7,14.57,12.39,11.4,11.87,13.15,15.48,12.86,13.05
QV2M,2003,2.5,41.25,10.5,10.51,12.31,15.45,16.9,14.81,12.75,11.77,12.21,13.31,15.29,12.78,13.22
QV2M,2003,2.5,41.875,10.86,10.76,12.49,15.72,17.16,15.07,12.93,11.88,12.38,13.41,15.5,13.09,13.45
QV2M,2003,3.0,34.375,9.46,8.31,10.44,12.41,13.55,12.79,12.74,12.88,11.19,10.88,12.36,10.21,11.45
QV2M,2003,3.0,35.0,9.9,8.74,10.91,12.96,14.19,12.77,12.14,12.41,10.91,11.14,12.98,10.57,11.65
QV2M,2003,3.0,35.625,9.94,9.0,11.52,13.53,14.46,12.69,11.19,11.69,10.46,11.44,13.73,10.69,11.71
QV2M,2003,3.0,36.25,11.88,11.38,13.43,14.8,15.36,13.39,12.15,12.06,11.8,12.98,14.97,12.42,13.06
QV2M,2003,3.0,36.875,10.34,9.51,11.94,13.85,14.61,12.15,10.84,10.71,10.35,11.77,14.21,11.32,11.81
QV2M,2003,3.0,37.5,10.32,9.33,11.9,14.16,14.93,12.16,10.67,10.51,10.47,12.01,14.68,11.59,11.9
QV2M,2003,3.0,38.125,10.29,9.21,11.61,13.95,14.91,12.32,10.89,10.51,10.68,12.25,14.79,11.66,11.93
QV2M,2003,3.0,38.75,10.16,8.93,11.55,14.17,15.44,12.8,11.15,10.61,10.87,12.45,15.03,11.78,12.09
QV2M,2003,3.0,39.375,9.91,9.0,11.47,14.16,15.72,13.21,11.51,10.75,11.02,12.54,14.95,11.79,12.18
QV2M,2003,3.0,40.0,9.89,9.21,11.55,14.29,15.91,13.59,11.74,10.94,11.2,12.61,14.99,11.98,12.34
QV2M,2003,3.0,40.625,9.81,9.53,11.68,14.52,16.07,13.99,12.02,11.16,11.53,12.72,14.9,12.06,12.51
QV2M,2003,3.0,41.25,9.93,9.78,11.79,14.81,16.3,14.27,12.34,11.43,11.77,12.81,14.87,12.2,12.7
QV2M,2003,3.0,41.875,10.43,10.0,11.94,14.95,16.39,14.38,12.5,11.53,11.88,12.88,14.92,12.34,12.86
QV2M,2003,3.5,34.375,9.88,8.85,10.73,12.7,13.73,12.55,12.27,12.55,10.96,11.18,12.74,10.6,11.58
QV2M,2003,3.5,35.0,10.37,9.01,11.35,13.46,14.59,12.89,11.98,12.31,10.87,11.38,13.57,11.01,11.91
QV2M,2003,3.5,35.625,10.74,9.67,12.22,14.09,14.94,12.89,11.31,11.64,10.66,12.01,14.35,11.37,12.17
QV2M,2003,3.5,36.25,12.02,11.48,13.56,14.95,15.53,13.42,12.23,12.1,11.89,13.17,15.08,12.52,13.17
QV2M,2003,3.5,36.875,10.1,8.91,11.73,13.92,15.14,12.29,10.84,10.56,10.2,11.71,14.25,11.07,11.74
QV2M,2003,3.5,37.5,9.69,8.63,11.5,13.75,14.89,12.16,10.66,10.45,10.33,11.85,14.18,10.8,11.59
QV2M,2003,3.5,38.125,9.65,8.62,11.09,13.59,14.91,12.42,11.0,10.57,10.52,12.03,14.25,11.01,11.65
QV2M,2003,3.5,38.75,9.34,8.32,10.9,13.57,15.1,12.66,11.1,10.6,10.62,11.99,14.11,10.92,11.62
QV2M,2003,3.5,39.375,9.41,8.42,10.94,13.58,15.16,12.84,11.25,10.64,10.72,12.05,14.16,11.16,11.71
QV2M,2003,3.5,40.0,9.39,8.57,11.06,13.85,15.52,13.19,11.4,10.72,10.88,12.19,14.47,11.59,11.92
QV2M,2003,3.5,40.625,9.36,8.83,11.18,14.06,15.68,13.49,11.54,10.87,11.14,12.28,14.59,11.94,12.09
QV2M,2003,3.5,41.25,9.76,9.36,11.5,14.32,15.82,13.76,11.96,11.15,11.4,12.46,14.62,12.05,12.36
QV2M,2003,3.5,41.875,10.01,9.53,11.63,14.57,15.99,13.94,12.13,11.23,11.5,12.59,14.7,12.22,12.51
QV2M,2003,4.0,34.375,10.68,9.13,11.36,13.67,14.59,13.29,12.6,13.14,11.14,11.59,13.54,11.49,12.2
QV2M,2003,4.0,35.0,11.04,9.34,11.85,14.22,15.18,13.19,11.9,12.62,10.73,11.76,14.14,11.71,12.32
QV2M,2003,4.0,35.625,11.15,9.99,12.49,14.31,15.19,12.94,11.55,11.64,10.76,12.28,14.44,11.66,12.38
QV2M,2003,4.0,36.25,12.1,11.55,13.63,15.11,15.91,13.61,12.49,12.29,12.16,13.49,15.09,12.54,13.34
QV2M,2003,4.0,36.875,9.9,8.44,11.33,13.76,15.33,12.34,10.89,10.68,10.07,11.6,13.73,10.53,11.57
QV2M,2003,4.0,37.5,9.31,7.9,10.85,13.41,15.05,12.16,10.75,10.47,10.12,11.44,13.33,10.19,11.26
QV2M,2003,4.0,38.125,8.88,7.68,10.2,12.83,14.29,12.1,10.78,10.48,10.28,11.31,13.04,10.17,11.02
QV2M,2003,4.0,38.75,9.01,7.54,10.19,12.72,14.16,12.12,10.79,10.35,10.23,11.31,13.08,10.36,11.01
QV2M,2003,4.0,39.375,9.4,7.76,10.43,13.18,14.66,12.49,10.91,10.38,10.36,11.6,13.59,10.82,11.32
QV2M,2003,4.0,40.0,9.19,7.99,10.6,13.45,15.11,12.83,11.06,10.49,10.58,11.81,13.87,11.07,11.52
QV2M,2003,4.0,40.625,9.27,8.4,10.83,13.66,15.29,12.99,11.13,10.59,10.78,12.0,14.19,11.62,11.74
QV2M,2003,4.0,41.25,9.83,8.93,11.16,13.99,15.55,13.35,11.57,10.83,11.03,12.3,14.42,11.93,12.09
QV2M,2003,4.0,41.875,9.96,9.05,11.28,14.34,15.87,13.66,11.86,10.96,11.19,12.5,14.66,12.22,12.31
QV2M,2003,4.5,34.375,11.14,9.21,11.99,14.51,15.32,13.52,12.78,13.8,11.04,11.95,14.3,12.33,12.68
QV2M,2003,4.5,35.0,11.62,9.66,12.15,14.81,15.69,13.47,12.04,12.88,10.64,12.09,14.48,12.27,12.67
QV2M,2003,4.5,35.625,11.18,9.78,12.33,14.36,15.42,12.94,11.62,11.63,10.55,12.24,14.25,11.64,12.34
QV2M,2003,4.5,36.25,11.2,9.74,12.33,14.42,15.72,12.98,11.59,11.67,10.79,12.35,14.14,11.56,12.39
QV2M,2003,4.5,36.875,10.48,8.93,11.46,13.89,15.5,12.67,11.36,11.28,10.45,11.85,13.49,10.72,11.86
QV2M,2003,4.5,37.5,9.32,7.34,10.34,13.08,14.77,12.13,10.58,10.58,9.86,10.83,12.64,9.78,10.96
QV2M,2003,4.5,38.125,8.73,7.12,9.72,12.13,13.59,11.68,10.46,10.31,9.84,10.74,12.31,9.81,10.55
QV2M,2003,4.5,38.75,8.84,7.27,9.87,12.45,13.92,11.92,10.55,10.25,9.91,11.0,12.7,10.15,10.75
QV2M,2003,4.5,39.375,8.73,7.39,10.0,12.84,14.37,12.2,10.63,10.26,10.1,11.24,12.95,10.34,10.94
QV2M,2003,4.5,40.0,8.65,7.58,10.15,12.81,14.38,12.3,10.73,10.33,10.29,11.4,12.92,10.36,11.01
QV2M,2003,4.5,40.625,9.0,7.92,10.44,13.21,14.85,12.6,10.83,10.37,10.46,11.75,13.41,10.96,11.33
QV2M,2003,4.5,41.25,9.34,8.45,10.74,13.47,15.12,12.92,11.26,10.58,10.71,12.11,13.8,11.43,11.68
QV2M,2003,4.5,41.875,9.52,8.48,10.89,14.13,15.89,13.45,11.6,10.75,10.94,12.41,14.4,12.06,12.06
QV2M,2004,-0.5,34.375,13.61,12.92,13.62,14.6,13.82,12.01,11.11,11.96,12.21,12.48,13.12,13.45,12.91
QV2M,2004,-0.5,35.0,12.11,11.28,11.62,13.56,12.79,10.97,10.26,10.93,11.39,11.28,11.93,11.82,11.66
QV2M,2004,-0.5,35.625,10.34,9.62,9.62,11.63,10.94,9.64,9.1,9.53,9.94,9.92,10.44,10.01,10.06
QV2M,2004,-0.5,36.25,10.27,9.62,9.63,11.64,10.92,9.5,8.88,9.22,9.7,10.01,10.56,9.96,9.99
QV2M,2004,-0.5,36.875,11.03,10.33,10.24,12.19,11.34,9.66,8.94,9.08,9.78,10.48,11.21,10.6,10.4
QV2M,2004,-0.5,37.5,12.64,11.89,11.48,13.41,12.42,10.4,9.66,9.58,10.45,11.4,12.56,12.11,11.5
QV2M,2004,-0.5,38.125,14.26,12.99,12.27,14.12,12.17,10.42,9.76,9.53,10.46,12.07,13.85,13.4,12.1
QV2M,2004,-0.5,38.75,14.77,13.29,12.96,14.98,12.72,11.22,10.55,10.44,11.28,12.98,14.77,14.03,12.83
QV2M,2004,-0.5,39.375,14.68,13.46,13.4,15.69,13.31,12.26,11.42,11.4,12.05,13.79,15.41,14.46,13.44
QV2M,2004,-0.5,40.0,14.96,13.84,13.76,16.01,13.86,13.01,11.93,11.86,12.39,14.33,15.87,14.95,13.89
QV2M,2004,-0.5,40.625,14.8,13.94,13.9,15.88,14.07,13.84,12.25,12.12,12.59,14.66,16.44,15.55,14.17
QV2M,2004,-0.5,41.25,15.11,14.38,14.39,16.13,14.36,14.26,12.46,12.52,13.02,15.14,16.84,15.91,14.54
QV2M,2004,-0.5,41.875,15.79,15.21,15.15,16.65,15.16,14.89,13.2,13.31,13.8,15.76,17.05,16.28,15.18
QV2M,2004,-1.0,34.375,13.98,12.92,13.39,14.31,13.33,10.87,10.06,11.05,11.87,11.89,13.12,13.96,12.56
QV2M,2004,-1.0,35.0,12.15,11.46,11.69,13.17,12.47,10.3,9.37,9.94,10.85,10.7,11.57,12.15,11.32
QV2M,2004,-1.0,35.625,10.78,10.51,10.56,12.37,11.87,9.95,8.91,9.28,10.19,10.14,10.69,10.75,10.5
QV2M,2004,-1.0,36.25,10.81,10.45,10.41,12.16,11.75,9.79,8.73,9.0,9.84,10.21,10.78,10.57,10.37
QV2M,2004,-1.0,36.875,11.95,11.44,11.1,12.55,11.89,9.74,8.72,8.74,9.75,10.58,11.62,11.59,10.8
QV2M,2004,-1.0,37.5,13.25,12.7,12.2,13.73,12.65,10.46,9.57,9.45,10.49,11.47,12.78,12.69,11.78
QV2M,2004,-1.0,38.125,13.93,12.85,12.35,14.1,12.03,10.46,9.79,9.6,10.58,11.99,13.55,13.07,12.02
QV2M,2004,-1.0,38.75,14.98,13.46,13.26,15.29,12.71,11.32,10.67,10.57,11.49,13.08,14.84,14.15,12.98
QV2M,2004,-1.0,39.375,14.77,13.58,13.72,16.08,13.39,12.38,11.56,11.54,12.29,13.9,15.61,14.63,13.62
QV2M,2004,-1.0,40.0,15.2,14.11,14.1,16.46,14.03,13.16,12.11,12.06,12.68,14.5,16.06,15.18,14.13
QV2M,2004,-1.0,40.625,15.13,14.38,14.34,16.18,14.31,14.06,12.48,12.37,12.88,14.79,16.54,15.77,14.43
QV2M,2004,-1.0,41.25,15.58,14.95,14.9,16.46,14.62,14.46,12.71,12.78,13.33,15.27,16.91,16.21,14.84
QV2M,2004,-1.0,41.875,16.91,16.5,16.51,17.66,16.12,15.57,14.03,14.15,14.74,16.5,17.62,17.23,16.12
QV2M,2004,-1.5,34.375,13.53,12.62,12.95,13.68,12.85,9.95,8.89,10.17,11.44,11.1,12.81,13.69,11.97
QV2M,2004,-1.5,35.0,12.2,11.79,11.99,13.13,12.43,9.83,8.4,9.01,10.56,10.28,11.46,12.44,11.12
QV2M,2004,-1.5,35.625,11.08,11.06,11.04,12.48,11.87,9.68,8.51,8.65,9.96,9.98,10.76,11.11,10.51
QV2M,2004,-1.5,36.25,11.51,11.51,11.11,12.83,12.33,9.9,8.66,8.88,10.04,10.31,11.22,11.32,10.8
QV2M,2004,-1.5,36.875,11.97,11.61,11.02,12.51,11.73,9.39,8.37,8.65,9.65,10.34,11.49,11.68,10.7
QV2M,2004,-1.5,37.5,12.93,12.43,11.91,13.23,11.95,9.98,9.05,9.11,10.16,11.06,12.31,12.45,11.37
QV2M,2004,-1.5,38.125,14.12,13.41,12.91,14.19,12.19,10.63,9.93,9.79,10.78,12.03,13.39,13.29,12.21
QV2M,2004,-1.5,38.75,14.99,13.79,13.6,15.49,12.64,11.42,10.81,10.7,11.66,13.1,14.66,14.17,13.08
QV2M,2004,-1.5,39.375,15.09,13.97,14.17,16.36,13.51,12.46,11.71,11.65,12.5,14.0,15.57,14.82,13.81
QV2M,2004,-1.5,40.0,15.16,14.3,14.49,16.73,14.21,13.4,12.32,12.27,12.96,14.69,16.3,15.52,14.36
QV2M,2004,-1.5,40.625,15.39,14.75,14.75,16.53,14.62,14.28,12.74,12.68,13.24,15.05,16.62,15.95,14.71
QV2M,2004,-1.5,41.25,16.06,15.48,15.39,16.88,15.04,14.73,13.09,13.14,13.75,15.57,17.05,16.62,15.23
QV2M,2004,-1.5,41.875,17.97,17.62,17.69,18.74,17.23,16.31,14.95,15.02,15.68,17.27,18.22,18.16,17.07
QV2M,2004,-1.7975103014118005e-13,34.375,13.46,12.64,13.47,15.03,14.05,12.94,12.0,12.98,13.03,13.22,13.46,13.09,13.28
QV2M,2004,-1.7975103014118005e-13,35.0,12.25,11.42,11.58,13.93,12.96,12.0,11.49,12.2,12.2,12.2,12.55,11.82,12.22
QV2M,2004,-1.7975103014118005e-13,35.625,10.84,9.87,9.66,12.06,11.34,10.33,10.13,10.61,10.52,10.58,11.15,10.4,10.62
QV2M,2004,-1.7975103014118005e-13,36.25,10.4,9.57,9.33,11.66,11.11,9.83,9.66,10.23,10.1,10.25,10.98,10.27,10.28
QV2M,2004,-1.7975103014118005e-13,36.875,10.78,9.95,9.7,11.81,11.12,9.64,9.28,9.5,9.68,10.26,11.14,10.6,10.29
QV2M,2004,-1.7975103014118005e-13,37.5,11.76,10.97,10.64,12.37,11.41,9.64,9.11,9.13,9.64,10.69,11.85,11.43,10.72
QV2M,2004,-1.7975103014118005e-13,38.125,14.12,12.88,12.25,14.18,12.39,10.39,9.72,9.48,10.36,12.15,13.97,13.41,12.1
QV2M,2004,-1.7975103014118005e-13,38.75,14.45,13.18,12.82,14.9,12.82,11.24,10.51,10.38,11.13,12.96,14.71,13.9,12.74
QV2M,2004,-1.7975103014118005e-13,39.375,14.42,13.27,13.06,15.34,13.3,12.17,11.27,11.24,11.81,13.71,15.23,14.23,13.25
QV2M,2004,-1.7975103014118005e-13,40.0,14.58,13.55,13.35,15.55,13.75,12.87,11.74,11.66,12.11,14.17,15.66,14.71,13.64
QV2M,2004,-1.7975103014118005e-13,40.625,14.53,13.52,13.45,15.75,13.95,13.61,12.0,11.89,12.32,14.74,16.22,15.29,13.94
QV2M,2004,-1.7975103014118005e-13,41.25,14.74,13.91,13.88,16.12,14.25,14.04,12.23,12.31,12.77,15.3,16.57,15.61,14.31
QV2M,2004,-1.7975103014118005e-13,41.875,15.16,14.41,14.27,16.45,14.85,14.55,12.75,12.85,13.27,15.69,16.82,15.94,14.75
QV2M,2004,-2.0,34.375,13.37,12.5,12.82,13.54,12.51,9.19,8.07,9.33,10.99,10.61,12.58,13.71,11.6
QV2M,2004,-2.0,35.0,12.2,11.93,12.15,13.11,12.12,9.42,7.77,8.47,10.2,10.02,11.54,12.56,10.95
QV2M,2004,-2.0,35.625,11.53,11.56,11.62,12.65,11.78,9.56,8.31,8.38,9.84,10.06,11.2,11.66,10.67
QV2M,2004,-2.0,36.25,12.07,12.18,11.71,12.99,12.02,9.66,8.42,8.74,9.92,10.45,11.56,11.86,10.96
QV2M,2004,-2.0,36.875,12.0,11.88,11.35,12.54,11.45,9.19,8.3,8.62,9.63,10.35,11.52,11.69,10.7
QV2M,2004,-2.0,37.5,13.1,12.8,12.22,13.31,11.79,9.82,8.98,9.1,10.14,11.1,12.34,12.58,11.43
QV2M,2004,-2.0,38.125,14.22,13.65,13.17,14.28,12.06,10.6,9.92,9.84,10.84,12.1,13.38,13.37,12.28
QV2M,2004,-2.0,38.75,15.22,14.31,13.95,15.68,12.74,11.55,10.95,10.84,11.82,13.31,14.75,14.42,13.29
QV2M,2004,-2.0,39.375,15.46,14.54,14.64,16.59,13.64,12.67,11.9,11.77,12.68,14.24,15.71,15.18,14.08
QV2M,2004,-2.0,40.0,15.49,14.8,15.08,17.03,14.41,13.6,12.55,12.48,13.27,14.99,16.41,15.77,14.65
QV2M,2004,-2.0,40.625,16.03,15.49,15.61,17.2,15.21,14.7,13.27,13.21,13.9,15.66,16.93,16.43,15.3
QV2M,2004,-2.0,41.25,17.47,17.06,17.15,18.09,16.52,15.68,14.31,14.38,15.09,16.65,17.65,17.55,16.46
QV2M,2004,-2.0,41.875,18.59,18.14,18.22,19.37,17.89,16.76,15.47,15.51,16.17,17.64,18.54,18.67,17.58
QV2M,2004,-2.5,34.375,13.07,12.53,12.79,13.29,11.89,8.8,7.36,8.28,10.22,9.88,12.07,13.57,11.14
QV2M,2004,-2.5,35.0,12.37,12.25,12.53,12.96,11.69,9.11,7.38,7.94,9.59,9.53,11.34,12.6,10.77
QV2M,2004,-2.5,35.625,12.46,12.69,12.81,13.24,11.88,9.38,7.84,8.12,9.41,9.84,11.52,12.5,10.97
QV2M,2004,-2.5,36.25,12.51,12.82,12.44,12.97,11.67,9.48,8.37,8.45,9.49,10.15,11.49,12.16,10.99
QV2M,2004,-2.5,36.875,12.77,12.93,12.45,12.95,11.46,9.02,8.04,8.23,9.38,10.31,11.67,12.29,10.95
QV2M,2004,-2.5,37.5,13.51,13.42,12.8,13.24,11.46,9.54,8.67,8.8,9.85,10.92,12.24,12.9,11.44
QV2M,2004,-2.5,38.125,14.57,14.19,13.6,14.37,11.97,10.58,9.88,9.85,10.79,12.17,13.45,13.83,12.43
QV2M,2004,-2.5,38.75,15.69,15.03,14.3,15.81,12.79,11.66,11.07,10.93,11.89,13.52,14.83,14.98,13.53
QV2M,2004,-2.5,39.375,16.13,15.4,15.06,16.79,13.8,12.93,12.15,11.89,12.83,14.58,15.88,15.76,14.43
QV2M,2004,-2.5,40.0,16.31,15.77,15.87,17.34,14.78,13.98,12.96,12.84,13.7,15.47,16.61,16.32,15.16
QV2M,2004,-2.5,40.625,17.53,17.09,17.26,18.27,16.51,15.65,14.4,14.34,15.13,16.72,17.7,17.62,16.51
QV2M,2004,-2.5,41.25,18.82,18.29,18.48,19.41,17.83,16.64,15.44,15.43,16.14,17.55,18.45,18.75,17.6
QV2M,2004,-2.5,41.875,18.76,18.11,18.24,19.33,17.9,16.74,15.44,15.46,16.12,17.61,18.47,18.7,17.57
QV2M,2004,-3.0,34.375,13.15,12.73,13.21,13.37,11.63,8.79,7.37,7.87,9.67,9.27,11.43,13.66,11.01
QV2M,2004,-3.0,35.0,12.57,12.52,13.06,13.16,11.63,9.18,7.6,7.93,9.25,9.31,11.06,12.77,10.83
QV2M,2004,-3.0,35.625,11.91,11.96,12.39,12.49,11.2,9.12,8.02,8.04,8.99,9.49,10.82,11.81,10.51
QV2M,2004,-3.0,36.25,12.88,13.28,13.31,13.37,11.79,9.48,8.31,8.44,9.43,10.1,11.44,12.73,11.21
QV2M,2004,-3.0,36.875,12.81,13.15,12.75,13.06,11.66,9.59,8.51,8.39,9.34,10.25,11.54,12.47,11.12
QV2M,2004,-3.0,37.5,12.42,12.45,12.04,12.35,10.95,9.41,8.56,8.49,9.41,10.22,11.37,11.96,10.8
QV2M,2004,-3.0,38.125,14.58,14.3,13.72,14.34,11.99,10.7,10.0,9.94,10.83,12.14,13.35,14.03,12.49
QV2M,2004,-3.0,38.75,16.04,15.47,14.53,15.95,12.89,11.81,11.24,11.07,11.96,13.66,14.85,15.44,13.73
QV2M,2004,-3.0,39.375,16.44,15.88,15.39,17.04,13.94,13.17,12.39,12.05,12.99,14.84,16.04,16.15,14.69
QV2M,2004,-3.0,40.0,17.2,16.72,16.68,17.88,15.33,14.44,13.48,13.34,14.24,15.89,16.96,17.07,15.76
QV2M,2004,-3.0,40.625,18.86,18.39,18.47,19.19,17.61,16.38,15.3,15.25,16.04,17.37,18.28,18.7,17.48
QV2M,2004,-3.0,41.25,19.02,18.38,18.47,19.29,17.82,16.62,15.39,15.36,16.07,17.46,18.36,18.79,17.58
QV2M,2004,-3.0,41.875,18.97,18.15,18.3,19.3,17.88,16.71,15.42,15.4,16.08,17.56,18.4,18.77,17.57
QV2M,2004,-3.5,34.375,13.74,13.52,13.97,13.76,11.67,8.76,7.53,8.01,9.61,9.43,11.6,14.2,11.31
QV2M,2004,-3.5,35.0,13.24,13.34,13.83,13.65,11.86,9.55,8.3,8.65,9.78,10.03,11.68,13.44,11.44
QV2M,2004,-3.5,35.625,12.73,12.93,13.31,13.24,11.62,9.5,8.35,8.4,9.38,9.9,11.37,12.7,11.11
QV2M,2004,-3.5,36.25,13.06,13.36,13.42,13.45,11.66,9.55,8.44,8.57,9.62,10.37,11.7,12.8,11.33
QV2M,2004,-3.5,36.875,13.31,13.57,13.45,13.86,11.96,10.08,9.04,8.95,10.04,11.03,12.25,12.83,11.69
QV2M,2004,-3.5,37.5,13.61,13.74,13.43,14.31,12.19,10.49,9.6,9.46,10.5,11.7,12.79,12.91,12.05
QV2M,2004,-3.5,38.125,14.46,14.09,13.52,14.53,11.97,10.79,10.2,10.14,11.05,12.32,13.39,13.9,12.52
QV2M,2004,-3.5,38.75,15.7,15.27,14.66,15.88,13.13,11.98,11.43,11.29,12.13,13.6,14.73,15.19,13.74
QV2M,2004,-3.5,39.375,16.51,15.95,15.59,17.18,14.14,13.34,12.56,12.21,13.15,14.93,16.06,16.24,14.81
QV2M,2004,-3.5,40.0,18.2,17.73,17.71,18.58,16.33,15.23,14.33,14.18,15.1,16.61,17.66,18.02,16.63
QV2M,2004,-3.5,40.625,19.17,18.64,18.52,19.19,17.72,16.41,15.35,15.28,16.07,17.36,18.25,18.85,17.56
QV2M,2004,-3.5,41.25,19.23,18.59,18.49,19.26,17.81,16.59,15.35,15.31,16.04,17.42,18.3,18.87,17.6
QV2M,2004,-3.5,41.875,19.13,18.3,18.3,19.24,17.82,16.67,15.37,15.33,16.02,17.48,18.32,18.81,17.56
QV2M,2004,-4.0,34.375,13.99,13.91,14.01,13.6,11.14,8.64,7.44,7.79,9.38,9.39,11.61,14.31,11.26
QV2M,2004,-4.0,35.0,13.26,13.33,13.62,13.25,11.2,9.0,7.78,8.11,9.32,9.59,11.35,13.28,11.08
QV2M,2004,-4.0,35.625,12.96,13.08,13.35,13.13,11.37,9.38,8.3,8.46,9.41,9.9,11.33,12.77,11.11
QV2M,2004,-4.0,36.25,13.18,13.41,13.43,13.4,11.44,9.52,8.45,8.62,9.63,10.31,11.65,12.95,11.32
QV2M,2004,-4.0,36.875,13.61,13.65,13.55,13.81,11.69,9.96,9.04,9.0,10.05,10.95,12.25,13.11,11.71
QV2M,2004,-4.0,37.5,14.26,14.21,13.9,14.56,12.11,10.55,9.76,9.57,10.61,11.76,13.03,13.66,12.32
QV2M,2004,-4.0,38.125,14.88,14.55,14.06,15.17,12.26,11.01,10.42,10.34,11.3,12.74,13.97,14.29,12.91
QV2M,2004,-4.0,38.75,15.78,15.4,15.04,16.46,13.45,12.27,11.74,11.63,12.5,14.04,15.22,15.38,14.07
QV2M,2004,-4.0,39.375,16.74,16.17,16.01,17.64,14.66,13.69,12.88,12.61,13.5,15.2,16.29,16.5,15.15
QV2M,2004,-4.0,40.0,19.01,18.56,18.43,19.02,17.26,15.93,15.05,14.96,15.81,17.08,18.11,18.73,17.32
QV2M,2004,-4.0,40.625,19.37,18.8,18.62,19.18,17.72,16.38,15.31,15.24,16.04,17.31,18.25,18.96,17.59
QV2M,2004,-4.0,41.25,19.37,18.72,18.57,19.22,17.77,16.55,15.29,15.24,16.01,17.38,18.26,18.92,17.6
QV2M,2004,-4.0,41.875,19.24,18.49,18.36,19.21,17.77,16.61,15.32,15.26,15.96,17.4,18.24,18.86,17.56
QV2M,2004,-4.5,34.375,13.47,13.43,13.39,13.04,10.29,8.44,7.29,7.45,9.03,9.0,11.2,13.81,10.81
QV2M,2004,-4.5,35.0,13.0,13.01,13.25,12.96,10.61,8.7,7.56,7.76,9.08,9.31,11.17,12.99,10.77
QV2M,2004,-4.5,35.625,12.98,13.01,13.34,13.15,10.96,9.13,8.11,8.3,9.35,9.93,11.43,12.7,11.02
QV2M,2004,-4.5,36.25,13.46,13.62,13.65,13.61,11.22,9.46,8.47,8.71,9.77,10.56,11.9,13.24,11.46
QV2M,2004,-4.5,36.875,13.72,13.75,13.66,13.93,11.54,9.93,9.11,9.21,10.22,11.12,12.34,13.32,11.81
QV2M,2004,-4.5,37.5,14.45,14.44,14.23,14.8,12.26,10.71,9.99,9.92,10.88,11.96,13.16,14.02,12.56
QV2M,2004,-4.5,38.125,14.96,14.82,14.44,15.23,12.68,11.21,10.62,10.43,11.32,12.69,13.97,14.67,13.08
QV2M,2004,-4.5,38.75,16.24,16.03,15.75,16.82,13.91,12.5,11.96,11.85,12.76,14.27,15.58,16.06,14.47
QV2M,2004,-4.5,39.375,17.87,17.38,17.3,18.4,15.86,14.54,13.79,13.62,14.48,15.94,17.12,17.58,16.15
QV2M,2004,-4.5,40.0,19.4,18.86,18.73,19.08,17.43,16.05,15.17,15.07,15.91,17.14,18.21,18.98,17.5
QV2M,2004,-4.5,40.625,19.51,18.86,18.73,19.16,17.68,16.33,15.26,15.17,15.99,17.25,18.24,18.99,17.59
QV2M,2004,-4.5,41.25,19.45,18.75,18.59,19.16,17.73,16.49,15.23,15.16,15.98,17.33,18.25,18.94,17.58
QV2M,2004,-4.5,41.875,19.31,18.6,18.45,19.19,17.72,16.54,15.26,15.18,15.93,17.37,18.22,18.86,17.55
QV2M,2004,0.5,34.375,13.01,11.69,12.48,15.03,14.09,13.76,12.68,13.88,13.52,13.45,13.53,12.4,13.29
QV2M,2004,0.5,35.0,11.87,10.66,10.62,13.38,12.48,12.08,11.72,12.45,11.99,12.05,12.36,11.33,11.92
QV2M,2004,0.5,35.625,11.07,9.85,9.64,12.87,12.13,11.15,10.99,11.83,10.99,11.21,12.04,10.94,11.23
QV2M,2004,0.5,36.25,11.01,9.97,9.73,11.97,11.68,10.49,10.72,11.53,10.71,10.76,11.65,10.99,10.94
QV2M,2004,0.5,36.875,11.55,10.47,10.07,12.06,11.38,9.88,9.96,10.48,9.99,10.62,11.8,11.41,10.81
QV2M,2004,0.5,37.5,12.33,11.23,10.8,12.84,11.78,9.81,9.48,9.47,9.84,11.08,12.54,12.11,11.11
QV2M,2004,0.5,38.125,13.5,12.31,11.91,13.99,12.49,10.5,9.81,9.53,10.32,12.09,13.75,13.0,11.93
QV2M,2004,0.5,38.75,14.13,12.97,12.63,14.72,12.89,11.29,10.46,10.33,10.98,12.94,14.58,13.73,12.63
QV2M,2004,0.5,39.375,14.32,13.03,12.73,15.25,13.39,12.11,11.11,11.08,11.56,13.73,15.31,14.34,13.16
QV2M,2004,0.5,40.0,14.3,13.05,12.82,15.47,13.78,12.76,11.52,11.46,11.85,14.28,15.73,14.68,13.47
QV2M,2004,0.5,40.625,14.25,13.09,12.96,15.72,14.03,13.41,11.77,11.69,12.09,14.91,16.06,15.09,13.75
QV2M,2004,0.5,41.25,14.46,13.58,13.38,16.07,14.23,13.82,12.04,12.15,12.56,15.31,16.21,15.27,14.09
QV2M,2004,0.5,41.875,14.72,13.88,13.71,16.41,14.86,14.35,12.5,12.61,12.99,15.7,16.62,15.66,14.5
QV2M,2004,1.0,34.375,11.66,10.74,10.9,13.09,12.35,12.09,11.51,12.45,11.93,11.83,12.07,11.27,11.82
QV2M,2004,1.0,35.0,11.31,9.96,9.81,12.54,11.83,11.45,11.14,11.83,11.24,11.46,11.8,10.96,11.28
QV2M,2004,1.0,35.625,10.91,9.5,9.53,12.71,12.02,11.02,10.88,11.74,10.58,10.97,11.83,10.82,11.05
QV2M,2004,1.0,36.25,11.27,10.01,9.84,12.34,11.89,10.61,10.97,12.01,10.63,10.87,11.86,11.27,11.13
QV2M,2004,1.0,36.875,11.9,10.78,10.51,12.45,11.6,9.96,10.01,10.53,9.98,10.98,12.18,11.64,11.04
QV2M,2004,1.0,37.5,12.81,11.59,11.22,13.38,12.29,10.21,9.82,9.68,10.11,11.55,13.09,12.46,11.52
QV2M,2004,1.0,38.125,13.49,12.26,11.86,14.09,12.61,10.67,9.93,9.67,10.32,12.21,13.85,13.0,11.99
QV2M,2004,1.0,38.75,14.06,12.74,12.41,14.81,12.96,11.36,10.45,10.33,10.88,13.04,14.73,13.74,12.62
QV2M,2004,1.0,39.375,14.19,12.65,12.38,15.35,13.49,12.06,11.0,10.94,11.34,13.78,15.47,14.29,13.08
QV2M,2004,1.0,40.0,14.07,12.56,12.32,15.45,13.83,12.68,11.33,11.27,11.61,14.38,15.83,14.64,13.33
QV2M,2004,1.0,40.625,13.98,12.59,12.41,15.64,14.13,13.28,11.55,11.52,11.89,15.0,16.08,15.01,13.59
QV2M,2004,1.0,41.25,14.08,12.88,12.71,15.96,14.43,13.78,11.85,11.96,12.33,15.32,16.28,15.21,13.9
QV2M,2004,1.0,41.875,14.25,13.16,13.07,16.33,14.89,14.16,12.29,12.39,12.72,15.67,16.52,15.35,14.23
QV2M,2004,1.5,34.375,11.26,9.44,9.69,13.9,13.17,12.9,12.12,13.44,12.55,12.15,12.34,10.92,11.99
QV2M,2004,1.5,35.0,11.12,9.46,9.53,13.0,12.36,11.76,11.46,12.58,11.42,11.45,12.01,10.9,11.42
QV2M,2004,1.5,35.625,11.2,9.48,9.73,13.07,12.22,11.12,10.96,11.89,10.53,11.04,11.94,10.94,11.18
QV2M,2004,1.5,36.25,11.47,10.06,10.09,12.76,12.0,10.42,10.62,11.57,10.36,10.84,12.07,11.18,11.12
QV2M,2004,1.5,36.875,12.21,10.95,10.78,12.98,11.97,10.18,10.06,10.16,10.02,11.18,12.47,11.81,11.23
QV2M,2004,1.5,37.5,12.95,11.62,11.42,13.77,12.53,10.53,10.15,10.08,10.28,11.81,13.37,12.52,11.75
QV2M,2004,1.5,38.125,13.72,12.31,12.04,14.7,12.88,10.93,10.15,9.88,10.39,12.56,14.33,13.18,12.25
QV2M,2004,1.5,38.75,14.4,12.55,12.16,15.45,13.39,11.48,10.5,10.38,10.83,13.38,15.27,14.03,12.82
QV2M,2004,1.5,39.375,14.17,12.5,11.93,15.41,13.64,12.14,10.91,10.81,11.14,13.88,15.62,14.26,13.03
QV2M,2004,1.5,40.0,14.19,12.4,11.96,15.66,14.0,12.61,11.16,11.09,11.4,14.28,15.91,14.46,13.26
QV2M,2004,1.5,40.625,13.82,12.06,11.85,15.54,14.22,13.15,11.38,11.36,11.69,14.94,16.1,14.87,13.41
QV2M,2004,1.5,41.25,13.71,12.17,12.1,15.79,14.43,13.61,11.74,11.79,12.08,15.27,16.15,14.93,13.65
QV2M,2004,1.5,41.875,13.69,12.38,12.41,16.17,14.91,13.97,12.07,12.17,12.44,15.66,16.51,15.0,13.95
QV2M,2004,2.0,34.375,11.29,9.22,9.67,14.05,13.31,12.88,12.11,13.59,12.37,11.88,12.48,10.84,11.98
QV2M,2004,2.0,35.0,11.22,9.33,9.65,13.18,12.47,11.54,11.27,12.43,11.11,11.27,12.13,10.93,11.38
QV2M,2004,2.0,35.625,11.35,9.69,9.9,13.37,12.45,11.01,10.65,11.51,10.2,10.89,12.27,10.99,11.19
QV2M,2004,2.0,36.25,11.82,10.29,10.38,13.33,12.31,10.22,10.41,10.97,9.98,10.98,12.52,11.32,11.21
QV2M,2004,2.0,36.875,12.36,11.0,10.9,13.42,12.22,10.38,10.1,10.05,9.94,11.4,12.83,11.87,11.37
QV2M,2004,2.0,37.5,13.21,11.78,11.56,14.42,12.97,10.86,10.22,10.01,10.2,12.15,13.88,12.71,11.99
QV2M,2004,2.0,38.125,13.99,12.2,11.78,15.26,13.38,11.26,10.26,9.98,10.39,12.84,14.73,13.37,12.45
QV2M,2004,2.0,38.75,14.06,12.24,11.84,15.6,13.66,11.73,10.61,10.39,10.71,13.34,15.18,13.51,12.74
QV2M,2004,2.0,39.375,13.78,11.89,11.42,15.51,13.8,12.19,10.82,10.67,10.93,13.76,15.52,13.72,12.83
QV2M,2004,2.0,40.0,13.66,11.73,11.37,15.69,14.19,12.6,11.07,10.92,11.19,14.12,15.76,13.88,13.01
QV2M,2004,2.0,40.625,13.24,11.2,11.25,15.63,14.39,13.03,11.19,11.18,11.46,14.82,16.08,14.34,13.15
QV2M,2004,2.0,41.25,13.41,11.49,11.49,15.68,14.41,13.44,11.52,11.57,11.81,15.09,16.1,14.31,13.36
QV2M,2004,2.0,41.875,13.16,11.64,11.74,15.89,14.75,13.79,11.87,11.94,12.14,15.47,16.52,14.43,13.61
QV2M,2004,2.5,34.375,11.15,9.12,9.56,13.56,12.68,11.57,11.32,12.87,11.21,11.3,12.37,10.89,11.47
QV2M,2004,2.5,35.0,11.35,9.48,9.82,13.51,12.65,11.23,10.98,11.83,10.8,11.25,12.54,11.17,11.39
QV2M,2004,2.5,35.625,11.62,9.95,10.15,13.78,12.75,10.9,10.49,10.82,10.06,11.16,12.86,11.3,11.32
QV2M,2004,2.5,36.25,12.74,11.32,11.45,14.35,13.19,11.14,10.98,11.07,10.83,12.02,13.66,12.21,12.08
QV2M,2004,2.5,36.875,12.7,11.23,11.24,14.15,12.8,10.88,10.4,10.22,10.19,11.91,13.55,12.2,11.79
QV2M,2004,2.5,37.5,13.03,11.36,11.25,14.9,13.21,10.93,10.13,9.85,10.09,12.26,14.21,12.56,11.98
QV2M,2004,2.5,38.125,13.21,11.28,11.06,15.09,13.33,11.3,10.24,9.99,10.28,12.72,14.49,12.65,12.13
QV2M,2004,2.5,38.75,13.18,11.15,11.0,15.49,13.63,11.72,10.51,10.28,10.51,13.17,14.95,12.73,12.36
QV2M,2004,2.5,39.375,12.9,10.81,10.73,15.44,13.75,12.11,10.65,10.49,10.7,13.52,15.19,12.72,12.42
QV2M,2004,2.5,40.0,12.76,10.73,10.69,15.48,13.96,12.43,10.89,10.72,10.92,13.83,15.31,12.76,12.54
QV2M,2004,2.5,40.625,12.55,10.6,10.74,15.42,13.96,12.78,11.01,10.99,11.18,14.31,15.48,12.96,12.66
QV2M,2004,2.5,41.25,12.53,10.82,10.94,15.35,13.9,13.18,11.35,11.38,11.53,14.51,15.43,12.72,12.8
QV2M,2004,2.5,41.875,12.76,10.97,11.12,15.42,14.25,13.48,11.67,11.72,11.85,14.83,15.84,13.02,13.08
QV2M,2004,3.0,34.375,11.15,8.92,9.55,13.58,12.86,11.27,11.12,12.32,11.16,11.38,12.6,11.14,11.43
QV2M,2004,3.0,35.0,11.64,9.46,10.04,14.06,13.17,11.28,10.86,11.52,10.76,11.62,13.18,11.59,11.6
QV2M,2004,3.0,35.625,12.05,10.25,10.7,14.62,13.38,11.05,10.51,10.59,10.42,11.79,13.87,12.02,11.77
QV2M,2004,3.0,36.25,13.78,12.38,12.67,15.57,14.14,12.05,11.51,11.51,11.65,13.12,14.98,13.55,13.07
QV2M,2004,3.0,36.875,12.57,10.86,10.94,14.67,13.02,10.85,10.16,9.94,10.04,12.01,14.08,12.27,11.78
QV2M,2004,3.0,37.5,12.59,10.57,10.71,15.04,13.18,10.96,10.07,9.83,10.0,12.34,14.41,12.27,11.83
QV2M,2004,3.0,38.125,12.54,10.31,10.38,14.95,13.17,11.28,10.14,9.94,10.11,12.65,14.33,12.04,11.82
QV2M,2004,3.0,38.75,12.3,9.94,10.28,15.32,13.47,11.57,10.3,10.13,10.28,12.99,14.65,11.98,11.93
QV2M,2004,3.0,39.375,11.98,9.74,10.13,15.23,13.49,11.93,10.44,10.3,10.45,13.19,14.69,11.78,11.95
QV2M,2004,3.0,40.0,11.92,9.79,10.13,15.27,13.58,12.17,10.64,10.49,10.63,13.47,14.82,11.86,12.06
QV2M,2004,3.0,40.625,11.9,9.95,10.23,15.13,13.49,12.47,10.82,10.77,10.89,13.78,14.85,11.9,12.18
QV2M,2004,3.0,41.25,12.02,10.1,10.35,15.07,13.53,12.86,11.11,11.11,11.2,14.02,14.98,11.94,12.36
QV2M,2004,3.0,41.875,12.37,10.19,10.47,15.0,13.78,13.05,11.34,11.36,11.44,14.19,15.22,12.16,12.55
QV2M,2004,3.5,34.375,11.7,9.05,9.74,13.82,13.03,11.19,11.01,11.95,11.0,11.63,13.04,11.57,11.57
QV2M,2004,3.5,35.0,12.09,9.45,10.36,14.7,13.63,11.46,10.85,11.47,10.84,11.97,13.87,12.16,11.91
QV2M,2004,3.5,35.625,12.53,10.52,11.32,15.17,13.78,11.3,10.59,10.64,10.57,12.36,14.56,12.82,12.18
QV2M,2004,3.5,36.25,13.73,12.12,12.62,15.59,14.23,12.18,11.54,11.54,11.66,13.34,15.04,13.56,13.1
QV2M,2004,3.5,36.875,12.1,10.09,10.35,14.92,13.23,10.92,10.01,9.77,9.85,12.07,14.3,12.12,11.64
QV2M,2004,3.5,37.5,11.71,9.62,10.09,14.79,13.13,10.95,10.0,9.79,9.85,12.23,14.1,11.62,11.49
QV2M,2004,3.5,38.125,11.67,9.47,9.88,14.76,13.1,11.32,10.13,9.9,9.94,12.51,13.99,11.34,11.5
QV2M,2004,3.5,38.75,11.28,9.08,9.67,14.88,13.18,11.48,10.19,10.0,10.04,12.58,13.93,11.11,11.45
QV2M,2004,3.5,39.375,11.27,8.99,9.61,14.84,13.2,11.65,10.25,10.07,10.16,12.77,14.03,11.26,11.51
QV2M,2004,3.5,40.0,11.35,9.02,9.62,15.07,13.23,11.9,10.41,10.27,10.33,13.15,14.42,11.45,11.69
QV2M,2004,3.5,40.625,11.46,9.19,9.69,15.15,13.14,12.11,10.58,10.51,10.57,13.51,14.66,11.68,11.85
QV2M,2004,3.5,41.25,11.83,9.6,9.98,14.93,13.18,12.52,10.88,10.84,10.87,13.7,14.77,11.78,12.07
QV2M,2004,3.5,41.875,11.99,9.71,10.09,14.91,13.45,12.7,11.06,11.07,11.1,13.93,15.08,11.97,12.26
QV2M,2004,4.0,34.375,12.52,9.05,10.01,14.87,13.89,11.68,11.22,12.55,11.59,12.16,14.0,12.49,12.18
QV2M,2004,4.0,35.0,12.53,9.45,10.67,15.46,14.29,11.62,10.93,11.84,10.92,12.42,14.69,12.99,12.32
QV2M,2004,4.0,35.625,12.66,10.38,11.45,15.3,13.99,11.56,10.72,10.72,10.69,12.72,14.82,13.02,12.34
QV2M,2004,4.0,36.25,13.56,11.82,12.6,15.74,14.54,12.5,11.77,11.75,11.94,13.68,15.23,13.62,13.23
QV2M,2004,4.0,36.875,11.44,9.31,9.8,14.81,13.27,10.96,9.98,9.75,9.8,12.02,14.13,11.82,11.42
QV2M,2004,4.0,37.5,10.87,8.78,9.4,14.61,13.08,10.94,9.93,9.72,9.69,11.92,13.68,11.18,11.15
QV2M,2004,4.0,38.125,10.6,8.59,9.08,14.15,12.73,10.97,9.98,9.77,9.73,11.92,13.02,10.66,10.93
QV2M,2004,4.0,38.75,10.61,8.45,8.97,14.05,12.73,10.97,9.9,9.77,9.74,12.02,13.01,10.81,10.92
QV2M,2004,4.0,39.375,10.87,8.53,9.08,14.56,12.95,11.19,9.98,9.87,9.86,12.49,13.63,11.2,11.19
QV2M,2004,4.0,40.0,10.96,8.46,9.1,14.9,13.0,11.53,10.17,10.07,10.04,12.88,14.02,11.18,11.36
QV2M,2004,4.0,40.625,11.27,8.66,9.25,14.98,12.84,11.74,10.31,10.26,10.25,13.23,14.37,11.5,11.56
QV2M,2004,4.0,41.25,11.77,9.01,9.54,14.92,12.97,12.15,10.6,10.56,10.55,13.53,14.69,11.76,11.84
QV2M,2004,4.0,41.875,11.86,9.15,9.66,15.14,13.29,12.42,10.81,10.83,10.84,13.92,15.2,12.06,12.1
QV2M,2004,4.5,34.375,12.91,9.04,10.25,15.99,14.57,11.6,11.46,13.26,11.78,12.61,15.09,13.08,12.65
QV2M,2004,4.5,35.0,13.16,9.46,10.8,15.89,14.68,11.74,11.02,12.14,11.03,12.78,15.27,13.6,12.64
QV2M,2004,4.5,35.625,12.53,9.94,11.14,15.43,14.1,11.6,10.63,10.7,10.62,12.8,15.03,13.05,12.3
QV2M,2004,4.5,36.25,12.35,10.31,10.98,15.63,14.16,11.64,10.77,10.71,10.78,12.79,14.91,12.95,12.33
QV2M,2004,4.5,36.875,11.41,9.49,9.99,15.11,13.66,11.36,10.45,10.26,10.29,12.35,14.11,12.14,11.72
QV2M,2004,4.5,37.5,10.26,8.41,8.76,14.5,13.04,10.64,9.8,9.67,9.64,11.63,13.2,11.07,10.89
QV2M,2004,4.5,38.125,10.09,8.21,8.42,13.51,12.3,10.45,9.7,9.56,9.52,11.48,12.4,10.51,10.51
QV2M,2004,4.5,38.75,10.24,8.24,8.49,13.88,12.43,10.63,9.71,9.61,9.58,11.86,12.82,10.7,10.68
QV2M,2004,4.5,39.375,10.35,8.19,8.52,14.25,12.57,10.89,9.8,9.71,9.67,12.18,13.22,10.72,10.84
QV2M,2004,4.5,40.0,10.48,8.11,8.58,14.13,12.55,11.15,9.94,9.91,9.81,12.28,13.19,10.6,10.9
QV2M,2004,4.5,40.625,10.92,8.24,8.79,14.44,12.61,11.38,10.06,10.06,9.97,12.81,13.74,10.93,11.17
QV2M,2004,4.5,41.25,11.36,8.57,9.09,14.61,12.82,11.81,10.32,10.33,10.26,13.2,14.22,11.34,11.5
QV2M,2004,4.5,41.875,11.59,8.66,9.2,15.35,13.25,12.17,10.59,10.62,10.63,13.93,15.24,11.9,11.93
QV2M,2005,-0.5,34.375,12.97,12.09,14.04,14.36,14.28,12.99,11.7,12.07,12.17,11.77,12.74,10.6,12.65
QV2M,2005,-0.5,35.0,11.17,9.72,12.14,12.54,13.05,12.1,10.8,11.41,11.33,10.94,11.58,9.06,11.33
QV2M,2005,-0.5,35.625,8.85,7.78,9.93,10.48,11.24,10.47,9.67,10.19,9.92,9.55,10.24,8.24,9.72
QV2M,2005,-0.5,36.25,8.69,7.98,9.94,10.76,11.18,10.3,9.64,10.02,9.78,9.55,10.47,8.54,9.75
QV2M,2005,-0.5,36.875,9.14,8.6,10.45,11.46,11.56,10.54,9.78,10.01,9.91,9.85,11.13,9.13,10.14
QV2M,2005,-0.5,37.5,10.19,9.73,11.58,12.83,12.72,11.36,10.45,10.49,10.52,10.7,12.44,10.29,11.11
QV2M,2005,-0.5,38.125,10.88,10.64,12.34,13.41,13.12,11.29,10.43,10.31,10.45,11.16,13.53,11.14,11.56
QV2M,2005,-0.5,38.75,11.34,11.47,13.16,14.4,14.16,12.14,11.25,11.07,11.35,12.15,14.25,11.93,12.39
QV2M,2005,-0.5,39.375,11.85,12.08,13.68,15.18,15.51,13.23,12.35,11.91,12.3,12.89,14.73,12.49,13.18
QV2M,2005,-0.5,40.0,12.49,12.66,14.05,15.57,16.33,13.92,13.07,12.35,12.75,13.24,15.11,13.03,13.72
QV2M,2005,-0.5,40.625,13.04,13.19,14.44,15.79,17.2,14.54,13.89,12.76,13.0,13.4,15.58,13.56,14.2
QV2M,2005,-0.5,41.25,13.63,13.75,14.91,16.26,17.61,14.87,14.29,13.09,13.36,13.88,15.85,14.05,14.63
QV2M,2005,-0.5,41.875,14.56,14.64,15.65,16.86,17.99,15.41,14.77,13.83,14.02,14.6,16.04,14.82,15.27
QV2M,2005,-1.0,34.375,13.24,11.98,13.8,14.13,14.16,12.4,10.8,11.52,11.75,11.27,12.66,10.65,12.36
QV2M,2005,-1.0,35.0,11.42,10.04,12.1,12.61,12.87,11.67,10.25,10.72,10.72,10.32,11.44,9.4,11.13
QV2M,2005,-1.0,35.625,9.6,8.39,10.8,11.54,12.09,11.09,9.98,10.27,10.03,9.75,10.75,8.58,10.25
QV2M,2005,-1.0,36.25,9.26,8.58,10.55,11.59,11.97,11.03,9.94,10.1,9.83,9.7,10.95,9.13,10.23
QV2M,2005,-1.0,36.875,9.86,9.16,11.04,12.13,11.98,10.92,9.94,9.89,9.69,9.79,11.63,9.77,10.49
QV2M,2005,-1.0,37.5,10.71,10.18,12.06,13.32,12.92,11.59,10.48,10.44,10.5,10.74,12.74,10.78,11.37
QV2M,2005,-1.0,38.125,10.76,10.64,12.51,13.56,13.1,11.34,10.42,10.38,10.52,11.25,13.46,11.3,11.6
QV2M,2005,-1.0,38.75,11.44,11.65,13.53,14.72,14.33,12.27,11.33,11.24,11.52,12.39,14.45,12.19,12.59
QV2M,2005,-1.0,39.375,11.92,12.3,14.12,15.53,15.82,13.32,12.47,12.07,12.47,13.16,15.0,12.76,13.41
QV2M,2005,-1.0,40.0,12.66,12.91,14.49,15.96,16.6,14.09,13.22,12.56,12.98,13.55,15.35,13.35,13.98
QV2M,2005,-1.0,40.625,13.4,13.53,14.87,16.15,17.43,14.75,14.11,12.95,13.27,13.67,15.69,13.97,14.49
QV2M,2005,-1.0,41.25,14.19,14.25,15.39,16.65,17.74,15.12,14.56,13.41,13.71,14.18,15.99,14.59,14.98
QV2M,2005,-1.0,41.875,15.86,15.93,16.85,18.06,18.47,16.06,15.36,14.51,14.91,15.55,16.77,16.1,16.2
QV2M,2005,-1.5,34.375,13.01,11.8,13.39,13.65,13.53,11.69,9.79,10.62,11.03,10.51,11.96,9.95,11.74
QV2M,2005,-1.5,35.0,11.66,10.37,12.22,12.88,12.74,11.37,9.76,10.02,10.07,9.63,11.24,8.9,10.9
QV2M,2005,-1.5,35.625,9.92,8.84,11.04,12.0,12.05,11.05,9.66,9.81,9.6,9.45,10.86,8.82,10.26
QV2M,2005,-1.5,36.25,9.43,8.94,11.18,12.63,12.78,11.57,10.0,10.03,9.74,9.76,11.27,9.37,10.56
QV2M,2005,-1.5,36.875,9.67,9.16,11.02,12.38,11.98,10.82,9.52,9.45,9.43,9.66,11.51,9.9,10.38
QV2M,2005,-1.5,37.5,10.51,9.93,11.73,13.03,12.4,11.09,9.95,9.94,10.01,10.41,12.44,10.78,11.02
QV2M,2005,-1.5,38.125,11.17,11.0,12.79,13.92,13.18,11.52,10.55,10.56,10.72,11.37,13.53,11.87,11.85
QV2M,2005,-1.5,38.75,11.67,11.92,13.88,15.07,14.39,12.41,11.43,11.34,11.66,12.48,14.46,12.56,12.77
QV2M,2005,-1.5,39.375,12.27,12.57,14.55,15.92,15.74,13.45,12.49,12.2,12.61,13.36,15.09,13.13,13.62
QV2M,2005,-1.5,40.0,13.03,13.21,14.92,16.37,16.91,14.37,13.49,12.8,13.23,13.81,15.62,13.71,14.29
QV2M,2005,-1.5,40.625,13.84,13.89,15.22,16.53,17.59,14.96,14.3,13.24,13.63,14.03,15.76,14.29,14.78
QV2M,2005,-1.5,41.25,14.83,14.78,15.83,17.08,17.91,15.4,14.78,13.7,14.08,14.55,16.12,15.06,15.34
QV2M,2005,-1.5,41.875,17.16,17.1,18.01,19.17,18.97,16.79,15.97,15.23,15.79,16.46,17.54,17.26,17.12
QV2M,2005,-1.7975103014118005e-13,34.375,12.4,11.16,13.77,14.24,14.54,13.25,12.29,12.78,12.57,12.74,12.68,10.16,12.72
QV2M,2005,-1.7975103014118005e-13,35.0,10.99,9.6,12.11,12.65,13.5,12.58,11.69,12.35,11.94,12.0,11.91,9.28,11.73
QV2M,2005,-1.7975103014118005e-13,35.625,9.13,8.17,10.02,10.67,11.7,11.07,10.37,11.07,10.6,10.34,10.67,8.6,10.21
QV2M,2005,-1.7975103014118005e-13,36.25,8.82,8.0,9.6,10.63,11.6,10.75,10.22,10.91,10.54,9.94,10.56,8.56,10.02
QV2M,2005,-1.7975103014118005e-13,36.875,9.05,8.42,9.96,11.0,11.59,10.48,9.89,10.33,10.15,9.78,10.78,8.92,10.04
QV2M,2005,-1.7975103014118005e-13,37.5,9.79,9.34,10.78,11.76,11.79,10.49,9.74,9.9,9.97,9.98,11.59,9.83,10.42
QV2M,2005,-1.7975103014118005e-13,38.125,10.98,10.73,12.16,13.41,13.18,11.3,10.42,10.26,10.4,11.11,13.58,11.21,11.56
QV2M,2005,-1.7975103014118005e-13,38.75,11.45,11.45,12.87,14.3,14.21,12.15,11.25,10.98,11.26,12.01,14.13,11.81,12.32
QV2M,2005,-1.7975103014118005e-13,39.375,11.96,11.93,13.21,14.91,15.3,13.16,12.24,11.75,12.11,12.64,14.46,12.22,12.99
QV2M,2005,-1.7975103014118005e-13,40.0,12.59,12.54,13.55,15.27,16.04,13.75,12.91,12.16,12.51,12.94,14.82,12.73,13.49
QV2M,2005,-1.7975103014118005e-13,40.625,12.97,12.98,13.98,15.56,16.79,14.24,13.58,12.48,12.73,13.14,15.25,13.15,13.91
QV2M,2005,-1.7975103014118005e-13,41.25,13.33,13.42,14.43,16.0,17.25,14.53,13.94,12.78,13.07,13.62,15.54,13.56,14.29
QV2M,2005,-1.7975103014118005e-13,41.875,13.91,13.91,14.92,16.32,17.6,14.99,14.33,13.35,13.49,14.08,15.63,14.07,14.72
QV2M,2005,-2.0,34.375,12.97,11.81,13.25,13.62,13.01,11.14,9.07,9.83,10.38,9.84,11.57,9.64,11.34
QV2M,2005,-2.0,35.0,11.69,10.55,12.18,13.04,12.39,10.94,9.32,9.3,9.59,9.39,11.16,8.97,10.71
QV2M,2005,-2.0,35.625,10.37,9.47,11.41,12.56,12.07,10.9,9.55,9.46,9.37,9.57,11.08,9.25,10.42
QV2M,2005,-2.0,36.25,9.9,9.54,11.7,13.3,12.79,11.25,9.65,9.57,9.62,9.87,11.54,9.93,10.72
QV2M,2005,-2.0,36.875,9.71,9.3,11.24,12.74,12.11,10.6,9.13,9.35,9.41,9.72,11.6,10.02,10.41
QV2M,2005,-2.0,37.5,10.61,10.18,12.03,13.4,12.48,11.01,9.76,9.86,9.99,10.41,12.54,11.11,11.12
QV2M,2005,-2.0,38.125,11.44,11.35,13.06,14.26,13.21,11.54,10.52,10.56,10.79,11.41,13.52,12.24,11.99
QV2M,2005,-2.0,38.75,12.13,12.32,14.29,15.56,14.5,12.61,11.56,11.46,11.84,12.62,14.59,13.06,13.04
QV2M,2005,-2.0,39.375,12.85,13.01,15.1,16.4,15.91,13.66,12.66,12.31,12.74,13.5,15.25,13.7,13.93
QV2M,2005,-2.0,40.0,13.68,13.69,15.55,16.85,16.96,14.51,13.57,12.99,13.48,14.1,15.75,14.26,14.62
QV2M,2005,-2.0,40.625,14.73,14.68,16.06,17.28,17.85,15.37,14.63,13.69,14.24,14.65,16.13,15.11,15.37
QV2M,2005,-2.0,41.25,16.53,16.5,17.45,18.57,18.41,16.1,15.39,14.63,15.29,15.85,16.99,16.73,16.53
QV2M,2005,-2.0,41.875,17.83,17.65,18.6,19.76,19.21,17.26,16.3,15.66,16.25,16.93,17.99,17.96,17.61
QV2M,2005,-2.5,34.375,12.89,11.72,12.88,13.47,12.5,10.54,8.65,8.83,9.4,9.0,11.23,9.52,10.88
QV2M,2005,-2.5,35.0,11.86,11.0,12.21,13.25,12.18,10.57,9.01,8.69,9.05,8.93,11.11,9.37,10.59
QV2M,2005,-2.5,35.625,11.25,10.76,12.19,13.62,12.39,10.9,9.23,8.94,9.08,9.34,11.28,9.83,10.73
QV2M,2005,-2.5,36.25,10.41,10.1,12.04,13.88,12.78,11.04,9.53,9.26,9.42,9.56,11.52,10.29,10.82
QV2M,2005,-2.5,36.875,10.41,10.16,11.88,13.6,12.81,10.84,8.95,9.05,9.32,9.67,11.8,10.72,10.77
QV2M,2005,-2.5,37.5,11.07,10.76,12.32,13.84,12.65,10.86,9.39,9.52,9.79,10.15,12.38,11.49,11.18
QV2M,2005,-2.5,38.125,11.93,11.74,13.31,14.56,13.3,11.58,10.44,10.48,10.75,11.35,13.52,12.66,12.13
QV2M,2005,-2.5,38.75,12.71,12.86,14.7,16.03,14.58,12.74,11.64,11.47,11.94,12.62,14.62,13.64,13.29
QV2M,2005,-2.5,39.375,13.66,13.64,15.65,16.98,16.04,13.9,12.8,12.34,12.88,13.58,15.43,14.37,14.27
QV2M,2005,-2.5,40.0,14.8,14.62,16.33,17.52,17.05,14.76,13.74,13.22,13.85,14.44,16.0,15.2,15.13
QV2M,2005,-2.5,40.625,16.53,16.42,17.56,18.66,18.43,16.18,15.32,14.6,15.3,15.82,17.07,16.79,16.56
QV2M,2005,-2.5,41.25,17.95,17.86,18.76,19.91,19.15,17.17,16.21,15.61,16.28,16.87,17.98,18.13,17.65
QV2M,2005,-2.5,41.875,17.89,17.7,18.59,19.75,19.2,17.28,16.29,15.65,16.25,16.9,17.93,18.13,17.63
QV2M,2005,-3.0,34.375,13.29,12.0,13.04,13.68,12.41,10.38,8.59,8.6,8.89,8.76,10.76,9.29,10.8
QV2M,2005,-3.0,35.0,12.36,11.74,12.65,13.59,12.46,10.68,9.09,8.73,8.98,8.95,10.72,9.34,10.76
QV2M,2005,-3.0,35.625,11.02,10.87,11.87,12.83,11.89,10.58,9.17,9.12,9.15,9.05,10.65,9.55,10.47
QV2M,2005,-3.0,36.25,11.46,11.4,12.62,14.3,12.95,11.18,9.59,9.19,9.48,9.58,11.14,10.04,11.07
QV2M,2005,-3.0,36.875,11.04,10.89,11.93,13.75,12.97,11.14,9.68,9.25,9.66,9.69,11.2,10.33,10.96
QV2M,2005,-3.0,37.5,10.66,10.38,11.6,12.99,12.17,10.58,9.36,9.27,9.52,9.68,11.39,10.78,10.7
QV2M,2005,-3.0,38.125,12.25,12.05,13.44,14.63,13.39,11.71,10.55,10.47,10.82,11.3,13.32,12.79,12.22
QV2M,2005,-3.0,38.75,13.21,13.27,14.95,16.26,14.72,12.89,11.75,11.52,12.03,12.62,14.57,13.96,13.48
QV2M,2005,-3.0,39.375,14.27,14.14,16.0,17.29,16.26,14.08,12.96,12.43,13.04,13.69,15.51,14.76,14.53
QV2M,2005,-3.0,40.0,15.87,15.69,17.15,18.26,17.45,15.22,14.16,13.65,14.37,14.95,16.3,16.1,15.76
QV2M,2005,-3.0,40.625,17.97,17.95,18.77,19.76,19.04,17.04,16.06,15.44,16.15,16.73,17.85,18.14,17.57
QV2M,2005,-3.0,41.25,18.07,18.08,18.74,19.83,19.13,17.21,16.2,15.56,16.24,16.82,17.86,18.29,17.66
QV2M,2005,-3.0,41.875,17.95,17.9,18.58,19.78,19.16,17.28,16.27,15.61,16.24,16.88,17.87,18.27,17.65
QV2M,2005,-3.5,34.375,13.97,12.89,13.71,14.31,12.62,10.41,8.56,8.72,8.98,9.15,10.89,9.69,11.14
QV2M,2005,-3.5,35.0,13.02,12.6,13.43,14.27,12.88,11.02,9.46,9.39,9.58,9.73,11.22,10.22,11.39
QV2M,2005,-3.5,35.625,11.86,11.66,12.87,13.87,12.63,10.99,9.47,9.47,9.48,9.5,10.97,9.97,11.05
QV2M,2005,-3.5,36.25,11.41,11.39,12.85,14.43,12.88,11.12,9.54,9.3,9.62,9.75,11.36,10.32,11.16
QV2M,2005,-3.5,36.875,11.12,11.17,12.82,14.74,13.4,11.63,10.15,9.78,10.19,10.35,11.9,10.6,11.48
QV2M,2005,-3.5,37.5,11.28,10.85,13.01,15.05,13.8,11.93,10.54,10.24,10.66,10.92,12.5,11.41,11.85
QV2M,2005,-3.5,38.125,12.14,11.94,13.52,14.79,13.5,11.83,10.67,10.63,11.01,11.51,13.15,12.58,12.27
QV2M,2005,-3.5,38.75,13.41,13.36,14.99,16.11,14.82,13.06,11.95,11.7,12.18,12.75,14.32,13.85,13.54
QV2M,2005,-3.5,39.375,14.63,14.47,16.29,17.38,16.44,14.24,13.13,12.58,13.18,13.83,15.46,14.95,14.71
QV2M,2005,-3.5,40.0,17.05,16.95,18.12,19.08,18.2,16.05,15.0,14.49,15.22,15.82,16.99,17.18,16.68
QV2M,2005,-3.5,40.625,18.29,18.3,18.96,19.79,19.06,17.15,16.13,15.5,16.19,16.74,17.75,18.36,17.68
QV2M,2005,-3.5,41.25,18.26,18.34,18.84,19.82,19.08,17.23,16.2,15.54,16.23,16.8,17.78,18.42,17.71
QV2M,2005,-3.5,41.875,18.07,18.13,18.64,19.78,19.11,17.24,16.23,15.55,16.21,16.83,17.79,18.32,17.65
QV2M,2005,-4.0,34.375,14.09,13.04,13.84,14.08,12.39,10.11,8.36,8.54,8.79,9.11,10.89,10.25,11.11
QV2M,2005,-4.0,35.0,12.92,12.39,13.26,13.82,12.36,10.48,8.88,8.93,9.1,9.31,10.8,10.18,11.02
QV2M,2005,-4.0,35.625,12.09,11.84,12.98,13.8,12.41,10.79,9.32,9.4,9.55,9.63,10.96,10.33,11.08
QV2M,2005,-4.0,36.25,11.72,11.58,13.1,14.36,12.69,10.98,9.52,9.39,9.6,9.82,11.31,10.68,11.22
QV2M,2005,-4.0,36.875,11.75,11.71,13.24,14.6,13.04,11.4,9.96,9.8,10.1,10.33,11.95,11.3,11.59
QV2M,2005,-4.0,37.5,12.17,11.89,13.73,15.1,13.55,11.84,10.45,10.28,10.68,10.97,12.7,12.04,12.11
QV2M,2005,-4.0,38.125,12.67,12.39,14.23,15.46,13.88,12.17,10.86,10.86,11.28,11.8,13.54,12.85,12.66
QV2M,2005,-4.0,38.75,13.82,13.58,15.47,16.72,15.26,13.44,12.25,12.04,12.53,13.17,14.55,14.0,13.9
QV2M,2005,-4.0,39.375,15.19,15.01,16.78,17.72,16.9,14.6,13.51,12.97,13.55,14.18,15.55,15.37,15.11
QV2M,2005,-4.0,40.0,18.05,18.03,18.97,19.55,18.77,16.74,15.75,15.23,15.89,16.44,17.49,18.12,17.41
QV2M,2005,-4.0,40.625,18.47,18.52,19.14,19.78,19.02,17.16,16.1,15.49,16.18,16.71,17.69,18.5,17.72
QV2M,2005,-4.0,41.25,18.37,18.5,18.98,19.81,19.02,17.19,16.16,15.49,16.19,16.75,17.72,18.47,17.71
QV2M,2005,-4.0,41.875,18.15,18.3,18.73,19.76,19.04,17.17,16.18,15.49,16.16,16.77,17.71,18.34,17.64
QV2M,2005,-4.5,34.375,13.51,12.13,13.27,13.32,11.61,9.61,8.15,8.23,8.46,8.69,10.35,9.95,10.6
QV2M,2005,-4.5,35.0,12.58,11.84,12.93,13.36,11.86,10.04,8.5,8.64,8.85,9.03,10.47,9.9,10.66
QV2M,2005,-4.5,35.625,12.19,11.88,13.01,13.74,12.21,10.58,9.03,9.21,9.44,9.62,10.95,10.39,11.01
QV2M,2005,-4.5,36.25,12.27,11.92,13.43,14.4,12.48,10.85,9.41,9.45,9.74,10.08,11.46,10.88,11.36
QV2M,2005,-4.5,36.875,12.16,11.94,13.52,14.53,12.8,11.26,9.83,9.91,10.21,10.6,12.02,11.48,11.68
QV2M,2005,-4.5,37.5,12.64,12.46,14.11,15.2,13.59,12.03,10.61,10.55,10.84,11.28,12.79,12.26,12.36
QV2M,2005,-4.5,38.125,13.22,12.93,14.53,15.43,14.02,12.42,11.08,10.95,11.29,11.76,13.49,13.09,12.85
QV2M,2005,-4.5,38.75,14.62,14.3,16.07,17.05,15.55,13.76,12.49,12.29,12.75,13.39,14.83,14.5,14.3
QV2M,2005,-4.5,39.375,16.6,16.43,17.85,18.63,17.67,15.53,14.45,13.98,14.57,15.16,16.28,16.61,16.14
QV2M,2005,-4.5,40.0,18.46,18.49,19.25,19.58,18.85,16.85,15.87,15.35,15.98,16.54,17.59,18.46,17.6
QV2M,2005,-4.5,40.625,18.52,18.65,19.21,19.83,18.96,17.11,16.04,15.45,16.14,16.67,17.61,18.57,17.72
QV2M,2005,-4.5,41.25,18.4,18.6,19.07,19.83,18.95,17.12,16.08,15.43,16.12,16.7,17.59,18.53,17.69
QV2M,2005,-4.5,41.875,18.2,18.37,18.88,19.75,18.97,17.1,16.1,15.44,16.1,16.73,17.58,18.41,17.63
QV2M,2005,0.5,34.375,11.41,9.93,12.99,13.62,14.58,13.54,13.06,13.51,12.76,13.05,12.31,9.03,12.5
QV2M,2005,0.5,35.0,10.1,8.92,11.1,11.87,13.14,12.36,11.99,12.62,11.77,12.08,11.68,8.91,11.39
QV2M,2005,0.5,35.625,9.4,8.6,10.22,11.12,12.82,12.19,11.41,12.36,11.41,11.23,11.2,8.85,10.91
QV2M,2005,0.5,36.25,9.31,8.67,9.93,11.1,12.56,11.75,11.21,11.99,11.46,10.51,11.02,9.01,10.72
QV2M,2005,0.5,36.875,9.66,9.07,10.29,11.36,12.08,10.94,10.42,10.89,10.71,9.98,11.25,9.41,10.51
QV2M,2005,0.5,37.5,10.1,9.64,10.9,12.19,12.25,10.77,10.01,10.17,10.32,10.17,12.07,10.07,10.72
QV2M,2005,0.5,38.125,10.79,10.61,11.79,13.33,13.16,11.41,10.49,10.26,10.4,11.05,13.28,11.07,11.47
QV2M,2005,0.5,38.75,11.48,11.41,12.45,14.14,14.19,12.21,11.27,10.91,11.19,11.87,13.95,11.64,12.23
QV2M,2005,0.5,39.375,11.97,11.75,12.75,14.71,15.22,13.19,12.16,11.58,11.91,12.42,14.37,11.9,12.83
QV2M,2005,0.5,40.0,12.4,12.18,13.08,15.02,15.87,13.68,12.75,11.94,12.25,12.69,14.62,12.31,13.23
QV2M,2005,0.5,40.625,12.78,12.7,13.51,15.33,16.27,13.92,13.17,12.19,12.47,12.9,14.82,12.78,13.57
QV2M,2005,0.5,41.25,13.22,13.26,14.04,15.73,16.64,14.15,13.5,12.53,12.83,13.38,15.06,13.12,13.96
QV2M,2005,0.5,41.875,13.59,13.53,14.44,15.96,17.07,14.61,13.86,13.01,13.18,13.8,15.21,13.54,14.32
QV2M,2005,1.0,34.375,10.43,9.33,11.67,12.08,12.81,12.15,11.96,12.32,11.66,11.9,11.47,8.97,11.41
QV2M,2005,1.0,35.0,9.5,8.58,10.4,11.22,12.41,11.8,11.63,12.02,11.33,11.4,11.33,8.7,10.87
QV2M,2005,1.0,35.625,9.19,8.44,10.03,11.06,13.0,12.33,11.69,12.36,11.39,10.9,10.99,8.48,10.83
QV2M,2005,1.0,36.25,9.39,8.78,10.04,11.35,12.94,11.99,11.56,12.13,11.57,10.39,10.99,8.8,10.84
QV2M,2005,1.0,36.875,9.84,9.48,10.66,11.69,12.15,10.97,10.47,10.81,10.75,10.12,11.57,9.53,10.67
QV2M,2005,1.0,37.5,10.39,10.08,11.2,12.6,12.68,11.13,10.3,10.32,10.43,10.5,12.47,10.15,11.02
QV2M,2005,1.0,38.125,10.84,10.66,11.7,13.31,13.27,11.5,10.57,10.32,10.47,11.1,13.27,10.75,11.48
QV2M,2005,1.0,38.75,11.4,11.24,12.22,14.04,14.18,12.24,11.29,10.87,11.13,11.77,13.92,11.14,12.12
QV2M,2005,1.0,39.375,11.73,11.4,12.46,14.53,15.19,13.21,12.07,11.43,11.74,12.24,14.3,11.41,12.64
QV2M,2005,1.0,40.0,12.11,11.77,12.77,14.78,15.69,13.58,12.58,11.73,12.02,12.47,14.35,11.82,12.97
QV2M,2005,1.0,40.625,12.5,12.25,13.15,15.05,15.9,13.67,12.86,11.96,12.26,12.7,14.44,12.3,13.25
QV2M,2005,1.0,41.25,12.98,12.75,13.57,15.34,16.25,13.89,13.16,12.31,12.59,13.14,14.62,12.64,13.6
QV2M,2005,1.0,41.875,13.0,12.93,13.92,15.45,16.55,14.31,13.49,12.74,12.91,13.54,14.78,12.99,13.89
QV2M,2005,1.5,34.375,9.44,8.34,11.02,11.84,13.69,12.81,12.9,13.09,12.38,12.38,11.42,7.88,11.45
QV2M,2005,1.5,35.0,9.27,8.4,10.38,11.35,13.14,12.37,12.26,12.62,11.9,11.35,11.21,8.28,11.06
QV2M,2005,1.5,35.625,9.07,8.59,10.24,11.42,13.65,12.63,12.09,12.53,11.65,10.83,11.09,8.34,11.02
QV2M,2005,1.5,36.25,9.39,9.01,10.34,11.68,13.61,12.29,11.77,11.97,11.54,10.33,11.12,8.81,11.0
QV2M,2005,1.5,36.875,9.94,9.69,10.93,12.12,12.54,11.19,10.58,10.6,10.59,10.29,11.84,9.43,10.81
QV2M,2005,1.5,37.5,10.41,10.24,11.45,12.89,13.07,11.53,10.72,10.58,10.65,10.76,12.63,10.01,11.25
QV2M,2005,1.5,38.125,10.87,10.75,11.84,13.6,13.56,11.67,10.75,10.43,10.56,11.22,13.49,10.43,11.6
QV2M,2005,1.5,38.75,11.3,11.01,12.12,14.2,14.47,12.37,11.38,10.9,11.13,11.85,14.19,10.64,12.13
QV2M,2005,1.5,39.375,11.62,11.22,12.31,14.34,15.12,13.17,12.05,11.31,11.56,12.08,14.09,10.94,12.49
QV2M,2005,1.5,40.0,11.87,11.37,12.58,14.62,15.56,13.5,12.4,11.54,11.81,12.36,14.17,11.21,12.75
QV2M,2005,1.5,40.625,12.12,11.7,12.82,14.67,15.63,13.49,12.61,11.77,12.05,12.51,14.03,11.63,12.92
QV2M,2005,1.5,41.25,12.2,12.05,13.07,14.74,15.78,13.69,12.91,12.12,12.35,12.9,14.12,11.95,13.16
QV2M,2005,1.5,41.875,12.18,12.19,13.4,14.93,16.12,14.06,13.18,12.5,12.65,13.28,14.41,12.31,13.44
QV2M,2005,2.0,34.375,9.02,8.59,10.8,11.88,14.15,13.21,13.42,13.26,12.54,12.02,11.3,7.81,11.52
QV2M,2005,2.0,35.0,9.04,8.57,10.42,11.56,13.45,12.51,12.43,12.42,11.82,11.02,11.14,8.11,11.05
QV2M,2005,2.0,35.625,9.14,8.87,10.47,11.83,13.94,12.82,12.16,12.1,11.61,10.61,11.11,8.39,11.1
QV2M,2005,2.0,36.25,9.62,9.29,10.72,12.22,14.04,12.42,11.63,11.49,11.28,10.11,11.4,8.87,11.1
QV2M,2005,2.0,36.875,9.94,9.81,11.17,12.54,12.87,11.45,10.69,10.51,10.5,10.37,12.06,9.31,10.94
QV2M,2005,2.0,37.5,10.5,10.4,11.71,13.38,13.51,11.8,10.86,10.5,10.57,10.88,12.97,9.82,11.41
QV2M,2005,2.0,38.125,10.9,10.65,11.85,13.86,14.02,11.97,10.96,10.52,10.65,11.39,13.74,10.03,11.71
QV2M,2005,2.0,38.75,11.11,10.8,12.08,14.15,14.6,12.55,11.52,10.89,11.06,11.78,13.96,10.11,12.05
QV2M,2005,2.0,39.375,11.13,10.68,12.21,14.16,15.09,13.17,12.02,11.19,11.36,11.96,13.84,10.21,12.25
QV2M,2005,2.0,40.0,11.13,10.77,12.39,14.32,15.42,13.45,12.28,11.41,11.58,12.24,13.89,10.45,12.45
QV2M,2005,2.0,40.625,11.06,10.86,12.67,14.32,15.5,13.38,12.36,11.6,11.82,12.36,13.87,10.77,12.55
QV2M,2005,2.0,41.25,11.39,11.18,12.85,14.39,15.54,13.5,12.63,11.9,12.07,12.67,13.9,11.15,12.77
QV2M,2005,2.0,41.875,11.21,11.41,13.15,14.44,15.92,13.94,12.95,12.26,12.35,13.01,14.14,11.55,13.03
QV2M,2005,2.5,34.375,8.92,8.73,10.55,11.82,13.99,12.66,12.9,12.4,11.82,10.84,11.08,7.89,11.15
QV2M,2005,2.5,35.0,9.19,8.94,10.65,12.08,13.82,12.8,12.34,11.82,11.58,10.73,11.24,8.2,11.12
QV2M,2005,2.5,35.625,9.4,9.19,10.91,12.52,14.24,13.26,12.07,11.47,11.4,10.32,11.41,8.51,11.23
QV2M,2005,2.5,36.25,10.53,10.44,12.03,13.5,14.44,12.99,11.96,11.46,11.53,11.14,12.44,9.75,11.85
QV2M,2005,2.5,36.875,10.3,10.22,11.74,13.27,13.53,11.96,11.07,10.63,10.68,10.79,12.49,9.4,11.34
QV2M,2005,2.5,37.5,10.35,10.11,11.78,13.68,13.88,11.86,10.79,10.33,10.44,10.93,12.94,9.18,11.36
QV2M,2005,2.5,38.125,10.42,9.96,11.71,13.73,14.13,12.17,11.09,10.52,10.6,11.29,13.28,9.13,11.5
QV2M,2005,2.5,38.75,10.47,9.87,11.85,13.97,14.67,12.66,11.52,10.79,10.9,11.6,13.47,9.0,11.73
QV2M,2005,2.5,39.375,10.34,9.67,12.03,13.91,15.02,13.09,11.89,11.02,11.13,11.8,13.41,8.97,11.86
QV2M,2005,2.5,40.0,10.23,9.86,12.21,13.94,15.23,13.29,12.08,11.23,11.32,12.01,13.43,9.16,12.01
QV2M,2005,2.5,40.625,10.18,10.08,12.55,13.92,15.24,13.17,12.11,11.39,11.55,12.15,13.42,9.43,12.11
QV2M,2005,2.5,41.25,10.34,10.32,12.62,13.97,15.24,13.29,12.43,11.73,11.81,12.47,13.37,9.7,12.28
QV2M,2005,2.5,41.875,10.6,10.58,12.83,13.99,15.54,13.63,12.7,12.05,12.08,12.81,13.58,10.29,12.56
QV2M,2005,3.0,34.375,9.09,8.8,10.58,11.94,13.98,12.9,12.61,11.95,11.49,10.5,11.24,7.84,11.09
QV2M,2005,3.0,35.0,9.57,9.19,11.0,12.64,14.37,13.33,12.24,11.53,11.53,10.74,11.62,8.17,11.33
QV2M,2005,3.0,35.625,9.86,9.63,11.61,13.55,14.91,13.77,12.08,11.06,11.36,10.84,12.0,8.68,11.62
QV2M,2005,3.0,36.25,11.78,11.75,13.41,14.82,15.06,13.45,12.3,11.8,12.04,12.21,13.51,10.69,12.74
QV2M,2005,3.0,36.875,10.25,9.94,11.83,13.61,13.91,12.02,10.9,10.34,10.54,10.78,12.43,8.68,11.27
QV2M,2005,3.0,37.5,10.09,9.5,11.7,13.75,14.17,12.03,10.83,10.3,10.4,10.93,12.65,8.22,11.22
QV2M,2005,3.0,38.125,9.91,9.0,11.53,13.64,14.35,12.34,11.2,10.44,10.5,11.13,12.78,7.95,11.24
QV2M,2005,3.0,38.75,9.65,8.74,11.58,13.8,14.86,12.74,11.45,10.61,10.7,11.39,12.9,7.78,11.36
QV2M,2005,3.0,39.375,9.52,8.72,11.74,13.67,14.98,12.93,11.72,10.8,10.88,11.58,12.79,7.9,11.45
QV2M,2005,3.0,40.0,9.53,8.94,11.99,13.66,15.12,13.06,11.82,10.96,11.04,11.73,12.87,8.13,11.58
QV2M,2005,3.0,40.625,9.62,9.28,12.14,13.55,14.92,12.91,11.87,11.17,11.29,11.94,12.83,8.39,11.67
QV2M,2005,3.0,41.25,9.85,9.52,12.22,13.51,15.0,13.01,12.16,11.48,11.51,12.25,12.88,8.82,11.86
QV2M,2005,3.0,41.875,10.27,9.74,12.4,13.51,15.09,13.24,12.36,11.71,11.68,12.53,13.06,9.32,12.09
QV2M,2005,3.5,34.375,9.56,9.13,10.89,12.16,13.95,12.75,12.21,11.7,11.55,10.76,11.6,7.9,11.19
QV2M,2005,3.5,35.0,10.09,9.45,11.48,13.13,14.73,13.48,12.25,11.56,11.73,11.0,12.03,8.19,11.6
QV2M,2005,3.5,35.625,10.61,10.23,12.3,14.12,14.98,13.5,12.0,10.95,11.55,11.34,12.5,9.06,11.93
QV2M,2005,3.5,36.25,11.83,11.73,13.55,14.94,14.99,13.44,12.36,11.83,12.14,12.38,13.49,10.32,12.75
QV2M,2005,3.5,36.875,10.03,9.33,11.81,13.69,14.26,12.17,10.95,10.17,10.43,10.75,12.02,7.65,11.11
QV2M,2005,3.5,37.5,9.57,8.66,11.57,13.54,14.25,12.16,10.89,10.24,10.37,10.88,11.9,7.19,10.94
QV2M,2005,3.5,38.125,9.4,8.18,11.42,13.55,14.62,12.56,11.31,10.51,10.41,11.08,12.03,7.06,11.02
QV2M,2005,3.5,38.75,9.02,7.92,11.28,13.52,14.9,12.74,11.39,10.55,10.52,11.22,11.94,7.01,11.01
QV2M,2005,3.5,39.375,9.03,8.08,11.46,13.42,14.85,12.78,11.5,10.62,10.6,11.35,12.09,7.25,11.1
QV2M,2005,3.5,40.0,9.08,8.3,11.71,13.48,14.96,12.76,11.55,10.71,10.76,11.52,12.31,7.48,11.23
QV2M,2005,3.5,40.625,9.18,8.63,11.94,13.36,14.81,12.6,11.56,10.89,10.99,11.73,12.46,7.75,11.34
QV2M,2005,3.5,41.25,9.67,9.11,12.1,13.38,14.75,12.7,11.9,11.23,11.22,12.04,12.54,8.24,11.58
QV2M,2005,3.5,41.875,10.0,9.27,12.21,13.39,14.84,12.93,12.07,11.45,11.37,12.35,12.7,8.65,11.78
QV2M,2005,4.0,34.375,10.23,9.28,11.33,12.72,14.79,13.43,12.79,12.0,12.08,11.14,12.25,7.79,11.66
QV2M,2005,4.0,35.0,10.7,9.71,12.04,13.67,15.22,13.79,12.43,11.56,11.96,11.35,12.46,8.19,11.93
QV2M,2005,4.0,35.625,10.94,10.49,12.7,14.32,14.9,13.37,11.94,11.07,11.58,11.61,12.65,8.94,12.04
QV2M,2005,4.0,36.25,11.95,11.59,13.81,15.15,15.18,13.64,12.58,12.05,12.42,12.78,13.36,10.01,12.88
QV2M,2005,4.0,36.875,9.77,8.67,11.83,13.52,14.37,12.27,11.07,10.2,10.43,10.79,11.33,6.7,10.92
QV2M,2005,4.0,37.5,9.14,7.91,11.41,13.25,14.31,12.21,10.99,10.17,10.27,10.8,11.01,6.26,10.66
QV2M,2005,4.0,38.125,8.57,7.42,10.99,12.82,14.18,12.37,11.11,10.34,10.27,10.85,10.99,6.25,10.53
QV2M,2005,4.0,38.75,8.45,7.49,10.98,12.68,14.05,12.35,11.14,10.25,10.21,10.9,11.14,6.41,10.52
QV2M,2005,4.0,39.375,8.77,7.67,11.28,13.1,14.57,12.59,11.25,10.32,10.3,11.17,11.72,6.69,10.8
QV2M,2005,4.0,40.0,8.84,7.83,11.51,13.25,14.81,12.58,11.32,10.46,10.49,11.38,11.83,6.95,10.95
QV2M,2005,4.0,40.625,9.06,8.22,11.88,13.24,14.64,12.31,11.27,10.61,10.68,11.53,12.0,7.34,11.08
QV2M,2005,4.0,41.25,9.63,8.65,12.11,13.35,14.61,12.44,11.57,10.93,10.94,11.9,12.23,7.72,11.35
QV2M,2005,4.0,41.875,9.94,8.83,12.02,13.48,14.81,12.71,11.8,11.21,11.12,12.29,12.41,8.06,11.57
QV2M,2005,4.5,34.375,10.44,9.29,11.83,13.25,15.76,13.72,13.02,12.12,12.35,11.48,12.68,7.6,11.97
QV2M,2005,4.5,35.0,11.3,9.96,12.53,14.0,15.53,13.96,12.44,11.54,11.93,11.55,12.67,8.01,12.12
QV2M,2005,4.5,35.625,11.05,10.3,12.84,14.33,14.96,13.31,11.88,11.03,11.41,11.59,12.36,8.28,11.95
QV2M,2005,4.5,36.25,10.9,9.91,13.04,14.4,14.97,13.05,11.76,11.01,11.47,11.76,11.94,7.87,11.85
QV2M,2005,4.5,36.875,10.15,8.93,12.52,13.79,14.61,12.68,11.49,10.69,10.96,11.32,11.16,6.74,11.26
QV2M,2005,4.5,37.5,8.63,7.54,11.56,12.85,14.28,12.3,10.86,10.04,10.24,10.71,10.26,5.7,10.43
QV2M,2005,4.5,38.125,8.25,7.17,10.87,12.08,13.61,12.09,10.88,10.06,9.96,10.58,10.34,5.84,10.16
QV2M,2005,4.5,38.75,8.35,7.32,10.99,12.4,13.96,12.29,11.02,10.08,9.99,10.77,10.66,6.04,10.34
QV2M,2005,4.5,39.375,8.48,7.32,11.09,12.74,14.4,12.34,11.08,10.15,10.12,11.0,10.94,6.24,10.51
QV2M,2005,4.5,40.0,8.54,7.49,11.11,12.69,14.31,12.28,11.09,10.29,10.27,11.18,10.94,6.5,10.57
QV2M,2005,4.5,40.625,8.86,7.81,11.65,12.99,14.35,12.15,11.05,10.38,10.41,11.4,11.29,6.86,10.78
QV2M,2005,4.5,41.25,9.35,8.23,11.84,13.13,14.42,12.24,11.34,10.67,10.67,11.77,11.62,7.29,11.06
QV2M,2005,4.5,41.875,9.63,8.45,11.71,13.52,14.98,12.6,11.57,10.98,10.92,12.27,11.94,7.61,11.36
QV2M,2006,-0.5,34.375,11.04,12.44,14.0,14.39,14.34,13.04,12.46,12.17,11.4,12.56,14.25,14.62,13.06
QV2M,2006,-0.5,35.0,9.41,10.25,12.42,13.09,13.19,12.01,11.62,11.37,10.9,11.45,13.15,13.35,11.86
QV2M,2006,-0.5,35.625,8.39,8.54,10.13,11.23,11.25,10.29,10.28,10.06,9.67,9.8,11.34,11.23,10.19
QV2M,2006,-0.5,36.25,8.73,8.72,10.22,11.38,11.18,10.07,10.14,9.95,9.47,9.84,11.44,11.11,10.2
QV2M,2006,-0.5,36.875,9.51,9.3,10.86,12.04,11.7,10.22,10.14,9.99,9.54,10.41,12.05,11.6,10.62
QV2M,2006,-0.5,37.5,10.76,10.31,12.25,13.38,12.88,10.99,10.59,10.63,10.19,11.59,13.65,13.35,11.72
QV2M,2006,-0.5,38.125,11.55,11.16,13.16,14.38,13.32,10.87,10.45,10.66,10.6,12.63,15.2,15.2,12.44
QV2M,2006,-0.5,38.75,12.31,11.87,13.77,15.48,14.33,11.71,11.12,11.39,11.65,13.68,16.27,16.1,13.31
QV2M,2006,-0.5,39.375,12.81,12.31,13.86,16.55,15.51,13.09,12.15,12.29,12.59,14.63,16.88,16.67,14.12
QV2M,2006,-0.5,40.0,13.3,12.81,14.05,16.94,16.16,14.07,12.88,12.83,13.13,15.08,17.01,16.79,14.59
QV2M,2006,-0.5,40.625,13.86,13.33,14.1,17.35,16.67,15.17,13.64,13.38,13.67,15.49,17.57,17.28,15.13
QV2M,2006,-0.5,41.25,14.32,13.87,14.61,17.65,17.07,15.65,13.93,13.72,14.03,15.87,17.87,17.62,15.52
QV2M,2006,-0.5,41.875,15.04,14.73,15.44,17.83,17.43,16.1,14.56,14.4,14.75,16.27,17.88,17.74,16.02
QV2M,2006,-1.0,34.375,11.07,12.6,13.76,14.26,13.92,12.17,11.53,11.43,11.0,11.7,14.19,14.54,12.68
QV2M,2006,-1.0,35.0,9.86,10.71,12.32,13.07,12.91,11.43,10.94,10.74,10.26,10.57,12.78,13.32,11.58
QV2M,2006,-1.0,35.625,9.1,9.12,11.25,12.32,12.18,10.87,10.65,10.34,9.87,9.94,12.0,12.33,10.84
QV2M,2006,-1.0,36.25,9.51,9.39,11.02,12.22,12.01,10.66,10.36,10.01,9.6,10.07,11.99,12.16,10.76
QV2M,2006,-1.0,36.875,10.37,10.0,11.76,12.67,12.34,10.51,10.21,9.84,9.37,10.51,12.79,12.96,11.12
QV2M,2006,-1.0,37.5,11.36,10.79,12.95,13.84,13.32,11.17,10.66,10.59,10.24,11.75,14.06,14.31,12.09
QV2M,2006,-1.0,38.125,11.64,11.26,13.39,14.37,13.36,10.96,10.52,10.65,10.71,12.71,14.92,14.93,12.46
QV2M,2006,-1.0,38.75,12.55,12.08,14.3,15.78,14.62,11.81,11.24,11.51,11.82,13.93,16.43,16.29,13.54
QV2M,2006,-1.0,39.375,13.08,12.58,14.36,16.88,15.72,13.22,12.26,12.45,12.77,14.91,17.16,16.92,14.37
QV2M,2006,-1.0,40.0,13.59,13.18,14.64,17.29,16.47,14.23,13.04,13.02,13.34,15.37,17.37,17.26,14.91
QV2M,2006,-1.0,40.625,14.19,13.73,14.53,17.54,16.97,15.43,13.89,13.62,13.92,15.65,17.71,17.54,15.4
QV2M,2006,-1.0,41.25,14.74,14.39,15.09,17.79,17.38,15.92,14.26,14.02,14.34,16.01,17.94,17.84,15.81
QV2M,2006,-1.0,41.875,16.16,16.1,16.75,18.42,18.07,16.64,15.16,15.07,15.48,16.86,18.21,18.2,16.76
QV2M,2006,-1.5,34.375,10.96,12.59,13.57,13.9,13.37,11.34,10.31,10.52,10.24,10.89,13.78,14.51,12.16
QV2M,2006,-1.5,35.0,10.21,11.22,12.69,13.3,12.94,10.94,10.25,9.99,9.6,9.99,12.9,13.65,11.47
QV2M,2006,-1.5,35.625,9.72,9.62,11.63,12.61,12.3,10.63,10.09,9.89,9.5,9.86,12.14,12.6,10.89
QV2M,2006,-1.5,36.25,10.0,9.78,12.05,13.24,12.96,10.72,10.31,9.98,9.51,10.32,12.86,13.37,11.27
QV2M,2006,-1.5,36.875,10.36,10.01,11.92,12.76,12.38,10.32,9.67,9.52,9.26,10.45,12.79,13.23,11.06
QV2M,2006,-1.5,37.5,11.12,10.67,12.68,13.47,13.0,10.76,10.18,10.07,9.93,11.48,13.72,14.16,11.78
QV2M,2006,-1.5,38.125,12.01,11.61,13.67,14.41,13.63,11.28,10.73,10.84,10.92,12.77,14.92,15.29,12.68
QV2M,2006,-1.5,38.75,12.74,12.37,14.75,15.85,14.81,11.93,11.36,11.64,11.95,14.04,16.26,16.48,13.69
QV2M,2006,-1.5,39.375,13.34,12.95,15.03,16.88,15.92,13.32,12.39,12.61,12.9,14.97,17.07,17.29,14.56
QV2M,2006,-1.5,40.0,13.93,13.51,14.95,17.55,16.82,14.61,13.32,13.29,13.59,15.6,17.63,17.75,15.22
QV2M,2006,-1.5,40.625,14.44,14.08,14.98,17.69,17.27,15.69,14.15,13.91,14.23,15.87,17.84,17.82,15.67
QV2M,2006,-1.5,41.25,15.1,14.89,15.62,17.99,17.8,16.2,14.58,14.33,14.68,16.23,18.08,18.27,16.15
QV2M,2006,-1.5,41.875,17.22,17.37,17.94,19.1,18.69,17.12,15.77,15.74,16.19,17.48,18.66,18.9,17.51
QV2M,2006,-1.7975103014118005e-13,34.375,10.87,11.94,13.98,14.71,14.57,13.49,13.02,12.73,12.74,13.32,14.41,14.42,13.36
QV2M,2006,-1.7975103014118005e-13,35.0,9.56,10.24,12.34,13.37,13.54,12.73,12.47,12.16,12.17,12.43,13.37,13.28,12.32
QV2M,2006,-1.7975103014118005e-13,35.625,8.81,8.84,10.19,11.58,11.65,10.98,11.06,10.86,10.5,10.69,11.79,11.64,10.73
QV2M,2006,-1.7975103014118005e-13,36.25,8.77,8.64,9.95,11.49,11.21,10.43,10.82,10.85,10.0,10.24,11.9,11.65,10.51
QV2M,2006,-1.7975103014118005e-13,36.875,9.28,9.12,10.16,11.84,11.44,10.21,10.31,10.4,9.59,10.27,11.88,11.65,10.52
QV2M,2006,-1.7975103014118005e-13,37.5,10.21,9.98,11.02,12.38,11.83,10.19,9.95,10.07,9.53,10.79,12.53,12.32,10.9
QV2M,2006,-1.7975103014118005e-13,38.125,11.57,11.28,12.84,14.42,13.36,10.87,10.41,10.72,10.49,12.61,15.35,15.21,12.43
QV2M,2006,-1.7975103014118005e-13,38.75,12.17,11.82,13.31,15.44,14.36,11.8,11.12,11.36,11.57,13.6,16.22,16.08,13.24
QV2M,2006,-1.7975103014118005e-13,39.375,12.53,12.14,13.33,16.39,15.37,13.0,12.07,12.12,12.4,14.4,16.69,16.47,13.92
QV2M,2006,-1.7975103014118005e-13,40.0,12.97,12.58,13.51,16.74,15.93,13.91,12.75,12.64,12.93,14.82,16.87,16.67,14.37
QV2M,2006,-1.7975103014118005e-13,40.625,13.45,13.01,13.73,17.22,16.37,14.84,13.33,13.05,13.35,15.34,17.45,16.98,14.85
QV2M,2006,-1.7975103014118005e-13,41.25,13.89,13.48,14.18,17.6,16.71,15.27,13.58,13.38,13.73,15.77,17.77,17.18,15.22
QV2M,2006,-1.7975103014118005e-13,41.875,14.36,13.99,14.68,17.8,17.12,15.67,14.11,13.91,14.26,16.07,17.95,17.66,15.64
QV2M,2006,-2.0,34.375,10.73,12.63,13.64,13.85,13.09,10.5,9.48,9.8,9.56,10.36,13.55,14.44,11.8
QV2M,2006,-2.0,35.0,10.32,11.28,12.75,13.33,12.78,10.4,9.61,9.37,9.2,9.9,12.84,13.57,11.28
QV2M,2006,-2.0,35.625,10.16,10.03,12.07,12.86,12.43,10.38,9.84,9.57,9.31,10.14,12.41,12.81,11.01
QV2M,2006,-2.0,36.25,10.44,10.28,12.61,13.46,12.95,10.51,9.91,9.7,9.49,10.64,13.16,13.86,11.42
QV2M,2006,-2.0,36.875,10.4,10.14,12.26,12.89,12.41,10.15,9.54,9.42,9.34,10.59,12.76,13.29,11.11
QV2M,2006,-2.0,37.5,11.3,10.95,13.14,13.64,13.01,10.67,10.05,9.99,9.96,11.56,13.77,14.37,11.87
QV2M,2006,-2.0,38.125,12.25,11.91,13.95,14.52,13.67,11.28,10.68,10.81,10.98,12.81,14.94,15.57,12.79
QV2M,2006,-2.0,38.75,13.07,12.81,15.25,15.93,14.92,12.07,11.49,11.79,12.09,14.17,16.23,16.69,13.88
QV2M,2006,-2.0,39.375,13.75,13.5,15.62,16.93,16.04,13.59,12.61,12.82,13.06,15.1,17.07,17.49,14.81
QV2M,2006,-2.0,40.0,14.37,14.13,15.64,17.71,17.03,14.74,13.48,13.51,13.81,15.79,17.74,18.09,15.51
QV2M,2006,-2.0,40.625,15.13,15.0,15.91,17.97,17.73,16.03,14.52,14.33,14.68,16.31,18.08,18.33,16.17
QV2M,2006,-2.0,41.25,16.63,16.79,17.4,18.58,18.21,16.63,15.24,15.18,15.59,16.96,18.33,18.6,17.01
QV2M,2006,-2.0,41.875,17.79,18.15,18.58,19.48,18.85,17.27,16.12,16.12,16.56,17.76,18.74,19.2,17.88
QV2M,2006,-2.5,34.375,10.53,12.23,13.48,13.63,12.64,9.96,8.98,8.9,8.81,9.56,13.14,14.08,11.32
QV2M,2006,-2.5,35.0,10.39,11.21,12.79,13.16,12.34,9.96,9.2,8.75,8.76,9.54,12.57,13.36,11.0
QV2M,2006,-2.5,35.625,10.69,10.56,12.99,13.38,12.6,10.2,9.34,9.01,9.08,10.08,12.95,13.6,11.21
QV2M,2006,-2.5,36.25,10.67,10.54,13.06,13.4,12.73,10.32,9.71,9.38,9.34,10.47,13.12,13.96,11.4
QV2M,2006,-2.5,36.875,10.97,10.69,13.05,13.39,12.79,10.16,9.3,9.15,9.13,10.74,13.13,13.94,11.37
QV2M,2006,-2.5,37.5,11.55,11.23,13.39,13.6,12.8,10.3,9.66,9.69,9.76,11.35,13.64,14.64,11.81
QV2M,2006,-2.5,38.125,12.44,12.1,14.28,14.54,13.64,11.33,10.64,10.76,10.97,12.8,14.81,15.68,12.84
QV2M,2006,-2.5,38.75,13.39,13.16,15.48,15.88,14.9,12.18,11.57,11.86,12.14,14.21,16.13,16.85,13.98
QV2M,2006,-2.5,39.375,14.16,14.04,16.05,16.89,16.11,13.83,12.79,13.01,13.22,15.24,16.98,17.57,15.0
QV2M,2006,-2.5,40.0,15.05,15.09,16.38,17.75,17.16,14.95,13.71,13.83,14.16,16.05,17.76,18.31,15.85
QV2M,2006,-2.5,40.625,16.62,16.84,17.55,18.62,18.26,16.56,15.22,15.17,15.56,17.05,18.37,18.87,17.06
QV2M,2006,-2.5,41.25,17.92,18.4,18.79,19.51,18.76,17.16,16.06,16.06,16.45,17.68,18.69,19.24,17.89
QV2M,2006,-2.5,41.875,17.78,18.3,18.61,19.46,18.84,17.23,16.09,16.09,16.5,17.72,18.68,19.23,17.87
QV2M,2006,-3.0,34.375,10.57,12.2,13.7,13.81,12.55,9.89,8.94,8.61,8.64,9.25,12.84,13.96,11.24
QV2M,2006,-3.0,35.0,10.47,11.44,13.09,13.36,12.32,9.97,9.18,8.69,8.79,9.48,12.37,13.46,11.05
QV2M,2006,-3.0,35.625,10.28,10.39,12.23,12.51,11.76,9.76,9.28,8.94,8.91,9.7,11.87,12.57,10.68
QV2M,2006,-3.0,36.25,10.71,10.64,13.57,13.64,12.74,10.42,9.56,9.35,9.42,10.59,13.12,14.05,11.49
QV2M,2006,-3.0,36.875,10.76,10.47,13.15,13.37,12.78,10.54,9.76,9.36,9.38,10.65,12.82,13.96,11.42
QV2M,2006,-3.0,37.5,10.88,10.65,12.33,12.54,11.94,10.06,9.49,9.41,9.43,10.57,12.28,13.15,11.06
QV2M,2006,-3.0,38.125,12.52,12.2,14.25,14.34,13.44,11.36,10.7,10.82,11.05,12.66,14.56,15.61,12.8
QV2M,2006,-3.0,38.75,13.6,13.33,15.59,15.89,14.89,12.37,11.73,11.97,12.23,14.23,16.12,16.96,14.08
QV2M,2006,-3.0,39.375,14.44,14.42,16.25,17.02,16.25,14.04,12.94,13.17,13.4,15.4,17.08,17.79,15.19
QV2M,2006,-3.0,40.0,15.86,16.08,17.19,18.01,17.39,15.29,14.1,14.25,14.59,16.33,17.85,18.51,16.29
QV2M,2006,-3.0,40.625,17.95,18.41,18.82,19.3,18.59,17.01,15.89,15.89,16.26,17.52,18.58,19.28,17.79
QV2M,2006,-3.0,41.25,18.08,18.59,18.79,19.38,18.71,17.11,16.01,15.98,16.37,17.6,18.59,19.3,17.87
QV2M,2006,-3.0,41.875,17.91,18.45,18.67,19.41,18.82,17.19,16.05,16.04,16.44,17.66,18.67,19.24,17.87
QV2M,2006,-3.5,34.375,11.2,12.79,14.3,14.21,12.69,9.81,8.96,8.7,8.89,9.58,13.21,14.44,11.56
QV2M,2006,-3.5,35.0,11.29,12.15,13.78,13.88,12.65,10.32,9.64,9.38,9.54,10.29,12.95,13.99,11.65
QV2M,2006,-3.5,35.625,10.84,10.96,13.22,13.4,12.33,10.2,9.61,9.31,9.36,10.23,12.64,13.6,11.31
QV2M,2006,-3.5,36.25,10.87,10.95,13.77,13.76,12.68,10.46,9.67,9.51,9.65,10.78,13.04,14.21,11.62
QV2M,2006,-3.5,36.875,11.07,11.03,14.03,14.08,13.17,11.01,10.22,10.02,10.16,11.53,13.48,14.48,12.03
QV2M,2006,-3.5,37.5,11.53,11.47,14.31,14.44,13.61,11.54,10.65,10.51,10.7,12.26,14.11,14.94,12.51
QV2M,2006,-3.5,38.125,12.45,12.26,14.35,14.44,13.58,11.53,10.83,10.99,11.26,12.87,14.57,15.35,12.88
QV2M,2006,-3.5,38.75,13.63,13.45,15.58,15.72,14.81,12.63,11.97,12.18,12.41,14.08,15.75,16.61,14.07
QV2M,2006,-3.5,39.375,14.66,14.74,16.49,17.09,16.34,14.28,13.1,13.29,13.53,15.44,17.04,17.74,15.31
QV2M,2006,-3.5,40.0,16.95,17.29,18.25,18.59,17.94,16.0,14.88,15.02,15.35,16.88,18.31,18.99,17.04
QV2M,2006,-3.5,40.625,18.27,18.74,18.98,19.32,18.55,17.0,15.93,15.91,16.25,17.46,18.54,19.33,17.85
QV2M,2006,-3.5,41.25,18.34,18.78,18.9,19.38,18.67,17.09,15.99,15.93,16.32,17.53,18.58,19.34,17.9
QV2M,2006,-3.5,41.875,18.14,18.58,18.76,19.36,18.79,17.14,16.01,15.98,16.38,17.61,18.67,19.24,17.88
QV2M,2006,-4.0,34.375,11.59,13.0,14.31,14.05,12.51,9.56,8.88,8.59,8.95,9.59,13.2,14.67,11.56
QV2M,2006,-4.0,35.0,11.31,12.08,13.57,13.46,12.15,9.73,9.14,8.89,9.21,9.88,12.65,13.87,11.32
QV2M,2006,-4.0,35.625,11.22,11.36,13.25,13.31,12.17,10.07,9.51,9.36,9.49,10.26,12.55,13.6,11.35
QV2M,2006,-4.0,36.25,11.34,11.44,13.89,13.77,12.53,10.44,9.72,9.55,9.79,10.74,12.97,14.22,11.7
QV2M,2006,-4.0,36.875,11.75,11.82,14.19,13.97,12.89,10.84,10.14,10.08,10.28,11.44,13.44,14.51,12.11
QV2M,2006,-4.0,37.5,12.27,12.29,14.79,14.54,13.5,11.5,10.66,10.69,10.88,12.3,14.31,15.25,12.75
QV2M,2006,-4.0,38.125,12.84,12.69,15.11,15.05,14.08,11.96,11.11,11.28,11.55,13.26,15.19,15.94,13.34
QV2M,2006,-4.0,38.75,13.89,13.78,16.13,16.22,15.36,13.11,12.36,12.57,12.84,14.54,16.28,16.91,14.5
QV2M,2006,-4.0,39.375,15.17,15.36,16.93,17.49,16.78,14.76,13.49,13.63,13.9,15.67,17.32,17.92,15.7
QV2M,2006,-4.0,40.0,18.04,18.47,18.94,19.01,18.3,16.63,15.55,15.65,15.93,17.18,18.51,19.34,17.62
QV2M,2006,-4.0,40.625,18.5,18.92,19.08,19.28,18.54,16.96,15.9,15.87,16.2,17.37,18.56,19.36,17.87
QV2M,2006,-4.0,41.25,18.49,18.88,18.99,19.34,18.65,17.06,15.97,15.88,16.27,17.45,18.65,19.34,17.91
QV2M,2006,-4.0,41.875,18.31,18.66,18.87,19.29,18.77,17.11,15.97,15.93,16.32,17.54,18.73,19.22,17.89
QV2M,2006,-4.5,34.375,11.1,12.43,13.85,13.43,11.88,9.31,8.78,8.48,8.78,9.18,12.56,14.31,11.17
QV2M,2006,-4.5,35.0,11.07,11.81,13.35,13.2,11.86,9.46,8.93,8.72,9.04,9.6,12.28,13.53,11.07
QV2M,2006,-4.5,35.625,11.32,11.43,13.33,13.33,12.04,9.88,9.33,9.27,9.52,10.28,12.46,13.47,11.3
QV2M,2006,-4.5,36.25,11.56,11.77,14.25,13.96,12.53,10.47,9.77,9.72,10.04,10.97,13.09,14.34,11.87
QV2M,2006,-4.5,36.875,11.88,12.04,14.41,14.03,12.84,10.88,10.2,10.24,10.54,11.54,13.42,14.49,12.21
QV2M,2006,-4.5,37.5,12.49,12.57,14.99,14.74,13.67,11.7,10.95,11.05,11.27,12.47,14.39,15.26,12.97
QV2M,2006,-4.5,38.125,13.06,13.03,15.11,15.07,14.23,12.25,11.44,11.54,11.72,13.24,15.1,15.87,13.47
QV2M,2006,-4.5,38.75,14.38,14.37,16.47,16.55,15.78,13.56,12.74,12.88,13.09,14.71,16.6,17.3,14.87
QV2M,2006,-4.5,39.375,16.47,16.74,17.99,18.19,17.49,15.59,14.44,14.49,14.77,16.22,17.95,18.72,16.59
QV2M,2006,-4.5,40.0,18.48,18.91,19.13,19.02,18.34,16.74,15.67,15.74,16.01,17.17,18.54,19.44,17.76
QV2M,2006,-4.5,40.625,18.6,18.99,19.13,19.21,18.53,16.91,15.85,15.82,16.14,17.26,18.61,19.38,17.86
QV2M,2006,-4.5,41.25,18.48,18.89,19.0,19.25,18.62,17.02,15.92,15.83,16.2,17.34,18.73,19.32,17.88
QV2M,2006,-4.5,41.875,18.37,18.69,18.91,19.24,18.74,17.08,15.93,15.86,16.25,17.45,18.79,19.21,17.87
QV2M,2006,0.5,34.375,9.64,10.75,13.26,14.55,14.5,13.62,13.45,12.99,13.5,13.37,14.21,14.02,13.17
QV2M,2006,0.5,35.0,9.18,9.44,11.24,12.8,12.97,12.47,12.45,12.2,12.2,12.12,12.89,12.66,11.9
QV2M,2006,0.5,35.625,9.09,9.07,10.52,12.4,12.44,11.65,11.81,12.01,11.52,11.63,12.83,12.58,11.48
QV2M,2006,0.5,36.25,9.36,9.31,10.27,11.88,11.43,11.08,11.58,12.0,10.95,10.91,12.6,12.32,11.15
QV2M,2006,0.5,36.875,9.84,9.77,10.64,12.2,11.42,10.34,10.79,11.16,10.0,10.58,12.54,12.49,10.99
QV2M,2006,0.5,37.5,10.47,10.4,11.3,12.97,12.07,10.3,10.18,10.52,9.7,11.24,13.5,13.52,11.35
QV2M,2006,0.5,38.125,11.34,11.22,12.31,14.26,13.3,11.0,10.42,10.7,10.48,12.54,15.05,14.87,12.3
QV2M,2006,0.5,38.75,11.9,11.71,12.86,15.43,14.42,11.94,11.14,11.29,11.48,13.53,15.94,15.91,13.13
QV2M,2006,0.5,39.375,12.23,12.01,12.92,16.51,15.51,12.99,11.98,11.95,12.21,14.32,16.68,16.53,13.83
QV2M,2006,0.5,40.0,12.59,12.35,13.08,16.92,15.97,13.79,12.57,12.38,12.7,14.75,17.07,16.77,14.25
QV2M,2006,0.5,40.625,13.01,12.71,13.37,17.21,16.11,14.43,12.99,12.71,13.05,15.25,17.58,16.93,14.62
QV2M,2006,0.5,41.25,13.42,13.11,13.79,17.37,16.29,14.76,13.25,13.08,13.46,15.64,17.52,16.87,14.88
QV2M,2006,0.5,41.875,13.8,13.54,14.24,17.77,16.83,15.17,13.69,13.51,13.89,15.98,17.89,17.5,15.32
QV2M,2006,1.0,34.375,9.11,9.62,11.23,12.5,12.81,12.19,12.23,12.03,12.07,11.85,12.31,12.03,11.68
QV2M,2006,1.0,35.0,8.97,9.0,10.25,11.95,12.12,11.59,11.63,11.78,11.32,11.41,12.14,11.9,11.18
QV2M,2006,1.0,35.625,8.98,9.05,10.31,12.19,12.22,11.24,11.35,12.06,11.17,11.36,12.72,12.32,11.26
QV2M,2006,1.0,36.25,9.39,9.44,10.33,12.08,11.61,11.09,11.45,12.22,10.85,11.02,12.59,12.31,11.21
QV2M,2006,1.0,36.875,10.06,10.05,10.79,12.42,11.67,10.38,10.53,11.0,9.96,11.1,12.82,12.72,11.13
QV2M,2006,1.0,37.5,10.65,10.7,11.62,13.52,12.58,10.65,10.31,10.64,10.03,11.83,14.13,14.09,11.73
QV2M,2006,1.0,38.125,11.23,11.24,12.13,14.43,13.37,11.18,10.48,10.74,10.54,12.69,15.1,14.98,12.35
QV2M,2006,1.0,38.75,11.67,11.6,12.5,15.57,14.48,12.06,11.19,11.26,11.46,13.61,16.03,15.93,13.12
QV2M,2006,1.0,39.375,11.9,11.82,12.53,16.6,15.56,12.98,11.89,11.81,12.08,14.31,16.79,16.53,13.74
QV2M,2006,1.0,40.0,12.18,12.04,12.66,17.02,15.91,13.62,12.38,12.14,12.5,14.75,17.35,16.93,14.13
QV2M,2006,1.0,40.625,12.5,12.31,12.98,17.29,15.96,14.13,12.71,12.42,12.81,15.18,17.66,17.23,14.44
QV2M,2006,1.0,41.25,12.8,12.62,13.38,17.44,16.26,14.52,12.98,12.8,13.21,15.52,17.54,17.17,14.69
QV2M,2006,1.0,41.875,13.14,12.98,13.79,17.78,16.58,14.75,13.33,13.18,13.59,15.89,18.09,17.62,15.07
QV2M,2006,1.5,34.375,8.54,8.89,10.85,12.84,13.32,12.7,12.87,12.85,12.46,12.12,12.78,12.4,11.9
QV2M,2006,1.5,35.0,8.82,8.96,10.41,12.19,12.45,11.79,11.99,12.28,11.4,11.61,12.6,12.37,11.42
QV2M,2006,1.5,35.625,9.17,9.34,10.46,12.32,12.26,11.25,11.48,12.3,11.11,11.52,12.9,12.59,11.4
QV2M,2006,1.5,36.25,9.57,9.73,10.63,12.37,11.68,10.97,11.18,12.15,10.68,11.23,12.94,12.68,11.33
QV2M,2006,1.5,36.875,10.18,10.26,11.04,12.95,12.21,10.69,10.49,10.83,10.01,11.37,13.2,13.15,11.37
QV2M,2006,1.5,37.5,10.72,10.82,11.72,13.89,12.91,11.12,10.56,10.87,10.28,12.15,14.37,14.24,11.98
QV2M,2006,1.5,38.125,11.16,11.25,11.99,14.91,13.68,11.5,10.68,10.86,10.72,13.05,15.56,15.23,12.55
QV2M,2006,1.5,38.75,11.37,11.52,12.32,15.95,14.73,12.17,11.25,11.36,11.48,13.87,16.39,16.09,13.21
QV2M,2006,1.5,39.375,11.48,11.52,12.09,16.71,15.59,13.02,11.86,11.7,11.95,14.36,16.88,16.54,13.65
QV2M,2006,1.5,40.0,11.67,11.69,12.36,17.03,16.0,13.58,12.24,11.99,12.32,14.62,17.07,16.79,13.95
QV2M,2006,1.5,40.625,11.9,11.84,12.55,17.37,15.94,13.94,12.5,12.2,12.61,15.04,17.52,17.12,14.22
QV2M,2006,1.5,41.25,12.1,12.06,12.88,17.54,16.01,14.23,12.76,12.55,12.99,15.42,17.84,17.41,14.49
QV2M,2006,1.5,41.875,12.42,12.38,13.29,17.83,16.34,14.4,13.02,12.88,13.32,15.75,18.15,17.55,14.78
QV2M,2006,2.0,34.375,8.86,9.23,10.75,12.6,13.05,12.68,13.07,13.07,12.01,11.68,12.9,12.38,11.87
QV2M,2006,2.0,35.0,9.05,9.32,10.54,12.31,12.33,11.61,11.84,12.26,11.07,11.46,12.7,12.5,11.43
QV2M,2006,2.0,35.625,9.38,9.63,10.69,12.65,12.24,11.08,11.32,12.21,10.92,11.5,13.03,12.91,11.47
QV2M,2006,2.0,36.25,9.78,10.01,10.98,12.88,12.0,10.89,10.92,12.03,10.45,11.38,13.44,13.24,11.51
QV2M,2006,2.0,36.875,10.27,10.4,11.22,13.37,12.61,10.99,10.49,10.94,10.08,11.61,13.5,13.36,11.58
QV2M,2006,2.0,37.5,10.67,10.85,11.89,14.53,13.5,11.51,10.64,10.98,10.42,12.5,14.89,14.69,12.26
QV2M,2006,2.0,38.125,10.78,11.07,11.92,15.38,14.19,11.76,10.83,10.93,10.87,13.31,15.85,15.49,12.7
QV2M,2006,2.0,38.75,10.8,11.15,11.98,16.04,14.91,12.34,11.36,11.36,11.44,13.85,16.32,15.9,13.13
QV2M,2006,2.0,39.375,10.81,11.09,11.81,16.75,15.65,13.01,11.82,11.59,11.81,14.27,16.74,16.22,13.47
QV2M,2006,2.0,40.0,10.96,11.18,11.98,17.01,16.0,13.48,12.14,11.84,12.14,14.48,16.86,16.36,13.71
QV2M,2006,2.0,40.625,11.2,11.3,12.18,17.42,15.98,13.62,12.24,11.98,12.4,14.91,17.4,16.72,13.95
QV2M,2006,2.0,41.25,11.43,11.5,12.44,17.51,15.99,13.96,12.52,12.3,12.75,15.24,17.69,16.94,14.2
QV2M,2006,2.0,41.875,11.68,11.73,12.72,17.73,16.25,14.03,12.73,12.58,13.06,15.56,17.93,17.08,14.43
QV2M,2006,2.5,34.375,9.03,9.49,10.74,12.42,12.6,12.0,12.46,12.56,11.08,11.37,12.84,12.31,11.59
QV2M,2006,2.5,35.0,9.3,9.79,10.92,12.78,12.58,11.69,11.69,12.32,11.1,11.74,13.1,12.93,11.67
QV2M,2006,2.5,35.625,9.61,10.08,11.16,13.31,12.69,11.32,11.45,12.45,11.03,11.87,13.52,13.44,11.84
QV2M,2006,2.5,36.25,10.8,11.19,12.1,14.09,13.25,11.85,11.64,12.59,11.29,12.43,14.3,14.1,12.48
QV2M,2006,2.5,36.875,10.47,10.82,11.76,14.13,13.31,11.6,10.87,11.48,10.57,12.24,14.18,13.95,12.12
QV2M,2006,2.5,37.5,10.15,10.74,11.92,14.96,13.84,11.56,10.67,11.19,10.46,12.71,15.15,14.91,12.36
QV2M,2006,2.5,38.125,9.97,10.8,11.7,15.37,14.31,11.89,10.91,10.94,10.88,13.23,15.53,15.04,12.55
QV2M,2006,2.5,38.75,9.84,10.77,11.76,16.11,15.03,12.41,11.37,11.28,11.32,13.74,16.12,15.37,12.93
QV2M,2006,2.5,39.375,9.84,10.62,11.69,16.67,15.63,12.94,11.74,11.49,11.65,14.1,16.43,15.36,13.19
QV2M,2006,2.5,40.0,10.02,10.67,11.83,16.8,15.82,13.29,11.99,11.72,11.93,14.29,16.44,15.37,13.36
QV2M,2006,2.5,40.625,10.34,10.76,11.91,16.94,15.73,13.4,12.07,11.81,12.19,14.63,16.74,15.59,13.52
QV2M,2006,2.5,41.25,10.55,10.92,12.02,16.93,15.64,13.7,12.38,12.13,12.56,15.0,17.01,15.58,13.71
QV2M,2006,2.5,41.875,10.81,11.11,12.17,17.12,15.89,13.83,12.59,12.39,12.86,15.27,17.26,16.01,13.95
QV2M,2006,3.0,34.375,9.09,9.7,11.05,12.75,12.71,11.87,12.07,12.72,11.3,11.69,12.94,12.58,11.72
QV2M,2006,3.0,35.0,9.45,10.2,11.5,13.52,13.22,12.01,11.82,12.92,11.44,12.2,13.67,13.51,12.13
QV2M,2006,3.0,35.625,9.91,10.76,12.08,14.38,13.68,11.9,11.71,13.07,11.51,12.53,14.42,14.4,12.54
QV2M,2006,3.0,36.25,11.79,12.43,13.47,15.48,14.68,12.86,12.24,13.14,12.08,13.52,15.39,15.39,13.54
QV2M,2006,3.0,36.875,9.82,10.66,11.84,14.74,13.68,11.65,10.84,11.62,10.57,12.52,14.72,14.58,12.28
QV2M,2006,3.0,37.5,9.34,10.51,11.75,15.33,14.15,11.67,10.8,11.31,10.54,12.94,15.19,14.79,12.37
QV2M,2006,3.0,38.125,9.03,10.42,11.57,15.5,14.52,12.04,11.05,11.02,10.81,13.21,15.19,14.41,12.4
QV2M,2006,3.0,38.75,8.85,10.28,11.62,16.12,15.12,12.47,11.35,11.23,11.17,13.65,15.58,14.38,12.66
QV2M,2006,3.0,39.375,8.9,10.03,11.52,16.43,15.49,12.8,11.67,11.4,11.5,13.9,15.81,14.22,12.81
QV2M,2006,3.0,40.0,9.13,10.1,11.66,16.51,15.6,13.06,11.83,11.56,11.75,14.09,15.94,14.29,12.97
QV2M,2006,3.0,40.625,9.44,10.17,11.64,16.34,15.41,13.18,11.92,11.63,11.98,14.32,15.95,14.37,13.04
QV2M,2006,3.0,41.25,9.72,10.32,11.69,16.43,15.41,13.39,12.17,11.9,12.32,14.66,16.13,14.43,13.22
QV2M,2006,3.0,41.875,9.98,10.53,11.76,16.53,15.47,13.49,12.35,12.07,12.52,14.83,16.49,14.82,13.41
QV2M,2006,3.5,34.375,9.17,9.93,11.46,13.14,13.08,11.93,11.81,12.51,11.17,11.87,13.3,12.94,11.87
QV2M,2006,3.5,35.0,9.56,10.55,12.14,14.28,13.91,12.37,11.91,12.72,11.38,12.49,14.25,14.17,12.49
QV2M,2006,3.5,35.625,10.31,11.38,12.79,15.14,14.37,12.36,11.75,12.61,11.33,12.79,14.88,14.98,12.9
QV2M,2006,3.5,36.25,11.5,12.49,13.49,15.72,14.92,13.0,12.29,12.89,12.04,13.7,15.32,15.17,13.55
QV2M,2006,3.5,36.875,8.85,10.25,11.82,15.38,14.29,11.84,10.95,11.55,10.48,12.65,14.81,14.64,12.3
QV2M,2006,3.5,37.5,8.44,9.95,11.53,15.3,14.24,11.75,10.9,11.35,10.54,12.81,14.6,14.0,12.13
QV2M,2006,3.5,38.125,8.21,9.77,11.35,15.45,14.68,12.17,11.23,11.12,10.9,13.19,14.51,13.43,12.18
QV2M,2006,3.5,38.75,8.14,9.42,11.08,15.63,14.9,12.34,11.38,11.22,11.15,13.45,14.51,13.1,12.2
QV2M,2006,3.5,39.375,8.29,9.39,11.12,15.73,15.04,12.53,11.54,11.28,11.35,13.62,14.83,13.29,12.34
QV2M,2006,3.5,40.0,8.52,9.49,11.33,16.07,15.27,12.73,11.63,11.34,11.51,13.89,15.32,13.59,12.57
QV2M,2006,3.5,40.625,8.82,9.64,11.48,16.04,15.23,12.8,11.66,11.35,11.66,14.13,15.46,13.84,12.69
QV2M,2006,3.5,41.25,9.19,9.94,11.49,16.07,15.16,13.06,11.95,11.61,12.03,14.4,15.64,14.06,12.89
QV2M,2006,3.5,41.875,9.4,10.11,11.48,16.31,15.21,13.19,12.1,11.77,12.22,14.64,16.13,14.32,13.08
QV2M,2006,4.0,34.375,9.19,10.23,12.33,14.29,14.28,12.86,12.45,12.94,11.41,12.44,14.34,13.88,12.57
QV2M,2006,4.0,35.0,9.57,10.92,12.83,15.13,14.8,12.89,12.23,12.86,11.31,12.88,14.99,14.96,12.96
QV2M,2006,4.0,35.625,10.18,11.66,12.96,15.43,14.73,12.55,11.81,12.44,11.34,13.09,14.97,15.0,13.02
QV2M,2006,4.0,36.25,11.27,12.6,13.71,16.06,15.24,13.26,12.58,12.94,12.29,14.01,15.35,15.14,13.71
QV2M,2006,4.0,36.875,8.13,9.9,11.84,15.46,14.44,11.88,11.04,11.47,10.5,12.64,14.28,14.07,12.15
QV2M,2006,4.0,37.5,7.76,9.36,11.3,15.18,14.26,11.75,10.95,11.24,10.51,12.72,13.79,13.33,11.86
QV2M,2006,4.0,38.125,7.66,8.92,10.53,14.39,13.95,11.79,10.99,10.98,10.68,12.85,13.23,12.2,11.52
QV2M,2006,4.0,38.75,7.77,8.87,10.53,14.28,13.89,11.89,10.99,10.92,10.7,12.82,13.2,12.18,11.51
QV2M,2006,4.0,39.375,7.96,8.92,10.81,14.89,14.41,12.22,11.22,11.06,10.97,13.32,14.0,12.73,11.89
QV2M,2006,4.0,40.0,8.18,8.99,10.96,15.44,14.86,12.48,11.38,11.07,11.15,13.7,14.48,12.98,12.15
QV2M,2006,4.0,40.625,8.47,9.25,11.22,15.61,14.93,12.44,11.4,11.03,11.29,13.9,14.92,13.35,12.33
QV2M,2006,4.0,41.25,8.76,9.56,11.35,15.89,15.06,12.76,11.66,11.25,11.66,14.26,15.53,13.88,12.65
QV2M,2006,4.0,41.875,8.92,9.7,11.39,16.35,15.28,13.0,11.88,11.46,11.93,14.57,16.18,14.35,12.93
QV2M,2006,4.5,34.375,9.15,10.44,13.25,15.47,15.48,13.37,12.99,13.25,11.48,13.03,15.46,14.64,13.18
QV2M,2006,4.5,35.0,9.43,11.18,13.3,15.74,15.5,13.23,12.53,13.13,11.34,13.23,15.49,15.28,13.29
QV2M,2006,4.5,35.625,9.64,11.51,13.08,15.65,15.04,12.64,11.9,12.44,11.35,13.26,15.03,15.05,13.06
QV2M,2006,4.5,36.25,9.5,11.27,13.18,15.89,15.08,12.65,11.93,12.31,11.25,13.35,14.86,15.07,13.04
QV2M,2006,4.5,36.875,8.51,10.22,12.47,15.48,14.67,12.28,11.59,11.89,11.04,13.07,14.05,13.91,12.44
QV2M,2006,4.5,37.5,7.45,8.95,11.55,14.74,14.01,11.62,11.0,11.29,10.32,12.56,13.26,12.84,11.65
QV2M,2006,4.5,38.125,7.46,8.62,10.21,13.52,13.18,11.37,10.68,10.73,10.18,12.29,12.56,11.68,11.05
QV2M,2006,4.5,38.75,7.6,8.68,10.21,13.91,13.55,11.55,10.83,10.76,10.42,12.66,12.97,11.87,11.26
QV2M,2006,4.5,39.375,7.73,8.57,10.12,14.4,14.03,11.86,10.96,10.78,10.63,13.12,13.48,12.08,11.49
QV2M,2006,4.5,40.0,7.92,8.62,10.13,14.38,14.0,12.0,11.06,10.8,10.8,13.15,13.43,12.02,11.54
QV2M,2006,4.5,40.625,8.19,8.89,10.68,14.89,14.39,12.14,11.14,10.75,10.96,13.62,14.22,12.56,11.88
QV2M,2006,4.5,41.25,8.47,9.2,11.05,15.35,14.79,12.47,11.45,10.93,11.31,13.94,14.85,13.12,12.26
QV2M,2006,4.5,41.875,8.63,9.3,11.31,16.43,15.53,12.87,11.69,11.19,11.68,14.57,15.94,13.85,12.76
QV2M,2007,-0.5,34.375,13.8,13.78,13.45,14.27,14.13,13.2,12.73,12.81,12.87,12.7,12.93,12.18,13.23
QV2M,2007,-0.5,35.0,12.2,12.38,11.98,13.05,13.07,12.48,11.98,12.11,11.9,11.94,11.92,10.89,12.15
QV2M,2007,-0.5,35.625,10.14,10.2,9.93,11.25,11.23,10.95,10.56,10.69,10.24,10.41,10.49,9.47,10.46
QV2M,2007,-0.5,36.25,10.0,9.75,9.6,11.16,11.15,10.83,10.42,10.62,10.14,10.34,10.47,9.34,10.32
QV2M,2007,-0.5,36.875,10.36,9.86,10.17,11.7,11.62,10.99,10.45,10.7,10.23,10.8,11.12,9.78,10.65
QV2M,2007,-0.5,37.5,11.93,11.41,11.73,12.99,12.81,11.6,11.07,11.37,10.97,11.85,12.63,11.25,11.8
QV2M,2007,-0.5,38.125,13.53,12.71,13.0,13.79,13.37,11.07,10.87,11.19,10.87,12.3,14.02,12.66,12.45
QV2M,2007,-0.5,38.75,14.29,13.14,13.82,14.8,14.54,11.67,11.41,11.93,11.82,13.27,14.95,13.61,13.27
QV2M,2007,-0.5,39.375,14.77,13.76,14.43,15.64,16.0,12.86,12.24,13.04,12.95,14.26,15.54,14.32,14.15
QV2M,2007,-0.5,40.0,15.08,14.51,14.92,16.03,16.71,14.08,13.04,13.7,13.66,14.8,15.84,14.93,14.78
QV2M,2007,-0.5,40.625,15.0,14.23,14.73,16.05,17.55,15.17,13.82,14.3,14.47,15.33,16.33,15.44,15.21
QV2M,2007,-0.5,41.25,15.22,14.52,15.15,16.49,18.01,15.71,14.11,14.6,14.78,15.61,16.52,15.7,15.54
QV2M,2007,-0.5,41.875,15.81,15.3,15.9,17.01,18.27,16.29,14.78,15.14,15.36,16.03,16.56,16.06,16.05
QV2M,2007,-1.0,34.375,14.29,13.98,13.91,14.57,14.12,12.98,12.2,12.33,12.42,12.15,13.2,12.61,13.22
QV2M,2007,-1.0,35.0,12.78,12.58,12.33,13.22,12.94,12.19,11.47,11.65,11.43,11.42,11.73,11.36,12.09
QV2M,2007,-1.0,35.625,11.72,11.49,11.22,12.27,12.17,11.48,10.84,11.14,10.71,10.82,10.89,10.41,11.26
QV2M,2007,-1.0,36.25,11.44,11.11,10.82,11.95,12.0,11.1,10.67,10.97,10.5,10.73,10.98,9.97,11.02
QV2M,2007,-1.0,36.875,11.73,10.99,11.04,12.22,12.06,10.97,10.52,10.76,10.22,10.93,11.85,10.75,11.17
QV2M,2007,-1.0,37.5,12.9,12.25,12.37,13.41,13.19,11.55,11.05,11.41,10.97,11.9,13.06,11.98,12.17
QV2M,2007,-1.0,38.125,13.0,11.95,12.87,13.82,13.47,11.06,10.85,11.22,10.98,12.33,13.83,12.55,12.33
QV2M,2007,-1.0,38.75,14.34,12.88,14.04,15.08,14.83,11.79,11.52,12.1,12.02,13.49,15.1,13.96,13.43
QV2M,2007,-1.0,39.375,14.61,13.49,14.55,15.96,16.31,12.98,12.36,13.25,13.11,14.48,15.72,14.69,14.3
QV2M,2007,-1.0,40.0,15.56,14.55,15.18,16.42,17.01,14.25,13.16,13.92,13.83,15.01,16.06,15.37,15.03
QV2M,2007,-1.0,40.625,15.42,14.55,15.09,16.34,17.8,15.47,14.07,14.56,14.67,15.44,16.43,15.85,15.48
QV2M,2007,-1.0,41.25,15.84,15.12,15.62,16.75,18.17,16.01,14.42,14.88,15.02,15.74,16.59,16.11,15.86
QV2M,2007,-1.0,41.875,16.84,16.56,17.19,18.01,18.79,16.83,15.39,15.75,15.99,16.58,17.1,17.01,16.84
QV2M,2007,-1.5,34.375,14.46,13.75,13.28,13.74,13.09,12.1,11.23,11.64,11.91,11.55,12.36,12.45,12.62
QV2M,2007,-1.5,35.0,13.52,12.98,12.53,13.23,12.87,11.75,10.78,11.03,10.89,10.86,11.35,11.5,11.93
QV2M,2007,-1.5,35.625,12.4,11.96,11.59,12.49,12.33,11.09,10.3,10.64,10.09,10.42,10.84,10.47,11.21
QV2M,2007,-1.5,36.25,12.97,12.11,11.35,12.68,12.76,11.15,10.66,11.07,10.4,10.75,11.34,10.63,11.49
QV2M,2007,-1.5,36.875,12.28,11.41,11.07,12.16,12.0,10.63,10.13,10.56,9.89,10.56,11.75,10.96,11.11
QV2M,2007,-1.5,37.5,12.86,11.96,12.13,12.97,12.69,10.84,10.46,10.88,10.36,11.36,12.7,11.89,11.76
QV2M,2007,-1.5,38.125,13.79,13.03,13.63,14.1,13.77,11.36,11.07,11.43,11.21,12.39,13.88,12.95,12.72
QV2M,2007,-1.5,38.75,14.92,13.77,14.67,15.28,15.07,11.96,11.62,12.24,12.17,13.58,15.06,14.3,13.72
QV2M,2007,-1.5,39.375,15.63,14.35,15.28,16.29,16.36,13.22,12.57,13.35,13.24,14.57,15.68,15.08,14.64
QV2M,2007,-1.5,40.0,15.99,14.67,15.39,16.68,17.33,14.56,13.43,14.21,14.09,15.2,16.23,15.68,15.29
QV2M,2007,-1.5,40.625,15.88,14.9,15.5,16.68,18.0,15.71,14.32,14.79,14.88,15.59,16.45,16.07,15.74
QV2M,2007,-1.5,41.25,16.57,15.72,16.12,17.12,18.36,16.3,14.7,15.13,15.25,15.92,16.62,16.45,16.19
QV2M,2007,-1.5,41.875,17.9,17.77,18.39,19.04,19.24,17.27,16.03,16.37,16.61,17.17,17.72,17.88,17.61
QV2M,2007,-1.7975103014118005e-13,34.375,13.34,13.55,13.33,14.23,14.66,13.55,13.38,13.3,13.46,13.36,13.07,11.89,13.42
QV2M,2007,-1.7975103014118005e-13,35.0,11.94,12.28,11.97,13.15,13.49,12.84,12.73,12.66,12.63,12.6,12.18,10.87,12.44
QV2M,2007,-1.7975103014118005e-13,35.625,10.44,10.56,10.3,11.51,11.71,11.49,11.31,11.35,11.1,11.1,10.94,9.74,10.96
QV2M,2007,-1.7975103014118005e-13,36.25,10.12,10.0,9.51,11.2,11.39,11.68,11.39,11.59,11.17,10.76,10.47,9.32,10.72
QV2M,2007,-1.7975103014118005e-13,36.875,10.3,9.86,9.87,11.34,11.47,11.39,10.95,11.18,10.71,10.6,10.74,9.63,10.67
QV2M,2007,-1.7975103014118005e-13,37.5,11.14,10.6,10.96,12.01,11.77,10.92,10.51,10.68,10.33,11.03,11.68,10.4,11.0
QV2M,2007,-1.7975103014118005e-13,38.125,13.4,12.59,12.93,13.76,13.19,11.06,10.84,11.13,10.72,12.33,13.97,12.29,12.35
QV2M,2007,-1.7975103014118005e-13,38.75,14.06,13.13,13.67,14.68,14.41,11.64,11.33,11.83,11.71,13.2,14.68,13.12,13.12
QV2M,2007,-1.7975103014118005e-13,39.375,14.33,13.51,14.07,15.27,15.64,12.7,12.09,12.79,12.73,14.05,15.12,13.7,13.83
QV2M,2007,-1.7975103014118005e-13,40.0,14.62,13.98,14.39,15.57,16.36,13.8,12.84,13.42,13.45,14.56,15.49,14.26,14.4
QV2M,2007,-1.7975103014118005e-13,40.625,14.56,13.97,14.42,15.86,17.17,14.79,13.46,13.92,14.1,15.17,16.0,14.78,14.85
QV2M,2007,-1.7975103014118005e-13,41.25,14.72,14.18,14.78,16.35,17.68,15.31,13.72,14.23,14.46,15.56,16.22,15.06,15.19
QV2M,2007,-1.7975103014118005e-13,41.875,15.37,14.65,15.15,16.69,17.93,15.85,14.29,14.69,14.9,15.85,16.33,15.41,15.6
QV2M,2007,-2.0,34.375,14.54,13.85,13.34,13.54,12.72,11.48,10.3,10.77,11.41,11.24,11.99,12.32,12.28
QV2M,2007,-2.0,35.0,13.58,12.99,12.5,13.12,12.59,11.12,10.22,10.39,10.25,10.65,11.28,11.45,11.67
QV2M,2007,-2.0,35.625,12.73,12.11,11.71,12.73,12.4,10.66,10.1,10.38,9.85,10.47,11.15,10.86,11.26
QV2M,2007,-2.0,36.25,13.78,12.72,11.99,13.01,12.7,10.79,10.31,10.6,9.96,10.7,11.53,11.28,11.61
QV2M,2007,-2.0,36.875,12.63,11.75,11.48,12.3,12.12,10.15,9.82,10.27,9.67,10.56,11.71,11.15,11.13
QV2M,2007,-2.0,37.5,13.36,12.43,12.59,13.03,12.8,10.66,10.32,10.76,10.26,11.31,12.72,12.17,11.87
QV2M,2007,-2.0,38.125,14.2,13.42,13.97,14.12,13.87,11.34,11.0,11.4,11.23,12.37,13.87,13.3,12.84
QV2M,2007,-2.0,38.75,15.33,14.28,15.14,15.42,15.24,12.19,11.8,12.44,12.35,13.72,15.07,14.69,13.97
QV2M,2007,-2.0,39.375,16.16,15.09,15.86,16.48,16.49,13.52,12.84,13.58,13.49,14.72,15.76,15.49,14.96
QV2M,2007,-2.0,40.0,16.52,15.29,16.04,17.0,17.51,14.73,13.58,14.35,14.23,15.32,16.32,15.95,15.57
QV2M,2007,-2.0,40.625,16.61,15.74,16.37,17.26,18.31,16.01,14.63,15.13,15.19,15.9,16.67,16.48,16.19
QV2M,2007,-2.0,41.25,17.5,17.22,17.83,18.38,18.79,16.69,15.38,15.81,16.01,16.59,17.18,17.39,17.06
QV2M,2007,-2.0,41.875,18.43,18.33,18.96,19.59,19.41,17.39,16.32,16.7,16.93,17.48,18.02,18.34,17.99
QV2M,2007,-2.5,34.375,14.33,13.71,13.53,13.45,12.4,10.77,9.71,9.48,10.1,10.01,11.53,12.0,11.74
QV2M,2007,-2.5,35.0,13.52,12.96,12.74,13.1,12.21,10.57,9.74,9.48,9.34,9.86,11.15,11.37,11.33
QV2M,2007,-2.5,35.625,13.63,12.86,12.52,13.29,12.44,10.61,9.67,9.75,9.21,10.15,11.43,11.57,11.42
QV2M,2007,-2.5,36.25,13.84,13.09,12.61,13.26,12.6,10.58,10.02,10.06,9.43,10.3,11.56,11.69,11.58
QV2M,2007,-2.5,36.875,13.52,12.67,12.45,12.92,12.61,10.27,9.56,9.94,9.35,10.49,11.97,11.89,11.46
QV2M,2007,-2.5,37.5,13.91,13.04,12.96,12.98,12.78,10.52,9.98,10.37,9.96,11.01,12.54,12.6,11.88
QV2M,2007,-2.5,38.125,14.51,13.9,14.31,14.1,13.97,11.41,11.0,11.36,11.21,12.29,13.76,13.8,12.96
QV2M,2007,-2.5,38.75,15.58,14.7,15.54,15.43,15.32,12.37,11.91,12.52,12.47,13.72,14.99,15.22,14.15
QV2M,2007,-2.5,39.375,16.43,15.72,16.42,16.58,16.57,13.82,13.12,13.75,13.74,14.84,15.83,16.0,15.23
QV2M,2007,-2.5,40.0,16.98,16.05,16.85,17.35,17.67,15.01,13.9,14.56,14.55,15.55,16.45,16.46,15.95
QV2M,2007,-2.5,40.625,17.7,17.29,17.95,18.43,18.81,16.52,15.36,15.81,15.94,16.66,17.29,17.49,17.1
QV2M,2007,-2.5,41.25,18.56,18.45,19.11,19.62,19.32,17.22,16.26,16.61,16.81,17.42,18.01,18.44,17.98
QV2M,2007,-2.5,41.875,18.47,18.34,18.94,19.54,19.4,17.35,16.32,16.67,16.88,17.45,17.94,18.4,17.97
QV2M,2007,-3.0,34.375,14.28,13.72,13.74,13.86,12.56,10.53,9.56,9.05,9.0,8.94,11.03,11.85,11.5
QV2M,2007,-3.0,35.0,13.58,13.12,13.01,13.34,12.36,10.48,9.74,9.32,8.91,9.17,10.71,11.36,11.25
QV2M,2007,-3.0,35.625,12.51,12.02,12.06,12.58,11.85,10.09,9.58,9.62,9.05,9.49,10.54,10.87,10.85
QV2M,2007,-3.0,36.25,13.74,13.19,13.2,13.61,12.72,10.71,9.88,9.97,9.43,9.98,11.16,11.82,11.61
QV2M,2007,-3.0,36.875,13.49,12.83,12.51,12.85,12.63,10.77,10.22,10.29,9.5,10.1,11.35,11.89,11.53
QV2M,2007,-3.0,37.5,12.65,12.07,12.14,12.24,12.11,10.2,9.79,10.04,9.67,10.28,11.37,11.54,11.17
QV2M,2007,-3.0,38.125,14.42,13.82,14.32,14.01,13.96,11.44,11.07,11.43,11.38,12.21,13.51,13.96,12.96
QV2M,2007,-3.0,38.75,15.66,14.7,15.71,15.43,15.42,12.53,12.07,12.63,12.64,13.69,14.87,15.57,14.24
QV2M,2007,-3.0,39.375,16.6,15.75,16.65,16.66,16.76,14.1,13.33,13.91,13.92,14.96,15.88,16.31,15.4
QV2M,2007,-3.0,40.0,17.47,16.81,17.62,17.85,17.96,15.4,14.37,14.95,14.97,15.87,16.61,17.05,16.41
QV2M,2007,-3.0,40.625,18.68,18.46,19.1,19.46,19.22,16.96,16.11,16.45,16.59,17.24,17.91,18.43,17.88
QV2M,2007,-3.0,41.25,18.62,18.45,19.01,19.49,19.31,17.16,16.23,16.56,16.74,17.34,17.92,18.53,17.94
QV2M,2007,-3.0,41.875,18.48,18.35,18.87,19.5,19.37,17.28,16.29,16.63,16.8,17.4,17.89,18.48,17.94
QV2M,2007,-3.5,34.375,14.85,14.3,14.41,14.38,12.7,10.58,9.4,9.16,8.86,9.19,11.14,12.33,11.76
QV2M,2007,-3.5,35.0,14.09,13.69,13.75,14.05,12.79,10.77,10.06,9.87,9.44,9.92,11.17,12.04,11.79
QV2M,2007,-3.5,35.625,13.49,13.05,13.05,13.41,12.38,10.45,9.93,9.96,9.32,9.81,10.88,11.63,11.44
QV2M,2007,-3.5,36.25,14.02,13.41,13.46,13.61,12.67,10.55,9.87,10.04,9.61,10.23,11.33,12.03,11.73
QV2M,2007,-3.5,36.875,14.14,13.38,13.58,13.79,13.23,10.99,10.52,10.67,10.18,10.86,11.92,12.29,12.12
QV2M,2007,-3.5,37.5,13.89,13.19,13.72,13.93,13.91,11.55,11.07,11.29,10.88,11.62,12.56,12.7,12.52
QV2M,2007,-3.5,38.125,14.2,13.36,14.24,14.05,14.08,11.54,11.16,11.57,11.56,12.35,13.32,13.9,12.94
QV2M,2007,-3.5,38.75,15.37,14.6,15.7,15.45,15.33,12.61,12.25,12.78,12.86,13.63,14.57,15.3,14.2
QV2M,2007,-3.5,39.375,16.46,15.55,16.78,16.73,16.86,14.33,13.54,14.06,14.02,14.97,15.77,16.34,15.45
QV2M,2007,-3.5,40.0,18.17,17.76,18.55,18.68,18.49,16.06,15.15,15.66,15.71,16.52,17.21,17.82,17.15
QV2M,2007,-3.5,40.625,18.77,18.58,19.16,19.46,19.24,16.96,16.15,16.46,16.57,17.22,17.83,18.56,17.91
QV2M,2007,-3.5,41.25,18.67,18.51,19.03,19.46,19.26,17.1,16.21,16.53,16.66,17.28,17.83,18.62,17.93
QV2M,2007,-3.5,41.875,18.52,18.39,18.87,19.44,19.31,17.2,16.24,16.59,16.72,17.34,17.81,18.57,17.91
QV2M,2007,-4.0,34.375,14.87,14.28,14.39,14.27,12.62,10.4,9.38,9.08,8.7,9.2,11.14,12.59,11.73
QV2M,2007,-4.0,35.0,13.91,13.37,13.5,13.65,12.38,10.38,9.64,9.49,9.0,9.5,10.76,12.05,11.46
QV2M,2007,-4.0,35.625,13.6,13.02,13.15,13.36,12.25,10.28,9.85,9.91,9.43,9.81,10.86,11.83,11.44
QV2M,2007,-4.0,36.25,14.15,13.56,13.73,13.68,12.59,10.45,9.96,10.07,9.67,10.16,11.22,12.23,11.78
QV2M,2007,-4.0,36.875,14.3,13.54,13.96,13.87,13.05,10.75,10.39,10.6,10.24,10.79,11.86,12.63,12.16
QV2M,2007,-4.0,37.5,14.46,13.83,14.49,14.31,13.86,11.4,10.98,11.27,11.02,11.68,12.69,13.41,12.78
QV2M,2007,-4.0,38.125,14.41,13.56,14.92,14.61,14.52,11.91,11.47,11.89,11.86,12.76,13.61,14.27,13.32
QV2M,2007,-4.0,38.75,15.41,14.51,16.1,16.01,15.78,12.99,12.62,13.2,13.26,14.06,14.78,15.42,14.51
QV2M,2007,-4.0,39.375,16.46,15.68,17.12,17.09,17.29,14.83,13.91,14.43,14.31,15.13,15.88,16.48,15.72
QV2M,2007,-4.0,40.0,18.8,18.53,19.16,19.16,18.88,16.56,15.79,16.17,16.25,16.94,17.68,18.44,17.69
QV2M,2007,-4.0,40.625,18.86,18.75,19.26,19.41,19.21,16.91,16.13,16.42,16.5,17.16,17.78,18.67,17.92
QV2M,2007,-4.0,41.25,18.74,18.62,19.14,19.44,19.22,17.03,16.17,16.49,16.58,17.22,17.73,18.69,17.92
QV2M,2007,-4.0,41.875,18.54,18.45,18.97,19.37,19.24,17.1,16.19,16.53,16.64,17.27,17.7,18.6,17.88
QV2M,2007,-4.5,34.375,14.38,13.73,13.82,13.58,12.22,9.98,9.24,9.03,8.52,8.93,10.51,12.19,11.33
QV2M,2007,-4.5,35.0,13.56,12.85,13.12,13.05,11.98,9.96,9.34,9.25,8.8,9.29,10.41,11.84,11.11
QV2M,2007,-4.5,35.625,13.45,12.69,13.14,13.22,12.07,10.04,9.62,9.74,9.33,9.86,10.79,11.81,11.31
QV2M,2007,-4.5,36.25,14.27,13.66,14.03,13.82,12.64,10.42,10.02,10.17,9.84,10.41,11.34,12.45,11.91
QV2M,2007,-4.5,36.875,14.24,13.69,14.19,14.03,13.07,10.69,10.41,10.68,10.44,10.99,11.87,12.75,12.25
QV2M,2007,-4.5,37.5,14.74,14.19,14.89,14.77,14.01,11.5,11.15,11.49,11.37,11.93,12.7,13.64,13.03
QV2M,2007,-4.5,38.125,15.16,14.43,15.21,14.92,14.53,12.13,11.73,12.07,12.09,12.82,13.63,14.47,13.6
QV2M,2007,-4.5,38.75,16.38,15.59,16.7,16.51,16.09,13.44,13.01,13.48,13.54,14.33,15.16,15.9,15.01
QV2M,2007,-4.5,39.375,17.76,17.14,18.16,18.1,17.96,15.58,14.77,15.15,15.16,15.82,16.68,17.47,16.64
QV2M,2007,-4.5,40.0,19.09,18.99,19.35,19.23,18.95,16.62,15.87,16.21,16.29,16.98,17.82,18.72,17.84
QV2M,2007,-4.5,40.625,19.0,18.97,19.35,19.35,19.14,16.85,16.08,16.38,16.41,17.11,17.8,18.74,17.93
QV2M,2007,-4.5,41.25,18.82,18.77,19.28,19.39,19.17,16.94,16.1,16.43,16.48,17.19,17.7,18.7,17.91
QV2M,2007,-4.5,41.875,18.6,18.53,19.13,19.33,19.17,17.0,16.14,16.47,16.55,17.24,17.62,18.59,17.86
QV2M,2007,0.5,34.375,12.5,12.72,12.36,13.65,14.71,13.72,13.84,13.74,13.91,13.62,13.03,11.19,13.25
QV2M,2007,0.5,35.0,11.31,11.49,10.97,12.29,13.05,12.63,12.75,12.59,12.62,12.29,11.99,10.44,12.04
QV2M,2007,0.5,35.625,11.15,11.05,10.18,11.9,12.8,12.56,12.51,12.57,12.4,11.95,11.32,9.65,11.67
QV2M,2007,0.5,36.25,10.62,10.45,9.96,11.45,11.84,12.55,12.48,12.74,12.45,11.17,10.99,9.6,11.36
QV2M,2007,0.5,36.875,11.02,10.58,10.5,11.63,11.54,11.84,11.71,11.81,11.46,10.76,11.41,10.09,11.2
QV2M,2007,0.5,37.5,11.81,11.09,11.35,12.35,11.9,11.32,10.96,11.02,10.59,11.26,12.3,10.75,11.39
QV2M,2007,0.5,38.125,12.82,11.98,12.49,13.51,13.05,11.04,10.78,11.08,10.68,12.26,13.56,11.67,12.08
QV2M,2007,0.5,38.75,13.85,12.95,13.42,14.45,14.26,11.59,11.23,11.73,11.62,13.07,14.37,12.58,12.93
QV2M,2007,0.5,39.375,14.26,13.31,13.64,14.98,15.38,12.59,11.93,12.57,12.52,13.91,14.95,13.26,13.61
QV2M,2007,0.5,40.0,14.23,13.45,13.77,15.28,16.05,13.58,12.6,13.11,13.15,14.45,15.29,13.7,14.06
QV2M,2007,0.5,40.625,14.24,13.64,14.08,15.69,16.66,14.36,13.07,13.48,13.68,14.98,15.67,14.12,14.48
QV2M,2007,0.5,41.25,14.61,14.16,14.63,16.23,17.11,14.81,13.36,13.83,14.08,15.32,15.82,14.4,14.87
QV2M,2007,0.5,41.875,15.18,14.45,14.88,16.55,17.5,15.38,13.84,14.3,14.49,15.64,16.13,14.74,15.26
QV2M,2007,1.0,34.375,10.78,10.91,10.67,11.93,12.84,12.28,12.31,12.3,12.4,11.93,11.57,10.0,11.66
QV2M,2007,1.0,35.0,10.73,10.6,10.06,11.43,12.28,12.03,11.97,12.02,12.02,11.65,11.48,9.78,11.34
QV2M,2007,1.0,35.625,10.56,10.38,9.82,11.37,12.64,12.36,12.18,12.54,12.28,11.42,11.15,9.31,11.34
QV2M,2007,1.0,36.25,10.75,10.45,10.15,11.42,11.96,12.64,12.62,13.0,12.68,10.97,11.28,9.67,11.47
QV2M,2007,1.0,36.875,11.25,10.77,10.97,11.89,11.64,11.64,11.51,11.77,11.47,11.04,11.89,10.26,11.34
QV2M,2007,1.0,37.5,12.22,11.54,11.86,12.75,12.26,11.31,10.96,11.13,10.64,11.62,12.87,11.07,11.68
QV2M,2007,1.0,38.125,12.79,12.09,12.58,13.53,13.05,11.08,10.79,11.1,10.78,12.29,13.67,11.55,12.11
QV2M,2007,1.0,38.75,13.71,12.89,13.3,14.43,14.22,11.62,11.2,11.69,11.59,13.08,14.4,12.25,12.86
QV2M,2007,1.0,39.375,14.07,12.98,13.23,14.84,15.24,12.5,11.81,12.4,12.37,13.84,14.9,12.73,13.41
QV2M,2007,1.0,40.0,14.06,13.07,13.36,15.08,15.8,13.39,12.36,12.84,12.9,14.32,15.2,13.14,13.8
QV2M,2007,1.0,40.625,14.39,13.4,13.77,15.52,16.34,14.01,12.75,13.14,13.35,14.76,15.58,13.55,14.22
QV2M,2007,1.0,41.25,14.83,14.09,14.31,16.03,16.83,14.48,13.02,13.5,13.75,15.07,15.74,13.9,14.63
QV2M,2007,1.0,41.875,14.91,13.84,14.34,16.19,17.09,14.96,13.46,13.94,14.14,15.38,15.93,14.04,14.86
QV2M,2007,1.5,34.375,10.39,10.62,9.84,11.75,13.64,13.16,13.33,13.49,13.7,12.71,11.53,9.14,11.95
QV2M,2007,1.5,35.0,10.65,10.5,9.92,11.47,12.8,12.73,12.66,12.95,13.0,12.12,11.43,9.19,11.62
QV2M,2007,1.5,35.625,10.78,10.59,10.0,11.62,12.64,12.68,12.44,13.03,12.71,11.42,11.43,9.33,11.56
QV2M,2007,1.5,36.25,10.92,10.54,10.41,11.69,12.23,12.82,12.43,12.88,12.6,11.09,11.6,9.73,11.58
QV2M,2007,1.5,36.875,11.56,11.15,11.47,12.35,12.11,11.64,11.32,11.5,11.25,11.3,12.34,10.48,11.54
QV2M,2007,1.5,37.5,12.32,11.81,12.17,13.09,12.73,11.56,11.25,11.43,11.1,11.9,13.18,11.1,11.97
QV2M,2007,1.5,38.125,12.98,12.34,12.87,13.98,13.37,11.3,10.92,11.19,10.96,12.56,13.98,11.53,12.33
QV2M,2007,1.5,38.75,13.95,13.04,13.23,14.62,14.27,11.72,11.28,11.73,11.63,13.29,14.69,11.92,12.94
QV2M,2007,1.5,39.375,14.1,13.0,13.18,14.69,15.09,12.45,11.72,12.25,12.22,13.76,14.8,12.23,13.29
QV2M,2007,1.5,40.0,14.27,13.08,13.28,14.98,15.63,13.18,12.14,12.59,12.66,14.12,15.07,12.47,13.62
QV2M,2007,1.5,40.625,14.54,13.11,13.46,15.32,16.1,13.7,12.47,12.86,13.05,14.48,15.4,12.84,13.95
QV2M,2007,1.5,41.25,14.5,13.12,13.61,15.48,16.39,14.17,12.79,13.21,13.44,14.72,15.38,12.92,14.15
QV2M,2007,1.5,41.875,14.43,12.88,13.68,15.78,16.73,14.57,13.11,13.61,13.82,15.11,15.83,13.3,14.41
QV2M,2007,2.0,34.375,10.28,10.42,9.91,11.83,13.67,13.69,13.78,13.89,14.17,12.4,11.64,9.08,12.07
QV2M,2007,2.0,35.0,10.75,10.54,10.05,11.69,12.71,12.88,12.79,13.16,13.3,11.83,11.54,9.18,11.7
QV2M,2007,2.0,35.625,11.12,10.86,10.38,11.99,12.66,12.83,12.36,13.02,12.72,11.34,11.63,9.28,11.68
QV2M,2007,2.0,36.25,11.36,10.97,10.93,12.2,12.57,12.88,12.2,12.69,12.4,11.08,11.89,9.86,11.75
QV2M,2007,2.0,36.875,11.71,11.4,11.85,12.79,12.51,11.63,11.26,11.39,11.17,11.44,12.57,10.48,11.68
QV2M,2007,2.0,37.5,12.62,12.12,12.66,13.71,13.2,11.7,11.25,11.36,11.13,12.14,13.47,11.13,12.2
QV2M,2007,2.0,38.125,13.23,12.56,12.93,14.26,13.62,11.46,10.99,11.28,11.11,12.8,14.12,11.31,12.47
QV2M,2007,2.0,38.75,13.39,12.65,13.12,14.6,14.33,11.84,11.29,11.7,11.6,13.27,14.36,11.37,12.79
QV2M,2007,2.0,39.375,13.33,12.27,12.84,14.61,14.96,12.4,11.6,12.07,12.04,13.62,14.56,11.45,12.98
QV2M,2007,2.0,40.0,13.47,12.11,12.9,14.84,15.42,12.98,11.96,12.35,12.42,13.92,14.83,11.6,13.24
QV2M,2007,2.0,40.625,13.74,11.71,12.77,15.24,15.97,13.34,12.2,12.61,12.77,14.34,15.39,11.99,13.51
QV2M,2007,2.0,41.25,13.81,12.16,12.97,15.26,16.18,13.81,12.51,12.93,13.11,14.5,15.35,12.21,13.74
QV2M,2007,2.0,41.875,13.9,11.98,13.14,15.57,16.57,14.26,12.84,13.35,13.5,14.96,15.82,12.45,14.04
QV2M,2007,2.5,34.375,10.4,10.36,10.15,11.86,13.02,13.54,13.3,13.42,13.67,11.76,11.48,9.17,11.85
QV2M,2007,2.5,35.0,11.08,10.91,10.58,12.18,12.88,13.09,12.61,13.09,13.23,11.88,11.84,9.39,11.9
QV2M,2007,2.5,35.625,11.52,11.35,10.98,12.58,13.05,13.19,12.34,12.94,12.74,11.58,12.0,9.4,11.97
QV2M,2007,2.5,36.25,12.3,12.17,12.17,13.48,13.58,13.16,12.51,12.76,12.56,12.02,12.87,10.68,12.52
QV2M,2007,2.5,36.875,12.09,11.98,12.41,13.49,13.2,12.09,11.58,11.67,11.49,11.85,12.93,10.59,12.11
QV2M,2007,2.5,37.5,12.52,12.1,12.55,13.95,13.48,11.79,11.16,11.29,11.03,12.21,13.38,10.59,12.17
QV2M,2007,2.5,38.125,12.34,11.8,12.44,14.12,13.74,11.54,10.98,11.28,11.12,12.72,13.65,10.5,12.18
QV2M,2007,2.5,38.75,12.28,11.68,12.53,14.48,14.36,11.82,11.22,11.59,11.5,13.15,13.94,10.47,12.42
QV2M,2007,2.5,39.375,12.02,11.22,12.31,14.58,14.85,12.3,11.48,11.87,11.84,13.44,14.09,10.47,12.54
QV2M,2007,2.5,40.0,12.17,11.05,12.37,14.71,15.24,12.74,11.78,12.1,12.17,13.67,14.27,10.57,12.74
QV2M,2007,2.5,40.625,12.49,11.0,12.46,14.87,15.62,13.01,11.96,12.35,12.48,13.96,14.65,10.83,12.98
QV2M,2007,2.5,41.25,12.32,11.2,12.65,14.89,15.75,13.49,12.31,12.66,12.82,14.13,14.59,10.88,13.15
QV2M,2007,2.5,41.875,12.96,11.61,12.79,15.08,16.08,13.88,12.59,13.03,13.17,14.49,15.03,11.38,13.51
QV2M,2007,3.0,34.375,10.68,10.46,10.44,12.11,12.94,13.39,12.89,13.18,13.29,12.01,11.79,9.35,11.88
QV2M,2007,3.0,35.0,11.35,11.33,11.07,12.82,13.49,13.56,12.79,13.24,13.32,12.35,12.24,9.62,12.26
QV2M,2007,3.0,35.625,12.02,12.06,11.65,13.54,13.92,13.78,12.69,13.14,12.93,12.17,12.53,9.55,12.49
QV2M,2007,3.0,36.25,13.54,13.57,13.55,14.92,14.68,13.63,12.98,13.14,12.85,13.09,13.96,11.57,13.45
QV2M,2007,3.0,36.875,12.26,12.18,12.27,13.77,13.49,12.27,11.55,11.61,11.29,11.94,12.92,9.99,12.12
QV2M,2007,3.0,37.5,12.06,11.73,12.12,14.08,13.71,11.85,11.1,11.27,11.04,12.34,13.16,9.77,12.02
QV2M,2007,3.0,38.125,11.58,11.22,12.05,14.16,13.91,11.62,10.98,11.24,11.1,12.67,13.24,9.64,11.95
QV2M,2007,3.0,38.75,11.32,10.6,11.89,14.48,14.46,11.81,11.13,11.46,11.37,13.03,13.37,9.47,12.04
QV2M,2007,3.0,39.375,11.0,10.09,11.72,14.53,14.79,12.16,11.38,11.67,11.65,13.21,13.4,9.6,12.11
QV2M,2007,3.0,40.0,11.14,10.07,11.88,14.57,15.1,12.47,11.56,11.85,11.92,13.4,13.65,9.8,12.29
QV2M,2007,3.0,40.625,11.4,10.25,12.09,14.51,15.27,12.67,11.72,12.07,12.18,13.55,13.86,10.01,12.47
QV2M,2007,3.0,41.25,11.46,10.51,12.18,14.55,15.43,13.11,12.04,12.38,12.5,13.75,14.03,10.23,12.69
QV2M,2007,3.0,41.875,11.85,10.92,12.24,14.48,15.52,13.41,12.24,12.61,12.72,13.9,14.25,10.7,12.91
QV2M,2007,3.5,34.375,11.03,11.08,11.06,12.67,13.23,13.37,12.81,13.17,13.2,12.39,12.1,9.6,12.14
QV2M,2007,3.5,35.0,11.85,11.95,11.83,13.57,14.03,13.94,12.97,13.42,13.44,12.75,12.69,9.87,12.69
QV2M,2007,3.5,35.625,12.77,12.73,12.51,14.32,14.31,13.75,12.65,13.05,12.92,12.67,13.03,9.97,12.88
QV2M,2007,3.5,36.25,13.41,13.57,13.64,15.04,14.76,13.45,12.89,12.96,12.94,13.33,13.87,11.4,13.43
QV2M,2007,3.5,36.875,11.98,11.97,11.94,14.01,13.74,12.35,11.44,11.52,11.22,12.01,12.51,9.13,11.98
QV2M,2007,3.5,37.5,11.18,11.09,11.44,13.98,13.76,11.97,11.11,11.35,11.05,12.21,12.36,8.72,11.68
QV2M,2007,3.5,38.125,10.68,10.27,11.41,14.12,14.11,11.71,11.1,11.33,11.12,12.6,12.43,8.62,11.63
QV2M,2007,3.5,38.75,10.27,9.41,11.03,14.15,14.4,11.77,11.16,11.43,11.3,12.72,12.43,8.6,11.56
QV2M,2007,3.5,39.375,10.42,9.25,11.12,14.14,14.57,11.94,11.25,11.49,11.45,12.88,12.74,8.97,11.7
QV2M,2007,3.5,40.0,10.59,9.32,11.43,14.35,14.86,12.14,11.34,11.58,11.63,13.13,13.17,9.3,11.91
QV2M,2007,3.5,40.625,10.94,9.56,11.85,14.4,15.04,12.26,11.4,11.75,11.84,13.35,13.62,9.66,12.15
QV2M,2007,3.5,41.25,11.3,10.14,12.06,14.41,15.13,12.72,11.78,12.07,12.18,13.47,13.79,10.03,12.43
QV2M,2007,3.5,41.875,11.44,10.24,11.97,14.35,15.24,13.06,11.96,12.27,12.37,13.61,14.04,10.37,12.59
QV2M,2007,4.0,34.375,12.01,12.15,11.8,13.78,14.41,14.26,13.41,13.86,13.85,13.3,12.73,10.19,12.98
QV2M,2007,4.0,35.0,12.71,12.81,12.42,14.46,14.86,14.51,13.37,13.82,13.82,13.41,13.02,10.16,13.28
QV2M,2007,4.0,35.625,12.96,13.03,12.92,14.66,14.52,13.66,12.6,12.97,12.92,13.05,13.2,9.95,13.03
QV2M,2007,4.0,36.25,13.31,13.58,13.66,15.3,15.05,13.57,13.04,13.11,13.21,13.62,13.77,11.16,13.53
QV2M,2007,4.0,36.875,11.48,11.59,11.43,13.92,13.77,12.31,11.42,11.57,11.45,11.97,11.84,8.15,11.74
QV2M,2007,4.0,37.5,10.64,10.5,10.65,13.67,13.73,11.88,11.13,11.33,11.12,11.92,11.5,7.61,11.31
QV2M,2007,4.0,38.125,9.87,9.16,10.14,13.25,13.69,11.53,10.89,11.22,11.07,12.06,11.54,7.66,11.01
QV2M,2007,4.0,38.75,10.04,8.68,10.18,13.19,13.72,11.48,10.78,11.13,11.02,12.11,11.77,7.85,11.01
QV2M,2007,4.0,39.375,10.38,8.73,10.64,13.77,14.27,11.71,10.91,11.19,11.13,12.58,12.37,8.34,11.35
QV2M,2007,4.0,40.0,10.37,8.81,10.98,14.13,14.65,11.92,11.04,11.3,11.34,12.9,12.68,8.82,11.59
QV2M,2007,4.0,40.625,10.66,9.23,11.5,14.34,14.77,11.89,11.1,11.42,11.49,13.12,13.27,9.42,11.86
QV2M,2007,4.0,41.25,11.1,9.86,11.77,14.44,14.92,12.36,11.42,11.71,11.81,13.33,13.61,9.95,12.2
QV2M,2007,4.0,41.875,11.34,9.87,11.77,14.5,15.2,12.82,11.69,11.98,12.08,13.63,14.07,10.37,12.45
QV2M,2007,4.5,34.375,12.35,12.75,12.49,14.91,15.39,15.05,13.86,14.49,14.45,13.93,13.05,10.41,13.59
QV2M,2007,4.5,35.0,13.39,13.76,13.04,15.07,15.45,14.85,13.61,14.07,14.1,13.87,13.36,10.38,13.74
QV2M,2007,4.5,35.625,13.01,13.39,12.96,14.86,14.69,13.79,12.67,13.0,13.08,13.18,13.09,9.42,13.09
QV2M,2007,4.5,36.25,12.8,13.07,12.57,14.73,14.57,13.37,12.43,12.72,12.82,12.87,12.57,9.27,12.81
QV2M,2007,4.5,36.875,11.76,12.02,11.57,14.09,14.08,12.68,11.85,12.03,12.12,12.37,11.78,8.15,12.03
QV2M,2007,4.5,37.5,10.41,10.29,9.79,13.14,13.59,11.99,11.08,11.43,11.32,11.68,10.85,6.98,11.04
QV2M,2007,4.5,38.125,9.67,8.93,9.38,12.48,13.05,11.41,10.56,10.93,10.93,11.53,11.02,7.13,10.59
QV2M,2007,4.5,38.75,9.84,8.7,9.7,12.9,13.44,11.35,10.56,10.96,10.91,11.91,11.45,7.42,10.77
QV2M,2007,4.5,39.375,9.82,8.54,10.02,13.36,13.95,11.51,10.68,10.95,10.91,12.18,11.79,7.77,10.97
QV2M,2007,4.5,40.0,9.79,8.5,10.22,13.36,14.02,11.57,10.8,11.03,11.1,12.22,11.88,8.13,11.06
QV2M,2007,4.5,40.625,10.1,8.8,10.84,13.87,14.36,11.68,10.81,11.15,11.22,12.7,12.54,8.81,11.42
QV2M,2007,4.5,41.25,10.44,9.33,11.23,14.21,14.67,12.06,11.14,11.39,11.5,13.04,13.06,9.45,11.8
QV2M,2007,4.5,41.875,10.88,9.28,11.45,14.73,15.37,12.65,11.45,11.72,11.84,13.76,13.95,10.14,12.28
QV2M,2008,-0.5,34.375,12.23,12.53,13.4,13.65,13.32,12.7,12.17,12.38,13.06,14.06,13.89,12.64,13.0
QV2M,2008,-0.5,35.0,10.54,10.7,11.78,12.47,12.26,11.92,11.5,11.71,12.09,12.83,12.86,11.36,11.84
QV2M,2008,-0.5,35.625,8.92,8.69,9.9,10.69,10.5,10.31,10.19,10.34,10.3,10.74,10.9,9.39,10.07
QV2M,2008,-0.5,36.25,8.8,8.45,9.96,10.82,10.39,10.02,10.1,10.08,10.04,10.67,10.79,9.14,9.94
QV2M,2008,-0.5,36.875,9.49,8.72,10.62,11.33,10.87,10.1,10.11,10.03,9.99,11.09,11.18,9.59,10.26
QV2M,2008,-0.5,37.5,11.16,9.83,12.14,12.59,12.07,10.78,10.7,10.55,10.55,12.04,12.55,11.0,11.34
QV2M,2008,-0.5,38.125,12.51,10.27,13.11,13.5,12.47,10.83,10.56,10.52,10.5,12.41,13.75,11.72,11.85
QV2M,2008,-0.5,38.75,13.25,10.93,14.07,14.49,13.45,11.52,11.14,11.33,11.36,13.2,14.49,12.17,12.62
QV2M,2008,-0.5,39.375,13.89,11.7,14.7,15.35,14.83,12.69,11.99,12.31,12.31,13.66,14.92,12.66,13.42
QV2M,2008,-0.5,40.0,14.46,12.31,14.97,15.74,15.56,13.5,12.64,12.9,12.82,13.99,15.29,13.17,13.95
QV2M,2008,-0.5,40.625,14.93,12.75,15.14,16.0,16.24,14.39,13.46,13.46,13.28,14.09,15.71,13.64,14.43
QV2M,2008,-0.5,41.25,15.19,13.21,15.48,16.33,16.69,14.86,13.76,13.7,13.71,14.55,16.09,14.21,14.82
QV2M,2008,-0.5,41.875,15.76,14.13,15.99,16.73,17.09,15.38,14.38,14.41,14.59,15.31,16.45,15.13,15.45
QV2M,2008,-1.0,34.375,12.36,12.58,13.41,13.55,12.84,12.04,11.66,11.91,12.47,13.53,14.01,12.94,12.77
QV2M,2008,-1.0,35.0,10.8,10.82,12.03,12.34,12.04,11.37,11.03,11.15,11.42,12.15,12.64,11.36,11.6
QV2M,2008,-1.0,35.625,9.6,9.52,10.99,11.65,11.39,10.79,10.49,10.58,10.65,11.2,11.52,9.79,10.68
QV2M,2008,-1.0,36.25,9.47,9.16,10.88,11.69,11.31,10.49,10.16,10.24,10.26,11.01,11.35,9.72,10.48
QV2M,2008,-1.0,36.875,10.54,9.76,11.55,11.86,11.27,10.28,10.11,9.92,9.94,11.18,11.89,10.54,10.74
QV2M,2008,-1.0,37.5,11.87,10.71,12.82,13.03,12.33,10.92,10.64,10.59,10.64,12.04,13.08,11.62,11.69
QV2M,2008,-1.0,38.125,12.32,10.34,13.41,13.54,12.53,10.9,10.59,10.61,10.59,12.29,13.52,11.57,11.86
QV2M,2008,-1.0,38.75,13.45,11.17,14.5,14.81,13.64,11.68,11.29,11.5,11.55,13.36,14.62,12.29,12.83
QV2M,2008,-1.0,39.375,14.04,11.89,15.18,15.74,15.06,12.86,12.14,12.46,12.55,13.97,15.02,12.81,13.65
QV2M,2008,-1.0,40.0,14.69,12.55,15.45,16.19,15.83,13.68,12.81,13.09,13.09,14.34,15.6,13.44,14.23
QV2M,2008,-1.0,40.625,15.2,13.2,15.57,16.31,16.52,14.65,13.71,13.73,13.58,14.41,15.86,14.06,14.74
QV2M,2008,-1.0,41.25,15.54,13.84,15.91,16.54,16.92,15.11,14.09,14.03,14.09,14.88,16.17,14.78,15.16
QV2M,2008,-1.0,41.875,16.71,15.54,17.11,17.57,17.69,15.91,14.97,15.09,15.48,16.33,17.25,16.42,16.34
QV2M,2008,-1.5,34.375,12.18,12.48,13.19,13.24,12.1,11.25,10.99,11.17,12.01,13.13,13.91,12.55,12.35
QV2M,2008,-1.5,35.0,11.08,11.15,12.3,12.68,11.83,10.86,10.52,10.54,10.94,11.91,12.75,11.11,11.47
QV2M,2008,-1.5,35.625,10.01,9.82,11.25,11.97,11.46,10.34,9.86,10.05,10.1,10.99,11.54,9.92,10.61
QV2M,2008,-1.5,36.25,10.17,9.88,11.73,12.3,11.59,10.49,10.17,10.19,10.15,11.25,11.89,10.09,10.83
QV2M,2008,-1.5,36.875,10.69,9.85,11.56,11.8,11.13,9.96,9.68,9.73,9.75,10.97,11.97,10.48,10.63
QV2M,2008,-1.5,37.5,11.64,10.46,12.54,12.57,11.9,10.49,10.11,10.18,10.19,11.53,12.73,11.3,11.31
QV2M,2008,-1.5,38.125,12.66,11.12,13.71,13.61,12.8,11.11,10.77,10.82,10.82,12.32,13.67,12.08,12.13
QV2M,2008,-1.5,38.75,13.62,11.58,14.77,14.9,13.85,11.83,11.43,11.65,11.73,13.36,14.72,12.6,13.01
QV2M,2008,-1.5,39.375,14.22,12.33,15.52,15.92,15.15,12.96,12.31,12.6,12.76,14.25,15.3,13.22,13.88
QV2M,2008,-1.5,40.0,14.81,13.0,15.88,16.54,16.2,14.0,13.06,13.34,13.38,14.65,15.85,13.84,14.55
QV2M,2008,-1.5,40.625,15.38,13.66,15.96,16.56,16.79,14.88,13.96,14.04,13.97,14.82,16.1,14.52,15.06
QV2M,2008,-1.5,41.25,15.94,14.54,16.29,16.83,17.19,15.38,14.42,14.37,14.51,15.32,16.49,15.38,15.56
QV2M,2008,-1.5,41.875,17.67,16.87,18.08,18.45,18.24,16.37,15.54,15.78,16.32,17.31,18.16,17.64,17.2
QV2M,2008,-1.7975103014118005e-13,34.375,11.9,12.36,13.42,13.83,14.04,13.31,12.71,13.09,13.64,14.38,13.68,12.19,13.21
QV2M,2008,-1.7975103014118005e-13,35.0,10.65,10.86,11.95,12.67,12.98,12.64,12.19,12.5,12.89,13.33,12.85,11.31,12.24
QV2M,2008,-1.7975103014118005e-13,35.625,9.37,8.92,10.03,10.93,10.99,11.03,10.94,11.07,11.11,11.43,11.29,9.93,10.59
QV2M,2008,-1.7975103014118005e-13,36.25,8.91,8.33,9.7,10.67,10.33,10.54,11.05,10.86,10.62,11.21,11.28,9.48,10.25
QV2M,2008,-1.7975103014118005e-13,36.875,9.37,8.46,9.98,10.82,10.45,10.09,10.52,10.21,10.0,11.02,11.19,9.63,10.15
QV2M,2008,-1.7975103014118005e-13,37.5,10.39,9.15,10.99,11.54,11.04,10.01,10.05,9.92,9.84,11.22,11.7,10.43,10.53
QV2M,2008,-1.7975103014118005e-13,38.125,12.34,10.27,12.93,13.44,12.42,10.79,10.53,10.44,10.4,12.45,13.76,11.84,11.81
QV2M,2008,-1.7975103014118005e-13,38.75,13.06,10.91,13.78,14.31,13.46,11.49,11.06,11.23,11.25,13.04,14.42,12.28,12.53
QV2M,2008,-1.7975103014118005e-13,39.375,13.68,11.58,14.22,14.96,14.58,12.49,11.84,12.15,12.08,13.34,14.99,12.78,13.23
QV2M,2008,-1.7975103014118005e-13,40.0,14.18,12.2,14.45,15.25,15.23,13.25,12.5,12.72,12.57,13.64,15.29,13.28,13.72
QV2M,2008,-1.7975103014118005e-13,40.625,14.62,12.46,14.64,15.73,15.91,14.07,13.16,13.14,12.97,13.79,15.89,13.65,14.17
QV2M,2008,-1.7975103014118005e-13,41.25,14.96,12.78,14.95,16.22,16.37,14.53,13.44,13.36,13.4,14.25,16.31,13.99,14.55
QV2M,2008,-1.7975103014118005e-13,41.875,15.31,13.33,15.26,16.5,16.76,15.03,14.0,13.95,14.02,14.72,16.58,14.66,15.01
QV2M,2008,-2.0,34.375,12.12,12.54,13.27,13.2,11.65,10.48,10.31,10.35,11.51,13.02,13.87,12.47,12.06
QV2M,2008,-2.0,35.0,11.23,11.33,12.32,12.69,11.53,10.36,9.76,9.81,10.41,11.71,12.55,10.97,11.22
QV2M,2008,-2.0,35.625,10.54,10.3,11.57,12.17,11.49,10.17,9.6,9.69,9.94,11.11,11.77,10.17,10.71
QV2M,2008,-2.0,36.25,10.79,10.45,12.2,12.51,11.62,10.23,9.77,9.86,10.0,11.26,12.17,10.41,10.94
QV2M,2008,-2.0,36.875,10.74,10.02,11.81,12.01,11.24,9.83,9.45,9.65,9.71,10.81,11.97,10.4,10.64
QV2M,2008,-2.0,37.5,11.79,10.79,12.85,12.76,11.92,10.42,10.02,10.17,10.2,11.44,12.91,11.49,11.4
QV2M,2008,-2.0,38.125,12.87,11.6,13.92,13.72,12.83,11.14,10.76,10.88,10.93,12.17,13.83,12.47,12.26
QV2M,2008,-2.0,38.75,13.94,12.26,15.06,15.13,14.08,12.03,11.62,11.83,11.97,13.41,15.02,13.18,13.3
QV2M,2008,-2.0,39.375,14.65,12.99,15.9,16.14,15.39,13.22,12.56,12.82,12.99,14.42,15.67,13.82,14.22
QV2M,2008,-2.0,40.0,15.16,13.61,16.4,16.8,16.39,14.13,13.25,13.56,13.7,15.0,16.11,14.43,14.88
QV2M,2008,-2.0,40.625,15.91,14.58,16.66,17.02,17.17,15.19,14.3,14.44,14.55,15.52,16.52,15.38,15.61
QV2M,2008,-2.0,41.25,17.17,16.32,17.68,17.83,17.74,15.82,15.02,15.25,15.7,16.77,17.61,17.07,16.67
QV2M,2008,-2.0,41.875,18.13,17.39,18.53,18.9,18.48,16.52,15.83,16.19,16.72,17.78,18.59,18.29,17.61
QV2M,2008,-2.5,34.375,12.04,12.45,13.28,12.99,11.29,9.95,9.23,9.4,10.45,12.18,13.41,12.2,11.57
QV2M,2008,-2.5,35.0,11.33,11.55,12.4,12.59,11.42,10.06,9.19,9.26,9.62,11.01,12.26,11.04,10.97
QV2M,2008,-2.5,35.625,11.41,11.3,12.34,12.78,11.76,10.23,9.18,9.38,9.59,10.98,12.4,10.65,11.0
QV2M,2008,-2.5,36.25,11.15,11.13,12.58,12.84,11.83,10.22,9.67,9.71,9.62,10.69,12.24,10.74,11.03
QV2M,2008,-2.5,36.875,11.37,11.02,12.62,12.74,11.88,10.03,9.27,9.38,9.5,10.49,12.55,11.23,11.0
QV2M,2008,-2.5,37.5,12.08,11.48,13.08,12.94,12.0,10.3,9.68,9.91,9.98,10.95,13.09,12.03,11.46
QV2M,2008,-2.5,38.125,13.21,12.22,14.01,13.87,12.88,11.18,10.78,10.91,10.94,11.97,14.13,13.12,12.44
QV2M,2008,-2.5,38.75,14.37,13.01,15.26,15.32,14.25,12.18,11.77,11.95,12.14,13.27,15.34,13.9,13.56
QV2M,2008,-2.5,39.375,15.22,13.75,16.24,16.35,15.61,13.48,12.84,13.05,13.21,14.48,16.03,14.63,14.58
QV2M,2008,-2.5,40.0,15.78,14.67,16.97,17.07,16.61,14.35,13.55,13.9,14.16,15.4,16.45,15.46,15.37
QV2M,2008,-2.5,40.625,17.17,16.32,17.99,17.94,17.79,15.71,14.98,15.27,15.62,16.75,17.58,17.06,16.68
QV2M,2008,-2.5,41.25,18.31,17.51,18.84,18.95,18.38,16.37,15.79,16.12,16.63,17.8,18.59,18.45,17.65
QV2M,2008,-2.5,41.875,18.19,17.39,18.55,18.88,18.45,16.49,15.82,16.16,16.67,17.74,18.5,18.38,17.6
QV2M,2008,-3.0,34.375,12.25,12.87,13.49,13.07,11.26,9.74,8.8,9.11,9.37,11.05,12.79,12.01,11.31
QV2M,2008,-3.0,35.0,11.49,11.96,12.77,12.86,11.67,10.06,9.23,9.22,9.1,10.29,12.0,11.21,10.98
QV2M,2008,-3.0,35.625,10.77,10.89,11.89,12.14,11.32,9.93,9.33,9.54,9.28,10.01,11.4,10.56,10.59
QV2M,2008,-3.0,36.25,11.46,11.89,13.07,13.4,12.34,10.47,9.78,9.72,9.5,10.38,12.45,11.07,11.29
QV2M,2008,-3.0,36.875,11.4,11.44,12.76,12.99,12.29,10.58,10.02,9.88,9.5,10.18,12.44,11.65,11.26
QV2M,2008,-3.0,37.5,11.09,10.88,12.16,12.18,11.54,10.03,9.59,9.76,9.68,10.2,11.96,11.43,10.87
QV2M,2008,-3.0,38.125,13.24,12.54,14.02,13.86,12.88,11.2,10.89,11.08,11.11,11.84,14.11,13.37,12.51
QV2M,2008,-3.0,38.75,14.54,13.38,15.37,15.49,14.36,12.32,11.95,12.12,12.33,13.2,15.55,14.43,13.75
QV2M,2008,-3.0,39.375,15.46,14.22,16.51,16.6,15.8,13.7,13.04,13.25,13.44,14.57,16.21,15.19,14.83
QV2M,2008,-3.0,40.0,16.53,15.63,17.49,17.59,16.97,14.69,13.99,14.38,14.72,15.91,16.95,16.43,15.94
QV2M,2008,-3.0,40.625,18.34,17.52,18.97,18.82,18.28,16.2,15.65,15.99,16.44,17.66,18.49,18.4,17.56
QV2M,2008,-3.0,41.25,18.43,17.5,18.81,18.9,18.37,16.34,15.77,16.08,16.55,17.72,18.5,18.55,17.63
QV2M,2008,-3.0,41.875,18.33,17.39,18.65,18.94,18.4,16.45,15.8,16.12,16.62,17.71,18.44,18.49,17.61
QV2M,2008,-3.5,34.375,12.83,13.5,14.01,13.26,11.32,9.54,8.77,9.16,8.95,10.56,13.05,12.57,11.45
QV2M,2008,-3.5,35.0,12.18,12.61,13.46,13.33,11.84,10.21,9.56,9.77,9.54,10.6,12.47,11.87,11.45
QV2M,2008,-3.5,35.625,11.39,11.74,12.91,12.92,11.76,10.09,9.62,9.83,9.38,10.23,12.08,11.26,11.1
QV2M,2008,-3.5,36.25,11.48,11.95,13.28,13.31,12.1,10.28,9.7,9.82,9.61,10.4,12.53,11.33,11.31
QV2M,2008,-3.5,36.875,11.45,11.93,13.52,13.7,12.71,10.79,10.4,10.34,10.15,10.89,13.0,11.84,11.72
QV2M,2008,-3.5,37.5,11.68,11.84,13.82,14.1,13.12,11.28,10.91,10.93,10.75,11.44,13.39,12.23,12.12
QV2M,2008,-3.5,38.125,13.02,12.4,14.0,14.04,12.95,11.31,11.01,11.22,11.33,12.05,14.02,13.2,12.55
QV2M,2008,-3.5,38.75,14.42,13.52,15.35,15.41,14.34,12.38,12.12,12.35,12.6,13.4,15.23,14.4,13.79
QV2M,2008,-3.5,39.375,15.52,14.44,16.61,16.76,15.93,13.85,13.22,13.42,13.6,14.67,16.24,15.39,14.97
QV2M,2008,-3.5,40.0,17.54,16.69,18.3,18.28,17.58,15.35,14.76,15.16,15.57,16.78,17.77,17.48,16.77
QV2M,2008,-3.5,40.625,18.58,17.63,19.06,18.89,18.27,16.23,15.7,16.02,16.45,17.67,18.49,18.62,17.64
QV2M,2008,-3.5,41.25,18.61,17.55,18.9,18.94,18.34,16.31,15.76,16.05,16.5,17.68,18.45,18.67,17.65
QV2M,2008,-3.5,41.875,18.49,17.43,18.73,18.97,18.33,16.41,15.78,16.08,16.55,17.67,18.36,18.59,17.62
QV2M,2008,-4.0,34.375,13.04,13.45,13.98,13.01,11.09,9.3,8.58,9.04,8.63,10.1,13.06,12.86,11.34
QV2M,2008,-4.0,35.0,12.08,12.38,13.25,12.85,11.26,9.64,8.99,9.33,8.9,9.95,12.13,11.96,11.05
QV2M,2008,-4.0,35.625,11.63,11.89,13.01,12.79,11.49,9.87,9.47,9.8,9.33,10.15,12.07,11.63,11.09
QV2M,2008,-4.0,36.25,11.7,12.18,13.38,13.19,11.82,10.09,9.67,9.84,9.57,10.35,12.45,11.75,11.33
QV2M,2008,-4.0,36.875,11.96,12.38,13.58,13.46,12.27,10.46,10.22,10.29,10.13,10.88,13.07,12.34,11.75
QV2M,2008,-4.0,37.5,12.63,12.76,14.12,14.14,12.89,11.07,10.81,10.91,10.86,11.59,13.79,12.9,12.37
QV2M,2008,-4.0,38.125,13.4,12.78,14.59,14.67,13.36,11.6,11.32,11.53,11.66,12.43,14.52,13.51,12.95
QV2M,2008,-4.0,38.75,14.56,13.66,15.77,15.97,14.74,12.76,12.51,12.75,13.0,13.85,15.51,14.59,14.14
QV2M,2008,-4.0,39.375,15.82,14.88,16.97,17.26,16.34,14.17,13.57,13.79,13.99,15.02,16.43,15.75,15.33
QV2M,2008,-4.0,40.0,18.45,17.54,18.87,18.72,17.97,15.94,15.42,15.74,16.17,17.37,18.32,18.4,17.41
QV2M,2008,-4.0,40.625,18.78,17.77,19.1,18.93,18.23,16.2,15.7,15.99,16.4,17.63,18.45,18.75,17.66
QV2M,2008,-4.0,41.25,18.75,17.66,18.95,18.96,18.3,16.28,15.76,16.01,16.44,17.64,18.45,18.75,17.66
QV2M,2008,-4.0,41.875,18.62,17.5,18.75,18.97,18.26,16.36,15.76,16.03,16.49,17.62,18.31,18.64,17.61
QV2M,2008,-4.5,34.375,12.48,12.77,13.51,12.58,10.64,8.96,8.4,8.81,8.17,9.43,12.12,12.28,10.84
QV2M,2008,-4.5,35.0,11.7,11.99,13.03,12.61,10.93,9.17,8.69,9.11,8.56,9.53,11.69,11.69,10.72
QV2M,2008,-4.5,35.625,11.57,11.83,13.03,12.81,11.3,9.54,9.18,9.62,9.2,10.1,11.97,11.67,10.98
QV2M,2008,-4.5,36.25,11.99,12.6,13.58,13.37,11.74,9.92,9.56,9.89,9.71,10.58,12.55,12.06,11.46
QV2M,2008,-4.5,36.875,12.24,12.78,13.74,13.56,12.18,10.31,10.12,10.38,10.31,11.1,13.1,12.53,11.86
QV2M,2008,-4.5,37.5,13.0,13.25,14.34,14.36,13.08,11.1,10.94,11.18,11.15,11.86,13.91,13.3,12.62
QV2M,2008,-4.5,38.125,13.82,13.31,14.63,14.72,13.56,11.71,11.54,11.79,11.87,12.54,14.57,13.97,13.17
QV2M,2008,-4.5,38.75,15.28,14.36,16.1,16.36,15.1,13.1,12.85,13.07,13.3,14.22,15.94,15.26,14.58
QV2M,2008,-4.5,39.375,17.1,16.21,17.84,18.06,17.06,14.91,14.42,14.65,14.98,16.03,17.33,17.04,16.3
QV2M,2008,-4.5,40.0,18.88,17.93,19.05,18.79,17.97,16.01,15.5,15.79,16.23,17.44,18.46,18.79,17.57
QV2M,2008,-4.5,40.625,18.92,17.93,19.09,18.96,18.16,16.15,15.68,15.95,16.35,17.59,18.44,18.84,17.67
QV2M,2008,-4.5,41.25,18.86,17.79,18.92,19.01,18.22,16.23,15.73,15.95,16.4,17.61,18.38,18.77,17.66
QV2M,2008,-4.5,41.875,18.73,17.6,18.76,19.0,18.2,16.3,15.74,15.97,16.43,17.58,18.28,18.62,17.6
QV2M,2008,0.5,34.375,10.92,11.67,12.88,13.49,14.27,13.73,13.14,13.7,14.04,14.39,13.38,11.78,13.12
QV2M,2008,0.5,35.0,10.17,10.07,11.22,12.01,12.61,12.4,12.23,12.51,12.66,12.89,12.24,10.88,11.83
QV2M,2008,0.5,35.625,9.42,8.7,10.16,11.41,11.9,11.83,11.79,11.98,11.71,12.52,12.01,10.03,11.13
QV2M,2008,0.5,36.25,9.53,8.52,9.95,10.82,10.73,11.13,11.84,11.85,11.13,11.75,11.73,9.94,10.75
QV2M,2008,0.5,36.875,10.12,8.72,10.34,11.07,10.44,10.28,11.1,10.82,10.25,11.23,11.67,10.22,10.53
QV2M,2008,0.5,37.5,10.84,9.18,11.23,11.94,11.19,10.16,10.41,10.2,9.92,11.53,12.34,10.72,10.81
QV2M,2008,0.5,38.125,11.93,10.08,12.58,13.19,12.44,10.8,10.54,10.43,10.39,12.26,13.49,11.57,11.65
QV2M,2008,0.5,38.75,12.85,10.89,13.41,14.05,13.46,11.45,10.97,11.17,11.14,12.8,14.37,12.28,12.41
QV2M,2008,0.5,39.375,13.52,11.46,13.76,14.7,14.41,12.32,11.67,11.99,11.85,13.1,15.31,12.98,13.09
QV2M,2008,0.5,40.0,13.91,11.88,13.93,15.03,15.02,13.01,12.28,12.48,12.3,13.35,15.81,13.35,13.53
QV2M,2008,0.5,40.625,14.31,12.24,14.15,15.55,15.56,13.71,12.85,12.83,12.68,13.52,16.25,13.74,13.95
QV2M,2008,0.5,41.25,14.59,12.52,14.5,15.98,15.94,14.11,13.13,13.11,13.16,13.98,16.2,13.97,14.27
QV2M,2008,0.5,41.875,14.85,12.85,14.7,16.34,16.43,14.68,13.69,13.58,13.68,14.42,16.66,14.48,14.7
QV2M,2008,1.0,34.375,10.09,10.12,11.17,11.72,12.49,12.25,11.83,12.23,12.41,12.59,11.71,10.45,11.59
QV2M,2008,1.0,35.0,9.45,8.94,10.22,11.16,11.68,11.68,11.62,11.77,11.87,12.16,11.47,10.19,11.02
QV2M,2008,1.0,35.625,9.26,8.14,9.83,11.12,11.59,11.59,11.62,11.7,11.28,12.18,11.54,9.46,10.78
QV2M,2008,1.0,36.25,9.7,8.32,9.92,10.84,10.61,10.9,11.76,11.76,10.82,11.6,11.43,9.64,10.62
QV2M,2008,1.0,36.875,10.47,8.97,10.64,11.36,10.79,10.16,10.74,10.62,10.09,11.27,11.63,10.18,10.58
QV2M,2008,1.0,37.5,11.32,9.54,11.57,12.33,11.65,10.46,10.52,10.35,10.04,11.79,12.58,10.77,11.08
QV2M,2008,1.0,38.125,12.04,10.01,12.48,13.17,12.5,10.86,10.59,10.49,10.44,12.23,13.49,11.36,11.64
QV2M,2008,1.0,38.75,12.79,10.64,13.18,13.99,13.45,11.43,10.93,11.16,11.07,12.66,14.43,12.03,12.32
QV2M,2008,1.0,39.375,13.21,11.06,13.41,14.58,14.29,12.15,11.55,11.87,11.66,12.98,15.2,12.59,12.88
QV2M,2008,1.0,40.0,13.59,11.51,13.5,14.93,14.85,12.82,12.08,12.28,12.06,13.13,15.89,13.06,13.31
QV2M,2008,1.0,40.625,13.88,11.84,13.66,15.41,15.34,13.43,12.59,12.54,12.41,13.29,16.32,13.59,13.69
QV2M,2008,1.0,41.25,14.04,11.98,13.9,15.78,15.78,13.91,12.92,12.83,12.89,13.7,16.15,13.86,13.98
QV2M,2008,1.0,41.875,14.16,12.19,13.96,16.05,16.13,14.39,13.43,13.28,13.37,14.12,16.6,13.98,14.31
QV2M,2008,1.5,34.375,8.82,9.19,10.82,11.62,12.91,13.1,12.78,13.22,13.53,13.76,12.09,9.59,11.79
QV2M,2008,1.5,35.0,9.08,8.32,10.1,11.06,11.97,12.21,12.28,12.35,12.44,12.87,11.84,9.54,11.18
QV2M,2008,1.5,35.625,9.39,8.15,10.12,11.13,11.61,11.54,11.91,11.92,11.39,12.27,11.56,9.34,10.87
QV2M,2008,1.5,36.25,9.92,8.43,10.22,11.08,10.83,10.97,11.67,11.78,10.64,11.74,11.5,9.44,10.69
QV2M,2008,1.5,36.875,10.79,9.15,11.03,11.71,11.19,10.35,10.7,10.57,9.96,11.36,11.76,10.0,10.72
QV2M,2008,1.5,37.5,11.44,9.53,11.85,12.57,11.93,10.77,10.75,10.64,10.31,11.96,12.72,10.5,11.25
QV2M,2008,1.5,38.125,12.17,9.92,12.64,13.5,12.71,11.0,10.66,10.62,10.52,12.35,13.71,10.97,11.74
QV2M,2008,1.5,38.75,12.74,10.15,13.07,14.27,13.47,11.46,10.96,11.2,11.03,12.93,14.41,11.25,12.25
QV2M,2008,1.5,39.375,12.86,10.66,13.1,14.56,14.23,12.11,11.46,11.75,11.48,12.89,14.87,11.86,12.66
QV2M,2008,1.5,40.0,13.03,10.77,13.12,14.85,14.69,12.57,11.89,12.06,11.82,13.14,15.06,12.19,12.94
QV2M,2008,1.5,40.625,13.31,11.15,13.11,15.27,15.21,13.2,12.35,12.3,12.17,13.1,15.9,12.95,13.34
QV2M,2008,1.5,41.25,13.35,11.24,13.12,15.41,15.47,13.65,12.75,12.67,12.62,13.44,16.15,12.97,13.57
QV2M,2008,1.5,41.875,13.44,11.3,13.18,15.78,15.87,14.12,13.19,12.99,13.06,13.83,16.4,13.18,13.86
QV2M,2008,2.0,34.375,9.04,8.97,10.97,11.31,12.67,13.3,13.37,13.59,13.67,13.78,11.94,9.2,11.82
QV2M,2008,2.0,35.0,9.28,8.17,10.26,11.05,11.84,12.01,12.49,12.37,12.22,12.66,11.69,9.3,11.12
QV2M,2008,2.0,35.625,9.7,8.22,10.36,11.29,11.72,11.28,11.65,11.77,11.01,12.09,11.51,9.06,10.81
QV2M,2008,2.0,36.25,10.24,8.57,10.63,11.54,11.18,10.84,11.32,11.5,10.25,11.79,11.55,9.34,10.74
QV2M,2008,2.0,36.875,10.87,9.11,11.32,12.06,11.49,10.53,10.66,10.53,9.99,11.47,11.85,9.74,10.81
QV2M,2008,2.0,37.5,11.57,9.57,12.15,13.04,12.28,10.89,10.77,10.65,10.31,12.13,12.86,10.14,11.37
QV2M,2008,2.0,38.125,11.91,9.64,12.64,13.87,12.94,11.09,10.71,10.74,10.57,12.7,13.66,10.44,11.75
QV2M,2008,2.0,38.75,11.98,9.7,12.8,14.3,13.55,11.5,10.96,11.18,10.93,13.04,13.89,10.47,12.03
QV2M,2008,2.0,39.375,11.97,9.79,12.63,14.62,14.21,12.06,11.37,11.59,11.28,13.03,14.24,10.72,12.3
QV2M,2008,2.0,40.0,12.15,9.86,12.57,14.85,14.61,12.46,11.73,11.86,11.59,13.21,14.49,10.96,12.53
QV2M,2008,2.0,40.625,12.54,10.05,12.43,15.43,15.25,13.0,12.17,12.07,11.9,13.0,15.45,11.67,12.92
QV2M,2008,2.0,41.25,12.75,10.33,12.44,15.52,15.47,13.46,12.53,12.4,12.31,13.21,15.62,11.96,13.17
QV2M,2008,2.0,41.875,12.85,10.26,12.47,15.84,15.85,13.96,12.97,12.69,12.72,13.62,15.99,12.16,13.45
QV2M,2008,2.5,34.375,9.24,8.53,10.57,11.28,11.93,12.16,13.03,12.67,12.61,12.98,11.51,8.93,11.3
QV2M,2008,2.5,35.0,9.59,8.2,10.47,11.57,11.99,11.6,12.33,11.85,11.71,12.53,11.75,9.3,11.08
QV2M,2008,2.5,35.625,9.95,8.33,10.78,11.94,12.12,11.15,11.33,11.27,10.91,12.19,11.78,9.08,10.91
QV2M,2008,2.5,36.25,11.14,9.56,11.93,12.82,12.46,11.43,11.55,11.57,11.24,12.54,12.45,10.18,11.58
QV2M,2008,2.5,36.875,11.03,9.2,11.85,12.8,12.14,10.92,10.92,10.78,10.43,11.95,12.3,9.76,11.18
QV2M,2008,2.5,37.5,11.06,8.99,12.12,13.39,12.47,10.84,10.67,10.57,10.3,12.26,12.82,9.56,11.26
QV2M,2008,2.5,38.125,10.83,8.89,12.25,13.85,13.02,11.08,10.68,10.75,10.52,12.73,13.12,9.69,11.46
QV2M,2008,2.5,38.75,10.8,8.77,12.27,14.28,13.57,11.45,10.9,11.08,10.78,13.04,13.38,9.66,11.67
QV2M,2008,2.5,39.375,10.69,8.66,12.06,14.56,14.08,11.92,11.24,11.41,11.07,13.14,13.54,9.7,11.85
QV2M,2008,2.5,40.0,10.93,8.81,11.94,14.74,14.45,12.25,11.56,11.64,11.31,13.18,13.76,9.89,12.05
QV2M,2008,2.5,40.625,11.32,8.99,11.75,15.07,14.93,12.71,11.97,11.89,11.63,13.0,14.29,10.31,12.33
QV2M,2008,2.5,41.25,11.4,9.11,11.74,15.14,15.03,13.16,12.33,12.23,12.07,13.17,14.35,10.35,12.51
QV2M,2008,2.5,41.875,11.65,9.25,11.71,15.34,15.4,13.6,12.71,12.5,12.46,13.58,14.75,10.87,12.82
QV2M,2008,3.0,34.375,9.25,8.17,10.39,11.62,11.63,11.62,12.74,11.85,11.95,12.81,11.7,9.15,11.08
QV2M,2008,3.0,35.0,9.68,8.17,10.78,12.28,12.35,11.53,12.05,11.42,11.59,12.82,12.13,9.45,11.2
QV2M,2008,3.0,35.625,10.2,8.58,11.5,13.0,12.77,11.19,11.28,11.1,11.36,12.76,12.45,9.29,11.3
QV2M,2008,3.0,36.25,12.15,10.64,13.32,14.2,13.54,12.08,12.07,12.04,12.16,13.5,13.58,11.1,12.54
QV2M,2008,3.0,36.875,10.5,8.63,11.9,13.31,12.4,10.82,10.81,10.6,10.38,12.16,12.43,9.21,11.1
QV2M,2008,3.0,37.5,10.21,8.27,11.91,13.78,12.73,10.86,10.63,10.56,10.31,12.42,12.65,9.01,11.12
QV2M,2008,3.0,38.125,9.82,8.0,11.79,13.96,13.09,11.05,10.63,10.69,10.45,12.77,12.61,9.0,11.16
QV2M,2008,3.0,38.75,9.66,7.71,11.72,14.32,13.57,11.36,10.83,10.94,10.65,13.11,12.78,8.88,11.3
QV2M,2008,3.0,39.375,9.55,7.69,11.39,14.41,13.88,11.74,11.08,11.21,10.87,13.09,12.85,8.99,11.4
QV2M,2008,3.0,40.0,9.84,7.9,11.2,14.55,14.19,12.0,11.35,11.41,11.06,13.13,13.11,9.23,11.59
QV2M,2008,3.0,40.625,10.17,8.15,10.95,14.6,14.48,12.39,11.71,11.68,11.38,13.06,13.35,9.56,11.8
QV2M,2008,3.0,41.25,10.39,8.32,10.81,14.68,14.61,12.8,12.06,11.98,11.75,13.18,13.65,9.77,12.01
QV2M,2008,3.0,41.875,10.62,8.44,10.8,14.79,14.85,13.11,12.34,12.17,12.04,13.47,13.98,10.25,12.25
QV2M,2008,3.5,34.375,9.54,8.06,10.56,12.09,11.8,11.44,12.42,11.69,11.79,13.04,11.97,9.29,11.15
QV2M,2008,3.5,35.0,9.85,8.24,11.25,12.99,12.65,11.58,12.14,11.42,11.85,13.3,12.5,9.52,11.45
QV2M,2008,3.5,35.625,10.69,9.05,12.32,13.86,13.12,11.29,11.29,11.21,11.62,13.24,12.9,9.65,11.69
QV2M,2008,3.5,36.25,11.9,10.45,13.38,14.64,13.89,12.25,12.06,12.06,12.26,13.75,13.44,10.87,12.58
QV2M,2008,3.5,36.875,9.63,7.8,11.65,13.87,12.84,10.93,10.72,10.44,10.35,12.49,12.1,8.48,10.95
QV2M,2008,3.5,37.5,9.07,7.35,11.35,13.9,12.92,10.86,10.59,10.48,10.34,12.55,11.8,8.25,10.8
QV2M,2008,3.5,38.125,8.73,7.14,11.13,14.0,13.21,11.2,10.73,10.67,10.46,12.85,11.92,8.42,10.88
QV2M,2008,3.5,38.75,8.55,6.89,10.75,14.04,13.41,11.33,10.84,10.84,10.57,12.97,11.96,8.32,10.88
QV2M,2008,3.5,39.375,8.78,7.06,10.51,14.07,13.58,11.49,10.94,11.02,10.69,13.0,12.22,8.56,11.0
QV2M,2008,3.5,40.0,9.13,7.29,10.31,14.29,13.89,11.73,11.14,11.18,10.83,13.09,12.69,8.85,11.21
QV2M,2008,3.5,40.625,9.59,7.51,10.06,14.34,14.19,11.98,11.41,11.41,11.07,13.18,13.21,9.33,11.45
QV2M,2008,3.5,41.25,9.87,7.86,10.18,14.39,14.27,12.43,11.78,11.7,11.43,13.2,13.48,9.76,11.7
QV2M,2008,3.5,41.875,9.98,8.01,10.25,14.65,14.53,12.73,12.03,11.86,11.71,13.43,14.03,10.13,11.95
QV2M,2008,4.0,34.375,9.69,8.03,10.91,13.0,12.29,11.98,13.19,12.14,12.64,14.04,12.69,9.27,11.67
QV2M,2008,4.0,35.0,10.05,8.33,11.73,13.86,13.09,11.75,12.49,11.67,12.44,14.12,12.96,9.41,11.83
QV2M,2008,4.0,35.625,10.73,9.05,12.48,14.35,13.47,11.64,11.38,11.29,11.81,13.54,12.77,9.68,11.86
QV2M,2008,4.0,36.25,11.63,10.36,13.35,15.06,14.37,12.61,12.16,12.26,12.63,14.13,13.36,10.89,12.74
QV2M,2008,4.0,36.875,8.7,7.1,11.07,13.96,13.02,11.07,10.78,10.38,10.5,12.78,11.64,8.04,10.76
QV2M,2008,4.0,37.5,8.02,6.6,10.45,13.72,12.95,10.94,10.65,10.41,10.42,12.71,11.27,7.76,10.5
QV2M,2008,4.0,38.125,7.8,6.36,9.82,13.22,12.76,10.88,10.67,10.6,10.56,12.69,11.13,7.81,10.37
QV2M,2008,4.0,38.75,7.99,6.4,9.63,13.17,12.85,10.88,10.58,10.59,10.58,12.76,11.3,7.9,10.4
QV2M,2008,4.0,39.375,8.42,6.62,9.58,13.69,13.31,11.14,10.65,10.72,10.52,13.11,11.73,8.16,10.65
QV2M,2008,4.0,40.0,8.64,6.83,9.42,13.91,13.67,11.47,10.89,10.95,10.61,13.21,12.12,8.48,10.86
QV2M,2008,4.0,40.625,9.15,7.16,9.29,14.02,13.9,11.61,11.1,11.11,10.76,13.15,12.84,9.09,11.11
QV2M,2008,4.0,41.25,9.53,7.45,9.49,14.25,14.07,12.09,11.45,11.37,11.1,13.24,13.39,9.7,11.44
QV2M,2008,4.0,41.875,9.66,7.6,9.64,14.7,14.46,12.48,11.76,11.57,11.44,13.59,14.19,10.26,11.79
QV2M,2008,4.5,34.375,9.75,8.08,11.22,14.01,12.62,12.44,13.93,12.56,13.67,15.11,12.93,8.94,12.11
QV2M,2008,4.5,35.0,10.16,8.28,11.9,14.6,13.38,11.91,12.83,11.87,12.98,14.67,13.29,9.27,12.1
QV2M,2008,4.5,35.625,10.3,8.6,12.1,14.57,13.66,11.82,11.46,11.27,12.01,13.77,12.65,9.44,11.81
QV2M,2008,4.5,36.25,9.81,8.54,11.94,14.64,13.73,11.84,11.47,11.28,11.86,13.81,12.63,9.36,11.75
QV2M,2008,4.5,36.875,8.51,7.51,10.95,14.09,13.33,11.52,11.26,10.85,11.3,13.31,11.94,8.69,11.11
QV2M,2008,4.5,37.5,7.31,6.22,9.53,13.18,12.67,10.71,10.69,10.35,10.83,12.95,11.1,7.5,10.26
QV2M,2008,4.5,38.125,7.39,6.04,8.81,12.35,12.11,10.41,10.47,10.35,10.7,12.41,10.71,7.61,9.96
QV2M,2008,4.5,38.75,7.65,6.11,8.81,12.74,12.42,10.58,10.49,10.44,10.65,12.66,11.07,7.8,10.13
QV2M,2008,4.5,39.375,7.85,6.23,8.64,13.12,12.93,10.87,10.49,10.54,10.45,12.78,11.28,7.92,10.27
QV2M,2008,4.5,40.0,8.05,6.42,8.5,13.02,13.08,11.08,10.63,10.67,10.52,12.7,11.26,8.0,10.34
QV2M,2008,4.5,40.625,8.53,6.77,8.52,13.52,13.52,11.39,10.84,10.87,10.53,12.91,12.02,8.54,10.67
QV2M,2008,4.5,41.25,9.02,7.11,8.72,13.88,13.85,11.83,11.2,11.08,10.82,13.14,12.65,9.08,11.04
QV2M,2008,4.5,41.875,9.26,7.22,8.84,14.77,14.55,12.28,11.53,11.33,11.23,13.8,13.92,9.97,11.57
QV2M,2009,-0.5,34.375,12.17,12.18,12.52,14.75,14.42,13.15,11.83,12.17,12.8,13.05,13.37,13.63,13.0
QV2M,2009,-0.5,35.0,10.79,10.27,10.37,13.36,13.24,11.94,10.88,11.42,11.77,11.81,12.05,12.44,11.7
QV2M,2009,-0.5,35.625,9.08,8.67,8.48,11.14,11.26,9.92,9.17,9.87,9.86,10.24,10.34,10.81,9.91
QV2M,2009,-0.5,36.25,8.82,8.85,8.82,11.08,11.15,9.71,8.89,9.56,9.45,10.32,10.3,10.87,9.82
QV2M,2009,-0.5,36.875,9.29,9.51,9.6,11.63,11.49,10.13,8.99,9.57,9.48,10.78,10.87,11.49,10.24
QV2M,2009,-0.5,37.5,10.65,10.85,10.79,12.95,12.53,11.18,9.52,9.97,9.95,11.87,12.33,13.05,11.3
QV2M,2009,-0.5,38.125,11.77,11.7,11.69,13.61,12.62,11.6,9.86,10.24,10.25,12.74,13.52,14.53,12.01
QV2M,2009,-0.5,38.75,12.33,12.25,12.42,14.49,13.4,12.52,10.74,11.1,11.27,13.83,14.32,15.43,12.84
QV2M,2009,-0.5,39.375,12.62,12.53,12.91,15.3,14.37,13.65,11.81,12.03,12.18,14.77,14.94,15.87,13.59
QV2M,2009,-0.5,40.0,13.04,12.99,13.39,15.86,14.94,14.29,12.61,12.47,12.59,15.2,15.34,16.08,14.07
QV2M,2009,-0.5,40.625,13.37,13.51,13.89,16.24,15.37,14.97,13.36,12.82,12.87,15.77,15.82,16.37,14.53
QV2M,2009,-0.5,41.25,13.86,14.09,14.45,16.65,15.78,15.33,13.71,13.16,13.3,16.23,16.09,16.57,14.94
QV2M,2009,-0.5,41.875,14.73,14.97,15.33,17.31,16.48,15.88,14.37,13.87,14.13,16.55,16.46,16.85,15.58
QV2M,2009,-1.0,34.375,12.57,12.47,12.83,14.52,14.18,12.59,10.77,11.69,12.29,12.54,13.58,14.03,12.84
QV2M,2009,-1.0,35.0,11.01,10.85,10.77,13.15,12.94,11.54,9.97,10.77,11.01,11.26,12.15,12.48,11.49
QV2M,2009,-1.0,35.625,9.64,9.66,9.25,12.03,12.07,10.83,9.32,10.08,10.11,10.51,11.07,11.5,10.51
QV2M,2009,-1.0,36.25,9.29,9.64,9.51,11.71,11.87,10.65,9.14,9.78,9.61,10.54,10.96,11.55,10.36
QV2M,2009,-1.0,36.875,10.02,10.47,10.26,12.18,11.92,10.68,9.0,9.53,9.4,10.92,11.68,12.34,10.7
QV2M,2009,-1.0,37.5,11.21,11.5,11.31,13.33,12.79,11.54,9.76,10.15,10.08,11.98,12.79,13.59,11.67
QV2M,2009,-1.0,38.125,11.64,11.76,11.89,13.71,12.65,11.7,9.97,10.33,10.35,12.72,13.36,14.32,12.03
QV2M,2009,-1.0,38.75,12.53,12.53,12.75,14.8,13.59,12.67,10.92,11.24,11.43,14.03,14.48,15.75,13.06
QV2M,2009,-1.0,39.375,12.82,12.85,13.27,15.67,14.62,13.82,11.94,12.18,12.37,15.08,15.05,16.22,13.83
QV2M,2009,-1.0,40.0,13.35,13.35,13.76,16.24,15.26,14.5,12.78,12.68,12.85,15.48,15.68,16.54,14.38
QV2M,2009,-1.0,40.625,13.77,13.91,14.24,16.54,15.71,15.21,13.62,13.12,13.17,15.94,16.08,16.62,14.83
QV2M,2009,-1.0,41.25,14.39,14.57,14.88,16.89,16.09,15.57,14.02,13.53,13.64,16.39,16.47,16.87,15.28
QV2M,2009,-1.0,41.875,16.0,16.24,16.67,18.24,17.33,16.58,15.13,14.75,15.09,17.14,17.17,17.55,16.49
QV2M,2009,-1.5,34.375,11.84,12.54,12.22,14.24,13.72,12.01,9.5,10.7,11.53,12.05,13.22,13.55,12.25
QV2M,2009,-1.5,35.0,10.82,11.33,11.02,13.33,12.9,11.35,9.13,9.99,10.27,11.09,12.15,12.44,11.31
QV2M,2009,-1.5,35.625,9.64,10.22,9.78,12.31,12.12,10.84,8.96,9.6,9.48,10.48,11.21,11.59,10.52
QV2M,2009,-1.5,36.25,9.63,10.22,9.9,12.64,12.46,11.17,9.12,9.71,9.5,10.85,11.48,12.24,10.74
QV2M,2009,-1.5,36.875,10.03,10.53,10.32,12.26,11.85,10.64,8.78,9.43,9.32,10.83,11.64,12.44,10.67
QV2M,2009,-1.5,37.5,10.83,11.31,11.26,12.96,12.25,11.16,9.37,9.91,9.85,11.61,12.48,13.35,11.36
QV2M,2009,-1.5,38.125,11.83,12.23,12.29,13.81,12.78,11.88,10.14,10.46,10.51,12.71,13.56,14.43,12.22
QV2M,2009,-1.5,38.75,12.68,12.85,13.11,14.96,13.69,12.79,11.09,11.35,11.56,14.07,14.67,15.77,13.22
QV2M,2009,-1.5,39.375,13.15,13.31,13.72,15.94,14.77,13.84,12.05,12.29,12.52,15.07,15.39,16.45,14.04
QV2M,2009,-1.5,40.0,13.61,13.74,14.14,16.56,15.59,14.82,12.99,12.92,13.11,15.76,15.96,16.84,14.67
QV2M,2009,-1.5,40.625,14.18,14.28,14.58,16.85,16.06,15.45,13.89,13.46,13.55,16.14,16.3,16.9,15.14
QV2M,2009,-1.5,41.25,14.97,15.06,15.34,17.22,16.49,15.87,14.34,13.95,14.08,16.6,16.93,17.24,15.68
QV2M,2009,-1.5,41.875,17.2,17.41,17.87,19.16,18.18,17.28,15.88,15.6,16.03,17.7,17.95,18.34,17.38
QV2M,2009,-1.7975103014118005e-13,34.375,11.92,12.11,12.54,15.03,14.53,13.53,12.54,12.89,13.68,13.71,13.39,13.36,13.27
QV2M,2009,-1.7975103014118005e-13,35.0,10.94,10.35,10.54,13.71,13.42,12.43,11.91,12.31,12.81,12.72,12.19,12.34,12.15
QV2M,2009,-1.7975103014118005e-13,35.625,9.43,8.92,8.85,11.47,11.66,10.37,10.23,10.7,10.65,11.07,10.58,10.99,10.42
QV2M,2009,-1.7975103014118005e-13,36.25,8.99,8.76,8.75,10.97,11.35,9.69,9.53,10.1,9.77,10.64,10.24,11.0,9.99
QV2M,2009,-1.7975103014118005e-13,36.875,9.22,9.24,9.31,11.15,11.2,9.68,9.03,9.55,9.28,10.59,10.52,11.29,10.01
QV2M,2009,-1.7975103014118005e-13,37.5,10.04,10.25,10.29,11.91,11.55,10.15,8.92,9.35,9.32,11.04,11.47,12.06,10.53
QV2M,2009,-1.7975103014118005e-13,38.125,11.72,11.67,11.68,13.57,12.57,11.51,9.77,10.18,10.18,12.79,13.5,14.35,11.96
QV2M,2009,-1.7975103014118005e-13,38.75,12.2,12.13,12.26,14.38,13.34,12.47,10.65,11.05,11.17,13.77,14.12,14.96,12.71
QV2M,2009,-1.7975103014118005e-13,39.375,12.54,12.34,12.65,15.02,14.13,13.48,11.67,11.88,11.98,14.54,14.59,15.26,13.34
QV2M,2009,-1.7975103014118005e-13,40.0,12.94,12.78,13.13,15.5,14.61,14.07,12.43,12.27,12.34,14.99,14.97,15.54,13.8
QV2M,2009,-1.7975103014118005e-13,40.625,13.18,13.22,13.61,16.05,15.09,14.62,13.04,12.55,12.61,15.62,15.56,16.06,14.27
QV2M,2009,-1.7975103014118005e-13,41.25,13.54,13.71,14.11,16.54,15.53,14.98,13.38,12.86,13.06,16.09,15.78,16.31,14.66
QV2M,2009,-1.7975103014118005e-13,41.875,14.02,14.24,14.59,17.08,16.1,15.42,13.87,13.33,13.59,16.31,16.3,16.67,15.13
QV2M,2009,-2.0,34.375,11.63,12.75,12.28,14.21,13.32,11.36,8.45,10.0,10.85,11.62,13.09,13.38,11.9
QV2M,2009,-2.0,35.0,10.68,11.57,11.3,13.33,12.51,10.87,8.39,9.37,9.7,10.87,12.11,12.42,11.08
QV2M,2009,-2.0,35.625,9.95,10.78,10.54,12.6,11.96,10.72,8.73,9.32,9.38,10.64,11.55,11.97,10.67
QV2M,2009,-2.0,36.25,10.13,10.76,10.58,12.96,12.22,10.88,8.82,9.63,9.62,11.02,11.75,12.76,10.92
QV2M,2009,-2.0,36.875,9.97,10.7,10.63,12.41,11.7,10.51,8.76,9.49,9.41,10.9,11.67,12.6,10.73
QV2M,2009,-2.0,37.5,10.88,11.6,11.55,13.11,12.19,11.13,9.39,9.94,9.89,11.71,12.65,13.6,11.47
QV2M,2009,-2.0,38.125,11.96,12.51,12.58,13.85,12.73,11.95,10.21,10.53,10.6,12.8,13.59,14.57,12.32
QV2M,2009,-2.0,38.75,12.99,13.28,13.54,15.16,13.83,12.99,11.29,11.49,11.71,14.17,14.78,15.9,13.43
QV2M,2009,-2.0,39.375,13.6,13.89,14.29,16.19,15.01,14.08,12.24,12.42,12.65,15.15,15.59,16.63,14.31
QV2M,2009,-2.0,40.0,14.13,14.38,14.81,16.85,15.79,14.94,13.17,13.15,13.38,15.92,16.2,17.06,14.98
QV2M,2009,-2.0,40.625,14.97,15.12,15.44,17.41,16.59,15.85,14.27,13.98,14.19,16.51,16.77,17.38,15.71
QV2M,2009,-2.0,41.25,16.64,16.81,17.2,18.43,17.57,16.67,15.25,15.05,15.42,17.2,17.44,17.9,16.8
QV2M,2009,-2.0,41.875,17.78,18.08,18.49,19.63,18.64,17.65,16.31,16.07,16.52,17.94,18.33,18.81,17.85
QV2M,2009,-2.5,34.375,12.0,12.71,12.47,13.88,12.6,10.52,7.85,9.16,9.63,10.59,12.76,13.09,11.43
QV2M,2009,-2.5,35.0,10.9,11.8,11.59,13.06,11.94,10.29,8.0,8.91,8.99,10.29,12.2,12.54,10.87
QV2M,2009,-2.5,35.625,10.51,11.73,11.34,13.05,11.96,10.28,8.29,9.05,9.08,10.57,12.4,12.85,10.92
QV2M,2009,-2.5,36.25,10.28,11.2,10.89,12.9,11.63,10.46,8.75,9.39,9.34,10.86,12.17,13.14,10.91
QV2M,2009,-2.5,36.875,10.41,11.35,11.12,12.79,11.52,10.3,8.48,9.18,9.25,10.99,12.36,13.36,10.92
QV2M,2009,-2.5,37.5,11.07,11.92,11.73,13.02,11.84,10.85,9.15,9.67,9.7,11.55,12.88,13.96,11.44
QV2M,2009,-2.5,38.125,12.22,12.73,12.76,13.96,12.68,11.99,10.24,10.56,10.6,12.87,13.86,14.86,12.44
QV2M,2009,-2.5,38.75,13.33,13.68,13.92,15.32,13.89,13.16,11.44,11.58,11.79,14.21,14.99,16.11,13.62
QV2M,2009,-2.5,39.375,14.12,14.4,14.81,16.4,15.18,14.33,12.45,12.55,12.78,15.2,15.98,16.89,14.59
QV2M,2009,-2.5,40.0,15.04,15.25,15.68,17.18,16.04,15.22,13.47,13.51,13.78,16.11,16.7,17.3,15.44
QV2M,2009,-2.5,40.625,16.66,16.81,17.19,18.56,17.58,16.67,15.15,15.03,15.35,17.2,17.75,18.04,16.83
QV2M,2009,-2.5,41.25,17.91,18.2,18.59,19.59,18.61,17.54,16.21,16.03,16.43,17.88,18.39,18.89,17.85
QV2M,2009,-2.5,41.875,17.79,18.07,18.41,19.52,18.63,17.62,16.28,16.07,16.49,17.92,18.29,18.78,17.82
QV2M,2009,-3.0,34.375,12.28,13.11,13.02,13.83,12.12,10.14,7.9,8.82,8.92,9.68,12.62,12.95,11.27
QV2M,2009,-3.0,35.0,11.27,12.19,12.15,13.11,11.75,10.19,8.06,8.85,8.83,9.94,12.3,12.65,10.93
QV2M,2009,-3.0,35.625,10.45,11.13,11.18,12.15,11.17,10.0,8.31,8.91,8.95,10.07,11.74,12.14,10.51
QV2M,2009,-3.0,36.25,10.38,11.96,11.43,13.11,11.74,10.43,8.73,9.38,9.37,10.8,12.81,13.44,11.12
QV2M,2009,-3.0,36.875,10.29,11.27,10.9,12.67,11.71,10.61,8.9,9.31,9.3,10.91,12.49,13.48,10.98
QV2M,2009,-3.0,37.5,10.63,11.15,11.12,12.12,11.23,10.48,8.93,9.32,9.36,10.8,11.92,12.77,10.81
QV2M,2009,-3.0,38.125,12.4,12.89,12.96,13.93,12.7,12.1,10.38,10.65,10.72,12.79,13.74,14.79,12.5
QV2M,2009,-3.0,38.75,13.48,13.93,14.19,15.43,13.97,13.37,11.63,11.7,11.85,14.24,15.15,16.23,13.76
QV2M,2009,-3.0,39.375,14.48,14.74,15.2,16.57,15.31,14.53,12.67,12.7,12.93,15.33,16.2,17.07,14.81
QV2M,2009,-3.0,40.0,15.99,16.13,16.56,17.75,16.52,15.66,13.96,14.03,14.32,16.4,17.04,17.7,16.0
QV2M,2009,-3.0,40.625,17.95,18.21,18.56,19.54,18.41,17.38,15.98,15.89,16.24,17.71,18.39,18.84,17.75
QV2M,2009,-3.0,41.25,17.95,18.26,18.51,19.55,18.57,17.5,16.17,16.0,16.37,17.82,18.34,18.85,17.82
QV2M,2009,-3.0,41.875,17.82,18.15,18.38,19.5,18.62,17.59,16.24,16.07,16.44,17.9,18.28,18.8,17.81
QV2M,2009,-3.5,34.375,12.9,13.81,13.72,14.01,12.07,10.0,8.07,8.86,8.94,9.9,12.82,13.31,11.52
QV2M,2009,-3.5,35.0,12.08,12.95,12.99,13.51,11.99,10.56,8.72,9.46,9.56,10.6,12.67,13.15,11.51
QV2M,2009,-3.5,35.625,11.11,12.04,12.16,12.83,11.62,10.37,8.54,9.23,9.27,10.53,12.32,12.87,11.06
QV2M,2009,-3.5,36.25,10.49,12.11,11.91,13.04,11.66,10.48,8.86,9.49,9.51,10.97,12.63,13.37,11.2
QV2M,2009,-3.5,36.875,10.54,11.93,11.94,13.41,12.18,11.14,9.42,9.89,9.93,11.65,12.96,13.74,11.55
QV2M,2009,-3.5,37.5,11.15,12.02,12.3,13.92,12.68,11.82,10.01,10.35,10.43,12.35,13.15,14.05,12.02
QV2M,2009,-3.5,38.125,12.31,12.84,13.04,14.14,12.81,12.26,10.63,10.84,10.98,12.92,13.47,14.54,12.56
QV2M,2009,-3.5,38.75,13.52,14.09,14.37,15.38,14.09,13.5,11.89,11.9,12.05,14.08,14.78,15.8,13.78
QV2M,2009,-3.5,39.375,14.71,15.06,15.51,16.7,15.46,14.69,12.89,12.85,13.08,15.34,16.12,16.94,14.94
QV2M,2009,-3.5,40.0,17.04,17.23,17.64,18.64,17.38,16.44,14.83,14.89,15.21,16.97,17.66,18.33,16.85
QV2M,2009,-3.5,40.625,18.12,18.44,18.71,19.58,18.45,17.41,16.04,15.93,16.26,17.65,18.35,18.93,17.82
QV2M,2009,-3.5,41.25,18.08,18.4,18.6,19.59,18.53,17.46,16.15,15.99,16.34,17.76,18.33,18.89,17.84
QV2M,2009,-3.5,41.875,17.92,18.28,18.42,19.52,18.58,17.53,16.2,16.04,16.39,17.85,18.26,18.81,17.81
QV2M,2009,-4.0,34.375,13.23,13.73,13.69,13.79,11.73,9.86,8.06,8.72,8.8,9.82,12.56,13.33,11.43
QV2M,2009,-4.0,35.0,12.15,12.82,12.8,13.07,11.42,10.0,8.3,8.98,9.04,10.13,12.13,12.83,11.13
QV2M,2009,-4.0,35.625,11.45,12.35,12.41,12.74,11.49,10.3,8.54,9.19,9.24,10.45,12.06,12.84,11.08
QV2M,2009,-4.0,36.25,10.89,12.48,12.4,13.03,11.6,10.46,8.85,9.47,9.5,10.86,12.36,13.29,11.26
QV2M,2009,-4.0,36.875,11.34,12.67,12.53,13.36,11.98,11.01,9.39,9.87,9.89,11.46,12.69,13.65,11.64
QV2M,2009,-4.0,37.5,11.97,13.02,12.97,14.06,12.63,11.8,10.13,10.41,10.47,12.25,13.21,14.28,12.26
QV2M,2009,-4.0,38.125,12.62,13.34,13.63,14.66,13.16,12.57,10.89,11.1,11.22,13.22,13.82,14.96,12.93
QV2M,2009,-4.0,38.75,13.71,14.45,14.81,15.86,14.5,13.87,12.23,12.25,12.45,14.5,15.01,16.06,14.14
QV2M,2009,-4.0,39.375,15.21,15.58,15.99,17.11,15.86,15.06,13.29,13.25,13.46,15.58,16.16,16.99,15.29
QV2M,2009,-4.0,40.0,17.99,18.26,18.59,19.26,18.04,17.07,15.6,15.59,15.91,17.32,18.14,18.81,17.54
QV2M,2009,-4.0,40.625,18.32,18.62,18.85,19.59,18.42,17.38,16.03,15.92,16.2,17.55,18.32,18.96,17.84
QV2M,2009,-4.0,41.25,18.24,18.58,18.76,19.58,18.49,17.4,16.11,15.98,16.28,17.65,18.31,18.93,17.85
QV2M,2009,-4.0,41.875,18.04,18.44,18.51,19.55,18.52,17.45,16.16,16.01,16.31,17.73,18.24,18.81,17.81
QV2M,2009,-4.5,34.375,12.76,13.19,13.16,13.31,11.07,9.75,8.08,8.51,8.45,9.41,11.74,12.62,10.99
QV2M,2009,-4.5,35.0,11.82,12.58,12.57,12.91,11.1,9.8,8.17,8.71,8.69,9.79,11.51,12.37,10.82
QV2M,2009,-4.5,35.625,11.42,12.53,12.46,12.8,11.32,10.12,8.45,9.08,9.12,10.37,11.71,12.65,10.99
QV2M,2009,-4.5,36.25,11.27,12.98,12.86,13.27,11.67,10.51,8.87,9.53,9.61,10.96,12.22,13.3,11.41
QV2M,2009,-4.5,36.875,11.64,13.08,12.95,13.49,12.04,11.06,9.45,9.98,10.06,11.48,12.44,13.54,11.76
QV2M,2009,-4.5,37.5,12.33,13.58,13.42,14.27,12.88,11.99,10.33,10.65,10.69,12.26,13.13,14.3,12.48
QV2M,2009,-4.5,38.125,13.01,13.78,13.89,14.65,13.41,12.64,11.07,11.17,11.19,12.95,13.86,14.93,13.04
QV2M,2009,-4.5,38.75,14.31,15.12,15.41,16.12,14.89,14.09,12.46,12.5,12.67,14.57,15.43,16.43,14.49
QV2M,2009,-4.5,39.375,16.5,16.86,17.21,18.03,16.81,15.91,14.28,14.24,14.53,16.21,16.95,17.84,16.28
QV2M,2009,-4.5,40.0,18.46,18.73,18.94,19.35,18.14,17.17,15.73,15.67,16.0,17.31,18.29,18.98,17.72
QV2M,2009,-4.5,40.625,18.51,18.8,18.96,19.58,18.36,17.32,15.99,15.88,16.15,17.45,18.3,19.0,17.85
QV2M,2009,-4.5,41.25,18.41,18.75,18.85,19.59,18.43,17.34,16.06,15.95,16.21,17.55,18.26,18.94,17.85
QV2M,2009,-4.5,41.875,18.17,18.58,18.63,19.57,18.46,17.38,16.11,15.98,16.24,17.61,18.14,18.83,17.8
QV2M,2009,0.5,34.375,11.4,11.37,11.58,14.82,14.32,13.51,13.14,13.54,14.05,13.76,12.74,12.78,13.09
QV2M,2009,0.5,35.0,10.48,9.86,9.83,12.94,12.77,11.86,12.09,12.3,12.46,12.63,11.54,11.69,11.71
QV2M,2009,0.5,35.625,9.42,9.11,9.06,12.05,12.49,10.95,11.37,11.5,11.33,12.12,11.09,11.5,11.01
QV2M,2009,0.5,36.25,9.39,9.33,9.36,11.25,11.81,10.17,10.5,10.86,10.26,11.2,10.69,11.49,10.53
QV2M,2009,0.5,36.875,9.84,9.93,9.86,11.5,11.46,9.63,9.46,9.87,9.18,10.97,11.15,11.91,10.4
QV2M,2009,0.5,37.5,10.44,10.6,10.55,12.31,11.74,10.29,9.11,9.6,9.47,11.54,11.93,12.65,10.85
QV2M,2009,0.5,38.125,11.38,11.45,11.49,13.45,12.5,11.51,9.8,10.21,10.21,12.7,13.1,13.65,11.79
QV2M,2009,0.5,38.75,12.09,12.01,12.07,14.25,13.25,12.43,10.59,11.01,11.08,13.58,13.89,14.38,12.55
QV2M,2009,0.5,39.375,12.49,12.23,12.48,14.92,13.97,13.32,11.55,11.73,11.77,14.35,14.54,14.86,13.19
QV2M,2009,0.5,40.0,12.78,12.54,12.9,15.39,14.42,13.83,12.24,12.07,12.12,14.87,14.92,15.13,13.6
QV2M,2009,0.5,40.625,13.01,12.95,13.34,15.91,14.86,14.24,12.74,12.31,12.39,15.46,15.35,15.57,14.01
QV2M,2009,0.5,41.25,13.35,13.48,13.83,16.43,15.31,14.56,13.07,12.61,12.86,15.84,15.4,15.91,14.39
QV2M,2009,0.5,41.875,13.61,13.82,14.21,17.01,15.93,14.98,13.49,13.01,13.29,16.16,16.13,16.34,14.83
QV2M,2009,1.0,34.375,10.37,10.09,10.4,12.74,12.56,11.8,11.9,12.15,12.38,12.21,11.24,11.52,11.62
QV2M,2009,1.0,35.0,9.63,9.15,9.19,11.81,11.98,10.86,11.38,11.41,11.5,11.88,10.88,11.22,10.92
QV2M,2009,1.0,35.625,9.0,8.95,9.04,11.81,12.29,10.47,11.2,11.14,10.77,11.93,10.88,11.42,10.75
QV2M,2009,1.0,36.25,9.4,9.46,9.42,11.34,11.79,9.96,10.52,10.74,9.71,11.2,10.7,11.62,10.5
QV2M,2009,1.0,36.875,9.98,10.22,10.2,11.81,11.53,10.04,9.43,9.86,9.36,11.21,11.34,12.0,10.58
QV2M,2009,1.0,37.5,10.65,10.91,10.81,12.74,11.99,10.81,9.45,9.92,9.81,12.02,12.26,12.91,11.19
QV2M,2009,1.0,38.125,11.28,11.36,11.4,13.5,12.47,11.58,9.9,10.29,10.28,12.7,13.0,13.47,11.77
QV2M,2009,1.0,38.75,11.85,11.77,11.96,14.24,13.19,12.43,10.61,11.01,11.03,13.5,13.78,14.13,12.46
QV2M,2009,1.0,39.375,12.08,11.96,12.32,14.88,13.86,13.17,11.46,11.61,11.6,14.2,14.39,14.48,13.0
QV2M,2009,1.0,40.0,12.37,12.22,12.65,15.3,14.27,13.62,12.06,11.9,11.9,14.7,14.81,14.77,13.38
QV2M,2009,1.0,40.625,12.63,12.53,12.99,15.88,14.73,13.94,12.48,12.1,12.2,15.26,15.33,15.24,13.78
QV2M,2009,1.0,41.25,12.97,12.9,13.36,16.48,15.25,14.23,12.81,12.39,12.65,15.63,15.53,15.61,14.15
QV2M,2009,1.0,41.875,12.93,13.2,13.71,16.77,15.71,14.63,13.19,12.74,13.04,16.02,16.16,15.8,14.5
QV2M,2009,1.5,34.375,9.19,8.77,9.18,13.08,13.05,11.86,12.48,12.64,13.03,12.73,10.96,11.57,11.56
QV2M,2009,1.5,35.0,9.12,8.91,9.08,11.97,12.2,10.76,11.58,11.54,11.49,12.13,10.85,11.48,10.94
QV2M,2009,1.5,35.625,9.05,9.17,9.38,11.96,12.13,10.37,11.12,11.03,10.33,11.92,10.83,11.71,10.76
QV2M,2009,1.5,36.25,9.43,9.68,9.73,11.65,11.99,10.06,10.36,10.46,9.41,11.33,10.87,11.75,10.57
QV2M,2009,1.5,36.875,10.01,10.41,10.42,12.22,11.78,10.45,9.48,9.87,9.56,11.49,11.64,12.26,10.8
QV2M,2009,1.5,37.5,10.63,10.99,10.97,13.01,12.24,11.11,9.84,10.19,10.01,12.19,12.42,12.98,11.38
QV2M,2009,1.5,38.125,11.18,11.29,11.52,13.77,12.65,11.74,10.05,10.43,10.39,12.89,13.16,13.6,11.89
QV2M,2009,1.5,38.75,11.55,11.57,11.94,14.56,13.26,12.49,10.68,11.06,11.0,13.68,13.81,14.21,12.49
QV2M,2009,1.5,39.375,11.59,11.67,12.16,14.9,13.84,13.1,11.38,11.48,11.42,14.09,14.29,14.29,12.85
QV2M,2009,1.5,40.0,11.61,11.85,12.38,15.34,14.19,13.41,11.89,11.73,11.7,14.49,14.71,14.55,13.16
QV2M,2009,1.5,40.625,11.91,12.04,12.59,15.91,14.65,13.71,12.25,11.92,12.01,15.03,15.24,14.93,13.52
QV2M,2009,1.5,41.25,12.12,12.25,12.83,16.1,14.99,14.05,12.58,12.2,12.42,15.41,15.42,14.87,13.77
QV2M,2009,1.5,41.875,12.04,12.52,13.16,16.57,15.5,14.34,12.91,12.52,12.79,15.76,16.1,15.19,14.12
QV2M,2009,2.0,34.375,9.09,9.16,9.41,12.85,13.02,11.21,12.48,12.27,12.63,12.6,10.6,11.6,11.42
QV2M,2009,2.0,35.0,9.05,9.21,9.42,11.96,12.02,10.38,11.15,11.0,10.62,11.89,10.68,11.59,10.76
QV2M,2009,2.0,35.625,9.22,9.47,9.71,12.02,12.0,10.33,10.54,10.51,9.68,11.74,10.83,11.86,10.67
QV2M,2009,2.0,36.25,9.61,9.96,10.09,12.11,12.02,10.39,10.01,10.07,9.52,11.4,11.16,12.06,10.71
QV2M,2009,2.0,36.875,10.03,10.52,10.65,12.59,11.93,10.72,9.69,9.98,9.76,11.66,11.86,12.43,10.99
QV2M,2009,2.0,37.5,10.55,11.03,11.17,13.45,12.47,11.35,9.94,10.26,10.13,12.45,12.73,13.18,11.56
QV2M,2009,2.0,38.125,10.82,11.04,11.51,14.13,12.9,11.92,10.2,10.58,10.49,13.14,13.38,13.64,11.98
QV2M,2009,2.0,38.75,10.81,11.14,11.76,14.6,13.37,12.52,10.73,11.05,10.92,13.62,13.7,13.83,12.34
QV2M,2009,2.0,39.375,10.66,11.12,11.84,14.99,13.86,13.02,11.27,11.33,11.22,13.99,14.15,13.92,12.62
QV2M,2009,2.0,40.0,10.69,11.25,11.95,15.39,14.22,13.27,11.72,11.56,11.5,14.33,14.52,14.1,12.88
QV2M,2009,2.0,40.625,10.64,11.41,12.09,16.28,14.8,13.44,12.04,11.74,11.79,14.89,15.26,14.56,13.25
QV2M,2009,2.0,41.25,11.04,11.61,12.33,16.29,15.04,13.8,12.34,12.0,12.15,15.15,15.31,14.57,13.47
QV2M,2009,2.0,41.875,11.06,11.83,12.62,16.7,15.45,14.03,12.63,12.29,12.51,15.47,15.92,14.61,13.76
QV2M,2009,2.5,34.375,9.14,9.37,9.61,12.54,12.41,10.37,11.41,11.09,11.0,11.99,10.51,11.57,10.93
QV2M,2009,2.5,35.0,9.29,9.52,9.82,12.39,12.04,10.47,10.48,10.42,10.06,11.82,10.82,11.76,10.75
QV2M,2009,2.5,35.625,9.42,9.72,10.12,12.38,12.09,10.75,10.19,10.22,9.91,11.78,11.07,12.04,10.81
QV2M,2009,2.5,36.25,10.55,10.97,11.36,13.3,12.73,11.67,10.76,10.91,10.78,12.35,12.19,12.95,11.71
QV2M,2009,2.5,36.875,10.24,10.73,11.11,13.22,12.35,11.27,10.12,10.38,10.23,12.16,12.22,12.82,11.41
QV2M,2009,2.5,37.5,10.14,10.58,11.1,13.74,12.56,11.46,9.98,10.29,10.18,12.56,12.61,13.12,11.53
QV2M,2009,2.5,38.125,10.13,10.53,11.28,14.22,13.07,11.99,10.26,10.61,10.47,13.05,13.03,13.01,11.81
QV2M,2009,2.5,38.75,10.11,10.48,11.37,14.74,13.5,12.5,10.7,10.94,10.77,13.48,13.32,13.16,12.09
QV2M,2009,2.5,39.375,9.98,10.44,11.37,15.08,13.88,12.94,11.12,11.15,11.02,13.86,13.64,13.22,12.31
QV2M,2009,2.5,40.0,10.1,10.61,11.45,15.42,14.21,13.13,11.53,11.34,11.26,14.12,13.92,13.34,12.54
QV2M,2009,2.5,40.625,10.14,10.83,11.65,15.89,14.56,13.2,11.81,11.53,11.53,14.53,14.45,13.63,12.82
QV2M,2009,2.5,41.25,10.25,10.96,11.85,15.82,14.66,13.55,12.15,11.83,11.88,14.82,14.39,13.49,12.98
QV2M,2009,2.5,41.875,10.4,11.09,12.05,16.13,15.08,13.79,12.42,12.09,12.22,15.03,14.91,13.64,13.24
QV2M,2009,3.0,34.375,9.13,9.4,9.83,12.84,12.36,10.41,10.6,10.39,10.4,11.98,10.77,11.67,10.82
QV2M,2009,3.0,35.0,9.39,9.73,10.21,13.07,12.44,11.09,10.28,10.32,10.19,12.06,11.19,12.06,11.01
QV2M,2009,3.0,35.625,9.69,10.09,10.71,13.11,12.49,11.33,10.34,10.53,10.4,12.25,11.64,12.6,11.27
QV2M,2009,3.0,36.25,11.55,12.05,12.68,14.45,13.62,12.65,11.48,11.68,11.75,13.35,13.33,14.03,12.72
QV2M,2009,3.0,36.875,9.78,10.27,10.95,13.42,12.43,11.31,10.02,10.29,10.16,12.29,12.14,12.87,11.33
QV2M,2009,3.0,37.5,9.65,10.02,10.91,14.03,12.79,11.58,10.04,10.34,10.19,12.64,12.37,12.82,11.45
QV2M,2009,3.0,38.125,9.56,9.88,10.93,14.48,13.28,12.1,10.25,10.56,10.37,12.97,12.6,12.48,11.63
QV2M,2009,3.0,38.75,9.53,9.72,10.89,14.96,13.69,12.47,10.6,10.77,10.59,13.35,12.76,12.42,11.82
QV2M,2009,3.0,39.375,9.47,9.74,10.87,15.06,13.89,12.83,10.96,10.93,10.81,13.61,12.96,12.37,11.97
QV2M,2009,3.0,40.0,9.61,9.93,11.01,15.25,14.11,12.91,11.29,11.09,11.02,13.87,13.35,12.53,12.17
QV2M,2009,3.0,40.625,9.79,10.17,11.2,15.25,14.14,12.92,11.56,11.3,11.27,14.18,13.65,12.65,12.35
QV2M,2009,3.0,41.25,9.88,10.3,11.31,15.28,14.29,13.2,11.87,11.58,11.57,14.46,13.75,12.62,12.52
QV2M,2009,3.0,41.875,10.06,10.37,11.46,15.39,14.56,13.41,12.06,11.75,11.84,14.56,14.15,12.84,12.71
QV2M,2009,3.5,34.375,9.34,9.73,10.18,13.17,12.59,11.08,10.52,10.3,10.52,12.11,11.25,12.07,11.08
QV2M,2009,3.5,35.0,9.6,10.03,10.64,13.65,12.91,11.43,10.34,10.37,10.44,12.43,11.66,12.64,11.35
QV2M,2009,3.5,35.625,10.15,10.64,11.41,13.66,12.88,11.56,10.49,10.65,10.69,12.75,12.27,13.22,11.7
QV2M,2009,3.5,36.25,11.41,11.94,12.8,14.68,13.86,12.81,11.55,11.8,11.9,13.61,13.38,14.03,12.82
QV2M,2009,3.5,36.875,9.17,9.52,10.58,13.77,12.57,11.31,9.91,10.17,10.03,12.41,11.79,12.74,11.17
QV2M,2009,3.5,37.5,8.98,9.17,10.47,13.96,12.83,11.61,10.01,10.28,10.13,12.55,11.73,12.36,11.18
QV2M,2009,3.5,38.125,8.96,8.99,10.41,14.54,13.44,12.23,10.36,10.46,10.29,12.97,11.96,11.91,11.39
QV2M,2009,3.5,38.75,8.9,8.83,10.25,14.7,13.62,12.41,10.55,10.57,10.42,13.12,11.98,11.62,11.42
QV2M,2009,3.5,39.375,9.05,9.04,10.36,14.73,13.75,12.57,10.76,10.67,10.58,13.27,12.4,11.73,11.59
QV2M,2009,3.5,40.0,9.26,9.26,10.6,14.96,13.89,12.6,11.01,10.83,10.78,13.68,12.94,11.95,11.82
QV2M,2009,3.5,40.625,9.5,9.54,10.8,15.04,13.82,12.56,11.25,11.03,11.0,13.98,13.44,12.25,12.03
QV2M,2009,3.5,41.25,9.81,9.93,11.04,14.9,13.93,12.86,11.6,11.32,11.29,14.21,13.51,12.36,12.24
QV2M,2009,3.5,41.875,9.91,10.0,11.11,15.05,14.24,13.05,11.77,11.49,11.55,14.42,13.93,12.5,12.43
QV2M,2009,4.0,34.375,9.65,10.24,10.65,14.46,13.7,11.79,10.77,10.45,11.14,12.94,11.76,12.98,11.72
QV2M,2009,4.0,35.0,9.89,10.35,11.07,14.54,13.62,11.64,10.49,10.45,10.78,12.97,12.06,13.42,11.78
QV2M,2009,4.0,35.625,10.2,10.75,11.7,14.01,13.15,11.68,10.6,10.74,10.87,13.06,12.41,13.38,11.88
QV2M,2009,4.0,36.25,11.44,11.85,12.88,14.98,14.23,13.08,11.83,12.07,12.25,13.97,13.32,14.14,13.01
QV2M,2009,4.0,36.875,8.69,8.81,10.17,13.77,12.7,11.33,9.89,10.11,10.02,12.46,11.24,12.36,10.97
QV2M,2009,4.0,37.5,8.4,8.32,9.76,13.83,12.78,11.53,9.96,10.14,10.04,12.46,10.91,11.75,10.84
QV2M,2009,4.0,38.125,8.33,8.11,9.53,13.91,13.02,11.89,10.16,10.23,10.13,12.56,11.02,11.01,10.84
QV2M,2009,4.0,38.75,8.42,8.24,9.58,13.91,13.11,12.01,10.15,10.25,10.18,12.58,11.41,10.96,10.91
QV2M,2009,4.0,39.375,8.74,8.51,9.89,14.44,13.53,12.21,10.38,10.39,10.36,13.07,12.04,11.38,11.26
QV2M,2009,4.0,40.0,8.98,8.74,10.15,14.75,13.7,12.25,10.7,10.57,10.57,13.55,12.47,11.66,11.52
QV2M,2009,4.0,40.625,9.32,9.1,10.44,14.81,13.56,12.18,10.91,10.74,10.75,13.82,13.14,12.05,11.75
QV2M,2009,4.0,41.25,9.78,9.47,10.72,14.8,13.75,12.48,11.28,11.04,11.04,14.13,13.51,12.28,12.03
QV2M,2009,4.0,41.875,10.0,9.59,10.78,15.11,14.11,12.73,11.51,11.26,11.34,14.44,14.16,12.57,12.31
QV2M,2009,4.5,34.375,10.03,10.38,11.19,15.75,14.48,11.9,11.0,10.71,11.85,13.75,12.31,13.93,12.28
QV2M,2009,4.5,35.0,10.07,10.57,11.29,15.16,14.2,12.09,10.56,10.48,11.12,13.46,12.37,14.0,12.12
QV2M,2009,4.5,35.625,9.99,10.45,11.52,14.23,13.29,11.59,10.45,10.56,10.87,13.17,12.25,13.49,11.83
QV2M,2009,4.5,36.25,10.06,10.29,11.44,14.44,13.47,11.91,10.67,10.82,11.11,13.26,11.96,13.46,11.92
QV2M,2009,4.5,36.875,9.14,9.1,10.37,14.1,13.15,11.74,10.34,10.52,10.69,12.94,11.26,12.56,11.34
QV2M,2009,4.5,37.5,8.15,7.86,9.08,13.67,12.73,11.24,9.8,9.95,10.12,12.53,10.33,11.42,10.59
QV2M,2009,4.5,38.125,8.05,7.84,8.95,13.23,12.6,11.34,9.79,9.91,9.98,12.22,10.64,10.71,10.45
QV2M,2009,4.5,38.75,8.25,8.05,9.21,13.67,12.9,11.57,9.91,10.02,10.08,12.61,11.09,10.77,10.69
QV2M,2009,4.5,39.375,8.42,8.22,9.43,14.05,13.14,11.75,10.13,10.18,10.24,12.96,11.41,10.95,10.92
QV2M,2009,4.5,40.0,8.57,8.4,9.58,13.98,13.13,11.86,10.41,10.35,10.42,12.95,11.53,10.91,11.02
QV2M,2009,4.5,40.625,8.94,8.72,9.95,14.25,13.28,11.84,10.6,10.48,10.57,13.52,12.39,11.43,11.34
QV2M,2009,4.5,41.25,9.48,9.09,10.28,14.44,13.51,12.22,10.96,10.76,10.83,13.78,12.99,11.76,11.69
QV2M,2009,4.5,41.875,9.8,9.24,10.37,15.24,14.08,12.48,11.28,11.05,11.18,14.49,14.04,12.34,12.14
QV2M,2010,-0.5,34.375,12.92,13.81,14.32,15.13,14.74,13.59,12.38,12.29,12.7,13.65,13.59,12.82,13.49
QV2M,2010,-0.5,35.0,11.62,12.72,13.22,13.91,13.58,12.69,11.59,11.66,12.0,12.68,12.72,11.7,12.5
QV2M,2010,-0.5,35.625,9.76,10.92,11.5,11.96,11.69,11.05,10.29,10.44,10.56,11.06,11.15,10.08,10.87
QV2M,2010,-0.5,36.25,9.83,10.8,11.7,12.03,11.68,10.98,10.14,10.28,10.35,11.0,11.26,10.0,10.83
QV2M,2010,-0.5,36.875,10.21,11.15,12.23,12.58,12.01,11.1,10.13,10.22,10.16,10.98,11.71,10.2,11.05
QV2M,2010,-0.5,37.5,11.57,12.44,13.57,14.01,13.29,11.83,10.64,10.65,10.67,11.58,12.96,11.46,12.05
QV2M,2010,-0.5,38.125,12.24,12.84,14.6,14.87,13.43,11.53,10.47,10.28,10.23,11.23,13.88,12.16,12.31
QV2M,2010,-0.5,38.75,12.7,13.24,15.29,16.0,14.51,12.36,11.21,10.95,11.04,12.05,14.57,12.85,13.06
QV2M,2010,-0.5,39.375,13.16,13.53,15.56,17.15,16.02,13.75,12.35,12.0,12.09,12.88,14.97,13.29,13.89
QV2M,2010,-0.5,40.0,13.7,13.96,15.88,17.61,16.78,14.81,13.11,12.71,12.74,13.38,15.24,13.76,14.47
QV2M,2010,-0.5,40.625,13.98,14.26,15.92,18.31,17.66,15.97,14.01,13.52,13.41,13.87,15.58,14.22,15.06
QV2M,2010,-0.5,41.25,14.4,14.74,16.28,18.66,18.16,16.54,14.43,13.86,13.71,14.22,15.78,14.5,15.44
QV2M,2010,-0.5,41.875,15.2,15.51,16.92,18.78,18.46,16.95,14.85,14.47,14.38,14.91,16.02,15.04,15.95
QV2M,2010,-1.0,34.375,13.25,14.09,14.6,15.01,14.41,13.19,11.8,11.71,12.21,13.2,13.61,12.9,13.32
QV2M,2010,-1.0,35.0,11.9,12.88,13.26,13.67,13.23,12.17,11.03,11.05,11.33,12.11,12.37,11.69,12.22
QV2M,2010,-1.0,35.625,11.05,11.92,12.49,12.8,12.5,11.56,10.46,10.49,10.68,11.43,11.66,10.67,11.47
QV2M,2010,-1.0,36.25,11.06,11.7,12.46,12.76,12.3,11.45,10.27,10.26,10.42,11.16,11.72,10.43,11.33
QV2M,2010,-1.0,36.875,11.23,11.84,12.83,13.09,12.43,11.24,9.99,9.87,9.89,10.71,12.17,10.87,11.34
QV2M,2010,-1.0,37.5,12.24,12.87,13.96,14.31,13.44,11.91,10.57,10.46,10.47,11.43,13.3,11.99,12.24
QV2M,2010,-1.0,38.125,11.96,12.76,14.41,14.77,13.41,11.58,10.51,10.28,10.29,11.29,13.8,12.29,12.27
QV2M,2010,-1.0,38.75,12.76,13.43,15.58,16.21,14.77,12.51,11.36,11.09,11.2,12.31,14.84,13.24,13.27
QV2M,2010,-1.0,39.375,13.18,13.69,15.95,17.51,16.29,13.88,12.48,12.11,12.25,13.19,15.37,13.68,14.13
QV2M,2010,-1.0,40.0,13.91,14.17,16.32,18.01,17.1,14.96,13.26,12.86,12.93,13.69,15.64,14.19,14.75
QV2M,2010,-1.0,40.625,14.29,14.57,16.2,18.52,17.89,16.21,14.23,13.73,13.63,14.09,15.86,14.74,15.33
QV2M,2010,-1.0,41.25,14.92,15.16,16.58,18.73,18.35,16.78,14.68,14.15,13.97,14.48,16.05,15.06,15.74
QV2M,2010,-1.0,41.875,16.36,16.7,17.98,19.22,18.89,17.4,15.38,15.06,15.11,15.81,16.97,16.29,16.76
QV2M,2010,-1.5,34.375,13.32,13.52,14.39,14.47,13.8,12.2,10.39,10.37,11.51,12.51,13.11,12.81,12.69
QV2M,2010,-1.5,35.0,12.4,12.85,13.54,13.74,13.18,11.7,10.0,9.82,10.39,11.49,12.12,11.75,11.91
QV2M,2010,-1.5,35.625,11.35,11.91,12.63,13.05,12.51,11.15,9.68,9.57,9.87,10.69,11.52,10.63,11.21
QV2M,2010,-1.5,36.25,11.66,11.98,12.89,13.36,12.94,11.54,9.87,9.8,10.03,10.75,11.99,10.66,11.45
QV2M,2010,-1.5,36.875,11.3,11.73,12.63,12.86,12.21,10.91,9.34,9.46,9.5,10.29,12.1,10.77,11.08
QV2M,2010,-1.5,37.5,11.82,12.41,13.36,13.72,12.84,11.24,9.96,9.84,9.93,10.75,12.85,11.69,11.69
QV2M,2010,-1.5,38.125,12.46,13.15,14.37,14.81,13.67,11.82,10.71,10.43,10.49,11.47,13.83,12.75,12.49
QV2M,2010,-1.5,38.75,13.06,13.58,15.62,16.27,14.93,12.68,11.51,11.21,11.34,12.49,14.9,13.51,13.42
QV2M,2010,-1.5,39.375,13.61,14.06,16.29,17.55,16.4,14.06,12.61,12.26,12.41,13.47,15.59,14.06,14.36
QV2M,2010,-1.5,40.0,14.13,14.47,16.5,18.41,17.49,15.36,13.58,13.12,13.18,14.02,16.0,14.74,15.08
QV2M,2010,-1.5,40.625,14.72,14.88,16.55,18.71,18.14,16.44,14.44,13.95,13.89,14.39,15.99,15.12,15.6
QV2M,2010,-1.5,41.25,15.51,15.57,16.98,18.95,18.59,16.98,14.87,14.38,14.26,14.78,16.19,15.54,16.05
QV2M,2010,-1.5,41.875,17.53,17.86,19.03,19.76,19.25,17.78,15.93,15.73,15.86,16.72,17.78,17.37,17.54
QV2M,2010,-1.7975103014118005e-13,34.375,12.4,13.44,14.24,15.26,15.04,13.91,12.93,12.92,13.37,14.08,13.78,12.58,13.66
QV2M,2010,-1.7975103014118005e-13,35.0,11.4,12.56,13.32,14.14,13.97,13.19,12.3,12.34,12.74,13.19,12.94,11.55,12.8
QV2M,2010,-1.7975103014118005e-13,35.625,10.11,11.19,11.95,12.43,12.18,11.66,11.05,11.13,11.21,11.6,11.52,10.14,11.34
QV2M,2010,-1.7975103014118005e-13,36.25,10.06,10.86,12.06,12.41,12.15,11.38,10.9,11.19,10.96,11.29,11.24,9.55,11.17
QV2M,2010,-1.7975103014118005e-13,36.875,10.1,10.86,12.13,12.46,12.07,11.07,10.45,10.74,10.35,10.88,11.36,9.72,11.01
QV2M,2010,-1.7975103014118005e-13,37.5,10.71,11.53,12.62,12.96,12.14,10.87,10.07,10.19,9.88,10.71,11.97,10.47,11.17
QV2M,2010,-1.7975103014118005e-13,38.125,12.15,12.86,14.56,14.98,13.39,11.48,10.47,10.27,10.13,11.18,13.84,11.95,12.26
QV2M,2010,-1.7975103014118005e-13,38.75,12.59,13.16,15.01,15.98,14.47,12.39,11.19,10.9,10.95,11.94,14.32,12.47,12.94
QV2M,2010,-1.7975103014118005e-13,39.375,13.06,13.42,15.21,16.81,15.78,13.61,12.22,11.86,11.9,12.64,14.48,12.8,13.65
QV2M,2010,-1.7975103014118005e-13,40.0,13.54,13.84,15.45,17.27,16.53,14.63,12.95,12.56,12.53,13.14,14.7,13.24,14.19
QV2M,2010,-1.7975103014118005e-13,40.625,13.87,14.04,15.81,18.08,17.43,15.7,13.71,13.2,13.04,13.58,15.04,13.55,14.75
QV2M,2010,-1.7975103014118005e-13,41.25,14.2,14.4,16.23,18.51,17.89,16.18,14.09,13.51,13.38,13.97,15.31,13.89,15.13
QV2M,2010,-1.7975103014118005e-13,41.875,14.74,14.82,16.61,18.68,18.22,16.61,14.47,14.07,13.92,14.41,15.46,14.22,15.52
QV2M,2010,-2.0,34.375,13.41,13.51,14.34,14.16,13.2,11.68,9.34,9.32,10.69,12.03,12.83,12.86,12.27
QV2M,2010,-2.0,35.0,12.33,12.71,13.45,13.64,12.81,11.17,9.32,9.07,9.6,10.98,12.08,11.8,11.57
QV2M,2010,-2.0,35.625,11.49,12.1,12.71,13.2,12.47,10.93,9.53,9.17,9.4,10.35,11.79,11.06,11.17
QV2M,2010,-2.0,36.25,12.01,12.3,13.04,13.44,12.83,11.17,9.57,9.4,9.57,10.41,12.21,11.04,11.41
QV2M,2010,-2.0,36.875,11.44,11.8,12.53,12.89,12.24,10.61,9.19,9.18,9.4,10.14,12.17,10.83,11.03
QV2M,2010,-2.0,37.5,12.17,12.57,13.39,13.63,12.81,11.07,9.79,9.7,9.86,10.67,12.97,11.93,11.7
QV2M,2010,-2.0,38.125,12.72,13.24,14.37,14.71,13.64,11.75,10.64,10.4,10.56,11.5,13.84,12.97,12.52
QV2M,2010,-2.0,38.75,13.51,13.9,15.71,16.28,15.15,12.88,11.66,11.35,11.5,12.67,15.04,13.92,13.63
QV2M,2010,-2.0,39.375,14.13,14.5,16.52,17.63,16.58,14.35,12.83,12.47,12.62,13.71,15.81,14.59,14.64
QV2M,2010,-2.0,40.0,14.6,15.02,16.87,18.55,17.67,15.5,13.65,13.25,13.4,14.32,16.19,15.15,15.34
QV2M,2010,-2.0,40.625,15.46,15.69,17.2,18.99,18.46,16.72,14.68,14.24,14.3,14.96,16.38,15.79,16.07
QV2M,2010,-2.0,41.25,16.97,17.22,18.43,19.42,18.91,17.26,15.27,15.11,15.28,16.11,17.19,16.92,17.0
QV2M,2010,-2.0,41.875,18.09,18.35,19.56,20.05,19.35,17.88,16.2,16.13,16.27,17.2,18.21,18.02,17.94
QV2M,2010,-2.5,34.375,13.28,13.42,14.03,13.72,12.59,11.04,8.74,8.5,9.5,11.29,12.39,12.71,11.76
QV2M,2010,-2.5,35.0,12.44,12.78,13.3,13.39,12.44,10.82,9.02,8.58,8.84,10.36,12.14,11.99,11.33
QV2M,2010,-2.5,35.625,12.48,12.89,13.39,13.63,12.66,10.99,9.18,8.69,8.86,9.98,12.53,12.07,11.43
QV2M,2010,-2.5,36.25,12.48,12.62,13.27,13.51,12.87,11.03,9.57,9.13,9.19,9.99,12.46,11.55,11.46
QV2M,2010,-2.5,36.875,12.48,12.54,13.2,13.45,12.89,10.99,9.12,8.91,9.13,10.02,12.7,11.74,11.42
QV2M,2010,-2.5,37.5,12.94,12.83,13.58,13.61,12.99,11.08,9.51,9.36,9.61,10.38,13.06,12.43,11.77
QV2M,2010,-2.5,38.125,13.38,13.51,14.52,14.63,13.73,11.8,10.63,10.33,10.54,11.36,13.93,13.39,12.64
QV2M,2010,-2.5,38.75,14.3,14.14,15.86,16.22,15.3,13.05,11.77,11.44,11.62,12.71,15.15,14.39,13.82
QV2M,2010,-2.5,39.375,15.05,14.97,16.8,17.56,16.75,14.63,13.03,12.66,12.81,13.87,15.99,15.22,14.94
QV2M,2010,-2.5,40.0,15.49,15.83,17.29,18.5,17.79,15.67,13.8,13.5,13.76,14.74,16.41,15.69,15.7
QV2M,2010,-2.5,40.625,16.98,17.26,18.48,19.49,18.84,17.13,15.25,15.02,15.23,16.12,17.33,16.99,17.0
QV2M,2010,-2.5,41.25,18.22,18.44,19.67,20.12,19.27,17.73,16.13,16.07,16.26,17.18,18.28,18.16,17.96
QV2M,2010,-2.5,41.875,18.13,18.33,19.49,20.05,19.35,17.86,16.19,16.11,16.24,17.17,18.22,18.12,17.93
QV2M,2010,-3.0,34.375,13.3,13.55,13.83,13.49,12.34,10.68,8.68,8.27,8.84,9.97,11.84,12.65,11.44
QV2M,2010,-3.0,35.0,12.69,13.08,13.35,13.39,12.48,10.82,9.13,8.5,8.71,9.65,11.82,12.11,11.3
QV2M,2010,-3.0,35.625,11.83,12.33,12.63,12.83,11.97,10.57,9.22,8.85,8.74,9.42,11.53,11.44,10.94
QV2M,2010,-3.0,36.25,13.01,13.19,13.67,13.81,12.98,11.16,9.62,9.03,9.17,9.7,12.54,12.44,11.68
QV2M,2010,-3.0,36.875,12.92,12.72,13.31,13.63,13.1,11.51,9.95,9.46,9.32,9.82,12.43,12.16,11.69
QV2M,2010,-3.0,37.5,12.16,12.09,12.63,12.8,12.29,10.83,9.52,9.28,9.39,9.86,11.91,11.57,11.19
QV2M,2010,-3.0,38.125,13.66,13.55,14.5,14.52,13.82,11.96,10.78,10.45,10.64,11.29,13.75,13.42,12.69
QV2M,2010,-3.0,38.75,14.83,14.27,16.0,16.21,15.49,13.24,11.93,11.56,11.77,12.71,15.19,14.58,13.98
QV2M,2010,-3.0,39.375,15.51,15.27,16.98,17.65,17.0,14.87,13.19,12.76,12.99,14.02,16.09,15.44,15.14
QV2M,2010,-3.0,40.0,16.47,16.64,17.93,18.7,18.08,16.01,14.19,13.97,14.27,15.29,16.82,16.33,16.22
QV2M,2010,-3.0,40.625,18.26,18.47,19.6,20.05,19.16,17.55,15.98,15.86,16.07,17.06,18.24,18.1,17.86
QV2M,2010,-3.0,41.25,18.34,18.43,19.56,20.08,19.26,17.7,16.1,16.03,16.2,17.11,18.25,18.24,17.94
QV2M,2010,-3.0,41.875,18.25,18.32,19.45,20.07,19.32,17.82,16.16,16.06,16.2,17.14,18.27,18.19,17.93
QV2M,2010,-3.5,34.375,13.93,14.3,14.41,13.7,12.49,10.45,8.67,8.21,8.72,9.35,11.88,12.99,11.57
QV2M,2010,-3.5,35.0,13.28,13.71,14.0,13.76,12.77,10.95,9.46,8.96,9.28,9.88,12.15,12.64,11.72
QV2M,2010,-3.5,35.625,12.62,13.03,13.44,13.38,12.58,10.79,9.46,8.99,9.05,9.57,11.97,12.18,11.41
QV2M,2010,-3.5,36.25,13.14,13.09,13.46,13.56,12.85,10.98,9.53,9.09,9.28,9.86,12.43,12.41,11.63
QV2M,2010,-3.5,36.875,13.33,13.1,13.61,14.06,13.52,11.57,10.25,9.72,9.77,10.4,12.91,12.64,12.06
QV2M,2010,-3.5,37.5,13.04,12.98,13.68,14.5,14.04,12.06,10.74,10.27,10.29,10.91,13.23,12.75,12.37
QV2M,2010,-3.5,38.125,13.47,13.22,14.36,14.58,14.01,12.12,10.92,10.57,10.8,11.51,13.56,13.18,12.69
QV2M,2010,-3.5,38.75,14.68,14.37,15.77,16.1,15.46,13.45,12.12,11.8,12.02,12.84,14.81,14.44,13.98
QV2M,2010,-3.5,39.375,15.6,15.45,17.01,17.7,17.15,15.06,13.35,12.9,13.12,14.16,16.04,15.51,15.25
QV2M,2010,-3.5,40.0,17.54,17.72,18.91,19.37,18.61,16.68,14.98,14.84,15.1,16.2,17.58,17.32,17.06
QV2M,2010,-3.5,40.625,18.51,18.64,19.69,20.07,19.19,17.56,16.03,15.92,16.1,17.08,18.28,18.23,17.94
QV2M,2010,-3.5,41.25,18.54,18.5,19.58,20.08,19.23,17.66,16.08,15.99,16.15,17.08,18.31,18.29,17.95
QV2M,2010,-3.5,41.875,18.41,18.37,19.43,20.09,19.26,17.77,16.12,16.0,16.16,17.08,18.29,18.21,17.93
QV2M,2010,-4.0,34.375,14.05,14.51,14.68,13.62,12.37,10.13,8.59,8.05,8.48,8.95,11.53,13.08,11.48
QV2M,2010,-4.0,35.0,13.12,13.58,13.94,13.39,12.37,10.37,8.91,8.39,8.74,9.13,11.43,12.44,11.3
QV2M,2010,-4.0,35.625,12.74,13.09,13.59,13.27,12.43,10.59,9.31,8.96,9.07,9.34,11.58,12.2,11.34
QV2M,2010,-4.0,36.25,13.15,13.09,13.59,13.52,12.72,10.78,9.45,9.07,9.29,9.61,12.06,12.4,11.55
QV2M,2010,-4.0,36.875,13.3,13.12,13.82,13.99,13.2,11.21,10.02,9.63,9.76,10.2,12.64,12.78,11.96
QV2M,2010,-4.0,37.5,13.53,13.35,14.29,14.63,13.88,11.8,10.58,10.19,10.37,10.95,13.3,13.21,12.5
QV2M,2010,-4.0,38.125,13.78,13.58,14.89,15.17,14.52,12.41,11.19,10.78,11.04,11.85,14.01,13.64,13.07
QV2M,2010,-4.0,38.75,14.8,14.59,16.17,16.64,16.02,13.93,12.5,12.15,12.41,13.23,15.17,14.66,14.35
QV2M,2010,-4.0,39.375,15.82,15.87,17.33,18.15,17.63,15.45,13.71,13.27,13.48,14.52,16.19,15.79,15.6
QV2M,2010,-4.0,40.0,18.41,18.65,19.61,19.8,18.92,17.23,15.69,15.53,15.74,16.84,18.1,18.07,17.71
QV2M,2010,-4.0,40.625,18.73,18.84,19.77,20.08,19.18,17.52,16.03,15.9,16.05,17.05,18.31,18.32,17.97
QV2M,2010,-4.0,41.25,18.73,18.66,19.69,20.09,19.2,17.62,16.04,15.93,16.09,17.05,18.37,18.32,17.98
QV2M,2010,-4.0,41.875,18.56,18.47,19.47,20.08,19.18,17.71,16.06,15.94,16.1,17.02,18.34,18.23,17.92
QV2M,2010,-4.5,34.375,13.42,13.83,14.2,12.99,11.86,9.73,8.51,7.89,8.12,8.32,10.62,12.47,10.98
QV2M,2010,-4.5,35.0,12.63,13.15,13.62,12.97,12.02,9.92,8.66,8.15,8.41,8.65,10.78,11.97,10.9
QV2M,2010,-4.5,35.625,12.64,13.0,13.54,13.13,12.27,10.25,9.02,8.67,8.89,9.17,11.28,12.05,11.15
QV2M,2010,-4.5,36.25,13.27,13.24,13.77,13.62,12.72,10.6,9.31,9.04,9.37,9.7,11.92,12.6,11.59
QV2M,2010,-4.5,36.875,13.26,13.08,13.88,14.01,13.08,11.0,9.86,9.63,9.89,10.23,12.42,12.89,11.93
QV2M,2010,-4.5,37.5,13.84,13.57,14.51,14.81,14.0,11.82,10.65,10.39,10.64,11.01,13.17,13.49,12.65
QV2M,2010,-4.5,38.125,14.2,13.96,15.0,15.23,14.59,12.64,11.36,11.03,11.24,11.8,13.77,13.94,13.22
QV2M,2010,-4.5,38.75,15.47,15.28,16.63,16.96,16.36,14.25,12.73,12.42,12.65,13.57,15.43,15.27,14.75
QV2M,2010,-4.5,39.375,17.15,17.21,18.4,18.9,18.26,16.17,14.54,14.27,14.43,15.46,16.93,16.8,16.54
QV2M,2010,-4.5,40.0,18.83,19.01,19.82,19.87,18.95,17.29,15.78,15.62,15.8,16.93,18.21,18.24,17.85
QV2M,2010,-4.5,40.625,18.9,18.95,19.81,20.06,19.12,17.46,15.99,15.85,15.98,17.01,18.24,18.3,17.96
QV2M,2010,-4.5,41.25,18.85,18.78,19.72,20.11,19.15,17.55,16.0,15.87,16.01,17.0,18.29,18.3,17.96
QV2M,2010,-4.5,41.875,18.65,18.59,19.54,20.09,19.1,17.64,16.0,15.88,16.04,16.98,18.3,18.23,17.91
QV2M,2010,0.5,34.375,11.42,12.62,13.95,15.08,15.38,14.28,13.43,13.59,14.17,14.32,13.79,12.16,13.68
QV2M,2010,0.5,35.0,10.74,11.85,12.91,13.62,13.79,13.02,12.4,12.47,12.74,12.87,12.56,10.95,12.49
QV2M,2010,0.5,35.625,10.78,11.56,12.9,13.45,13.45,12.84,12.34,12.38,12.34,12.52,11.96,9.77,12.19
QV2M,2010,0.5,36.25,10.49,11.24,12.5,12.88,12.81,12.02,11.96,12.42,11.96,11.49,11.41,9.43,11.72
QV2M,2010,0.5,36.875,10.59,11.33,12.56,12.86,12.23,11.13,11.11,11.55,10.79,10.81,11.61,9.68,11.35
QV2M,2010,0.5,37.5,10.95,11.79,13.15,13.49,12.24,10.94,10.48,10.67,9.96,10.72,12.33,10.35,11.42
QV2M,2010,0.5,38.125,11.67,12.5,14.09,14.78,13.26,11.55,10.5,10.29,10.11,11.12,13.42,11.44,12.05
QV2M,2010,0.5,38.75,12.41,13.02,14.74,15.79,14.39,12.42,11.15,10.84,10.87,11.81,13.95,11.99,12.77
QV2M,2010,0.5,39.375,12.94,13.26,15.18,16.66,15.66,13.52,12.1,11.69,11.7,12.44,14.18,12.29,13.46
QV2M,2010,0.5,40.0,13.31,13.5,15.36,17.17,16.43,14.46,12.76,12.32,12.24,12.9,14.31,12.63,13.95
QV2M,2010,0.5,40.625,13.66,13.79,15.75,17.86,17.21,15.31,13.32,12.85,12.66,13.31,14.51,12.98,14.43
QV2M,2010,0.5,41.25,14.02,14.18,16.2,18.06,17.46,15.71,13.7,13.24,13.14,13.77,14.81,13.38,14.8
QV2M,2010,0.5,41.875,14.43,14.48,16.53,18.43,17.86,16.18,14.08,13.8,13.58,14.15,15.02,13.71,15.19
QV2M,2010,1.0,34.375,10.33,11.5,12.47,13.21,13.72,12.78,12.02,12.26,12.68,12.66,12.06,10.59,12.19
QV2M,2010,1.0,35.0,10.31,11.23,12.45,12.95,13.25,12.41,11.86,12.05,12.15,12.17,11.84,10.17,11.9
QV2M,2010,1.0,35.625,10.32,11.11,12.78,13.35,13.85,12.76,12.28,12.64,12.42,11.97,11.43,9.12,12.0
QV2M,2010,1.0,36.25,10.18,11.04,12.51,13.02,13.13,12.03,12.27,12.85,12.3,11.32,11.36,9.15,11.76
QV2M,2010,1.0,36.875,10.48,11.43,12.7,13.19,12.3,11.05,11.11,11.57,10.76,10.77,11.82,9.83,11.41
QV2M,2010,1.0,37.5,11.13,12.04,13.55,14.06,12.62,11.24,10.68,10.72,10.01,10.78,12.6,10.42,11.65
QV2M,2010,1.0,38.125,11.54,12.4,14.23,14.83,13.31,11.65,10.57,10.36,10.18,11.12,13.28,11.05,12.04
QV2M,2010,1.0,38.75,12.21,12.86,14.87,15.8,14.35,12.45,11.15,10.84,10.83,11.71,13.77,11.49,12.69
QV2M,2010,1.0,39.375,12.61,13.04,15.24,16.69,15.58,13.44,11.97,11.58,11.53,12.27,13.93,11.74,13.3
QV2M,2010,1.0,40.0,13.01,13.24,15.34,17.26,16.35,14.32,12.58,12.09,11.97,12.7,13.94,12.08,13.74
QV2M,2010,1.0,40.625,13.38,13.46,15.75,17.81,17.02,15.02,13.02,12.55,12.32,13.07,14.11,12.46,14.16
QV2M,2010,1.0,41.25,13.71,13.74,16.12,17.94,17.31,15.55,13.49,13.01,12.82,13.49,14.35,12.8,14.53
QV2M,2010,1.0,41.875,13.85,13.94,16.25,18.36,17.66,15.82,13.71,13.51,13.27,13.83,14.53,13.09,14.82
QV2M,2010,1.5,34.375,10.06,11.46,13.04,13.76,15.1,13.88,12.95,13.42,13.66,13.52,12.14,9.89,12.74
QV2M,2010,1.5,35.0,10.24,11.27,12.93,13.44,14.33,13.16,12.54,12.89,12.84,12.57,11.69,9.39,12.28
QV2M,2010,1.5,35.625,10.12,11.18,12.99,13.52,14.43,12.8,12.55,13.01,12.49,11.78,11.38,8.94,12.1
QV2M,2010,1.5,36.25,10.07,11.21,12.99,13.41,13.47,12.14,12.17,12.51,11.75,11.13,11.41,9.19,11.79
QV2M,2010,1.5,36.875,10.56,11.6,13.14,13.69,12.57,11.28,10.98,11.09,10.21,10.68,12.05,9.91,11.48
QV2M,2010,1.5,37.5,11.06,12.14,13.92,14.44,12.99,11.68,10.91,10.83,10.3,11.01,12.76,10.45,11.87
QV2M,2010,1.5,38.125,11.56,12.53,14.67,15.25,13.54,11.9,10.73,10.46,10.29,11.29,13.43,10.85,12.2
QV2M,2010,1.5,38.75,12.08,12.93,15.46,16.23,14.48,12.51,11.21,10.91,10.84,11.82,13.89,11.03,12.77
QV2M,2010,1.5,39.375,12.35,13.1,15.25,16.9,15.57,13.48,11.95,11.48,11.35,12.17,13.64,11.24,13.2
QV2M,2010,1.5,40.0,12.56,13.14,15.48,17.2,16.12,14.16,12.37,11.89,11.7,12.5,13.77,11.48,13.53
QV2M,2010,1.5,40.625,13.01,13.1,15.81,17.75,16.76,14.82,12.76,12.3,12.03,12.83,13.68,11.81,13.89
QV2M,2010,1.5,41.25,12.96,13.22,15.68,17.93,17.1,15.23,13.19,12.79,12.56,13.15,13.77,12.06,14.14
QV2M,2010,1.5,41.875,13.02,13.24,16.12,18.33,17.41,15.47,13.38,13.21,12.94,13.52,14.04,12.39,14.42
QV2M,2010,2.0,34.375,9.88,11.52,13.18,13.8,15.54,14.12,13.31,13.78,13.77,13.41,11.87,9.27,12.79
QV2M,2010,2.0,35.0,9.95,11.22,12.93,13.49,14.63,13.05,12.56,12.96,12.61,12.17,11.46,9.03,12.17
QV2M,2010,2.0,35.625,10.03,11.18,13.2,13.7,14.3,12.58,12.36,12.69,11.89,11.43,11.27,8.9,11.96
QV2M,2010,2.0,36.25,10.16,11.46,13.44,13.78,13.72,11.95,11.72,12.07,10.94,10.65,11.55,9.34,11.73
QV2M,2010,2.0,36.875,10.59,11.77,13.45,14.0,12.77,11.48,10.86,10.82,10.04,10.7,12.23,9.89,11.54
QV2M,2010,2.0,37.5,11.15,12.38,14.28,15.0,13.39,11.88,10.83,10.67,10.22,11.16,12.99,10.44,12.02
QV2M,2010,2.0,38.125,11.37,12.69,14.89,15.73,13.9,12.08,10.84,10.54,10.37,11.61,13.53,10.54,12.33
QV2M,2010,2.0,38.75,11.47,12.9,15.1,16.32,14.64,12.71,11.31,10.92,10.76,11.96,13.6,10.56,12.68
QV2M,2010,2.0,39.375,11.63,12.83,15.08,16.92,15.51,13.51,11.9,11.35,11.13,12.14,13.36,10.56,12.99
QV2M,2010,2.0,40.0,11.76,12.73,15.36,17.16,15.98,14.05,12.25,11.69,11.4,12.41,13.4,10.74,13.24
QV2M,2010,2.0,40.625,12.1,12.35,16.08,17.79,16.54,14.52,12.48,12.1,11.74,12.64,13.27,10.98,13.55
QV2M,2010,2.0,41.25,12.24,12.66,15.93,17.89,16.85,14.97,12.87,12.49,12.18,12.87,13.35,11.25,13.8
QV2M,2010,2.0,41.875,11.96,12.63,16.16,18.24,17.13,15.16,13.02,13.02,12.6,13.31,13.65,11.48,14.03
QV2M,2010,2.5,34.375,9.79,11.29,12.86,13.44,14.98,13.16,12.72,13.14,12.65,12.24,11.24,8.82,12.2
QV2M,2010,2.5,35.0,10.12,11.26,13.12,13.71,14.55,12.8,12.34,12.56,11.79,11.73,11.42,8.96,12.03
QV2M,2010,2.5,35.625,10.36,11.34,13.53,14.03,14.31,12.58,12.0,12.14,11.15,11.08,11.42,9.15,11.92
QV2M,2010,2.5,36.25,11.18,12.34,14.25,14.7,14.2,12.61,11.75,11.97,11.09,11.57,12.47,10.36,12.37
QV2M,2010,2.5,36.875,10.94,12.23,13.95,14.59,13.34,11.98,10.99,10.93,10.27,11.17,12.54,10.1,11.91
QV2M,2010,2.5,37.5,10.95,12.32,14.51,15.26,13.57,11.85,10.71,10.53,10.09,11.31,12.8,9.91,11.98
QV2M,2010,2.5,38.125,10.4,12.41,14.54,15.69,14.01,12.22,10.86,10.55,10.34,11.68,12.93,9.75,12.11
QV2M,2010,2.5,38.75,10.42,12.44,14.84,16.27,14.66,12.78,11.29,10.84,10.61,11.94,12.91,9.62,12.38
QV2M,2010,2.5,39.375,10.49,12.14,14.9,16.75,15.33,13.38,11.74,11.17,10.86,12.08,12.72,9.51,12.58
QV2M,2010,2.5,40.0,10.6,12.01,15.14,16.91,15.68,13.8,12.05,11.48,11.08,12.25,12.62,9.65,12.77
QV2M,2010,2.5,40.625,10.76,11.9,15.66,17.25,16.08,14.16,12.22,11.86,11.43,12.47,12.52,9.91,13.02
QV2M,2010,2.5,41.25,10.6,12.06,15.5,17.3,16.28,14.56,12.59,12.25,11.9,12.69,12.56,10.07,13.2
QV2M,2010,2.5,41.875,10.79,12.11,15.6,17.52,16.56,14.78,12.77,12.71,12.3,13.05,12.91,10.38,13.46
QV2M,2010,3.0,34.375,10.09,11.34,12.82,13.54,14.59,12.91,12.52,12.65,11.75,11.71,11.02,8.63,11.97
QV2M,2010,3.0,35.0,10.53,11.51,13.46,14.2,14.88,12.97,12.28,12.31,11.26,11.58,11.38,8.93,12.11
QV2M,2010,3.0,35.625,11.13,11.89,14.23,14.85,14.73,12.95,11.98,11.78,10.87,11.36,11.82,9.46,12.25
QV2M,2010,3.0,36.25,12.64,13.58,15.33,15.8,14.87,13.3,12.1,12.2,11.66,12.69,13.49,11.46,13.25
QV2M,2010,3.0,36.875,10.94,12.25,14.3,14.92,13.56,11.95,10.81,10.71,10.08,11.24,12.29,9.52,11.87
QV2M,2010,3.0,37.5,10.45,12.14,14.62,15.42,13.74,11.94,10.72,10.51,10.09,11.44,12.25,9.1,11.86
QV2M,2010,3.0,38.125,9.5,11.95,14.44,15.7,14.11,12.33,10.86,10.52,10.24,11.66,12.16,8.8,11.85
QV2M,2010,3.0,38.75,9.37,11.76,14.68,16.13,14.61,12.72,11.17,10.73,10.42,11.86,11.95,8.59,11.99
QV2M,2010,3.0,39.375,9.39,11.37,14.56,16.42,15.03,13.17,11.55,10.98,10.57,11.95,11.75,8.54,12.1
QV2M,2010,3.0,40.0,9.53,11.33,14.88,16.64,15.34,13.49,11.78,11.23,10.75,12.12,11.73,8.72,12.29
QV2M,2010,3.0,40.625,9.64,11.4,15.07,16.69,15.6,13.79,11.96,11.6,11.13,12.35,11.73,8.96,12.49
QV2M,2010,3.0,41.25,9.76,11.43,15.12,16.77,15.78,14.13,12.26,11.96,11.53,12.54,11.86,9.16,12.69
QV2M,2010,3.0,41.875,10.12,11.49,15.04,16.87,15.89,14.28,12.42,12.27,11.81,12.69,12.26,9.43,12.88
QV2M,2010,3.5,34.375,10.25,11.52,12.82,13.82,14.65,12.79,12.35,12.39,11.4,11.72,11.35,8.86,11.99
QV2M,2010,3.5,35.0,11.11,12.03,13.87,14.79,15.17,13.17,12.38,12.34,11.3,11.71,11.67,9.11,12.39
QV2M,2010,3.5,35.625,12.08,12.82,14.7,15.45,14.83,13.03,11.9,11.69,10.86,11.88,12.37,10.0,12.63
QV2M,2010,3.5,36.25,12.73,13.88,15.26,15.99,14.86,13.35,12.21,12.2,11.73,12.91,13.44,11.22,13.31
QV2M,2010,3.5,36.875,10.78,12.16,14.42,15.24,13.81,12.05,10.74,10.6,9.93,11.33,11.72,8.68,11.78
QV2M,2010,3.5,37.5,10.03,11.61,14.13,15.18,13.79,11.98,10.71,10.52,9.99,11.45,11.43,8.29,11.59
QV2M,2010,3.5,38.125,8.89,11.3,13.99,15.54,14.24,12.46,11.03,10.56,10.12,11.7,11.29,7.99,11.59
QV2M,2010,3.5,38.75,8.61,10.89,13.96,15.64,14.44,12.64,11.17,10.69,10.22,11.77,10.99,7.76,11.56
QV2M,2010,3.5,39.375,8.75,10.75,14.03,15.83,14.62,12.89,11.32,10.85,10.3,11.85,11.09,7.87,11.68
QV2M,2010,3.5,40.0,8.9,10.78,14.54,16.34,14.96,13.13,11.51,11.0,10.46,12.05,11.22,8.04,11.91
QV2M,2010,3.5,40.625,9.04,10.86,14.94,16.47,15.22,13.3,11.62,11.29,10.77,12.27,11.38,8.31,12.12
QV2M,2010,3.5,41.25,9.39,11.1,14.9,16.5,15.37,13.73,11.97,11.67,11.19,12.43,11.58,8.68,12.38
QV2M,2010,3.5,41.875,9.61,11.17,14.9,16.66,15.51,13.91,12.11,11.94,11.44,12.55,11.84,8.89,12.55
QV2M,2010,4.0,34.375,11.04,11.85,13.56,14.77,15.41,13.51,12.96,12.88,12.03,12.42,11.73,8.91,12.59
QV2M,2010,4.0,35.0,12.04,12.54,14.4,15.56,15.62,13.61,12.6,12.46,11.51,12.09,12.01,9.25,12.81
QV2M,2010,4.0,35.625,12.38,13.3,14.74,15.79,14.92,13.05,11.98,11.76,10.99,12.23,12.46,9.94,12.79
QV2M,2010,4.0,36.25,12.81,14.05,15.31,16.28,15.12,13.6,12.45,12.44,12.01,13.41,13.3,11.01,13.47
QV2M,2010,4.0,36.875,10.54,11.83,14.06,15.13,13.88,12.09,10.84,10.68,9.9,11.58,10.99,7.98,11.62
QV2M,2010,4.0,37.5,9.67,11.06,13.75,14.91,13.81,12.01,10.73,10.55,9.87,11.53,10.43,7.45,11.31
QV2M,2010,4.0,38.125,8.24,10.45,13.14,14.63,13.84,12.15,10.84,10.54,10.01,11.55,10.29,7.22,11.07
QV2M,2010,4.0,38.75,8.12,10.31,13.15,14.59,13.79,12.25,10.78,10.44,9.95,11.54,10.47,7.22,11.05
QV2M,2010,4.0,39.375,8.27,10.33,13.72,15.25,14.22,12.52,10.96,10.57,10.04,11.81,10.83,7.38,11.32
QV2M,2010,4.0,40.0,8.45,10.34,14.15,15.89,14.68,12.84,11.17,10.77,10.19,11.99,11.02,7.57,11.59
QV2M,2010,4.0,40.625,8.81,10.49,14.61,16.25,14.87,12.87,11.28,10.97,10.43,12.14,11.38,7.9,11.83
QV2M,2010,4.0,41.25,9.31,10.75,14.73,16.58,15.12,13.37,11.63,11.33,10.83,12.33,11.56,8.21,12.15
QV2M,2010,4.0,41.875,9.54,10.84,14.88,16.88,15.44,13.69,11.87,11.65,11.16,12.56,11.69,8.38,12.38
QV2M,2010,4.5,34.375,11.54,12.2,14.34,15.59,16.23,13.89,13.22,13.3,12.46,12.95,12.04,8.9,13.06
QV2M,2010,4.5,35.0,12.8,13.02,14.73,16.17,15.95,13.88,12.84,12.57,11.8,12.47,12.13,9.17,13.12
QV2M,2010,4.5,35.625,12.61,13.42,14.72,16.09,15.19,13.13,12.06,11.8,11.08,12.41,12.09,9.35,12.82
QV2M,2010,4.5,36.25,12.46,13.19,14.78,15.94,14.81,12.97,11.77,11.66,10.98,12.73,11.78,9.25,12.69
QV2M,2010,4.5,36.875,11.07,12.24,14.14,15.27,14.25,12.53,11.37,11.24,10.55,12.39,10.93,8.18,12.01
QV2M,2010,4.5,37.5,9.64,10.64,13.41,14.56,13.8,11.91,10.62,10.67,9.92,11.87,9.79,6.99,11.15
QV2M,2010,4.5,38.125,8.09,10.04,12.55,13.89,13.34,11.8,10.5,10.37,9.78,11.4,9.81,6.85,10.7
QV2M,2010,4.5,38.75,8.05,10.06,12.93,14.37,13.61,12.0,10.59,10.36,9.81,11.6,10.09,6.97,10.87
QV2M,2010,4.5,39.375,8.0,9.95,13.28,15.02,14.03,12.26,10.74,10.42,9.88,11.74,10.26,7.08,11.06
QV2M,2010,4.5,40.0,8.06,9.95,13.2,14.92,14.04,12.41,10.87,10.54,10.02,11.76,10.37,7.23,11.11
QV2M,2010,4.5,40.625,8.41,10.11,13.89,15.81,14.59,12.61,10.98,10.71,10.19,12.03,10.97,7.64,11.5
QV2M,2010,4.5,41.25,8.86,10.35,14.19,16.29,14.86,13.04,11.37,11.03,10.54,12.22,11.21,7.97,11.83
QV2M,2010,4.5,41.875,9.11,10.46,14.76,17.11,15.54,13.5,11.65,11.4,10.95,12.63,11.51,7.93,12.22
QV2M,2011,-0.5,34.375,12.11,11.53,13.09,14.3,14.32,13.65,12.42,12.83,13.48,13.99,14.18,13.53,13.29
QV2M,2011,-0.5,35.0,10.8,9.94,11.63,12.53,13.14,12.78,11.74,11.96,12.48,12.57,13.04,12.32,12.09
QV2M,2011,-0.5,35.625,9.31,8.56,9.88,10.64,11.25,11.16,10.35,10.53,10.77,10.79,11.28,10.54,10.43
QV2M,2011,-0.5,36.25,8.9,8.21,9.78,10.78,11.11,11.09,10.23,10.48,10.63,10.88,11.43,10.5,10.35
QV2M,2011,-0.5,36.875,8.8,8.4,10.18,11.43,11.43,11.26,10.19,10.5,10.67,11.4,12.0,10.91,10.61
QV2M,2011,-0.5,37.5,10.07,9.5,11.3,12.72,12.48,11.96,10.8,11.08,11.3,12.62,13.55,12.24,11.64
QV2M,2011,-0.5,38.125,10.61,10.26,12.0,13.35,12.78,11.53,10.5,10.63,10.89,13.31,14.71,13.25,11.99
QV2M,2011,-0.5,38.75,11.47,11.02,12.64,14.29,13.82,12.14,11.27,11.22,11.72,14.23,15.68,13.93,12.79
QV2M,2011,-0.5,39.375,12.11,11.53,12.92,15.18,15.07,12.98,12.31,12.06,12.73,15.05,16.37,14.79,13.6
QV2M,2011,-0.5,40.0,12.67,12.08,13.35,15.55,15.64,13.54,13.06,12.54,13.17,15.45,16.65,15.4,14.1
QV2M,2011,-0.5,40.625,13.23,12.62,13.74,15.56,16.17,14.01,13.79,12.96,13.36,15.96,17.16,16.09,14.56
QV2M,2011,-0.5,41.25,13.69,13.19,14.2,15.83,16.56,14.33,14.23,13.32,13.68,16.26,17.46,16.54,14.95
QV2M,2011,-0.5,41.875,14.44,14.08,14.91,16.48,17.02,15.1,14.79,14.06,14.42,16.49,17.59,17.07,15.55
QV2M,2011,-1.0,34.375,12.02,11.37,13.21,14.15,13.9,13.19,11.85,12.51,13.15,13.32,13.99,14.02,13.06
QV2M,2011,-1.0,35.0,10.71,9.92,11.59,12.47,12.61,12.31,11.0,11.39,11.88,11.94,12.71,12.59,11.77
QV2M,2011,-1.0,35.625,9.67,8.96,10.41,11.34,11.83,11.64,10.48,10.72,11.05,11.19,11.89,11.61,10.91
QV2M,2011,-1.0,36.25,9.18,8.62,10.33,11.41,11.71,11.42,10.29,10.62,10.87,11.3,11.98,11.35,10.77
QV2M,2011,-1.0,36.875,9.58,9.01,10.87,11.98,11.7,11.37,10.18,10.5,10.63,11.69,12.66,11.76,11.0
QV2M,2011,-1.0,37.5,10.66,10.15,11.88,13.12,12.65,11.91,10.65,11.03,11.23,12.81,13.91,12.93,11.92
QV2M,2011,-1.0,38.125,10.82,10.41,12.16,13.46,12.87,11.47,10.47,10.64,10.9,13.21,14.45,12.84,11.98
QV2M,2011,-1.0,38.75,11.84,11.4,12.9,14.61,14.03,12.22,11.35,11.36,11.89,14.44,15.93,13.91,13.0
QV2M,2011,-1.0,39.375,12.46,11.9,13.24,15.65,15.35,13.12,12.43,12.22,12.94,15.4,16.69,14.88,13.86
QV2M,2011,-1.0,40.0,13.1,12.49,13.77,16.03,15.93,13.76,13.22,12.76,13.44,15.82,17.05,15.67,14.43
QV2M,2011,-1.0,40.625,13.75,13.11,14.2,15.98,16.41,14.29,14.01,13.22,13.66,16.14,17.32,16.28,14.87
QV2M,2011,-1.0,41.25,14.26,13.78,14.76,16.22,16.72,14.65,14.48,13.62,14.0,16.39,17.54,16.77,15.27
QV2M,2011,-1.0,41.875,15.77,15.49,16.32,17.58,17.68,15.94,15.51,14.9,15.35,17.03,17.91,17.6,16.43
QV2M,2011,-1.5,34.375,11.96,11.27,12.64,13.65,13.12,12.61,11.12,11.92,12.63,12.74,13.72,14.3,12.65
QV2M,2011,-1.5,35.0,10.91,10.28,11.67,12.6,12.34,11.93,10.35,10.93,11.47,11.78,12.71,13.18,11.69
QV2M,2011,-1.5,35.625,9.78,9.21,10.59,11.7,11.87,11.2,9.86,10.26,10.59,11.1,11.86,11.73,10.82
QV2M,2011,-1.5,36.25,9.36,9.15,10.89,12.06,12.16,11.63,10.16,10.72,10.74,11.49,12.56,11.78,11.07
QV2M,2011,-1.5,36.875,9.44,9.18,10.83,11.92,11.56,10.95,9.6,10.21,10.14,11.38,12.49,11.82,10.8
QV2M,2011,-1.5,37.5,10.29,9.93,11.57,12.68,12.2,11.21,9.91,10.4,10.52,12.18,13.38,12.59,11.41
QV2M,2011,-1.5,38.125,11.4,10.93,12.47,13.62,13.04,11.6,10.57,10.76,11.05,13.12,14.43,13.3,12.2
QV2M,2011,-1.5,38.75,12.17,11.83,13.16,14.89,14.17,12.33,11.46,11.45,12.04,14.46,15.86,14.16,13.17
QV2M,2011,-1.5,39.375,12.84,12.38,13.65,15.99,15.43,13.27,12.49,12.33,13.1,15.5,16.78,15.23,14.09
QV2M,2011,-1.5,40.0,13.52,12.9,14.07,16.44,16.26,14.02,13.43,12.98,13.73,16.15,17.32,16.13,14.75
QV2M,2011,-1.5,40.625,14.1,13.53,14.55,16.4,16.61,14.6,14.22,13.5,14.01,16.36,17.47,16.59,15.17
QV2M,2011,-1.5,41.25,14.78,14.38,15.22,16.69,16.98,15.02,14.75,13.97,14.44,16.64,17.77,17.36,15.67
QV2M,2011,-1.5,41.875,16.95,16.78,17.6,18.68,18.38,16.83,16.25,15.77,16.28,17.65,18.39,18.54,17.34
QV2M,2011,-1.7975103014118005e-13,34.375,11.79,11.02,13.13,14.3,14.75,14.02,12.84,13.33,13.84,14.5,14.26,13.19,13.43
QV2M,2011,-1.7975103014118005e-13,35.0,10.75,9.95,11.82,12.71,13.75,13.26,12.34,12.56,13.02,13.28,13.4,12.22,12.43
QV2M,2011,-1.7975103014118005e-13,35.625,9.29,8.48,10.13,10.87,11.89,11.78,11.05,11.2,11.42,11.46,11.87,10.81,10.87
QV2M,2011,-1.7975103014118005e-13,36.25,8.44,7.87,9.68,10.56,11.51,11.74,11.0,11.42,11.46,11.21,12.18,10.83,10.67
QV2M,2011,-1.7975103014118005e-13,36.875,8.56,8.08,9.81,10.86,11.35,11.39,10.57,10.98,10.99,11.24,12.11,10.93,10.58
QV2M,2011,-1.7975103014118005e-13,37.5,9.34,8.8,10.58,11.72,11.55,11.15,10.18,10.42,10.59,11.7,12.48,11.49,10.84
QV2M,2011,-1.7975103014118005e-13,38.125,10.51,10.15,11.9,13.28,12.69,11.59,10.47,10.58,10.86,13.46,14.89,13.41,11.99
QV2M,2011,-1.7975103014118005e-13,38.75,11.17,10.75,12.42,14.14,13.76,12.11,11.23,11.12,11.64,14.24,15.67,14.06,12.7
QV2M,2011,-1.7975103014118005e-13,39.375,11.68,11.18,12.57,14.79,14.78,12.84,12.17,11.89,12.5,14.96,16.3,14.76,13.38
QV2M,2011,-1.7975103014118005e-13,40.0,12.2,11.69,12.89,15.07,15.29,13.35,12.87,12.32,12.87,15.33,16.61,15.35,13.83
QV2M,2011,-1.7975103014118005e-13,40.625,12.63,12.15,13.25,15.2,15.78,13.68,13.48,12.63,13.04,15.97,17.3,16.1,14.28
QV2M,2011,-1.7975103014118005e-13,41.25,13.1,12.68,13.69,15.57,16.24,13.97,13.92,13.01,13.39,16.3,17.59,16.35,14.66
QV2M,2011,-1.7975103014118005e-13,41.875,13.57,13.2,14.13,16.04,16.68,14.61,14.33,13.56,13.89,16.47,17.85,17.11,15.13
QV2M,2011,-2.0,34.375,12.0,11.26,12.6,13.42,12.61,11.81,10.14,11.38,12.14,12.5,13.55,14.4,12.32
QV2M,2011,-2.0,35.0,10.92,10.29,11.63,12.52,12.04,11.41,9.55,10.36,10.83,11.71,12.6,13.27,11.43
QV2M,2011,-2.0,35.625,10.14,9.51,11.04,12.01,11.83,11.0,9.49,9.96,10.16,11.3,12.02,12.0,10.88
QV2M,2011,-2.0,36.25,9.81,9.79,11.44,12.33,12.01,11.17,9.64,10.23,10.22,11.59,12.68,12.16,11.09
QV2M,2011,-2.0,36.875,9.5,9.42,11.1,12.06,11.55,10.67,9.25,9.87,9.97,11.4,12.42,11.84,10.76
QV2M,2011,-2.0,37.5,10.56,10.35,11.97,12.81,12.2,11.02,9.77,10.27,10.46,12.18,13.35,12.71,11.48
QV2M,2011,-2.0,38.125,11.69,11.42,12.71,13.73,13.11,11.57,10.57,10.78,11.14,13.11,14.41,13.47,12.31
QV2M,2011,-2.0,38.75,12.65,12.57,13.56,15.15,14.39,12.5,11.6,11.61,12.24,14.54,15.91,14.5,13.44
QV2M,2011,-2.0,39.375,13.39,13.1,14.19,16.32,15.62,13.49,12.64,12.47,13.3,15.59,16.82,15.67,14.39
QV2M,2011,-2.0,40.0,14.04,13.54,14.71,16.87,16.42,14.24,13.56,13.18,13.99,16.3,17.45,16.51,15.07
QV2M,2011,-2.0,40.625,14.89,14.44,15.38,17.1,17.01,15.07,14.61,14.01,14.63,16.7,17.7,17.18,15.73
QV2M,2011,-2.0,41.25,16.43,16.23,17.06,18.11,17.73,16.11,15.67,15.14,15.72,17.19,17.9,18.09,16.78
QV2M,2011,-2.0,41.875,17.66,17.5,18.29,19.31,18.76,17.37,16.66,16.29,16.8,17.86,18.59,18.97,17.84
QV2M,2011,-2.5,34.375,11.79,11.31,12.6,12.87,11.9,10.73,9.0,10.29,10.92,12.03,13.19,14.2,11.74
QV2M,2011,-2.5,35.0,11.08,10.61,11.85,12.34,11.62,10.83,8.84,9.6,9.85,11.47,12.31,13.25,11.14
QV2M,2011,-2.5,35.625,10.93,10.24,12.12,12.52,11.9,10.67,8.91,9.4,9.69,11.7,12.42,12.92,11.12
QV2M,2011,-2.5,36.25,10.13,10.31,12.06,12.36,11.96,10.86,9.27,9.64,9.89,11.58,12.55,12.6,11.1
QV2M,2011,-2.5,36.875,10.16,10.27,12.11,12.42,12.04,10.51,9.0,9.44,9.73,11.74,12.81,12.6,11.07
QV2M,2011,-2.5,37.5,10.9,10.9,12.46,12.74,12.26,10.8,9.42,9.87,10.24,12.05,13.25,13.15,11.51
QV2M,2011,-2.5,38.125,12.07,11.99,13.03,13.79,13.19,11.5,10.49,10.75,11.19,13.1,14.47,14.03,12.47
QV2M,2011,-2.5,38.75,13.18,13.34,13.95,15.32,14.52,12.6,11.68,11.71,12.38,14.48,15.91,15.11,13.68
QV2M,2011,-2.5,39.375,14.07,13.98,14.71,16.58,15.77,13.73,12.79,12.59,13.5,15.6,16.84,16.29,14.71
QV2M,2011,-2.5,40.0,14.86,14.66,15.57,17.23,16.61,14.61,13.83,13.52,14.4,16.39,17.54,17.08,15.53
QV2M,2011,-2.5,40.625,16.47,16.27,17.09,18.33,17.82,16.15,15.52,15.12,15.79,17.29,18.11,18.13,16.84
QV2M,2011,-2.5,41.25,17.92,17.75,18.47,19.44,18.72,17.3,16.59,16.23,16.78,17.82,18.61,19.02,17.89
QV2M,2011,-2.5,41.875,17.83,17.65,18.26,19.22,18.75,17.35,16.64,16.27,16.78,17.81,18.53,19.0,17.84
QV2M,2011,-3.0,34.375,11.93,11.64,12.67,12.88,11.68,9.94,8.36,9.31,9.58,11.49,12.75,14.12,11.36
QV2M,2011,-3.0,35.0,11.32,11.08,12.1,12.51,11.68,10.51,8.63,9.2,9.5,11.09,11.95,13.23,11.07
QV2M,2011,-3.0,35.625,10.47,10.31,11.51,11.91,11.37,10.37,8.93,9.09,9.5,10.69,11.29,12.17,10.64
QV2M,2011,-3.0,36.25,10.73,10.54,12.73,12.9,12.25,10.91,9.06,9.47,9.95,11.54,12.33,13.1,11.3
QV2M,2011,-3.0,36.875,10.58,10.59,12.35,12.4,12.48,11.12,9.49,9.53,10.03,11.7,12.48,12.97,11.31
QV2M,2011,-3.0,37.5,10.5,10.34,11.67,11.85,11.78,10.51,9.31,9.5,9.89,11.13,11.97,12.22,10.89
QV2M,2011,-3.0,38.125,12.28,12.38,13.27,13.76,13.28,11.63,10.58,10.78,11.3,12.89,14.33,14.2,12.56
QV2M,2011,-3.0,38.75,13.52,13.81,14.22,15.39,14.65,12.74,11.8,11.83,12.54,14.45,15.98,15.66,13.88
QV2M,2011,-3.0,39.375,14.51,14.54,15.05,16.78,15.93,13.93,12.94,12.74,13.71,15.71,17.0,16.81,14.97
QV2M,2011,-3.0,40.0,15.81,15.73,16.38,17.76,17.0,15.09,14.27,14.04,14.94,16.59,17.74,17.71,16.09
QV2M,2011,-3.0,40.625,17.94,17.8,18.45,19.36,18.56,17.11,16.33,16.06,16.69,17.72,18.53,18.98,17.79
QV2M,2011,-3.0,41.25,18.14,17.95,18.47,19.34,18.68,17.27,16.55,16.21,16.74,17.72,18.52,19.08,17.89
QV2M,2011,-3.0,41.875,18.04,17.87,18.31,19.22,18.72,17.32,16.6,16.26,16.75,17.77,18.53,19.04,17.87
QV2M,2011,-3.5,34.375,12.45,12.44,13.28,13.36,11.8,9.86,8.25,8.96,9.44,11.26,12.8,14.54,11.53
QV2M,2011,-3.5,35.0,11.88,11.84,12.86,13.18,12.08,10.75,8.99,9.52,10.0,11.23,12.32,13.72,11.53
QV2M,2011,-3.5,35.625,11.12,11.09,12.4,12.69,11.89,10.71,9.04,9.31,9.84,11.02,11.93,12.91,11.16
QV2M,2011,-3.5,36.25,10.94,11.0,12.76,13.01,12.25,10.79,9.09,9.51,10.07,11.37,12.36,13.0,11.35
QV2M,2011,-3.5,36.875,10.98,11.13,12.93,13.37,12.87,11.37,9.74,9.95,10.54,12.01,13.04,13.17,11.76
QV2M,2011,-3.5,37.5,11.07,11.5,13.1,13.66,13.39,11.71,10.21,10.43,11.05,12.57,13.76,13.26,12.14
QV2M,2011,-3.5,38.125,12.23,12.47,13.29,13.9,13.46,11.75,10.72,10.91,11.54,12.95,14.36,14.05,12.63
QV2M,2011,-3.5,38.75,13.59,13.83,14.4,15.38,14.67,12.95,11.98,12.01,12.73,14.25,15.63,15.47,13.91
QV2M,2011,-3.5,39.375,14.71,14.84,15.34,16.87,16.04,14.07,13.06,12.9,13.85,15.71,16.95,16.91,15.1
QV2M,2011,-3.5,40.0,16.92,16.96,17.48,18.64,17.72,15.98,15.13,14.95,15.81,17.12,18.19,18.47,16.95
QV2M,2011,-3.5,40.625,18.24,18.14,18.59,19.38,18.6,17.19,16.38,16.14,16.73,17.62,18.51,19.08,17.88
QV2M,2011,-3.5,41.25,18.31,18.17,18.54,19.34,18.65,17.23,16.52,16.21,16.72,17.65,18.51,19.12,17.91
QV2M,2011,-3.5,41.875,18.18,18.08,18.43,19.27,18.67,17.27,16.56,16.23,16.72,17.71,18.54,19.08,17.89
QV2M,2011,-4.0,34.375,12.67,12.67,13.46,13.25,11.66,9.67,8.0,8.59,9.28,10.76,12.66,14.57,11.43
QV2M,2011,-4.0,35.0,11.79,11.77,12.74,12.81,11.63,10.05,8.35,8.87,9.5,10.52,11.94,13.55,11.12
QV2M,2011,-4.0,35.625,11.4,11.36,12.55,12.7,11.8,10.45,8.87,9.19,9.79,10.74,11.81,12.97,11.13
QV2M,2011,-4.0,36.25,11.42,11.5,12.87,13.0,12.16,10.65,9.0,9.46,10.08,11.11,12.23,13.05,11.38
QV2M,2011,-4.0,36.875,11.67,11.84,13.11,13.35,12.67,11.11,9.56,9.91,10.54,11.76,12.86,13.16,11.79
QV2M,2011,-4.0,37.5,11.99,12.42,13.54,13.92,13.35,11.54,10.17,10.47,11.14,12.51,13.78,13.63,12.37
QV2M,2011,-4.0,38.125,12.64,13.01,13.82,14.43,13.9,12.01,10.86,11.14,11.88,13.34,14.94,14.32,13.02
QV2M,2011,-4.0,38.75,13.81,14.08,14.83,15.89,15.19,13.35,12.26,12.37,13.17,14.72,16.17,15.73,14.3
QV2M,2011,-4.0,39.375,15.15,15.35,15.87,17.19,16.45,14.45,13.45,13.32,14.23,15.91,17.16,16.93,15.45
QV2M,2011,-4.0,40.0,17.98,17.95,18.44,19.21,18.26,16.8,15.89,15.77,16.44,17.4,18.39,18.99,17.62
QV2M,2011,-4.0,40.625,18.41,18.35,18.66,19.32,18.58,17.17,16.36,16.14,16.71,17.53,18.49,19.12,17.9
QV2M,2011,-4.0,41.25,18.37,18.34,18.61,19.3,18.6,17.19,16.49,16.19,16.69,17.58,18.52,19.14,17.91
QV2M,2011,-4.0,41.875,18.21,18.24,18.5,19.28,18.6,17.21,16.52,16.19,16.69,17.64,18.55,19.09,17.89
QV2M,2011,-4.5,34.375,12.08,12.07,12.98,12.77,11.11,9.45,7.81,8.29,9.0,9.97,11.93,13.92,10.94
QV2M,2011,-4.5,35.0,11.39,11.47,12.59,12.57,11.3,9.62,8.06,8.51,9.25,10.02,11.53,13.21,10.79
QV2M,2011,-4.5,35.625,11.38,11.34,12.7,12.68,11.6,10.07,8.53,8.92,9.67,10.53,11.71,12.98,11.01
QV2M,2011,-4.5,36.25,11.8,11.98,13.25,13.2,12.15,10.48,8.91,9.44,10.18,11.13,12.35,13.35,11.51
QV2M,2011,-4.5,36.875,11.98,12.27,13.31,13.49,12.62,10.98,9.51,9.99,10.69,11.72,12.78,13.32,11.88
QV2M,2011,-4.5,37.5,12.55,12.82,13.82,14.26,13.49,11.74,10.33,10.7,11.43,12.61,13.85,14.01,12.63
QV2M,2011,-4.5,38.125,13.18,13.33,14.06,14.56,13.99,12.31,11.04,11.26,12.0,13.38,14.81,14.86,13.23
QV2M,2011,-4.5,38.75,14.49,14.71,15.42,16.19,15.48,13.69,12.45,12.59,13.42,14.99,16.45,16.51,14.7
QV2M,2011,-4.5,39.375,16.5,16.69,17.05,18.09,17.24,15.44,14.42,14.36,15.18,16.5,17.77,18.06,16.44
QV2M,2011,-4.5,40.0,18.45,18.43,18.72,19.3,18.34,16.94,16.01,15.89,16.53,17.37,18.45,19.13,17.79
QV2M,2011,-4.5,40.625,18.5,18.53,18.73,19.33,18.53,17.11,16.31,16.1,16.69,17.47,18.52,19.13,17.91
QV2M,2011,-4.5,41.25,18.37,18.47,18.64,19.28,18.53,17.13,16.44,16.14,16.68,17.51,18.52,19.14,17.9
QV2M,2011,-4.5,41.875,18.19,18.36,18.54,19.29,18.52,17.15,16.47,16.13,16.67,17.55,18.57,19.08,17.87
QV2M,2011,0.5,34.375,11.09,10.07,12.68,13.6,14.93,14.37,13.36,13.84,14.07,14.49,14.27,12.98,13.33
QV2M,2011,0.5,35.0,10.09,9.23,11.18,11.95,13.36,13.1,12.3,12.57,12.72,12.93,13.13,11.86,12.05
QV2M,2011,0.5,35.625,8.77,8.14,10.3,11.34,13.15,12.89,12.06,12.44,12.51,12.5,12.96,11.67,11.58
QV2M,2011,0.5,36.25,8.5,8.11,10.05,11.09,12.17,12.56,11.91,12.64,12.42,11.68,13.09,11.47,11.32
QV2M,2011,0.5,36.875,8.81,8.34,10.29,11.3,11.58,11.75,11.09,11.7,11.48,11.49,12.78,11.48,11.02
QV2M,2011,0.5,37.5,9.32,8.92,10.82,12.03,11.8,11.5,10.47,10.82,10.87,12.2,13.48,12.17,11.21
QV2M,2011,0.5,38.125,10.18,9.79,11.64,13.1,12.65,11.61,10.46,10.54,10.85,13.43,14.75,13.23,11.86
QV2M,2011,0.5,38.75,10.8,10.45,12.13,13.97,13.65,12.05,11.2,11.03,11.55,14.23,15.62,14.1,12.57
QV2M,2011,0.5,39.375,11.28,10.88,12.24,14.55,14.58,12.69,12.03,11.71,12.26,15.09,16.54,15.01,13.25
QV2M,2011,0.5,40.0,11.71,11.3,12.49,14.77,15.05,13.14,12.65,12.09,12.58,15.6,17.08,15.67,13.69
QV2M,2011,0.5,40.625,12.12,11.73,12.84,14.95,15.36,13.36,13.14,12.33,12.73,16.08,17.69,16.32,14.07
QV2M,2011,0.5,41.25,12.57,12.19,13.24,15.34,15.78,13.65,13.55,12.72,13.12,16.17,17.58,16.23,14.36
QV2M,2011,0.5,41.875,12.98,12.62,13.67,15.72,16.3,14.22,13.93,13.23,13.56,16.45,17.93,16.88,14.8
QV2M,2011,1.0,34.375,9.99,9.3,11.18,11.84,13.17,12.78,11.94,12.47,12.44,12.66,12.7,11.33,11.83
QV2M,2011,1.0,35.0,9.19,8.22,10.22,11.14,12.58,12.42,11.66,11.99,12.06,12.19,12.42,11.1,11.28
QV2M,2011,1.0,35.625,8.09,7.71,9.9,11.23,13.19,12.82,11.84,12.46,12.39,12.19,12.96,11.2,11.35
QV2M,2011,1.0,36.25,8.34,8.01,9.98,11.17,12.16,12.7,12.07,12.95,12.56,11.72,13.08,11.38,11.36
QV2M,2011,1.0,36.875,8.97,8.5,10.37,11.66,11.69,11.64,10.92,11.68,11.51,11.8,12.93,11.62,11.12
QV2M,2011,1.0,37.5,9.43,9.1,11.04,12.4,12.13,11.68,10.54,10.88,10.98,12.66,13.98,12.49,11.45
QV2M,2011,1.0,38.125,10.0,9.71,11.56,13.12,12.66,11.68,10.56,10.58,10.91,13.53,14.84,13.17,11.87
QV2M,2011,1.0,38.75,10.51,10.22,11.86,13.91,13.57,12.0,11.21,10.97,11.47,14.35,15.75,14.11,12.5
QV2M,2011,1.0,39.375,10.87,10.56,11.9,14.37,14.44,12.54,11.93,11.57,12.05,15.14,16.65,14.95,13.09
QV2M,2011,1.0,40.0,11.23,10.88,12.12,14.49,14.8,12.92,12.46,11.88,12.3,15.73,17.38,15.69,13.5
QV2M,2011,1.0,40.625,11.59,11.23,12.44,14.72,15.06,13.09,12.87,12.1,12.48,16.01,17.75,16.28,13.82
QV2M,2011,1.0,41.25,11.92,11.59,12.76,15.09,15.53,13.38,13.24,12.48,12.88,16.05,17.64,16.28,14.08
QV2M,2011,1.0,41.875,12.28,11.97,13.12,15.31,15.99,13.89,13.58,12.96,13.28,16.46,18.13,16.8,14.49
QV2M,2011,1.5,34.375,8.46,7.55,10.64,11.45,14.31,13.86,12.75,13.6,13.46,13.63,13.62,11.65,12.11
QV2M,2011,1.5,35.0,8.29,7.49,10.11,11.18,13.21,13.24,12.22,12.94,12.91,12.83,13.12,11.29,11.59
QV2M,2011,1.5,35.625,8.23,7.79,10.09,11.34,12.86,13.02,12.07,12.81,12.6,12.24,13.34,11.05,11.47
QV2M,2011,1.5,36.25,8.51,8.2,10.16,11.5,12.28,12.87,12.02,12.78,12.31,11.93,13.37,11.3,11.45
QV2M,2011,1.5,36.875,9.02,8.66,10.63,12.03,11.89,11.73,10.79,11.3,11.2,12.07,13.24,11.7,11.2
QV2M,2011,1.5,37.5,9.49,9.19,11.26,12.67,12.36,11.94,10.8,11.11,11.25,12.96,14.25,12.61,11.67
QV2M,2011,1.5,38.125,9.91,9.67,11.49,13.34,12.77,11.72,10.71,10.61,11.0,13.93,15.29,13.36,11.99
QV2M,2011,1.5,38.75,10.17,9.99,11.65,13.94,13.58,12.07,11.27,11.0,11.49,14.72,16.2,14.32,12.54
QV2M,2011,1.5,39.375,10.4,10.13,11.6,14.17,14.28,12.44,11.84,11.42,11.83,15.26,16.83,15.06,12.95
QV2M,2011,1.5,40.0,10.62,10.39,11.83,14.33,14.63,12.7,12.27,11.67,12.03,15.43,17.13,15.19,13.2
QV2M,2011,1.5,40.625,10.97,10.61,11.97,14.43,14.84,12.86,12.64,11.88,12.26,15.8,17.58,15.75,13.48
QV2M,2011,1.5,41.25,11.21,10.86,12.2,14.61,15.18,13.16,12.99,12.25,12.64,16.03,17.89,16.16,13.78
QV2M,2011,1.5,41.875,11.52,11.2,12.5,14.82,15.68,13.59,13.3,12.71,13.02,16.35,18.14,16.51,14.13
QV2M,2011,2.0,34.375,8.19,7.59,10.73,11.36,14.45,14.29,13.09,14.06,13.8,13.63,13.93,11.38,12.23
QV2M,2011,2.0,35.0,8.18,7.6,10.22,11.21,12.94,13.22,12.22,13.1,13.08,12.65,13.37,11.08,11.59
QV2M,2011,2.0,35.625,8.39,7.92,10.25,11.5,12.54,12.85,11.96,12.64,12.29,12.12,13.44,11.03,11.43
QV2M,2011,2.0,36.25,8.69,8.36,10.54,11.84,12.19,12.66,11.72,12.41,11.99,11.95,13.7,11.29,11.46
QV2M,2011,2.0,36.875,9.07,8.77,10.94,12.37,12.01,11.83,10.78,11.1,11.07,12.23,13.41,11.71,11.28
QV2M,2011,2.0,37.5,9.42,9.22,11.45,13.08,12.49,11.95,10.87,10.95,11.15,13.29,14.67,12.86,11.79
QV2M,2011,2.0,38.125,9.55,9.4,11.35,13.51,12.95,11.81,10.85,10.65,11.1,14.16,15.71,13.71,12.07
QV2M,2011,2.0,38.75,9.57,9.44,11.37,13.83,13.59,12.07,11.29,10.94,11.41,14.62,16.26,14.01,12.38
QV2M,2011,2.0,39.375,9.63,9.46,11.3,13.95,14.16,12.34,11.72,11.25,11.61,15.09,16.78,14.55,12.67
QV2M,2011,2.0,40.0,9.75,9.62,11.37,14.03,14.46,12.57,12.09,11.46,11.79,15.21,16.98,14.67,12.85
QV2M,2011,2.0,40.625,10.07,9.82,11.43,14.09,14.67,12.64,12.42,11.66,12.03,15.61,17.5,15.14,13.11
QV2M,2011,2.0,41.25,10.38,10.03,11.59,14.21,14.93,12.93,12.73,12.0,12.38,15.87,17.8,15.42,13.37
QV2M,2011,2.0,41.875,10.6,10.31,11.82,14.36,15.6,13.3,13.01,12.43,12.75,16.12,17.96,15.83,13.69
QV2M,2011,2.5,34.375,8.16,7.53,10.61,11.36,13.34,13.66,12.38,13.59,13.12,12.66,13.66,11.01,11.78
QV2M,2011,2.5,35.0,8.33,7.77,10.56,11.55,12.73,12.93,12.02,12.75,12.68,12.4,13.61,11.23,11.57
QV2M,2011,2.5,35.625,8.56,8.12,10.73,11.87,12.6,12.62,11.69,12.22,11.81,11.98,13.77,11.31,11.46
QV2M,2011,2.5,36.25,9.77,9.51,11.81,12.91,13.0,12.8,11.88,12.2,12.12,12.78,14.37,12.21,12.12
QV2M,2011,2.5,36.875,9.33,9.12,11.53,12.91,12.4,12.11,11.08,11.12,11.27,12.75,14.06,12.11,11.66
QV2M,2011,2.5,37.5,9.01,8.88,11.51,13.13,12.5,11.88,10.82,10.68,11.03,13.36,14.99,12.81,11.73
QV2M,2011,2.5,38.125,8.85,8.79,11.11,13.35,13.01,11.85,10.87,10.6,11.07,13.88,15.56,13.14,11.85
QV2M,2011,2.5,38.75,8.69,8.68,11.07,13.59,13.55,12.03,11.23,10.83,11.26,14.33,16.21,13.45,12.09
QV2M,2011,2.5,39.375,8.64,8.63,10.94,13.66,14.01,12.23,11.55,11.06,11.38,14.64,16.52,13.73,12.27
QV2M,2011,2.5,40.0,8.8,8.79,10.92,13.67,14.26,12.39,11.87,11.23,11.53,14.75,16.56,13.82,12.4
QV2M,2011,2.5,40.625,9.08,9.03,10.91,13.71,14.54,12.45,12.18,11.4,11.76,15.06,16.88,14.1,12.61
QV2M,2011,2.5,41.25,9.27,9.19,11.0,13.74,14.66,12.77,12.51,11.73,12.11,15.35,17.16,14.03,12.81
QV2M,2011,2.5,41.875,9.59,9.42,11.15,13.9,15.29,13.15,12.78,12.13,12.46,15.6,17.33,14.66,13.14
QV2M,2011,3.0,34.375,8.12,7.52,10.79,11.6,12.93,13.23,12.2,12.89,12.74,12.49,13.58,11.24,11.63
QV2M,2011,3.0,35.0,8.38,7.83,10.97,12.01,12.96,12.94,12.02,12.53,12.5,12.55,14.15,11.66,11.73
QV2M,2011,3.0,35.625,8.77,8.4,11.5,12.58,13.07,12.51,11.66,11.82,11.76,12.41,14.64,12.14,11.79
QV2M,2011,3.0,36.25,10.85,10.68,13.25,14.15,13.74,13.25,12.38,12.22,12.61,13.82,15.34,13.46,12.99
QV2M,2011,3.0,36.875,8.8,8.68,11.57,12.95,12.35,11.96,10.96,10.75,11.16,12.91,14.65,12.27,11.6
QV2M,2011,3.0,37.5,8.34,8.32,11.32,13.05,12.57,11.83,10.82,10.54,10.98,13.34,15.18,12.49,11.58
QV2M,2011,3.0,38.125,8.02,8.09,10.83,13.17,13.03,11.84,10.86,10.53,10.97,13.65,15.33,12.46,11.58
QV2M,2011,3.0,38.75,7.8,7.91,10.64,13.31,13.48,11.99,11.12,10.7,11.07,13.97,15.78,12.63,11.72
QV2M,2011,3.0,39.375,7.81,7.88,10.4,13.3,13.84,12.12,11.36,10.84,11.15,14.12,16.03,12.81,11.82
QV2M,2011,3.0,40.0,8.01,8.1,10.45,13.33,14.1,12.2,11.64,10.97,11.28,14.31,16.17,12.99,11.98
QV2M,2011,3.0,40.625,8.3,8.34,10.39,13.33,14.3,12.27,11.97,11.16,11.51,14.54,16.31,13.09,12.14
QV2M,2011,3.0,41.25,8.58,8.58,10.46,13.32,14.51,12.57,12.27,11.45,11.84,14.83,16.55,13.21,12.37
QV2M,2011,3.0,41.875,8.81,8.79,10.54,13.35,14.86,12.91,12.46,11.74,12.11,15.03,16.75,13.9,12.62
QV2M,2011,3.5,34.375,8.16,7.55,10.91,12.02,12.78,13.02,12.08,12.65,12.75,12.69,13.86,11.54,11.69
QV2M,2011,3.5,35.0,8.43,7.94,11.44,12.52,13.23,13.08,12.12,12.53,12.46,12.93,14.59,12.14,11.97
QV2M,2011,3.5,35.625,9.21,8.87,12.27,13.32,13.2,12.52,11.71,11.75,11.93,12.88,14.97,12.76,12.13
QV2M,2011,3.5,36.25,10.66,10.53,13.24,14.36,13.86,13.26,12.4,12.16,12.64,13.99,15.27,13.35,12.99
QV2M,2011,3.5,36.875,7.9,7.96,11.28,12.93,12.37,11.8,10.86,10.57,11.05,12.87,14.78,12.04,11.38
QV2M,2011,3.5,37.5,7.49,7.66,10.81,12.87,12.6,11.78,10.84,10.46,10.98,12.99,14.71,11.66,11.25
QV2M,2011,3.5,38.125,7.21,7.45,10.25,12.96,13.14,11.94,10.85,10.47,10.87,13.44,14.88,11.64,11.27
QV2M,2011,3.5,38.75,7.12,7.21,9.77,12.81,13.38,12.02,11.04,10.55,10.91,13.54,15.02,11.59,11.26
QV2M,2011,3.5,39.375,7.27,7.26,9.69,12.82,13.61,12.02,11.2,10.59,10.95,13.68,15.25,11.98,11.38
QV2M,2011,3.5,40.0,7.47,7.46,9.75,12.99,13.9,12.01,11.42,10.72,11.05,14.07,15.79,12.37,11.6
QV2M,2011,3.5,40.625,7.75,7.72,9.84,13.01,14.23,12.0,11.71,10.89,11.25,14.33,15.99,12.65,11.8
QV2M,2011,3.5,41.25,8.15,8.12,10.05,13.04,14.27,12.32,12.05,11.18,11.57,14.58,16.25,12.89,12.06
QV2M,2011,3.5,41.875,8.35,8.34,10.06,13.03,14.51,12.63,12.21,11.41,11.82,14.92,16.68,13.53,12.31
QV2M,2011,4.0,34.375,8.15,7.58,11.54,12.47,13.73,13.77,12.68,13.28,13.34,13.59,14.61,12.35,12.28
QV2M,2011,4.0,35.0,8.49,8.04,12.0,13.03,13.73,13.49,12.32,12.93,12.86,13.41,15.09,12.75,12.37
QV2M,2011,4.0,35.625,9.16,8.89,12.48,13.76,13.34,12.62,11.75,11.84,12.01,13.06,14.86,12.62,12.21
QV2M,2011,4.0,36.25,10.5,10.49,13.2,14.6,14.17,13.44,12.61,12.38,12.88,14.19,15.3,13.21,13.09
QV2M,2011,4.0,36.875,7.2,7.42,10.76,12.83,12.53,11.79,10.85,10.58,11.0,12.77,14.46,11.57,11.16
QV2M,2011,4.0,37.5,6.79,7.01,9.95,12.45,12.65,11.74,10.76,10.39,10.84,12.75,14.26,11.01,10.9
QV2M,2011,4.0,38.125,6.67,6.8,9.03,12.08,12.92,11.83,10.74,10.33,10.72,12.85,13.98,10.71,10.74
QV2M,2011,4.0,38.75,6.76,6.77,8.95,12.01,13.04,11.74,10.71,10.3,10.66,12.81,13.9,10.9,10.73
QV2M,2011,4.0,39.375,6.92,6.82,8.94,12.35,13.45,11.76,10.88,10.35,10.7,13.38,14.63,11.33,10.98
QV2M,2011,4.0,40.0,7.11,6.96,8.92,12.66,13.8,11.8,11.17,10.49,10.83,13.87,15.29,11.74,11.24
QV2M,2011,4.0,40.625,7.38,7.25,9.21,12.8,14.02,11.77,11.42,10.61,10.99,14.14,15.69,12.27,11.48
QV2M,2011,4.0,41.25,7.7,7.62,9.5,12.91,14.09,12.06,11.75,10.88,11.28,14.63,16.35,12.81,11.82
QV2M,2011,4.0,41.875,7.91,7.81,9.48,12.89,14.39,12.41,11.98,11.13,11.58,15.08,16.93,13.72,12.13
QV2M,2011,4.5,34.375,8.12,7.61,11.91,12.98,14.6,14.47,13.05,13.94,13.61,14.48,15.43,12.59,12.76
QV2M,2011,4.5,35.0,8.38,7.99,12.32,13.5,14.12,13.86,12.48,13.14,13.11,13.86,15.37,13.16,12.63
QV2M,2011,4.5,35.625,8.61,8.41,12.36,14.03,13.55,12.8,11.73,11.92,11.95,13.12,14.83,12.46,12.16
QV2M,2011,4.5,36.25,8.65,8.66,12.21,13.91,13.56,12.73,11.83,11.67,11.96,13.41,14.93,12.52,12.19
QV2M,2011,4.5,36.875,7.58,7.77,10.96,13.1,13.15,12.31,11.34,11.06,11.46,13.02,14.41,11.65,11.5
QV2M,2011,4.5,37.5,6.48,6.59,9.36,11.76,12.82,11.79,10.73,10.36,10.81,12.56,13.94,10.73,10.68
QV2M,2011,4.5,38.125,6.46,6.5,8.25,11.28,12.62,11.56,10.42,10.1,10.5,12.3,13.29,10.25,10.31
QV2M,2011,4.5,38.75,6.56,6.57,8.2,11.57,12.9,11.55,10.47,10.11,10.51,12.7,13.73,10.57,10.47
QV2M,2011,4.5,39.375,6.66,6.55,8.03,11.92,13.19,11.6,10.65,10.18,10.53,13.22,14.36,10.7,10.65
QV2M,2011,4.5,40.0,6.82,6.66,8.08,12.02,13.25,11.63,10.91,10.3,10.66,13.19,14.36,10.83,10.74
QV2M,2011,4.5,40.625,7.03,6.9,8.37,12.47,13.66,11.67,11.14,10.39,10.77,13.97,15.34,11.58,11.13
QV2M,2011,4.5,41.25,7.32,7.2,8.67,12.65,13.87,11.95,11.52,10.61,11.04,14.27,15.74,12.25,11.44
QV2M,2011,4.5,41.875,7.61,7.4,8.68,12.83,14.51,12.28,11.79,10.89,11.38,15.15,16.93,13.34,11.92
QV2M,2012,-0.5,34.375,11.5,11.3,12.41,14.1,14.26,13.32,12.7,12.57,12.76,13.21,14.35,14.07,13.05
QV2M,2012,-0.5,35.0,10.05,9.97,10.43,12.93,13.25,12.4,11.96,11.78,11.92,12.35,13.18,12.98,11.94
QV2M,2012,-0.5,35.625,8.25,8.53,8.67,11.29,11.42,10.8,10.6,10.29,10.39,10.9,11.28,11.16,10.3
QV2M,2012,-0.5,36.25,8.04,8.41,8.49,11.42,11.45,10.82,10.74,10.32,10.26,10.87,11.29,11.22,10.28
QV2M,2012,-0.5,36.875,8.35,8.77,8.88,11.91,11.86,11.06,10.85,10.42,10.19,11.04,11.8,11.8,10.58
QV2M,2012,-0.5,37.5,9.5,10.02,10.06,13.11,13.22,11.88,11.36,10.88,10.63,11.85,13.1,13.23,11.57
QV2M,2012,-0.5,38.125,10.41,10.75,11.04,13.65,13.08,11.18,10.64,10.5,10.18,12.02,14.16,14.57,11.85
QV2M,2012,-0.5,38.75,10.91,11.52,11.88,14.15,13.95,11.89,11.15,11.23,11.16,13.01,15.09,15.44,12.62
QV2M,2012,-0.5,39.375,11.75,12.3,12.53,14.38,15.02,13.03,11.94,12.14,12.14,13.91,15.55,15.8,13.38
QV2M,2012,-0.5,40.0,12.51,12.92,13.17,14.87,15.81,13.79,12.53,12.64,12.59,14.41,15.83,15.99,13.92
QV2M,2012,-0.5,40.625,13.04,13.41,13.64,15.14,16.5,14.73,13.19,13.09,12.9,14.87,16.11,16.07,14.39
QV2M,2012,-0.5,41.25,13.59,13.97,14.17,15.55,16.95,15.16,13.51,13.45,13.29,15.27,16.37,16.26,14.8
QV2M,2012,-0.5,41.875,14.61,14.92,15.04,16.46,17.54,15.63,14.09,14.24,14.06,15.8,16.64,16.56,15.47
QV2M,2012,-1.0,34.375,12.29,11.87,12.62,13.96,14.16,12.88,12.05,11.86,12.13,12.82,14.27,14.17,12.92
QV2M,2012,-1.0,35.0,10.48,10.19,10.77,12.76,12.99,11.98,11.45,11.24,11.13,11.74,12.69,12.75,11.68
QV2M,2012,-1.0,35.625,8.93,8.73,9.12,12.05,12.28,11.39,11.01,10.69,10.6,11.22,11.73,11.78,10.8
QV2M,2012,-1.0,36.25,8.43,8.66,8.9,11.88,12.15,11.28,10.81,10.57,10.56,11.23,11.8,11.75,10.67
QV2M,2012,-1.0,36.875,8.85,9.29,9.47,12.44,12.51,11.48,10.75,10.25,9.82,10.93,12.21,12.45,10.87
QV2M,2012,-1.0,37.5,10.13,10.48,10.61,13.44,13.39,11.98,11.29,10.91,10.44,11.84,13.4,13.7,11.8
QV2M,2012,-1.0,38.125,9.95,10.63,11.12,13.58,12.99,11.21,10.59,10.56,10.23,12.02,14.05,14.32,11.77
QV2M,2012,-1.0,38.75,10.78,11.66,12.11,14.42,14.18,12.02,11.23,11.4,11.32,13.26,15.34,15.69,12.78
QV2M,2012,-1.0,39.375,11.69,12.4,12.72,14.68,15.34,13.24,12.03,12.31,12.34,14.21,16.02,16.18,13.6
QV2M,2012,-1.0,40.0,12.57,13.12,13.41,15.25,16.11,13.99,12.68,12.87,12.85,14.73,16.34,16.51,14.2
QV2M,2012,-1.0,40.625,13.28,13.8,13.99,15.39,16.75,14.97,13.39,13.35,13.19,15.1,16.4,16.47,14.67
QV2M,2012,-1.0,41.25,14.12,14.55,14.64,15.8,17.12,15.35,13.77,13.8,13.62,15.47,16.55,16.66,15.12
QV2M,2012,-1.0,41.875,15.8,16.27,16.36,17.45,18.12,16.23,14.79,15.05,15.05,16.6,17.46,17.58,16.4
QV2M,2012,-1.5,34.375,12.04,10.83,12.1,13.64,13.83,12.13,11.11,10.75,11.28,12.02,13.97,13.69,12.29
QV2M,2012,-1.5,35.0,10.89,9.72,10.9,12.89,13.14,11.78,10.82,10.47,10.09,11.09,12.74,12.74,11.44
QV2M,2012,-1.5,35.625,9.16,8.68,9.57,12.15,12.44,11.2,10.44,10.19,9.83,10.68,11.74,11.8,10.66
QV2M,2012,-1.5,36.25,8.63,8.94,9.58,12.95,13.43,11.96,10.74,10.38,9.88,10.87,12.09,12.18,10.97
QV2M,2012,-1.5,36.875,8.67,9.31,9.66,12.55,12.67,11.19,10.2,9.74,9.18,10.68,12.07,12.35,10.69
QV2M,2012,-1.5,37.5,9.66,10.03,10.41,12.99,12.99,11.28,10.37,10.14,9.72,11.25,12.96,13.32,11.26
QV2M,2012,-1.5,38.125,10.52,11.19,11.59,13.66,13.19,11.48,10.75,10.78,10.44,12.08,14.04,14.42,12.01
QV2M,2012,-1.5,38.75,11.04,12.03,12.5,14.4,14.22,12.14,11.3,11.55,11.47,13.35,15.34,15.69,12.92
QV2M,2012,-1.5,39.375,12.15,12.83,13.11,15.04,15.44,13.31,12.12,12.47,12.5,14.36,16.23,16.42,13.83
QV2M,2012,-1.5,40.0,13.05,13.51,13.7,15.58,16.35,14.32,12.89,13.12,13.11,14.99,16.69,16.76,14.51
QV2M,2012,-1.5,40.625,13.89,14.21,14.31,15.76,16.97,15.16,13.58,13.68,13.53,15.32,16.59,16.69,14.98
QV2M,2012,-1.5,41.25,14.97,15.14,15.08,16.25,17.35,15.58,14.08,14.15,14.02,15.73,16.74,16.94,15.5
QV2M,2012,-1.5,41.875,17.09,17.55,17.59,18.59,18.75,16.85,15.56,15.87,16.06,17.37,18.19,18.45,17.32
QV2M,2012,-1.7975103014118005e-13,34.375,11.19,11.77,12.46,14.27,14.54,13.7,13.1,13.18,13.52,13.8,14.38,14.12,13.34
QV2M,2012,-1.7975103014118005e-13,35.0,10.04,10.26,10.72,13.33,13.65,12.91,12.43,12.45,12.71,13.05,13.57,13.21,12.36
QV2M,2012,-1.7975103014118005e-13,35.625,8.78,9.23,9.23,11.8,11.89,11.35,11.21,11.04,11.14,11.57,11.95,11.68,10.91
QV2M,2012,-1.7975103014118005e-13,36.25,8.24,8.63,8.5,11.72,12.17,11.59,11.77,11.41,11.15,11.39,11.83,11.49,10.83
QV2M,2012,-1.7975103014118005e-13,36.875,8.45,8.77,8.7,11.72,12.07,11.22,11.43,11.01,10.57,11.01,11.71,11.58,10.69
QV2M,2012,-1.7975103014118005e-13,37.5,9.17,9.61,9.64,12.08,12.1,10.88,10.76,10.35,10.09,11.06,12.22,12.25,10.85
QV2M,2012,-1.7975103014118005e-13,38.125,10.51,10.86,11.06,13.77,13.14,11.17,10.72,10.44,10.1,11.96,14.12,14.45,11.86
QV2M,2012,-1.7975103014118005e-13,38.75,11.19,11.54,11.77,14.06,13.85,11.87,11.12,11.15,11.07,12.83,14.79,15.05,12.52
QV2M,2012,-1.7975103014118005e-13,39.375,11.92,12.21,12.33,14.22,14.74,12.84,11.83,11.96,11.93,13.56,15.03,15.17,13.15
QV2M,2012,-1.7975103014118005e-13,40.0,12.67,12.93,12.96,14.69,15.44,13.58,12.39,12.42,12.33,14.02,15.26,15.27,13.66
QV2M,2012,-1.7975103014118005e-13,40.625,13.28,13.36,13.44,15.32,16.17,14.41,12.92,12.81,12.61,14.5,15.61,15.42,14.15
QV2M,2012,-1.7975103014118005e-13,41.25,13.64,13.79,13.91,15.88,16.7,14.87,13.22,13.18,13.03,14.97,15.95,15.69,14.57
QV2M,2012,-1.7975103014118005e-13,41.875,14.46,14.3,14.34,16.57,17.3,15.31,13.7,13.79,13.51,15.37,16.19,15.96,15.07
QV2M,2012,-2.0,34.375,12.3,10.81,12.25,13.63,13.45,11.64,10.02,9.89,10.33,11.57,13.89,13.64,11.95
QV2M,2012,-2.0,35.0,11.04,9.82,11.15,12.85,12.94,11.11,10.0,9.6,9.21,10.8,12.78,12.77,11.18
QV2M,2012,-2.0,35.625,9.73,9.2,10.26,12.36,12.48,10.84,9.86,9.71,9.27,10.65,12.13,12.13,10.72
QV2M,2012,-2.0,36.25,9.19,9.53,10.39,13.3,13.41,11.25,9.88,9.85,9.35,10.84,12.36,12.48,10.99
QV2M,2012,-2.0,36.875,8.66,9.37,10.03,12.66,12.61,10.79,9.4,9.45,9.18,10.61,12.1,12.32,10.6
QV2M,2012,-2.0,37.5,9.68,10.22,10.86,13.18,12.95,11.07,9.98,10.04,9.7,11.2,13.0,13.33,11.27
QV2M,2012,-2.0,38.125,10.79,11.5,11.96,13.66,13.12,11.41,10.62,10.81,10.53,12.1,14.04,14.42,12.08
QV2M,2012,-2.0,38.75,11.7,12.51,13.02,14.62,14.44,12.33,11.43,11.75,11.64,13.47,15.47,15.73,13.18
QV2M,2012,-2.0,39.375,12.98,13.44,13.76,15.38,15.64,13.56,12.28,12.65,12.66,14.51,16.43,16.59,14.16
QV2M,2012,-2.0,40.0,13.75,14.13,14.31,15.99,16.5,14.39,13.01,13.36,13.39,15.18,17.01,17.02,14.84
QV2M,2012,-2.0,40.625,14.84,15.11,15.19,16.45,17.27,15.43,13.92,14.15,14.12,15.76,17.01,17.06,15.53
QV2M,2012,-2.0,41.25,16.6,16.93,16.98,17.9,18.12,16.25,14.96,15.22,15.4,16.68,17.63,17.81,16.7
QV2M,2012,-2.0,41.875,17.62,18.13,18.24,19.25,19.05,17.17,16.05,16.36,16.63,17.78,18.59,18.92,17.81
QV2M,2012,-2.5,34.375,12.82,11.61,12.67,13.43,12.84,11.04,9.17,8.91,8.97,10.73,13.34,13.4,11.58
QV2M,2012,-2.5,35.0,11.67,10.7,11.86,12.82,12.45,10.62,9.21,8.84,8.51,10.3,12.67,12.74,11.03
QV2M,2012,-2.5,35.625,11.09,10.58,11.64,13.07,12.56,10.71,9.04,9.03,8.69,10.46,12.9,12.86,11.05
QV2M,2012,-2.5,36.25,10.24,10.18,11.36,13.32,12.81,10.82,9.42,9.43,8.98,10.48,12.48,12.61,11.01
QV2M,2012,-2.5,36.875,9.94,10.16,11.14,13.13,12.91,10.85,8.97,9.28,8.93,10.53,12.55,12.74,10.93
QV2M,2012,-2.5,37.5,10.57,10.76,11.5,13.24,12.77,10.69,9.32,9.79,9.45,10.9,12.9,13.26,11.26
QV2M,2012,-2.5,38.125,11.74,11.98,12.39,13.74,13.1,11.38,10.46,10.81,10.52,12.03,14.12,14.41,12.22
QV2M,2012,-2.5,38.75,12.73,13.02,13.57,14.76,14.47,12.44,11.51,11.89,11.76,13.46,15.54,15.72,13.41
QV2M,2012,-2.5,39.375,14.19,14.12,14.46,15.62,15.75,13.72,12.43,12.86,12.82,14.6,16.58,16.65,14.48
QV2M,2012,-2.5,40.0,14.85,15.14,15.27,16.42,16.64,14.53,13.25,13.73,13.82,15.41,17.32,17.23,15.3
QV2M,2012,-2.5,40.625,16.58,16.87,16.92,17.84,18.0,16.13,14.84,15.18,15.37,16.69,17.87,17.95,16.68
QV2M,2012,-2.5,41.25,17.85,18.23,18.33,19.24,18.95,17.07,16.02,16.28,16.57,17.65,18.67,19.03,17.82
QV2M,2012,-2.5,41.875,17.59,18.11,18.22,19.19,19.06,17.15,16.05,16.33,16.59,17.71,18.52,18.95,17.79
QV2M,2012,-3.0,34.375,13.14,12.53,13.38,13.52,12.6,10.73,8.88,8.51,8.46,9.95,12.84,13.28,11.48
QV2M,2012,-3.0,35.0,12.22,11.6,12.68,13.12,12.43,10.62,9.13,8.71,8.47,9.93,12.46,12.74,11.17
QV2M,2012,-3.0,35.625,11.0,10.77,11.66,12.37,11.78,10.25,8.99,9.11,8.61,9.88,11.77,12.04,10.68
QV2M,2012,-3.0,36.25,11.54,11.5,12.5,13.5,12.74,10.83,9.26,9.32,9.01,10.19,12.69,12.83,11.32
QV2M,2012,-3.0,36.875,10.98,10.99,11.65,13.01,12.77,10.82,9.53,9.67,9.06,10.39,12.27,12.61,11.15
QV2M,2012,-3.0,37.5,10.46,10.68,11.12,12.19,11.88,10.27,9.25,9.52,9.18,10.2,11.76,12.05,10.71
QV2M,2012,-3.0,38.125,12.25,12.42,12.77,13.7,12.99,11.37,10.47,10.88,10.64,11.94,13.86,14.1,12.28
QV2M,2012,-3.0,38.75,13.48,13.31,13.89,14.86,14.46,12.55,11.61,12.06,11.9,13.43,15.56,15.6,13.56
QV2M,2012,-3.0,39.375,14.8,14.52,14.84,15.82,15.91,13.86,12.54,13.07,12.99,14.66,16.74,16.73,14.71
QV2M,2012,-3.0,40.0,16.01,16.1,16.17,17.04,17.05,14.92,13.7,14.27,14.4,15.77,17.63,17.59,15.89
QV2M,2012,-3.0,40.625,17.97,18.17,18.27,19.0,18.7,16.89,15.79,16.08,16.39,17.47,18.66,18.93,17.69
QV2M,2012,-3.0,41.25,17.89,18.21,18.29,19.14,18.93,17.04,16.01,16.22,16.5,17.55,18.62,19.05,17.78
QV2M,2012,-3.0,41.875,17.61,18.09,18.23,19.16,19.03,17.12,16.05,16.3,16.53,17.62,18.57,19.01,17.77
QV2M,2012,-3.5,34.375,13.83,13.49,13.96,13.96,12.75,10.81,8.61,8.61,8.64,9.94,12.88,13.58,11.75
QV2M,2012,-3.5,35.0,12.98,12.6,13.34,13.64,12.72,10.86,9.36,9.34,9.23,10.4,12.63,13.14,11.68
QV2M,2012,-3.5,35.625,11.99,11.65,12.55,13.21,12.34,10.62,9.24,9.44,9.0,10.11,12.08,12.59,11.23
QV2M,2012,-3.5,36.25,11.89,11.66,12.65,13.4,12.53,10.69,9.12,9.48,9.2,10.37,12.11,12.55,11.3
QV2M,2012,-3.5,36.875,11.75,11.38,12.59,13.44,12.81,11.0,9.69,10.08,9.67,10.91,12.52,12.65,11.54
QV2M,2012,-3.5,37.5,11.13,11.24,12.39,13.72,13.2,11.4,10.18,10.66,10.22,11.47,13.1,13.08,11.82
QV2M,2012,-3.5,38.125,12.16,12.23,12.73,13.67,13.09,11.43,10.56,11.09,10.87,12.13,13.82,13.84,12.3
QV2M,2012,-3.5,38.75,13.72,13.42,13.97,14.74,14.41,12.69,11.8,12.2,12.15,13.41,15.14,15.23,13.57
QV2M,2012,-3.5,39.375,14.99,14.69,15.07,16.01,16.14,14.04,12.71,13.25,13.17,14.7,16.7,16.65,14.84
QV2M,2012,-3.5,40.0,17.2,17.18,17.3,17.97,17.81,15.78,14.59,15.15,15.34,16.54,18.13,18.33,16.77
QV2M,2012,-3.5,40.625,18.16,18.3,18.45,19.06,18.72,16.94,15.87,16.12,16.43,17.42,18.69,19.04,17.76
QV2M,2012,-3.5,41.25,18.0,18.22,18.37,19.17,18.89,17.02,16.0,16.19,16.46,17.48,18.7,19.09,17.8
QV2M,2012,-3.5,41.875,17.72,18.09,18.25,19.16,19.0,17.08,16.02,16.27,16.47,17.54,18.65,19.05,17.77
QV2M,2012,-4.0,34.375,13.95,13.77,13.98,14.1,12.59,10.57,8.34,8.57,8.56,9.74,12.63,13.61,11.69
QV2M,2012,-4.0,35.0,12.81,12.67,13.14,13.47,12.25,10.4,8.68,8.9,8.81,9.83,11.98,12.82,11.31
QV2M,2012,-4.0,35.625,12.25,12.08,12.74,13.21,12.08,10.46,9.02,9.43,9.14,10.04,11.76,12.45,11.22
QV2M,2012,-4.0,36.25,12.27,11.98,12.92,13.44,12.26,10.56,9.06,9.51,9.29,10.33,11.76,12.52,11.32
QV2M,2012,-4.0,36.875,12.15,11.86,12.98,13.4,12.43,10.76,9.46,10.02,9.7,10.89,12.25,12.73,11.55
QV2M,2012,-4.0,37.5,12.23,12.04,13.26,13.86,13.02,11.22,10.1,10.65,10.3,11.61,13.15,13.38,12.07
QV2M,2012,-4.0,38.125,12.44,12.49,13.42,14.18,13.46,11.71,10.71,11.39,11.17,12.49,14.22,14.26,12.66
QV2M,2012,-4.0,38.75,13.91,13.61,14.36,15.14,14.81,13.01,12.05,12.62,12.55,13.83,15.65,15.58,13.93
QV2M,2012,-4.0,39.375,15.27,15.09,15.48,16.49,16.65,14.45,13.1,13.65,13.57,14.92,16.88,16.83,15.2
QV2M,2012,-4.0,40.0,18.12,18.08,18.27,18.69,18.37,16.57,15.45,15.81,16.11,17.08,18.41,18.85,17.48
QV2M,2012,-4.0,40.625,18.29,18.38,18.58,19.05,18.68,16.93,15.87,16.09,16.4,17.33,18.66,19.07,17.77
QV2M,2012,-4.0,41.25,18.11,18.25,18.51,19.21,18.84,16.97,15.97,16.15,16.4,17.41,18.7,19.07,17.8
QV2M,2012,-4.0,41.875,17.85,18.11,18.36,19.2,18.97,17.02,15.98,16.21,16.4,17.44,18.65,18.99,17.76
QV2M,2012,-4.5,34.375,13.28,13.03,13.46,13.58,12.1,10.07,8.23,8.56,8.38,9.29,11.74,13.0,11.22
QV2M,2012,-4.5,35.0,12.39,12.29,12.81,13.19,11.91,10.07,8.37,8.77,8.62,9.48,11.54,12.45,10.99
QV2M,2012,-4.5,35.625,12.33,12.25,12.86,13.26,11.94,10.21,8.75,9.28,9.09,9.96,11.62,12.35,11.15
QV2M,2012,-4.5,36.25,12.92,12.47,13.37,13.69,12.2,10.54,9.02,9.63,9.5,10.48,11.88,12.67,11.53
QV2M,2012,-4.5,36.875,12.75,12.26,13.36,13.55,12.34,10.7,9.43,10.1,9.97,11.01,12.25,12.82,11.71
QV2M,2012,-4.5,37.5,13.2,12.57,13.78,14.03,13.13,11.36,10.28,10.83,10.64,11.75,13.18,13.55,12.36
QV2M,2012,-4.5,38.125,13.39,12.93,13.9,14.2,13.63,11.94,10.89,11.41,11.2,12.46,14.13,14.4,12.87
QV2M,2012,-4.5,38.75,14.83,14.27,15.15,15.47,15.12,13.29,12.25,12.8,12.8,14.04,15.93,16.13,14.34
QV2M,2012,-4.5,39.375,16.74,16.48,16.87,17.45,17.37,15.29,14.09,14.58,14.65,15.74,17.47,17.77,16.21
QV2M,2012,-4.5,40.0,18.5,18.43,18.7,18.86,18.45,16.69,15.58,15.9,16.22,17.1,18.44,19.0,17.65
QV2M,2012,-4.5,40.625,18.39,18.42,18.72,19.07,18.62,16.88,15.83,16.06,16.35,17.22,18.64,19.05,17.77
QV2M,2012,-4.5,41.25,18.2,18.28,18.66,19.23,18.75,16.91,15.9,16.11,16.35,17.33,18.67,19.01,17.78
QV2M,2012,-4.5,41.875,17.96,18.14,18.52,19.26,18.9,16.96,15.91,16.14,16.34,17.37,18.63,18.93,17.75
QV2M,2012,0.5,34.375,10.94,11.53,11.99,14.31,14.59,13.98,13.41,13.7,14.05,14.15,14.33,14.04,13.42
QV2M,2012,0.5,35.0,9.81,10.22,10.31,12.99,13.18,12.77,12.47,12.49,12.58,12.82,13.19,12.82,12.14
QV2M,2012,0.5,35.625,9.08,9.18,9.23,12.61,13.04,12.68,12.59,12.42,12.3,12.65,13.04,12.63,11.79
QV2M,2012,0.5,36.25,8.67,9.06,8.95,12.13,13.1,12.44,12.91,12.71,12.28,11.77,12.31,11.91,11.53
QV2M,2012,0.5,36.875,8.9,9.33,9.29,12.03,12.37,11.45,12.09,11.74,11.1,11.09,12.03,12.03,11.12
QV2M,2012,0.5,37.5,9.42,9.84,9.88,12.58,12.34,10.94,11.3,10.8,10.25,11.2,12.6,12.76,11.16
QV2M,2012,0.5,38.125,10.26,10.73,10.85,13.44,13.01,11.21,10.78,10.43,10.11,11.79,13.68,13.84,11.68
QV2M,2012,0.5,38.75,11.21,11.54,11.58,13.86,13.69,11.86,11.07,11.07,10.98,12.63,14.38,14.52,12.37
QV2M,2012,0.5,39.375,11.96,12.01,12.08,14.25,14.61,12.7,11.69,11.77,11.71,13.32,14.78,14.86,12.98
QV2M,2012,0.5,40.0,12.55,12.56,12.61,14.76,15.27,13.41,12.2,12.19,12.08,13.72,14.92,14.83,13.43
QV2M,2012,0.5,40.625,13.23,13.2,13.23,15.51,15.9,14.06,12.63,12.55,12.34,14.12,15.11,14.81,13.89
QV2M,2012,0.5,41.25,13.78,13.89,13.92,16.12,16.41,14.5,12.96,13.0,12.84,14.62,15.47,15.08,14.38
QV2M,2012,0.5,41.875,14.43,14.19,14.17,16.71,17.13,15.02,13.42,13.53,13.22,15.02,15.82,15.38,14.84
QV2M,2012,1.0,34.375,9.3,9.81,10.34,12.68,12.85,12.44,12.1,12.34,12.57,12.51,12.67,12.32,11.83
QV2M,2012,1.0,35.0,9.03,9.09,9.2,12.12,12.47,12.08,12.04,12.03,12.0,12.15,12.45,12.05,11.4
QV2M,2012,1.0,35.625,8.15,8.49,8.76,12.31,13.19,12.69,12.85,12.71,12.44,12.16,12.73,12.1,11.55
QV2M,2012,1.0,36.25,8.56,8.92,8.93,12.16,13.13,12.4,13.2,12.91,12.31,11.42,12.04,11.88,11.49
QV2M,2012,1.0,36.875,9.01,9.57,9.62,12.1,12.17,11.23,12.01,11.63,10.97,11.07,12.14,12.24,11.15
QV2M,2012,1.0,37.5,9.66,10.16,10.23,12.85,12.5,11.03,11.31,10.75,10.24,11.35,12.93,13.11,11.35
QV2M,2012,1.0,38.125,10.31,10.8,10.9,13.39,12.93,11.21,10.8,10.46,10.22,11.82,13.67,13.79,11.69
QV2M,2012,1.0,38.75,11.2,11.45,11.54,13.85,13.57,11.79,11.04,11.0,10.92,12.58,14.38,14.48,12.32
QV2M,2012,1.0,39.375,11.75,11.68,11.89,14.35,14.54,12.57,11.59,11.61,11.51,13.18,14.74,14.78,12.85
QV2M,2012,1.0,40.0,12.36,12.24,12.35,14.91,15.19,13.27,12.03,11.98,11.84,13.52,14.72,14.53,13.25
QV2M,2012,1.0,40.625,13.14,12.89,12.84,15.65,15.77,13.84,12.4,12.3,12.1,13.87,14.9,14.44,13.68
QV2M,2012,1.0,41.25,13.8,13.65,13.48,16.15,16.31,14.32,12.74,12.77,12.57,14.33,15.27,14.66,14.17
QV2M,2012,1.0,41.875,13.95,13.39,13.5,16.57,16.84,14.72,13.14,13.26,12.93,14.66,15.59,14.97,14.46
QV2M,2012,1.5,34.375,8.6,8.55,9.05,13.19,14.04,13.58,13.32,13.59,13.68,13.27,13.41,12.64,12.25
QV2M,2012,1.5,35.0,8.32,8.47,8.91,12.42,13.39,12.98,13.04,13.1,12.9,12.63,12.88,12.14,11.77
QV2M,2012,1.5,35.625,8.09,8.6,9.05,12.51,13.41,12.81,13.24,13.47,12.74,12.04,12.56,12.06,11.72
QV2M,2012,1.5,36.25,8.49,9.02,9.28,12.38,13.08,12.4,13.13,12.77,12.03,11.44,12.05,11.98,11.51
QV2M,2012,1.5,36.875,9.12,9.73,9.88,12.36,12.21,11.14,11.67,11.07,10.46,11.16,12.41,12.54,11.15
QV2M,2012,1.5,37.5,9.71,10.3,10.55,13.04,12.73,11.34,11.36,10.77,10.41,11.6,13.19,13.3,11.53
QV2M,2012,1.5,38.125,10.45,10.98,11.24,13.7,13.03,11.33,10.86,10.49,10.35,12.06,14.04,14.07,11.88
QV2M,2012,1.5,38.75,11.25,11.27,11.55,14.42,13.8,11.8,11.11,11.01,10.91,12.72,14.78,14.8,12.45
QV2M,2012,1.5,39.375,11.71,11.72,11.75,14.47,14.56,12.58,11.53,11.45,11.32,13.07,14.64,14.49,12.77
QV2M,2012,1.5,40.0,12.04,11.88,11.99,14.92,15.08,13.05,11.86,11.76,11.6,13.41,14.87,14.59,13.09
QV2M,2012,1.5,40.625,12.77,12.31,12.32,15.58,15.64,13.65,12.2,12.09,11.89,13.64,14.88,14.22,13.43
QV2M,2012,1.5,41.25,12.88,12.45,12.56,15.75,15.96,14.05,12.58,12.57,12.31,13.98,14.99,14.32,13.7
QV2M,2012,1.5,41.875,13.03,12.24,12.67,16.3,16.48,14.41,12.86,12.96,12.66,14.38,15.56,14.72,14.02
QV2M,2012,2.0,34.375,8.31,8.4,9.32,13.29,14.53,13.98,13.87,14.08,13.99,13.05,13.33,12.44,12.39
QV2M,2012,2.0,35.0,8.2,8.38,9.18,12.45,13.48,13.04,13.26,13.48,13.05,12.27,12.6,11.98,11.79
QV2M,2012,2.0,35.625,8.08,8.74,9.34,12.6,13.38,12.77,13.09,13.49,12.48,11.82,12.39,12.04,11.69
QV2M,2012,2.0,36.25,8.4,9.14,9.65,12.69,13.3,12.24,12.78,12.38,11.3,11.13,12.18,12.28,11.46
QV2M,2012,2.0,36.875,9.04,9.68,10.13,12.6,12.37,11.17,11.32,10.67,10.15,11.26,12.69,12.72,11.15
QV2M,2012,2.0,37.5,9.76,10.24,10.75,13.42,12.96,11.42,11.12,10.52,10.28,11.81,13.58,13.55,11.62
QV2M,2012,2.0,38.125,10.5,10.66,11.09,14.13,13.33,11.44,10.9,10.55,10.44,12.3,14.36,14.24,12.0
QV2M,2012,2.0,38.75,10.6,10.84,11.26,14.37,13.92,11.92,11.11,10.96,10.82,12.73,14.59,14.38,12.29
QV2M,2012,2.0,39.375,10.73,10.87,11.19,14.48,14.54,12.55,11.44,11.28,11.12,13.01,14.6,14.19,12.5
QV2M,2012,2.0,40.0,10.96,10.88,11.28,14.84,14.99,12.96,11.74,11.57,11.37,13.28,14.81,14.22,12.74
QV2M,2012,2.0,40.625,11.58,10.8,11.48,15.81,15.62,13.4,11.97,11.88,11.66,13.5,15.17,14.05,13.08
QV2M,2012,2.0,41.25,11.91,11.34,11.73,15.88,15.84,13.79,12.31,12.28,12.03,13.75,15.12,14.06,13.34
QV2M,2012,2.0,41.875,12.26,11.29,11.94,16.23,16.35,14.22,12.63,12.65,12.36,14.14,15.67,14.42,13.68
QV2M,2012,2.5,34.375,8.15,8.45,9.33,12.91,13.93,13.28,13.71,13.66,13.22,12.38,12.83,11.99,11.99
QV2M,2012,2.5,35.0,8.46,8.6,9.45,12.68,13.53,12.89,13.25,13.66,13.01,12.33,12.71,12.16,11.9
QV2M,2012,2.5,35.625,8.34,8.87,9.69,13.02,13.67,12.71,12.81,13.56,12.36,11.96,12.59,12.23,11.82
QV2M,2012,2.5,36.25,9.46,10.11,10.91,13.6,13.9,12.57,12.48,12.29,11.44,12.07,13.19,13.18,12.1
QV2M,2012,2.5,36.875,9.31,9.82,10.61,13.24,12.92,11.56,11.34,10.7,10.34,11.76,13.17,13.06,11.49
QV2M,2012,2.5,37.5,9.3,9.67,10.53,13.73,13.13,11.32,10.93,10.36,10.18,11.95,13.65,13.49,11.52
QV2M,2012,2.5,38.125,9.44,9.62,10.46,14.04,13.46,11.56,10.87,10.59,10.42,12.33,14.03,13.67,11.71
QV2M,2012,2.5,38.75,9.44,9.63,10.43,14.33,13.97,11.95,11.04,10.91,10.68,12.69,14.34,13.82,11.94
QV2M,2012,2.5,39.375,9.55,9.54,10.37,14.43,14.48,12.45,11.33,11.22,10.96,12.93,14.4,13.64,12.11
QV2M,2012,2.5,40.0,9.88,9.74,10.54,14.7,14.84,12.78,11.6,11.47,11.17,13.14,14.5,13.52,12.33
QV2M,2012,2.5,40.625,10.5,10.05,10.88,15.37,15.35,13.17,11.81,11.84,11.54,13.39,14.78,13.39,12.68
QV2M,2012,2.5,41.25,10.52,10.4,11.14,15.38,15.5,13.52,12.15,12.19,11.92,13.57,14.67,13.29,12.86
QV2M,2012,2.5,41.875,11.42,10.92,11.36,15.64,16.03,13.96,12.47,12.61,12.39,14.01,15.07,13.66,13.3
QV2M,2012,3.0,34.375,8.4,8.25,9.23,12.8,13.61,12.92,13.53,13.32,12.89,12.44,12.96,12.17,11.89
QV2M,2012,3.0,35.0,8.69,8.65,9.58,13.14,14.02,12.86,13.22,13.73,12.95,12.57,13.15,12.47,12.09
QV2M,2012,3.0,35.625,8.84,9.07,10.13,13.72,14.44,12.94,12.75,13.27,12.05,12.33,13.05,12.73,12.12
QV2M,2012,3.0,36.25,10.83,11.13,12.21,14.59,14.52,13.08,12.54,12.24,11.79,13.18,14.35,14.19,12.89
QV2M,2012,3.0,36.875,9.06,9.27,10.33,13.63,13.16,11.52,11.14,10.51,10.17,11.88,13.3,13.08,11.42
QV2M,2012,3.0,37.5,8.79,8.93,10.02,13.98,13.29,11.36,10.88,10.46,10.19,12.12,13.64,13.26,11.41
QV2M,2012,3.0,38.125,8.82,8.69,9.74,14.14,13.62,11.68,10.85,10.72,10.35,12.38,13.82,13.14,11.5
QV2M,2012,3.0,38.75,8.7,8.54,9.55,14.45,14.12,11.97,10.96,11.0,10.58,12.71,14.04,13.14,11.65
QV2M,2012,3.0,39.375,8.82,8.58,9.58,14.37,14.4,12.32,11.24,11.21,10.93,12.87,13.95,12.85,11.77
QV2M,2012,3.0,40.0,9.13,8.83,9.85,14.58,14.72,12.58,11.44,11.46,11.17,13.09,14.1,12.77,11.98
QV2M,2012,3.0,40.625,9.69,9.33,10.23,14.8,14.97,12.89,11.65,11.74,11.44,13.27,14.18,12.63,12.24
QV2M,2012,3.0,41.25,9.98,9.7,10.44,14.93,15.23,13.22,11.93,12.05,11.79,13.48,14.28,12.69,12.48
QV2M,2012,3.0,41.875,10.76,10.38,10.64,15.06,15.63,13.53,12.18,12.32,12.19,13.81,14.49,13.03,12.84
QV2M,2012,3.5,34.375,8.57,8.31,9.34,12.93,13.77,12.75,13.46,13.43,12.96,12.73,13.41,12.51,12.02
QV2M,2012,3.5,35.0,8.97,8.7,9.81,13.63,14.61,13.12,13.41,13.78,13.03,12.98,13.75,13.0,12.41
QV2M,2012,3.5,35.625,9.4,9.49,10.77,14.13,14.75,13.08,12.69,12.89,11.98,12.7,13.75,13.23,12.41
QV2M,2012,3.5,36.25,10.79,11.0,12.14,14.78,14.58,13.09,12.5,12.27,11.75,13.37,14.39,14.07,12.9
QV2M,2012,3.5,36.875,8.56,8.44,9.7,13.87,13.42,11.6,11.08,10.5,10.04,12.06,13.27,12.78,11.28
QV2M,2012,3.5,37.5,8.09,8.12,9.24,13.83,13.52,11.53,10.92,10.55,10.17,12.17,13.17,12.51,11.16
QV2M,2012,3.5,38.125,8.31,8.01,8.82,14.12,13.99,11.86,11.05,10.99,10.62,12.52,13.29,12.32,11.33
QV2M,2012,3.5,38.75,8.19,7.87,8.62,14.19,14.22,11.99,11.07,11.14,10.79,12.68,13.21,12.05,11.34
QV2M,2012,3.5,39.375,8.48,8.04,8.81,14.18,14.33,12.16,11.16,11.24,11.05,12.87,13.36,12.06,11.48
QV2M,2012,3.5,40.0,8.79,8.33,9.1,14.58,14.56,12.32,11.28,11.35,11.09,13.05,13.57,11.98,11.67
QV2M,2012,3.5,40.625,9.37,8.73,9.46,14.79,14.75,12.5,11.39,11.58,11.27,13.23,13.83,11.98,11.91
QV2M,2012,3.5,41.25,10.05,9.37,9.97,14.77,14.94,12.85,11.7,11.78,11.51,13.39,13.96,12.25,12.22
QV2M,2012,3.5,41.875,10.56,9.83,10.14,14.97,15.39,13.21,11.91,11.99,11.82,13.61,14.21,12.52,12.52
QV2M,2012,4.0,34.375,8.98,8.32,9.45,13.74,14.69,13.49,14.19,14.08,13.72,13.8,14.5,13.63,12.73
QV2M,2012,4.0,35.0,9.15,8.74,10.03,14.29,15.4,13.68,13.91,14.09,13.54,13.72,14.62,13.66,12.91
QV2M,2012,4.0,35.625,9.6,9.52,10.93,14.34,14.96,13.17,12.69,12.93,12.21,13.2,14.09,13.37,12.59
QV2M,2012,4.0,36.25,10.82,10.92,12.05,15.01,14.94,13.34,12.71,12.6,12.13,13.77,14.53,13.97,13.07
QV2M,2012,4.0,36.875,8.14,7.75,9.04,13.78,13.7,11.77,11.37,10.81,10.13,12.3,13.1,12.22,11.18
QV2M,2012,4.0,37.5,7.62,7.35,8.34,13.68,13.72,11.66,11.07,10.78,10.27,12.28,12.64,11.67,10.93
QV2M,2012,4.0,38.125,7.62,7.3,7.88,13.64,13.83,11.75,11.02,11.04,10.83,12.43,12.35,11.14,10.91
QV2M,2012,4.0,38.75,7.88,7.36,7.96,13.56,13.78,11.79,10.94,10.94,10.96,12.46,12.34,11.14,10.93
QV2M,2012,4.0,39.375,8.2,7.65,8.23,14.17,14.18,12.01,10.9,11.09,10.88,12.77,12.89,11.51,11.21
QV2M,2012,4.0,40.0,8.57,8.01,8.5,14.73,14.52,12.18,11.07,11.26,11.11,13.02,13.04,11.36,11.45
QV2M,2012,4.0,40.625,9.22,8.5,8.88,14.85,14.54,12.15,11.13,11.31,11.04,13.13,13.34,11.54,11.64
QV2M,2012,4.0,41.25,10.02,9.28,9.33,14.85,14.77,12.51,11.41,11.43,11.16,13.29,13.63,11.94,11.97
QV2M,2012,4.0,41.875,10.85,9.85,9.57,15.09,15.28,12.96,11.69,11.63,11.47,13.61,14.16,12.25,12.37
QV2M,2012,4.5,34.375,8.7,8.3,9.55,14.59,15.63,13.68,14.91,14.64,14.41,14.65,15.31,14.45,13.25
QV2M,2012,4.5,35.0,9.52,8.7,10.09,14.73,15.87,14.07,14.15,14.16,13.9,14.27,15.22,14.24,13.25
QV2M,2012,4.5,35.625,9.54,9.08,10.46,14.47,15.39,13.39,12.91,13.21,12.57,13.64,14.36,13.5,12.72
QV2M,2012,4.5,36.25,9.45,9.01,10.29,14.55,15.07,13.01,12.55,12.45,11.83,13.48,14.13,13.24,12.43
QV2M,2012,4.5,36.875,8.68,7.93,9.12,14.11,14.35,12.36,11.97,11.72,11.08,13.09,13.31,12.35,11.68
QV2M,2012,4.5,37.5,7.13,6.78,7.71,13.67,14.05,11.93,11.32,11.18,10.73,12.58,12.48,11.03,10.89
QV2M,2012,4.5,38.125,7.34,6.85,7.43,13.14,13.48,11.59,10.94,10.85,10.85,12.21,11.86,10.49,10.59
QV2M,2012,4.5,38.75,7.66,7.08,7.6,13.59,13.82,11.73,10.89,10.89,10.88,12.5,12.13,10.64,10.79
QV2M,2012,4.5,39.375,7.8,7.3,7.76,14.17,14.05,11.84,10.83,10.96,10.88,12.69,12.27,10.61,10.93
QV2M,2012,4.5,40.0,8.02,7.57,7.97,14.05,14.02,11.84,10.86,10.92,10.82,12.65,12.12,10.56,10.95
QV2M,2012,4.5,40.625,8.69,8.03,8.38,14.73,14.32,11.97,10.97,11.11,11.12,13.06,12.57,10.91,11.33
QV2M,2012,4.5,41.25,9.43,8.75,8.75,14.63,14.51,12.21,11.23,11.17,11.03,13.17,12.96,11.37,11.6
QV2M,2012,4.5,41.875,10.5,9.35,8.93,15.23,15.26,12.74,11.47,11.37,11.28,13.74,13.88,11.71,12.12
QV2M,2013,-0.5,34.375,13.67,12.79,13.86,14.97,14.04,13.01,11.7,11.91,12.84,12.77,13.45,13.27,13.19
QV2M,2013,-0.5,35.0,12.37,11.35,12.57,13.88,12.91,12.35,11.18,11.62,12.16,11.72,12.52,12.39,12.25
QV2M,2013,-0.5,35.625,10.51,9.54,10.97,12.0,11.0,10.9,10.03,10.45,10.6,10.21,11.06,10.94,10.69
QV2M,2013,-0.5,36.25,10.42,9.11,10.88,12.15,10.82,10.78,10.06,10.37,10.47,10.03,11.15,10.97,10.61
QV2M,2013,-0.5,36.875,10.81,9.35,11.45,12.68,11.09,10.79,10.2,10.29,10.36,10.08,11.61,11.33,10.84
QV2M,2013,-0.5,37.5,12.06,10.82,12.72,14.23,12.22,11.48,10.86,10.76,10.9,10.87,12.87,12.61,11.87
QV2M,2013,-0.5,38.125,12.95,11.47,13.62,14.99,12.27,11.19,10.59,10.41,10.56,11.08,13.95,13.74,12.24
QV2M,2013,-0.5,38.75,13.41,12.16,14.43,15.93,13.26,11.81,11.13,11.14,11.42,12.06,14.7,14.48,13.0
QV2M,2013,-0.5,39.375,13.76,12.73,14.92,16.74,14.79,12.69,12.01,12.14,12.34,13.04,15.21,14.76,13.76
QV2M,2013,-0.5,40.0,14.17,13.25,15.19,17.32,15.65,13.47,12.62,12.69,12.84,13.57,15.56,15.02,14.28
QV2M,2013,-0.5,40.625,14.3,13.65,15.38,17.87,16.58,14.26,13.2,13.28,13.17,13.95,15.78,15.03,14.71
QV2M,2013,-0.5,41.25,14.67,14.21,15.69,18.24,16.97,14.59,13.5,13.58,13.46,14.38,16.05,15.21,15.05
QV2M,2013,-0.5,41.875,15.34,15.08,16.17,18.5,17.31,15.08,14.09,14.09,14.13,15.13,16.29,15.66,15.57
QV2M,2013,-1.0,34.375,13.94,12.91,13.85,14.96,13.64,12.7,11.12,11.7,12.47,12.15,13.46,13.48,13.03
QV2M,2013,-1.0,35.0,12.41,11.4,12.48,13.72,12.46,11.85,10.72,11.09,11.55,10.97,12.09,12.39,11.93
QV2M,2013,-1.0,35.625,11.34,9.8,11.45,12.94,11.66,11.28,10.25,10.69,10.9,10.33,11.35,11.65,11.14
QV2M,2013,-1.0,36.25,11.07,9.47,11.37,12.8,11.54,11.09,10.15,10.6,10.7,10.24,11.42,11.58,11.01
QV2M,2013,-1.0,36.875,11.57,10.2,11.96,13.3,11.52,10.81,10.06,10.12,10.14,9.92,11.98,12.24,11.16
QV2M,2013,-1.0,37.5,12.64,11.38,13.11,14.52,12.45,11.51,10.69,10.69,10.81,10.93,13.15,13.34,12.1
QV2M,2013,-1.0,38.125,12.73,11.52,13.71,14.76,12.31,11.18,10.54,10.47,10.64,11.18,13.79,13.65,12.21
QV2M,2013,-1.0,38.75,13.59,12.32,14.84,16.11,13.47,11.93,11.23,11.32,11.64,12.29,14.97,14.85,13.22
QV2M,2013,-1.0,39.375,13.88,12.9,15.52,17.08,15.01,12.83,12.16,12.3,12.6,13.32,15.57,15.21,14.04
QV2M,2013,-1.0,40.0,14.46,13.51,15.8,17.72,15.92,13.6,12.77,12.88,13.12,13.87,15.97,15.59,14.6
QV2M,2013,-1.0,40.625,14.77,14.06,15.85,18.14,16.81,14.49,13.41,13.5,13.48,14.22,16.0,15.54,15.02
QV2M,2013,-1.0,41.25,15.24,14.7,16.18,18.37,17.16,14.94,13.79,13.84,13.82,14.64,16.25,15.69,15.39
QV2M,2013,-1.0,41.875,16.63,16.32,17.46,18.99,17.75,15.66,14.77,14.76,15.05,16.02,17.18,16.78,16.45
QV2M,2013,-1.5,34.375,13.73,12.56,13.26,14.88,13.11,11.46,9.52,10.61,11.81,11.45,12.88,13.28,12.37
QV2M,2013,-1.5,35.0,12.73,11.46,12.39,13.98,12.44,11.26,9.75,10.27,10.9,10.43,11.83,12.47,11.66
QV2M,2013,-1.5,35.625,11.44,10.11,11.59,13.06,11.78,10.81,9.53,10.08,10.37,9.92,11.21,11.68,10.97
QV2M,2013,-1.5,36.25,11.42,9.87,11.88,14.12,12.34,11.06,9.85,10.31,10.5,9.97,11.76,12.33,11.29
QV2M,2013,-1.5,36.875,11.53,10.1,11.9,13.53,11.46,10.49,9.37,9.74,9.89,9.68,11.92,12.51,11.01
QV2M,2013,-1.5,37.5,12.34,11.05,12.79,14.09,11.94,10.85,9.96,10.12,10.24,10.4,12.71,13.2,11.64
QV2M,2013,-1.5,38.125,13.27,12.22,13.96,14.83,12.68,11.4,10.69,10.67,10.89,11.41,13.75,14.01,12.48
QV2M,2013,-1.5,38.75,13.95,12.62,15.12,15.99,13.69,12.06,11.34,11.47,11.85,12.51,14.98,15.09,13.39
QV2M,2013,-1.5,39.375,14.31,13.2,16.0,17.08,15.08,13.02,12.28,12.45,12.84,13.57,15.78,15.59,14.27
QV2M,2013,-1.5,40.0,14.68,13.82,16.34,17.98,16.31,13.9,12.99,13.17,13.44,14.19,16.16,15.83,14.9
QV2M,2013,-1.5,40.625,15.12,14.43,16.3,18.34,17.02,14.73,13.66,13.76,13.86,14.55,16.1,15.8,15.31
QV2M,2013,-1.5,41.25,15.78,15.22,16.67,18.58,17.38,15.2,14.08,14.12,14.24,14.99,16.36,16.09,15.73
QV2M,2013,-1.5,41.875,17.77,17.47,18.64,19.61,18.15,16.21,15.49,15.46,15.96,16.88,18.01,17.77,17.28
QV2M,2013,-1.7975103014118005e-13,34.375,13.47,12.72,14.17,15.01,14.44,13.57,12.31,12.89,13.61,13.66,13.95,13.36,13.6
QV2M,2013,-1.7975103014118005e-13,35.0,12.43,11.51,12.96,14.15,13.45,12.89,11.78,12.43,12.89,12.67,13.1,12.48,12.73
QV2M,2013,-1.7975103014118005e-13,35.625,10.98,10.19,11.57,12.45,11.65,11.53,10.69,11.18,11.38,11.1,11.73,11.23,11.31
QV2M,2013,-1.7975103014118005e-13,36.25,10.42,9.18,10.69,12.81,11.34,11.45,10.95,11.06,11.21,10.36,11.51,11.09,11.01
QV2M,2013,-1.7975103014118005e-13,36.875,10.59,9.27,10.88,12.86,11.26,11.09,10.71,10.64,10.66,10.14,11.58,11.19,10.91
QV2M,2013,-1.7975103014118005e-13,37.5,11.29,10.3,11.83,13.14,11.3,10.75,10.33,10.14,10.22,10.26,12.02,11.56,11.1
QV2M,2013,-1.7975103014118005e-13,38.125,12.87,11.59,13.55,15.23,12.32,11.25,10.67,10.37,10.47,11.0,13.9,13.28,12.21
QV2M,2013,-1.7975103014118005e-13,38.75,13.29,12.18,14.13,15.9,13.34,11.81,11.11,11.07,11.29,11.94,14.46,13.85,12.86
QV2M,2013,-1.7975103014118005e-13,39.375,13.49,12.56,14.41,16.5,14.6,12.6,11.89,11.97,12.11,12.76,14.79,14.02,13.48
QV2M,2013,-1.7975103014118005e-13,40.0,13.69,13.01,14.62,16.94,15.4,13.34,12.49,12.5,12.57,13.26,15.04,14.16,13.92
QV2M,2013,-1.7975103014118005e-13,40.625,13.71,13.27,14.99,17.67,16.36,14.05,12.98,12.99,12.85,13.64,15.38,14.3,14.35
QV2M,2013,-1.7975103014118005e-13,41.25,14.04,13.74,15.35,18.17,16.73,14.26,13.24,13.29,13.17,14.12,15.71,14.59,14.7
QV2M,2013,-1.7975103014118005e-13,41.875,14.47,14.3,15.63,18.45,17.1,14.75,13.7,13.68,13.59,14.66,15.96,14.95,15.1
QV2M,2013,-2.0,34.375,13.68,12.52,13.28,14.8,12.65,10.66,8.53,9.86,11.18,10.65,12.64,13.38,11.98
QV2M,2013,-2.0,35.0,12.66,11.44,12.5,13.95,12.1,10.53,8.84,9.64,10.25,9.92,11.76,12.56,11.34
QV2M,2013,-2.0,35.625,11.61,10.59,11.95,13.19,11.69,10.37,9.24,9.73,10.14,9.96,11.54,12.01,11.0
QV2M,2013,-2.0,36.25,11.7,10.39,12.35,14.5,12.09,10.6,9.43,9.88,10.29,10.01,12.04,12.86,11.35
QV2M,2013,-2.0,36.875,11.47,10.16,12.1,13.65,11.45,10.12,9.1,9.6,9.88,9.78,11.97,12.66,11.0
QV2M,2013,-2.0,37.5,12.51,11.27,13.0,14.29,11.98,10.66,9.76,10.04,10.25,10.41,12.8,13.59,11.71
QV2M,2013,-2.0,38.125,13.46,12.39,14.12,14.9,12.75,11.34,10.63,10.7,10.98,11.51,13.77,14.37,12.58
QV2M,2013,-2.0,38.75,14.31,13.02,15.48,16.16,14.01,12.23,11.5,11.65,12.13,12.78,15.09,15.42,13.65
QV2M,2013,-2.0,39.375,14.77,13.69,16.46,17.17,15.35,13.31,12.49,12.69,13.15,13.88,15.92,15.9,14.57
QV2M,2013,-2.0,40.0,15.11,14.33,16.95,18.1,16.48,14.05,13.16,13.35,13.79,14.53,16.31,16.05,15.19
QV2M,2013,-2.0,40.625,15.79,15.23,17.1,18.61,17.36,15.09,14.08,14.13,14.46,15.13,16.47,16.22,15.81
QV2M,2013,-2.0,41.25,17.24,16.87,18.17,19.1,17.76,15.65,14.97,14.96,15.49,16.27,17.39,17.26,16.76
QV2M,2013,-2.0,41.875,18.36,18.0,19.3,19.92,18.31,16.5,15.92,15.86,16.44,17.32,18.41,18.33,17.72
QV2M,2013,-2.5,34.375,13.47,12.47,13.45,14.4,12.01,9.98,7.93,9.1,10.23,9.67,12.16,13.25,11.5
QV2M,2013,-2.5,35.0,12.7,11.71,12.75,13.67,11.68,10.08,8.45,9.05,9.69,9.46,11.56,12.62,11.11
QV2M,2013,-2.5,35.625,12.51,11.59,12.65,13.78,11.67,10.21,8.57,9.27,9.95,10.0,11.98,12.88,11.25
QV2M,2013,-2.5,36.25,12.09,10.92,12.53,14.25,11.83,10.29,9.19,9.54,10.03,10.0,12.0,13.16,11.32
QV2M,2013,-2.5,36.875,12.14,10.86,12.53,14.17,11.98,9.98,8.84,9.35,9.9,10.0,12.23,13.45,11.29
QV2M,2013,-2.5,37.5,12.83,11.5,13.02,14.3,11.91,10.22,9.31,9.79,10.15,10.33,12.62,14.07,11.67
QV2M,2013,-2.5,38.125,13.87,12.57,14.25,14.91,12.82,11.3,10.54,10.7,11.03,11.47,13.74,14.85,12.67
QV2M,2013,-2.5,38.75,14.74,13.34,15.75,16.19,14.2,12.36,11.62,11.76,12.35,12.94,15.06,15.87,13.85
QV2M,2013,-2.5,39.375,15.46,14.24,16.83,17.24,15.61,13.63,12.72,12.91,13.51,14.19,15.98,16.38,14.89
QV2M,2013,-2.5,40.0,15.9,15.26,17.51,18.21,16.66,14.34,13.48,13.65,14.31,15.05,16.51,16.65,15.63
QV2M,2013,-2.5,40.625,17.27,16.84,18.48,19.23,17.8,15.72,14.94,14.95,15.58,16.29,17.42,17.38,16.82
QV2M,2013,-2.5,41.25,18.56,18.06,19.56,19.96,18.22,16.5,15.92,15.81,16.49,17.28,18.41,18.41,17.76
QV2M,2013,-2.5,41.875,18.42,17.99,19.31,19.89,18.31,16.48,15.92,15.84,16.43,17.26,18.34,18.32,17.71
QV2M,2013,-3.0,34.375,13.58,12.82,13.78,14.24,11.76,9.7,7.93,8.77,9.51,9.06,11.47,13.18,11.31
QV2M,2013,-3.0,35.0,13.0,12.25,13.11,13.69,11.71,9.97,8.47,8.89,9.49,9.33,11.05,12.7,11.13
QV2M,2013,-3.0,35.625,12.05,11.37,12.24,12.8,11.13,9.77,8.78,9.13,9.47,9.53,10.9,12.13,10.77
QV2M,2013,-3.0,36.25,12.88,12.07,12.94,14.15,11.92,10.33,9.02,9.47,9.99,10.28,11.58,13.37,11.5
QV2M,2013,-3.0,36.875,12.37,11.41,12.31,13.93,11.97,10.35,9.33,9.56,9.95,10.28,11.66,13.51,11.38
QV2M,2013,-3.0,37.5,11.87,10.97,12.14,12.97,11.3,9.95,9.22,9.5,9.69,9.88,11.44,12.8,10.98
QV2M,2013,-3.0,38.125,13.86,12.59,14.19,14.71,12.83,11.29,10.59,10.81,11.2,11.55,13.47,14.86,12.66
QV2M,2013,-3.0,38.75,14.89,13.4,15.89,16.17,14.32,12.49,11.76,11.9,12.56,13.07,14.91,16.16,13.96
QV2M,2013,-3.0,39.375,15.71,14.53,17.06,17.41,15.87,13.84,12.9,13.07,13.8,14.45,16.0,16.66,15.11
QV2M,2013,-3.0,40.0,16.76,16.12,18.09,18.61,16.98,14.74,13.94,14.12,14.89,15.62,16.89,17.23,16.16
QV2M,2013,-3.0,40.625,18.58,18.0,19.54,19.85,18.16,16.36,15.73,15.7,16.39,17.15,18.25,18.4,17.67
QV2M,2013,-3.0,41.25,18.65,18.02,19.46,19.92,18.22,16.49,15.89,15.75,16.44,17.18,18.28,18.43,17.72
QV2M,2013,-3.0,41.875,18.54,17.95,19.31,19.88,18.28,16.44,15.91,15.81,16.43,17.21,18.26,18.32,17.69
QV2M,2013,-3.5,34.375,14.23,13.41,14.22,14.53,11.76,9.48,7.92,8.78,9.46,9.2,11.52,13.62,11.5
QV2M,2013,-3.5,35.0,13.6,12.93,13.72,14.08,11.92,10.12,8.91,9.41,10.0,9.94,11.54,13.25,11.61
QV2M,2013,-3.5,35.625,12.8,12.1,13.02,13.59,11.56,9.94,9.02,9.39,9.78,9.87,11.36,12.81,11.26
QV2M,2013,-3.5,36.25,12.98,12.08,12.94,13.87,11.71,10.02,9.0,9.56,9.99,10.2,11.59,13.31,11.43
QV2M,2013,-3.5,36.875,12.86,11.7,13.21,14.12,12.24,10.58,9.65,10.01,10.42,10.73,12.07,13.73,11.78
QV2M,2013,-3.5,37.5,12.69,11.44,13.74,14.71,12.88,11.15,10.3,10.53,11.0,11.21,12.61,14.14,12.2
QV2M,2013,-3.5,38.125,13.6,12.25,14.24,14.69,12.93,11.35,10.66,10.96,11.48,11.82,13.28,14.64,12.66
QV2M,2013,-3.5,38.75,14.76,13.39,15.7,15.94,14.3,12.63,11.94,12.08,12.71,13.24,14.62,15.71,13.92
QV2M,2013,-3.5,39.375,15.81,14.67,17.12,17.53,16.04,13.98,13.07,13.21,13.97,14.57,15.97,16.61,15.22
QV2M,2013,-3.5,40.0,17.83,17.11,18.9,19.27,17.53,15.45,14.74,14.92,15.69,16.45,17.61,17.88,16.95
QV2M,2013,-3.5,40.625,18.82,18.19,19.57,19.88,18.19,16.4,15.78,15.74,16.41,17.16,18.25,18.53,17.74
QV2M,2013,-3.5,41.25,18.84,18.13,19.49,19.93,18.2,16.46,15.88,15.74,16.43,17.14,18.25,18.46,17.74
QV2M,2013,-3.5,41.875,18.73,18.02,19.34,19.87,18.24,16.39,15.88,15.78,16.41,17.16,18.24,18.32,17.7
QV2M,2013,-4.0,34.375,14.31,13.55,14.09,14.43,11.55,9.13,7.79,8.66,9.26,9.04,11.51,13.89,11.42
QV2M,2013,-4.0,35.0,13.43,12.8,13.35,13.73,11.37,9.4,8.24,8.97,9.46,9.32,11.12,13.19,11.19
QV2M,2013,-4.0,35.625,12.91,12.27,12.96,13.43,11.38,9.67,8.8,9.38,9.68,9.69,11.24,12.84,11.18
QV2M,2013,-4.0,36.25,13.0,12.23,12.95,13.71,11.59,9.83,8.94,9.56,9.92,10.01,11.5,13.21,11.37
QV2M,2013,-4.0,36.875,12.95,11.98,13.2,13.85,11.96,10.25,9.49,9.97,10.33,10.52,12.06,13.6,11.68
QV2M,2013,-4.0,37.5,13.37,12.16,13.98,14.57,12.74,10.92,10.25,10.58,11.05,11.29,12.79,14.23,12.33
QV2M,2013,-4.0,38.125,13.88,12.5,14.86,15.15,13.43,11.66,10.93,11.3,11.89,12.28,13.69,14.9,13.04
QV2M,2013,-4.0,38.75,14.97,13.54,16.19,16.32,14.82,13.0,12.28,12.49,13.19,13.75,15.03,15.8,14.29
QV2M,2013,-4.0,39.375,16.14,15.11,17.43,18.01,16.53,14.3,13.46,13.52,14.31,14.88,16.18,16.66,15.55
QV2M,2013,-4.0,40.0,18.72,18.1,19.44,19.62,17.92,16.08,15.43,15.5,16.19,16.94,18.06,18.43,17.53
QV2M,2013,-4.0,40.625,19.01,18.46,19.58,19.9,18.17,16.37,15.77,15.74,16.4,17.12,18.26,18.6,17.78
QV2M,2013,-4.0,41.25,19.0,18.37,19.54,19.94,18.18,16.4,15.85,15.73,16.41,17.12,18.23,18.48,17.77
QV2M,2013,-4.0,41.875,18.89,18.18,19.37,19.87,18.2,16.34,15.84,15.73,16.39,17.12,18.2,18.36,17.7
QV2M,2013,-4.5,34.375,13.53,12.95,13.46,13.88,10.92,8.76,7.72,8.44,8.85,8.59,10.8,13.49,10.94
QV2M,2013,-4.5,35.0,13.0,12.35,13.02,13.41,11.05,8.94,8.01,8.76,9.14,8.96,10.66,12.82,10.83
QV2M,2013,-4.5,35.625,12.93,12.22,12.95,13.39,11.24,9.3,8.5,9.25,9.57,9.58,11.05,12.76,11.05
QV2M,2013,-4.5,36.25,13.33,12.6,13.26,13.85,11.62,9.66,8.87,9.64,10.02,10.16,11.53,13.29,11.48
QV2M,2013,-4.5,36.875,13.18,12.37,13.42,13.91,11.99,10.16,9.49,10.1,10.43,10.7,12.02,13.44,11.76
QV2M,2013,-4.5,37.5,13.77,12.63,14.26,14.74,12.97,11.09,10.46,10.85,11.23,11.58,12.84,14.19,12.55
QV2M,2013,-4.5,38.125,14.38,12.97,14.86,15.19,13.63,11.89,11.16,11.43,11.91,12.42,13.73,14.85,13.2
QV2M,2013,-4.5,38.75,15.72,14.18,16.51,16.62,15.2,13.31,12.53,12.77,13.38,14.08,15.46,16.19,14.67
QV2M,2013,-4.5,39.375,17.47,16.49,18.29,18.68,17.16,15.04,14.29,14.35,15.07,15.74,17.02,17.55,16.43
QV2M,2013,-4.5,40.0,19.12,18.59,19.53,19.64,17.99,16.15,15.53,15.57,16.22,16.97,18.14,18.64,17.67
QV2M,2013,-4.5,40.625,19.16,18.72,19.6,19.89,18.14,16.31,15.73,15.7,16.37,17.07,18.2,18.61,17.79
QV2M,2013,-4.5,41.25,19.11,18.62,19.55,19.94,18.16,16.32,15.8,15.7,16.39,17.08,18.18,18.5,17.77
QV2M,2013,-4.5,41.875,18.96,18.4,19.42,19.88,18.16,16.28,15.81,15.67,16.37,17.06,18.14,18.41,17.71
QV2M,2013,0.5,34.375,13.24,12.45,14.15,14.97,14.61,14.15,12.84,13.7,14.08,14.17,14.26,13.22,13.83
QV2M,2013,0.5,35.0,11.99,11.06,12.58,13.66,13.12,12.89,11.86,12.58,12.72,12.7,12.96,12.02,12.52
QV2M,2013,0.5,35.625,11.68,10.09,11.5,13.57,12.79,12.68,11.82,12.42,12.56,12.37,12.55,11.41,12.13
QV2M,2013,0.5,36.25,10.74,9.53,10.99,13.53,12.09,12.01,12.01,11.98,11.92,10.86,11.98,11.13,11.57
QV2M,2013,0.5,36.875,10.9,9.86,11.35,13.32,11.37,11.22,11.41,11.08,10.88,10.31,12.11,11.32,11.27
QV2M,2013,0.5,37.5,11.47,10.48,12.18,14.02,11.49,10.95,10.86,10.34,10.32,10.37,12.62,11.76,11.41
QV2M,2013,0.5,38.125,12.32,11.39,13.21,15.07,12.39,11.32,10.76,10.35,10.44,10.98,13.52,12.5,12.02
QV2M,2013,0.5,38.75,13.03,12.07,13.78,15.76,13.42,11.82,11.1,11.0,11.18,11.81,14.19,13.23,12.7
QV2M,2013,0.5,39.375,13.19,12.24,14.05,16.51,14.58,12.54,11.76,11.78,11.87,12.5,14.67,13.55,13.27
QV2M,2013,0.5,40.0,13.1,12.52,14.29,17.0,15.37,13.24,12.32,12.27,12.28,12.95,14.81,13.54,13.64
QV2M,2013,0.5,40.625,13.04,12.87,14.71,17.71,16.28,13.8,12.73,12.67,12.55,13.34,14.99,13.61,14.03
QV2M,2013,0.5,41.25,13.4,13.3,15.07,17.95,16.37,13.99,13.03,13.05,12.99,13.92,15.28,13.92,14.36
QV2M,2013,0.5,41.875,13.83,13.76,15.33,18.31,16.81,14.53,13.48,13.39,13.28,14.4,15.65,14.35,14.76
QV2M,2013,1.0,34.375,11.54,10.65,12.42,13.19,12.84,12.59,11.5,12.25,12.55,12.46,12.5,11.48,12.17
QV2M,2013,1.0,35.0,11.24,10.01,11.42,12.87,12.42,12.19,11.41,11.96,12.02,12.07,12.31,11.23,11.77
QV2M,2013,1.0,35.625,10.76,9.24,10.98,13.49,12.76,12.12,11.63,12.52,12.55,12.11,12.21,10.8,11.78
QV2M,2013,1.0,36.25,10.62,9.44,11.1,13.71,11.94,11.82,12.25,12.14,11.77,10.85,12.12,10.98,11.57
QV2M,2013,1.0,36.875,11.02,10.18,11.76,13.34,11.28,11.02,11.31,10.86,10.62,10.36,12.28,11.16,11.27
QV2M,2013,1.0,37.5,11.7,10.78,12.51,14.34,11.76,11.13,10.93,10.36,10.29,10.51,12.99,11.8,11.59
QV2M,2013,1.0,38.125,12.25,11.29,13.16,15.09,12.51,11.39,10.81,10.38,10.47,11.02,13.59,12.28,12.02
QV2M,2013,1.0,38.75,12.8,11.79,13.65,15.79,13.45,11.82,11.09,10.98,11.11,11.75,14.25,12.86,12.61
QV2M,2013,1.0,39.375,12.83,11.9,13.85,16.56,14.54,12.46,11.65,11.65,11.7,12.31,14.62,13.04,13.09
QV2M,2013,1.0,40.0,12.54,12.1,14.09,17.12,15.38,13.11,12.14,12.07,12.04,12.71,14.63,12.95,13.41
QV2M,2013,1.0,40.625,12.44,12.41,14.47,17.72,16.24,13.62,12.52,12.4,12.28,13.13,14.78,13.01,13.75
QV2M,2013,1.0,41.25,12.75,12.72,14.78,17.87,16.3,14.0,12.94,12.81,12.69,13.69,15.08,13.28,14.08
QV2M,2013,1.0,41.875,13.17,13.08,14.91,18.18,16.77,14.28,13.2,13.08,12.98,14.16,15.41,13.73,14.41
QV2M,2013,1.5,34.375,11.01,9.41,11.59,14.02,13.79,13.35,12.42,13.18,13.59,13.45,12.93,11.29,12.52
QV2M,2013,1.5,35.0,10.77,9.31,11.17,13.46,13.1,12.57,11.95,12.64,12.73,12.73,12.62,10.91,12.01
QV2M,2013,1.5,35.625,10.62,9.24,11.34,13.71,12.62,12.09,12.09,12.77,12.51,12.05,12.33,10.62,11.84
QV2M,2013,1.5,36.25,10.47,9.61,11.44,13.85,11.81,11.48,12.17,12.01,11.5,10.7,12.22,10.61,11.5
QV2M,2013,1.5,36.875,11.16,10.41,12.07,13.67,11.5,11.06,11.18,10.56,10.26,10.33,12.52,11.1,11.32
QV2M,2013,1.5,37.5,11.73,10.92,12.75,14.63,12.08,11.35,11.07,10.51,10.41,10.71,13.24,11.66,11.75
QV2M,2013,1.5,38.125,12.27,11.31,13.38,15.47,12.73,11.5,10.89,10.48,10.57,11.18,13.89,12.09,12.15
QV2M,2013,1.5,38.75,12.59,11.42,13.7,16.33,13.64,11.84,11.12,11.01,11.1,11.77,14.52,12.47,12.63
QV2M,2013,1.5,39.375,12.47,11.58,13.72,16.73,14.68,12.53,11.64,11.54,11.55,12.16,14.44,12.35,12.95
QV2M,2013,1.5,40.0,12.42,11.79,13.94,17.07,15.28,13.01,11.97,11.88,11.82,12.58,14.67,12.43,13.24
QV2M,2013,1.5,40.625,11.89,11.85,14.23,17.58,16.1,13.53,12.36,12.19,12.05,12.98,14.77,12.34,13.49
QV2M,2013,1.5,41.25,12.12,12.07,14.26,17.7,16.28,13.7,12.69,12.58,12.4,13.48,14.75,12.52,13.72
QV2M,2013,1.5,41.875,12.41,12.34,14.5,18.04,16.67,13.97,12.91,12.75,12.67,13.93,15.4,12.93,14.05
QV2M,2013,2.0,34.375,10.64,9.17,11.58,14.34,13.93,13.45,13.04,13.48,13.7,13.37,12.75,10.87,12.54
QV2M,2013,2.0,35.0,10.47,9.11,11.35,13.56,12.92,12.4,12.26,12.53,12.54,12.32,12.37,10.52,11.88
QV2M,2013,2.0,35.625,10.44,9.32,11.6,13.91,12.48,11.93,12.13,12.26,11.9,11.61,12.28,10.26,11.69
QV2M,2013,2.0,36.25,10.66,9.83,11.82,14.23,11.87,11.23,11.88,11.67,10.84,10.38,12.45,10.48,11.45
QV2M,2013,2.0,36.875,11.23,10.47,12.35,13.92,11.81,11.17,11.0,10.42,10.06,10.43,12.7,10.96,11.38
QV2M,2013,2.0,37.5,11.87,11.0,13.03,15.08,12.52,11.49,10.99,10.45,10.35,10.9,13.49,11.48,11.89
QV2M,2013,2.0,38.125,12.17,11.1,13.47,15.88,13.17,11.6,10.93,10.57,10.65,11.37,14.05,11.7,12.22
QV2M,2013,2.0,38.75,12.08,11.22,13.6,16.3,13.85,12.0,11.2,11.01,11.04,11.8,14.24,11.61,12.5
QV2M,2013,2.0,39.375,11.83,11.08,13.61,16.75,14.73,12.56,11.6,11.41,11.37,12.14,14.33,11.45,12.74
QV2M,2013,2.0,40.0,11.72,11.2,13.77,16.97,15.21,12.94,11.89,11.7,11.61,12.52,14.55,11.44,12.96
QV2M,2013,2.0,40.625,11.2,11.12,14.12,17.56,15.89,13.31,12.08,11.97,11.79,12.86,15.01,11.53,13.21
QV2M,2013,2.0,41.25,11.46,11.33,14.1,17.61,16.12,13.56,12.42,12.28,12.08,13.28,14.93,11.74,13.41
QV2M,2013,2.0,41.875,11.7,11.57,14.19,17.98,16.59,13.76,12.61,12.48,12.35,13.7,15.6,12.07,13.72
QV2M,2013,2.5,34.375,10.33,9.18,11.55,13.98,13.4,12.8,12.87,12.87,12.71,12.46,12.38,10.31,12.08
QV2M,2013,2.5,35.0,10.49,9.33,11.75,13.92,13.36,12.48,12.47,12.29,11.98,12.02,12.42,10.37,11.92
QV2M,2013,2.5,35.625,10.62,9.57,12.06,14.52,13.22,12.24,12.28,11.94,11.31,11.34,12.44,10.08,11.81
QV2M,2013,2.5,36.25,11.65,10.91,13.05,15.07,13.13,12.23,12.07,11.65,11.12,11.5,13.24,11.12,12.23
QV2M,2013,2.5,36.875,11.47,10.72,12.91,14.71,12.58,11.66,11.22,10.59,10.39,10.99,13.09,10.95,11.77
QV2M,2013,2.5,37.5,11.43,10.55,13.14,15.62,12.97,11.53,10.88,10.36,10.33,11.11,13.5,10.82,11.85
QV2M,2013,2.5,38.125,11.28,10.41,13.3,15.91,13.43,11.76,10.96,10.58,10.63,11.54,13.65,10.66,12.01
QV2M,2013,2.5,38.75,11.17,10.27,13.44,16.49,14.12,12.14,11.2,10.93,10.91,11.92,13.96,10.56,12.26
QV2M,2013,2.5,39.375,10.91,10.03,13.46,16.91,14.81,12.54,11.54,11.25,11.15,12.28,14.13,10.4,12.46
QV2M,2013,2.5,40.0,10.73,10.16,13.57,16.93,15.11,12.84,11.78,11.52,11.33,12.57,14.26,10.37,12.6
QV2M,2013,2.5,40.625,10.49,10.34,13.82,17.22,15.55,13.18,11.96,11.75,11.53,12.85,14.63,10.61,12.83
QV2M,2013,2.5,41.25,10.7,10.52,13.74,17.26,15.68,13.32,12.26,12.07,11.85,13.21,14.63,10.72,13.0
QV2M,2013,2.5,41.875,10.95,10.73,13.73,17.6,16.2,13.62,12.5,12.26,12.12,13.62,15.06,11.18,13.3
QV2M,2013,3.0,34.375,10.32,9.07,11.65,13.91,13.6,12.87,12.84,12.5,12.23,12.23,12.46,10.25,12.01
QV2M,2013,3.0,35.0,10.72,9.39,12.18,14.57,14.24,12.8,12.7,12.38,11.77,12.1,12.76,10.31,12.17
QV2M,2013,3.0,35.625,11.04,9.87,12.77,15.5,14.27,12.75,12.49,11.86,10.99,11.81,12.96,10.13,12.21
QV2M,2013,3.0,36.25,12.86,12.06,14.31,16.2,14.31,13.05,12.43,11.88,11.95,12.68,14.22,11.91,13.16
QV2M,2013,3.0,36.875,11.18,10.25,13.04,15.48,13.08,11.79,11.14,10.42,10.32,11.23,13.18,10.21,11.78
QV2M,2013,3.0,37.5,10.84,9.82,13.21,16.07,13.45,11.75,10.93,10.38,10.37,11.46,13.42,9.97,11.81
QV2M,2013,3.0,38.125,10.52,9.33,13.21,16.09,13.73,11.97,11.08,10.55,10.53,11.79,13.47,9.82,11.85
QV2M,2013,3.0,38.75,10.24,8.98,13.25,16.56,14.29,12.26,11.18,10.81,10.72,12.21,13.75,9.63,12.0
QV2M,2013,3.0,39.375,10.01,8.9,13.19,16.81,14.75,12.5,11.48,11.1,10.89,12.47,13.85,9.55,12.14
QV2M,2013,3.0,40.0,9.91,9.12,13.33,16.91,15.02,12.75,11.65,11.33,11.03,12.7,14.08,9.68,12.3
QV2M,2013,3.0,40.625,9.88,9.48,13.47,16.95,15.21,13.01,11.83,11.53,11.27,12.85,14.31,9.95,12.49
QV2M,2013,3.0,41.25,10.05,9.69,13.46,17.13,15.37,13.12,12.05,11.79,11.54,13.11,14.54,10.27,12.69
QV2M,2013,3.0,41.875,10.31,9.82,13.32,17.27,15.76,13.29,12.23,11.94,11.74,13.4,14.76,10.76,12.89
QV2M,2013,3.5,34.375,10.7,9.34,12.0,14.06,13.79,12.56,12.69,12.36,12.13,12.26,12.8,10.2,12.09
QV2M,2013,3.5,35.0,11.24,9.65,12.64,15.19,14.48,12.89,12.89,12.36,11.95,12.4,13.18,10.41,12.45
QV2M,2013,3.5,35.625,11.78,10.37,13.41,15.94,14.36,12.78,12.45,11.69,11.05,12.35,13.47,10.4,12.51
QV2M,2013,3.5,36.25,12.89,11.9,14.43,16.21,14.38,13.07,12.41,11.97,12.02,13.06,14.13,11.65,13.18
QV2M,2013,3.5,36.875,11.05,9.43,12.94,15.93,13.47,11.88,11.23,10.37,10.18,11.7,13.07,9.63,11.75
QV2M,2013,3.5,37.5,10.4,8.74,12.84,15.83,13.42,11.81,10.97,10.39,10.27,11.78,12.93,9.19,11.56
QV2M,2013,3.5,38.125,9.92,8.28,12.87,16.02,13.85,12.11,11.24,10.69,10.46,12.1,13.08,9.24,11.67
QV2M,2013,3.5,38.75,9.47,7.95,12.68,16.13,14.08,12.19,11.26,10.84,10.62,12.34,13.15,8.97,11.66
QV2M,2013,3.5,39.375,9.37,8.03,12.73,16.1,14.29,12.31,11.39,11.0,10.77,12.53,13.43,9.1,11.77
QV2M,2013,3.5,40.0,9.29,8.28,13.03,16.66,14.7,12.52,11.45,11.13,10.78,12.7,13.87,9.29,11.99
QV2M,2013,3.5,40.625,9.3,8.64,13.25,16.78,14.89,12.73,11.51,11.22,10.96,12.86,14.26,9.73,12.19
QV2M,2013,3.5,41.25,9.65,9.15,13.29,16.89,15.02,12.88,11.81,11.53,11.26,12.98,14.48,10.13,12.43
QV2M,2013,3.5,41.875,9.82,9.28,13.17,17.13,15.39,13.0,11.94,11.64,11.42,13.18,14.81,10.61,12.63
QV2M,2013,4.0,34.375,11.59,9.5,12.52,15.09,14.42,13.18,13.45,12.89,13.0,13.12,13.68,10.75,12.78
QV2M,2013,4.0,35.0,11.93,9.89,13.09,15.98,14.84,13.21,13.21,12.6,12.18,13.02,13.84,10.64,12.88
QV2M,2013,4.0,35.625,12.16,10.59,13.63,16.1,14.44,12.78,12.41,11.78,11.33,12.75,13.55,10.36,12.67
QV2M,2013,4.0,36.25,13.09,11.75,14.56,16.44,14.66,13.27,12.65,12.34,12.3,13.56,14.16,11.61,13.37
QV2M,2013,4.0,36.875,10.82,8.72,12.66,15.88,13.53,11.94,11.37,10.67,10.3,12.05,12.88,9.43,11.7
QV2M,2013,4.0,37.5,9.99,7.93,12.33,15.87,13.46,11.81,11.16,10.57,10.27,12.03,12.6,8.85,11.42
QV2M,2013,4.0,38.125,8.97,7.44,12.03,15.35,13.44,11.85,11.2,10.69,10.49,12.02,12.42,8.6,11.22
QV2M,2013,4.0,38.75,8.72,7.37,11.99,15.08,13.39,11.82,11.13,10.62,10.39,12.15,12.53,8.59,11.17
QV2M,2013,4.0,39.375,8.72,7.5,12.36,15.63,13.84,12.08,11.17,10.71,10.51,12.57,13.08,8.89,11.44
QV2M,2013,4.0,40.0,8.77,7.73,12.72,16.21,14.34,12.3,11.32,10.88,10.57,12.74,13.49,8.95,11.68
QV2M,2013,4.0,40.625,8.94,8.09,12.97,16.5,14.54,12.39,11.24,10.93,10.66,12.73,14.02,9.45,11.89
QV2M,2013,4.0,41.25,9.19,8.51,13.07,16.84,14.83,12.61,11.53,11.2,10.91,12.88,14.4,9.91,12.17
QV2M,2013,4.0,41.875,9.35,8.7,13.03,17.19,15.27,12.78,11.72,11.35,11.16,13.19,14.87,10.53,12.44
QV2M,2013,4.5,34.375,11.85,9.4,12.96,16.36,14.7,13.34,14.13,13.23,13.66,13.9,14.59,10.96,13.27
QV2M,2013,4.5,35.0,12.78,10.12,13.31,16.56,15.1,13.45,13.51,12.85,12.62,13.59,14.42,11.12,13.3
QV2M,2013,4.5,35.625,12.37,10.48,13.5,16.35,14.62,12.88,12.51,11.96,11.76,13.02,13.67,10.42,12.8
QV2M,2013,4.5,36.25,12.38,10.22,13.55,16.48,14.32,12.73,12.27,11.74,11.59,13.09,13.75,10.53,12.73
QV2M,2013,4.5,36.875,11.17,9.12,12.88,16.04,13.94,12.41,11.91,11.46,11.43,12.79,13.21,9.98,12.21
QV2M,2013,4.5,37.5,9.66,7.4,11.91,15.61,13.52,11.91,11.39,10.89,10.96,12.38,12.55,8.53,11.41
QV2M,2013,4.5,38.125,8.47,7.13,11.56,14.59,13.04,11.61,11.1,10.72,10.64,11.84,12.04,8.29,10.94
QV2M,2013,4.5,38.75,8.45,7.18,11.84,15.07,13.34,11.76,11.12,10.71,10.59,12.15,12.43,8.29,11.09
QV2M,2013,4.5,39.375,8.37,7.26,12.07,15.58,13.62,11.9,11.09,10.67,10.46,12.27,12.77,8.41,11.22
QV2M,2013,4.5,40.0,8.44,7.43,12.07,15.5,13.64,11.89,11.05,10.72,10.52,12.25,12.76,8.4,11.24
QV2M,2013,4.5,40.625,8.63,7.71,12.46,16.12,14.21,12.12,11.12,10.78,10.5,12.43,13.51,8.92,11.56
QV2M,2013,4.5,41.25,8.92,8.03,12.6,16.42,14.51,12.31,11.32,10.96,10.68,12.69,14.01,9.38,11.83
QV2M,2013,4.5,41.875,9.0,8.27,12.83,17.35,15.26,12.64,11.53,11.1,10.97,13.32,14.83,10.13,12.28
QV2M,2014,-0.5,34.375,12.63,12.39,12.93,14.41,13.77,12.95,12.04,12.51,12.63,13.46,13.81,13.17,13.06
QV2M,2014,-0.5,35.0,11.09,11.42,11.7,12.77,12.47,12.11,11.62,11.68,11.52,12.38,12.65,12.05,11.96
QV2M,2014,-0.5,35.625,9.62,10.36,10.36,11.03,10.96,10.84,10.41,10.35,10.02,10.72,11.13,10.43,10.52
QV2M,2014,-0.5,36.25,9.32,10.31,10.5,11.11,10.9,10.77,10.31,10.23,9.83,10.65,11.28,10.39,10.46
QV2M,2014,-0.5,36.875,9.41,10.62,11.14,11.76,11.37,10.95,10.34,10.32,9.97,10.97,11.85,10.89,10.8
QV2M,2014,-0.5,37.5,10.72,11.91,12.46,12.95,12.45,11.68,10.83,10.84,10.6,11.89,13.15,12.15,11.8
QV2M,2014,-0.5,38.125,11.14,12.57,13.34,13.57,12.9,11.62,10.64,10.64,10.53,12.05,14.19,13.3,12.2
QV2M,2014,-0.5,38.75,11.82,12.93,14.01,14.37,13.91,12.39,11.25,11.43,11.43,12.78,15.11,13.95,12.94
QV2M,2014,-0.5,39.375,12.47,12.94,14.5,15.15,15.44,13.56,12.23,12.45,12.42,13.53,15.75,14.5,13.75
QV2M,2014,-0.5,40.0,12.98,13.32,14.85,15.52,16.08,14.42,13.09,13.1,13.0,13.98,15.96,14.9,14.27
QV2M,2014,-0.5,40.625,13.33,13.62,14.87,15.74,17.01,15.37,14.04,13.83,13.52,14.4,16.29,15.2,14.77
QV2M,2014,-0.5,41.25,13.8,14.11,15.26,16.01,17.48,15.84,14.38,14.07,13.82,14.83,16.53,15.48,15.14
QV2M,2014,-0.5,41.875,14.67,14.96,15.97,16.51,17.9,16.24,14.92,14.66,14.46,15.51,16.72,15.93,15.71
QV2M,2014,-1.0,34.375,12.88,12.5,13.05,13.86,12.96,12.15,11.34,12.0,12.02,13.02,13.5,13.47,12.73
QV2M,2014,-1.0,35.0,11.25,11.41,11.86,12.5,11.92,11.63,11.03,11.1,10.9,11.83,12.28,12.15,11.66
QV2M,2014,-1.0,35.625,10.07,10.86,11.1,11.62,11.46,11.25,10.59,10.51,10.3,11.0,11.62,11.29,10.97
QV2M,2014,-1.0,36.25,9.73,10.77,11.26,11.64,11.42,11.08,10.35,10.32,10.1,10.9,11.7,11.06,10.86
QV2M,2014,-1.0,36.875,10.36,11.47,11.98,12.29,11.63,11.15,10.34,10.22,10.02,11.02,12.31,11.65,11.2
QV2M,2014,-1.0,37.5,11.36,12.61,13.04,13.35,12.68,11.81,10.81,10.8,10.63,12.0,13.47,12.77,12.1
QV2M,2014,-1.0,38.125,11.19,12.64,13.38,13.62,12.99,11.69,10.65,10.68,10.6,12.16,14.11,13.21,12.24
QV2M,2014,-1.0,38.75,11.98,13.34,14.37,14.7,14.13,12.57,11.38,11.59,11.61,13.07,15.43,14.33,13.2
QV2M,2014,-1.0,39.375,12.68,13.19,14.88,15.59,15.8,13.73,12.34,12.62,12.63,13.85,16.22,14.94,14.04
QV2M,2014,-1.0,40.0,13.27,13.62,15.26,16.0,16.42,14.63,13.25,13.31,13.24,14.34,16.45,15.37,14.6
QV2M,2014,-1.0,40.625,13.8,14.03,15.25,16.07,17.25,15.67,14.35,14.11,13.79,14.7,16.52,15.6,15.1
QV2M,2014,-1.0,41.25,14.39,14.63,15.69,16.28,17.64,16.15,14.81,14.4,14.11,15.12,16.6,15.87,15.48
QV2M,2014,-1.0,41.875,15.98,16.2,17.23,17.52,18.3,16.72,15.56,15.34,15.3,16.46,17.37,16.97,16.58
QV2M,2014,-1.5,34.375,12.76,12.17,12.57,13.57,12.24,11.13,10.65,11.51,11.69,12.66,13.07,13.27,12.27
QV2M,2014,-1.5,35.0,11.42,11.59,12.04,12.67,11.83,11.26,10.3,10.7,10.71,11.69,12.25,12.44,11.57
QV2M,2014,-1.5,35.625,10.12,11.09,11.48,11.97,11.55,10.99,10.18,10.17,10.11,10.93,11.68,11.5,10.98
QV2M,2014,-1.5,36.25,10.16,11.61,11.97,12.28,11.93,11.36,10.33,10.46,10.31,11.14,12.17,11.69,11.28
QV2M,2014,-1.5,36.875,10.41,11.56,12.04,12.21,11.57,10.75,9.93,10.08,9.87,10.86,12.24,11.8,11.1
QV2M,2014,-1.5,37.5,11.1,12.23,12.72,12.93,12.3,11.32,10.27,10.39,10.21,11.55,13.06,12.58,11.72
QV2M,2014,-1.5,38.125,11.84,13.08,13.61,13.79,13.23,11.91,10.8,10.88,10.78,12.35,14.06,13.54,12.48
QV2M,2014,-1.5,38.75,12.31,13.53,14.61,14.9,14.29,12.7,11.5,11.68,11.76,13.31,15.43,14.57,13.38
QV2M,2014,-1.5,39.375,13.0,13.58,15.27,15.9,15.79,13.89,12.52,12.77,12.82,14.19,16.34,15.24,14.28
QV2M,2014,-1.5,40.0,13.62,13.83,15.52,16.45,16.87,15.03,13.54,13.63,13.51,14.73,16.78,15.74,14.94
QV2M,2014,-1.5,40.625,14.2,14.36,15.54,16.42,17.48,15.97,14.69,14.41,14.1,15.08,16.66,15.81,15.4
QV2M,2014,-1.5,41.25,14.96,15.13,16.1,16.72,17.86,16.42,15.19,14.75,14.43,15.49,16.73,16.24,15.84
QV2M,2014,-1.5,41.875,17.13,17.3,18.38,18.54,18.66,17.11,16.13,16.02,16.1,17.35,18.06,17.97,17.4
QV2M,2014,-1.7975103014118005e-13,34.375,12.34,12.62,13.25,14.65,14.64,13.76,13.06,13.1,13.38,14.16,14.16,13.08,13.52
QV2M,2014,-1.7975103014118005e-13,35.0,11.11,11.78,11.98,13.19,13.47,13.01,12.51,12.48,12.53,13.19,13.21,12.07,12.55
QV2M,2014,-1.7975103014118005e-13,35.625,10.04,10.84,10.75,11.51,11.62,11.57,11.24,11.12,10.79,11.53,11.7,10.72,11.12
QV2M,2014,-1.7975103014118005e-13,36.25,9.19,10.27,10.27,11.0,10.92,11.16,11.1,10.91,10.18,11.06,11.4,10.45,10.66
QV2M,2014,-1.7975103014118005e-13,36.875,9.36,10.33,10.59,11.4,11.15,10.91,10.63,10.54,9.97,10.87,11.57,10.71,10.67
QV2M,2014,-1.7975103014118005e-13,37.5,10.08,10.95,11.51,12.1,11.47,10.83,10.27,10.22,9.87,11.06,12.19,11.31,10.99
QV2M,2014,-1.7975103014118005e-13,38.125,11.13,12.33,13.18,13.6,12.82,11.56,10.62,10.62,10.45,11.95,14.08,12.98,12.1
QV2M,2014,-1.7975103014118005e-13,38.75,11.77,12.56,13.72,14.29,13.9,12.34,11.19,11.34,11.34,12.63,14.77,13.47,12.77
QV2M,2014,-1.7975103014118005e-13,39.375,12.26,12.62,14.1,14.84,15.09,13.38,12.12,12.27,12.22,13.22,15.17,13.87,13.43
QV2M,2014,-1.7975103014118005e-13,40.0,12.67,12.93,14.35,15.13,15.74,14.18,12.96,12.9,12.78,13.65,15.39,14.22,13.91
QV2M,2014,-1.7975103014118005e-13,40.625,12.84,13.17,14.57,15.66,16.74,15.08,13.71,13.5,13.19,14.05,15.91,14.65,14.43
QV2M,2014,-1.7975103014118005e-13,41.25,13.26,13.6,14.93,16.06,17.26,15.46,13.94,13.74,13.51,14.51,16.35,15.01,14.81
QV2M,2014,-1.7975103014118005e-13,41.875,13.81,14.1,15.3,16.38,17.7,15.92,14.46,14.23,13.96,14.95,16.57,15.48,15.24
QV2M,2014,-2.0,34.375,12.81,12.18,12.58,13.37,11.55,10.61,9.93,11.0,11.16,12.31,12.68,13.42,11.97
QV2M,2014,-2.0,35.0,11.43,11.68,12.14,12.79,11.71,10.81,9.65,10.2,10.18,11.48,12.22,12.58,11.4
QV2M,2014,-2.0,35.625,10.56,11.35,11.91,12.37,11.72,10.86,9.79,9.97,9.88,11.11,11.96,11.9,11.11
QV2M,2014,-2.0,36.25,10.57,12.19,12.43,12.6,11.99,11.01,10.02,10.32,10.11,11.21,12.4,12.21,11.41
QV2M,2014,-2.0,36.875,10.38,11.76,12.2,12.3,11.64,10.63,9.77,10.0,9.82,10.91,12.28,11.95,11.13
QV2M,2014,-2.0,37.5,11.43,12.58,13.06,13.05,12.36,11.17,10.17,10.34,10.18,11.62,13.09,12.87,11.82
QV2M,2014,-2.0,38.125,12.24,13.38,13.85,13.86,13.28,11.92,10.8,10.89,10.86,12.47,14.06,13.81,12.61
QV2M,2014,-2.0,38.75,12.78,13.99,14.95,15.13,14.52,12.91,11.66,11.85,11.97,13.65,15.47,14.9,13.64
QV2M,2014,-2.0,39.375,13.45,14.12,15.69,16.19,15.99,14.18,12.81,13.02,13.08,14.58,16.43,15.64,14.6
QV2M,2014,-2.0,40.0,14.04,14.33,16.04,16.76,17.02,15.21,13.74,13.83,13.78,15.12,16.97,16.06,15.24
QV2M,2014,-2.0,40.625,14.92,15.1,16.31,16.97,17.79,16.31,15.08,14.77,14.54,15.66,16.96,16.37,15.9
QV2M,2014,-2.0,41.25,16.52,16.71,17.71,17.91,18.2,16.77,15.62,15.5,15.48,16.72,17.5,17.46,16.84
QV2M,2014,-2.0,41.875,17.64,17.8,18.96,19.11,18.74,17.23,16.33,16.36,16.55,17.77,18.43,18.6,17.79
QV2M,2014,-2.5,34.375,12.81,12.44,12.69,12.93,11.16,10.16,9.17,10.16,10.18,11.64,12.06,13.32,11.56
QV2M,2014,-2.5,35.0,11.62,11.97,12.38,12.72,11.43,10.4,9.14,9.65,9.5,10.97,11.88,12.71,11.19
QV2M,2014,-2.5,35.625,11.54,12.34,12.75,13.09,11.89,10.6,9.38,9.66,9.49,10.96,12.29,12.85,11.4
QV2M,2014,-2.5,36.25,11.03,12.71,12.83,12.91,12.15,10.86,9.89,10.0,9.75,10.92,12.29,12.75,11.5
QV2M,2014,-2.5,36.875,11.34,12.66,12.94,12.85,12.32,10.59,9.56,9.73,9.63,10.92,12.46,12.84,11.48
QV2M,2014,-2.5,37.5,12.06,13.12,13.36,13.04,12.41,11.02,9.88,10.06,9.98,11.44,12.89,13.43,11.88
QV2M,2014,-2.5,38.125,12.93,13.88,14.17,13.96,13.33,11.95,10.8,10.85,10.88,12.57,14.08,14.36,12.81
QV2M,2014,-2.5,38.75,13.39,14.57,15.27,15.26,14.67,13.05,11.81,11.94,12.12,13.89,15.49,15.46,13.9
QV2M,2014,-2.5,39.375,14.12,14.87,16.06,16.36,16.1,14.43,13.13,13.24,13.36,14.98,16.5,16.28,14.95
QV2M,2014,-2.5,40.0,14.97,15.31,16.61,17.01,17.11,15.34,14.03,14.13,14.17,15.66,17.14,16.69,15.68
QV2M,2014,-2.5,40.625,16.52,16.72,17.82,18.1,18.19,16.73,15.65,15.51,15.49,16.77,17.71,17.61,16.9
QV2M,2014,-2.5,41.25,17.68,17.91,19.11,19.27,18.55,17.16,16.29,16.36,16.49,17.7,18.39,18.73,17.8
QV2M,2014,-2.5,41.875,17.59,17.78,18.9,19.06,18.74,17.22,16.31,16.35,16.51,17.75,18.37,18.66,17.77
QV2M,2014,-3.0,34.375,13.1,12.99,12.95,12.94,11.27,10.03,9.02,9.74,9.52,11.04,11.51,13.36,11.45
QV2M,2014,-3.0,35.0,12.07,12.61,12.67,12.82,11.62,10.48,9.22,9.55,9.31,10.65,11.44,12.9,11.27
QV2M,2014,-3.0,35.625,11.2,12.05,12.23,12.4,11.49,10.4,9.5,9.42,9.27,10.41,11.23,12.19,10.98
QV2M,2014,-3.0,36.25,11.9,13.31,13.39,13.47,12.44,11.08,9.78,9.81,9.71,10.87,11.96,13.49,11.76
QV2M,2014,-3.0,36.875,11.92,13.13,13.05,13.02,12.67,11.26,10.19,9.8,9.84,11.03,11.98,13.19,11.75
QV2M,2014,-3.0,37.5,11.44,12.27,12.45,12.29,11.93,10.7,9.76,9.75,9.66,10.77,11.7,12.5,11.26
QV2M,2014,-3.0,38.125,13.09,14.1,14.27,13.98,13.43,12.05,10.99,10.99,11.02,12.54,13.84,14.56,12.9
QV2M,2014,-3.0,38.75,13.7,15.0,15.49,15.37,14.83,13.21,12.03,12.11,12.3,14.02,15.45,15.91,14.11
QV2M,2014,-3.0,39.375,14.53,15.33,16.34,16.49,16.31,14.65,13.4,13.44,13.59,15.24,16.62,16.73,15.22
QV2M,2014,-3.0,40.0,15.88,16.19,17.26,17.53,17.4,15.64,14.47,14.6,14.67,16.19,17.36,17.37,16.21
QV2M,2014,-3.0,40.625,17.77,17.98,19.02,19.19,18.52,17.05,16.19,16.23,16.3,17.56,18.29,18.74,17.73
QV2M,2014,-3.0,41.25,17.72,17.94,18.99,19.17,18.58,17.15,16.27,16.31,16.43,17.65,18.23,18.83,17.77
QV2M,2014,-3.0,41.875,17.56,17.81,18.89,19.07,18.71,17.2,16.29,16.34,16.47,17.74,18.33,18.78,17.77
QV2M,2014,-3.5,34.375,13.78,13.84,13.69,13.41,11.49,10.17,9.08,9.86,9.38,11.01,11.68,13.7,11.75
QV2M,2014,-3.5,35.0,12.87,13.41,13.49,13.5,12.07,10.9,9.73,10.12,9.8,11.08,11.93,13.4,11.85
QV2M,2014,-3.5,35.625,12.06,12.97,13.15,13.2,12.07,10.89,9.84,9.86,9.56,10.79,11.72,13.02,11.59
QV2M,2014,-3.5,36.25,12.04,13.48,13.54,13.53,12.49,11.06,9.89,9.98,9.78,10.94,12.09,13.52,11.85
QV2M,2014,-3.5,36.875,12.04,13.59,13.91,13.93,13.13,11.61,10.52,10.34,10.25,11.47,12.66,13.67,12.25
QV2M,2014,-3.5,37.5,12.01,13.95,14.07,14.23,13.71,12.15,11.03,10.85,10.78,12.12,13.22,13.85,12.65
QV2M,2014,-3.5,38.125,12.72,14.01,14.23,14.16,13.6,12.18,11.12,11.17,11.24,12.69,13.8,14.49,12.94
QV2M,2014,-3.5,38.75,13.74,14.96,15.47,15.48,14.87,13.37,12.29,12.38,12.53,14.0,15.11,15.68,14.15
QV2M,2014,-3.5,39.375,14.66,15.48,16.51,16.65,16.48,14.85,13.66,13.65,13.76,15.34,16.52,16.77,15.36
QV2M,2014,-3.5,40.0,16.88,17.25,18.24,18.42,17.97,16.29,15.25,15.43,15.48,16.91,17.84,18.17,17.01
QV2M,2014,-3.5,40.625,18.02,18.21,19.1,19.22,18.53,17.08,16.2,16.27,16.32,17.54,18.2,18.91,17.8
QV2M,2014,-3.5,41.25,17.9,18.11,18.97,19.18,18.57,17.12,16.25,16.3,16.39,17.63,18.18,18.94,17.79
QV2M,2014,-3.5,41.875,17.65,17.97,18.89,19.09,18.65,17.17,16.26,16.32,16.41,17.7,18.2,18.9,17.77
QV2M,2014,-4.0,34.375,14.18,14.25,14.0,13.49,11.56,10.13,9.02,9.77,9.12,10.79,11.61,13.81,11.8
QV2M,2014,-4.0,35.0,13.11,13.37,13.46,13.29,11.71,10.5,9.31,9.76,9.31,10.65,11.42,13.25,11.59
QV2M,2014,-4.0,35.625,12.5,13.01,13.29,13.3,11.99,10.86,9.76,10.05,9.58,10.75,11.54,13.05,11.63
QV2M,2014,-4.0,36.25,12.22,13.59,13.6,13.62,12.4,11.04,9.91,10.06,9.78,10.87,11.91,13.5,11.86
QV2M,2014,-4.0,36.875,12.2,13.87,13.91,13.97,12.89,11.41,10.39,10.42,10.22,11.37,12.52,13.76,12.23
QV2M,2014,-4.0,37.5,12.4,14.43,14.5,14.51,13.63,12.08,10.96,10.94,10.85,12.14,13.37,14.23,12.83
QV2M,2014,-4.0,38.125,12.74,14.65,14.94,14.85,14.14,12.59,11.45,11.52,11.61,13.11,14.33,14.82,13.39
QV2M,2014,-4.0,38.75,13.76,15.21,15.93,16.05,15.35,13.81,12.69,12.81,12.97,14.51,15.59,15.82,14.54
QV2M,2014,-4.0,39.375,15.05,15.84,16.94,17.07,17.01,15.29,14.11,14.05,14.07,15.63,16.6,16.84,15.71
QV2M,2014,-4.0,40.0,17.88,18.22,18.93,18.97,18.35,16.83,15.88,16.02,16.04,17.32,18.09,18.77,17.6
QV2M,2014,-4.0,40.625,18.22,18.43,19.12,19.22,18.51,17.06,16.18,16.27,16.29,17.5,18.14,19.0,17.83
QV2M,2014,-4.0,41.25,18.07,18.28,19.03,19.23,18.52,17.08,16.21,16.27,16.33,17.58,18.1,19.01,17.81
QV2M,2014,-4.0,41.875,17.81,18.13,18.89,19.14,18.56,17.13,16.23,16.28,16.34,17.62,18.13,18.94,17.76
QV2M,2014,-4.5,34.375,13.71,13.73,13.73,13.23,11.37,10.01,8.95,9.44,8.75,10.35,11.08,13.39,11.47
QV2M,2014,-4.5,35.0,12.98,13.0,13.26,13.12,11.56,10.25,9.15,9.52,9.03,10.4,11.11,12.96,11.35
QV2M,2014,-4.5,35.625,12.71,12.89,13.31,13.38,11.88,10.65,9.58,9.92,9.48,10.71,11.51,13.04,11.58
QV2M,2014,-4.5,36.25,12.68,13.72,13.81,13.94,12.37,11.02,9.88,10.21,9.89,11.05,12.07,13.72,12.02
QV2M,2014,-4.5,36.875,12.36,13.91,13.93,14.12,12.81,11.37,10.36,10.59,10.39,11.5,12.53,13.77,12.29
QV2M,2014,-4.5,37.5,12.77,14.53,14.65,14.83,13.75,12.22,11.12,11.26,11.15,12.35,13.39,14.39,13.02
QV2M,2014,-4.5,38.125,13.32,14.77,15.08,15.04,14.24,12.81,11.73,11.77,11.8,13.19,14.25,15.0,13.57
QV2M,2014,-4.5,38.75,14.44,15.81,16.48,16.56,15.73,14.21,13.09,13.16,13.23,14.79,15.9,16.42,14.98
QV2M,2014,-4.5,39.375,16.41,17.1,17.95,18.09,17.66,16.02,14.92,14.91,14.83,16.36,17.26,17.87,16.61
QV2M,2014,-4.5,40.0,18.37,18.67,19.1,19.1,18.41,16.91,15.95,16.07,16.08,17.34,18.1,19.03,17.76
QV2M,2014,-4.5,40.625,18.34,18.57,19.12,19.25,18.47,17.03,16.14,16.23,16.25,17.46,18.13,19.06,17.83
QV2M,2014,-4.5,41.25,18.16,18.4,19.04,19.26,18.46,17.04,16.15,16.23,16.27,17.53,18.08,19.03,17.8
QV2M,2014,-4.5,41.875,17.92,18.24,18.9,19.19,18.46,17.08,16.18,16.23,16.27,17.56,18.06,18.92,17.75
QV2M,2014,0.5,34.375,11.94,12.24,12.86,14.14,14.96,14.27,13.57,13.6,13.87,14.46,14.21,12.79,13.58
QV2M,2014,0.5,35.0,10.8,11.39,11.55,12.48,13.39,12.88,12.52,12.45,12.49,13.05,12.96,11.62,12.3
QV2M,2014,0.5,35.625,9.57,10.57,10.7,11.66,12.57,12.48,12.22,12.25,11.74,12.58,12.5,10.98,11.66
QV2M,2014,0.5,36.25,9.33,10.26,10.67,11.23,11.23,11.67,11.92,11.91,10.83,11.48,11.78,10.68,11.09
QV2M,2014,0.5,36.875,9.71,10.51,11.11,11.69,11.02,10.98,11.12,11.09,10.19,10.99,12.01,10.97,10.95
QV2M,2014,0.5,37.5,10.12,11.02,11.83,12.46,11.56,10.94,10.56,10.52,10.01,11.2,12.65,11.5,11.2
QV2M,2014,0.5,38.125,10.86,11.75,12.81,13.46,12.84,11.57,10.63,10.6,10.45,11.84,13.68,12.28,11.89
QV2M,2014,0.5,38.75,11.6,12.12,13.5,14.19,13.87,12.3,11.14,11.26,11.24,12.46,14.42,12.96,12.59
QV2M,2014,0.5,39.375,11.88,12.29,13.91,14.78,14.85,13.24,12.0,12.1,12.03,12.96,14.97,13.45,13.21
QV2M,2014,0.5,40.0,12.07,12.48,14.09,15.11,15.51,13.98,12.78,12.67,12.53,13.34,15.16,13.78,13.63
QV2M,2014,0.5,40.625,12.3,12.74,14.34,15.65,16.41,14.7,13.35,13.15,12.87,13.71,15.6,14.17,14.09
QV2M,2014,0.5,41.25,12.73,13.1,14.66,15.98,16.8,14.97,13.56,13.47,13.28,14.23,16.04,14.49,14.45
QV2M,2014,0.5,41.875,13.19,13.48,14.95,16.33,17.39,15.52,14.07,13.92,13.63,14.7,16.42,15.02,14.89
QV2M,2014,1.0,34.375,10.59,11.05,11.56,12.37,13.19,12.74,12.29,12.13,12.28,12.82,12.49,11.17,12.06
QV2M,2014,1.0,35.0,10.13,10.38,10.63,11.56,12.68,12.19,11.94,11.81,11.82,12.46,12.33,10.96,11.58
QV2M,2014,1.0,35.625,9.0,9.81,10.39,11.57,12.69,12.15,12.04,12.44,11.82,12.35,12.35,10.49,11.43
QV2M,2014,1.0,36.25,9.18,10.03,10.8,11.37,11.26,11.39,11.84,12.1,10.93,11.42,12.01,10.55,11.08
QV2M,2014,1.0,36.875,9.8,10.57,11.42,12.01,11.34,10.85,10.87,10.92,10.04,11.11,12.29,10.92,11.01
QV2M,2014,1.0,37.5,10.26,11.14,12.21,12.88,12.12,11.23,10.67,10.65,10.17,11.43,13.08,11.6,11.45
QV2M,2014,1.0,38.125,10.6,11.59,12.86,13.54,12.97,11.62,10.69,10.63,10.48,11.84,13.77,12.12,11.89
QV2M,2014,1.0,38.75,11.07,11.89,13.47,14.28,13.85,12.29,11.16,11.24,11.18,12.38,14.49,12.69,12.5
QV2M,2014,1.0,39.375,11.26,12.0,13.77,14.83,14.71,13.12,11.91,11.97,11.88,12.81,14.93,13.08,13.02
QV2M,2014,1.0,40.0,11.39,12.09,13.89,15.1,15.35,13.82,12.59,12.45,12.3,13.12,15.1,13.43,13.39
QV2M,2014,1.0,40.625,11.63,12.25,14.11,15.57,16.16,14.41,13.04,12.83,12.59,13.46,15.56,13.83,13.79
QV2M,2014,1.0,41.25,12.01,12.48,14.32,15.83,16.63,14.8,13.32,13.21,12.98,13.97,15.92,14.12,14.14
QV2M,2014,1.0,41.875,12.41,12.77,14.56,16.17,17.24,15.2,13.7,13.6,13.31,14.44,16.21,14.53,14.52
QV2M,2014,1.5,34.375,9.34,9.57,10.54,11.53,14.03,13.47,13.1,13.21,13.26,14.03,13.0,10.74,12.17
QV2M,2014,1.5,35.0,9.23,9.7,10.43,11.49,13.12,12.52,12.35,12.7,12.55,13.2,12.59,10.46,11.7
QV2M,2014,1.5,35.625,8.89,9.78,10.82,11.72,12.76,11.96,12.15,12.74,11.86,12.41,12.4,10.21,11.48
QV2M,2014,1.5,36.25,9.18,10.07,11.25,11.8,11.48,11.12,11.74,12.19,10.79,11.48,12.26,10.2,11.13
QV2M,2014,1.5,36.875,9.85,10.64,11.8,12.55,11.85,11.09,10.79,10.86,10.03,11.13,12.69,10.93,11.18
QV2M,2014,1.5,37.5,10.2,11.17,12.5,13.25,12.46,11.49,10.85,10.81,10.37,11.6,13.47,11.51,11.64
QV2M,2014,1.5,38.125,10.35,11.56,13.1,13.98,13.21,11.78,10.82,10.72,10.56,11.99,14.25,12.1,12.03
QV2M,2014,1.5,38.75,10.42,11.74,13.58,14.64,13.9,12.33,11.23,11.3,11.21,12.5,14.96,12.49,12.52
QV2M,2014,1.5,39.375,10.67,11.64,13.63,14.83,14.67,13.12,11.88,11.86,11.72,12.73,14.98,12.75,12.87
QV2M,2014,1.5,40.0,10.72,11.73,13.77,15.11,15.21,13.64,12.38,12.24,12.06,13.05,15.26,13.03,13.19
QV2M,2014,1.5,40.625,10.79,11.71,13.82,15.37,15.91,14.2,12.77,12.55,12.33,13.27,15.56,13.41,13.48
QV2M,2014,1.5,41.25,11.09,11.83,13.86,15.4,16.34,14.48,13.07,12.94,12.69,13.66,15.65,13.53,13.72
QV2M,2014,1.5,41.875,11.46,12.06,14.14,15.9,17.01,14.85,13.34,13.25,12.99,14.14,16.3,14.15,14.14
QV2M,2014,2.0,34.375,8.74,9.39,10.72,11.43,14.16,13.52,13.29,13.71,13.35,14.07,12.84,10.31,12.14
QV2M,2014,2.0,35.0,8.91,9.5,10.79,11.66,12.89,12.09,12.13,12.76,12.28,12.91,12.45,10.19,11.56
QV2M,2014,2.0,35.625,8.91,9.78,11.22,12.02,12.45,11.49,11.73,12.44,11.34,12.22,12.46,9.91,11.34
QV2M,2014,2.0,36.25,9.28,10.2,11.71,12.37,11.77,11.08,11.3,11.74,10.47,11.45,12.73,10.25,11.2
QV2M,2014,2.0,36.875,9.74,10.63,12.14,13.0,12.3,11.25,10.74,10.73,10.11,11.33,13.04,10.91,11.33
QV2M,2014,2.0,37.5,10.01,11.13,12.84,13.83,13.0,11.66,10.85,10.75,10.38,11.82,13.9,11.51,11.81
QV2M,2014,2.0,38.125,9.88,11.33,13.22,14.37,13.51,11.91,10.92,10.84,10.68,12.24,14.56,11.85,12.11
QV2M,2014,2.0,38.75,9.86,11.36,13.41,14.66,14.01,12.44,11.29,11.3,11.16,12.55,14.83,11.89,12.4
QV2M,2014,2.0,39.375,9.83,11.08,13.4,14.83,14.6,13.07,11.8,11.71,11.53,12.75,15.09,12.1,12.65
QV2M,2014,2.0,40.0,9.87,11.08,13.46,15.04,15.05,13.5,12.2,12.02,11.82,13.01,15.35,12.34,12.9
QV2M,2014,2.0,40.625,9.78,11.07,13.55,15.32,15.75,13.91,12.43,12.29,12.06,13.29,15.91,12.99,13.2
QV2M,2014,2.0,41.25,10.09,11.15,13.65,15.3,16.09,14.21,12.72,12.59,12.38,13.51,15.9,13.1,13.4
QV2M,2014,2.0,41.875,10.42,11.3,13.77,15.63,16.81,14.6,12.96,12.91,12.67,14.17,16.49,13.68,13.79
QV2M,2014,2.5,34.375,8.69,9.03,10.89,11.62,13.5,12.7,12.72,13.29,12.21,13.4,12.47,10.18,11.74
QV2M,2014,2.5,35.0,8.93,9.52,11.24,12.15,12.78,11.96,11.9,12.44,11.75,12.79,12.63,10.33,11.55
QV2M,2014,2.5,35.625,9.05,9.91,11.59,12.61,12.47,11.48,11.43,11.8,11.16,12.26,12.73,10.09,11.39
QV2M,2014,2.5,36.25,10.23,11.22,12.73,13.56,13.0,12.04,11.71,11.93,11.27,12.42,13.62,11.2,12.08
QV2M,2014,2.5,36.875,9.74,10.88,12.63,13.56,12.88,11.6,11.01,10.99,10.49,11.92,13.5,11.09,11.69
QV2M,2014,2.5,37.5,9.32,10.8,12.85,14.0,13.08,11.6,10.81,10.71,10.37,12.06,13.95,11.11,11.72
QV2M,2014,2.5,38.125,9.06,10.71,12.96,14.21,13.51,11.94,10.93,10.87,10.66,12.29,14.16,10.99,11.86
QV2M,2014,2.5,38.75,8.91,10.55,13.1,14.54,13.97,12.41,11.25,11.21,11.03,12.58,14.53,10.96,12.09
QV2M,2014,2.5,39.375,8.85,10.26,13.07,14.68,14.39,12.92,11.62,11.52,11.32,12.78,14.75,10.96,12.26
QV2M,2014,2.5,40.0,8.95,10.23,13.1,14.77,14.73,13.22,11.94,11.77,11.55,12.95,14.88,11.1,12.44
QV2M,2014,2.5,40.625,9.14,10.39,13.13,14.9,15.25,13.51,12.16,12.02,11.79,13.2,15.23,11.54,12.69
QV2M,2014,2.5,41.25,9.43,10.5,13.09,14.82,15.5,13.78,12.47,12.33,12.11,13.36,15.21,11.55,12.85
QV2M,2014,2.5,41.875,9.73,10.6,13.28,15.07,16.13,14.14,12.71,12.61,12.41,14.02,15.6,12.25,13.22
QV2M,2014,3.0,34.375,8.61,8.38,11.14,12.11,13.26,12.63,12.58,13.06,12.1,13.26,12.73,10.6,11.72
QV2M,2014,3.0,35.0,8.97,9.29,11.65,12.73,13.07,12.16,12.06,12.36,11.81,13.04,13.02,10.67,11.75
QV2M,2014,3.0,35.625,9.21,10.16,12.01,13.24,12.97,11.8,11.43,11.64,11.41,12.62,13.14,10.72,11.7
QV2M,2014,3.0,36.25,11.21,12.28,13.77,14.61,13.96,12.79,12.33,12.48,12.0,13.49,14.44,12.41,12.98
QV2M,2014,3.0,36.875,9.03,10.57,12.48,13.58,12.8,11.48,10.91,10.93,10.43,12.18,13.52,10.73,11.55
QV2M,2014,3.0,37.5,8.55,10.31,12.6,13.92,13.06,11.58,10.83,10.77,10.37,12.29,13.74,10.35,11.53
QV2M,2014,3.0,38.125,8.22,10.04,12.66,14.11,13.46,11.89,10.88,10.87,10.58,12.4,13.82,10.03,11.58
QV2M,2014,3.0,38.75,8.08,9.76,12.69,14.35,13.85,12.25,11.13,11.08,10.88,12.67,14.03,9.84,11.72
QV2M,2014,3.0,39.375,8.16,9.53,12.58,14.34,14.13,12.69,11.43,11.3,11.11,12.8,14.04,9.87,11.84
QV2M,2014,3.0,40.0,8.35,9.55,12.64,14.47,14.42,12.89,11.68,11.5,11.29,12.99,14.22,10.03,12.01
QV2M,2014,3.0,40.625,8.71,9.75,12.58,14.49,14.74,13.09,11.9,11.76,11.53,13.16,14.35,10.27,12.2
QV2M,2014,3.0,41.25,8.98,9.89,12.57,14.52,15.06,13.34,12.15,12.02,11.81,13.36,14.49,10.61,12.41
QV2M,2014,3.0,41.875,9.34,9.94,12.74,14.58,15.42,13.57,12.35,12.18,12.03,13.78,14.7,11.23,12.67
QV2M,2014,3.5,34.375,8.86,8.06,11.49,12.76,13.2,12.48,12.44,12.88,12.09,13.32,13.1,10.74,11.81
QV2M,2014,3.5,35.0,8.87,8.99,12.1,13.31,13.34,12.32,12.21,12.39,11.73,13.29,13.42,11.06,11.93
QV2M,2014,3.5,35.625,9.56,10.57,12.57,13.81,13.21,11.87,11.58,11.69,11.48,13.05,13.48,11.35,12.02
QV2M,2014,3.5,36.25,10.95,12.14,13.92,14.79,14.12,12.88,12.38,12.52,12.09,13.7,14.42,12.09,13.0
QV2M,2014,3.5,36.875,8.2,10.14,12.22,13.64,12.81,11.34,10.87,10.88,10.36,12.46,13.37,10.02,11.36
QV2M,2014,3.5,37.5,7.88,9.77,12.06,13.67,12.94,11.54,10.81,10.81,10.42,12.4,13.22,9.45,11.25
QV2M,2014,3.5,38.125,7.75,9.59,12.11,13.88,13.47,12.0,10.97,10.89,10.62,12.54,13.29,9.27,11.37
QV2M,2014,3.5,38.75,7.66,9.29,11.97,13.79,13.63,12.18,11.12,11.01,10.8,12.65,13.28,9.09,11.38
QV2M,2014,3.5,39.375,7.81,9.13,12.01,13.87,13.82,12.42,11.28,11.12,10.96,12.82,13.51,9.32,11.51
QV2M,2014,3.5,40.0,8.02,9.11,12.12,14.21,14.15,12.55,11.43,11.24,11.08,13.11,13.87,9.55,11.71
QV2M,2014,3.5,40.625,8.35,9.24,12.1,14.49,14.47,12.66,11.55,11.44,11.29,13.48,14.14,9.89,11.93
QV2M,2014,3.5,41.25,8.82,9.54,12.23,14.42,14.72,12.93,11.85,11.72,11.57,13.49,14.26,10.3,12.16
QV2M,2014,3.5,41.875,9.1,9.57,12.36,14.46,15.07,13.16,12.01,11.86,11.75,13.78,14.57,10.9,12.39
QV2M,2014,4.0,34.375,8.82,8.05,12.16,13.78,14.17,13.34,12.98,13.45,12.66,14.25,14.04,11.54,12.46
QV2M,2014,4.0,35.0,8.87,8.82,12.53,14.01,13.81,12.68,12.61,12.72,12.05,13.81,14.06,11.71,12.33
QV2M,2014,4.0,35.625,9.51,10.61,12.81,14.13,13.47,12.0,11.85,11.76,11.58,13.28,13.61,11.37,12.17
QV2M,2014,4.0,36.25,10.94,12.23,13.95,15.08,14.46,13.06,12.61,12.69,12.46,14.06,14.48,11.97,13.17
QV2M,2014,4.0,36.875,7.77,9.97,11.85,13.57,12.91,11.48,11.02,10.97,10.54,12.63,13.04,9.55,11.28
QV2M,2014,4.0,37.5,7.41,9.59,11.53,13.36,12.95,11.54,10.89,10.79,10.5,12.52,12.68,8.91,11.06
QV2M,2014,4.0,38.125,7.34,9.27,11.26,13.11,13.09,11.73,10.92,10.89,10.63,12.4,12.5,8.55,10.98
QV2M,2014,4.0,38.75,7.34,9.21,11.31,13.1,13.12,11.77,10.84,10.77,10.65,12.47,12.65,8.62,10.99
QV2M,2014,4.0,39.375,7.5,8.99,11.52,13.64,13.6,12.08,10.96,10.85,10.83,12.97,13.22,9.08,11.28
QV2M,2014,4.0,40.0,7.78,8.87,11.56,14.05,14.05,12.31,11.12,11.0,10.95,13.3,13.54,9.24,11.49
QV2M,2014,4.0,40.625,8.18,8.96,11.69,14.4,14.28,12.28,11.21,11.12,11.07,13.57,13.93,9.69,11.71
QV2M,2014,4.0,41.25,8.7,9.15,11.92,14.46,14.53,12.6,11.48,11.39,11.34,13.61,14.24,10.12,11.97
QV2M,2014,4.0,41.875,8.99,9.24,12.02,14.65,14.95,12.91,11.71,11.58,11.56,14.09,14.8,10.84,12.29
QV2M,2014,4.5,34.375,8.67,8.14,12.59,14.62,15.0,14.03,13.6,14.02,12.88,15.16,14.76,12.04,12.99
QV2M,2014,4.5,35.0,8.94,8.75,12.74,14.59,14.36,13.21,13.03,13.07,12.37,14.23,14.44,12.32,12.69
QV2M,2014,4.5,35.625,9.14,10.32,12.62,14.24,13.68,12.28,12.13,11.88,11.61,13.41,13.59,11.38,12.2
QV2M,2014,4.5,36.25,9.28,11.12,12.64,14.39,13.76,12.34,12.04,11.88,11.6,13.56,13.65,11.2,12.29
QV2M,2014,4.5,36.875,8.33,10.6,11.95,13.87,13.38,12.14,11.72,11.6,11.32,13.22,13.16,10.13,11.79
QV2M,2014,4.5,37.5,7.13,9.59,11.02,13.09,12.91,11.63,11.21,10.94,10.89,12.84,12.37,8.69,11.03
QV2M,2014,4.5,38.125,7.11,9.19,10.65,12.52,12.65,11.44,10.72,10.65,10.53,12.22,12.1,8.3,10.67
QV2M,2014,4.5,38.75,7.24,9.15,10.84,12.93,13.0,11.56,10.74,10.66,10.62,12.49,12.47,8.45,10.85
QV2M,2014,4.5,39.375,7.37,8.92,10.93,13.28,13.48,11.81,10.8,10.69,10.7,12.8,12.74,8.61,11.02
QV2M,2014,4.5,40.0,7.55,8.77,10.95,13.28,13.54,11.91,10.89,10.77,10.79,12.73,12.72,8.62,11.05
QV2M,2014,4.5,40.625,7.96,8.8,11.22,13.92,14.02,12.07,10.95,10.87,10.92,13.24,13.43,9.11,11.38
QV2M,2014,4.5,41.25,8.49,8.94,11.52,14.24,14.32,12.33,11.23,11.09,11.13,13.48,13.87,9.54,11.69
QV2M,2014,4.5,41.875,8.77,9.01,11.65,14.88,15.02,12.72,11.45,11.34,11.44,14.45,14.85,10.41,12.18
QV2M,2015,-0.5,34.375,11.02,11.87,11.18,14.65,14.63,13.85,12.79,11.88,12.47,13.91,14.83,14.58,13.14
QV2M,2015,-0.5,35.0,9.29,9.94,9.16,13.46,13.52,13.01,12.2,11.65,11.71,12.91,13.84,13.49,12.02
QV2M,2015,-0.5,35.625,7.54,8.39,8.45,11.4,11.58,11.2,10.39,9.97,9.67,10.82,11.76,11.42,10.22
QV2M,2015,-0.5,36.25,7.39,8.52,8.86,11.71,11.71,11.4,10.49,9.98,9.69,11.06,12.0,11.59,10.37
QV2M,2015,-0.5,36.875,7.79,9.21,9.47,12.37,12.1,11.67,10.74,10.19,9.63,11.47,12.63,12.06,10.78
QV2M,2015,-0.5,37.5,8.69,10.35,10.51,13.68,13.29,12.29,11.18,10.66,9.87,12.14,14.02,13.43,11.68
QV2M,2015,-0.5,38.125,9.19,11.03,11.43,14.23,13.34,11.69,11.1,10.76,10.15,12.17,15.04,14.4,12.04
QV2M,2015,-0.5,38.75,10.06,11.86,12.38,15.05,14.28,12.19,11.84,11.56,11.33,13.18,15.94,15.08,12.9
QV2M,2015,-0.5,39.375,11.3,12.42,13.03,15.66,15.47,13.19,12.84,12.5,12.44,14.21,16.5,15.21,13.73
QV2M,2015,-0.5,40.0,12.15,13.0,13.47,16.05,16.3,13.98,13.38,13.07,13.05,14.77,16.72,15.51,14.29
QV2M,2015,-0.5,40.625,12.78,13.5,13.91,16.01,17.18,14.68,13.82,13.59,13.44,15.04,16.98,15.37,14.7
QV2M,2015,-0.5,41.25,13.35,14.04,14.5,16.39,17.65,14.96,14.1,13.87,13.83,15.52,17.2,15.69,15.09
QV2M,2015,-0.5,41.875,14.22,14.87,15.32,17.16,18.06,15.64,14.77,14.64,14.77,16.34,17.51,16.48,15.82
QV2M,2015,-1.0,34.375,11.2,12.0,10.84,14.48,14.37,13.44,11.97,11.33,11.7,13.03,14.6,14.72,12.81
QV2M,2015,-1.0,35.0,9.73,10.24,9.11,13.07,13.08,12.53,11.37,10.75,10.77,11.87,13.24,13.29,11.59
QV2M,2015,-1.0,35.625,8.7,8.6,8.47,11.99,12.18,11.81,10.62,9.95,9.62,10.65,11.99,12.12,10.57
QV2M,2015,-1.0,36.25,8.1,8.93,9.09,11.78,12.06,11.62,10.39,9.82,9.31,10.66,12.1,11.85,10.48
QV2M,2015,-1.0,36.875,8.37,9.78,9.86,12.44,12.09,11.48,10.3,9.67,9.12,10.93,12.96,12.67,10.81
QV2M,2015,-1.0,37.5,9.36,10.82,10.92,13.55,12.93,11.98,11.03,10.46,9.8,11.79,14.1,13.71,11.7
QV2M,2015,-1.0,38.125,9.21,11.26,11.63,14.06,13.08,11.65,11.15,10.83,10.27,12.28,14.8,13.99,12.02
QV2M,2015,-1.0,38.75,10.28,12.12,12.78,15.28,14.32,12.36,11.98,11.73,11.51,13.47,16.16,15.23,13.1
QV2M,2015,-1.0,39.375,11.54,12.65,13.49,16.01,15.72,13.41,12.99,12.66,12.64,14.49,16.9,15.58,14.01
QV2M,2015,-1.0,40.0,12.49,13.28,13.96,16.43,16.58,14.22,13.59,13.26,13.31,15.08,17.16,16.02,14.62
QV2M,2015,-1.0,40.625,13.24,13.89,14.3,16.29,17.49,15.05,14.19,13.9,13.8,15.41,17.3,15.83,15.06
QV2M,2015,-1.0,41.25,13.92,14.52,14.93,16.64,17.91,15.38,14.51,14.23,14.22,15.85,17.42,16.27,15.49
QV2M,2015,-1.0,41.875,15.6,16.07,16.61,18.1,18.62,16.36,15.48,15.38,15.68,17.24,18.18,17.68,16.75
QV2M,2015,-1.5,34.375,11.32,11.25,10.61,14.45,13.84,12.62,10.58,9.74,10.5,12.45,14.14,14.43,12.16
QV2M,2015,-1.5,35.0,10.73,10.05,9.36,13.33,12.94,12.14,10.57,9.78,9.73,11.33,13.15,13.49,11.39
QV2M,2015,-1.5,35.625,9.84,9.54,9.04,12.46,12.41,11.69,10.51,9.96,9.38,10.94,12.38,12.48,10.89
QV2M,2015,-1.5,36.25,9.01,9.52,9.57,12.75,12.79,12.0,10.64,10.05,9.35,10.92,12.89,12.72,11.02
QV2M,2015,-1.5,36.875,8.4,10.01,9.98,12.3,11.93,11.24,9.93,9.63,9.17,10.85,12.85,12.71,10.75
QV2M,2015,-1.5,37.5,9.1,10.83,10.89,13.13,12.47,11.5,10.63,10.25,9.68,11.59,13.74,13.63,11.45
QV2M,2015,-1.5,38.125,9.91,11.83,11.99,14.0,13.1,11.79,11.35,11.0,10.54,12.51,14.76,14.41,12.26
QV2M,2015,-1.5,38.75,10.88,12.49,13.09,15.22,14.32,12.5,12.12,11.87,11.67,13.69,16.04,15.47,13.28
QV2M,2015,-1.5,39.375,12.19,12.99,13.93,16.23,15.72,13.59,13.07,12.76,12.81,14.71,16.92,16.05,14.25
QV2M,2015,-1.5,40.0,13.06,13.6,14.42,16.64,16.92,14.6,13.92,13.51,13.56,15.4,17.57,16.3,14.96
QV2M,2015,-1.5,40.625,13.71,14.21,14.7,16.64,17.8,15.44,14.6,14.26,14.23,15.81,17.58,16.22,15.44
QV2M,2015,-1.5,41.25,14.67,14.97,15.34,17.03,18.23,15.84,14.93,14.62,14.7,16.29,17.68,16.84,15.93
QV2M,2015,-1.5,41.875,16.85,17.16,17.74,19.1,19.11,17.05,16.16,16.07,16.52,18.06,18.8,18.71,17.61
QV2M,2015,-1.7975103014118005e-13,34.375,10.57,11.88,11.27,14.73,14.81,14.09,13.36,13.0,13.46,14.57,14.93,14.45,13.43
QV2M,2015,-1.7975103014118005e-13,35.0,9.32,10.21,9.81,13.72,13.84,13.36,12.69,12.56,12.68,13.6,14.13,13.47,12.46
QV2M,2015,-1.7975103014118005e-13,35.625,7.87,8.79,8.91,11.99,12.1,11.8,11.13,10.9,10.88,11.76,12.35,11.83,10.87
QV2M,2015,-1.7975103014118005e-13,36.25,7.37,8.57,8.86,12.11,12.41,12.21,11.18,10.68,10.28,11.45,12.59,12.09,10.82
QV2M,2015,-1.7975103014118005e-13,36.875,7.74,9.1,9.19,11.94,11.86,11.46,10.63,10.15,9.68,11.08,12.36,11.95,10.6
QV2M,2015,-1.7975103014118005e-13,37.5,8.31,9.99,10.02,12.63,12.36,11.51,10.5,10.01,9.4,11.39,13.0,12.55,10.97
QV2M,2015,-1.7975103014118005e-13,38.125,9.08,11.08,11.27,14.33,13.47,11.74,11.07,10.69,10.06,12.05,15.0,14.31,12.01
QV2M,2015,-1.7975103014118005e-13,38.75,9.95,11.78,12.09,14.89,14.26,12.16,11.8,11.49,11.25,13.04,15.64,14.69,12.75
QV2M,2015,-1.7975103014118005e-13,39.375,11.04,12.25,12.58,15.3,15.21,12.99,12.68,12.33,12.24,13.95,15.99,14.65,13.44
QV2M,2015,-1.7975103014118005e-13,40.0,11.85,12.81,13.0,15.58,15.91,13.71,13.16,12.87,12.79,14.44,16.18,14.79,13.93
QV2M,2015,-1.7975103014118005e-13,40.625,12.31,13.19,13.48,15.82,16.73,14.28,13.45,13.27,13.12,14.75,16.49,14.94,14.32
QV2M,2015,-1.7975103014118005e-13,41.25,12.79,13.63,14.0,16.26,17.24,14.51,13.7,13.56,13.54,15.27,16.8,15.28,14.72
QV2M,2015,-1.7975103014118005e-13,41.875,13.4,14.15,14.5,16.82,17.59,15.06,14.26,14.13,14.19,15.86,17.06,15.84,15.24
QV2M,2015,-2.0,34.375,11.75,11.12,10.41,14.36,13.19,11.7,9.58,9.02,9.67,12.22,14.13,14.15,11.77
QV2M,2015,-2.0,35.0,11.14,10.36,9.61,13.25,12.52,11.56,9.89,9.16,9.16,11.35,13.19,13.36,11.21
QV2M,2015,-2.0,35.625,10.09,10.11,9.62,12.56,12.27,11.31,10.21,9.62,9.24,11.12,12.59,12.67,10.95
QV2M,2015,-2.0,36.25,9.87,10.49,10.34,13.29,13.09,11.81,10.56,10.01,9.61,11.39,13.38,13.46,11.44
QV2M,2015,-2.0,36.875,8.56,10.39,10.35,12.66,12.28,11.21,10.03,9.78,9.32,11.03,13.0,12.99,10.97
QV2M,2015,-2.0,37.5,9.4,11.37,11.25,13.28,12.62,11.44,10.58,10.27,9.74,11.68,13.89,13.94,11.62
QV2M,2015,-2.0,38.125,10.65,12.3,12.3,13.99,13.04,11.67,11.33,11.01,10.66,12.58,14.8,14.62,12.41
QV2M,2015,-2.0,38.75,11.98,12.95,13.48,15.33,14.43,12.66,12.29,12.01,11.87,13.94,16.15,15.72,13.57
QV2M,2015,-2.0,39.375,13.1,13.52,14.41,16.4,15.93,13.88,13.31,12.95,12.99,14.98,17.06,16.34,14.58
QV2M,2015,-2.0,40.0,13.69,14.12,15.0,16.96,17.09,14.76,14.08,13.68,13.84,15.66,17.77,16.57,15.27
QV2M,2015,-2.0,40.625,14.56,15.0,15.59,17.3,18.2,15.88,15.07,14.66,14.79,16.39,17.98,16.89,16.03
QV2M,2015,-2.0,41.25,16.32,16.64,17.11,18.45,18.83,16.6,15.74,15.59,15.92,17.52,18.47,18.21,17.12
QV2M,2015,-2.0,41.875,17.36,17.75,18.33,19.64,19.3,17.38,16.52,16.43,16.94,18.43,19.05,19.21,18.03
QV2M,2015,-2.5,34.375,12.02,11.74,10.44,13.79,12.48,11.01,9.09,8.58,8.81,11.66,13.82,13.91,11.44
QV2M,2015,-2.5,35.0,11.51,11.07,10.05,12.89,12.19,11.06,9.56,8.8,8.64,11.04,13.13,13.27,11.1
QV2M,2015,-2.5,35.625,11.17,11.26,10.55,13.18,12.56,11.39,9.95,9.22,8.93,10.98,13.18,13.35,11.31
QV2M,2015,-2.5,36.25,10.72,11.14,10.73,13.74,13.13,11.6,10.45,9.84,9.38,11.33,13.59,13.71,11.61
QV2M,2015,-2.5,36.875,9.76,11.23,10.89,13.48,13.05,11.63,10.13,9.7,9.29,11.24,13.66,13.86,11.49
QV2M,2015,-2.5,37.5,10.54,11.97,11.6,13.77,13.2,11.71,10.72,10.23,9.62,11.74,14.06,14.45,11.96
QV2M,2015,-2.5,38.125,11.76,12.74,12.53,14.14,13.15,11.71,11.31,11.0,10.66,12.62,14.86,14.93,12.61
QV2M,2015,-2.5,38.75,13.0,13.41,13.86,15.43,14.5,12.74,12.4,12.1,12.01,14.03,16.22,15.98,13.81
QV2M,2015,-2.5,39.375,14.14,14.16,14.9,16.58,16.11,14.17,13.59,13.18,13.19,15.22,17.15,16.68,14.92
QV2M,2015,-2.5,40.0,14.86,15.1,15.76,17.3,17.36,15.05,14.41,14.0,14.26,16.04,17.9,17.09,15.76
QV2M,2015,-2.5,40.625,16.31,16.64,17.21,18.52,18.73,16.52,15.75,15.44,15.78,17.38,18.6,18.21,17.09
QV2M,2015,-2.5,41.25,17.49,17.96,18.54,19.65,19.22,17.28,16.47,16.36,16.82,18.34,19.11,19.29,18.04
QV2M,2015,-2.5,41.875,17.32,17.78,18.33,19.57,19.3,17.35,16.5,16.38,16.89,18.38,19.06,19.22,18.01
QV2M,2015,-3.0,34.375,12.18,11.92,10.59,13.26,12.34,10.66,9.11,8.67,8.53,10.92,13.35,13.75,11.27
QV2M,2015,-3.0,35.0,11.79,11.51,10.8,12.99,12.4,10.99,9.62,8.91,8.7,10.79,12.79,13.15,11.2
QV2M,2015,-3.0,35.625,11.3,11.35,10.88,12.72,12.04,11.13,10.22,9.59,9.29,11.04,12.49,12.68,11.22
QV2M,2015,-3.0,36.25,11.81,11.95,11.24,14.06,13.14,11.57,10.45,9.72,9.28,11.15,13.6,13.89,11.82
QV2M,2015,-3.0,36.875,11.47,12.36,11.78,14.34,13.38,12.05,11.18,10.87,10.27,12.35,13.97,14.39,12.36
QV2M,2015,-3.0,37.5,10.42,11.38,11.06,12.98,12.38,11.15,10.48,10.11,9.65,11.3,12.89,13.31,11.42
QV2M,2015,-3.0,38.125,12.2,13.03,12.74,14.22,13.35,11.84,11.48,11.19,10.86,12.75,14.67,14.75,12.75
QV2M,2015,-3.0,38.75,13.58,13.7,14.08,15.57,14.64,12.85,12.57,12.23,12.17,14.13,16.2,16.04,13.98
QV2M,2015,-3.0,39.375,14.78,14.71,15.33,16.77,16.4,14.47,13.9,13.43,13.46,15.49,17.31,16.89,15.25
QV2M,2015,-3.0,40.0,15.87,16.08,16.62,17.86,17.8,15.45,14.85,14.46,14.79,16.52,18.12,17.69,16.34
QV2M,2015,-3.0,40.625,17.6,18.01,18.56,19.51,19.08,17.09,16.39,16.16,16.58,18.09,19.06,19.24,17.95
QV2M,2015,-3.0,41.25,17.52,18.06,18.55,19.54,19.18,17.24,16.45,16.29,16.72,18.22,19.05,19.3,18.01
QV2M,2015,-3.0,41.875,17.33,17.89,18.45,19.54,19.28,17.31,16.48,16.34,16.83,18.32,19.08,19.27,18.01
QV2M,2015,-3.5,34.375,12.84,12.55,11.46,13.67,12.52,10.49,9.21,8.9,8.79,10.98,13.48,14.25,11.59
QV2M,2015,-3.5,35.0,12.47,12.26,11.81,13.5,12.78,11.14,10.09,9.63,9.46,11.26,13.1,13.52,11.75
QV2M,2015,-3.5,35.625,12.0,11.8,11.46,13.4,12.57,11.14,10.18,9.69,9.22,11.02,12.78,12.98,11.52
QV2M,2015,-3.5,36.25,12.24,12.14,11.62,13.71,12.81,11.22,10.16,9.71,9.36,11.22,13.23,13.63,11.75
QV2M,2015,-3.5,36.875,11.9,12.35,11.89,14.29,13.4,11.86,10.93,10.52,9.84,11.89,13.78,14.3,12.24
QV2M,2015,-3.5,37.5,11.09,12.04,11.86,14.32,13.57,11.8,11.2,10.79,10.35,12.32,14.11,14.1,12.29
QV2M,2015,-3.5,38.125,12.27,12.81,12.77,14.41,13.57,11.92,11.62,11.33,11.13,12.99,14.65,14.48,12.83
QV2M,2015,-3.5,38.75,13.77,13.97,14.25,15.7,14.85,13.11,12.86,12.54,12.53,14.38,15.94,15.83,14.14
QV2M,2015,-3.5,39.375,14.98,14.95,15.6,16.92,16.67,14.71,14.17,13.62,13.67,15.68,17.33,17.05,15.45
QV2M,2015,-3.5,40.0,16.89,17.15,17.7,18.75,18.45,16.13,15.58,15.26,15.6,17.32,18.59,18.51,17.16
QV2M,2015,-3.5,40.625,17.79,18.25,18.72,19.53,19.07,17.13,16.44,16.18,16.57,18.05,19.04,19.31,18.0
QV2M,2015,-3.5,41.25,17.67,18.18,18.66,19.52,19.15,17.2,16.45,16.23,16.67,18.15,19.04,19.33,18.02
QV2M,2015,-3.5,41.875,17.44,17.99,18.55,19.5,19.24,17.26,16.45,16.28,16.77,18.24,19.07,19.3,18.01
QV2M,2015,-4.0,34.375,13.38,13.02,11.98,13.83,12.46,10.18,9.08,8.73,8.75,11.08,13.62,14.57,11.71
QV2M,2015,-4.0,35.0,12.65,12.39,11.75,13.23,12.29,10.51,9.56,9.16,9.02,10.84,12.72,13.4,11.45
QV2M,2015,-4.0,35.625,12.37,12.28,11.79,13.2,12.24,10.76,10.0,9.55,9.2,10.9,12.48,12.79,11.46
QV2M,2015,-4.0,36.25,12.61,12.39,11.87,13.51,12.56,10.94,10.12,9.7,9.42,11.1,12.87,13.08,11.67
QV2M,2015,-4.0,36.875,12.2,12.32,11.94,13.6,12.68,11.05,10.49,10.18,9.84,11.59,13.29,13.29,11.87
QV2M,2015,-4.0,37.5,12.37,12.7,12.56,14.38,13.55,11.69,11.2,10.89,10.54,12.46,14.12,14.06,12.54
QV2M,2015,-4.0,38.125,12.76,13.15,13.3,14.98,14.08,12.16,11.86,11.61,11.42,13.43,14.99,14.79,13.21
QV2M,2015,-4.0,38.75,13.98,14.14,14.68,16.25,15.34,13.44,13.26,12.88,12.91,14.86,16.28,15.92,14.5
QV2M,2015,-4.0,39.375,15.19,15.37,16.11,17.29,17.25,15.03,14.49,13.87,13.97,15.92,17.52,17.08,15.76
QV2M,2015,-4.0,40.0,17.74,18.16,18.56,19.26,18.85,16.73,16.18,15.86,16.2,17.74,18.83,19.08,17.76
QV2M,2015,-4.0,40.625,18.0,18.37,18.77,19.5,19.06,17.12,16.44,16.14,16.51,17.96,19.0,19.31,18.01
QV2M,2015,-4.0,41.25,17.86,18.24,18.7,19.49,19.13,17.16,16.43,16.18,16.61,18.07,19.03,19.29,18.01
QV2M,2015,-4.0,41.875,17.61,18.04,18.58,19.46,19.2,17.19,16.41,16.23,16.7,18.15,19.04,19.25,17.99
QV2M,2015,-4.5,34.375,13.0,12.41,11.73,13.45,11.78,9.49,8.87,8.43,8.37,10.73,13.27,14.16,11.3
QV2M,2015,-4.5,35.0,12.42,12.04,11.63,12.97,11.93,9.91,9.21,8.82,8.7,10.62,12.3,13.06,11.13
QV2M,2015,-4.5,35.625,12.48,12.31,11.79,12.92,12.02,10.26,9.66,9.3,9.11,10.86,12.23,12.58,11.29
QV2M,2015,-4.5,36.25,13.16,12.82,12.29,13.67,12.65,10.8,10.19,9.82,9.64,11.33,12.93,13.2,11.87
QV2M,2015,-4.5,36.875,12.88,12.51,12.39,13.79,12.81,11.06,10.64,10.34,10.13,11.8,13.27,13.24,12.07
QV2M,2015,-4.5,37.5,13.32,13.11,13.11,14.58,13.7,11.77,11.37,11.13,10.92,12.61,14.12,14.18,12.82
QV2M,2015,-4.5,38.125,13.83,13.73,13.65,15.05,14.27,12.44,12.04,11.81,11.64,13.47,14.91,15.1,13.49
QV2M,2015,-4.5,38.75,14.96,14.84,15.2,16.46,15.71,13.75,13.41,13.1,13.16,15.0,16.43,16.5,14.88
QV2M,2015,-4.5,39.375,16.53,16.7,17.22,18.2,17.94,15.68,15.21,14.7,14.94,16.69,17.95,18.0,16.65
QV2M,2015,-4.5,40.0,18.17,18.57,18.84,19.29,18.91,16.82,16.25,15.92,16.28,17.78,18.82,19.33,17.91
QV2M,2015,-4.5,40.625,18.16,18.45,18.81,19.46,19.01,17.07,16.43,16.08,16.44,17.89,18.95,19.33,18.0
QV2M,2015,-4.5,41.25,18.01,18.29,18.69,19.44,19.09,17.09,16.41,16.11,16.53,18.01,19.01,19.26,17.99
QV2M,2015,-4.5,41.875,17.77,18.11,18.62,19.44,19.14,17.14,16.37,16.17,16.62,18.07,19.0,19.14,17.96
QV2M,2015,0.5,34.375,9.91,10.81,10.32,14.61,14.95,14.31,13.74,13.84,14.02,14.73,14.89,14.16,13.37
QV2M,2015,0.5,35.0,8.98,9.77,9.4,13.2,13.51,13.16,12.47,12.46,12.56,13.21,13.56,12.85,12.1
QV2M,2015,0.5,35.625,7.74,8.92,9.23,13.03,13.35,12.95,12.25,11.98,11.88,12.55,13.35,12.67,11.67
QV2M,2015,0.5,36.25,7.41,8.94,9.23,12.53,13.21,12.85,11.54,11.08,10.37,11.35,12.99,12.35,11.16
QV2M,2015,0.5,36.875,7.56,9.31,9.49,12.2,12.04,11.3,10.43,9.94,9.18,10.69,12.79,12.29,10.6
QV2M,2015,0.5,37.5,7.99,10.07,10.22,13.1,12.52,11.46,10.62,10.06,9.34,11.32,13.62,13.15,11.12
QV2M,2015,0.5,38.125,8.69,10.88,11.03,14.07,13.31,11.72,11.07,10.66,10.07,11.98,14.55,13.75,11.81
QV2M,2015,0.5,38.75,9.59,11.53,11.78,14.66,14.18,12.15,11.76,11.42,11.17,12.89,15.21,14.24,12.55
QV2M,2015,0.5,39.375,10.47,11.99,12.2,15.13,15.0,12.81,12.5,12.15,12.02,13.72,15.7,14.4,13.18
QV2M,2015,0.5,40.0,11.12,12.42,12.59,15.41,15.63,13.46,12.9,12.63,12.52,14.19,15.86,14.37,13.59
QV2M,2015,0.5,40.625,11.62,12.85,13.05,15.74,16.2,13.89,13.11,12.97,12.84,14.54,16.02,14.55,13.95
QV2M,2015,0.5,41.25,12.13,13.29,13.52,16.18,16.63,14.09,13.39,13.28,13.3,15.08,16.29,14.85,14.34
QV2M,2015,0.5,41.875,12.7,13.69,13.98,16.74,17.08,14.57,13.88,13.77,13.86,15.63,16.69,15.38,14.83
QV2M,2015,1.0,34.375,9.08,10.19,9.71,12.91,13.29,12.89,12.15,12.16,12.25,12.84,13.12,12.41,11.92
QV2M,2015,1.0,35.0,8.54,9.27,9.09,12.39,12.78,12.5,11.7,11.58,11.5,12.14,12.65,12.04,11.36
QV2M,2015,1.0,35.625,7.24,8.36,8.75,12.01,12.61,12.02,10.93,10.37,9.63,10.59,12.07,11.3,10.5
QV2M,2015,1.0,36.25,7.14,8.95,9.25,12.89,13.57,12.93,11.58,10.82,9.97,11.23,13.03,12.35,11.15
QV2M,2015,1.0,36.875,7.72,9.49,9.73,12.37,12.02,11.13,10.51,9.85,9.01,10.76,12.73,12.08,10.62
QV2M,2015,1.0,37.5,8.05,10.13,10.4,13.55,12.83,11.51,10.8,10.27,9.54,11.44,13.81,13.04,11.28
QV2M,2015,1.0,38.125,8.31,10.77,11.03,14.26,13.38,11.77,11.11,10.71,10.18,12.0,14.49,13.42,11.78
QV2M,2015,1.0,38.75,8.91,11.33,11.61,14.73,14.14,12.11,11.74,11.39,11.14,12.83,15.11,13.81,12.4
QV2M,2015,1.0,39.375,9.43,11.7,11.97,15.13,14.96,12.65,12.36,12.01,11.85,13.54,15.54,14.0,12.93
QV2M,2015,1.0,40.0,10.13,12.04,12.28,15.33,15.37,13.22,12.67,12.41,12.27,13.93,15.57,13.98,13.27
QV2M,2015,1.0,40.625,10.69,12.38,12.69,15.82,15.88,13.56,12.83,12.71,12.59,14.35,15.71,14.15,13.61
QV2M,2015,1.0,41.25,11.2,12.73,13.09,16.36,16.35,13.76,13.12,13.03,13.07,14.93,15.99,14.45,14.01
QV2M,2015,1.0,41.875,11.87,13.05,13.52,16.69,16.7,14.16,13.55,13.46,13.56,15.42,16.31,14.88,14.43
QV2M,2015,1.5,34.375,7.58,8.71,8.88,13.79,14.36,14.05,12.79,12.83,12.78,13.51,14.06,12.96,12.2
QV2M,2015,1.5,35.0,7.46,8.65,8.86,13.06,13.63,13.31,12.02,11.68,10.98,12.08,13.12,12.22,11.43
QV2M,2015,1.5,35.625,6.97,8.76,9.09,13.08,13.64,12.6,11.25,10.35,9.45,11.12,12.78,11.92,10.92
QV2M,2015,1.5,36.25,7.09,9.06,9.39,13.22,13.38,12.29,11.15,10.24,9.23,10.85,12.9,12.05,10.91
QV2M,2015,1.5,36.875,7.71,9.65,9.92,12.92,12.34,11.17,10.57,9.99,9.22,10.98,13.05,12.09,10.8
QV2M,2015,1.5,37.5,7.91,10.25,10.56,13.83,13.01,11.63,10.89,10.41,9.77,11.58,13.89,12.76,11.37
QV2M,2015,1.5,38.125,8.19,10.8,11.15,14.58,13.51,11.81,11.24,10.84,10.36,12.24,14.64,13.29,11.89
QV2M,2015,1.5,38.75,8.39,11.15,11.58,15.32,14.28,12.04,11.76,11.41,11.15,12.98,15.27,13.76,12.42
QV2M,2015,1.5,39.375,8.95,11.41,11.76,15.23,14.84,12.58,12.25,11.88,11.66,13.44,15.22,13.66,12.74
QV2M,2015,1.5,40.0,9.05,11.64,12.07,15.57,15.27,13.0,12.44,12.19,12.03,13.82,15.39,13.79,13.02
QV2M,2015,1.5,40.625,9.7,11.87,12.38,16.12,15.72,13.31,12.61,12.48,12.36,14.25,15.49,13.93,13.35
QV2M,2015,1.5,41.25,10.28,12.09,12.68,16.5,16.07,13.57,12.93,12.79,12.83,14.71,15.52,13.94,13.66
QV2M,2015,1.5,41.875,10.76,12.33,13.12,17.0,16.51,13.88,13.25,13.18,13.27,15.24,16.18,14.53,14.11
QV2M,2015,2.0,34.375,7.17,8.94,9.16,14.18,14.69,14.41,12.75,12.73,11.93,13.16,13.96,12.39,12.13
QV2M,2015,2.0,35.0,7.09,8.88,9.15,13.26,13.54,13.25,11.82,11.1,9.98,11.51,13.0,11.86,11.21
QV2M,2015,2.0,35.625,6.93,9.04,9.33,13.31,13.3,12.19,10.98,10.01,9.01,10.82,12.84,11.85,10.8
QV2M,2015,2.0,36.25,7.26,9.35,9.67,13.6,13.26,11.65,10.88,10.09,9.21,10.86,12.92,12.13,10.91
QV2M,2015,2.0,36.875,7.59,9.84,10.18,13.3,12.68,11.31,10.72,10.23,9.54,11.28,13.23,12.19,11.01
QV2M,2015,2.0,37.5,7.88,10.39,10.74,14.33,13.42,11.81,11.05,10.58,10.02,11.93,14.07,12.79,11.58
QV2M,2015,2.0,38.125,7.9,10.63,11.07,14.99,13.93,11.86,11.35,10.94,10.5,12.54,14.71,13.27,11.97
QV2M,2015,2.0,38.75,8.03,10.81,11.27,15.29,14.43,12.12,11.8,11.38,11.09,13.03,14.91,13.22,12.28
QV2M,2015,2.0,39.375,8.28,10.87,11.45,15.57,15.0,12.61,12.17,11.72,11.45,13.47,14.96,13.22,12.57
QV2M,2015,2.0,40.0,8.36,10.98,11.7,15.8,15.37,12.93,12.33,11.99,11.78,13.88,15.18,13.36,12.81
QV2M,2015,2.0,40.625,8.53,11.17,12.08,16.68,15.83,13.06,12.44,12.27,12.11,14.53,15.65,13.61,13.17
QV2M,2015,2.0,41.25,9.19,11.41,12.26,16.82,16.12,13.4,12.76,12.57,12.54,14.71,15.68,13.83,13.44
QV2M,2015,2.0,41.875,9.66,11.6,12.72,17.34,16.53,13.58,12.99,12.9,12.95,15.28,16.5,14.33,13.87
QV2M,2015,2.5,34.375,7.3,9.1,9.33,13.58,13.9,13.96,12.07,11.28,10.2,11.94,13.43,11.61,11.48
QV2M,2015,2.5,35.0,7.33,9.22,9.46,13.16,13.19,12.99,11.86,10.85,9.48,11.34,13.2,11.91,11.17
QV2M,2015,2.5,35.625,7.14,9.41,9.68,13.32,13.07,11.8,11.0,10.36,9.41,11.15,13.05,12.0,10.95
QV2M,2015,2.5,36.25,8.45,10.69,10.89,14.07,13.7,12.11,11.61,11.21,10.54,12.11,13.64,12.87,11.83
QV2M,2015,2.5,36.875,7.95,10.59,10.66,13.85,13.16,11.65,11.12,10.68,10.09,11.88,13.58,12.52,11.48
QV2M,2015,2.5,37.5,7.52,10.22,10.6,14.37,13.41,11.63,11.08,10.63,10.1,12.12,13.92,12.65,11.52
QV2M,2015,2.5,38.125,7.27,10.16,10.71,14.69,13.89,11.78,11.35,10.92,10.48,12.6,14.27,12.75,11.74
QV2M,2015,2.5,38.75,7.29,10.08,10.82,15.07,14.37,12.03,11.71,11.26,10.91,13.02,14.54,12.78,11.99
QV2M,2015,2.5,39.375,7.47,10.02,10.96,15.33,14.9,12.46,11.99,11.54,11.2,13.45,14.71,12.76,12.24
QV2M,2015,2.5,40.0,7.66,10.16,11.18,15.59,15.19,12.72,12.12,11.77,11.47,13.81,14.87,12.85,12.45
QV2M,2015,2.5,40.625,7.9,10.49,11.53,16.19,15.55,12.87,12.25,12.1,11.82,14.26,15.29,13.08,12.78
QV2M,2015,2.5,41.25,8.16,10.72,11.73,16.17,15.72,13.18,12.59,12.45,12.29,14.35,15.4,13.13,13.0
QV2M,2015,2.5,41.875,8.65,10.9,12.13,16.6,16.14,13.46,12.81,12.72,12.66,14.86,16.17,13.72,13.41
QV2M,2015,3.0,34.375,7.47,9.18,9.55,13.35,13.75,13.88,12.43,11.86,10.5,12.29,13.72,12.22,11.69
QV2M,2015,3.0,35.0,7.64,9.41,9.8,13.26,13.41,12.92,11.88,10.9,9.62,11.71,13.79,12.51,11.41
QV2M,2015,3.0,35.625,7.35,9.81,10.21,13.47,13.56,11.91,11.26,10.83,10.04,11.9,13.55,12.5,11.37
QV2M,2015,3.0,36.25,9.56,12.02,12.15,14.69,14.43,12.96,12.37,12.01,11.57,13.3,14.62,13.77,12.79
QV2M,2015,3.0,36.875,7.43,10.05,10.42,13.79,13.04,11.51,11.06,10.6,10.01,11.99,13.49,12.26,11.3
QV2M,2015,3.0,37.5,6.83,9.68,10.29,14.2,13.34,11.48,11.11,10.66,10.12,12.28,13.72,12.32,11.34
QV2M,2015,3.0,38.125,6.49,9.39,10.27,14.53,13.8,11.59,11.3,10.86,10.35,12.65,13.96,12.25,11.46
QV2M,2015,3.0,38.75,6.49,9.12,10.26,14.88,14.24,11.81,11.54,11.08,10.63,13.06,14.25,12.25,11.64
QV2M,2015,3.0,39.375,6.76,9.08,10.35,14.9,14.58,12.2,11.73,11.32,10.88,13.4,14.35,12.12,11.81
QV2M,2015,3.0,40.0,7.05,9.29,10.6,15.16,14.88,12.45,11.86,11.59,11.12,13.69,14.62,12.3,12.06
QV2M,2015,3.0,40.625,7.41,9.64,10.92,15.47,15.13,12.61,12.04,11.94,11.51,13.94,14.91,12.46,12.34
QV2M,2015,3.0,41.25,7.72,9.83,11.2,15.64,15.37,12.87,12.3,12.25,11.92,14.16,15.23,12.66,12.6
QV2M,2015,3.0,41.875,8.2,10.03,11.5,15.82,15.6,13.13,12.5,12.37,12.17,14.45,15.81,13.14,12.9
QV2M,2015,3.5,34.375,7.86,9.39,9.79,13.36,13.67,13.72,12.51,11.49,9.99,12.3,14.17,12.93,11.77
QV2M,2015,3.5,35.0,8.04,9.68,10.21,13.96,13.91,13.17,11.92,11.02,9.77,12.4,14.81,13.64,11.88
QV2M,2015,3.5,35.625,7.85,10.51,10.9,14.06,13.86,12.21,11.45,10.99,10.35,12.54,14.26,12.99,11.83
QV2M,2015,3.5,36.25,9.33,11.93,12.2,14.93,14.46,12.95,12.43,12.09,11.69,13.63,14.68,13.54,12.82
QV2M,2015,3.5,36.875,6.66,9.26,9.94,14.03,13.14,11.38,10.96,10.51,9.88,12.24,13.53,12.26,11.15
QV2M,2015,3.5,37.5,6.18,8.85,9.79,13.97,13.34,11.4,11.04,10.58,10.0,12.45,13.37,11.77,11.07
QV2M,2015,3.5,38.125,6.02,8.46,9.7,14.39,13.85,11.68,11.28,10.77,10.18,12.88,13.58,11.69,11.22
QV2M,2015,3.5,38.75,6.06,8.19,9.62,14.41,14.16,11.88,11.52,10.98,10.33,13.14,13.73,11.48,11.3
QV2M,2015,3.5,39.375,6.38,8.31,9.8,14.41,14.27,12.06,11.57,11.17,10.54,13.37,14.0,11.63,11.47
QV2M,2015,3.5,40.0,6.67,8.54,10.06,14.78,14.58,12.19,11.63,11.39,10.74,13.7,14.48,11.84,11.73
QV2M,2015,3.5,40.625,7.02,8.83,10.37,15.18,14.85,12.29,11.75,11.74,11.1,14.06,14.85,12.18,12.03
QV2M,2015,3.5,41.25,7.58,9.26,10.83,15.25,14.99,12.56,12.05,11.96,11.54,14.18,15.14,12.51,12.33
QV2M,2015,3.5,41.875,8.06,9.4,11.18,15.46,15.25,12.8,12.18,12.03,11.76,14.34,15.72,12.98,12.61
QV2M,2015,4.0,34.375,8.15,9.53,10.1,14.5,14.65,14.37,12.69,11.28,9.9,13.31,15.26,14.01,12.32
QV2M,2015,4.0,35.0,8.26,9.88,10.52,14.91,14.5,13.81,11.96,11.01,9.98,13.26,15.53,14.46,12.35
QV2M,2015,4.0,35.625,8.17,10.6,11.13,14.45,14.04,12.74,11.66,11.08,10.52,13.17,14.64,13.45,12.14
QV2M,2015,4.0,36.25,9.42,11.81,12.3,15.25,14.75,13.19,12.62,12.31,12.02,14.19,14.88,13.66,13.03
QV2M,2015,4.0,36.875,6.38,8.57,9.51,14.03,13.34,11.63,10.94,10.44,9.78,12.54,13.46,12.17,11.07
QV2M,2015,4.0,37.5,5.81,7.99,9.19,13.88,13.44,11.6,10.99,10.49,9.81,12.65,13.18,11.59,10.9
QV2M,2015,4.0,38.125,5.66,7.63,9.09,13.75,13.65,11.8,11.25,10.7,10.01,12.9,13.07,11.31,10.91
QV2M,2015,4.0,38.75,5.68,7.67,9.2,13.72,13.68,11.86,11.22,10.69,9.98,13.07,13.13,11.3,10.95
QV2M,2015,4.0,39.375,5.98,7.82,9.5,14.12,14.03,11.83,11.22,10.82,10.15,13.59,13.67,11.41,11.19
QV2M,2015,4.0,40.0,6.34,8.02,9.71,14.46,14.41,12.09,11.41,11.32,10.43,13.83,14.06,11.32,11.46
QV2M,2015,4.0,40.625,6.83,8.32,10.08,14.82,14.64,12.08,11.5,11.51,10.72,14.08,14.65,11.89,11.77
QV2M,2015,4.0,41.25,7.51,8.69,10.53,15.0,14.72,12.24,11.7,11.57,11.1,14.2,15.01,12.27,12.06
QV2M,2015,4.0,41.875,8.11,8.83,10.88,15.43,15.09,12.56,11.89,11.73,11.42,14.48,15.77,12.97,12.44
QV2M,2015,4.5,34.375,8.1,9.55,10.36,15.72,15.2,14.71,12.38,11.03,10.09,14.28,16.17,14.3,12.67
QV2M,2015,4.5,35.0,8.83,9.88,10.62,15.53,14.93,14.4,12.15,10.91,10.09,14.0,15.85,14.82,12.68
QV2M,2015,4.5,35.625,8.49,10.13,10.84,14.74,14.27,13.26,11.92,10.91,10.31,13.75,14.96,14.12,12.32
QV2M,2015,4.5,36.25,8.5,10.01,10.78,14.94,14.25,13.05,11.78,11.08,10.61,13.78,14.73,13.56,12.26
QV2M,2015,4.5,36.875,7.22,8.89,9.85,14.31,13.91,12.54,11.56,10.85,10.32,13.32,13.72,12.49,11.59
QV2M,2015,4.5,37.5,5.78,7.62,8.84,13.91,13.68,12.25,10.98,10.37,9.72,12.97,13.19,11.67,10.93
QV2M,2015,4.5,38.125,5.44,7.45,8.84,13.25,13.24,11.77,10.9,10.3,9.63,12.69,12.59,11.04,10.61
QV2M,2015,4.5,38.75,5.56,7.55,9.09,13.57,13.59,11.79,11.04,10.45,9.76,13.11,12.92,11.05,10.8
QV2M,2015,4.5,39.375,5.75,7.51,9.3,13.94,13.98,11.85,11.12,10.74,9.96,13.46,13.25,10.91,11.0
QV2M,2015,4.5,40.0,5.99,7.67,9.47,13.87,14.02,11.84,11.15,10.9,10.16,13.45,13.3,10.81,11.07
QV2M,2015,4.5,40.625,6.5,7.94,9.87,14.36,14.45,12.05,11.32,11.25,10.43,13.78,14.01,11.27,11.45
QV2M,2015,4.5,41.25,7.12,8.25,10.21,14.57,14.57,12.16,11.59,11.42,10.84,14.0,14.57,11.78,11.77
QV2M,2015,4.5,41.875,7.69,8.4,10.54,15.39,15.07,12.4,11.66,11.5,11.16,14.62,15.65,12.59,12.24
QV2M,2016,-0.5,34.375,14.55,13.21,14.03,15.19,14.54,12.98,12.21,10.94,11.94,12.91,13.47,12.36,13.19
QV2M,2016,-0.5,35.0,13.49,11.93,12.84,14.13,13.77,12.48,12.02,11.2,11.83,12.01,12.53,11.61,12.49
QV2M,2016,-0.5,35.625,11.43,9.91,10.73,12.14,11.79,10.82,10.65,9.97,10.35,10.14,10.94,10.02,10.74
QV2M,2016,-0.5,36.25,11.56,10.16,11.17,12.36,11.77,10.84,10.58,9.99,10.27,10.15,11.25,10.38,10.87
QV2M,2016,-0.5,36.875,11.9,10.5,11.72,12.81,11.89,10.97,10.48,10.03,10.04,10.09,11.77,10.94,11.09
QV2M,2016,-0.5,37.5,12.99,11.36,12.73,13.91,12.77,11.57,10.64,10.38,10.27,10.45,13.05,12.13,11.85
QV2M,2016,-0.5,38.125,13.43,11.65,12.92,14.36,12.5,11.16,10.17,10.17,10.29,10.68,13.93,12.99,12.02
QV2M,2016,-0.5,38.75,13.6,12.13,13.51,15.15,13.03,11.72,10.75,10.91,11.0,11.55,14.63,13.3,12.6
QV2M,2016,-0.5,39.375,13.56,12.52,13.93,15.73,13.82,12.58,11.58,11.83,11.72,12.34,14.72,13.33,13.14
QV2M,2016,-0.5,40.0,13.91,13.04,14.44,16.18,14.6,13.31,12.12,12.27,12.04,12.83,14.96,13.69,13.61
QV2M,2016,-0.5,40.625,14.07,13.47,14.97,16.46,15.44,14.01,12.48,12.54,12.23,13.14,15.24,14.07,14.01
QV2M,2016,-0.5,41.25,14.61,14.11,15.58,16.93,15.8,14.42,12.82,12.84,12.62,13.66,15.59,14.57,14.46
QV2M,2016,-0.5,41.875,15.55,15.14,16.52,17.51,16.68,15.23,13.64,13.59,13.41,14.45,16.01,15.34,15.25
QV2M,2016,-1.0,34.375,14.65,13.91,14.65,15.04,14.21,12.26,11.34,10.15,11.25,11.81,12.92,11.78,12.82
QV2M,2016,-1.0,35.0,13.45,12.29,12.95,13.92,13.2,11.92,11.21,10.26,10.95,10.99,11.71,10.8,11.97
QV2M,2016,-1.0,35.625,12.37,10.68,10.92,12.93,12.37,11.16,10.47,9.79,10.09,9.86,10.87,9.91,10.95
QV2M,2016,-1.0,36.25,11.89,10.15,10.95,12.54,11.91,10.75,10.02,9.55,9.71,9.57,11.26,10.49,10.73
QV2M,2016,-1.0,36.875,12.34,10.76,11.69,12.79,11.62,10.72,9.83,9.37,9.47,9.53,12.17,11.62,10.99
QV2M,2016,-1.0,37.5,13.29,11.85,12.76,13.87,12.3,11.29,10.12,9.99,10.13,10.31,13.2,12.64,11.81
QV2M,2016,-1.0,38.125,13.01,11.5,12.92,14.33,12.25,11.15,10.12,10.22,10.37,10.67,13.71,12.81,11.92
QV2M,2016,-1.0,38.75,13.63,12.31,13.7,15.52,13.08,11.83,10.82,11.05,11.17,11.7,14.86,13.48,12.76
QV2M,2016,-1.0,39.375,13.69,12.83,14.21,16.15,14.02,12.71,11.68,11.99,11.92,12.57,14.93,13.43,13.34
QV2M,2016,-1.0,40.0,14.18,13.4,14.84,16.61,14.82,13.49,12.28,12.49,12.28,13.1,15.2,13.89,13.88
QV2M,2016,-1.0,40.625,14.57,14.0,15.46,16.84,15.77,14.37,12.76,12.86,12.53,13.4,15.37,14.35,14.35
QV2M,2016,-1.0,41.25,15.27,14.79,16.13,17.34,16.07,14.85,13.17,13.19,12.93,13.94,15.75,14.97,14.86
QV2M,2016,-1.0,41.875,16.93,16.6,17.93,18.67,17.27,15.98,14.43,14.5,14.32,15.42,16.89,16.54,16.29
QV2M,2016,-1.5,34.375,14.3,13.24,13.88,14.42,13.55,11.48,9.65,9.13,10.57,10.97,12.22,11.06,12.03
QV2M,2016,-1.5,35.0,13.7,12.61,12.71,13.88,12.94,11.23,9.9,9.11,10.02,10.0,11.37,10.39,11.48
QV2M,2016,-1.5,35.625,12.75,11.58,11.84,13.25,12.17,10.78,9.73,9.4,9.57,9.45,11.27,10.55,11.02
QV2M,2016,-1.5,36.25,12.96,11.31,11.82,13.52,12.39,11.05,9.88,9.49,9.68,9.56,11.83,10.96,11.2
QV2M,2016,-1.5,36.875,12.5,11.0,11.43,12.89,11.53,10.37,9.21,9.23,9.45,9.51,12.05,11.58,10.89
QV2M,2016,-1.5,37.5,13.21,11.71,12.35,13.64,11.92,10.93,9.65,9.76,9.93,10.1,12.82,12.45,11.54
QV2M,2016,-1.5,38.125,13.76,12.47,13.41,14.56,12.38,11.37,10.26,10.38,10.54,10.86,13.77,13.29,12.25
QV2M,2016,-1.5,38.75,13.99,12.7,13.93,15.62,13.14,11.91,10.91,11.18,11.31,11.84,14.81,13.68,12.91
QV2M,2016,-1.5,39.375,14.15,13.27,14.59,16.4,14.14,12.82,11.79,12.11,12.08,12.79,15.22,13.72,13.59
QV2M,2016,-1.5,40.0,14.52,13.84,15.27,17.02,15.1,13.76,12.47,12.73,12.52,13.37,15.46,14.09,14.18
QV2M,2016,-1.5,40.625,15.06,14.51,15.91,17.28,16.05,14.78,13.11,13.23,12.88,13.74,15.59,14.62,14.73
QV2M,2016,-1.5,41.25,15.91,15.45,16.71,17.83,16.45,15.29,13.6,13.63,13.35,14.35,16.01,15.37,15.33
QV2M,2016,-1.5,41.875,18.14,17.88,19.21,19.71,17.9,16.72,15.22,15.37,15.24,16.39,17.7,17.64,17.26
QV2M,2016,-1.7975103014118005e-13,34.375,14.5,13.07,14.21,15.56,14.87,13.53,12.99,12.44,13.23,13.57,13.78,12.36,13.68
QV2M,2016,-1.7975103014118005e-13,35.0,13.37,11.9,13.0,14.49,14.07,12.78,12.71,12.12,12.82,12.82,12.96,11.9,12.91
QV2M,2016,-1.7975103014118005e-13,35.625,11.77,10.5,11.55,12.75,12.28,11.33,11.46,10.74,11.33,11.14,11.58,10.71,11.43
QV2M,2016,-1.7975103014118005e-13,36.25,11.9,10.14,11.11,12.75,12.48,11.54,11.79,10.86,10.96,10.48,11.51,10.46,11.33
QV2M,2016,-1.7975103014118005e-13,36.875,11.77,10.29,11.47,12.56,12.06,10.99,11.01,10.32,10.24,10.13,11.51,10.82,11.1
QV2M,2016,-1.7975103014118005e-13,37.5,12.23,10.87,12.2,13.04,12.11,11.0,10.41,9.95,9.8,10.03,12.17,11.56,11.28
QV2M,2016,-1.7975103014118005e-13,38.125,13.55,11.79,13.09,14.32,12.76,11.24,10.25,10.14,10.24,10.71,14.02,13.08,12.1
QV2M,2016,-1.7975103014118005e-13,38.75,13.67,12.14,13.47,14.9,13.04,11.73,10.76,10.84,10.91,11.47,14.48,13.26,12.55
QV2M,2016,-1.7975103014118005e-13,39.375,13.52,12.21,13.69,15.36,13.65,12.46,11.46,11.65,11.51,12.14,14.55,13.4,12.97
QV2M,2016,-1.7975103014118005e-13,40.0,13.71,12.69,14.13,15.77,14.31,13.15,11.95,12.03,11.79,12.59,14.8,13.75,13.39
QV2M,2016,-1.7975103014118005e-13,40.625,13.65,13.01,14.59,16.18,15.09,13.71,12.23,12.24,11.97,12.94,15.21,14.09,13.74
QV2M,2016,-1.7975103014118005e-13,41.25,14.05,13.57,15.13,16.63,15.51,14.05,12.56,12.57,12.38,13.46,15.54,14.42,14.15
QV2M,2016,-1.7975103014118005e-13,41.875,14.68,14.22,15.71,16.97,16.29,14.73,13.15,13.07,12.91,13.93,15.68,14.85,14.68
QV2M,2016,-2.0,34.375,14.03,13.17,13.86,14.28,13.07,10.6,8.63,8.47,9.74,10.19,12.0,11.09,11.58
QV2M,2016,-2.0,35.0,13.54,12.55,12.73,13.68,12.32,10.65,8.87,8.63,9.39,9.43,11.39,10.68,11.15
QV2M,2016,-2.0,35.625,12.82,11.65,12.3,13.38,11.9,10.61,9.28,9.01,9.34,9.43,11.51,10.87,11.0
QV2M,2016,-2.0,36.25,13.63,12.05,12.41,14.26,12.49,11.08,9.61,9.4,9.71,9.88,12.18,11.5,11.51
QV2M,2016,-2.0,36.875,12.81,11.31,11.51,13.4,11.81,10.55,9.1,9.22,9.51,9.63,12.05,11.64,11.04
QV2M,2016,-2.0,37.5,13.6,12.15,12.53,13.93,12.01,10.88,9.5,9.74,9.93,10.15,12.85,12.64,11.65
QV2M,2016,-2.0,38.125,14.05,12.77,13.52,14.64,12.32,11.26,10.15,10.4,10.59,10.95,13.65,13.34,12.3
QV2M,2016,-2.0,38.75,14.48,13.18,14.31,15.99,13.25,12.02,11.03,11.34,11.47,12.04,14.79,13.94,13.15
QV2M,2016,-2.0,39.375,14.65,13.82,15.12,16.79,14.34,13.04,11.93,12.25,12.24,13.0,15.35,14.19,13.89
QV2M,2016,-2.0,40.0,15.09,14.46,15.86,17.46,15.21,13.94,12.66,12.94,12.78,13.69,15.81,14.61,14.54
QV2M,2016,-2.0,40.625,15.93,15.42,16.76,18.01,16.37,15.25,13.58,13.75,13.46,14.4,16.19,15.37,15.37
QV2M,2016,-2.0,41.25,17.64,17.26,18.57,19.15,17.3,16.28,14.74,14.88,14.69,15.79,17.2,17.01,16.7
QV2M,2016,-2.0,41.875,18.68,18.45,19.78,20.22,18.24,17.14,15.69,15.84,15.74,16.88,18.12,18.18,17.74
QV2M,2016,-2.5,34.375,13.82,13.18,13.87,14.18,12.55,10.45,8.32,8.1,9.08,9.36,12.06,11.4,11.35
QV2M,2016,-2.5,35.0,13.4,12.79,12.98,13.7,12.05,10.45,8.71,8.31,8.83,9.16,11.45,11.14,11.07
QV2M,2016,-2.5,35.625,13.49,12.69,13.13,14.2,12.19,10.78,8.97,8.74,9.05,9.43,11.86,11.37,11.32
QV2M,2016,-2.5,36.25,13.91,12.59,12.79,14.72,12.45,11.02,9.58,9.31,9.41,9.72,12.22,11.81,11.62
QV2M,2016,-2.5,36.875,13.76,12.4,12.36,14.24,12.34,11.0,9.18,9.11,9.36,9.68,12.36,12.42,11.51
QV2M,2016,-2.5,37.5,14.17,12.85,12.88,14.39,12.31,10.97,9.48,9.56,9.74,10.04,12.71,13.18,11.85
QV2M,2016,-2.5,38.125,14.52,13.21,13.57,14.8,12.32,11.22,10.04,10.37,10.53,10.9,13.5,13.75,12.39
QV2M,2016,-2.5,38.75,14.93,13.75,14.58,16.21,13.26,12.09,11.1,11.45,11.57,12.16,14.59,14.47,13.34
QV2M,2016,-2.5,39.375,15.26,14.45,15.61,17.13,14.52,13.28,12.1,12.42,12.39,13.17,15.31,14.94,14.21
QV2M,2016,-2.5,40.0,16.08,15.45,16.74,17.96,15.39,14.29,13.0,13.32,13.19,14.14,16.05,15.57,15.09
QV2M,2016,-2.5,40.625,17.6,17.16,18.42,19.2,17.07,16.11,14.61,14.82,14.62,15.68,17.22,16.96,16.62
QV2M,2016,-2.5,41.25,18.82,18.48,19.8,20.31,18.05,17.1,15.7,15.84,15.72,16.84,18.16,18.29,17.75
QV2M,2016,-2.5,41.875,18.71,18.38,19.69,20.18,18.19,17.14,15.67,15.83,15.69,16.81,18.06,18.16,17.7
QV2M,2016,-3.0,34.375,13.76,13.55,13.7,14.3,12.19,10.4,8.44,8.25,8.71,8.92,11.58,11.66,11.28
QV2M,2016,-3.0,35.0,13.51,13.2,13.24,14.18,12.21,10.65,9.0,8.49,8.82,9.17,11.19,11.61,11.26
QV2M,2016,-3.0,35.625,13.03,12.43,13.06,13.57,11.68,10.66,9.51,9.18,9.32,9.62,11.33,11.61,11.24
QV2M,2016,-3.0,36.25,14.2,13.21,13.44,14.81,12.41,11.04,9.52,9.22,9.32,9.7,12.06,12.08,11.74
QV2M,2016,-3.0,36.875,14.41,13.3,13.62,14.78,12.58,11.54,10.38,10.23,10.24,10.47,12.46,13.46,12.28
QV2M,2016,-3.0,37.5,13.29,12.29,12.55,13.45,11.6,10.62,9.45,9.49,9.56,9.65,11.63,12.42,11.33
QV2M,2016,-3.0,38.125,14.45,13.28,13.62,14.84,12.27,11.32,10.16,10.48,10.65,10.94,13.21,13.79,12.41
QV2M,2016,-3.0,38.75,15.12,14.08,14.71,16.41,13.28,12.25,11.21,11.57,11.65,12.22,14.4,14.86,13.47
QV2M,2016,-3.0,39.375,15.7,14.95,15.96,17.49,14.72,13.57,12.33,12.65,12.58,13.35,15.32,15.41,14.5
QV2M,2016,-3.0,40.0,16.97,16.46,17.59,18.58,15.8,14.78,13.51,13.87,13.72,14.72,16.45,16.36,15.73
QV2M,2016,-3.0,40.625,18.84,18.42,19.71,20.1,17.76,16.86,15.51,15.71,15.56,16.66,18.08,18.2,17.61
QV2M,2016,-3.0,41.25,18.88,18.44,19.68,20.19,18.01,17.09,15.67,15.8,15.63,16.71,18.11,18.27,17.7
QV2M,2016,-3.0,41.875,18.8,18.36,19.64,20.16,18.13,17.11,15.65,15.8,15.63,16.75,18.1,18.19,17.69
QV2M,2016,-3.5,34.375,14.46,14.41,14.15,14.97,12.29,10.45,8.56,8.45,8.87,9.12,11.74,12.23,11.63
QV2M,2016,-3.5,35.0,14.06,13.73,13.82,14.91,12.41,10.93,9.43,9.21,9.51,9.86,11.71,12.21,11.81
QV2M,2016,-3.5,35.625,13.69,12.84,13.27,14.51,12.02,10.77,9.43,9.27,9.3,9.63,11.59,11.83,11.5
QV2M,2016,-3.5,36.25,14.32,13.33,13.47,14.83,12.09,10.78,9.27,9.26,9.43,9.8,11.93,12.05,11.7
QV2M,2016,-3.5,36.875,14.79,13.71,13.77,15.17,12.61,11.39,10.0,10.02,9.83,10.15,12.41,12.93,12.22
QV2M,2016,-3.5,37.5,14.43,13.17,13.21,15.3,12.47,11.44,10.07,10.17,10.25,10.52,12.63,12.87,12.2
QV2M,2016,-3.5,38.125,14.18,13.18,13.61,15.01,12.29,11.35,10.25,10.61,10.81,11.15,13.15,13.62,12.43
QV2M,2016,-3.5,38.75,15.3,14.45,15.05,16.4,13.45,12.55,11.5,11.84,11.88,12.44,14.36,14.71,13.66
QV2M,2016,-3.5,39.375,16.04,15.27,16.33,17.73,14.94,13.84,12.57,12.87,12.73,13.52,15.46,15.64,14.74
QV2M,2016,-3.5,40.0,18.01,17.54,18.7,19.43,16.6,15.65,14.42,14.77,14.6,15.67,17.31,17.34,16.66
QV2M,2016,-3.5,40.625,19.04,18.48,19.76,20.12,17.81,16.94,15.57,15.77,15.57,16.67,18.12,18.35,17.68
QV2M,2016,-3.5,41.25,19.02,18.43,19.68,20.18,17.96,17.07,15.66,15.79,15.58,16.66,18.17,18.36,17.71
QV2M,2016,-3.5,41.875,18.94,18.35,19.66,20.15,18.06,17.06,15.6,15.77,15.58,16.69,18.17,18.26,17.69
QV2M,2016,-4.0,34.375,15.01,14.92,14.85,15.15,12.02,10.37,8.64,8.4,8.88,9.12,11.86,12.67,11.81
QV2M,2016,-4.0,35.0,14.08,13.73,13.99,14.59,11.89,10.5,9.01,8.78,9.16,9.39,11.29,12.01,11.52
QV2M,2016,-4.0,35.625,13.67,12.98,13.47,14.31,11.53,10.4,9.18,9.09,9.29,9.57,11.26,11.8,11.37
QV2M,2016,-4.0,36.25,14.14,13.21,13.48,14.73,11.73,10.59,9.26,9.29,9.46,9.75,11.58,12.06,11.6
QV2M,2016,-4.0,36.875,14.04,13.27,13.34,14.66,11.71,10.78,9.54,9.77,9.81,10.12,12.07,12.59,11.8
QV2M,2016,-4.0,37.5,14.51,13.59,13.58,15.4,12.29,11.37,10.09,10.36,10.35,10.72,12.8,13.34,12.36
QV2M,2016,-4.0,38.125,14.63,13.6,14.09,15.71,12.64,11.65,10.47,10.87,11.05,11.51,13.58,14.02,12.81
QV2M,2016,-4.0,38.75,15.3,14.49,15.37,16.95,13.78,12.87,11.74,12.18,12.19,12.81,14.72,14.91,13.94
QV2M,2016,-4.0,39.375,16.32,15.72,16.85,18.2,15.32,14.2,12.94,13.26,13.03,13.86,15.69,15.89,15.1
QV2M,2016,-4.0,40.0,18.91,18.38,19.56,19.89,17.3,16.42,15.21,15.48,15.33,16.33,17.83,18.12,17.39
QV2M,2016,-4.0,40.625,19.22,18.52,19.78,20.07,17.77,16.94,15.56,15.75,15.52,16.6,18.09,18.43,17.68
QV2M,2016,-4.0,41.25,19.15,18.43,19.68,20.19,17.9,17.05,15.63,15.77,15.52,16.61,18.15,18.43,17.71
QV2M,2016,-4.0,41.875,19.04,18.33,19.66,20.15,17.99,17.02,15.55,15.72,15.53,16.66,18.16,18.32,17.67
QV2M,2016,-4.5,34.375,14.62,14.44,14.67,14.68,11.35,10.15,8.73,8.49,8.74,8.84,11.09,12.0,11.47
QV2M,2016,-4.5,35.0,13.78,13.46,13.95,14.27,11.4,10.25,8.87,8.61,9.01,9.16,10.86,11.62,11.26
QV2M,2016,-4.5,35.625,13.43,12.91,13.38,14.16,11.06,10.03,8.83,8.85,9.19,9.45,11.02,11.69,11.16
QV2M,2016,-4.5,36.25,14.27,13.6,13.9,14.92,11.68,10.54,9.32,9.45,9.63,10.0,11.58,12.22,11.75
QV2M,2016,-4.5,36.875,14.0,13.48,13.58,14.8,11.74,10.84,9.65,9.96,10.03,10.41,12.07,12.78,11.94
QV2M,2016,-4.5,37.5,14.62,14.12,14.08,15.54,12.42,11.54,10.36,10.69,10.64,11.14,12.8,13.49,12.61
QV2M,2016,-4.5,38.125,15.14,14.3,14.54,15.82,12.95,12.09,10.9,11.15,11.16,11.68,13.5,14.19,13.11
QV2M,2016,-4.5,38.75,16.05,15.2,16.07,17.26,14.12,13.29,12.07,12.43,12.43,13.24,15.0,15.33,14.37
QV2M,2016,-4.5,39.375,17.56,17.03,18.18,19.01,16.01,15.14,13.97,14.24,14.01,14.93,16.57,16.77,16.11
QV2M,2016,-4.5,40.0,19.41,18.78,19.87,19.95,17.43,16.57,15.33,15.58,15.43,16.42,17.91,18.41,17.59
QV2M,2016,-4.5,40.625,19.4,18.63,19.87,20.04,17.72,16.9,15.52,15.72,15.47,16.56,18.03,18.46,17.69
QV2M,2016,-4.5,41.25,19.27,18.45,19.75,20.15,17.83,17.01,15.57,15.72,15.46,16.59,18.07,18.43,17.69
QV2M,2016,-4.5,41.875,19.14,18.35,19.64,20.14,17.91,16.97,15.49,15.67,15.48,16.63,18.12,18.32,17.65
QV2M,2016,0.5,34.375,14.1,12.52,13.71,15.57,14.91,13.62,13.52,13.14,13.78,13.8,13.58,11.44,13.64
QV2M,2016,0.5,35.0,12.69,11.21,12.28,14.1,13.62,12.41,12.7,12.24,12.75,12.57,12.65,11.54,12.57
QV2M,2016,0.5,35.625,12.31,10.39,11.49,13.77,13.42,12.34,12.76,12.01,12.61,11.95,12.2,10.79,12.17
QV2M,2016,0.5,36.25,11.88,10.04,11.14,12.95,13.08,11.93,12.73,11.42,11.14,10.24,11.72,10.65,11.58
QV2M,2016,0.5,36.875,11.82,10.15,11.48,12.55,12.04,10.94,11.31,10.23,9.72,9.58,11.86,11.18,11.07
QV2M,2016,0.5,37.5,12.58,10.86,12.27,13.25,12.34,11.17,10.65,10.02,9.75,10.05,12.75,11.91,11.47
QV2M,2016,0.5,38.125,13.01,11.43,12.9,13.94,12.61,11.25,10.27,10.1,10.23,10.72,13.7,12.68,11.9
QV2M,2016,0.5,38.75,13.46,11.95,13.32,14.57,12.97,11.73,10.74,10.77,10.82,11.4,14.19,13.12,12.42
QV2M,2016,0.5,39.375,13.33,11.82,13.51,15.15,13.58,12.35,11.33,11.47,11.3,11.96,14.54,13.48,12.82
QV2M,2016,0.5,40.0,13.23,12.12,13.85,15.57,14.21,12.99,11.76,11.79,11.55,12.39,14.82,13.88,13.18
QV2M,2016,0.5,40.625,13.2,12.57,14.3,15.91,14.82,13.45,12.02,11.99,11.74,12.78,15.19,14.27,13.52
QV2M,2016,0.5,41.25,13.56,13.1,14.8,16.29,15.15,13.76,12.36,12.36,12.19,13.25,15.44,14.44,13.89
QV2M,2016,0.5,41.875,14.07,13.62,15.33,16.74,15.97,14.39,12.87,12.79,12.63,13.67,15.58,14.74,14.37
QV2M,2016,1.0,34.375,12.15,10.78,12.07,13.85,13.21,12.09,12.16,11.81,12.09,11.99,11.79,10.27,12.02
QV2M,2016,1.0,35.0,11.66,9.86,11.12,13.19,12.81,11.76,12.17,11.78,11.95,11.74,11.83,10.55,11.71
QV2M,2016,1.0,35.625,10.93,9.1,10.38,12.23,12.1,11.07,11.93,11.02,10.67,9.74,10.91,9.88,10.84
QV2M,2016,1.0,36.25,11.7,9.83,11.09,13.13,13.24,11.96,12.79,11.49,10.87,10.14,11.73,10.63,11.56
QV2M,2016,1.0,36.875,11.55,10.07,11.65,12.56,11.61,10.84,10.93,10.08,9.65,9.75,11.95,11.19,10.99
QV2M,2016,1.0,37.5,12.38,10.71,12.33,13.31,12.26,11.17,10.43,9.97,9.86,10.26,12.97,12.02,11.47
QV2M,2016,1.0,38.125,12.69,10.96,12.76,13.81,12.46,11.17,10.3,10.12,10.26,10.8,13.61,12.54,11.79
QV2M,2016,1.0,38.75,12.85,11.11,13.12,14.48,12.87,11.66,10.74,10.73,10.74,11.38,14.13,12.93,12.23
QV2M,2016,1.0,39.375,12.63,11.2,13.33,15.07,13.55,12.23,11.23,11.3,11.12,11.84,14.49,13.32,12.61
QV2M,2016,1.0,40.0,12.53,11.57,13.65,15.4,14.15,12.86,11.59,11.57,11.33,12.22,14.75,13.83,12.95
QV2M,2016,1.0,40.625,12.57,12.02,14.07,15.71,14.69,13.24,11.83,11.78,11.55,12.61,15.13,14.31,13.29
QV2M,2016,1.0,41.25,12.86,12.48,14.48,16.11,15.04,13.53,12.18,12.16,12.0,13.02,15.4,14.52,13.65
QV2M,2016,1.0,41.875,13.29,12.88,14.91,16.49,15.78,14.12,12.64,12.54,12.38,13.41,15.38,14.51,14.03
QV2M,2016,1.5,34.375,12.0,9.43,11.25,14.77,14.21,12.92,13.2,12.88,12.88,12.77,12.19,10.02,12.38
QV2M,2016,1.5,35.0,11.34,9.28,10.89,13.65,13.67,12.31,12.88,12.44,11.95,11.54,11.79,10.19,11.83
QV2M,2016,1.5,35.625,11.15,9.14,10.86,13.16,12.89,11.53,12.26,11.38,10.35,10.02,11.49,10.16,11.21
QV2M,2016,1.5,36.25,11.38,9.43,11.18,12.96,12.52,11.53,11.94,10.87,9.95,9.78,11.72,10.6,11.16
QV2M,2016,1.5,36.875,11.34,9.83,11.66,12.69,11.72,10.81,10.42,9.83,9.58,9.95,12.2,11.28,10.94
QV2M,2016,1.5,37.5,11.9,10.18,12.27,13.33,12.14,11.03,10.32,9.98,9.99,10.46,13.0,11.96,11.38
QV2M,2016,1.5,38.125,12.08,10.33,12.8,14.02,12.44,11.2,10.43,10.22,10.32,10.96,13.78,12.55,11.76
QV2M,2016,1.5,38.75,12.02,10.48,13.12,14.76,12.95,11.65,10.76,10.73,10.69,11.41,14.38,13.05,12.17
QV2M,2016,1.5,39.375,11.95,10.64,13.46,15.04,13.54,12.21,11.13,11.13,10.94,11.75,14.43,13.49,12.48
QV2M,2016,1.5,40.0,11.84,10.9,13.68,15.3,13.98,12.64,11.39,11.34,11.11,12.09,14.69,13.77,12.73
QV2M,2016,1.5,40.625,11.79,11.26,14.08,15.57,14.6,13.05,11.66,11.58,11.37,12.42,15.06,14.37,13.07
QV2M,2016,1.5,41.25,12.05,11.58,14.09,15.75,14.92,13.41,12.06,11.97,11.78,12.78,15.07,14.12,13.3
QV2M,2016,1.5,41.875,12.32,12.01,14.4,16.3,15.8,13.94,12.41,12.31,12.12,13.13,15.23,14.18,13.68
QV2M,2016,2.0,34.375,11.19,8.65,11.15,14.81,14.6,13.15,13.5,13.18,12.82,12.45,12.01,9.78,12.28
QV2M,2016,2.0,35.0,10.82,8.68,10.93,13.65,13.73,12.17,12.67,12.15,11.1,10.78,11.53,9.98,11.52
QV2M,2016,2.0,35.625,10.69,8.86,11.15,13.2,12.64,11.35,11.66,11.03,9.59,9.96,11.46,10.25,10.99
QV2M,2016,2.0,36.25,11.04,9.28,11.47,13.05,12.3,11.32,11.2,10.49,9.61,9.92,11.81,10.7,11.02
QV2M,2016,2.0,36.875,11.21,9.58,11.9,12.99,11.79,10.89,10.35,9.95,9.79,10.24,12.35,11.3,11.03
QV2M,2016,2.0,37.5,11.62,9.88,12.52,13.71,12.28,11.16,10.4,10.06,10.11,10.72,13.19,12.02,11.47
QV2M,2016,2.0,38.125,11.64,9.96,12.86,14.37,12.6,11.32,10.53,10.3,10.35,11.11,13.85,12.63,11.8
QV2M,2016,2.0,38.75,11.46,10.04,13.07,14.77,13.02,11.68,10.74,10.66,10.58,11.42,14.08,12.8,12.03
QV2M,2016,2.0,39.375,11.22,9.99,13.37,15.01,13.6,12.19,11.0,10.94,10.73,11.69,14.26,13.38,12.29
QV2M,2016,2.0,40.0,11.11,10.19,13.56,15.26,14.0,12.54,11.23,11.13,10.9,11.97,14.51,13.63,12.51
QV2M,2016,2.0,40.625,10.81,10.53,13.91,15.64,14.92,12.9,11.49,11.39,11.17,12.23,15.07,14.41,12.88
QV2M,2016,2.0,41.25,11.27,10.78,14.08,15.79,15.1,13.3,11.88,11.75,11.51,12.53,15.07,14.3,13.12
QV2M,2016,2.0,41.875,11.51,11.08,13.98,16.32,15.91,13.7,12.17,12.07,11.84,12.83,15.13,13.76,13.36
QV2M,2016,2.5,34.375,10.34,8.37,11.04,13.87,14.25,12.42,12.98,12.64,11.64,11.49,11.5,9.81,11.71
QV2M,2016,2.5,35.0,10.54,8.65,11.36,13.71,13.85,12.19,12.43,12.0,10.79,10.69,11.56,10.11,11.5
QV2M,2016,2.5,35.625,10.45,8.88,11.62,13.48,12.72,11.61,11.3,10.97,9.84,10.24,11.7,10.47,11.11
QV2M,2016,2.5,36.25,11.59,10.2,12.75,14.04,12.87,12.02,11.47,11.11,10.74,11.2,12.71,11.59,11.86
QV2M,2016,2.5,36.875,11.25,9.71,12.44,13.64,12.17,11.32,10.66,10.3,10.22,10.81,12.71,11.48,11.4
QV2M,2016,2.5,37.5,11.0,9.39,12.46,13.91,12.26,11.2,10.42,10.08,10.11,10.87,13.07,11.68,11.37
QV2M,2016,2.5,38.125,11.08,9.36,12.65,14.34,12.6,11.34,10.5,10.28,10.28,11.17,13.39,11.89,11.58
QV2M,2016,2.5,38.75,10.83,9.33,12.79,14.71,13.02,11.64,10.66,10.53,10.42,11.4,13.66,12.0,11.75
QV2M,2016,2.5,39.375,10.68,9.32,12.96,14.97,13.57,12.07,10.84,10.73,10.52,11.62,13.82,12.28,11.95
QV2M,2016,2.5,40.0,10.57,9.52,13.16,15.15,13.93,12.36,11.03,10.9,10.67,11.82,14.02,12.59,12.15
QV2M,2016,2.5,40.625,10.51,9.84,13.48,15.5,14.72,12.74,11.33,11.19,10.94,12.07,14.37,13.05,12.48
QV2M,2016,2.5,41.25,10.93,10.09,13.42,15.65,14.88,13.13,11.75,11.56,11.29,12.35,14.34,12.67,12.68
QV2M,2016,2.5,41.875,11.31,10.32,13.45,16.0,15.52,13.53,12.02,11.87,11.58,12.62,14.35,12.45,12.92
QV2M,2016,3.0,34.375,10.46,8.31,11.29,13.83,14.15,12.59,12.88,12.5,11.76,11.95,11.84,9.8,11.79
QV2M,2016,3.0,35.0,10.74,8.67,11.74,14.05,13.74,12.2,12.22,11.81,10.51,10.96,11.83,10.19,11.56
QV2M,2016,3.0,35.625,10.5,9.06,12.25,14.08,12.76,11.84,11.25,10.88,10.38,10.93,12.28,10.82,11.42
QV2M,2016,3.0,36.25,12.39,11.22,14.08,15.21,13.66,12.75,11.97,11.72,11.64,12.41,13.68,12.55,12.78
QV2M,2016,3.0,36.875,10.66,9.21,12.36,13.96,12.17,11.38,10.6,10.17,10.13,10.87,12.58,11.11,11.27
QV2M,2016,3.0,37.5,10.38,8.88,12.32,14.11,12.26,11.26,10.45,10.1,10.09,10.98,12.81,11.1,11.23
QV2M,2016,3.0,38.125,10.27,8.66,12.37,14.37,12.56,11.31,10.46,10.21,10.14,11.16,12.97,10.9,11.29
QV2M,2016,3.0,38.75,10.0,8.56,12.41,14.72,12.99,11.55,10.55,10.36,10.21,11.35,13.18,10.82,11.4
QV2M,2016,3.0,39.375,10.07,8.64,12.49,14.87,13.41,11.87,10.66,10.51,10.3,11.54,13.19,10.88,11.54
QV2M,2016,3.0,40.0,10.14,8.88,12.69,15.1,13.8,12.15,10.82,10.68,10.44,11.71,13.39,11.31,11.76
QV2M,2016,3.0,40.625,10.25,9.24,12.88,15.34,14.34,12.49,11.15,10.97,10.71,11.95,13.54,11.51,12.04
QV2M,2016,3.0,41.25,10.51,9.51,12.89,15.45,14.56,12.85,11.51,11.3,10.99,12.16,13.62,11.47,12.24
QV2M,2016,3.0,41.875,11.09,9.73,12.91,15.63,14.98,13.16,11.75,11.53,11.2,12.37,13.61,11.49,12.46
QV2M,2016,3.5,34.375,10.78,8.68,11.82,14.11,14.15,12.49,12.97,12.52,11.47,11.95,12.01,9.95,11.92
QV2M,2016,3.5,35.0,11.44,9.04,12.48,14.92,13.88,12.47,12.33,11.82,10.68,11.48,12.25,10.33,11.94
QV2M,2016,3.5,35.625,10.84,9.44,13.17,15.01,13.26,12.17,11.37,10.97,10.62,11.51,12.77,11.23,11.87
QV2M,2016,3.5,36.25,12.22,11.12,14.36,15.62,13.72,12.91,12.05,11.69,11.73,12.63,13.71,12.42,12.85
QV2M,2016,3.5,36.875,10.22,8.57,12.22,14.38,12.33,11.33,10.48,10.06,9.99,10.86,12.38,10.67,11.13
QV2M,2016,3.5,37.5,9.96,8.25,12.13,14.35,12.39,11.36,10.41,10.03,9.97,10.98,12.29,10.14,11.03
QV2M,2016,3.5,38.125,9.9,8.01,12.05,14.48,12.75,11.43,10.44,10.13,10.01,11.17,12.45,9.92,11.07
QV2M,2016,3.5,38.75,9.61,7.9,11.88,14.65,13.07,11.64,10.54,10.24,10.05,11.33,12.38,9.61,11.08
QV2M,2016,3.5,39.375,9.68,8.05,12.05,14.82,13.35,11.79,10.57,10.33,10.1,11.49,12.5,9.89,11.22
QV2M,2016,3.5,40.0,9.81,8.31,12.33,15.17,13.75,11.96,10.64,10.45,10.21,11.64,12.83,10.36,11.46
QV2M,2016,3.5,40.625,9.91,8.68,12.57,15.52,14.23,12.2,10.9,10.7,10.43,11.85,13.09,10.8,11.75
QV2M,2016,3.5,41.25,10.4,9.11,12.69,15.51,14.39,12.57,11.29,11.05,10.71,12.05,13.14,10.72,11.97
QV2M,2016,3.5,41.875,10.87,9.35,12.58,15.68,14.84,12.89,11.51,11.25,10.9,12.23,13.1,10.67,12.16
QV2M,2016,4.0,34.375,11.82,8.96,12.56,15.41,14.58,13.12,13.53,12.95,11.69,12.87,12.5,9.89,12.5
QV2M,2016,4.0,35.0,12.0,9.12,13.51,16.18,14.68,13.04,12.73,11.94,10.69,12.18,12.64,10.36,12.43
QV2M,2016,4.0,35.625,11.35,9.64,13.88,15.84,14.14,12.67,11.76,11.17,10.74,12.0,12.89,11.12,12.27
QV2M,2016,4.0,36.25,12.34,11.19,14.82,16.21,14.37,13.35,12.38,11.91,12.0,13.11,13.7,12.21,13.14
QV2M,2016,4.0,36.875,10.13,8.12,12.27,14.86,12.85,11.68,10.67,10.02,9.87,11.01,11.85,9.79,11.1
QV2M,2016,4.0,37.5,9.84,7.78,11.79,14.71,12.85,11.56,10.49,9.98,9.83,10.99,11.58,9.21,10.89
QV2M,2016,4.0,38.125,9.8,7.62,11.33,14.46,12.95,11.56,10.51,10.11,9.88,11.11,11.53,8.92,10.82
QV2M,2016,4.0,38.75,9.45,7.53,11.36,14.46,13.05,11.61,10.36,10.04,9.82,11.19,11.59,9.14,10.81
QV2M,2016,4.0,39.375,9.35,7.65,11.62,14.92,13.42,11.63,10.33,10.05,9.86,11.43,12.03,9.36,10.98
QV2M,2016,4.0,40.0,9.46,7.86,11.88,15.17,13.8,11.89,10.48,10.25,10.01,11.63,12.23,9.47,11.18
QV2M,2016,4.0,40.625,9.83,8.24,12.32,15.5,14.15,11.98,10.67,10.42,10.16,11.81,12.62,10.12,11.49
QV2M,2016,4.0,41.25,10.4,8.65,12.5,15.68,14.39,12.34,11.0,10.7,10.4,12.05,12.76,10.27,11.77
QV2M,2016,4.0,41.875,10.9,8.94,12.37,16.05,15.05,12.75,11.33,10.97,10.64,12.21,12.8,10.19,12.02
QV2M,2016,4.5,34.375,11.13,8.52,13.28,16.77,15.29,13.42,13.66,12.87,11.24,13.35,12.71,9.67,12.67
QV2M,2016,4.5,35.0,12.37,9.23,14.36,17.14,15.54,13.59,13.06,12.06,10.72,12.71,12.73,10.15,12.82
QV2M,2016,4.5,35.625,12.01,9.65,14.25,16.89,15.19,13.13,12.18,11.25,10.57,12.31,12.55,10.5,12.55
QV2M,2016,4.5,36.25,11.73,9.56,14.14,16.5,14.89,13.09,12.07,11.07,10.77,12.5,12.38,10.3,12.42
QV2M,2016,4.5,36.875,10.82,8.69,13.08,15.56,14.03,12.57,11.54,10.67,10.37,12.0,11.74,9.61,11.73
QV2M,2016,4.5,37.5,9.86,7.52,11.83,15.1,13.6,11.98,10.74,9.98,9.75,11.45,10.88,8.55,10.94
QV2M,2016,4.5,38.125,9.75,7.32,11.19,14.26,13.08,11.57,10.47,9.89,9.66,11.15,10.79,8.41,10.64
QV2M,2016,4.5,38.75,9.68,7.37,11.34,14.61,13.35,11.66,10.37,9.9,9.7,11.34,11.17,8.7,10.77
QV2M,2016,4.5,39.375,9.4,7.33,11.26,14.89,13.68,11.74,10.36,9.96,9.73,11.62,11.45,8.88,10.87
QV2M,2016,4.5,40.0,9.35,7.52,11.31,14.73,13.71,11.78,10.4,10.04,9.81,11.65,11.45,8.81,10.89
QV2M,2016,4.5,40.625,9.65,7.81,11.83,15.18,13.99,11.91,10.51,10.2,9.95,11.95,11.9,9.33,11.19
QV2M,2016,4.5,41.25,10.18,8.2,12.19,15.44,14.33,12.19,10.89,10.47,10.17,12.11,12.24,9.62,11.51
QV2M,2016,4.5,41.875,10.65,8.55,12.05,16.28,15.2,12.61,11.13,10.72,10.43,12.24,12.41,9.55,11.82
QV2M,2017,-0.5,34.375,9.83,11.95,14.12,14.3,14.33,13.7,12.8,12.6,13.0,13.36,13.88,13.09,13.08
QV2M,2017,-0.5,35.0,9.3,10.82,12.06,12.87,13.13,12.78,12.21,12.1,12.51,12.76,13.15,12.38,12.18
QV2M,2017,-0.5,35.625,8.12,9.16,9.15,10.75,11.02,10.47,10.68,10.44,10.89,10.96,11.29,10.32,10.27
QV2M,2017,-0.5,36.25,8.55,9.62,9.47,11.08,11.17,10.58,10.86,10.45,10.86,11.07,11.43,10.34,10.46
QV2M,2017,-0.5,36.875,9.07,10.36,10.15,11.66,11.65,10.93,10.85,10.53,10.7,11.35,11.96,10.61,10.82
QV2M,2017,-0.5,37.5,9.83,11.36,11.13,12.59,12.79,11.58,11.2,10.94,11.03,12.09,13.3,11.3,11.59
QV2M,2017,-0.5,38.125,10.2,12.05,11.93,13.14,13.21,11.67,10.78,10.72,10.75,12.07,14.25,11.53,11.85
QV2M,2017,-0.5,38.75,10.92,12.6,12.67,14.1,14.35,12.54,11.25,11.51,11.56,12.75,15.02,11.86,12.59
QV2M,2017,-0.5,39.375,11.58,12.97,13.07,14.88,15.7,13.78,12.03,12.5,12.45,13.29,15.37,12.09,13.3
QV2M,2017,-0.5,40.0,12.22,13.44,13.5,15.33,16.39,14.58,12.78,13.04,12.91,13.78,15.59,12.57,13.84
QV2M,2017,-0.5,40.625,12.81,13.93,14.05,15.7,17.14,15.57,13.56,13.56,13.27,14.1,15.53,12.98,14.35
QV2M,2017,-0.5,41.25,13.44,14.49,14.65,16.19,17.5,16.02,13.89,13.89,13.61,14.57,15.85,13.58,14.8
QV2M,2017,-0.5,41.875,14.4,15.35,15.56,16.88,17.83,16.64,14.79,14.75,14.51,15.42,16.27,14.55,15.58
QV2M,2017,-1.0,34.375,9.6,11.72,14.15,14.18,13.96,13.25,12.0,11.82,12.47,12.8,13.95,13.64,12.8
QV2M,2017,-1.0,35.0,8.9,10.32,11.62,12.15,12.33,11.88,11.31,11.07,11.72,11.8,12.65,12.08,11.49
QV2M,2017,-1.0,35.625,7.96,9.07,9.14,10.83,11.28,10.68,10.78,10.4,11.0,10.99,11.61,10.43,10.35
QV2M,2017,-1.0,36.25,8.5,9.69,9.49,10.96,11.33,10.54,10.5,10.17,10.56,10.84,11.61,10.08,10.36
QV2M,2017,-1.0,36.875,9.29,10.6,10.38,11.58,11.72,10.7,10.31,9.96,10.16,10.84,12.32,10.67,10.71
QV2M,2017,-1.0,37.5,10.24,11.65,11.55,12.63,12.75,11.49,10.88,10.6,10.75,11.68,13.44,11.46,11.59
QV2M,2017,-1.0,38.125,10.22,12.08,12.16,13.21,13.28,11.73,10.78,10.76,10.8,12.02,14.04,11.5,11.87
QV2M,2017,-1.0,38.75,11.21,12.83,13.05,14.4,14.72,12.7,11.38,11.69,11.75,12.93,15.25,12.19,12.83
QV2M,2017,-1.0,39.375,11.95,13.16,13.46,15.29,16.06,13.95,12.14,12.67,12.68,13.47,15.58,12.35,13.56
QV2M,2017,-1.0,40.0,12.66,13.72,13.89,15.8,16.7,14.76,12.91,13.25,13.18,14.01,15.89,12.91,14.14
QV2M,2017,-1.0,40.625,13.34,14.25,14.45,16.12,17.4,15.88,13.85,13.88,13.61,14.41,15.77,13.55,14.71
QV2M,2017,-1.0,41.25,14.09,14.91,15.16,16.53,17.7,16.34,14.3,14.28,13.97,14.89,16.09,14.31,15.21
QV2M,2017,-1.0,41.875,15.8,16.57,16.92,17.92,18.32,17.2,15.47,15.48,15.36,16.39,17.3,16.07,16.56
QV2M,2017,-1.5,34.375,9.81,11.85,14.29,13.67,13.0,12.02,10.59,10.44,12.01,11.94,13.26,13.31,12.18
QV2M,2017,-1.5,35.0,8.91,10.97,12.36,12.17,12.19,11.37,10.62,10.27,11.21,11.16,12.34,11.76,11.27
QV2M,2017,-1.5,35.625,8.54,10.14,10.37,11.43,11.92,10.95,10.36,10.3,10.51,10.77,11.81,10.6,10.64
QV2M,2017,-1.5,36.25,8.69,10.12,10.22,11.57,12.31,11.17,10.58,10.31,10.47,10.92,12.21,10.4,10.75
QV2M,2017,-1.5,36.875,9.06,10.43,10.46,11.58,11.91,10.64,9.97,9.89,9.97,10.63,12.35,10.65,10.62
QV2M,2017,-1.5,37.5,9.98,11.29,11.48,12.47,12.67,11.4,10.48,10.33,10.43,11.34,13.25,11.59,11.39
QV2M,2017,-1.5,38.125,11.0,12.46,12.78,13.45,13.54,12.02,10.96,10.94,11.02,12.12,14.25,12.49,12.25
QV2M,2017,-1.5,38.75,11.6,13.01,13.48,14.53,14.89,12.86,11.51,11.86,11.91,12.91,15.47,12.89,13.07
QV2M,2017,-1.5,39.375,12.36,13.43,13.96,15.51,16.03,14.0,12.28,12.82,12.86,13.66,16.08,13.07,13.83
QV2M,2017,-1.5,40.0,13.07,13.96,14.34,16.33,17.09,15.18,13.1,13.53,13.47,14.22,16.19,13.48,14.49
QV2M,2017,-1.5,40.625,13.78,14.57,14.83,16.62,17.7,16.25,14.26,14.3,14.05,14.78,16.01,14.11,15.1
QV2M,2017,-1.5,41.25,14.67,15.42,15.62,17.03,18.03,16.72,14.78,14.7,14.43,15.29,16.42,14.99,15.67
QV2M,2017,-1.5,41.875,17.02,17.7,18.14,18.94,18.77,17.69,16.14,16.2,16.16,17.28,18.17,17.36,17.46
QV2M,2017,-1.7975103014118005e-13,34.375,10.3,12.6,14.02,14.37,14.71,14.09,13.37,13.45,13.82,14.06,14.09,12.9,13.48
QV2M,2017,-1.7975103014118005e-13,35.0,9.97,11.52,12.35,13.08,13.63,13.21,12.71,12.86,13.26,13.47,13.38,12.15,12.64
QV2M,2017,-1.7975103014118005e-13,35.625,8.84,9.96,10.08,11.31,11.81,11.41,11.48,11.29,11.59,11.77,11.78,10.75,11.01
QV2M,2017,-1.7975103014118005e-13,36.25,8.44,9.68,9.56,11.16,11.95,11.27,11.85,11.46,11.83,11.85,12.0,10.61,10.98
QV2M,2017,-1.7975103014118005e-13,36.875,9.06,10.1,9.87,11.19,11.66,10.82,11.22,10.81,10.93,11.42,11.89,10.49,10.79
QV2M,2017,-1.7975103014118005e-13,37.5,9.46,10.83,10.75,11.85,12.14,11.04,10.74,10.51,10.65,11.56,12.52,11.06,11.09
QV2M,2017,-1.7975103014118005e-13,38.125,10.34,12.04,11.95,13.11,13.18,11.64,10.76,10.68,10.72,12.05,14.33,11.64,11.86
QV2M,2017,-1.7975103014118005e-13,38.75,10.83,12.47,12.48,13.93,14.25,12.52,11.2,11.43,11.48,12.6,14.9,11.87,12.49
QV2M,2017,-1.7975103014118005e-13,39.375,11.31,12.83,12.8,14.51,15.41,13.6,11.93,12.32,12.24,13.11,15.34,12.22,13.13
QV2M,2017,-1.7975103014118005e-13,40.0,11.88,13.26,13.24,14.88,16.04,14.37,12.67,12.83,12.65,13.52,15.39,12.62,13.61
QV2M,2017,-1.7975103014118005e-13,40.625,12.39,13.73,13.71,15.37,16.83,15.26,13.28,13.26,12.95,13.86,15.48,12.7,14.06
QV2M,2017,-1.7975103014118005e-13,41.25,12.89,14.18,14.21,15.89,17.23,15.65,13.52,13.57,13.32,14.35,15.83,13.05,14.47
QV2M,2017,-1.7975103014118005e-13,41.875,13.5,14.63,14.75,16.28,17.47,16.16,14.26,14.24,13.93,14.86,16.03,13.66,14.98
QV2M,2017,-2.0,34.375,9.72,11.97,14.31,13.29,12.37,10.75,9.59,9.83,11.17,11.61,13.04,13.25,11.74
QV2M,2017,-2.0,35.0,9.06,11.36,12.78,12.21,12.07,10.78,9.67,9.84,10.41,10.96,12.34,11.77,11.1
QV2M,2017,-2.0,35.625,8.87,10.59,11.07,11.68,12.14,11.0,9.89,10.03,10.07,10.74,12.14,11.1,10.77
QV2M,2017,-2.0,36.25,9.3,10.83,11.27,12.24,13.05,11.46,10.34,10.32,10.3,11.12,12.86,11.25,11.19
QV2M,2017,-2.0,36.875,9.04,10.45,10.83,12.0,12.46,11.06,9.87,9.99,10.0,10.75,12.58,11.15,10.85
QV2M,2017,-2.0,37.5,10.15,11.41,11.89,12.78,12.98,11.52,10.38,10.35,10.4,11.33,13.47,12.11,11.56
QV2M,2017,-2.0,38.125,11.3,12.48,13.11,13.63,13.66,12.05,10.92,10.99,11.05,12.08,14.44,13.06,12.39
QV2M,2017,-2.0,38.75,12.17,13.29,13.96,14.84,15.12,13.06,11.67,12.04,12.11,13.05,15.72,13.73,13.39
QV2M,2017,-2.0,39.375,12.91,13.88,14.58,15.81,16.27,14.3,12.49,13.03,13.05,13.86,16.25,13.93,14.19
QV2M,2017,-2.0,40.0,13.62,14.49,15.09,16.64,17.26,15.28,13.26,13.74,13.73,14.55,16.41,14.25,14.86
QV2M,2017,-2.0,40.625,14.65,15.38,15.81,17.31,18.08,16.66,14.71,14.77,14.58,15.41,16.6,15.06,15.75
QV2M,2017,-2.0,41.25,16.46,17.08,17.55,18.43,18.59,17.34,15.73,15.74,15.66,16.67,17.64,16.78,16.97
QV2M,2017,-2.0,41.875,17.66,18.22,18.81,19.45,18.95,17.89,16.48,16.59,16.59,17.65,18.66,17.99,17.91
QV2M,2017,-2.5,34.375,9.76,12.0,13.74,12.64,11.93,10.32,8.78,9.43,9.92,11.18,12.99,13.22,11.32
QV2M,2017,-2.5,35.0,9.24,11.41,12.67,11.99,11.87,10.43,9.24,9.52,9.57,10.71,12.47,12.3,10.95
QV2M,2017,-2.5,35.625,9.39,11.2,11.82,12.06,12.48,11.04,9.61,9.77,9.79,10.59,12.91,12.38,11.08
QV2M,2017,-2.5,36.25,9.65,11.23,11.83,12.44,13.04,11.36,10.17,10.27,10.08,10.94,13.32,12.36,11.39
QV2M,2017,-2.5,36.875,9.83,11.1,11.47,12.48,13.12,11.5,9.89,10.12,9.93,10.81,13.29,12.53,11.34
QV2M,2017,-2.5,37.5,10.99,11.99,12.44,12.9,13.38,11.73,10.33,10.52,10.34,11.25,13.92,13.29,11.92
QV2M,2017,-2.5,38.125,11.76,12.69,13.32,13.78,13.85,12.14,10.9,11.01,11.03,12.04,14.72,13.88,12.59
QV2M,2017,-2.5,38.75,12.76,13.67,14.37,15.08,15.26,13.21,11.8,12.16,12.2,13.16,15.9,14.59,13.68
QV2M,2017,-2.5,39.375,13.59,14.45,15.14,16.07,16.48,14.58,12.77,13.26,13.26,14.1,16.42,14.97,14.59
QV2M,2017,-2.5,40.0,14.59,15.43,16.08,16.99,17.47,15.56,13.61,14.1,14.15,15.05,16.84,15.44,15.44
QV2M,2017,-2.5,40.625,16.41,17.01,17.66,18.46,18.54,17.19,15.49,15.61,15.6,16.51,17.72,16.83,16.91
QV2M,2017,-2.5,41.25,17.89,18.26,19.08,19.53,18.93,17.75,16.41,16.51,16.59,17.54,18.67,18.15,17.94
QV2M,2017,-2.5,41.875,17.72,18.19,18.82,19.38,18.96,17.87,16.46,16.57,16.55,17.59,18.6,18.03,17.89
QV2M,2017,-3.0,34.375,9.88,11.8,13.41,12.22,11.74,10.06,8.65,9.33,9.24,10.81,13.02,13.24,11.11
QV2M,2017,-3.0,35.0,9.74,11.74,12.94,12.14,12.08,10.52,9.2,9.61,9.41,10.7,12.73,12.87,11.13
QV2M,2017,-3.0,35.625,10.18,11.51,12.56,12.06,11.98,10.87,9.94,10.08,10.01,10.73,12.47,12.4,11.23
QV2M,2017,-3.0,36.25,10.47,11.6,12.87,12.63,12.82,11.21,9.96,10.15,10.08,10.84,13.49,13.4,11.62
QV2M,2017,-3.0,36.875,12.05,12.61,13.29,13.19,13.36,11.97,10.93,11.24,11.21,12.03,13.95,13.64,12.45
QV2M,2017,-3.0,37.5,10.94,11.56,12.16,12.14,12.41,11.22,10.18,10.29,10.16,10.89,12.86,12.72,11.46
QV2M,2017,-3.0,38.125,12.0,12.81,13.52,13.75,13.93,12.24,11.06,11.24,11.19,12.15,14.53,13.99,12.7
QV2M,2017,-3.0,38.75,13.11,13.92,14.63,15.24,15.42,13.35,11.95,12.32,12.32,13.32,15.93,15.04,13.88
QV2M,2017,-3.0,39.375,14.09,14.86,15.54,16.37,16.8,14.93,13.09,13.54,13.52,14.43,16.56,15.56,14.94
QV2M,2017,-3.0,40.0,15.66,16.3,17.0,17.62,17.82,15.98,14.14,14.61,14.68,15.64,17.29,16.46,16.1
QV2M,2017,-3.0,40.625,17.93,18.25,19.09,19.42,18.83,17.6,16.24,16.34,16.43,17.36,18.57,18.18,17.85
QV2M,2017,-3.0,41.25,18.04,18.25,19.04,19.42,18.93,17.74,16.4,16.46,16.53,17.45,18.57,18.27,17.92
QV2M,2017,-3.0,41.875,17.89,18.21,18.88,19.4,18.96,17.84,16.42,16.53,16.52,17.54,18.52,18.15,17.9
QV2M,2017,-3.5,34.375,10.5,12.4,14.3,12.72,12.03,10.01,8.67,9.4,9.18,10.86,13.26,13.93,11.43
QV2M,2017,-3.5,35.0,10.49,12.37,13.7,12.76,12.48,10.79,9.64,10.1,9.86,11.0,13.13,13.29,11.63
QV2M,2017,-3.5,35.625,10.11,11.81,13.08,12.51,12.45,10.84,9.82,10.15,9.8,10.57,12.84,12.84,11.4
QV2M,2017,-3.5,36.25,10.63,11.97,13.41,12.71,12.73,11.08,9.84,10.17,9.98,10.79,13.27,13.27,11.65
QV2M,2017,-3.5,36.875,11.5,12.47,13.76,13.28,13.56,11.92,10.71,10.85,10.63,11.34,13.75,13.87,12.3
QV2M,2017,-3.5,37.5,10.92,11.99,13.19,13.58,13.96,12.12,10.96,11.04,10.77,11.76,13.86,13.25,12.28
QV2M,2017,-3.5,38.125,11.97,12.75,13.6,13.95,14.1,12.33,11.11,11.38,11.35,12.37,14.2,13.85,12.74
QV2M,2017,-3.5,38.75,13.29,13.99,14.83,15.34,15.43,13.67,12.31,12.67,12.63,13.6,15.49,14.96,14.01
QV2M,2017,-3.5,39.375,14.38,15.13,15.89,16.69,16.99,15.23,13.41,13.8,13.72,14.7,16.65,15.87,15.2
QV2M,2017,-3.5,40.0,16.85,17.36,18.11,18.57,18.32,16.69,15.06,15.45,15.53,16.53,17.98,17.45,16.99
QV2M,2017,-3.5,40.625,18.25,18.48,19.24,19.49,18.83,17.64,16.3,16.37,16.44,17.37,18.57,18.41,17.94
QV2M,2017,-3.5,41.25,18.23,18.44,19.14,19.49,18.92,17.72,16.37,16.43,16.48,17.42,18.55,18.45,17.97
QV2M,2017,-3.5,41.875,18.08,18.32,18.96,19.44,18.96,17.79,16.37,16.49,16.48,17.5,18.46,18.3,17.92
QV2M,2017,-4.0,34.375,11.3,12.97,14.67,12.78,11.96,9.83,8.6,9.34,9.0,10.9,13.33,14.6,11.6
QV2M,2017,-4.0,35.0,10.62,12.39,13.69,12.42,11.97,10.14,9.0,9.65,9.31,10.41,12.62,13.08,11.27
QV2M,2017,-4.0,35.625,10.34,12.03,13.22,12.43,12.1,10.54,9.45,9.9,9.58,10.43,12.48,12.54,11.25
QV2M,2017,-4.0,36.25,10.61,12.17,13.62,12.76,12.59,10.9,9.79,10.16,9.92,10.77,12.84,12.63,11.56
QV2M,2017,-4.0,36.875,11.03,12.27,13.74,13.04,12.99,11.34,10.32,10.59,10.36,11.26,13.12,12.81,11.9
QV2M,2017,-4.0,37.5,11.71,12.81,14.03,13.86,13.96,12.13,11.04,11.24,10.98,12.0,13.84,13.53,12.59
QV2M,2017,-4.0,38.125,12.4,13.25,14.29,14.55,14.61,12.65,11.4,11.74,11.6,12.79,14.47,14.13,13.15
QV2M,2017,-4.0,38.75,13.51,14.29,15.24,15.95,15.87,14.02,12.62,13.06,13.01,14.02,15.68,15.04,14.36
QV2M,2017,-4.0,39.375,14.93,15.59,16.4,17.25,17.45,15.63,13.74,14.13,14.01,15.03,16.82,16.02,15.58
QV2M,2017,-4.0,40.0,18.02,18.33,19.02,19.21,18.63,17.27,15.86,16.07,16.16,17.08,18.39,18.21,17.68
QV2M,2017,-4.0,40.625,18.44,18.71,19.32,19.53,18.82,17.62,16.27,16.35,16.4,17.32,18.55,18.52,17.98
QV2M,2017,-4.0,41.25,18.36,18.66,19.26,19.55,18.9,17.68,16.32,16.39,16.42,17.39,18.55,18.53,17.99
QV2M,2017,-4.0,41.875,18.2,18.49,19.03,19.49,18.94,17.74,16.3,16.44,16.43,17.46,18.47,18.39,17.94
QV2M,2017,-4.5,34.375,11.3,12.59,14.16,12.47,11.52,9.69,8.62,9.2,8.72,10.3,12.85,14.31,11.3
QV2M,2017,-4.5,35.0,10.51,12.25,13.6,12.33,11.75,9.89,8.81,9.45,8.99,9.97,12.09,12.61,11.01
QV2M,2017,-4.5,35.625,10.42,12.05,13.21,12.32,11.87,10.19,9.04,9.67,9.39,10.3,12.14,12.02,11.04
QV2M,2017,-4.5,36.25,11.09,12.59,14.08,13.06,12.73,10.92,9.8,10.3,10.03,11.0,12.78,12.5,11.73
QV2M,2017,-4.5,36.875,11.47,12.52,14.03,13.41,13.15,11.49,10.42,10.8,10.56,11.53,13.08,12.84,12.1
QV2M,2017,-4.5,37.5,12.19,13.13,14.55,14.26,14.08,12.36,11.28,11.57,11.37,12.35,13.88,13.63,12.88
QV2M,2017,-4.5,38.125,12.97,13.68,14.64,14.69,14.57,13.04,11.9,12.13,11.92,12.99,14.42,14.39,13.44
QV2M,2017,-4.5,38.75,14.22,14.97,15.87,16.29,16.14,14.45,13.15,13.41,13.34,14.43,15.93,15.58,14.81
QV2M,2017,-4.5,39.375,16.39,16.9,17.57,18.16,18.05,16.31,14.74,14.98,14.94,15.96,17.45,16.96,16.53
QV2M,2017,-4.5,40.0,18.54,18.76,19.32,19.35,18.7,17.38,16.0,16.16,16.25,17.18,18.49,18.55,17.88
QV2M,2017,-4.5,40.625,18.55,18.83,19.35,19.55,18.8,17.56,16.22,16.32,16.36,17.31,18.53,18.61,17.99
QV2M,2017,-4.5,41.25,18.44,18.76,19.26,19.56,18.87,17.62,16.26,16.35,16.37,17.38,18.52,18.55,17.99
QV2M,2017,-4.5,41.875,18.28,18.63,19.08,19.5,18.92,17.7,16.25,16.38,16.38,17.43,18.43,18.47,17.95
QV2M,2017,0.5,34.375,9.22,11.79,13.0,13.62,14.99,14.26,13.7,13.99,14.3,14.41,13.96,12.41,13.31
QV2M,2017,0.5,35.0,9.59,10.98,11.38,12.2,13.32,12.82,12.71,12.77,13.09,13.25,12.9,11.44,12.21
QV2M,2017,0.5,35.625,8.65,10.38,10.45,11.76,13.02,12.53,12.78,12.58,12.86,12.87,12.72,11.07,11.81
QV2M,2017,0.5,36.25,8.42,10.11,9.88,11.3,12.63,11.69,12.62,12.37,12.45,12.09,12.48,10.32,11.37
QV2M,2017,0.5,36.875,8.74,10.38,10.05,11.21,11.94,10.65,11.4,11.01,10.78,11.3,12.34,10.28,10.84
QV2M,2017,0.5,37.5,9.42,11.03,10.87,12.11,12.54,11.14,10.9,10.67,10.69,11.6,13.14,10.87,11.24
QV2M,2017,0.5,38.125,10.14,11.77,11.76,12.93,13.08,11.64,10.74,10.64,10.67,11.81,13.92,11.14,11.68
QV2M,2017,0.5,38.75,10.63,12.3,12.27,13.68,14.14,12.51,11.13,11.35,11.39,12.44,14.6,11.68,12.34
QV2M,2017,0.5,39.375,10.98,12.7,12.62,14.22,15.25,13.47,11.82,12.15,12.04,12.99,15.33,12.12,12.97
QV2M,2017,0.5,40.0,11.56,13.11,13.01,14.6,15.84,14.19,12.48,12.6,12.41,13.37,15.51,12.35,13.41
QV2M,2017,0.5,40.625,12.08,13.54,13.41,15.08,16.37,14.86,12.96,12.96,12.67,13.66,15.52,12.48,13.79
QV2M,2017,0.5,41.25,12.46,13.94,13.84,15.57,16.65,15.19,13.24,13.33,13.09,14.14,15.63,12.7,14.14
QV2M,2017,0.5,41.875,12.9,14.26,14.29,15.89,16.94,15.66,13.83,13.85,13.57,14.6,16.06,13.19,14.58
QV2M,2017,1.0,34.375,8.08,10.43,11.27,12.03,13.23,12.74,12.33,12.45,12.58,12.67,12.13,10.56,11.71
QV2M,2017,1.0,35.0,8.4,10.16,10.47,11.42,12.64,12.07,12.24,12.24,12.45,12.5,12.13,10.49,11.44
QV2M,2017,1.0,35.625,7.66,9.55,9.41,10.72,12.06,11.12,12.1,11.73,11.78,11.47,11.48,9.25,10.7
QV2M,2017,1.0,36.25,8.15,10.27,9.98,11.37,12.81,11.64,12.62,12.62,12.5,11.91,12.58,9.87,11.36
QV2M,2017,1.0,36.875,8.7,10.68,10.39,11.46,11.91,10.61,11.13,10.73,10.46,11.06,12.16,9.81,10.75
QV2M,2017,1.0,37.5,9.41,11.26,11.03,12.29,12.66,11.25,10.81,10.57,10.44,11.52,13.19,10.38,11.23
QV2M,2017,1.0,38.125,9.76,11.74,11.66,12.86,13.05,11.67,10.75,10.66,10.63,11.89,13.71,10.71,11.58
QV2M,2017,1.0,38.75,10.07,12.23,12.12,13.49,14.11,12.51,11.12,11.33,11.32,12.52,14.39,11.07,12.18
QV2M,2017,1.0,39.375,10.42,12.54,12.41,14.01,15.25,13.37,11.74,12.02,11.87,13.03,14.98,11.32,12.74
QV2M,2017,1.0,40.0,11.06,12.86,12.71,14.39,15.71,14.04,12.29,12.4,12.18,13.27,15.28,11.65,13.15
QV2M,2017,1.0,40.625,11.56,13.16,13.04,14.88,15.96,14.53,12.66,12.69,12.42,13.54,15.56,12.0,13.49
QV2M,2017,1.0,41.25,11.89,13.45,13.39,15.31,16.25,14.88,12.94,13.08,12.84,14.0,15.65,12.29,13.82
QV2M,2017,1.0,41.875,12.17,13.72,13.78,15.53,16.44,15.23,13.46,13.52,13.25,14.41,16.3,12.86,14.22
QV2M,2017,1.5,34.375,7.38,10.6,11.65,12.58,14.31,13.46,13.38,13.45,13.76,13.61,12.7,9.79,12.23
QV2M,2017,1.5,35.0,7.68,10.21,10.51,11.63,13.19,12.2,12.95,13.07,13.18,12.96,12.48,9.74,11.65
QV2M,2017,1.5,35.625,7.68,10.01,9.93,11.19,12.56,11.32,12.57,12.29,12.17,11.68,12.06,9.22,11.06
QV2M,2017,1.5,36.25,8.06,10.35,10.11,11.36,12.48,11.03,12.12,11.74,11.57,11.59,12.27,9.34,11.0
QV2M,2017,1.5,36.875,8.52,10.77,10.52,11.74,12.04,10.8,10.7,10.47,10.11,11.12,12.37,9.62,10.73
QV2M,2017,1.5,37.5,9.04,11.33,11.17,12.39,12.68,11.36,10.73,10.57,10.37,11.66,13.21,10.03,11.2
QV2M,2017,1.5,38.125,9.41,11.85,11.7,13.04,13.19,11.84,10.83,10.76,10.73,12.19,13.94,10.34,11.64
QV2M,2017,1.5,38.75,9.59,12.21,11.98,13.63,14.17,12.54,11.14,11.36,11.29,12.81,14.76,10.45,12.15
QV2M,2017,1.5,39.375,10.17,12.35,12.15,14.04,15.13,13.34,11.68,11.89,11.71,12.99,15.1,10.86,12.61
QV2M,2017,1.5,40.0,10.27,12.54,12.36,14.37,15.4,13.75,12.08,12.2,12.0,13.3,15.25,11.03,12.87
QV2M,2017,1.5,40.625,10.87,12.67,12.59,14.78,15.68,14.27,12.43,12.46,12.19,13.55,15.91,11.53,13.24
QV2M,2017,1.5,41.25,11.22,12.83,12.86,14.89,15.64,14.55,12.75,12.83,12.58,13.93,16.33,11.97,13.53
QV2M,2017,1.5,41.875,11.22,13.06,13.2,15.26,16.06,14.89,13.15,13.21,12.93,14.28,17.01,12.5,13.89
QV2M,2017,2.0,34.375,7.39,10.48,11.19,12.22,14.35,13.13,13.83,13.57,13.85,13.43,12.48,8.94,12.08
QV2M,2017,2.0,35.0,7.42,10.11,10.3,11.52,13.1,11.75,12.95,12.71,12.67,12.42,12.22,9.06,11.36
QV2M,2017,2.0,35.625,7.65,10.17,10.17,11.38,12.49,10.78,12.15,11.75,11.46,11.53,12.0,8.72,10.85
QV2M,2017,2.0,36.25,7.99,10.57,10.39,11.61,12.55,10.93,11.45,11.15,10.8,11.51,12.33,8.96,10.85
QV2M,2017,2.0,36.875,8.31,10.98,10.77,12.03,12.29,11.22,10.68,10.55,10.18,11.39,12.59,9.4,10.86
QV2M,2017,2.0,37.5,8.72,11.47,11.31,12.74,12.94,11.69,10.8,10.65,10.49,11.95,13.6,9.86,11.34
QV2M,2017,2.0,38.125,8.85,11.73,11.53,13.32,13.53,12.03,10.89,10.89,10.86,12.41,14.24,10.02,11.68
QV2M,2017,2.0,38.75,8.93,11.87,11.63,13.67,14.28,12.61,11.16,11.33,11.26,12.78,14.55,9.97,11.99
QV2M,2017,2.0,39.375,9.29,11.95,11.71,14.14,15.29,13.37,11.65,11.73,11.59,12.98,15.08,10.13,12.4
QV2M,2017,2.0,40.0,9.31,12.04,11.81,14.39,15.49,13.72,11.96,11.99,11.84,13.25,15.21,10.21,12.59
QV2M,2017,2.0,40.625,9.43,12.23,12.04,14.89,15.88,14.12,12.19,12.25,11.95,13.7,16.1,10.77,12.95
QV2M,2017,2.0,41.25,10.2,12.44,12.32,14.97,16.06,14.46,12.59,12.62,12.27,13.92,16.35,11.19,13.28
QV2M,2017,2.0,41.875,10.06,12.36,12.55,15.17,16.14,14.66,12.85,12.92,12.58,14.23,16.86,11.72,13.5
QV2M,2017,2.5,34.375,7.25,10.02,10.45,11.34,13.55,11.7,13.48,12.88,12.81,12.7,12.23,8.61,11.42
QV2M,2017,2.5,35.0,7.43,10.23,10.37,11.45,13.45,11.78,12.81,12.44,12.1,12.45,12.57,9.15,11.35
QV2M,2017,2.5,35.625,7.68,10.43,10.46,11.66,13.25,11.51,11.78,11.38,10.83,11.98,12.28,8.73,11.0
QV2M,2017,2.5,36.25,8.94,11.6,11.62,12.71,13.49,12.11,11.75,11.63,11.33,12.61,13.08,9.79,11.72
QV2M,2017,2.5,36.875,8.41,11.37,11.22,12.6,12.81,11.69,10.98,10.89,10.62,12.0,13.0,9.41,11.24
QV2M,2017,2.5,37.5,7.96,11.21,11.05,12.84,13.06,11.73,10.78,10.67,10.55,12.18,13.54,9.13,11.21
QV2M,2017,2.5,38.125,7.77,11.21,11.07,13.22,13.65,12.07,10.87,10.9,10.85,12.37,13.77,9.05,11.39
QV2M,2017,2.5,38.75,7.68,11.21,11.04,13.55,14.32,12.59,11.12,11.23,11.14,12.66,14.03,8.9,11.61
QV2M,2017,2.5,39.375,7.83,11.22,11.06,13.83,15.04,13.19,11.49,11.54,11.41,12.88,14.26,8.94,11.88
QV2M,2017,2.5,40.0,8.03,11.4,11.2,14.04,15.28,13.51,11.78,11.77,11.59,13.13,14.54,9.11,12.11
QV2M,2017,2.5,40.625,8.25,11.7,11.51,14.34,15.52,13.83,12.0,12.04,11.73,13.46,14.99,9.51,12.4
QV2M,2017,2.5,41.25,8.58,11.77,11.72,14.37,15.56,14.15,12.41,12.43,12.04,13.66,15.01,9.66,12.61
QV2M,2017,2.5,41.875,8.84,11.73,11.87,14.65,15.71,14.37,12.66,12.71,12.31,13.92,15.82,10.62,12.93
QV2M,2017,3.0,34.375,7.07,10.18,10.53,11.58,13.69,12.28,13.52,13.02,12.82,13.12,12.79,9.16,11.65
QV2M,2017,3.0,35.0,7.38,10.52,10.61,11.79,13.72,11.98,12.67,12.27,11.6,12.75,13.0,9.1,11.45
QV2M,2017,3.0,35.625,7.82,10.87,10.91,12.21,13.24,11.68,11.67,11.2,10.97,12.66,12.75,8.78,11.23
QV2M,2017,3.0,36.25,9.95,12.73,12.87,13.86,14.35,13.02,12.45,12.25,12.16,13.74,14.14,10.76,12.68
QV2M,2017,3.0,36.875,7.55,10.99,10.89,12.62,12.85,11.57,10.9,10.75,10.58,12.29,12.95,8.61,11.04
QV2M,2017,3.0,37.5,6.94,10.76,10.62,12.82,13.16,11.71,10.78,10.7,10.61,12.29,13.07,8.17,10.96
QV2M,2017,3.0,38.125,6.55,10.62,10.48,13.07,13.7,12.02,10.83,10.86,10.76,12.37,13.1,7.99,11.02
QV2M,2017,3.0,38.75,6.42,10.52,10.36,13.28,14.25,12.46,11.03,11.09,10.96,12.67,13.35,7.95,11.19
QV2M,2017,3.0,39.375,6.6,10.56,10.41,13.35,14.56,12.87,11.26,11.34,11.16,12.76,13.36,8.07,11.35
QV2M,2017,3.0,40.0,6.96,10.79,10.66,13.51,14.8,13.16,11.5,11.56,11.33,13.01,13.6,8.25,11.59
QV2M,2017,3.0,40.625,7.35,11.06,10.96,13.7,14.99,13.47,11.79,11.82,11.5,13.2,13.7,8.52,11.83
QV2M,2017,3.0,41.25,7.65,11.11,11.08,13.76,15.04,13.73,12.12,12.15,11.74,13.36,13.99,8.92,12.05
QV2M,2017,3.0,41.875,7.92,11.09,11.2,14.06,15.18,13.91,12.35,12.35,11.92,13.59,14.8,9.8,12.34
QV2M,2017,3.5,34.375,7.0,10.65,11.04,11.96,13.5,12.0,13.03,12.79,12.46,13.39,12.97,8.84,11.64
QV2M,2017,3.5,35.0,7.42,11.23,11.13,12.31,13.74,12.03,12.8,12.4,11.85,13.2,13.24,9.06,11.7
QV2M,2017,3.5,35.625,8.15,11.56,11.5,12.83,13.71,11.89,11.96,11.37,11.28,13.5,13.69,9.44,11.73
QV2M,2017,3.5,36.25,9.44,12.71,12.84,14.13,14.42,13.05,12.44,12.32,12.26,13.9,14.06,10.38,12.65
QV2M,2017,3.5,36.875,6.47,10.43,10.3,12.6,13.23,11.5,10.78,10.67,10.59,12.5,12.64,7.73,10.78
QV2M,2017,3.5,37.5,6.01,10.18,9.97,12.7,13.29,11.67,10.71,10.67,10.58,12.48,12.34,7.41,10.66
QV2M,2017,3.5,38.125,5.89,10.0,9.76,12.9,13.74,12.1,10.81,10.8,10.72,12.42,12.49,7.56,10.76
QV2M,2017,3.5,38.75,5.77,9.87,9.57,12.85,14.1,12.4,11.04,11.05,10.93,12.61,12.68,7.59,10.87
QV2M,2017,3.5,39.375,6.0,10.05,9.74,12.87,14.14,12.57,11.13,11.22,11.06,12.75,12.93,7.79,11.01
QV2M,2017,3.5,40.0,6.3,10.27,10.05,13.11,14.37,12.8,11.25,11.34,11.09,12.96,13.13,7.85,11.2
QV2M,2017,3.5,40.625,6.64,10.49,10.33,13.41,14.66,13.03,11.5,11.56,11.27,13.29,13.45,8.09,11.47
QV2M,2017,3.5,41.25,7.15,10.74,10.62,13.47,14.75,13.38,11.86,11.88,11.48,13.34,13.67,8.64,11.74
QV2M,2017,3.5,41.875,7.37,10.7,10.72,13.74,14.85,13.56,12.06,12.04,11.61,13.5,14.38,9.36,11.99
QV2M,2017,4.0,34.375,6.95,11.58,12.17,12.89,13.98,11.98,13.61,13.44,13.01,13.85,13.46,8.74,12.14
QV2M,2017,4.0,35.0,7.39,12.14,11.83,12.97,14.11,11.97,13.4,12.79,12.32,13.77,13.62,8.81,12.09
QV2M,2017,4.0,35.625,7.99,11.92,11.62,13.18,13.93,12.18,12.37,11.75,11.55,13.86,13.83,9.55,11.97
QV2M,2017,4.0,36.25,9.22,12.68,12.73,14.46,14.73,13.3,12.71,12.55,12.58,14.51,14.15,10.51,12.84
QV2M,2017,4.0,36.875,5.77,9.94,9.79,12.57,13.22,11.47,10.87,10.67,10.65,12.91,12.59,7.7,10.67
QV2M,2017,4.0,37.5,5.39,9.53,9.27,12.45,13.3,11.61,10.71,10.63,10.63,12.74,12.29,7.29,10.48
QV2M,2017,4.0,38.125,5.32,9.39,8.98,12.35,13.53,11.93,10.82,10.83,10.82,12.41,12.27,7.44,10.5
QV2M,2017,4.0,38.75,5.36,9.5,8.98,12.34,13.58,12.03,10.74,10.82,10.8,12.48,12.32,7.65,10.54
QV2M,2017,4.0,39.375,5.56,9.8,9.17,12.66,13.92,12.18,10.79,10.92,10.78,12.81,12.75,7.73,10.75
QV2M,2017,4.0,40.0,5.83,9.89,9.37,12.91,14.18,12.5,11.01,11.14,11.02,13.08,12.83,7.6,10.94
QV2M,2017,4.0,40.625,6.27,10.15,9.75,13.26,14.41,12.66,11.21,11.28,11.09,13.35,13.49,8.16,11.25
QV2M,2017,4.0,41.25,6.72,10.32,10.1,13.54,14.67,13.1,11.55,11.53,11.2,13.41,14.04,8.79,11.58
QV2M,2017,4.0,41.875,6.93,10.29,10.2,13.65,14.77,13.34,11.78,11.76,11.39,13.63,14.72,9.33,11.81
QV2M,2017,4.5,34.375,6.73,12.07,12.8,13.91,14.52,12.01,14.08,13.79,13.17,14.45,13.65,8.24,12.45
QV2M,2017,4.5,35.0,7.18,12.42,12.17,13.72,14.52,11.95,14.06,13.2,12.78,14.25,14.05,8.71,12.41
QV2M,2017,4.5,35.625,7.37,11.82,11.38,13.4,14.14,12.36,12.83,12.16,11.86,14.05,13.86,9.44,12.05
QV2M,2017,4.5,36.25,7.14,11.41,11.25,13.57,14.1,12.24,12.42,11.68,11.69,14.39,13.87,9.31,11.92
QV2M,2017,4.5,36.875,6.08,10.23,10.1,13.04,13.67,11.98,11.5,11.12,11.34,13.66,13.06,8.49,11.18
QV2M,2017,4.5,37.5,4.98,9.08,8.77,12.29,13.44,11.48,10.83,10.62,10.9,13.16,12.49,7.31,10.44
QV2M,2017,4.5,38.125,4.95,9.05,8.51,11.92,13.18,11.57,10.61,10.54,10.64,12.32,12.03,7.43,10.22
QV2M,2017,4.5,38.75,5.13,9.27,8.65,12.22,13.52,11.78,10.65,10.63,10.65,12.57,12.39,7.71,10.43
QV2M,2017,4.5,39.375,5.29,9.34,8.71,12.46,13.79,11.98,10.68,10.76,10.75,12.93,12.55,7.47,10.55
QV2M,2017,4.5,40.0,5.45,9.46,8.84,12.53,13.76,12.12,10.74,10.84,10.77,12.88,12.53,7.44,10.61
QV2M,2017,4.5,40.625,5.9,9.7,9.2,13.05,14.18,12.43,10.95,11.05,10.96,13.3,13.53,8.01,11.02
QV2M,2017,4.5,41.25,6.46,9.91,9.54,13.25,14.37,12.83,11.34,11.31,11.12,13.39,14.06,8.62,11.35
QV2M,2017,4.5,41.875,6.56,9.89,9.64,13.52,14.6,13.04,11.51,11.52,11.24,13.77,14.69,8.97,11.58
QV2M,2018,-0.5,34.375,12.18,11.56,14.72,14.52,14.57,13.5,12.41,12.47,12.26,13.23,14.24,14.05,13.32
QV2M,2018,-0.5,35.0,11.19,11.0,13.43,13.49,13.61,12.96,11.99,11.97,11.7,12.44,13.3,12.97,12.51
QV2M,2018,-0.5,35.625,9.11,9.06,11.5,11.74,11.65,11.37,10.6,10.51,10.3,10.97,11.59,11.28,10.82
QV2M,2018,-0.5,36.25,9.17,9.53,11.65,11.96,11.75,11.41,10.57,10.5,10.41,11.1,11.82,11.48,10.95
QV2M,2018,-0.5,36.875,9.33,10.05,12.16,12.53,12.15,11.56,10.66,10.58,10.62,11.4,12.18,11.89,11.26
QV2M,2018,-0.5,37.5,9.76,10.59,13.57,14.01,13.44,12.48,11.46,11.25,11.33,12.08,13.15,13.25,12.2
QV2M,2018,-0.5,38.125,9.73,11.04,14.6,14.97,13.75,12.06,10.93,10.54,10.9,12.01,13.67,14.38,12.39
QV2M,2018,-0.5,38.75,10.45,11.75,15.33,15.87,14.75,12.53,11.54,11.19,11.96,12.81,14.1,14.93,13.11
QV2M,2018,-0.5,39.375,11.19,12.36,15.48,16.37,15.57,13.32,12.47,12.03,12.92,13.61,14.16,14.6,13.68
QV2M,2018,-0.5,40.0,11.8,12.94,15.66,16.82,16.38,14.23,13.25,12.75,13.56,14.11,14.55,14.93,14.25
QV2M,2018,-0.5,40.625,12.27,13.51,15.73,17.36,17.37,15.24,14.14,13.55,14.17,14.59,14.94,15.05,14.83
QV2M,2018,-0.5,41.25,12.9,14.14,16.0,17.81,17.95,15.73,14.52,13.8,14.42,14.91,15.35,15.38,15.25
QV2M,2018,-0.5,41.875,13.92,15.08,16.11,18.05,18.43,16.19,14.98,14.41,15.12,15.5,15.97,16.0,15.81
QV2M,2018,-1.0,34.375,12.19,12.07,14.51,14.46,14.38,13.37,12.19,12.46,11.8,12.51,13.88,14.27,13.18
QV2M,2018,-1.0,35.0,10.91,10.5,13.19,13.25,13.16,12.42,11.28,11.53,11.22,11.78,12.63,12.84,12.07
QV2M,2018,-1.0,35.625,9.63,8.84,12.23,12.56,12.31,11.73,10.7,10.81,10.53,10.94,11.42,11.65,11.13
QV2M,2018,-1.0,36.25,9.02,9.26,12.1,12.48,12.17,11.54,10.59,10.62,10.37,10.87,11.57,11.7,11.03
QV2M,2018,-1.0,36.875,9.14,9.84,12.78,13.13,12.67,11.87,10.78,10.35,9.9,10.67,12.09,12.56,11.32
QV2M,2018,-1.0,37.5,9.83,10.66,13.96,14.23,13.52,12.41,11.19,10.77,10.77,11.72,13.02,13.58,12.15
QV2M,2018,-1.0,38.125,9.81,11.06,14.37,14.56,13.36,11.7,10.83,10.55,11.02,12.09,13.3,13.89,12.22
QV2M,2018,-1.0,38.75,10.77,11.92,15.58,15.98,14.82,12.42,11.57,11.27,12.12,13.03,14.18,14.99,13.23
QV2M,2018,-1.0,39.375,11.46,12.56,15.91,16.72,15.88,13.54,12.62,12.14,13.11,13.89,14.35,14.67,13.91
QV2M,2018,-1.0,40.0,12.1,13.19,16.08,17.17,16.69,14.48,13.42,12.89,13.78,14.44,14.91,15.06,14.52
QV2M,2018,-1.0,40.625,12.77,13.86,15.92,17.59,17.62,15.58,14.49,13.89,14.53,14.97,15.32,15.36,15.16
QV2M,2018,-1.0,41.25,13.55,14.58,16.18,18.01,18.15,16.1,14.91,14.18,14.74,15.21,15.62,15.83,15.59
QV2M,2018,-1.0,41.875,15.32,16.3,17.21,18.67,18.73,16.69,15.59,15.09,15.86,16.36,17.0,17.25,16.67
QV2M,2018,-1.5,34.375,12.4,11.62,14.4,14.44,13.84,12.28,10.55,10.9,10.03,11.33,13.29,14.08,12.44
QV2M,2018,-1.5,35.0,11.49,10.48,13.51,13.56,13.07,11.96,10.54,10.61,9.81,10.62,11.96,13.01,11.73
QV2M,2018,-1.5,35.625,10.44,9.57,12.61,12.78,12.42,11.46,10.41,10.37,9.99,10.66,11.36,11.81,11.17
QV2M,2018,-1.5,36.25,9.76,9.46,13.37,13.67,13.4,12.21,10.75,10.38,9.96,10.65,11.66,12.26,11.47
QV2M,2018,-1.5,36.875,9.12,9.7,13.09,13.11,12.68,11.51,10.1,9.59,9.48,10.61,11.87,12.47,11.12
QV2M,2018,-1.5,37.5,9.75,10.46,13.69,13.87,13.2,11.91,10.66,10.29,10.28,11.35,12.63,13.17,11.78
QV2M,2018,-1.5,38.125,10.79,11.45,14.46,14.73,13.84,12.14,11.15,10.88,11.4,12.31,13.46,14.08,12.56
QV2M,2018,-1.5,38.75,11.28,12.18,15.59,15.86,14.87,12.51,11.72,11.41,12.3,13.19,14.17,14.82,13.33
QV2M,2018,-1.5,39.375,11.95,12.86,16.05,16.72,16.07,13.61,12.75,12.29,13.29,14.05,14.72,14.82,14.1
QV2M,2018,-1.5,40.0,12.58,13.49,16.45,17.49,17.12,14.97,13.84,13.15,14.07,14.86,15.45,15.17,14.89
QV2M,2018,-1.5,40.625,13.28,14.18,16.21,17.86,17.9,15.93,14.87,14.28,14.93,15.39,15.84,15.59,15.53
QV2M,2018,-1.5,41.25,14.22,15.06,16.64,18.34,18.42,16.4,15.29,14.58,15.11,15.6,16.06,16.15,15.99
QV2M,2018,-1.5,41.875,16.53,17.41,18.27,19.25,18.99,17.06,16.05,15.71,16.52,17.05,17.95,18.31,17.42
QV2M,2018,-1.7975103014118005e-13,34.375,12.14,12.17,14.7,14.57,14.69,13.84,12.94,13.14,13.18,14.03,14.7,14.0,13.68
QV2M,2018,-1.7975103014118005e-13,35.0,11.13,11.31,13.53,13.77,13.96,13.38,12.66,12.55,12.37,13.17,13.6,12.91,12.87
QV2M,2018,-1.7975103014118005e-13,35.625,9.71,10.08,11.87,12.29,12.27,11.92,11.35,11.06,10.76,11.56,12.04,11.57,11.38
QV2M,2018,-1.7975103014118005e-13,36.25,9.1,9.34,11.95,12.7,12.67,12.36,11.63,11.33,11.02,11.66,12.12,11.64,11.47
QV2M,2018,-1.7975103014118005e-13,36.875,9.1,9.88,11.93,12.67,12.6,12.09,11.24,11.0,10.56,11.03,11.75,11.51,11.29
QV2M,2018,-1.7975103014118005e-13,37.5,9.53,10.38,12.42,13.0,12.57,11.81,10.84,10.63,10.55,11.25,12.34,12.22,11.47
QV2M,2018,-1.7975103014118005e-13,38.125,9.85,11.11,14.47,15.41,14.4,12.67,11.19,10.6,10.84,11.93,13.76,14.07,12.53
QV2M,2018,-1.7975103014118005e-13,38.75,10.4,11.7,14.92,16.0,14.89,12.66,11.55,11.16,11.88,12.66,13.93,14.32,13.01
QV2M,2018,-1.7975103014118005e-13,39.375,11.06,12.2,15.06,16.25,15.53,13.23,12.36,11.95,12.74,13.33,14.04,14.19,13.5
QV2M,2018,-1.7975103014118005e-13,40.0,11.64,12.71,15.25,16.61,16.26,14.05,13.1,12.65,13.35,13.8,14.36,14.4,14.02
QV2M,2018,-1.7975103014118005e-13,40.625,11.88,13.2,15.66,17.23,17.19,14.97,13.82,13.21,13.78,14.18,14.66,14.65,14.54
QV2M,2018,-1.7975103014118005e-13,41.25,12.42,13.75,15.94,17.66,17.72,15.34,14.12,13.45,14.1,14.56,15.11,14.99,14.93
QV2M,2018,-1.7975103014118005e-13,41.875,13.02,14.31,15.61,17.72,18.16,15.72,14.46,13.89,14.56,14.91,15.34,15.35,15.26
QV2M,2018,-2.0,34.375,12.84,11.84,14.39,14.41,13.4,11.35,9.48,10.17,9.62,11.09,13.13,14.09,12.15
QV2M,2018,-2.0,35.0,11.97,10.83,13.55,13.61,12.76,11.12,9.79,9.76,9.3,10.58,11.92,13.04,11.53
QV2M,2018,-2.0,35.625,10.89,9.91,12.78,12.98,12.41,11.04,10.04,9.89,9.75,10.76,11.76,12.18,11.21
QV2M,2018,-2.0,36.25,10.84,10.1,14.02,14.27,13.84,11.84,10.54,10.18,10.02,11.09,12.17,12.89,11.83
QV2M,2018,-2.0,36.875,9.58,9.8,13.24,13.39,12.91,11.52,10.21,9.61,9.69,10.87,12.04,12.57,11.29
QV2M,2018,-2.0,37.5,10.28,10.63,14.12,14.17,13.41,11.87,10.63,10.2,10.34,11.53,12.72,13.5,11.96
QV2M,2018,-2.0,38.125,11.43,11.72,14.81,14.87,14.01,12.16,11.2,10.91,11.45,12.46,13.47,14.34,12.74
QV2M,2018,-2.0,38.75,11.98,12.54,15.92,15.92,15.08,12.74,11.95,11.62,12.56,13.51,14.43,15.27,13.63
QV2M,2018,-2.0,39.375,12.56,13.33,16.31,16.73,16.26,13.91,13.04,12.55,13.56,14.37,15.1,15.39,14.43
QV2M,2018,-2.0,40.0,13.18,14.03,16.53,17.54,17.33,15.13,14.01,13.28,14.27,15.08,15.74,15.68,15.15
QV2M,2018,-2.0,40.625,14.17,14.96,16.72,18.26,18.25,16.32,15.25,14.67,15.31,15.86,16.48,16.4,16.06
QV2M,2018,-2.0,41.25,15.96,16.76,17.78,19.0,18.8,16.82,15.83,15.39,16.09,16.62,17.4,17.75,17.02
QV2M,2018,-2.0,41.875,17.07,17.92,18.77,19.5,19.07,17.19,16.24,16.01,16.88,17.39,18.4,18.91,17.78
QV2M,2018,-2.5,34.375,13.13,12.29,14.15,14.21,13.14,10.86,9.42,9.4,8.98,10.94,12.94,14.05,11.96
QV2M,2018,-2.5,35.0,12.48,11.45,13.47,13.51,12.56,10.82,9.65,9.29,8.94,10.47,12.2,13.18,11.5
QV2M,2018,-2.5,35.625,12.38,11.22,13.71,13.81,12.78,10.99,9.94,9.32,9.38,10.95,12.73,13.21,11.71
QV2M,2018,-2.5,36.25,12.11,10.74,14.25,14.37,13.51,11.44,10.37,9.98,9.85,11.34,12.73,13.38,12.02
QV2M,2018,-2.5,36.875,11.16,10.26,14.01,14.12,13.55,11.83,10.62,9.74,9.68,11.33,12.72,13.47,11.89
QV2M,2018,-2.5,37.5,11.7,11.07,14.51,14.37,13.65,11.85,10.61,10.09,10.29,11.93,13.28,14.23,12.31
QV2M,2018,-2.5,38.125,12.31,11.91,15.22,14.9,14.12,12.24,11.34,11.02,11.51,12.66,13.68,14.82,12.99
QV2M,2018,-2.5,38.75,12.67,12.85,16.24,15.98,15.2,12.94,12.16,11.81,12.74,13.91,14.78,15.83,13.93
QV2M,2018,-2.5,39.375,13.19,13.78,16.57,16.73,16.41,14.15,13.35,12.87,13.87,14.81,15.59,16.16,14.8
QV2M,2018,-2.5,40.0,14.16,14.88,16.81,17.57,17.55,15.36,14.34,13.62,14.66,15.49,16.2,16.53,15.6
QV2M,2018,-2.5,40.625,15.89,16.62,17.82,18.86,18.62,16.73,15.74,15.28,16.04,16.62,17.48,17.76,16.95
QV2M,2018,-2.5,41.25,17.22,18.05,18.82,19.57,18.99,17.1,16.2,15.97,16.84,17.32,18.37,19.0,17.78
QV2M,2018,-2.5,41.875,17.09,17.93,18.72,19.52,19.08,17.19,16.24,15.98,16.84,17.33,18.35,18.98,17.77
QV2M,2018,-3.0,34.375,13.41,12.8,14.08,14.13,12.98,10.76,9.61,9.16,8.83,10.33,12.58,14.08,11.89
QV2M,2018,-3.0,35.0,12.93,12.29,13.66,13.66,12.75,11.08,9.95,9.49,9.07,10.5,12.54,13.5,11.78
QV2M,2018,-3.0,35.625,12.2,11.8,12.85,12.9,12.02,10.67,9.94,9.67,9.63,10.87,12.49,12.89,11.49
QV2M,2018,-3.0,36.25,13.24,12.06,14.27,14.23,13.21,11.35,10.34,9.81,9.82,11.45,13.28,13.94,12.25
QV2M,2018,-3.0,36.875,12.87,11.96,14.11,14.15,13.43,11.71,10.95,10.68,10.73,12.33,13.49,14.17,12.55
QV2M,2018,-3.0,37.5,11.76,11.26,13.16,13.06,12.5,11.01,10.23,10.04,10.2,11.38,12.57,13.25,11.71
QV2M,2018,-3.0,38.125,12.7,12.14,15.23,14.74,14.04,12.08,11.32,11.06,11.65,12.86,13.79,14.84,13.04
QV2M,2018,-3.0,38.75,13.03,13.0,16.47,16.06,15.34,12.98,12.31,11.97,12.89,14.19,14.96,16.02,14.11
QV2M,2018,-3.0,39.375,13.69,14.09,16.78,16.85,16.66,14.42,13.69,13.17,14.17,15.2,15.93,16.59,15.11
QV2M,2018,-3.0,40.0,15.19,15.72,17.33,17.89,17.83,15.63,14.63,13.99,15.1,15.96,16.75,17.37,16.12
QV2M,2018,-3.0,40.625,17.26,17.93,18.71,19.35,18.84,16.99,16.1,15.8,16.67,17.16,18.26,18.88,17.66
QV2M,2018,-3.0,41.25,17.34,17.98,18.68,19.52,18.97,17.1,16.19,15.92,16.75,17.22,18.3,19.05,17.75
QV2M,2018,-3.0,41.875,17.22,17.9,18.64,19.53,19.03,17.15,16.21,15.94,16.79,17.29,18.36,19.05,17.76
QV2M,2018,-3.5,34.375,14.11,13.91,14.8,14.63,13.45,11.16,9.89,9.36,9.22,10.61,12.94,14.57,12.38
QV2M,2018,-3.5,35.0,13.53,12.93,14.36,14.18,13.25,11.47,10.45,10.12,10.0,11.26,12.98,14.01,12.38
QV2M,2018,-3.5,35.625,12.99,11.86,13.93,13.74,12.81,11.15,10.35,10.01,9.99,11.32,12.87,13.61,12.06
QV2M,2018,-3.5,36.25,13.52,12.08,14.44,14.13,13.23,11.22,10.28,9.8,9.96,11.5,13.15,14.06,12.28
QV2M,2018,-3.5,36.875,13.46,12.11,14.56,14.41,13.71,11.82,11.0,10.61,10.78,12.22,13.82,14.57,12.76
QV2M,2018,-3.5,37.5,12.72,11.34,15.24,15.0,14.34,12.24,11.33,10.94,11.28,12.53,13.42,14.24,12.9
QV2M,2018,-3.5,38.125,12.4,11.97,14.96,14.52,14.0,11.87,11.26,10.96,11.71,13.02,13.69,14.48,12.91
QV2M,2018,-3.5,38.75,13.54,13.26,16.08,15.84,15.28,13.06,12.48,12.17,13.15,14.25,14.98,15.78,14.16
QV2M,2018,-3.5,39.375,14.06,14.41,16.85,16.99,16.8,14.62,13.91,13.43,14.42,15.4,16.21,16.8,15.33
QV2M,2018,-3.5,40.0,16.36,16.83,18.18,18.59,18.28,16.11,15.2,14.76,15.82,16.58,17.57,18.27,16.88
QV2M,2018,-3.5,40.625,17.52,18.09,18.79,19.36,18.86,17.0,16.13,15.8,16.65,17.12,18.21,19.01,17.71
QV2M,2018,-3.5,41.25,17.54,18.04,18.68,19.48,18.92,17.07,16.16,15.85,16.69,17.16,18.3,19.12,17.75
QV2M,2018,-3.5,41.875,17.4,17.92,18.61,19.54,18.97,17.11,16.17,15.89,16.72,17.23,18.38,19.08,17.75
QV2M,2018,-4.0,34.375,14.3,14.15,14.92,14.72,13.4,11.27,10.18,9.75,9.42,10.73,12.85,14.53,12.51
QV2M,2018,-4.0,35.0,13.36,12.63,14.05,13.86,12.74,10.87,10.04,9.78,9.69,10.93,12.33,13.65,11.99
QV2M,2018,-4.0,35.625,12.93,11.94,13.72,13.52,12.61,10.76,10.03,9.86,9.99,11.19,12.41,13.37,11.86
QV2M,2018,-4.0,36.25,13.48,11.94,14.3,13.93,13.12,11.07,10.27,9.93,10.1,11.45,12.7,13.8,12.18
QV2M,2018,-4.0,36.875,13.07,11.74,14.38,14.0,13.34,11.31,10.63,10.35,10.66,11.91,12.97,13.84,12.36
QV2M,2018,-4.0,37.5,13.31,11.94,15.08,14.72,14.15,11.97,11.31,10.97,11.47,12.72,13.6,14.46,12.98
QV2M,2018,-4.0,38.125,12.94,12.33,15.52,15.09,14.6,12.18,11.66,11.29,12.1,13.47,14.07,14.8,13.35
QV2M,2018,-4.0,38.75,13.58,13.42,16.31,16.16,15.68,13.25,12.76,12.35,13.42,14.65,15.3,15.79,14.4
QV2M,2018,-4.0,39.375,14.55,14.95,17.04,17.43,17.23,15.05,14.27,13.72,14.69,15.64,16.44,16.95,15.67
QV2M,2018,-4.0,40.0,17.34,17.88,18.74,19.06,18.57,16.58,15.82,15.45,16.38,16.92,17.97,18.81,17.46
QV2M,2018,-4.0,40.625,17.7,18.18,18.88,19.31,18.83,16.96,16.12,15.73,16.6,17.1,18.17,19.09,17.72
QV2M,2018,-4.0,41.25,17.65,18.11,18.79,19.43,18.86,17.04,16.13,15.78,16.62,17.16,18.26,19.15,17.74
QV2M,2018,-4.0,41.875,17.53,17.99,18.68,19.53,18.89,17.05,16.13,15.84,16.65,17.21,18.33,19.07,17.74
QV2M,2018,-4.5,34.375,13.84,13.84,14.43,14.19,12.89,10.89,10.14,9.8,9.58,10.63,12.46,13.92,12.21
QV2M,2018,-4.5,35.0,12.99,12.17,13.61,13.42,12.29,10.26,9.65,9.4,9.43,10.71,11.92,13.18,11.58
QV2M,2018,-4.5,35.625,12.79,11.73,13.4,13.23,12.32,10.21,9.7,9.56,9.84,11.03,12.05,13.05,11.58
QV2M,2018,-4.5,36.25,13.7,12.14,14.35,13.95,13.07,10.92,10.28,10.05,10.37,11.68,12.73,13.83,12.26
QV2M,2018,-4.5,36.875,13.43,12.0,14.46,14.02,13.31,11.24,10.69,10.42,10.95,12.09,13.01,13.83,12.46
QV2M,2018,-4.5,37.5,13.76,12.35,15.07,14.71,14.12,11.94,11.42,11.15,11.82,12.9,13.84,14.58,13.15
QV2M,2018,-4.5,38.125,13.72,12.75,15.38,14.99,14.5,12.38,11.9,11.61,12.4,13.51,14.41,15.11,13.56
QV2M,2018,-4.5,38.75,14.47,14.1,16.61,16.39,16.01,13.67,13.14,12.75,13.75,14.81,15.76,16.41,14.83
QV2M,2018,-4.5,39.375,15.96,16.23,17.76,18.16,17.84,15.63,14.81,14.23,15.3,16.11,17.08,17.81,16.41
QV2M,2018,-4.5,40.0,17.81,18.25,18.94,19.13,18.64,16.67,15.94,15.55,16.45,16.91,18.02,19.05,17.61
QV2M,2018,-4.5,40.625,17.82,18.24,18.96,19.25,18.78,16.91,16.09,15.66,16.53,17.06,18.11,19.15,17.71
QV2M,2018,-4.5,41.25,17.73,18.15,18.88,19.36,18.78,16.98,16.1,15.71,16.55,17.14,18.22,19.15,17.73
QV2M,2018,-4.5,41.875,17.62,18.0,18.77,19.48,18.81,17.0,16.1,15.77,16.58,17.17,18.26,19.05,17.71
QV2M,2018,0.5,34.375,11.51,11.45,14.49,14.67,14.78,14.18,13.46,13.68,13.82,14.35,14.55,13.72,13.73
QV2M,2018,0.5,35.0,10.58,10.77,13.0,13.43,13.61,13.23,12.81,12.55,12.32,12.88,13.13,12.36,12.57
QV2M,2018,0.5,35.625,9.43,9.67,12.28,13.41,13.42,12.96,12.66,12.25,11.98,12.67,12.95,12.05,12.16
QV2M,2018,0.5,36.25,8.67,9.29,12.25,13.66,13.84,13.44,12.69,12.13,11.02,11.3,11.99,11.54,11.83
QV2M,2018,0.5,36.875,8.48,9.62,12.23,13.19,13.11,12.64,11.72,11.06,9.95,10.58,11.93,11.72,11.36
QV2M,2018,0.5,37.5,9.15,10.3,13.07,14.23,13.8,12.78,11.38,10.74,10.28,11.15,12.63,12.43,11.83
QV2M,2018,0.5,38.125,9.54,10.91,13.86,15.3,14.22,12.38,10.98,10.46,10.75,11.79,13.29,13.12,12.22
QV2M,2018,0.5,38.75,10.2,11.51,14.47,15.83,14.72,12.56,11.45,11.06,11.75,12.5,13.71,13.63,12.79
QV2M,2018,0.5,39.375,10.62,11.98,15.03,16.47,15.77,13.28,12.29,11.85,12.53,13.1,14.04,13.91,13.41
QV2M,2018,0.5,40.0,11.03,12.41,15.49,16.95,16.47,13.99,12.93,12.46,13.05,13.49,14.27,14.2,13.9
QV2M,2018,0.5,40.625,11.38,12.9,15.74,17.39,17.13,14.63,13.44,12.87,13.4,13.81,14.53,14.46,14.31
QV2M,2018,0.5,41.25,11.97,13.41,15.62,17.4,17.28,14.88,13.73,13.18,13.85,14.26,14.87,14.79,14.61
QV2M,2018,0.5,41.875,12.43,13.88,15.31,17.43,17.75,15.27,14.03,13.53,14.15,14.56,15.07,15.12,14.88
QV2M,2018,1.0,34.375,9.68,9.85,12.47,13.11,13.14,12.76,12.19,12.1,12.0,12.47,12.61,11.81,12.03
QV2M,2018,1.0,35.0,9.26,9.58,11.91,12.79,12.91,12.52,12.25,11.9,11.65,11.99,12.28,11.47,11.72
QV2M,2018,1.0,35.625,7.76,8.84,11.69,12.99,13.15,12.71,12.07,11.1,10.19,10.54,11.15,10.68,11.08
QV2M,2018,1.0,36.25,8.12,9.23,12.25,13.93,14.21,13.73,12.69,11.72,10.53,10.98,11.86,11.4,11.73
QV2M,2018,1.0,36.875,8.3,9.78,12.19,13.35,13.22,12.43,11.23,10.44,9.75,10.57,11.96,11.61,11.24
QV2M,2018,1.0,37.5,8.83,10.32,13.24,14.74,13.97,12.58,11.08,10.36,10.17,11.19,12.74,12.4,11.81
QV2M,2018,1.0,38.125,9.09,10.88,13.88,15.23,13.74,12.09,10.85,10.35,10.77,11.77,13.23,12.84,12.06
QV2M,2018,1.0,38.75,9.52,11.39,14.47,15.77,14.43,12.46,11.43,11.03,11.69,12.43,13.67,13.33,12.64
QV2M,2018,1.0,39.375,9.77,11.75,14.99,16.65,15.79,13.24,12.2,11.74,12.37,12.97,14.02,13.73,13.27
QV2M,2018,1.0,40.0,10.2,12.12,15.72,17.4,16.78,13.95,12.78,12.27,12.76,13.25,14.22,14.08,13.8
QV2M,2018,1.0,40.625,10.68,12.53,15.71,17.52,17.22,14.48,13.17,12.59,13.06,13.56,14.58,14.48,14.14
QV2M,2018,1.0,41.25,11.19,12.95,15.32,17.28,17.14,14.76,13.52,12.9,13.51,13.99,14.9,14.88,14.37
QV2M,2018,1.0,41.875,11.66,13.38,14.86,17.29,17.71,14.96,13.63,13.19,13.78,14.24,14.92,14.93,14.55
QV2M,2018,1.5,34.375,8.52,9.13,13.23,14.24,14.38,14.04,13.46,13.23,12.92,13.37,12.85,11.7,12.61
QV2M,2018,1.5,35.0,8.31,9.09,12.27,13.64,13.92,13.57,13.07,12.54,11.66,11.99,12.08,11.22,11.96
QV2M,2018,1.5,35.625,7.76,9.14,12.15,13.95,14.08,13.4,12.43,11.25,9.99,10.75,11.52,11.11,11.47
QV2M,2018,1.5,36.25,7.91,9.45,12.63,14.25,14.25,13.53,12.19,11.06,9.79,10.62,11.66,11.42,11.57
QV2M,2018,1.5,36.875,8.21,9.94,12.47,13.93,13.47,12.25,10.98,10.2,9.78,10.75,12.11,11.64,11.31
QV2M,2018,1.5,37.5,8.61,10.47,13.36,14.94,13.77,12.22,10.9,10.22,10.26,11.32,12.71,12.31,11.76
QV2M,2018,1.5,38.125,8.93,10.97,14.09,15.49,13.67,12.11,10.97,10.5,10.97,11.97,13.25,12.86,12.15
QV2M,2018,1.5,38.75,9.03,11.28,14.93,16.28,14.74,12.59,11.48,11.07,11.7,12.54,13.73,13.37,12.73
QV2M,2018,1.5,39.375,9.25,11.54,15.08,16.93,16.08,13.46,12.28,11.73,12.2,12.85,13.94,13.66,13.25
QV2M,2018,1.5,40.0,9.35,11.81,15.06,17.04,16.49,13.87,12.63,12.06,12.5,13.1,14.23,13.98,13.51
QV2M,2018,1.5,40.625,9.9,12.11,15.28,17.33,17.13,14.49,13.02,12.37,12.78,13.35,14.77,14.54,13.93
QV2M,2018,1.5,41.25,10.54,12.42,14.62,17.19,17.26,14.47,13.19,12.67,13.17,13.69,14.79,14.66,14.06
QV2M,2018,1.5,41.875,10.78,12.81,14.58,17.29,17.8,14.72,13.3,12.85,13.41,13.98,15.09,14.77,14.28
QV2M,2018,2.0,34.375,7.92,9.25,13.24,14.54,14.84,14.52,13.79,13.2,12.1,12.78,12.13,11.26,12.48
QV2M,2018,2.0,35.0,7.74,9.22,12.35,13.96,14.27,13.92,12.98,11.92,10.5,11.12,11.58,11.05,11.73
QV2M,2018,2.0,35.625,7.75,9.44,12.4,14.1,13.96,13.33,11.95,10.66,9.4,10.56,11.43,11.24,11.36
QV2M,2018,2.0,36.25,7.91,9.74,13.06,14.66,14.15,13.19,11.54,10.35,9.61,10.66,11.72,11.6,11.52
QV2M,2018,2.0,36.875,8.07,10.14,12.78,14.17,13.41,12.13,10.95,10.18,10.02,11.04,12.21,11.77,11.41
QV2M,2018,2.0,37.5,8.39,10.58,13.64,15.38,14.17,12.44,11.06,10.35,10.52,11.64,12.83,12.41,11.95
QV2M,2018,2.0,38.125,8.47,10.83,14.29,15.96,14.3,12.45,11.16,10.64,11.09,12.23,13.32,12.83,12.3
QV2M,2018,2.0,38.75,8.41,11.02,14.5,16.41,15.1,12.85,11.7,11.18,11.67,12.58,13.62,13.12,12.68
QV2M,2018,2.0,39.375,8.37,11.18,14.6,16.86,16.25,13.72,12.36,11.72,12.0,12.76,14.06,13.52,13.12
QV2M,2018,2.0,40.0,8.42,11.36,14.71,16.94,16.61,14.0,12.6,11.95,12.23,12.96,14.36,13.74,13.33
QV2M,2018,2.0,40.625,8.69,11.58,15.26,17.22,16.97,14.3,12.7,12.05,12.46,13.23,15.26,14.37,13.68
QV2M,2018,2.0,41.25,9.37,11.86,14.84,17.36,17.37,14.48,13.01,12.4,12.81,13.49,15.3,14.47,13.9
QV2M,2018,2.0,41.875,9.71,12.16,14.52,17.18,17.51,14.42,12.91,12.53,13.03,13.79,15.64,14.3,13.98
QV2M,2018,2.5,34.375,7.75,9.46,12.73,14.08,14.44,14.11,12.93,12.16,10.87,11.58,11.45,10.96,11.89
QV2M,2018,2.5,35.0,7.87,9.64,12.53,14.28,14.57,14.08,12.6,11.42,10.27,11.03,11.56,11.24,11.77
QV2M,2018,2.5,35.625,7.82,9.89,12.74,14.39,14.24,13.56,11.8,10.63,9.82,10.86,11.7,11.49,11.58
QV2M,2018,2.5,36.25,8.98,11.01,13.77,15.07,14.33,13.16,11.75,10.96,10.89,11.76,12.68,12.46,12.24
QV2M,2018,2.5,36.875,8.23,10.57,13.39,14.78,13.8,12.47,11.27,10.48,10.53,11.57,12.55,12.17,11.82
QV2M,2018,2.5,37.5,7.81,10.43,13.87,15.67,14.26,12.4,10.96,10.33,10.63,11.8,12.78,12.28,11.94
QV2M,2018,2.5,38.125,7.59,10.53,13.94,15.95,14.53,12.47,11.23,10.67,11.07,12.18,13.2,12.39,12.15
QV2M,2018,2.5,38.75,7.4,10.62,14.17,16.54,15.29,12.88,11.69,11.13,11.49,12.49,13.55,12.57,12.49
QV2M,2018,2.5,39.375,7.34,10.73,14.1,16.69,16.16,13.53,12.18,11.52,11.74,12.67,13.88,12.78,12.78
QV2M,2018,2.5,40.0,7.6,10.9,14.24,16.62,16.36,13.85,12.39,11.73,11.95,12.8,14.21,13.0,12.97
QV2M,2018,2.5,40.625,7.99,11.2,14.47,16.65,16.42,13.92,12.4,11.77,12.17,13.0,14.77,13.49,13.19
QV2M,2018,2.5,41.25,8.4,11.46,13.87,16.74,16.66,13.98,12.67,12.14,12.54,13.25,14.73,13.37,13.32
QV2M,2018,2.5,41.875,8.96,11.64,13.66,16.64,16.79,14.0,12.67,12.27,12.74,13.53,15.2,13.78,13.49
QV2M,2018,3.0,34.375,7.65,9.69,12.85,14.09,14.62,14.05,13.05,12.3,11.19,11.86,11.75,10.98,12.02
QV2M,2018,3.0,35.0,7.61,10.01,13.01,14.91,15.13,14.17,12.22,11.25,10.41,11.4,11.88,11.51,11.97
QV2M,2018,3.0,35.625,7.94,10.46,13.45,15.08,14.36,13.19,11.49,10.6,10.49,11.46,12.27,12.13,11.91
QV2M,2018,3.0,36.25,10.08,12.2,14.63,15.87,14.97,13.72,12.32,11.73,11.89,12.83,13.69,13.52,13.12
QV2M,2018,3.0,36.875,7.8,10.33,13.63,15.2,13.86,12.35,10.96,10.32,10.49,11.62,12.53,11.96,11.76
QV2M,2018,3.0,37.5,7.17,10.2,13.86,15.82,14.29,12.35,10.95,10.38,10.68,11.89,12.86,11.93,11.87
QV2M,2018,3.0,38.125,6.79,10.21,13.8,15.94,14.6,12.54,11.32,10.66,10.95,12.14,13.18,11.94,12.01
QV2M,2018,3.0,38.75,6.64,10.23,13.98,16.37,15.23,12.89,11.66,10.95,11.22,12.42,13.5,11.92,12.25
QV2M,2018,3.0,39.375,6.69,10.29,13.56,16.34,15.75,13.17,11.93,11.26,11.41,12.53,13.51,11.89,12.36
QV2M,2018,3.0,40.0,6.93,10.48,13.69,16.26,15.93,13.39,12.06,11.41,11.59,12.65,13.8,12.1,12.53
QV2M,2018,3.0,40.625,7.37,10.73,13.49,16.05,15.76,13.45,12.08,11.5,11.85,12.74,14.07,12.39,12.63
QV2M,2018,3.0,41.25,7.76,10.89,13.16,16.13,15.93,13.49,12.28,11.77,12.15,12.97,14.27,12.53,12.78
QV2M,2018,3.0,41.875,8.39,11.03,13.08,16.08,16.03,13.49,12.31,11.88,12.28,13.17,14.84,13.15,12.98
QV2M,2018,3.5,34.375,7.49,10.01,13.17,14.58,14.95,14.15,12.68,11.73,11.14,12.06,12.16,11.33,12.13
QV2M,2018,3.5,35.0,7.5,10.44,13.6,15.62,15.77,14.48,12.31,11.45,10.67,11.9,12.4,11.94,12.35
QV2M,2018,3.5,35.625,8.26,11.04,14.03,15.91,15.25,13.71,11.88,10.82,10.82,11.93,12.81,12.55,12.42
QV2M,2018,3.5,36.25,9.84,12.2,14.66,16.02,15.15,13.68,12.42,11.83,12.06,13.06,13.9,13.4,13.19
QV2M,2018,3.5,36.875,7.08,9.97,13.74,15.67,14.47,12.61,11.13,10.34,10.41,11.68,12.66,11.64,11.79
QV2M,2018,3.5,37.5,6.56,9.85,13.5,15.55,14.26,12.41,11.01,10.39,10.56,11.81,12.67,11.44,11.67
QV2M,2018,3.5,38.125,6.27,9.81,13.33,15.64,14.58,12.63,11.44,10.77,10.84,12.12,13.0,11.42,11.82
QV2M,2018,3.5,38.75,6.22,9.71,13.12,15.77,15.03,12.89,11.66,10.93,11.04,12.28,13.02,11.13,11.9
QV2M,2018,3.5,39.375,6.34,9.84,13.07,15.7,15.22,13.03,11.76,11.08,11.15,12.36,13.12,11.24,12.0
QV2M,2018,3.5,40.0,6.51,10.03,13.3,16.0,15.69,13.07,11.75,11.12,11.21,12.45,13.4,11.41,12.17
QV2M,2018,3.5,40.625,6.88,10.23,13.36,15.88,15.39,13.0,11.69,11.15,11.43,12.59,13.84,11.69,12.26
QV2M,2018,3.5,41.25,7.41,10.57,12.88,15.94,15.52,13.14,11.98,11.48,11.78,12.78,14.0,12.1,12.47
QV2M,2018,3.5,41.875,7.85,10.7,12.74,16.24,15.78,13.21,12.02,11.59,11.93,12.97,14.47,12.55,12.67
QV2M,2018,4.0,34.375,7.3,10.48,13.91,15.47,15.62,14.61,12.89,11.84,11.2,12.98,12.89,12.02,12.61
QV2M,2018,4.0,35.0,7.51,11.05,14.12,16.11,16.21,14.87,12.63,11.47,10.81,12.77,12.94,12.52,12.75
QV2M,2018,4.0,35.625,8.25,11.38,13.99,16.02,15.84,14.25,12.23,11.32,11.06,12.34,13.23,12.59,12.71
QV2M,2018,4.0,36.25,9.95,12.41,14.65,16.32,15.77,14.02,12.71,12.14,12.39,13.39,14.11,13.33,13.43
QV2M,2018,4.0,36.875,6.79,9.75,13.32,15.71,14.94,12.81,11.19,10.43,10.31,11.61,12.37,11.18,11.7
QV2M,2018,4.0,37.5,6.24,9.4,13.0,15.6,14.8,12.69,11.18,10.45,10.39,11.64,12.24,10.75,11.54
QV2M,2018,4.0,38.125,6.24,9.25,12.57,14.99,14.39,12.64,11.32,10.69,10.66,11.79,12.31,10.55,11.45
QV2M,2018,4.0,38.75,5.97,9.28,12.57,14.72,14.17,12.54,11.33,10.77,10.59,11.79,12.43,10.64,11.4
QV2M,2018,4.0,39.375,6.04,9.5,13.01,15.27,14.69,12.71,11.48,10.7,10.71,12.05,12.85,10.86,11.66
QV2M,2018,4.0,40.0,6.21,9.56,12.99,15.59,15.24,12.78,11.54,10.76,10.88,12.22,12.84,10.65,11.78
QV2M,2018,4.0,40.625,6.6,9.87,13.01,15.62,15.04,12.61,11.36,10.82,11.04,12.44,13.31,11.28,11.92
QV2M,2018,4.0,41.25,7.24,10.2,12.6,15.89,15.21,12.81,11.64,11.13,11.4,12.66,13.58,11.73,12.18
QV2M,2018,4.0,41.875,7.68,10.31,12.43,16.48,15.67,12.99,11.8,11.3,11.64,12.94,14.01,11.99,12.44
QV2M,2018,4.5,34.375,7.25,10.86,14.37,16.13,16.18,14.71,12.52,11.89,11.21,13.8,13.3,12.49,12.9
QV2M,2018,4.5,35.0,7.53,11.48,14.67,16.41,16.46,15.09,12.79,11.8,11.01,13.62,13.61,12.98,13.12
QV2M,2018,4.5,35.625,8.01,11.42,14.18,16.42,16.37,14.83,12.63,11.68,11.02,12.72,13.39,12.63,12.94
QV2M,2018,4.5,36.25,8.53,11.17,14.06,16.48,16.15,14.29,12.18,11.38,11.11,12.66,13.05,12.43,12.79
QV2M,2018,4.5,36.875,7.59,10.12,13.36,15.88,15.47,13.5,11.73,11.08,10.77,12.13,12.43,11.23,12.11
QV2M,2018,4.5,37.5,6.19,9.1,12.79,15.22,14.8,13.02,11.3,10.41,10.15,11.62,11.77,10.21,11.39
QV2M,2018,4.5,38.125,6.05,9.0,12.14,14.23,13.83,12.5,11.12,10.6,10.2,11.4,11.77,9.95,11.07
QV2M,2018,4.5,38.75,6.01,9.15,12.48,14.72,14.21,12.67,11.29,10.67,10.33,11.68,12.14,10.1,11.29
QV2M,2018,4.5,39.375,5.84,9.12,12.64,15.29,14.73,12.62,11.29,10.54,10.47,11.9,12.25,10.14,11.41
QV2M,2018,4.5,40.0,5.92,9.26,12.38,15.07,14.72,12.5,11.24,10.57,10.61,11.95,12.18,10.11,11.38
QV2M,2018,4.5,40.625,6.32,9.51,12.19,15.22,14.64,12.35,11.13,10.54,10.77,12.2,12.56,10.59,11.5
QV2M,2018,4.5,41.25,6.97,9.8,11.94,15.46,14.8,12.48,11.41,10.83,11.11,12.5,12.95,11.09,11.78
QV2M,2018,4.5,41.875,7.14,9.87,11.71,16.41,15.46,12.73,11.56,11.06,11.41,12.95,13.65,11.24,12.1
QV2M,2019,-0.5,34.375,13.04,11.89,13.39,14.61,14.41,14.13,12.94,13.11,13.45,14.28,14.99,14.71,13.76
QV2M,2019,-0.5,35.0,11.86,11.28,11.55,12.83,13.36,13.41,12.41,12.3,12.52,13.15,13.96,13.88,12.72
QV2M,2019,-0.5,35.625,10.33,10.27,9.77,10.88,11.43,11.61,10.7,10.61,10.69,11.25,11.86,11.9,10.94
QV2M,2019,-0.5,36.25,10.5,10.48,9.92,11.26,11.47,11.75,10.75,10.6,10.65,11.42,12.01,12.11,11.08
QV2M,2019,-0.5,36.875,10.75,10.67,10.0,11.69,11.54,11.69,10.54,10.29,10.34,11.9,12.47,12.63,11.21
QV2M,2019,-0.5,37.5,11.62,11.36,10.7,12.7,12.59,12.14,10.96,10.77,10.98,13.08,13.89,14.23,12.09
QV2M,2019,-0.5,38.125,12.55,11.85,11.51,13.73,13.33,11.57,10.81,10.74,10.98,13.92,14.88,15.6,12.63
QV2M,2019,-0.5,38.75,12.9,12.47,12.43,14.71,14.48,12.12,11.54,11.55,11.96,14.97,15.83,16.5,13.46
QV2M,2019,-0.5,39.375,12.86,12.96,13.01,15.48,15.85,13.21,12.62,12.5,13.13,15.79,16.43,17.06,14.25
QV2M,2019,-0.5,40.0,13.27,13.48,13.61,15.84,16.54,14.17,13.47,13.17,13.72,16.23,16.66,17.27,14.79
QV2M,2019,-0.5,40.625,13.59,13.98,14.22,16.03,17.35,15.39,14.42,13.78,14.21,16.63,16.98,17.7,15.36
QV2M,2019,-0.5,41.25,14.13,14.53,14.84,16.37,17.84,15.91,14.75,14.08,14.53,16.96,17.19,17.94,15.76
QV2M,2019,-0.5,41.875,15.0,15.43,15.78,16.91,18.12,16.46,15.31,14.91,15.22,17.29,17.34,17.89,16.31
QV2M,2019,-1.0,34.375,13.46,12.88,13.16,13.93,14.43,13.73,12.16,12.26,12.67,13.33,14.52,14.74,13.44
QV2M,2019,-1.0,35.0,11.91,11.27,10.94,11.93,12.74,12.95,11.71,11.39,11.61,12.13,13.22,13.68,12.13
QV2M,2019,-1.0,35.625,10.28,9.74,8.67,10.57,11.6,12.22,11.04,10.61,10.74,11.32,12.17,12.9,10.99
QV2M,2019,-1.0,36.25,10.25,9.88,9.17,11.06,11.39,11.87,10.69,10.39,10.39,11.48,12.2,12.78,10.97
QV2M,2019,-1.0,36.875,11.08,10.62,9.77,11.76,11.6,11.68,10.24,9.97,9.92,11.86,12.87,13.51,11.24
QV2M,2019,-1.0,37.5,12.17,11.61,10.92,13.01,12.69,12.06,10.86,10.65,10.71,13.06,14.02,14.71,12.21
QV2M,2019,-1.0,38.125,12.19,11.81,11.58,13.83,13.37,11.51,10.87,10.88,11.09,13.96,14.67,15.08,12.57
QV2M,2019,-1.0,38.75,13.01,12.64,12.63,15.04,14.78,12.24,11.72,11.75,12.17,15.31,16.09,16.47,13.66
QV2M,2019,-1.0,39.375,13.18,13.21,13.3,16.02,16.14,13.22,12.72,12.65,13.34,16.09,16.72,17.15,14.48
QV2M,2019,-1.0,40.0,13.67,13.8,13.96,16.45,16.84,14.3,13.58,13.35,13.95,16.55,17.05,17.56,15.1
QV2M,2019,-1.0,40.625,14.07,14.41,14.61,16.51,17.58,15.68,14.73,14.11,14.55,16.86,17.24,17.99,15.7
QV2M,2019,-1.0,41.25,14.7,15.08,15.3,16.85,17.97,16.26,15.15,14.44,14.89,17.1,17.37,18.17,16.11
QV2M,2019,-1.0,41.875,16.35,16.78,17.14,18.23,18.72,17.08,16.01,15.62,15.99,17.87,17.97,18.62,17.2
QV2M,2019,-1.5,34.375,13.55,12.86,12.88,13.32,13.63,12.95,11.18,11.05,11.81,12.68,13.99,14.74,12.89
QV2M,2019,-1.5,35.0,12.14,11.29,10.99,11.72,12.53,12.65,11.06,10.59,11.06,11.73,13.06,13.97,11.9
QV2M,2019,-1.5,35.625,10.72,10.03,9.64,11.09,12.02,11.91,10.76,10.34,10.47,11.56,12.6,13.16,11.2
QV2M,2019,-1.5,36.25,10.73,9.97,9.48,11.7,12.29,12.39,10.82,10.5,10.45,11.86,12.95,13.97,11.43
QV2M,2019,-1.5,36.875,11.04,10.42,9.62,11.86,11.79,11.71,9.92,9.9,9.89,11.82,12.84,13.51,11.2
QV2M,2019,-1.5,37.5,11.82,11.29,10.64,12.81,12.42,11.58,10.4,10.39,10.47,12.86,13.9,14.53,11.93
QV2M,2019,-1.5,38.125,12.78,12.37,12.01,13.91,13.46,11.65,11.04,11.1,11.31,13.96,14.83,15.41,12.82
QV2M,2019,-1.5,38.75,13.29,12.94,12.88,15.11,14.92,12.36,11.91,11.95,12.37,15.34,16.07,16.4,13.8
QV2M,2019,-1.5,39.375,13.64,13.47,13.65,16.28,16.11,13.42,12.83,12.83,13.43,16.14,16.85,17.27,14.67
QV2M,2019,-1.5,40.0,13.99,14.08,14.34,17.08,17.13,14.66,13.82,13.6,14.27,16.77,17.4,17.96,15.43
QV2M,2019,-1.5,40.625,14.49,14.71,14.96,17.03,17.8,15.99,15.07,14.47,14.93,17.17,17.53,18.19,16.04
QV2M,2019,-1.5,41.25,15.25,15.55,15.78,17.38,18.16,16.6,15.51,14.82,15.31,17.41,17.69,18.44,16.5
QV2M,2019,-1.5,41.875,17.56,17.93,18.38,19.36,19.25,17.57,16.61,16.29,16.72,18.42,18.55,19.12,17.98
QV2M,2019,-1.7975103014118005e-13,34.375,13.06,12.77,13.46,15.05,15.12,14.39,13.44,13.66,13.98,14.85,15.17,14.65,14.14
QV2M,2019,-1.7975103014118005e-13,35.0,11.78,11.46,11.65,13.23,13.9,13.74,12.86,12.95,13.22,13.87,14.28,13.84,13.07
QV2M,2019,-1.7975103014118005e-13,35.625,10.56,10.47,10.12,11.3,11.96,12.14,11.37,11.41,11.43,11.93,12.4,12.29,11.45
QV2M,2019,-1.7975103014118005e-13,36.25,10.2,9.97,9.48,11.0,11.89,12.52,11.6,11.49,11.44,12.04,12.6,12.69,11.42
QV2M,2019,-1.7975103014118005e-13,36.875,10.26,10.3,9.7,11.11,11.4,11.79,10.75,10.51,10.53,11.71,12.31,12.7,11.09
QV2M,2019,-1.7975103014118005e-13,37.5,10.85,10.82,10.35,11.92,11.67,11.33,10.37,10.11,10.27,12.28,12.9,13.07,11.33
QV2M,2019,-1.7975103014118005e-13,38.125,12.48,11.96,11.56,13.6,13.19,11.62,10.75,10.61,10.88,14.03,15.0,15.76,12.62
QV2M,2019,-1.7975103014118005e-13,38.75,12.65,12.38,12.3,14.43,14.3,12.1,11.46,11.43,11.85,14.91,15.7,16.59,13.35
QV2M,2019,-1.7975103014118005e-13,39.375,12.6,12.69,12.8,14.92,15.56,13.19,12.56,12.38,12.92,15.67,16.11,17.05,14.05
QV2M,2019,-1.7975103014118005e-13,40.0,12.9,13.15,13.36,15.22,16.22,14.12,13.42,13.03,13.47,16.08,16.36,17.23,14.56
QV2M,2019,-1.7975103014118005e-13,40.625,13.15,13.55,13.91,15.56,17.02,15.17,14.16,13.46,13.87,16.7,16.78,17.47,15.08
QV2M,2019,-1.7975103014118005e-13,41.25,13.62,14.03,14.47,15.89,17.51,15.57,14.34,13.72,14.21,17.08,17.0,17.56,15.43
QV2M,2019,-1.7975103014118005e-13,41.875,14.13,14.56,15.04,16.17,17.66,15.95,14.76,14.39,14.67,17.27,17.14,17.44,15.77
QV2M,2019,-2.0,34.375,13.89,13.11,12.87,13.16,13.1,11.85,9.87,10.1,11.33,12.39,13.82,14.83,12.52
QV2M,2019,-2.0,35.0,12.47,11.78,11.39,11.89,12.2,11.9,10.15,9.72,10.48,11.71,12.98,14.03,11.72
QV2M,2019,-2.0,35.625,11.09,10.52,9.88,11.53,12.11,11.42,10.09,9.86,10.11,11.84,12.77,13.29,11.21
QV2M,2019,-2.0,36.25,11.44,10.68,10.3,12.37,12.8,12.01,10.48,10.2,10.42,12.52,13.56,14.52,11.78
QV2M,2019,-2.0,36.875,11.12,10.55,9.85,12.15,12.18,11.48,9.8,9.92,10.01,12.19,13.22,13.83,11.36
QV2M,2019,-2.0,37.5,12.18,11.61,10.96,13.02,12.73,11.51,10.29,10.43,10.54,13.06,14.09,14.75,12.1
QV2M,2019,-2.0,38.125,13.13,12.82,12.38,13.99,13.58,11.52,11.02,11.19,11.41,14.08,14.94,15.57,12.97
QV2M,2019,-2.0,38.75,13.73,13.41,13.32,15.24,15.06,12.48,12.1,12.17,12.59,15.51,16.21,16.59,14.04
QV2M,2019,-2.0,39.375,14.08,13.97,14.19,16.53,16.27,13.72,13.11,13.08,13.68,16.25,17.0,17.44,14.95
QV2M,2019,-2.0,40.0,14.46,14.56,14.93,17.41,17.3,14.82,13.93,13.8,14.42,16.97,17.68,18.23,15.71
QV2M,2019,-2.0,40.625,15.31,15.49,15.81,17.9,18.19,16.45,15.49,14.91,15.42,17.59,18.05,18.65,16.61
QV2M,2019,-2.0,41.25,17.0,17.26,17.66,18.86,18.78,17.21,16.26,15.79,16.28,18.13,18.35,18.92,17.54
QV2M,2019,-2.0,41.875,18.19,18.47,18.93,19.89,19.52,17.77,16.89,16.65,17.09,18.62,18.79,19.31,18.34
QV2M,2019,-2.5,34.375,14.26,13.65,12.9,13.33,12.45,11.08,9.04,9.47,11.12,12.44,13.75,14.82,12.35
QV2M,2019,-2.5,35.0,12.94,12.84,11.84,12.34,11.88,11.22,9.21,9.29,10.0,11.65,12.87,14.0,11.66
QV2M,2019,-2.5,35.625,12.34,12.11,10.58,11.92,12.37,11.24,9.41,9.42,9.64,12.34,13.39,14.15,11.57
QV2M,2019,-2.5,36.25,12.22,11.75,10.78,12.43,12.86,11.42,10.06,9.99,10.1,12.83,13.76,14.75,11.91
QV2M,2019,-2.5,36.875,12.27,11.68,10.52,12.38,12.9,11.61,9.86,9.9,9.98,12.75,13.82,14.72,11.87
QV2M,2019,-2.5,37.5,13.12,12.65,11.56,13.06,13.05,11.57,10.35,10.32,10.49,13.16,14.34,15.17,12.4
QV2M,2019,-2.5,38.125,13.85,13.37,12.56,14.06,13.76,11.57,11.02,11.22,11.41,14.17,15.09,15.73,13.15
QV2M,2019,-2.5,38.75,14.44,13.98,13.7,15.42,15.24,12.58,12.24,12.33,12.73,15.57,16.37,16.85,14.29
QV2M,2019,-2.5,39.375,14.72,14.58,14.67,16.76,16.52,14.13,13.47,13.39,13.97,16.39,17.19,17.68,15.29
QV2M,2019,-2.5,40.0,15.4,15.49,15.82,17.66,17.55,15.26,14.28,14.19,14.78,17.23,17.92,18.49,16.18
QV2M,2019,-2.5,40.625,16.99,17.17,17.56,19.09,18.76,17.03,16.11,15.72,16.26,18.18,18.58,19.12,17.55
QV2M,2019,-2.5,41.25,18.37,18.58,18.95,20.11,19.39,17.64,16.83,16.56,17.07,18.62,18.86,19.36,18.36
QV2M,2019,-2.5,41.875,18.29,18.42,18.84,19.83,19.52,17.77,16.88,16.62,17.08,18.63,18.8,19.34,18.33
QV2M,2019,-3.0,34.375,14.25,14.07,13.0,13.3,12.2,10.7,9.05,9.23,10.43,11.62,13.21,14.79,12.14
QV2M,2019,-3.0,35.0,13.53,13.59,12.57,12.89,12.14,11.06,9.26,9.37,9.81,11.61,12.97,14.09,11.9
QV2M,2019,-3.0,35.625,12.66,12.71,12.09,12.7,11.99,10.99,9.75,9.68,9.72,11.68,12.76,13.21,11.65
QV2M,2019,-3.0,36.25,13.22,13.11,11.49,12.65,12.8,11.23,9.83,9.88,10.01,12.79,13.98,14.67,12.13
QV2M,2019,-3.0,36.875,13.56,13.46,12.52,13.25,13.29,11.95,11.1,11.04,11.13,13.19,14.25,14.78,12.79
QV2M,2019,-3.0,37.5,12.74,12.59,11.59,12.49,12.32,10.95,10.14,10.13,10.26,12.16,13.16,13.84,11.86
QV2M,2019,-3.0,38.125,14.15,13.7,12.87,14.21,13.87,11.66,11.21,11.36,11.58,14.08,15.01,15.67,13.28
QV2M,2019,-3.0,38.75,14.89,14.43,13.84,15.58,15.46,12.67,12.4,12.49,12.86,15.64,16.46,17.02,14.48
QV2M,2019,-3.0,39.375,15.32,15.11,14.99,16.98,16.86,14.53,13.9,13.77,14.3,16.67,17.44,18.0,15.66
QV2M,2019,-3.0,40.0,16.45,16.47,16.64,18.19,17.98,15.7,14.75,14.7,15.28,17.57,18.17,18.7,16.72
QV2M,2019,-3.0,40.625,18.37,18.58,18.88,20.09,19.21,17.38,16.59,16.44,16.93,18.47,18.85,19.36,18.26
QV2M,2019,-3.0,41.25,18.49,18.66,18.89,20.02,19.39,17.63,16.8,16.52,17.05,18.57,18.81,19.37,18.35
QV2M,2019,-3.0,41.875,18.43,18.48,18.82,19.86,19.49,17.74,16.85,16.58,17.06,18.63,18.82,19.36,18.34
QV2M,2019,-3.5,34.375,14.95,14.89,14.0,14.08,12.7,10.9,9.18,9.31,9.91,11.7,13.35,15.09,12.49
QV2M,2019,-3.5,35.0,14.15,14.24,13.31,13.64,12.76,11.26,9.85,9.98,10.24,12.08,13.24,14.45,12.42
QV2M,2019,-3.5,35.625,13.36,13.33,12.22,13.04,12.56,11.06,9.91,9.8,9.85,12.1,13.14,13.97,12.02
QV2M,2019,-3.5,36.25,13.66,13.52,12.32,13.18,12.87,11.2,9.9,9.97,10.1,12.63,13.69,14.65,12.3
QV2M,2019,-3.5,36.875,14.31,14.22,12.91,13.78,13.5,11.63,10.75,10.62,10.64,13.41,14.45,15.21,12.95
QV2M,2019,-3.5,37.5,13.49,13.11,11.81,13.75,13.92,11.76,11.01,10.94,11.12,13.85,14.69,15.69,12.93
QV2M,2019,-3.5,38.125,13.83,13.51,12.73,14.28,14.05,11.63,11.31,11.49,11.79,14.17,14.91,15.54,13.27
QV2M,2019,-3.5,38.75,15.06,14.74,14.2,15.74,15.5,12.88,12.68,12.76,13.16,15.45,16.17,16.77,14.59
QV2M,2019,-3.5,39.375,15.74,15.48,15.3,17.22,17.11,14.83,14.26,14.11,14.55,16.79,17.46,18.05,15.91
QV2M,2019,-3.5,40.0,17.58,17.61,17.8,19.19,18.58,16.35,15.52,15.55,16.11,18.03,18.51,19.12,17.49
QV2M,2019,-3.5,40.625,18.65,18.8,18.98,20.13,19.25,17.39,16.6,16.47,16.93,18.43,18.76,19.4,18.31
QV2M,2019,-3.5,41.25,18.67,18.79,18.94,20.07,19.38,17.61,16.75,16.49,17.02,18.55,18.81,19.41,18.37
QV2M,2019,-3.5,41.875,18.57,18.59,18.85,19.9,19.46,17.7,16.81,16.53,17.03,18.61,18.81,19.38,18.35
QV2M,2019,-4.0,34.375,14.98,14.85,14.3,14.64,13.11,10.99,9.44,9.29,9.63,11.66,13.25,15.18,12.6
QV2M,2019,-4.0,35.0,13.93,13.87,13.22,13.69,12.54,10.83,9.47,9.62,9.66,11.55,12.7,14.19,12.1
QV2M,2019,-4.0,35.625,13.42,13.45,12.53,13.2,12.49,10.85,9.77,9.85,9.84,11.83,12.75,13.68,11.96
QV2M,2019,-4.0,36.25,13.75,13.68,12.66,13.47,12.87,11.02,9.93,10.05,10.15,12.34,13.23,14.29,12.28
QV2M,2019,-4.0,36.875,13.59,13.41,12.53,13.63,13.16,11.18,10.4,10.5,10.63,12.88,13.65,14.64,12.51
QV2M,2019,-4.0,37.5,13.96,13.68,12.91,14.31,14.01,11.7,11.1,11.14,11.31,13.83,14.58,15.46,13.16
QV2M,2019,-4.0,38.125,14.04,13.86,13.3,14.88,14.6,11.93,11.6,11.75,12.1,14.71,15.35,15.86,13.66
QV2M,2019,-4.0,38.75,15.03,14.88,14.42,16.14,15.99,13.16,13.02,13.1,13.55,15.95,16.48,16.97,14.89
QV2M,2019,-4.0,39.375,16.07,15.99,15.85,17.54,17.61,15.27,14.6,14.45,14.85,17.15,17.65,18.25,16.28
QV2M,2019,-4.0,40.0,18.49,18.59,18.74,19.82,18.94,16.93,16.17,16.19,16.7,18.21,18.6,19.38,18.06
QV2M,2019,-4.0,40.625,18.85,18.9,19.06,20.07,19.24,17.36,16.55,16.45,16.91,18.38,18.68,19.44,18.32
QV2M,2019,-4.0,41.25,18.82,18.84,19.0,20.07,19.36,17.56,16.69,16.43,16.96,18.51,18.76,19.43,18.37
QV2M,2019,-4.0,41.875,18.7,18.67,18.88,19.95,19.43,17.65,16.74,16.47,16.99,18.59,18.75,19.38,18.35
QV2M,2019,-4.5,34.375,14.39,14.2,13.96,14.61,13.01,10.89,9.65,9.4,9.55,11.27,12.8,14.65,12.35
QV2M,2019,-4.5,35.0,13.57,13.4,12.99,13.63,12.37,10.45,9.26,9.4,9.45,11.37,12.44,13.77,11.83
QV2M,2019,-4.5,35.625,13.29,13.2,12.47,13.2,12.29,10.32,9.36,9.6,9.71,11.76,12.55,13.26,11.74
QV2M,2019,-4.5,36.25,13.99,13.94,13.15,13.9,13.0,10.88,9.91,10.18,10.35,12.57,13.3,14.21,12.44
QV2M,2019,-4.5,36.875,13.56,13.39,12.85,14.04,13.25,11.09,10.48,10.7,10.9,13.02,13.69,14.48,12.62
QV2M,2019,-4.5,37.5,14.18,13.97,13.47,14.71,14.14,11.77,11.32,11.46,11.69,13.91,14.64,15.36,13.38
QV2M,2019,-4.5,38.125,14.59,14.38,13.97,15.09,14.6,12.28,11.97,12.01,12.29,14.51,15.34,16.11,13.93
QV2M,2019,-4.5,38.75,15.74,15.59,15.34,16.53,16.22,13.58,13.3,13.35,13.78,16.09,16.75,17.54,15.32
QV2M,2019,-4.5,39.375,17.28,17.3,17.24,18.48,18.24,15.82,15.09,15.12,15.56,17.66,18.11,18.88,17.06
QV2M,2019,-4.5,40.0,18.9,19.02,19.11,19.99,19.03,17.01,16.26,16.3,16.79,18.24,18.59,19.47,18.22
QV2M,2019,-4.5,40.625,18.96,19.0,19.17,20.05,19.22,17.29,16.48,16.41,16.9,18.35,18.64,19.47,18.32
QV2M,2019,-4.5,41.25,18.9,18.86,19.07,20.08,19.32,17.5,16.61,16.37,16.92,18.48,18.72,19.43,18.35
QV2M,2019,-4.5,41.875,18.82,18.67,18.9,20.0,19.42,17.6,16.67,16.4,16.95,18.55,18.7,19.35,18.33
QV2M,2019,0.5,34.375,12.63,12.45,12.58,14.43,15.29,14.55,13.78,14.13,14.39,14.97,15.09,14.56,14.08
QV2M,2019,0.5,35.0,11.11,10.74,10.59,12.18,13.44,13.43,12.71,13.0,13.24,13.58,13.76,13.34,12.6
QV2M,2019,0.5,35.625,10.31,9.97,9.88,11.27,12.55,13.13,12.54,12.64,12.57,13.08,13.4,13.12,12.05
QV2M,2019,0.5,36.25,9.88,9.74,9.54,11.19,12.16,13.09,12.31,12.18,11.78,12.43,12.95,13.26,11.72
QV2M,2019,0.5,36.875,10.15,10.16,9.76,11.42,11.64,11.88,10.85,10.74,10.53,11.87,12.63,13.18,11.24
QV2M,2019,0.5,37.5,10.88,10.83,10.47,12.37,12.03,11.59,10.59,10.2,10.32,12.77,13.64,14.27,11.67
QV2M,2019,0.5,38.125,11.67,11.58,11.36,13.37,13.07,11.62,10.74,10.55,10.86,13.96,14.77,15.53,12.43
QV2M,2019,0.5,38.75,12.05,12.03,12.09,14.13,14.17,12.13,11.44,11.34,11.75,14.83,15.4,16.39,13.15
QV2M,2019,0.5,39.375,12.14,12.38,12.63,14.53,15.32,13.26,12.51,12.21,12.67,15.75,16.11,17.12,13.9
QV2M,2019,0.5,40.0,12.39,12.77,13.16,14.83,16.06,14.32,13.35,12.81,13.19,16.35,16.48,17.38,14.43
QV2M,2019,0.5,40.625,12.71,13.17,13.69,15.18,16.71,15.04,13.85,13.13,13.53,16.97,16.85,17.44,14.87
QV2M,2019,0.5,41.25,13.12,13.59,14.19,15.52,16.99,15.11,13.94,13.42,13.94,17.06,16.88,17.21,15.09
QV2M,2019,0.5,41.875,13.49,14.04,14.69,15.83,17.22,15.51,14.32,13.99,14.32,17.3,17.09,17.12,15.42
QV2M,2019,1.0,34.375,10.5,10.59,10.63,12.46,13.34,13.07,12.3,12.65,12.64,13.16,13.32,12.97,12.31
QV2M,2019,1.0,35.0,9.81,9.77,9.81,11.29,12.47,12.72,12.12,12.47,12.49,12.75,12.84,12.56,11.77
QV2M,2019,1.0,35.625,9.02,9.14,9.31,10.83,11.8,12.24,11.69,11.76,11.32,11.82,12.08,12.0,11.09
QV2M,2019,1.0,36.25,9.68,9.65,9.72,11.36,12.08,13.01,12.39,12.19,11.48,12.64,13.11,13.12,11.71
QV2M,2019,1.0,36.875,10.06,10.29,10.09,11.86,11.7,11.56,10.66,10.46,10.31,12.1,12.63,12.87,11.22
QV2M,2019,1.0,37.5,10.77,10.85,10.74,12.74,12.52,11.64,10.65,10.25,10.48,13.2,13.93,14.51,11.86
QV2M,2019,1.0,38.125,11.09,11.32,11.37,13.39,13.18,11.6,10.81,10.58,10.91,13.98,14.62,15.32,12.35
QV2M,2019,1.0,38.75,11.34,11.75,12.0,14.02,14.17,12.25,11.52,11.33,11.7,14.86,15.44,16.22,13.06
QV2M,2019,1.0,39.375,11.53,12.07,12.48,14.32,15.19,13.3,12.42,12.07,12.46,15.82,16.26,16.99,13.75
QV2M,2019,1.0,40.0,11.9,12.41,12.96,14.6,15.96,14.31,13.22,12.55,12.92,16.65,16.87,17.47,14.33
QV2M,2019,1.0,40.625,12.26,12.75,13.41,14.98,16.47,14.92,13.58,12.81,13.24,17.08,17.19,17.44,14.69
QV2M,2019,1.0,41.25,12.57,13.1,13.84,15.33,16.72,15.03,13.78,13.14,13.67,17.03,17.08,17.1,14.88
QV2M,2019,1.0,41.875,12.8,13.49,14.27,15.54,16.94,15.23,13.98,13.64,13.98,17.42,17.33,17.09,15.15
QV2M,2019,1.5,34.375,9.46,9.49,10.03,12.5,14.39,14.29,13.56,13.91,13.98,14.39,14.18,13.74,12.84
QV2M,2019,1.5,35.0,9.27,9.37,9.77,11.31,12.94,13.62,12.96,13.36,13.13,13.43,13.38,13.12,12.15
QV2M,2019,1.5,35.625,9.15,9.44,9.8,11.36,12.2,12.71,12.18,12.06,11.38,12.56,13.04,12.98,11.58
QV2M,2019,1.5,36.25,9.46,9.83,10.06,11.78,12.09,12.38,11.75,11.4,10.91,12.6,13.13,13.34,11.57
QV2M,2019,1.5,36.875,9.78,10.33,10.31,12.23,12.06,11.45,10.49,10.17,10.22,12.59,13.19,13.35,11.35
QV2M,2019,1.5,37.5,10.25,10.81,11.02,13.01,12.79,11.64,10.68,10.39,10.65,13.5,14.17,14.39,11.95
QV2M,2019,1.5,38.125,10.54,11.24,11.6,13.71,13.55,11.83,11.03,10.73,11.06,14.43,14.98,15.04,12.48
QV2M,2019,1.5,38.75,10.77,11.52,12.13,14.22,14.47,12.33,11.6,11.36,11.71,15.36,15.89,15.97,13.12
QV2M,2019,1.5,39.375,11.11,11.78,12.37,14.22,15.25,13.31,12.43,11.93,12.28,16.09,16.51,16.55,13.66
QV2M,2019,1.5,40.0,11.27,12.04,12.7,14.42,15.69,13.91,12.9,12.27,12.62,16.31,16.66,16.64,13.96
QV2M,2019,1.5,40.625,11.82,12.29,13.04,14.76,16.32,14.85,13.42,12.56,12.98,16.94,17.17,17.0,14.44
QV2M,2019,1.5,41.25,12.23,12.57,13.39,15.0,16.5,15.03,13.56,12.96,13.33,17.21,17.41,17.21,14.71
QV2M,2019,1.5,41.875,12.08,12.88,13.75,15.25,16.73,15.11,13.7,13.29,13.63,17.5,17.56,17.06,14.89
QV2M,2019,2.0,34.375,8.76,9.49,10.2,12.35,14.4,14.79,13.97,14.25,13.99,14.37,13.86,13.5,12.84
QV2M,2019,2.0,35.0,8.85,9.4,10.06,11.64,12.76,13.59,12.99,13.31,12.59,13.21,13.22,13.05,12.07
QV2M,2019,2.0,35.625,9.07,9.66,10.2,11.73,12.1,12.4,11.84,11.68,10.91,12.64,13.13,12.97,11.54
QV2M,2019,2.0,36.25,9.33,10.04,10.51,12.19,12.14,11.98,11.39,10.92,10.56,12.83,13.37,13.45,11.57
QV2M,2019,2.0,36.875,9.58,10.44,10.7,12.51,12.42,11.48,10.68,10.34,10.5,13.0,13.58,13.44,11.56
QV2M,2019,2.0,37.5,9.86,10.81,11.33,13.36,13.21,11.8,10.88,10.56,10.87,14.07,14.72,14.62,12.18
QV2M,2019,2.0,38.125,9.93,11.02,11.72,13.97,13.93,12.0,11.17,10.85,11.22,14.96,15.55,15.15,12.63
QV2M,2019,2.0,38.75,10.06,11.2,12.0,14.19,14.51,12.46,11.67,11.33,11.68,15.49,15.98,15.38,13.0
QV2M,2019,2.0,39.375,10.44,11.37,12.13,14.29,15.18,13.34,12.39,11.75,12.1,16.17,16.5,15.58,13.45
QV2M,2019,2.0,40.0,10.52,11.52,12.33,14.47,15.54,13.77,12.73,12.01,12.41,16.34,16.66,15.73,13.68
QV2M,2019,2.0,40.625,10.65,11.73,12.66,14.85,16.33,14.75,13.11,12.26,12.75,16.87,17.04,16.13,14.11
QV2M,2019,2.0,41.25,11.27,11.95,12.89,15.0,16.48,15.23,13.46,12.73,13.07,17.12,17.22,16.34,14.41
QV2M,2019,2.0,41.875,11.22,12.16,13.17,15.05,16.65,15.06,13.39,12.95,13.27,17.28,17.26,16.23,14.49
QV2M,2019,2.5,34.375,8.62,9.48,9.95,11.99,13.19,14.54,13.62,13.78,12.86,13.52,12.98,12.75,12.29
QV2M,2019,2.5,35.0,8.88,9.66,10.26,12.14,12.66,13.47,12.97,13.41,12.27,13.29,13.34,13.32,12.15
QV2M,2019,2.5,35.625,9.02,9.93,10.49,12.37,12.21,12.23,11.94,12.12,11.4,12.9,13.37,13.41,11.79
QV2M,2019,2.5,36.25,10.16,11.2,11.69,13.44,13.09,12.47,12.1,11.75,11.6,13.56,14.09,14.06,12.44
QV2M,2019,2.5,36.875,9.62,10.79,11.32,13.21,12.98,11.86,11.17,10.75,11.0,13.61,14.04,13.79,12.02
QV2M,2019,2.5,37.5,9.21,10.57,11.3,13.53,13.31,11.77,10.94,10.59,10.93,14.25,14.8,14.48,12.15
QV2M,2019,2.5,38.125,9.1,10.63,11.47,13.83,13.82,11.98,11.18,10.82,11.19,14.88,15.4,14.7,12.42
QV2M,2019,2.5,38.75,9.08,10.67,11.6,14.1,14.36,12.36,11.6,11.19,11.54,15.45,15.91,14.85,12.73
QV2M,2019,2.5,39.375,9.23,10.73,11.65,14.26,15.03,13.14,12.19,11.49,11.86,15.95,16.22,14.77,13.05
QV2M,2019,2.5,40.0,9.45,10.89,11.83,14.37,15.36,13.59,12.51,11.71,12.12,16.09,16.16,14.76,13.25
QV2M,2019,2.5,40.625,9.76,11.18,12.19,14.72,16.07,14.4,12.83,12.0,12.42,16.31,16.2,14.91,13.59
QV2M,2019,2.5,41.25,10.12,11.35,12.35,14.76,16.23,14.74,13.17,12.49,12.74,16.46,16.19,14.74,13.79
QV2M,2019,2.5,41.875,10.5,11.5,12.48,14.71,16.16,14.59,13.17,12.67,12.9,16.53,16.26,14.85,13.87
QV2M,2019,3.0,34.375,8.51,9.71,9.9,12.08,13.11,14.33,13.74,13.74,13.19,13.93,13.51,13.18,12.42
QV2M,2019,3.0,35.0,8.83,9.94,10.35,12.61,12.81,13.55,13.02,13.63,12.32,13.48,13.62,13.8,12.34
QV2M,2019,3.0,35.625,9.19,10.34,10.83,13.24,12.73,12.36,12.07,11.7,11.28,13.34,13.92,14.36,12.12
QV2M,2019,3.0,36.25,11.1,12.35,12.93,14.74,14.1,13.2,12.88,12.64,12.52,14.5,15.0,15.15,13.43
QV2M,2019,3.0,36.875,8.91,10.41,11.17,13.46,13.07,11.85,11.15,10.65,10.9,13.8,14.15,13.93,11.96
QV2M,2019,3.0,37.5,8.49,10.18,11.08,13.61,13.42,11.77,11.01,10.59,10.94,14.32,14.64,14.1,12.02
QV2M,2019,3.0,38.125,8.24,10.09,11.04,13.71,13.73,11.85,11.15,10.72,11.09,14.76,14.94,14.06,12.12
QV2M,2019,3.0,38.75,8.12,10.01,11.0,13.87,14.15,12.17,11.48,10.97,11.33,15.29,15.36,14.04,12.33
QV2M,2019,3.0,39.375,8.21,10.02,11.03,13.93,14.58,12.68,11.85,11.16,11.55,15.54,15.5,13.82,12.5
QV2M,2019,3.0,40.0,8.47,10.19,11.29,14.1,15.07,13.22,12.18,11.36,11.76,15.76,15.53,13.94,12.75
QV2M,2019,3.0,40.625,8.86,10.47,11.56,14.32,15.58,13.84,12.48,11.69,12.02,15.58,15.34,13.98,12.99
QV2M,2019,3.0,41.25,9.19,10.59,11.65,14.32,15.75,14.09,12.71,12.07,12.29,15.7,15.39,13.84,13.14
QV2M,2019,3.0,41.875,9.85,10.79,11.72,14.32,15.54,14.0,12.8,12.22,12.37,15.62,15.42,13.96,13.23
QV2M,2019,3.5,34.375,8.72,9.94,10.23,12.53,13.15,14.23,13.74,13.74,12.96,14.16,13.83,13.47,12.57
QV2M,2019,3.5,35.0,8.85,10.21,10.8,13.29,13.39,13.39,13.12,13.52,12.48,14.08,14.22,14.33,12.65
QV2M,2019,3.5,35.625,9.46,10.85,11.57,13.95,13.58,12.47,12.22,11.87,11.49,13.94,14.28,14.35,12.51
QV2M,2019,3.5,36.25,10.78,12.28,13.06,15.0,14.62,13.27,12.73,12.25,12.51,14.81,15.0,14.76,13.43
QV2M,2019,3.5,36.875,8.0,9.77,10.84,13.46,13.34,12.09,11.1,10.51,10.8,14.07,14.24,13.94,11.85
QV2M,2019,3.5,37.5,7.66,9.55,10.55,13.52,13.52,11.94,10.97,10.5,10.78,14.21,14.22,13.62,11.76
QV2M,2019,3.5,38.125,7.57,9.41,10.38,13.59,13.8,12.0,11.18,10.61,10.93,14.78,14.77,13.78,11.91
QV2M,2019,3.5,38.75,7.38,9.28,10.17,13.45,13.92,12.05,11.37,10.71,11.05,15.19,14.97,13.37,11.92
QV2M,2019,3.5,39.375,7.55,9.39,10.36,13.49,14.11,12.28,11.56,10.79,11.18,15.27,15.08,13.34,12.04
QV2M,2019,3.5,40.0,7.75,9.57,10.63,13.76,14.69,12.74,11.8,11.0,11.38,15.68,15.37,13.55,12.34
QV2M,2019,3.5,40.625,8.04,9.82,10.91,13.97,15.27,13.25,12.01,11.29,11.62,15.51,15.3,13.7,12.57
QV2M,2019,3.5,41.25,8.56,10.17,11.23,14.0,15.31,13.6,12.36,11.72,11.89,15.5,15.34,13.64,12.79
QV2M,2019,3.5,41.875,8.96,10.31,11.25,14.13,15.2,13.62,12.47,11.86,11.97,15.5,15.37,13.65,12.87
QV2M,2019,4.0,34.375,8.73,10.24,10.67,13.41,14.1,14.62,14.11,14.0,13.34,15.05,14.93,14.52,13.16
QV2M,2019,4.0,35.0,8.87,10.39,11.15,14.16,13.98,13.72,13.3,13.65,12.59,14.95,15.12,15.12,13.1
QV2M,2019,4.0,35.625,9.42,10.99,11.95,14.28,13.88,12.56,12.35,11.89,11.72,14.5,14.7,14.67,12.75
QV2M,2019,4.0,36.25,10.65,12.27,13.17,15.31,15.02,13.42,12.91,12.43,12.73,15.09,15.13,14.65,13.57
QV2M,2019,4.0,36.875,7.21,9.17,10.43,13.4,13.51,12.23,11.13,10.44,10.64,14.05,14.12,13.64,11.67
QV2M,2019,4.0,37.5,6.77,8.82,9.79,13.16,13.48,11.96,10.97,10.34,10.57,14.22,14.11,13.21,11.46
QV2M,2019,4.0,38.125,6.76,8.68,9.4,12.83,13.42,11.77,11.07,10.4,10.65,14.48,14.3,13.14,11.42
QV2M,2019,4.0,38.75,6.74,8.77,9.5,12.78,13.43,11.8,11.03,10.33,10.64,14.3,14.21,13.06,11.39
QV2M,2019,4.0,39.375,6.95,8.98,9.82,13.05,13.78,11.89,11.2,10.4,10.82,14.91,14.8,13.36,11.67
QV2M,2019,4.0,40.0,7.19,9.18,9.99,13.27,14.46,12.45,11.47,10.63,11.07,15.37,15.17,13.33,11.98
QV2M,2019,4.0,40.625,7.54,9.44,10.39,13.51,14.95,12.82,11.64,10.86,11.24,15.52,15.43,13.67,12.26
QV2M,2019,4.0,41.25,7.95,9.7,10.76,13.74,15.15,13.29,12.03,11.31,11.5,15.98,15.9,13.84,12.61
QV2M,2019,4.0,41.875,8.22,9.77,10.75,13.99,15.18,13.42,12.24,11.54,11.67,16.16,16.12,14.07,12.77
QV2M,2019,4.5,34.375,8.47,10.41,10.9,14.35,14.7,15.13,14.32,13.87,13.15,15.9,15.62,15.05,13.5
QV2M,2019,4.5,35.0,8.81,10.44,11.35,14.81,14.41,14.07,13.38,13.75,12.84,15.7,15.96,15.71,13.45
QV2M,2019,4.5,35.625,9.18,10.61,11.78,14.52,14.07,12.76,12.43,12.09,11.71,15.21,15.67,15.47,12.97
QV2M,2019,4.5,36.25,8.59,10.48,11.64,14.59,14.34,12.89,12.23,11.72,11.6,14.94,15.23,14.86,12.77
QV2M,2019,4.5,36.875,7.3,9.42,10.6,13.76,13.96,12.56,11.57,10.82,11.07,14.37,14.41,13.8,11.98
QV2M,2019,4.5,37.5,6.11,8.28,9.24,12.84,13.57,11.95,10.95,10.18,10.42,14.11,14.04,13.21,11.25
QV2M,2019,4.5,38.125,6.2,8.32,8.94,12.23,13.05,11.65,10.74,10.1,10.29,13.69,13.74,12.8,10.99
QV2M,2019,4.5,38.75,6.39,8.52,9.17,12.45,13.32,11.64,10.84,10.12,10.41,14.22,14.26,13.1,11.21
QV2M,2019,4.5,39.375,6.57,8.69,9.27,12.62,13.78,11.94,11.06,10.18,10.59,14.8,14.88,13.53,11.5
QV2M,2019,4.5,40.0,6.81,8.84,9.44,12.65,13.86,12.12,11.18,10.32,10.72,14.65,14.69,13.17,11.55
QV2M,2019,4.5,40.625,7.16,9.11,9.85,13.05,14.49,12.56,11.41,10.48,10.91,15.31,15.31,13.73,11.96
QV2M,2019,4.5,41.25,7.69,9.33,10.23,13.33,14.8,12.97,11.81,10.91,11.19,15.67,15.61,13.85,12.3
QV2M,2019,4.5,41.875,7.76,9.37,10.21,13.74,15.33,13.39,12.06,11.24,11.46,16.54,16.57,14.43,12.69
QV2M,2020,-0.5,34.375,14.38,14.32,15.29,15.03,14.93,13.69,12.65,13.1,12.99,13.74,14.76,13.43,14.02
QV2M,2020,-0.5,35.0,13.45,13.32,14.19,13.98,13.97,12.97,12.15,12.46,12.35,12.81,13.66,12.4,13.14
QV2M,2020,-0.5,35.625,11.57,11.41,12.07,12.26,11.99,11.24,10.76,10.94,10.81,11.13,11.76,10.64,11.38
QV2M,2020,-0.5,36.25,11.63,11.5,12.29,12.51,11.88,11.25,10.76,11.0,10.87,11.17,11.93,10.82,11.47
QV2M,2020,-0.5,36.875,11.96,11.86,12.69,12.92,12.03,11.37,10.76,11.02,10.9,11.3,12.33,11.11,11.68
QV2M,2020,-0.5,37.5,13.59,13.47,14.21,14.35,13.31,12.38,11.4,11.4,11.35,11.84,13.64,12.19,12.76
QV2M,2020,-0.5,38.125,14.91,14.71,15.22,15.17,13.37,11.82,10.66,10.9,10.95,11.57,14.47,12.96,13.05
QV2M,2020,-0.5,38.75,15.59,15.26,15.92,15.98,14.24,12.49,11.31,11.6,11.82,12.69,15.26,13.59,13.8
QV2M,2020,-0.5,39.375,16.32,15.64,16.38,16.71,15.4,13.59,12.27,12.59,12.79,13.63,15.62,13.79,14.55
QV2M,2020,-0.5,40.0,16.82,16.13,16.78,17.25,16.21,14.5,13.18,13.29,13.42,14.19,15.9,14.21,15.15
QV2M,2020,-0.5,40.625,17.04,15.91,16.5,17.66,17.14,15.51,14.19,13.93,13.9,14.58,16.06,14.44,15.57
QV2M,2020,-0.5,41.25,17.25,16.08,16.71,17.95,17.73,16.05,14.54,14.19,14.22,15.05,16.34,14.91,15.92
QV2M,2020,-0.5,41.875,17.43,16.63,17.16,18.22,18.35,16.67,15.38,14.86,15.0,15.85,16.55,15.69,16.48
QV2M,2020,-1.0,34.375,14.85,14.97,15.24,15.19,14.71,13.35,12.3,12.85,12.49,12.98,14.68,14.07,13.97
QV2M,2020,-1.0,35.0,13.57,13.52,14.04,13.98,13.49,12.45,11.45,11.89,11.8,12.12,13.36,12.68,12.86
QV2M,2020,-1.0,35.625,12.64,12.55,13.12,13.32,12.7,11.7,10.86,11.23,11.21,11.44,12.38,11.45,12.05
QV2M,2020,-1.0,36.25,12.35,12.11,12.77,12.99,12.36,11.44,10.68,10.96,10.93,11.15,12.28,11.11,11.76
QV2M,2020,-1.0,36.875,12.86,12.5,13.13,13.3,12.49,11.51,10.39,10.32,10.15,10.32,12.7,11.56,11.76
QV2M,2020,-1.0,37.5,14.04,13.82,14.49,14.48,13.36,12.17,10.96,10.94,11.01,11.36,13.78,12.66,12.75
QV2M,2020,-1.0,38.125,14.18,13.94,14.86,14.83,13.16,11.63,10.66,10.94,11.04,11.64,14.28,12.84,12.83
QV2M,2020,-1.0,38.75,15.46,15.01,16.01,16.08,14.28,12.52,11.41,11.73,12.0,12.97,15.5,13.93,13.9
QV2M,2020,-1.0,39.375,16.2,15.38,16.43,16.97,15.45,13.67,12.39,12.71,12.97,13.88,15.61,14.06,14.64
QV2M,2020,-1.0,40.0,16.98,16.08,16.96,17.52,16.34,14.58,13.28,13.43,13.62,14.45,15.99,14.51,15.31
QV2M,2020,-1.0,40.625,17.51,16.38,16.92,17.98,17.32,15.79,14.47,14.21,14.18,14.91,16.03,14.86,15.88
QV2M,2020,-1.0,41.25,17.76,16.69,17.16,18.23,17.88,16.34,14.88,14.47,14.51,15.35,16.32,15.47,16.25
QV2M,2020,-1.0,41.875,18.54,17.89,18.45,19.07,18.75,17.21,15.97,15.43,15.73,16.74,17.32,17.05,17.34
QV2M,2020,-1.5,34.375,14.81,14.89,15.06,15.05,14.14,12.41,10.7,11.51,11.41,12.4,14.5,14.21,13.42
QV2M,2020,-1.5,35.0,14.05,13.87,14.28,14.22,13.36,12.16,10.91,11.17,10.92,11.61,13.39,13.04,12.74
QV2M,2020,-1.5,35.625,13.1,12.86,13.4,13.47,12.73,11.55,10.64,10.82,10.78,11.29,12.63,11.8,12.08
QV2M,2020,-1.5,36.25,13.61,13.12,14.19,14.21,13.45,12.02,10.71,10.64,10.81,11.15,12.71,11.42,12.33
QV2M,2020,-1.5,36.875,12.86,12.51,13.28,13.41,12.45,11.19,10.12,9.8,10.02,10.23,12.57,11.56,11.66
QV2M,2020,-1.5,37.5,13.89,13.5,14.23,14.11,12.94,11.46,10.45,10.39,10.54,10.92,13.49,12.55,12.37
QV2M,2020,-1.5,38.125,14.85,14.63,15.47,14.98,13.45,11.88,10.91,11.16,11.3,11.9,14.45,13.67,13.21
QV2M,2020,-1.5,38.75,15.67,15.19,16.37,15.97,14.36,12.59,11.54,11.87,12.17,13.05,15.41,14.49,14.05
QV2M,2020,-1.5,39.375,16.58,15.68,16.84,16.92,15.53,13.8,12.56,12.82,13.15,14.07,15.69,14.71,14.86
QV2M,2020,-1.5,40.0,17.47,16.35,17.19,17.87,16.64,14.96,13.59,13.7,13.9,14.71,15.94,14.92,15.6
QV2M,2020,-1.5,40.625,17.98,16.85,17.38,18.29,17.58,16.13,14.83,14.54,14.56,15.35,16.1,15.24,16.23
QV2M,2020,-1.5,41.25,18.42,17.2,17.54,18.55,18.17,16.69,15.28,14.81,14.92,15.8,16.4,15.95,16.64
QV2M,2020,-1.5,41.875,19.38,18.84,19.43,19.82,19.18,17.71,16.52,16.03,16.49,17.6,18.08,18.18,18.1
QV2M,2020,-1.7975103014118005e-13,34.375,14.39,14.34,15.51,15.22,15.13,14.08,13.24,13.7,13.79,14.54,14.86,13.23,14.33
QV2M,2020,-1.7975103014118005e-13,35.0,13.37,13.26,14.31,14.15,14.29,13.49,12.84,13.1,13.02,13.61,13.77,12.09,13.44
QV2M,2020,-1.7975103014118005e-13,35.625,11.87,11.74,12.51,12.61,12.53,11.86,11.46,11.67,11.36,11.78,12.16,10.82,11.86
QV2M,2020,-1.7975103014118005e-13,36.25,12.05,11.84,12.58,13.0,12.68,12.14,11.8,12.03,11.66,11.99,12.39,10.96,12.09
QV2M,2020,-1.7975103014118005e-13,36.875,11.81,11.73,12.31,12.92,12.35,11.81,11.23,11.34,10.91,11.22,12.02,10.74,11.7
QV2M,2020,-1.7975103014118005e-13,37.5,12.42,12.58,13.26,13.36,12.43,11.63,10.85,10.88,10.7,11.25,12.69,11.39,11.95
QV2M,2020,-1.7975103014118005e-13,38.125,14.99,14.89,15.39,15.36,13.56,12.04,10.73,10.91,10.9,11.46,14.43,12.76,13.11
QV2M,2020,-1.7975103014118005e-13,38.75,15.5,15.22,15.73,15.91,14.34,12.6,11.31,11.58,11.75,12.49,14.96,13.24,13.71
QV2M,2020,-1.7975103014118005e-13,39.375,16.08,15.44,16.02,16.4,15.43,13.55,12.16,12.46,12.63,13.42,15.3,13.52,14.36
QV2M,2020,-1.7975103014118005e-13,40.0,16.64,15.87,16.31,16.87,16.2,14.44,13.08,13.14,13.25,13.98,15.56,13.91,14.93
QV2M,2020,-1.7975103014118005e-13,40.625,16.7,15.58,16.11,17.23,16.9,15.2,13.87,13.58,13.68,14.42,15.89,14.12,15.27
QV2M,2020,-1.7975103014118005e-13,41.25,16.63,15.44,16.21,17.53,17.42,15.62,14.17,13.84,14.05,14.93,16.2,14.43,15.54
QV2M,2020,-1.7975103014118005e-13,41.875,16.55,15.61,16.4,17.64,18.0,16.19,14.89,14.43,14.61,15.49,16.32,14.88,15.92
QV2M,2020,-2.0,34.375,14.83,14.92,15.03,15.06,13.82,11.94,9.97,10.55,10.5,12.18,14.47,14.33,13.13
QV2M,2020,-2.0,35.0,14.14,13.92,14.25,14.24,13.1,11.64,10.28,10.43,10.24,11.25,13.35,13.06,12.49
QV2M,2020,-2.0,35.625,13.37,13.05,13.59,13.65,12.61,11.23,10.26,10.26,10.33,10.82,12.72,11.97,11.98
QV2M,2020,-2.0,36.25,14.54,13.83,15.0,14.95,13.85,11.96,10.61,10.51,10.68,11.09,13.27,12.21,12.7
QV2M,2020,-2.0,36.875,13.23,12.7,13.71,13.8,12.77,11.27,10.04,9.8,10.03,10.31,12.69,11.8,11.84
QV2M,2020,-2.0,37.5,14.18,13.83,14.7,14.41,13.04,11.4,10.31,10.34,10.53,10.88,13.56,12.96,12.5
QV2M,2020,-2.0,38.125,15.05,14.85,15.69,15.12,13.49,11.83,10.84,11.13,11.33,11.91,14.4,14.0,13.3
QV2M,2020,-2.0,38.75,16.01,15.57,16.67,16.28,14.66,12.78,11.73,12.06,12.4,13.23,15.53,15.01,14.32
QV2M,2020,-2.0,39.375,16.95,16.06,17.15,17.27,15.83,14.15,12.88,13.09,13.43,14.3,15.92,15.35,15.19
QV2M,2020,-2.0,40.0,17.89,16.77,17.67,18.24,16.95,15.28,13.85,13.84,14.16,15.03,16.25,15.55,15.95
QV2M,2020,-2.0,40.625,18.57,17.49,18.09,18.83,18.06,16.61,15.3,14.94,15.08,15.94,16.59,16.1,16.8
QV2M,2020,-2.0,41.25,19.07,18.32,18.87,19.39,18.77,17.34,16.06,15.64,16.01,17.08,17.57,17.62,17.64
QV2M,2020,-2.0,41.875,19.59,19.24,20.0,20.24,19.37,17.94,16.83,16.35,16.88,18.01,18.52,18.79,18.48
QV2M,2020,-2.5,34.375,14.69,14.82,14.9,14.82,13.49,11.5,9.84,9.66,9.62,11.58,14.11,14.28,12.77
QV2M,2020,-2.5,35.0,14.13,14.01,14.19,14.17,12.84,11.46,10.1,9.94,9.59,10.53,13.22,13.28,12.28
QV2M,2020,-2.5,35.625,14.39,14.05,14.46,14.43,12.95,11.38,10.21,9.75,9.8,10.0,13.25,12.91,12.29
QV2M,2020,-2.5,36.25,14.9,14.31,15.13,15.11,13.69,11.86,10.59,10.41,10.41,10.45,13.55,12.96,12.77
QV2M,2020,-2.5,36.875,14.38,13.9,14.71,14.7,13.47,11.7,10.32,9.86,9.98,10.22,13.24,13.02,12.45
QV2M,2020,-2.5,37.5,14.81,14.65,15.21,14.83,13.44,11.66,10.41,10.25,10.37,10.69,13.79,13.91,12.83
QV2M,2020,-2.5,38.125,15.46,15.33,15.91,15.31,13.7,12.0,10.96,11.12,11.28,11.77,14.49,14.62,13.49
QV2M,2020,-2.5,38.75,16.53,16.18,16.96,16.56,14.88,12.99,11.89,12.18,12.52,13.3,15.71,15.66,14.61
QV2M,2020,-2.5,39.375,17.53,16.92,17.64,17.57,16.09,14.53,13.23,13.39,13.74,14.55,16.34,16.21,15.64
QV2M,2020,-2.5,40.0,18.41,17.52,18.22,18.54,17.26,15.71,14.25,14.15,14.57,15.48,16.81,16.66,16.46
QV2M,2020,-2.5,40.625,19.3,18.57,19.2,19.6,18.65,17.2,15.96,15.62,15.98,16.98,17.64,17.74,17.7
QV2M,2020,-2.5,41.25,19.6,19.27,20.17,20.22,19.14,17.77,16.63,16.31,16.82,17.98,18.55,18.9,18.44
QV2M,2020,-2.5,41.875,19.56,19.17,19.94,20.17,19.35,17.92,16.8,16.31,16.86,17.95,18.45,18.8,18.44
QV2M,2020,-3.0,34.375,14.6,14.8,14.97,14.76,13.29,11.36,9.93,9.44,9.45,10.59,13.73,14.21,12.59
QV2M,2020,-3.0,35.0,14.26,14.18,14.39,14.28,12.91,11.46,10.14,9.88,9.65,10.09,13.2,13.46,12.32
QV2M,2020,-3.0,35.625,13.42,13.24,13.47,13.39,12.11,10.98,10.1,10.07,10.04,10.13,12.58,12.64,11.84
QV2M,2020,-3.0,36.25,14.83,14.52,14.93,14.91,13.28,11.72,10.57,10.26,10.14,10.09,13.64,13.69,12.71
QV2M,2020,-3.0,36.875,14.64,14.39,14.74,14.73,13.35,11.93,11.01,10.99,10.93,11.23,13.75,13.79,12.95
QV2M,2020,-3.0,37.5,13.61,13.71,13.92,13.61,12.45,11.13,10.22,10.27,10.2,10.42,12.72,13.06,12.1
QV2M,2020,-3.0,38.125,15.51,15.4,15.8,15.31,13.79,12.14,11.15,11.31,11.48,11.88,14.42,14.73,13.57
QV2M,2020,-3.0,38.75,16.84,16.55,17.1,16.68,14.97,13.11,12.06,12.29,12.64,13.36,15.89,16.07,14.79
QV2M,2020,-3.0,39.375,17.98,17.5,18.05,17.83,16.36,14.87,13.56,13.66,14.05,14.86,16.69,16.74,16.01
QV2M,2020,-3.0,40.0,18.76,18.12,18.73,18.86,17.6,16.11,14.67,14.54,15.05,16.01,17.25,17.38,16.92
QV2M,2020,-3.0,40.625,19.63,19.28,20.08,20.07,18.95,17.54,16.38,16.18,16.67,17.8,18.41,18.85,18.32
QV2M,2020,-3.0,41.25,19.58,19.21,20.07,20.16,19.13,17.76,16.61,16.26,16.76,17.86,18.36,18.91,18.39
QV2M,2020,-3.0,41.875,19.55,19.13,19.91,20.15,19.32,17.88,16.77,16.27,16.83,17.88,18.36,18.83,18.4
QV2M,2020,-3.5,34.375,15.15,15.37,15.53,15.29,13.57,11.62,10.16,9.64,9.65,10.5,13.98,14.7,12.92
QV2M,2020,-3.5,35.0,14.74,14.83,15.04,14.9,13.37,11.96,10.76,10.58,10.49,10.55,13.66,14.08,12.9
QV2M,2020,-3.5,35.625,14.28,14.34,14.59,14.4,12.92,11.66,10.61,10.6,10.56,10.5,13.32,13.58,12.61
QV2M,2020,-3.5,36.25,15.07,15.03,15.29,14.96,13.33,11.82,10.51,10.33,10.3,10.3,13.87,14.24,12.91
QV2M,2020,-3.5,36.875,15.45,15.47,15.71,15.23,13.68,12.21,11.11,10.99,10.93,10.97,14.27,14.68,13.38
QV2M,2020,-3.5,37.5,15.59,15.57,16.08,15.63,14.09,12.37,11.22,11.21,11.06,11.38,14.26,14.38,13.56
QV2M,2020,-3.5,38.125,15.32,15.18,15.52,15.31,13.79,12.08,11.17,11.32,11.55,12.11,14.54,14.6,13.53
QV2M,2020,-3.5,38.75,16.65,16.47,16.99,16.53,15.0,13.36,12.36,12.61,12.98,13.71,15.69,15.86,14.84
QV2M,2020,-3.5,39.375,18.07,17.83,18.3,17.92,16.5,15.09,13.82,13.93,14.32,15.1,16.76,16.9,16.2
QV2M,2020,-3.5,40.0,19.26,18.84,19.43,19.45,18.16,16.73,15.37,15.27,15.85,16.9,17.82,18.14,17.6
QV2M,2020,-3.5,40.625,19.6,19.31,20.04,20.07,18.96,17.56,16.39,16.18,16.68,17.77,18.33,18.94,18.32
QV2M,2020,-3.5,41.25,19.59,19.22,20.0,20.14,19.1,17.73,16.57,16.23,16.73,17.79,18.33,18.94,18.36
QV2M,2020,-3.5,41.875,19.54,19.12,19.91,20.13,19.29,17.81,16.72,16.23,16.78,17.79,18.31,18.81,18.37
QV2M,2020,-4.0,34.375,15.34,15.39,15.51,15.25,13.54,11.79,10.44,9.97,9.87,10.52,13.88,14.79,13.01
QV2M,2020,-4.0,35.0,14.48,14.51,14.7,14.54,12.92,11.52,10.46,10.3,10.26,10.25,13.21,13.87,12.58
QV2M,2020,-4.0,35.625,14.23,14.35,14.5,14.24,12.66,11.35,10.25,10.26,10.42,10.46,13.17,13.58,12.45
QV2M,2020,-4.0,36.25,14.96,15.06,15.25,14.82,13.2,11.72,10.46,10.43,10.46,10.46,13.6,14.05,12.86
QV2M,2020,-4.0,36.875,15.08,15.27,15.45,14.85,13.27,11.76,10.68,10.75,10.82,10.92,13.75,14.16,13.05
QV2M,2020,-4.0,37.5,15.55,15.71,16.1,15.54,13.94,12.38,11.32,11.36,11.4,11.65,14.43,14.57,13.65
QV2M,2020,-4.0,38.125,15.56,15.5,16.2,15.92,14.15,12.44,11.48,11.6,11.81,12.47,14.98,14.83,13.9
QV2M,2020,-4.0,38.75,16.79,16.55,17.31,16.98,15.31,13.59,12.6,12.86,13.32,14.08,16.0,15.81,15.09
QV2M,2020,-4.0,39.375,18.23,17.77,18.33,18.23,16.93,15.53,14.18,14.1,14.48,15.24,16.72,16.78,16.37
QV2M,2020,-4.0,40.0,19.55,19.25,19.85,19.8,18.55,17.22,15.99,15.87,16.43,17.47,18.14,18.71,18.06
QV2M,2020,-4.0,40.625,19.6,19.32,19.98,20.06,18.95,17.54,16.36,16.13,16.67,17.71,18.25,18.95,18.29
QV2M,2020,-4.0,41.25,19.61,19.23,19.99,20.13,19.08,17.68,16.52,16.18,16.7,17.74,18.28,18.9,18.33
QV2M,2020,-4.0,41.875,19.55,19.13,19.9,20.1,19.23,17.74,16.68,16.18,16.72,17.72,18.25,18.77,18.33
QV2M,2020,-4.5,34.375,14.85,14.79,15.0,14.68,12.9,11.34,10.31,10.02,10.0,10.23,13.32,14.27,12.63
QV2M,2020,-4.5,35.0,14.03,14.06,14.34,14.08,12.43,11.02,10.1,9.96,10.09,10.12,12.88,13.34,12.2
QV2M,2020,-4.5,35.625,13.98,14.07,14.41,14.1,12.42,10.96,9.98,9.96,10.22,10.34,12.9,12.96,12.18
QV2M,2020,-4.5,36.25,14.92,15.06,15.38,14.86,13.1,11.55,10.48,10.53,10.69,10.83,13.61,13.76,12.89
QV2M,2020,-4.5,36.875,14.85,15.05,15.42,14.81,13.15,11.67,10.7,10.83,11.03,11.34,13.7,13.65,13.01
QV2M,2020,-4.5,37.5,15.51,15.8,16.11,15.55,13.95,12.44,11.42,11.61,11.79,12.21,14.54,14.6,13.79
QV2M,2020,-4.5,38.125,16.04,16.15,16.34,15.83,14.31,12.82,11.84,12.03,12.22,12.71,15.01,15.31,14.21
QV2M,2020,-4.5,38.75,17.42,17.3,17.71,17.27,15.64,13.99,12.97,13.24,13.7,14.49,16.31,16.54,15.54
QV2M,2020,-4.5,39.375,18.93,18.55,19.03,18.97,17.6,16.2,14.92,14.88,15.36,16.2,17.31,17.63,17.13
QV2M,2020,-4.5,40.0,19.65,19.46,19.88,19.91,18.63,17.32,16.1,15.95,16.51,17.5,18.15,18.94,18.16
QV2M,2020,-4.5,40.625,19.64,19.39,19.9,20.09,18.92,17.5,16.32,16.08,16.64,17.65,18.18,18.89,18.26
QV2M,2020,-4.5,41.25,19.61,19.31,19.94,20.12,19.05,17.61,16.46,16.11,16.64,17.68,18.23,18.82,18.29
QV2M,2020,-4.5,41.875,19.55,19.23,19.88,20.1,19.15,17.66,16.62,16.12,16.66,17.68,18.22,18.7,18.29
QV2M,2020,0.5,34.375,14.23,14.32,15.5,15.34,15.31,14.51,13.77,14.3,14.52,15.01,14.63,12.85,14.52
QV2M,2020,0.5,35.0,12.89,12.84,13.82,13.84,13.91,13.41,12.88,13.22,13.05,13.42,13.18,11.56,13.17
QV2M,2020,0.5,35.625,12.62,12.52,13.42,13.57,13.55,12.98,12.66,13.07,12.61,13.14,13.09,11.54,12.9
QV2M,2020,0.5,36.25,12.18,12.06,12.8,13.55,13.74,13.2,12.9,13.09,12.37,12.22,12.51,10.7,12.61
QV2M,2020,0.5,36.875,12.19,12.12,12.69,13.24,12.68,12.15,11.62,11.54,10.73,10.91,12.23,10.74,11.9
QV2M,2020,0.5,37.5,13.17,13.11,13.72,14.04,12.85,11.96,11.1,11.08,10.65,11.08,13.1,11.44,12.27
QV2M,2020,0.5,38.125,14.3,14.15,14.8,14.95,13.37,11.95,10.75,10.91,10.85,11.3,13.99,12.12,12.78
QV2M,2020,0.5,38.75,15.17,14.89,15.39,15.59,14.35,12.64,11.3,11.52,11.64,12.29,14.67,12.87,13.52
QV2M,2020,0.5,39.375,16.03,15.18,15.58,16.09,15.5,13.51,12.03,12.27,12.46,13.2,15.27,13.31,14.2
QV2M,2020,0.5,40.0,16.41,15.23,15.66,16.43,16.17,14.27,12.87,12.85,13.05,13.87,15.47,13.6,14.65
QV2M,2020,0.5,40.625,16.1,15.02,15.59,16.69,16.45,14.76,13.47,13.17,13.5,14.44,15.78,13.89,14.9
QV2M,2020,0.5,41.25,16.19,15.22,15.93,17.08,16.83,15.13,13.79,13.51,13.92,14.88,16.05,14.21,15.22
QV2M,2020,0.5,41.875,15.98,15.14,15.99,17.25,17.52,15.71,14.43,14.03,14.39,15.36,16.43,14.56,15.56
QV2M,2020,1.0,34.375,12.44,12.57,13.66,13.44,13.71,13.05,12.5,12.94,13.0,13.24,12.75,11.07,12.86
QV2M,2020,1.0,35.0,12.02,11.99,12.99,13.0,13.24,12.66,12.38,12.75,12.51,12.66,12.4,10.69,12.44
QV2M,2020,1.0,35.625,11.21,11.05,12.01,12.72,13.02,12.5,12.3,12.63,11.8,11.72,11.47,9.47,11.83
QV2M,2020,1.0,36.25,12.02,12.06,13.04,13.76,13.85,13.29,13.03,13.44,12.57,12.11,12.65,10.49,12.69
QV2M,2020,1.0,36.875,12.07,12.15,12.97,13.36,12.46,11.76,11.33,11.33,10.48,10.65,12.22,10.55,11.77
QV2M,2020,1.0,37.5,13.36,13.31,14.11,14.39,12.96,11.84,10.93,10.97,10.52,10.86,13.21,11.32,12.31
QV2M,2020,1.0,38.125,14.01,13.94,14.74,14.88,13.34,11.98,10.74,10.91,10.84,11.26,13.95,11.89,12.7
QV2M,2020,1.0,38.75,14.96,14.63,15.22,15.48,14.35,12.64,11.28,11.5,11.6,12.2,14.82,12.64,13.43
QV2M,2020,1.0,39.375,15.68,14.73,15.17,15.93,15.39,13.39,11.88,12.12,12.34,13.07,15.47,13.09,14.01
QV2M,2020,1.0,40.0,16.19,14.67,15.15,16.09,15.81,13.97,12.61,12.58,12.9,13.91,15.64,13.35,14.4
QV2M,2020,1.0,40.625,16.09,14.69,15.21,16.33,16.03,14.38,13.12,12.84,13.32,14.52,16.07,13.75,14.69
QV2M,2020,1.0,41.25,16.04,14.95,15.53,16.73,16.5,14.76,13.42,13.18,13.71,14.9,16.38,14.21,15.02
QV2M,2020,1.0,41.875,15.25,14.35,15.42,16.9,17.1,15.28,14.0,13.69,14.16,15.17,16.95,14.41,15.22
QV2M,2020,1.5,34.375,13.05,12.91,14.62,14.39,15.02,14.2,13.76,14.19,14.29,14.61,13.8,11.69,13.88
QV2M,2020,1.5,35.0,12.18,12.03,13.48,13.61,14.48,13.7,13.51,13.84,13.6,13.6,12.96,10.58,13.13
QV2M,2020,1.5,35.625,11.9,11.79,13.17,13.68,13.85,13.16,13.07,13.64,12.42,12.02,12.08,9.71,12.54
QV2M,2020,1.5,36.25,12.15,12.16,13.4,13.93,13.47,12.96,12.63,13.04,11.67,11.38,12.18,10.02,12.41
QV2M,2020,1.5,36.875,12.42,12.43,13.4,13.77,12.55,11.58,11.0,11.02,10.16,10.51,12.45,10.44,11.81
QV2M,2020,1.5,37.5,13.24,13.26,14.28,14.63,13.1,11.86,10.89,10.94,10.49,10.93,13.39,11.09,12.33
QV2M,2020,1.5,38.125,13.87,13.88,14.87,15.19,13.67,12.19,10.91,11.05,11.01,11.53,14.35,11.68,12.84
QV2M,2020,1.5,38.75,14.82,14.56,15.23,15.96,14.59,12.68,11.24,11.5,11.64,12.34,15.15,12.02,13.47
QV2M,2020,1.5,39.375,15.32,14.38,14.97,15.91,15.28,13.34,11.81,11.99,12.28,13.24,15.54,12.56,13.88
QV2M,2020,1.5,40.0,15.12,14.24,14.88,16.05,15.68,13.81,12.4,12.34,12.68,13.66,15.83,12.88,14.13
QV2M,2020,1.5,40.625,15.74,14.24,14.85,16.06,15.78,14.08,12.83,12.58,13.12,14.52,16.4,13.42,14.46
QV2M,2020,1.5,41.25,15.27,14.02,14.87,16.16,16.08,14.43,13.16,12.89,13.45,14.69,17.07,13.93,14.67
QV2M,2020,1.5,41.875,14.45,13.45,14.82,16.52,16.9,14.95,13.65,13.38,13.92,15.03,17.47,14.1,14.89
QV2M,2020,2.0,34.375,12.31,12.13,14.59,14.38,15.46,14.72,14.32,14.63,14.57,14.68,13.52,10.87,13.85
QV2M,2020,2.0,35.0,12.01,11.81,13.72,13.85,14.87,14.09,13.8,14.03,13.55,13.22,12.49,9.94,13.12
QV2M,2020,2.0,35.625,11.95,12.01,13.65,13.95,13.79,13.11,12.78,13.13,11.85,11.47,11.85,9.44,12.41
QV2M,2020,2.0,36.25,12.14,12.47,13.95,14.27,13.32,12.64,11.91,12.15,10.83,11.05,12.21,9.9,12.23
QV2M,2020,2.0,36.875,12.51,12.65,13.77,13.96,12.85,11.76,10.97,10.99,10.32,10.76,12.74,10.42,11.97
QV2M,2020,2.0,37.5,13.35,13.5,14.64,15.01,13.66,12.17,10.92,10.96,10.71,11.28,13.74,11.02,12.57
QV2M,2020,2.0,38.125,13.94,13.92,15.03,15.56,14.23,12.43,10.97,11.12,11.15,11.92,14.56,11.45,13.01
QV2M,2020,2.0,38.75,14.11,13.97,15.09,15.88,14.83,12.85,11.33,11.53,11.66,12.57,14.97,11.61,13.36
QV2M,2020,2.0,39.375,13.85,13.46,14.57,15.92,15.47,13.38,11.81,11.86,12.15,13.36,15.43,11.85,13.59
QV2M,2020,2.0,40.0,13.86,13.29,14.57,15.99,15.85,13.75,12.3,12.15,12.48,13.86,15.67,11.96,13.81
QV2M,2020,2.0,40.625,13.99,12.72,14.21,16.2,15.96,13.88,12.57,12.34,12.93,14.67,16.23,12.13,13.98
QV2M,2020,2.0,41.25,13.99,12.91,14.19,16.18,16.14,14.25,12.93,12.63,13.24,14.79,16.35,12.52,14.17
QV2M,2020,2.0,41.875,13.34,12.61,14.22,16.42,16.85,14.63,13.34,13.18,13.73,15.05,16.81,12.64,14.4
QV2M,2020,2.5,34.375,11.57,11.52,13.87,13.86,14.8,14.26,14.0,14.04,13.66,13.52,12.41,9.87,13.12
QV2M,2020,2.5,35.0,12.18,12.04,14.12,14.22,15.26,14.47,13.88,13.83,13.36,13.14,12.47,9.98,13.25
QV2M,2020,2.5,35.625,12.35,12.32,14.09,14.29,14.49,13.33,12.49,12.62,11.74,11.69,11.99,9.62,12.58
QV2M,2020,2.5,36.25,12.94,13.32,14.72,14.75,14.14,12.93,11.86,12.15,11.46,11.96,13.07,10.89,12.84
QV2M,2020,2.5,36.875,12.83,13.06,14.32,14.48,13.66,12.35,11.28,11.22,10.81,11.32,13.19,10.63,12.42
QV2M,2020,2.5,37.5,13.08,13.2,14.56,15.11,14.12,12.29,10.8,10.93,10.81,11.5,13.7,10.68,12.56
QV2M,2020,2.5,38.125,13.23,13.14,14.6,15.34,14.48,12.53,10.98,11.11,11.15,12.06,14.21,10.96,12.81
QV2M,2020,2.5,38.75,13.18,12.91,14.61,15.73,15.1,12.94,11.31,11.42,11.55,12.66,14.7,11.1,13.09
QV2M,2020,2.5,39.375,12.88,12.4,14.23,15.9,15.86,13.42,11.76,11.68,11.9,13.31,15.12,11.2,13.3
QV2M,2020,2.5,40.0,12.83,12.2,14.09,15.89,16.03,13.7,12.14,11.96,12.2,13.75,15.22,11.22,13.43
QV2M,2020,2.5,40.625,12.92,12.01,13.83,15.92,16.02,13.8,12.34,12.1,12.58,14.24,15.52,11.31,13.55
QV2M,2020,2.5,41.25,12.6,12.05,13.78,15.92,16.19,14.09,12.77,12.45,12.9,14.2,15.65,11.49,13.67
QV2M,2020,2.5,41.875,12.62,12.09,13.75,16.01,16.7,14.43,13.14,12.91,13.36,14.59,15.81,11.85,13.94
QV2M,2020,3.0,34.375,11.9,11.84,13.89,14.07,14.95,14.24,13.97,14.01,13.72,13.82,13.31,10.9,13.39
QV2M,2020,3.0,35.0,12.38,12.44,14.68,14.81,15.66,14.59,13.65,13.55,12.79,13.04,12.78,10.29,13.39
QV2M,2020,3.0,35.625,12.97,13.08,14.68,14.61,14.57,13.28,11.88,12.0,11.15,11.86,12.67,10.08,12.73
QV2M,2020,3.0,36.25,14.16,14.35,15.69,15.58,15.14,13.66,12.43,12.68,12.38,13.02,14.11,12.01,13.76
QV2M,2020,3.0,36.875,12.7,12.83,14.33,14.78,14.13,12.49,11.03,11.04,10.77,11.46,13.12,10.18,12.4
QV2M,2020,3.0,37.5,12.59,12.57,14.31,15.2,14.58,12.49,10.82,10.97,10.87,11.68,13.48,10.06,12.46
QV2M,2020,3.0,38.125,12.55,12.14,14.11,15.23,14.75,12.69,11.06,11.1,11.08,12.1,13.75,10.1,12.55
QV2M,2020,3.0,38.75,12.3,11.53,14.04,15.54,15.36,13.04,11.27,11.26,11.37,12.64,14.09,10.18,12.72
QV2M,2020,3.0,39.375,11.93,11.18,13.63,15.52,15.89,13.3,11.6,11.47,11.61,13.15,14.36,10.38,12.83
QV2M,2020,3.0,40.0,12.0,11.13,13.47,15.54,16.09,13.54,11.89,11.69,11.87,13.51,14.69,10.56,13.0
QV2M,2020,3.0,40.625,12.17,11.29,13.33,15.48,15.86,13.61,12.09,11.87,12.19,13.74,14.72,10.67,13.08
QV2M,2020,3.0,41.25,12.05,11.36,13.21,15.58,15.98,13.81,12.46,12.17,12.51,13.91,14.76,10.76,13.21
QV2M,2020,3.0,41.875,12.26,11.57,13.2,15.58,16.35,14.03,12.8,12.53,12.81,14.18,14.73,11.09,13.43
QV2M,2020,3.5,34.375,11.8,12.02,14.04,14.42,15.2,14.42,14.04,14.12,13.69,14.14,13.76,11.6,13.61
QV2M,2020,3.5,35.0,12.64,12.83,15.39,15.56,16.05,14.86,13.76,13.71,12.88,13.43,13.55,11.41,13.84
QV2M,2020,3.5,35.625,12.92,13.28,15.18,15.32,15.27,13.6,12.26,12.24,11.43,12.44,13.26,10.56,13.14
QV2M,2020,3.5,36.25,13.72,14.16,15.67,15.78,15.26,13.66,12.48,12.62,12.45,13.27,14.13,11.66,13.73
QV2M,2020,3.5,36.875,12.66,12.25,14.17,15.05,14.77,12.78,11.2,11.09,10.83,11.77,12.93,9.44,12.41
QV2M,2020,3.5,37.5,11.97,11.66,13.91,14.93,14.57,12.54,10.87,10.98,10.85,11.86,12.78,9.26,12.18
QV2M,2020,3.5,38.125,11.95,11.3,13.73,15.09,15.09,12.89,11.2,11.25,11.09,12.32,12.95,9.45,12.36
QV2M,2020,3.5,38.75,11.45,10.57,13.2,14.91,15.37,13.07,11.31,11.33,11.31,12.76,13.16,9.52,12.33
QV2M,2020,3.5,39.375,11.47,10.47,12.92,14.8,15.39,13.18,11.48,11.37,11.44,13.13,13.65,9.87,12.43
QV2M,2020,3.5,40.0,11.54,10.45,12.78,15.07,15.83,13.22,11.58,11.44,11.55,13.48,14.14,10.05,12.6
QV2M,2020,3.5,40.625,11.89,10.5,12.67,15.22,15.7,13.25,11.69,11.55,11.8,13.86,14.22,10.18,12.71
QV2M,2020,3.5,41.25,12.17,10.94,12.82,15.41,15.66,13.5,12.17,11.92,12.14,13.92,14.25,10.41,12.94
QV2M,2020,3.5,41.875,12.02,11.03,12.89,15.53,16.01,13.7,12.47,12.23,12.42,13.95,14.3,10.6,13.1
QV2M,2020,4.0,34.375,12.58,12.64,14.82,15.39,15.69,14.92,14.26,14.46,13.91,14.66,14.6,12.45,14.2
QV2M,2020,4.0,35.0,13.17,13.19,15.91,16.39,16.53,15.19,13.89,13.79,13.12,13.96,14.25,11.97,14.28
QV2M,2020,4.0,35.625,13.21,13.41,15.62,16.16,16.03,14.22,12.68,12.66,12.04,13.14,13.58,10.57,13.61
QV2M,2020,4.0,36.25,13.72,13.87,15.84,16.11,15.68,13.91,12.7,12.87,12.73,13.85,14.0,11.29,13.88
QV2M,2020,4.0,36.875,12.48,11.62,14.07,15.12,15.06,12.88,11.26,11.24,10.7,12.31,12.35,8.81,12.32
QV2M,2020,4.0,37.5,11.83,10.76,13.5,14.87,14.98,12.77,11.07,11.13,10.77,12.34,12.08,8.69,12.07
QV2M,2020,4.0,38.125,11.51,10.47,12.84,14.34,14.66,12.72,11.11,11.22,11.01,12.57,12.38,9.07,11.99
QV2M,2020,4.0,38.75,11.6,10.43,12.41,14.15,14.44,12.75,11.19,11.26,10.99,12.76,12.53,9.28,11.98
QV2M,2020,4.0,39.375,11.84,10.3,12.4,14.31,14.81,12.8,11.19,11.02,11.09,13.31,13.22,9.85,12.18
QV2M,2020,4.0,40.0,11.58,10.0,12.14,14.65,15.44,13.05,11.4,11.15,11.31,13.8,13.42,9.7,12.31
QV2M,2020,4.0,40.625,12.0,10.28,12.17,15.02,15.5,12.95,11.36,11.25,11.49,13.93,13.7,9.94,12.47
QV2M,2020,4.0,41.25,12.15,10.86,12.46,15.44,15.56,13.15,11.8,11.59,11.81,13.88,13.83,10.26,12.73
QV2M,2020,4.0,41.875,12.35,10.92,12.59,15.63,15.93,13.47,12.22,11.97,12.18,14.04,14.08,10.41,12.98
QV2M,2020,4.5,34.375,12.29,12.89,15.53,16.27,15.98,15.23,14.09,14.28,13.75,15.17,15.25,12.44,14.43
QV2M,2020,4.5,35.0,13.8,13.79,16.14,17.02,16.74,15.31,13.99,13.79,13.49,14.61,14.94,12.56,14.68
QV2M,2020,4.5,35.625,13.78,13.59,16.15,17.02,16.58,14.88,13.19,12.99,12.58,13.68,13.99,10.99,14.12
QV2M,2020,4.5,36.25,13.63,13.14,15.83,16.39,16.12,14.08,12.42,12.55,11.99,13.54,13.49,10.32,13.62
QV2M,2020,4.5,36.875,12.86,11.9,14.48,15.27,15.52,13.42,11.8,11.92,11.44,13.11,12.64,9.31,12.81
QV2M,2020,4.5,37.5,11.99,10.58,13.43,14.67,15.03,13.13,11.41,11.39,10.78,12.86,12.03,8.46,12.15
QV2M,2020,4.5,38.125,11.55,10.51,12.32,13.72,14.13,12.6,11.1,11.23,10.66,12.43,11.98,8.88,11.76
QV2M,2020,4.5,38.75,11.73,10.68,12.33,13.96,14.46,12.73,11.17,11.18,10.84,12.84,12.46,9.31,11.98
QV2M,2020,4.5,39.375,11.94,10.54,12.04,14.18,14.95,12.66,11.11,10.92,10.91,13.44,12.87,9.49,12.09
QV2M,2020,4.5,40.0,11.61,10.31,11.83,14.09,14.85,12.57,11.14,10.97,11.01,13.3,12.67,9.36,11.98
QV2M,2020,4.5,40.625,12.2,10.69,12.0,14.72,15.47,12.79,11.27,11.02,11.22,13.82,13.12,9.68,12.34
QV2M,2020,4.5,41.25,12.73,11.02,12.53,15.11,15.52,12.85,11.56,11.33,11.53,13.52,13.21,9.86,12.57
QV2M,2020,4.5,41.875,12.51,10.75,12.29,15.67,16.05,13.25,11.96,11.75,11.99,14.08,13.62,9.95,12.82
QV2M,2021,-0.5,34.375,13.22,13.38,12.93,14.86,14.87,13.25,12.27,12.09,12.71,13.79,14.08,14.4,13.49
QV2M,2021,-0.5,35.0,12.08,12.03,11.55,13.58,13.84,12.5,11.9,11.92,12.5,13.17,12.91,13.39,12.62
QV2M,2021,-0.5,35.625,10.49,10.5,10.36,11.7,11.83,10.81,10.56,10.54,10.94,11.31,11.11,11.49,10.97
QV2M,2021,-0.5,36.25,10.67,10.69,10.6,11.96,11.92,10.91,10.6,10.45,10.86,11.26,11.22,11.54,11.06
QV2M,2021,-0.5,36.875,10.75,10.72,10.73,12.31,11.98,10.83,10.47,10.09,10.37,10.86,11.37,11.87,11.03
QV2M,2021,-0.5,37.5,11.46,11.43,11.64,13.35,12.89,11.36,10.74,10.37,10.61,11.25,12.43,13.37,11.74
QV2M,2021,-0.5,38.125,12.05,11.56,12.24,13.77,12.88,11.31,10.3,10.22,10.63,11.26,13.03,14.87,12.01
QV2M,2021,-0.5,38.75,12.54,12.06,13.1,14.82,13.54,11.91,10.85,11.04,11.58,12.08,13.78,15.83,12.76
QV2M,2021,-0.5,39.375,12.94,12.29,13.94,15.86,14.27,12.83,11.82,12.05,12.58,12.85,14.25,16.34,13.51
QV2M,2021,-0.5,40.0,13.45,12.85,14.42,16.5,14.84,13.55,12.58,12.59,13.12,13.36,14.55,16.35,14.02
QV2M,2021,-0.5,40.625,13.83,13.24,15.15,16.8,14.99,14.29,13.33,12.96,13.48,13.67,14.87,16.5,14.43
QV2M,2021,-0.5,41.25,14.27,13.83,15.56,17.07,15.19,14.58,13.62,13.22,13.89,14.17,15.27,16.6,14.78
QV2M,2021,-0.5,41.875,14.96,14.71,15.97,17.67,15.9,15.16,14.3,14.17,14.72,15.0,15.78,16.64,15.42
QV2M,2021,-1.0,34.375,13.94,13.91,13.39,14.7,14.55,12.95,11.73,11.67,12.56,13.13,13.77,14.68,13.41
QV2M,2021,-1.0,35.0,12.51,12.29,11.84,13.34,13.36,11.92,11.17,11.21,11.76,12.17,12.18,12.73,12.2
QV2M,2021,-1.0,35.625,11.36,11.13,10.22,12.18,12.43,10.95,10.28,10.27,10.54,10.76,10.62,11.11,10.99
QV2M,2021,-1.0,36.25,10.75,10.61,10.08,11.89,12.13,10.73,10.1,9.89,10.22,10.45,10.8,11.54,10.77
QV2M,2021,-1.0,36.875,10.78,10.7,10.59,12.21,12.0,10.62,9.97,9.47,9.76,10.32,11.44,12.6,10.87
QV2M,2021,-1.0,37.5,11.76,11.67,11.67,13.29,12.79,11.32,10.48,10.14,10.46,11.04,12.51,13.76,11.74
QV2M,2021,-1.0,38.125,11.62,11.46,12.05,13.81,12.81,11.39,10.34,10.32,10.75,11.34,13.02,14.44,11.95
QV2M,2021,-1.0,38.75,12.53,12.22,13.18,15.08,13.69,12.06,11.0,11.2,11.75,12.36,13.99,15.8,12.91
QV2M,2021,-1.0,39.375,13.02,12.41,14.17,16.14,14.45,13.0,11.95,12.25,12.76,13.11,14.45,16.37,13.68
QV2M,2021,-1.0,40.0,13.57,13.0,14.61,16.9,15.07,13.77,12.75,12.84,13.36,13.64,14.81,16.6,14.25
QV2M,2021,-1.0,40.625,14.18,13.61,15.35,17.05,15.29,14.62,13.65,13.29,13.82,14.0,15.1,16.73,14.73
QV2M,2021,-1.0,41.25,14.74,14.31,15.71,17.22,15.52,14.89,13.95,13.59,14.23,14.49,15.55,16.93,15.1
QV2M,2021,-1.0,41.875,16.24,15.94,16.87,18.42,16.81,15.9,15.02,14.98,15.61,15.98,16.81,17.43,16.33
QV2M,2021,-1.5,34.375,13.9,13.55,12.76,14.35,14.06,11.71,10.05,10.32,11.35,12.11,13.13,13.66,12.57
QV2M,2021,-1.5,35.0,12.83,12.54,11.51,13.23,13.05,11.05,10.0,10.05,10.65,10.91,11.61,12.27,11.63
QV2M,2021,-1.5,35.625,11.48,11.44,10.6,12.53,12.42,10.77,9.92,9.99,10.37,10.35,11.03,11.76,11.05
QV2M,2021,-1.5,36.25,10.95,11.12,10.33,12.69,12.85,11.05,10.27,9.99,10.28,10.3,11.15,12.3,11.1
QV2M,2021,-1.5,36.875,10.67,10.7,10.32,12.27,12.06,10.47,9.7,9.42,9.82,10.18,11.27,12.6,10.79
QV2M,2021,-1.5,37.5,11.51,11.36,11.38,12.99,12.4,11.07,10.15,9.87,10.31,10.79,12.23,13.42,11.46
QV2M,2021,-1.5,38.125,12.35,12.2,12.5,13.94,12.84,11.62,10.55,10.55,10.96,11.62,13.27,14.35,12.23
QV2M,2021,-1.5,38.75,12.79,12.37,13.25,15.11,13.63,12.23,11.15,11.36,11.89,12.54,14.02,15.51,12.99
QV2M,2021,-1.5,39.375,13.22,12.67,14.2,16.29,14.53,13.08,12.04,12.41,12.91,13.39,14.62,16.0,13.78
QV2M,2021,-1.5,40.0,13.87,13.29,15.18,17.25,15.31,14.16,13.03,13.09,13.63,13.97,15.06,16.44,14.53
QV2M,2021,-1.5,40.625,14.45,13.92,15.48,17.37,15.66,14.97,14.0,13.69,14.22,14.4,15.4,16.6,15.02
QV2M,2021,-1.5,41.25,15.24,14.74,15.93,17.57,15.94,15.24,14.33,14.09,14.69,14.9,15.9,17.06,15.47
QV2M,2021,-1.5,41.875,17.38,17.07,17.73,19.2,17.76,16.59,15.73,15.78,16.47,16.9,17.75,18.27,17.22
QV2M,2021,-1.7975103014118005e-13,34.375,13.1,13.41,13.16,14.95,14.99,13.71,12.9,13.02,13.62,14.14,14.16,14.11,13.77
QV2M,2021,-1.7975103014118005e-13,35.0,11.93,12.07,11.73,13.77,13.94,12.82,12.49,12.65,13.19,13.52,13.12,13.24,12.88
QV2M,2021,-1.7975103014118005e-13,35.625,10.69,10.82,10.71,12.15,12.26,11.31,11.34,11.24,11.63,11.9,11.67,11.82,11.46
QV2M,2021,-1.7975103014118005e-13,36.25,10.81,10.82,10.35,12.13,12.54,11.3,11.58,11.13,11.5,11.7,11.3,11.75,11.41
QV2M,2021,-1.7975103014118005e-13,36.875,10.74,10.6,10.39,11.78,11.99,10.71,10.8,10.32,10.63,10.99,11.11,11.7,10.98
QV2M,2021,-1.7975103014118005e-13,37.5,11.06,10.98,11.17,12.39,12.03,10.58,10.15,9.81,10.03,10.6,11.67,12.49,11.08
QV2M,2021,-1.7975103014118005e-13,38.125,12.12,11.76,12.38,13.72,12.94,11.27,10.28,10.14,10.56,11.17,13.12,15.16,12.05
QV2M,2021,-1.7975103014118005e-13,38.75,12.54,12.1,12.93,14.62,13.51,11.87,10.79,10.96,11.51,11.95,13.78,16.05,12.72
QV2M,2021,-1.7975103014118005e-13,39.375,12.85,12.22,13.44,15.44,14.13,12.69,11.68,11.85,12.38,12.65,14.19,16.48,13.34
QV2M,2021,-1.7975103014118005e-13,40.0,13.25,12.71,14.03,15.95,14.59,13.36,12.4,12.36,12.88,13.12,14.46,16.45,13.8
QV2M,2021,-1.7975103014118005e-13,40.625,13.46,12.93,14.67,16.38,14.71,13.92,12.96,12.65,13.19,13.4,14.72,16.76,14.15
QV2M,2021,-1.7975103014118005e-13,41.25,13.81,13.43,15.1,16.79,14.87,14.19,13.23,12.94,13.63,13.92,15.05,16.92,14.49
QV2M,2021,-1.7975103014118005e-13,41.875,14.15,13.98,15.22,17.08,15.33,14.63,13.8,13.68,14.21,14.42,15.29,16.87,14.89
QV2M,2021,-2.0,34.375,14.08,13.59,12.51,14.14,13.62,10.86,9.21,9.61,10.79,11.5,12.95,13.4,12.18
QV2M,2021,-2.0,35.0,12.79,12.57,11.44,13.08,12.69,10.61,9.36,9.42,10.07,10.49,11.51,12.36,11.36
QV2M,2021,-2.0,35.625,11.54,11.58,10.9,12.76,12.31,10.62,9.56,9.57,10.05,10.26,11.19,12.3,11.05
QV2M,2021,-2.0,36.25,11.52,11.84,10.98,13.43,13.04,11.12,10.08,9.89,10.34,10.53,11.64,12.89,11.44
QV2M,2021,-2.0,36.875,10.83,10.93,10.54,12.58,12.21,10.65,9.72,9.47,9.96,10.3,11.35,12.68,10.93
QV2M,2021,-2.0,37.5,11.73,11.74,11.57,13.16,12.43,11.14,10.12,9.91,10.39,10.85,12.2,13.54,11.56
QV2M,2021,-2.0,38.125,12.59,12.31,12.6,13.96,12.72,11.62,10.56,10.59,11.06,11.62,13.11,14.37,12.26
QV2M,2021,-2.0,38.75,13.22,12.77,13.59,15.3,13.68,12.48,11.32,11.55,12.05,12.71,14.06,15.48,13.18
QV2M,2021,-2.0,39.375,13.64,13.19,14.65,16.52,14.62,13.42,12.28,12.58,13.07,13.64,14.78,15.88,14.02
QV2M,2021,-2.0,40.0,14.27,13.86,15.57,17.52,15.51,14.39,13.2,13.35,13.9,14.32,15.37,16.23,14.79
QV2M,2021,-2.0,40.625,15.18,14.74,16.17,18.07,16.35,15.47,14.45,14.26,14.82,15.06,15.99,16.67,15.6
QV2M,2021,-2.0,41.25,16.85,16.48,17.19,18.66,17.08,16.08,15.23,15.26,15.92,16.32,17.28,17.72,16.67
QV2M,2021,-2.0,41.875,17.94,17.69,18.13,19.68,18.29,16.96,16.14,16.19,16.89,17.33,18.23,18.82,17.69
QV2M,2021,-2.5,34.375,14.07,13.75,12.51,13.71,13.32,10.62,9.13,9.13,10.44,11.56,12.6,13.59,12.02
QV2M,2021,-2.5,35.0,13.04,12.86,12.02,13.0,12.6,10.51,9.34,8.99,9.67,10.26,11.3,12.87,11.36
QV2M,2021,-2.5,35.625,12.52,12.52,11.88,13.48,12.65,10.72,9.34,9.15,9.65,9.99,11.15,13.38,11.36
QV2M,2021,-2.5,36.25,12.26,12.44,11.55,13.98,13.0,11.04,9.92,9.75,10.12,10.33,11.51,13.49,11.61
QV2M,2021,-2.5,36.875,11.91,11.89,11.26,13.37,12.74,11.17,9.83,9.44,9.85,10.24,11.46,13.47,11.38
QV2M,2021,-2.5,37.5,12.65,12.37,12.03,13.58,12.69,11.5,10.27,9.94,10.29,10.69,11.9,14.1,11.83
QV2M,2021,-2.5,38.125,13.28,12.66,12.72,14.0,12.71,11.77,10.69,10.66,11.11,11.55,12.85,14.73,12.39
QV2M,2021,-2.5,38.75,13.89,13.18,13.84,15.43,13.69,12.74,11.49,11.68,12.18,12.74,14.01,15.81,13.39
QV2M,2021,-2.5,39.375,14.37,13.82,15.06,16.78,14.77,13.77,12.56,12.77,13.24,13.81,14.9,16.2,14.34
QV2M,2021,-2.5,40.0,15.26,14.88,16.1,17.78,15.76,14.77,13.53,13.74,14.31,14.77,15.82,16.59,15.27
QV2M,2021,-2.5,40.625,16.84,16.49,17.31,19.03,17.32,16.22,15.22,15.21,15.82,16.24,17.18,17.68,16.71
QV2M,2021,-2.5,41.25,18.05,17.85,18.17,19.8,18.18,16.83,16.03,16.14,16.78,17.28,18.29,18.87,17.69
QV2M,2021,-2.5,41.875,17.92,17.73,18.03,19.61,18.28,16.93,16.14,16.18,16.85,17.28,18.2,18.83,17.66
QV2M,2021,-3.0,34.375,13.99,13.85,12.85,13.33,12.96,10.53,9.11,9.04,10.03,10.44,11.58,13.12,11.72
QV2M,2021,-3.0,35.0,13.32,13.27,12.86,13.36,12.76,10.66,9.5,9.15,9.7,10.16,10.8,13.07,11.54
QV2M,2021,-3.0,35.625,12.44,12.38,12.07,12.86,12.09,10.61,9.68,9.62,9.95,10.21,10.41,12.76,11.25
QV2M,2021,-3.0,36.25,13.25,13.14,12.44,14.04,12.83,11.02,9.81,9.61,10.07,10.19,10.96,13.93,11.77
QV2M,2021,-3.0,36.875,13.25,13.1,12.55,14.11,13.01,11.58,10.65,10.62,10.84,11.1,11.41,13.87,12.17
QV2M,2021,-3.0,37.5,12.37,12.04,11.71,12.9,11.92,10.92,10.0,9.97,10.26,10.45,10.92,12.93,11.36
QV2M,2021,-3.0,38.125,13.54,12.92,12.85,14.04,12.77,11.91,10.9,10.96,11.36,11.62,12.52,14.67,12.5
QV2M,2021,-3.0,38.75,14.35,13.46,13.9,15.51,13.73,12.98,11.75,11.89,12.36,12.78,13.86,16.05,13.55
QV2M,2021,-3.0,39.375,15.07,14.35,15.41,17.01,14.93,14.08,12.87,13.04,13.5,14.02,15.02,16.54,14.65
QV2M,2021,-3.0,40.0,16.21,15.81,16.57,18.17,16.12,15.12,13.96,14.22,14.81,15.32,16.25,17.15,15.81
QV2M,2021,-3.0,40.625,18.12,17.83,18.19,19.73,18.02,16.69,15.88,15.97,16.61,17.14,18.09,18.61,17.57
QV2M,2021,-3.0,41.25,18.11,17.9,18.11,19.73,18.16,16.79,16.04,16.1,16.71,17.18,18.12,18.76,17.64
QV2M,2021,-3.0,41.875,17.95,17.79,18.02,19.62,18.26,16.88,16.13,16.15,16.8,17.23,18.17,18.8,17.65
QV2M,2021,-3.5,34.375,14.5,14.56,13.93,14.05,13.31,10.77,9.12,9.23,10.06,10.33,11.33,13.45,12.04
QV2M,2021,-3.5,35.0,13.85,13.92,13.64,14.04,13.07,10.98,9.79,9.89,10.32,10.57,11.02,13.52,12.04
QV2M,2021,-3.5,35.625,13.3,13.34,12.88,13.67,12.63,10.79,9.7,9.86,10.1,10.25,10.42,13.4,11.69
QV2M,2021,-3.5,36.25,13.74,13.63,12.87,13.91,12.61,10.83,9.64,9.74,10.21,10.47,10.84,13.79,11.85
QV2M,2021,-3.5,36.875,14.0,13.94,13.24,14.37,13.08,11.61,10.47,10.49,10.64,10.88,11.44,14.08,12.34
QV2M,2021,-3.5,37.5,13.26,13.05,12.46,14.32,13.08,11.91,10.84,10.77,11.05,11.19,11.7,13.94,12.29
QV2M,2021,-3.5,38.125,13.29,12.81,12.6,14.18,12.81,12.1,11.04,11.11,11.54,11.82,12.41,14.52,12.52
QV2M,2021,-3.5,38.75,14.52,13.81,13.98,15.57,13.9,13.08,12.08,12.32,12.74,13.07,13.9,15.69,13.72
QV2M,2021,-3.5,39.375,15.38,14.57,15.59,17.17,15.05,14.25,13.11,13.22,13.66,14.15,15.12,16.7,14.83
QV2M,2021,-3.5,40.0,17.25,16.84,17.32,18.92,16.91,15.75,14.78,15.04,15.62,16.22,17.12,17.93,16.64
QV2M,2021,-3.5,40.625,18.33,18.05,18.29,19.74,18.07,16.71,15.94,16.01,16.62,17.14,18.08,18.65,17.63
QV2M,2021,-3.5,41.25,18.3,18.02,18.16,19.75,18.16,16.73,16.04,16.09,16.67,17.16,18.12,18.7,17.65
QV2M,2021,-3.5,41.875,18.09,17.89,18.02,19.67,18.22,16.82,16.11,16.11,16.74,17.18,18.18,18.69,17.64
QV2M,2021,-4.0,34.375,14.61,14.81,14.2,14.4,13.44,10.87,9.25,9.38,10.05,10.32,11.21,13.58,12.16
QV2M,2021,-4.0,35.0,13.61,13.8,13.38,13.66,12.7,10.6,9.39,9.6,10.04,10.18,10.31,12.99,11.68
QV2M,2021,-4.0,35.625,13.23,13.45,13.03,13.42,12.3,10.49,9.49,9.79,10.09,10.24,10.08,13.02,11.54
QV2M,2021,-4.0,36.25,13.57,13.78,13.05,13.78,12.46,10.71,9.67,9.9,10.29,10.48,10.39,13.42,11.78
QV2M,2021,-4.0,36.875,13.37,13.64,12.99,13.73,12.49,11.07,10.11,10.33,10.66,10.88,10.98,13.67,11.98
QV2M,2021,-4.0,37.5,13.7,13.87,13.25,14.37,13.05,11.78,10.8,10.97,11.19,11.42,11.83,14.4,12.54
QV2M,2021,-4.0,38.125,13.39,13.37,13.04,14.58,13.17,12.36,11.24,11.38,11.74,12.07,12.76,15.08,12.84
QV2M,2021,-4.0,38.75,14.34,13.86,14.07,15.91,14.24,13.32,12.38,12.62,13.04,13.36,14.04,16.02,13.93
QV2M,2021,-4.0,39.375,15.54,14.96,15.93,17.52,15.44,14.48,13.44,13.53,14.01,14.49,15.33,16.98,15.14
QV2M,2021,-4.0,40.0,18.16,17.81,18.05,19.44,17.6,16.31,15.52,15.71,16.26,16.88,17.73,18.49,17.32
QV2M,2021,-4.0,40.625,18.52,18.27,18.38,19.76,18.03,16.66,15.94,16.01,16.57,17.12,18.04,18.72,17.66
QV2M,2021,-4.0,41.25,18.46,18.19,18.28,19.81,18.14,16.66,16.01,16.06,16.62,17.11,18.11,18.7,17.67
QV2M,2021,-4.0,41.875,18.29,18.04,18.07,19.72,18.17,16.76,16.07,16.07,16.67,17.1,18.13,18.61,17.64
QV2M,2021,-4.5,34.375,14.15,14.37,13.79,14.0,12.87,10.54,9.28,9.53,10.03,10.22,10.67,13.17,11.87
QV2M,2021,-4.5,35.0,13.17,13.51,12.94,13.28,12.24,10.13,9.04,9.4,9.89,10.03,9.9,12.61,11.33
QV2M,2021,-4.5,35.625,12.71,13.24,12.62,13.06,11.91,10.1,9.14,9.58,9.98,10.19,10.01,12.72,11.26
QV2M,2021,-4.5,36.25,13.54,14.0,13.34,13.87,12.5,10.74,9.71,10.14,10.47,10.69,10.52,13.47,11.9
QV2M,2021,-4.5,36.875,13.23,13.74,13.12,13.8,12.48,11.15,10.17,10.64,10.91,11.11,10.99,13.81,12.09
QV2M,2021,-4.5,37.5,13.95,14.21,13.58,14.53,13.12,11.87,10.93,11.34,11.61,11.77,11.78,14.59,12.77
QV2M,2021,-4.5,38.125,14.23,14.03,13.48,14.68,13.35,12.35,11.5,11.78,12.0,12.23,12.63,15.18,13.11
QV2M,2021,-4.5,38.75,15.21,14.68,14.66,16.06,14.58,13.61,12.75,13.01,13.37,13.75,14.45,16.53,14.39
QV2M,2021,-4.5,39.375,16.78,16.34,16.67,18.33,16.43,15.16,14.38,14.55,15.01,15.51,16.29,17.61,16.09
QV2M,2021,-4.5,40.0,18.63,18.4,18.44,19.57,17.74,16.4,15.66,15.81,16.35,17.0,17.88,18.64,17.54
QV2M,2021,-4.5,40.625,18.68,18.45,18.41,19.75,17.97,16.59,15.91,15.99,16.52,17.09,18.01,18.68,17.66
QV2M,2021,-4.5,41.25,18.59,18.34,18.31,19.82,18.08,16.6,15.98,16.02,16.57,17.08,18.06,18.69,17.67
QV2M,2021,-4.5,41.875,18.43,18.17,18.07,19.78,18.13,16.7,16.03,16.03,16.61,17.06,18.09,18.59,17.63
QV2M,2021,0.5,34.375,12.85,13.25,13.06,14.8,14.84,13.93,13.24,13.51,14.26,14.18,13.82,13.17,13.74
QV2M,2021,0.5,35.0,11.46,11.59,11.26,13.14,13.44,12.46,12.5,12.53,13.09,13.1,12.7,12.51,12.48
QV2M,2021,0.5,35.625,11.39,11.52,10.97,12.84,13.35,12.21,12.59,12.24,12.67,12.56,11.98,12.06,12.2
QV2M,2021,0.5,36.25,10.81,10.52,10.2,11.93,12.94,11.14,12.16,11.42,11.67,11.48,11.2,11.9,11.45
QV2M,2021,0.5,36.875,10.8,10.49,10.36,11.68,11.89,10.17,11.04,9.95,10.26,10.5,11.15,12.34,10.89
QV2M,2021,0.5,37.5,11.6,11.19,11.31,12.56,12.19,10.63,10.38,9.71,10.02,10.56,12.01,13.6,11.31
QV2M,2021,0.5,38.125,11.64,11.6,12.05,13.54,12.73,11.27,10.24,10.11,10.54,11.11,12.99,15.04,11.91
QV2M,2021,0.5,38.75,12.28,12.07,12.62,14.4,13.35,11.83,10.74,10.87,11.44,11.85,13.7,15.99,12.6
QV2M,2021,0.5,39.375,12.79,12.18,13.01,15.17,14.04,12.57,11.54,11.65,12.19,12.47,14.23,16.74,13.22
QV2M,2021,0.5,40.0,12.97,12.42,13.45,15.61,14.43,13.15,12.17,12.1,12.63,12.85,14.42,16.99,13.6
QV2M,2021,0.5,40.625,13.05,12.62,13.85,15.97,14.46,13.51,12.6,12.37,12.93,13.16,14.58,17.27,13.87
QV2M,2021,0.5,41.25,13.41,13.12,14.21,16.37,14.61,13.76,12.86,12.71,13.39,13.67,14.8,16.92,14.16
QV2M,2021,0.5,41.875,13.57,13.49,14.37,16.51,14.98,14.17,13.39,13.4,13.94,14.11,15.12,17.09,14.52
QV2M,2021,1.0,34.375,11.1,11.39,11.28,13.01,13.07,12.24,11.92,12.04,12.7,12.55,11.99,11.37,12.06
QV2M,2021,1.0,35.0,10.63,10.6,10.29,12.19,12.7,11.7,11.94,11.75,12.33,12.38,11.83,11.45,11.65
QV2M,2021,1.0,35.625,9.71,9.44,9.58,11.19,12.23,10.59,11.69,10.8,11.32,10.99,10.35,10.95,10.75
QV2M,2021,1.0,36.25,10.56,10.3,10.27,11.99,13.18,10.99,12.09,11.2,11.47,11.21,11.21,11.8,11.36
QV2M,2021,1.0,36.875,10.68,10.53,10.76,11.94,11.7,10.3,10.73,9.72,10.01,10.39,11.32,12.24,10.86
QV2M,2021,1.0,37.5,11.44,11.3,11.5,12.83,12.26,10.86,10.37,9.77,10.18,10.75,12.24,13.74,11.44
QV2M,2021,1.0,38.125,11.52,11.52,11.88,13.49,12.61,11.22,10.24,10.19,10.6,11.17,13.02,14.84,11.86
QV2M,2021,1.0,38.75,12.1,11.91,12.45,14.39,13.28,11.8,10.74,10.84,11.41,11.74,13.73,15.91,12.53
QV2M,2021,1.0,39.375,12.49,12.05,12.77,15.13,14.06,12.49,11.44,11.48,12.03,12.22,14.17,16.74,13.09
QV2M,2021,1.0,40.0,12.77,12.32,13.04,15.46,14.28,12.97,11.99,11.87,12.41,12.58,14.29,17.25,13.44
QV2M,2021,1.0,40.625,12.55,12.27,13.26,15.76,14.27,13.21,12.32,12.14,12.72,12.95,14.38,17.32,13.6
QV2M,2021,1.0,41.25,12.73,12.53,13.45,16.03,14.34,13.4,12.56,12.5,13.18,13.42,14.57,16.95,13.81
QV2M,2021,1.0,41.875,12.82,12.85,13.7,16.03,14.69,13.79,13.05,13.18,13.7,13.81,14.93,17.38,14.17
QV2M,2021,1.5,34.375,11.53,11.66,10.79,13.78,14.01,12.75,12.45,12.44,13.66,13.22,12.23,11.08,12.47
QV2M,2021,1.5,35.0,10.34,10.19,10.01,12.36,13.56,11.93,12.51,12.04,12.72,12.58,11.52,11.07,11.74
QV2M,2021,1.5,35.625,10.0,9.88,9.99,12.14,13.03,10.83,12.25,11.0,11.29,11.34,10.91,11.36,11.18
QV2M,2021,1.5,36.25,10.4,10.13,10.29,12.06,12.64,10.58,11.81,10.45,10.69,10.81,11.02,11.83,11.07
QV2M,2021,1.5,36.875,10.48,10.6,10.88,12.16,11.72,10.47,10.47,9.58,9.94,10.45,11.55,12.57,10.91
QV2M,2021,1.5,37.5,11.1,11.23,11.48,12.98,12.26,10.93,10.35,9.95,10.3,10.92,12.38,13.76,11.47
QV2M,2021,1.5,38.125,11.26,11.43,12.0,13.77,12.8,11.33,10.36,10.3,10.74,11.27,13.16,15.01,11.95
QV2M,2021,1.5,38.75,11.71,11.76,12.41,14.56,13.42,11.83,10.79,10.82,11.41,11.74,13.61,15.91,12.5
QV2M,2021,1.5,39.375,12.06,12.02,12.64,15.01,13.87,12.39,11.36,11.3,11.86,12.08,13.81,16.6,12.92
QV2M,2021,1.5,40.0,12.0,11.85,12.75,15.27,14.14,12.75,11.79,11.63,12.18,12.42,13.98,16.78,13.13
QV2M,2021,1.5,40.625,12.07,11.84,12.93,15.36,13.89,12.91,12.07,11.92,12.52,12.77,14.12,17.01,13.29
QV2M,2021,1.5,41.25,12.05,11.96,12.95,15.37,13.99,13.12,12.29,12.31,12.95,13.14,14.36,17.35,13.49
QV2M,2021,1.5,41.875,11.84,12.15,13.23,15.56,14.36,13.49,12.75,12.97,13.47,13.51,14.66,17.35,13.79
QV2M,2021,2.0,34.375,11.17,10.95,10.26,13.69,14.29,12.65,12.89,12.08,13.45,12.72,11.43,10.71,12.19
QV2M,2021,2.0,35.0,10.37,10.2,9.93,12.36,13.59,11.62,12.6,11.6,12.02,11.76,10.93,10.91,11.5
QV2M,2021,2.0,35.625,10.18,9.93,10.11,12.2,12.79,10.56,12.02,10.4,10.58,10.86,10.91,11.36,11.0
QV2M,2021,2.0,36.25,10.6,10.22,10.53,12.37,12.57,10.52,11.41,10.02,10.25,10.68,11.26,11.97,11.04
QV2M,2021,2.0,36.875,10.54,10.73,11.09,12.59,12.01,10.71,10.47,9.82,10.09,10.73,11.81,12.75,11.11
QV2M,2021,2.0,37.5,11.16,11.27,11.74,13.42,12.55,11.1,10.39,10.11,10.46,11.13,12.62,14.02,11.66
QV2M,2021,2.0,38.125,11.22,11.38,12.18,14.09,13.07,11.46,10.46,10.37,10.87,11.48,13.16,15.05,12.07
QV2M,2021,2.0,38.75,11.42,11.57,12.46,14.58,13.49,11.91,10.82,10.77,11.35,11.79,13.45,15.61,12.44
QV2M,2021,2.0,39.375,11.58,11.48,12.56,14.85,13.8,12.33,11.26,11.11,11.67,12.09,13.57,16.28,12.72
QV2M,2021,2.0,40.0,11.4,11.24,12.68,15.08,13.99,12.63,11.62,11.41,11.97,12.4,13.72,16.31,12.88
QV2M,2021,2.0,40.625,11.32,11.14,12.76,15.25,13.64,12.69,11.87,11.72,12.3,12.57,13.85,16.46,12.97
QV2M,2021,2.0,41.25,11.56,11.42,12.84,15.25,13.76,12.9,12.1,12.11,12.71,12.83,14.09,16.9,13.21
QV2M,2021,2.0,41.875,10.97,11.48,12.9,15.53,14.1,13.22,12.51,12.79,13.25,13.17,14.34,16.7,13.42
QV2M,2021,2.5,34.375,11.05,10.35,10.18,12.68,13.8,11.61,12.97,11.58,12.4,11.79,10.87,10.8,11.68
QV2M,2021,2.5,35.0,11.61,10.9,10.48,12.5,13.9,11.82,12.65,11.46,11.75,11.67,11.06,11.21,11.76
QV2M,2021,2.5,35.625,11.17,10.74,10.42,12.39,13.13,11.23,11.66,10.35,10.78,10.93,11.27,11.63,11.31
QV2M,2021,2.5,36.25,12.06,11.63,11.68,13.32,13.32,11.63,11.51,11.0,11.28,11.68,12.41,12.82,12.03
QV2M,2021,2.5,36.875,11.46,11.48,11.74,13.2,12.62,11.18,10.72,10.32,10.57,11.22,12.32,13.16,11.67
QV2M,2021,2.5,37.5,11.9,11.5,11.78,13.5,12.72,11.18,10.37,10.13,10.53,11.23,12.63,13.91,11.78
QV2M,2021,2.5,38.125,11.88,11.51,12.12,14.06,13.05,11.51,10.48,10.35,10.85,11.57,12.99,14.52,12.08
QV2M,2021,2.5,38.75,12.07,11.51,12.3,14.48,13.43,11.89,10.79,10.64,11.19,11.84,13.24,15.08,12.38
QV2M,2021,2.5,39.375,11.9,11.24,12.36,14.75,13.74,12.23,11.12,10.92,11.48,12.07,13.29,15.68,12.57
QV2M,2021,2.5,40.0,11.76,11.13,12.45,14.91,13.79,12.42,11.41,11.18,11.74,12.27,13.35,15.61,12.68
QV2M,2021,2.5,40.625,11.6,10.95,12.49,15.05,13.59,12.46,11.64,11.52,12.1,12.43,13.53,15.72,12.77
QV2M,2021,2.5,41.25,11.38,11.12,12.44,15.03,13.79,12.74,11.89,11.94,12.51,12.68,13.77,15.98,12.95
QV2M,2021,2.5,41.875,11.14,11.09,12.38,15.41,14.17,13.03,12.24,12.56,13.09,13.01,14.0,16.03,13.19
QV2M,2021,3.0,34.375,11.76,11.02,10.45,12.79,13.98,12.16,12.96,11.9,12.28,12.31,11.46,11.17,12.03
QV2M,2021,3.0,35.0,12.68,11.54,10.97,12.87,14.16,11.96,12.5,11.4,11.52,11.59,11.54,11.59,12.03
QV2M,2021,3.0,35.625,12.49,11.64,11.13,12.97,13.55,11.68,11.33,10.69,11.03,11.44,12.04,12.16,11.85
QV2M,2021,3.0,36.25,13.57,13.15,13.03,14.29,14.33,12.66,11.99,11.83,12.17,12.76,13.64,13.7,13.09
QV2M,2021,3.0,36.875,11.44,11.37,11.46,13.18,12.89,11.23,10.55,10.23,10.5,11.19,12.36,13.06,11.62
QV2M,2021,3.0,37.5,11.52,11.14,11.52,13.59,12.9,11.27,10.4,10.14,10.56,11.31,12.57,13.73,11.72
QV2M,2021,3.0,38.125,11.26,10.89,11.63,14.01,13.03,11.43,10.46,10.29,10.76,11.55,12.75,13.95,11.84
QV2M,2021,3.0,38.75,11.01,10.42,11.48,14.36,13.39,11.75,10.71,10.5,10.99,11.79,12.85,14.34,11.97
QV2M,2021,3.0,39.375,10.62,10.07,11.54,14.5,13.62,12.06,10.95,10.72,11.26,11.98,12.83,14.69,12.08
QV2M,2021,3.0,40.0,10.85,10.19,11.75,14.67,13.71,12.19,11.21,10.99,11.55,12.18,12.94,14.82,12.26
QV2M,2021,3.0,40.625,10.5,10.18,11.84,14.8,13.61,12.26,11.43,11.32,11.89,12.36,13.17,14.74,12.35
QV2M,2021,3.0,41.25,10.16,10.2,11.75,14.81,13.75,12.5,11.66,11.73,12.29,12.55,13.39,14.6,12.46
QV2M,2021,3.0,41.875,10.31,10.44,11.73,15.12,14.02,12.74,11.89,12.18,12.73,12.81,13.59,15.06,12.73
QV2M,2021,3.5,34.375,12.32,11.12,10.81,13.13,14.25,12.17,13.12,12.04,12.1,12.22,12.08,11.7,12.26
QV2M,2021,3.5,35.0,13.54,12.43,11.66,13.78,14.7,12.28,12.43,11.44,11.74,11.96,12.27,12.1,12.53
QV2M,2021,3.5,35.625,13.99,12.75,12.22,13.85,14.19,12.13,11.33,10.87,11.4,11.92,12.61,12.63,12.49
QV2M,2021,3.5,36.25,13.41,13.13,13.16,14.67,14.39,12.85,11.92,11.89,12.3,12.87,13.72,13.85,13.18
QV2M,2021,3.5,36.875,11.3,11.09,11.07,13.56,13.23,11.34,10.45,10.16,10.44,11.19,12.26,13.35,11.62
QV2M,2021,3.5,37.5,10.51,10.11,10.87,13.67,13.24,11.39,10.39,10.12,10.47,11.29,12.26,13.14,11.46
QV2M,2021,3.5,38.125,9.88,9.72,10.79,14.1,13.32,11.63,10.58,10.29,10.62,11.56,12.44,13.57,11.55
QV2M,2021,3.5,38.75,9.3,9.0,10.5,14.09,13.65,11.81,10.8,10.54,10.92,11.79,12.29,13.29,11.51
QV2M,2021,3.5,39.375,9.35,8.94,10.64,14.11,13.67,11.94,10.87,10.67,11.17,12.03,12.37,13.46,11.61
QV2M,2021,3.5,40.0,9.4,8.99,10.92,14.46,13.71,11.98,11.04,10.79,11.31,12.12,12.48,13.83,11.77
QV2M,2021,3.5,40.625,9.52,9.12,11.23,14.62,13.67,11.98,11.19,11.1,11.61,12.28,12.69,13.7,11.91
QV2M,2021,3.5,41.25,9.57,9.61,11.24,14.58,13.65,12.24,11.45,11.47,11.99,12.43,13.06,13.83,12.1
QV2M,2021,3.5,41.875,9.61,9.68,11.23,14.89,13.92,12.47,11.62,11.83,12.35,12.65,13.33,14.21,12.33
QV2M,2021,4.0,34.375,12.91,11.57,10.95,14.27,14.84,12.38,13.36,12.24,12.6,12.67,13.47,12.59,12.83
QV2M,2021,4.0,35.0,13.81,12.52,11.69,14.69,15.48,12.85,12.61,11.43,12.21,12.55,13.27,12.36,12.96
QV2M,2021,4.0,35.625,13.79,12.85,12.56,14.46,14.98,12.68,11.75,11.18,11.77,12.45,12.86,12.68,12.83
QV2M,2021,4.0,36.25,13.48,13.13,13.25,15.08,14.86,13.23,12.18,12.13,12.66,13.26,13.8,13.71,13.4
QV2M,2021,4.0,36.875,11.11,10.62,10.59,13.61,13.65,11.55,10.61,10.1,10.47,11.29,11.89,12.12,11.47
QV2M,2021,4.0,37.5,10.3,9.65,9.97,13.53,13.54,11.48,10.47,10.11,10.42,11.34,11.66,11.89,11.2
QV2M,2021,4.0,38.125,9.37,8.81,9.69,13.49,13.42,11.57,10.6,10.43,10.7,11.7,11.59,11.76,11.1
QV2M,2021,4.0,38.75,9.29,8.47,9.6,13.46,13.33,11.65,10.54,10.43,10.75,11.87,11.54,11.78,11.07
QV2M,2021,4.0,39.375,9.4,8.3,9.79,13.83,13.63,11.77,10.54,10.44,10.85,12.03,11.76,12.28,11.23
QV2M,2021,4.0,40.0,8.72,8.16,9.88,14.04,13.74,11.92,10.83,10.71,11.15,12.11,11.86,12.56,11.32
QV2M,2021,4.0,40.625,9.01,8.52,10.26,14.19,13.63,11.76,10.97,10.89,11.32,12.32,12.26,13.09,11.53
QV2M,2021,4.0,41.25,9.22,8.95,10.55,14.33,13.51,11.91,11.15,11.14,11.57,12.42,12.7,13.74,11.78
QV2M,2021,4.0,41.875,9.27,9.06,10.61,14.77,13.96,12.28,11.4,11.58,12.02,12.68,13.01,14.09,12.07
QV2M,2021,4.5,34.375,12.57,10.9,10.8,15.35,15.21,12.19,13.54,11.98,12.8,13.13,14.6,12.49,12.97
QV2M,2021,4.5,35.0,13.73,12.52,11.76,15.37,15.86,13.21,12.82,11.5,12.83,13.59,14.06,12.34,13.3
QV2M,2021,4.5,35.625,13.82,12.81,12.44,14.87,15.84,13.34,12.25,11.51,12.22,13.09,13.14,12.16,13.12
QV2M,2021,4.5,36.25,13.41,12.42,11.92,14.64,15.45,12.95,11.95,11.15,11.94,12.58,12.66,12.01,12.76
QV2M,2021,4.5,36.875,11.82,11.28,10.9,13.88,14.59,12.36,11.41,10.76,11.22,12.04,12.0,11.47,11.98
QV2M,2021,4.5,37.5,10.13,9.4,9.09,13.28,14.16,11.82,10.73,10.09,10.69,11.69,11.05,10.81,11.09
QV2M,2021,4.5,38.125,9.03,8.62,8.97,12.91,13.14,11.39,10.43,10.18,10.52,11.7,10.99,10.89,10.74
QV2M,2021,4.5,38.75,9.17,8.6,9.15,13.28,13.37,11.51,10.45,10.28,10.63,11.98,11.3,11.37,10.93
QV2M,2021,4.5,39.375,8.95,8.17,9.16,13.47,13.55,11.62,10.51,10.39,10.77,12.02,11.29,11.8,10.99
QV2M,2021,4.5,40.0,8.7,8.06,9.25,13.39,13.43,11.64,10.61,10.42,10.82,11.97,11.38,11.78,10.97
QV2M,2021,4.5,40.625,8.71,8.19,9.52,13.69,13.52,11.72,10.8,10.7,11.08,12.3,11.98,12.63,11.25
QV2M,2021,4.5,41.25,8.94,8.7,9.84,13.95,13.55,11.91,11.1,11.02,11.45,12.47,12.56,13.06,11.56
QV2M,2021,4.5,41.875,8.89,8.59,9.95,14.67,14.16,12.19,11.27,11.36,11.77,12.81,12.59,13.68,11.84
QV2M,2022,-0.5,34.375,13.07,14.26,13.36,14.28,14.74,13.09,12.18,13.02,13.21,13.07,13.7,13.84,13.48
QV2M,2022,-0.5,35.0,11.62,12.63,11.6,12.97,13.6,12.06,11.64,12.34,12.4,12.08,12.79,12.7,12.36
QV2M,2022,-0.5,35.625,9.59,10.26,9.45,10.88,11.21,9.97,9.88,10.54,10.54,9.86,11.06,10.65,10.32
QV2M,2022,-0.5,36.25,9.74,10.19,9.78,11.14,11.29,10.06,9.96,10.45,10.56,9.91,11.35,10.91,10.44
QV2M,2022,-0.5,36.875,9.91,10.22,10.17,11.54,11.45,10.13,9.98,10.25,10.8,10.22,11.95,11.43,10.67
QV2M,2022,-0.5,37.5,11.07,11.45,11.32,12.62,12.32,10.75,10.45,10.53,11.22,10.67,13.21,12.6,11.51
QV2M,2022,-0.5,38.125,12.38,12.14,11.93,13.28,12.54,10.84,10.54,10.2,10.89,10.6,14.37,13.52,11.93
QV2M,2022,-0.5,38.75,12.95,12.52,12.88,14.2,13.56,11.79,11.15,10.88,11.71,11.51,15.1,13.9,12.67
QV2M,2022,-0.5,39.375,13.44,12.89,13.63,15.16,15.26,13.11,12.08,11.88,12.59,12.57,15.32,13.86,13.48
QV2M,2022,-0.5,40.0,14.07,13.26,14.13,15.72,16.2,14.08,12.76,12.45,13.05,13.23,15.58,14.24,14.06
QV2M,2022,-0.5,40.625,14.1,13.53,14.28,16.17,17.07,14.98,13.47,12.99,13.21,13.69,15.83,14.31,14.47
QV2M,2022,-0.5,41.25,14.49,14.18,14.76,16.55,17.38,15.29,13.78,13.21,13.49,14.13,16.08,14.75,14.84
QV2M,2022,-0.5,41.875,15.35,15.27,15.58,17.13,17.78,15.85,14.42,14.04,14.44,14.94,16.4,15.59,15.56
QV2M,2022,-1.0,34.375,12.95,14.14,13.24,14.27,14.4,12.41,11.0,12.17,12.48,11.94,13.19,13.67,12.98
QV2M,2022,-1.0,35.0,11.08,12.46,11.27,12.35,12.83,11.25,10.33,11.24,11.5,10.45,11.97,12.24,11.57
QV2M,2022,-1.0,35.625,9.49,10.7,9.33,11.02,11.47,10.21,9.76,10.42,10.69,9.27,11.04,10.71,10.34
QV2M,2022,-1.0,36.25,9.61,10.24,9.55,10.93,11.15,9.92,9.69,10.09,10.42,9.17,11.24,10.87,10.24
QV2M,2022,-1.0,36.875,10.55,10.93,10.25,11.4,11.03,9.64,9.54,9.62,10.24,9.28,12.05,11.84,10.52
QV2M,2022,-1.0,37.5,11.71,12.03,11.43,12.56,12.05,10.51,10.3,10.23,10.81,10.16,13.13,12.81,11.47
QV2M,2022,-1.0,38.125,11.71,11.75,11.84,13.27,12.51,10.89,10.61,10.24,11.01,10.59,13.88,13.02,11.77
QV2M,2022,-1.0,38.75,12.48,12.45,12.92,14.46,13.66,11.92,11.34,11.02,11.98,11.64,15.0,13.8,12.72
QV2M,2022,-1.0,39.375,13.07,12.81,13.71,15.43,15.27,13.17,12.22,11.97,12.78,12.71,15.36,13.81,13.52
QV2M,2022,-1.0,40.0,13.84,13.33,14.29,16.05,16.28,14.15,12.89,12.58,13.26,13.43,15.73,14.32,14.18
QV2M,2022,-1.0,40.625,14.35,13.94,14.66,16.47,17.26,15.25,13.74,13.21,13.53,13.97,16.0,14.61,14.75
QV2M,2022,-1.0,41.25,15.06,14.8,15.24,16.86,17.6,15.64,14.08,13.49,13.85,14.38,16.19,15.18,15.2
QV2M,2022,-1.0,41.875,16.47,16.49,16.74,18.0,18.24,16.41,14.97,14.64,15.19,15.77,17.03,16.74,16.39
QV2M,2022,-1.5,34.375,12.55,14.04,13.19,13.43,13.48,11.16,9.34,11.14,11.86,10.46,12.53,13.22,12.18
QV2M,2022,-1.5,35.0,11.11,13.12,11.78,12.15,12.42,10.54,9.49,10.46,10.88,9.18,11.46,11.91,11.19
QV2M,2022,-1.5,35.625,10.24,11.73,10.46,11.53,12.03,10.28,9.74,10.15,10.49,9.17,11.13,11.06,10.66
QV2M,2022,-1.5,36.25,10.48,11.58,10.2,11.65,12.04,10.45,10.02,10.28,10.53,9.04,11.56,11.34,10.75
QV2M,2022,-1.5,36.875,10.74,10.84,10.07,11.42,11.24,9.7,9.58,9.59,10.1,9.23,11.7,11.61,10.48
QV2M,2022,-1.5,37.5,11.56,11.69,11.02,12.35,11.94,10.36,10.14,9.97,10.63,9.99,12.59,12.44,11.22
QV2M,2022,-1.5,38.125,12.12,12.54,12.29,13.46,12.78,11.09,10.79,10.42,11.2,10.82,13.64,13.35,12.03
QV2M,2022,-1.5,38.75,12.57,12.77,13.09,14.48,13.82,12.04,11.51,11.16,12.22,11.8,14.71,13.92,12.84
QV2M,2022,-1.5,39.375,13.15,13.13,13.89,15.46,15.21,13.2,12.29,12.09,13.02,12.89,15.31,14.17,13.65
QV2M,2022,-1.5,40.0,13.92,13.66,14.52,16.35,16.51,14.47,13.17,12.79,13.47,13.69,15.95,14.5,14.42
QV2M,2022,-1.5,40.625,14.69,14.41,14.98,16.81,17.46,15.57,14.01,13.5,13.9,14.32,16.2,14.95,15.07
QV2M,2022,-1.5,41.25,15.64,15.45,15.67,17.25,17.88,15.96,14.37,13.82,14.27,14.71,16.4,15.63,15.58
QV2M,2022,-1.5,41.875,17.63,17.76,17.84,19.02,18.72,16.97,15.51,15.32,15.96,16.5,17.69,17.83,17.22
QV2M,2022,-1.7975103014118005e-13,34.375,12.65,13.97,12.99,14.3,14.92,13.44,12.84,13.46,13.77,13.67,14.03,13.7,13.64
QV2M,2022,-1.7975103014118005e-13,35.0,11.45,12.64,11.56,13.1,13.82,12.59,12.42,12.96,13.1,12.89,13.1,12.64,12.69
QV2M,2022,-1.7975103014118005e-13,35.625,10.01,10.89,10.18,11.53,11.96,10.83,10.94,11.49,11.27,11.07,11.63,11.2,11.08
QV2M,2022,-1.7975103014118005e-13,36.25,9.66,10.07,9.75,11.27,11.72,10.5,10.62,11.7,11.47,10.69,11.69,11.09,10.85
QV2M,2022,-1.7975103014118005e-13,36.875,9.91,10.17,10.29,11.57,11.63,10.34,10.25,10.96,10.96,10.11,11.55,11.15,10.74
QV2M,2022,-1.7975103014118005e-13,37.5,10.69,10.83,11.44,12.35,12.22,10.73,10.28,10.52,10.95,10.51,12.36,11.9,11.23
QV2M,2022,-1.7975103014118005e-13,38.125,12.78,12.5,12.23,13.56,12.87,10.96,10.55,10.29,10.82,10.62,14.37,13.55,12.08
QV2M,2022,-1.7975103014118005e-13,38.75,13.48,12.84,12.99,14.36,13.86,11.86,11.1,10.89,11.52,11.52,14.87,13.75,12.75
QV2M,2022,-1.7975103014118005e-13,39.375,14.05,13.18,13.59,15.18,15.42,13.16,11.99,11.86,12.39,12.46,14.96,13.73,13.5
QV2M,2022,-1.7975103014118005e-13,40.0,14.53,13.66,14.05,15.6,16.27,14.09,12.65,12.41,12.81,13.07,15.13,13.97,14.02
QV2M,2022,-1.7975103014118005e-13,40.625,14.68,13.84,14.17,16.15,17.1,14.91,13.28,12.96,13.05,13.49,15.52,14.22,14.45
QV2M,2022,-1.7975103014118005e-13,41.25,14.66,14.15,14.55,16.64,17.38,15.14,13.56,13.23,13.35,13.98,15.87,14.65,14.76
QV2M,2022,-1.7975103014118005e-13,41.875,15.04,14.9,15.04,17.11,17.76,15.68,14.11,13.95,14.19,14.56,15.95,15.13,15.28
QV2M,2022,-2.0,34.375,12.45,13.9,13.11,12.96,13.17,10.22,8.67,10.38,11.4,9.57,12.36,13.07,11.75
QV2M,2022,-2.0,35.0,11.27,13.24,12.06,11.95,12.03,9.9,9.05,9.89,10.51,8.82,11.28,11.72,10.96
QV2M,2022,-2.0,35.625,10.91,12.3,11.13,11.66,11.89,9.92,9.42,9.81,10.22,9.21,11.19,11.28,10.73
QV2M,2022,-2.0,36.25,11.35,12.58,11.04,12.2,12.41,10.44,9.98,10.16,10.59,9.57,11.8,11.74,11.14
QV2M,2022,-2.0,36.875,10.96,11.29,10.4,11.7,11.64,9.84,9.74,9.71,10.39,9.51,11.7,11.51,10.69
QV2M,2022,-2.0,37.5,11.81,12.19,11.43,12.51,12.15,10.41,10.22,10.04,10.84,10.16,12.55,12.49,11.39
QV2M,2022,-2.0,38.125,12.32,12.87,12.55,13.39,12.86,11.11,10.85,10.47,11.38,10.97,13.51,13.4,12.13
QV2M,2022,-2.0,38.75,12.94,13.3,13.39,14.65,14.04,12.2,11.72,11.35,12.48,12.05,14.73,14.2,13.08
QV2M,2022,-2.0,39.375,13.58,13.68,14.22,15.69,15.38,13.44,12.53,12.24,13.24,13.14,15.45,14.67,13.93
QV2M,2022,-2.0,40.0,14.36,14.32,14.93,16.67,16.55,14.56,13.25,12.98,13.79,13.99,16.14,15.14,14.72
QV2M,2022,-2.0,40.625,15.45,15.34,15.74,17.37,17.77,15.91,14.31,13.87,14.43,14.82,16.62,15.86,15.62
QV2M,2022,-2.0,41.25,17.15,17.19,17.3,18.44,18.39,16.59,15.11,14.83,15.46,15.94,17.29,17.23,16.74
QV2M,2022,-2.0,41.875,18.23,18.34,18.34,19.58,18.94,17.27,15.81,15.71,16.37,16.84,18.0,18.4,17.65
QV2M,2022,-2.5,34.375,12.64,13.69,13.19,12.87,12.61,10.15,8.61,9.98,10.96,9.22,11.95,12.95,11.55
QV2M,2022,-2.5,35.0,11.89,13.19,12.57,12.03,11.65,9.68,8.88,9.73,10.44,8.8,11.19,11.94,10.98
QV2M,2022,-2.5,35.625,12.11,13.32,12.27,12.2,11.67,9.67,9.33,9.97,10.45,8.99,11.48,11.79,11.09
QV2M,2022,-2.5,36.25,12.11,13.43,11.93,12.49,12.12,10.21,9.87,10.01,10.56,9.54,11.77,12.07,11.33
QV2M,2022,-2.5,36.875,11.94,12.81,11.6,12.27,12.03,9.95,9.94,10.11,11.04,9.97,11.97,12.24,11.31
QV2M,2022,-2.5,37.5,12.88,13.34,12.31,12.85,12.4,10.57,10.39,10.47,11.59,10.85,12.65,13.07,11.94
QV2M,2022,-2.5,38.125,13.2,13.51,12.84,13.61,12.94,11.17,10.92,10.55,11.64,11.1,13.56,13.81,12.39
QV2M,2022,-2.5,38.75,13.75,13.87,13.75,14.9,14.18,12.29,11.87,11.49,12.74,12.31,14.85,14.74,13.39
QV2M,2022,-2.5,39.375,14.42,14.35,14.61,15.91,15.58,13.7,12.77,12.43,13.57,13.46,15.75,15.39,14.32
QV2M,2022,-2.5,40.0,15.31,15.41,15.66,16.99,16.71,14.85,13.51,13.33,14.34,14.5,16.47,16.1,15.26
QV2M,2022,-2.5,40.625,17.06,17.15,17.25,18.5,18.31,16.49,14.95,14.73,15.43,15.82,17.36,17.37,16.7
QV2M,2022,-2.5,41.25,18.43,18.46,18.43,19.67,18.86,17.18,15.75,15.65,16.29,16.74,17.96,18.55,17.66
QV2M,2022,-2.5,41.875,18.31,18.37,18.28,19.48,18.94,17.26,15.82,15.66,16.34,16.77,17.95,18.47,17.63
QV2M,2022,-3.0,34.375,12.39,13.76,13.37,12.46,11.92,9.97,8.8,9.58,10.38,8.54,11.55,12.81,11.28
QV2M,2022,-3.0,35.0,12.33,13.41,13.2,12.4,11.75,10.03,9.21,9.86,10.54,9.14,11.22,12.19,11.26
QV2M,2022,-3.0,35.625,11.88,12.65,12.38,12.24,11.66,10.12,9.55,10.13,10.72,10.04,11.46,11.95,11.22
QV2M,2022,-3.0,36.25,12.76,13.92,13.17,12.91,12.1,10.28,9.84,10.18,10.79,9.7,11.68,12.47,11.63
QV2M,2022,-3.0,36.875,12.99,13.88,13.18,13.36,12.92,11.11,10.75,10.93,11.67,10.89,12.51,13.34,12.28
QV2M,2022,-3.0,37.5,12.34,12.84,12.25,12.36,11.88,10.29,10.0,10.14,11.09,10.64,12.01,12.54,11.52
QV2M,2022,-3.0,38.125,13.46,13.76,13.05,13.69,12.93,11.33,11.06,10.78,11.94,11.54,13.63,14.03,12.59
QV2M,2022,-3.0,38.75,14.42,14.25,13.97,15.14,14.23,12.42,12.03,11.68,13.01,12.63,15.0,15.16,13.65
QV2M,2022,-3.0,39.375,15.08,14.84,14.9,16.18,15.83,13.98,13.05,12.67,13.91,13.91,16.12,15.94,14.7
QV2M,2022,-3.0,40.0,16.31,16.42,16.43,17.55,17.02,15.23,13.93,13.81,14.88,15.03,16.77,16.78,15.84
QV2M,2022,-3.0,40.625,18.41,18.45,18.37,19.55,18.71,17.02,15.57,15.5,16.12,16.53,17.85,18.48,17.54
QV2M,2022,-3.0,41.25,18.54,18.45,18.34,19.52,18.85,17.18,15.76,15.6,16.24,16.62,17.83,18.56,17.62
QV2M,2022,-3.0,41.875,18.46,18.41,18.26,19.45,18.91,17.22,15.8,15.62,16.3,16.72,17.9,18.51,17.62
QV2M,2022,-3.5,34.375,13.18,14.41,14.35,13.06,12.26,10.27,9.02,9.48,10.23,8.78,11.8,13.16,11.65
QV2M,2022,-3.5,35.0,12.88,13.91,13.93,13.1,12.12,10.47,9.83,10.24,10.75,9.73,11.88,12.57,11.77
QV2M,2022,-3.5,35.625,12.58,13.53,13.07,12.73,11.9,10.33,9.83,10.22,10.78,9.81,11.77,12.3,11.56
QV2M,2022,-3.5,36.25,12.99,14.16,13.5,13.01,12.11,10.35,9.92,10.34,10.93,9.93,11.95,12.7,11.81
QV2M,2022,-3.5,36.875,13.49,14.5,14.02,13.77,12.78,10.86,10.66,10.98,11.94,11.43,12.94,13.58,12.57
QV2M,2022,-3.5,37.5,12.9,14.29,12.99,13.49,12.82,10.97,10.89,10.8,11.95,11.33,13.04,13.36,12.39
QV2M,2022,-3.5,38.125,13.31,13.54,12.87,13.72,12.94,11.36,11.23,10.92,12.12,11.9,13.72,13.96,12.62
QV2M,2022,-3.5,38.75,14.64,14.56,14.17,15.1,14.34,12.66,12.24,11.98,13.17,13.11,15.03,15.23,13.85
QV2M,2022,-3.5,39.375,15.49,15.19,15.2,16.41,15.99,14.2,13.28,12.85,14.12,14.17,16.31,16.23,14.95
QV2M,2022,-3.5,40.0,17.53,17.56,17.52,18.52,17.69,15.97,14.67,14.61,15.53,15.79,17.37,17.68,16.69
QV2M,2022,-3.5,40.625,18.64,18.57,18.46,19.6,18.74,17.07,15.64,15.53,16.13,16.48,17.75,18.56,17.59
QV2M,2022,-3.5,41.25,18.69,18.49,18.35,19.52,18.82,17.15,15.75,15.54,16.21,16.56,17.77,18.56,17.61
QV2M,2022,-3.5,41.875,18.61,18.44,18.28,19.43,18.86,17.16,15.75,15.55,16.24,16.66,17.82,18.47,17.6
QV2M,2022,-4.0,34.375,13.65,14.48,14.58,13.48,12.44,10.29,9.15,9.3,10.01,8.64,11.87,13.4,11.76
QV2M,2022,-4.0,35.0,12.71,13.68,13.64,12.86,11.7,10.06,9.42,9.73,10.19,9.07,11.42,12.38,11.39
QV2M,2022,-4.0,35.625,12.51,13.44,13.08,12.61,11.65,10.16,9.63,9.86,10.43,9.41,11.39,12.18,11.35
QV2M,2022,-4.0,36.25,12.91,14.08,13.47,12.91,11.91,10.31,9.92,10.12,10.68,9.66,11.66,12.59,11.67
QV2M,2022,-4.0,36.875,12.98,14.17,13.44,13.16,12.25,10.53,10.32,10.34,11.1,10.36,12.27,12.93,11.97
QV2M,2022,-4.0,37.5,13.56,14.75,13.51,13.88,12.92,11.07,11.0,10.84,11.87,11.34,13.25,13.72,12.63
QV2M,2022,-4.0,38.125,13.69,14.27,13.24,14.32,13.26,11.53,11.51,11.25,12.56,12.16,14.15,14.3,13.01
QV2M,2022,-4.0,38.75,14.65,14.66,14.32,15.55,14.67,12.94,12.61,12.34,13.53,13.44,15.34,15.36,14.11
QV2M,2022,-4.0,39.375,15.82,15.63,15.69,16.82,16.37,14.5,13.56,13.13,14.44,14.35,16.4,16.32,15.25
QV2M,2022,-4.0,40.0,18.45,18.4,18.36,19.2,18.3,16.68,15.31,15.22,15.88,16.17,17.68,18.31,17.32
QV2M,2022,-4.0,40.625,18.82,18.69,18.54,19.56,18.7,17.06,15.64,15.49,16.12,16.39,17.78,18.55,17.6
QV2M,2022,-4.0,41.25,18.82,18.55,18.42,19.56,18.77,17.09,15.71,15.48,16.17,16.5,17.81,18.54,17.61
QV2M,2022,-4.0,41.875,18.72,18.47,18.29,19.44,18.8,17.1,15.69,15.49,16.18,16.58,17.82,18.44,17.58
QV2M,2022,-4.5,34.375,13.36,13.97,14.11,13.21,11.94,9.91,9.12,9.05,9.45,8.17,11.35,12.94,11.36
QV2M,2022,-4.5,35.0,12.23,13.34,13.17,12.45,11.35,9.83,9.24,9.37,9.84,8.58,10.99,11.97,11.01
QV2M,2022,-4.5,35.625,12.06,13.18,12.68,12.29,11.27,9.88,9.36,9.47,10.06,9.04,11.07,11.85,11.0
QV2M,2022,-4.5,36.25,12.99,14.16,13.55,13.0,11.9,10.31,9.98,10.1,10.76,9.77,11.69,12.63,11.72
QV2M,2022,-4.5,36.875,13.15,14.12,13.42,13.26,12.34,10.59,10.43,10.37,11.29,10.62,12.36,13.01,12.07
QV2M,2022,-4.5,37.5,13.99,14.82,13.92,14.0,13.11,11.23,11.13,10.99,11.97,11.59,13.33,13.86,12.81
QV2M,2022,-4.5,38.125,14.58,14.97,13.81,14.35,13.59,11.82,11.56,11.42,12.44,12.39,14.11,14.51,13.28
QV2M,2022,-4.5,38.75,15.71,15.72,14.98,15.82,14.95,13.12,12.69,12.53,13.76,13.87,15.68,15.94,14.55
QV2M,2022,-4.5,39.375,17.16,17.02,16.95,17.74,17.02,15.22,14.25,14.02,15.09,15.2,16.92,17.23,16.14
QV2M,2022,-4.5,40.0,18.91,18.81,18.68,19.32,18.4,16.82,15.43,15.3,15.89,16.16,17.72,18.57,17.49
QV2M,2022,-4.5,40.625,18.97,18.83,18.66,19.47,18.62,17.03,15.61,15.43,16.07,16.29,17.84,18.59,17.61
QV2M,2022,-4.5,41.25,18.92,18.68,18.51,19.49,18.7,17.04,15.65,15.4,16.12,16.41,17.85,18.53,17.6
QV2M,2022,-4.5,41.875,18.82,18.51,18.35,19.44,18.73,17.04,15.63,15.42,16.13,16.49,17.83,18.43,17.56
QV2M,2022,0.5,34.375,11.31,12.49,11.6,13.68,14.74,13.63,13.12,13.89,14.13,13.71,13.93,12.95,13.27
QV2M,2022,0.5,35.0,10.74,11.75,10.58,12.26,13.08,12.26,12.52,12.96,12.8,12.42,12.71,12.05,12.18
QV2M,2022,0.5,35.625,10.01,10.71,10.01,11.79,12.66,11.54,11.91,12.91,12.42,12.12,12.54,11.72,11.7
QV2M,2022,0.5,36.25,9.78,10.05,9.95,11.39,11.78,10.77,11.22,12.84,12.1,10.63,11.81,11.14,11.13
QV2M,2022,0.5,36.875,10.22,10.33,10.37,11.49,11.38,10.02,10.14,11.29,10.72,9.48,11.83,11.35,10.72
QV2M,2022,0.5,37.5,11.22,11.12,11.49,12.73,12.43,10.7,10.35,10.88,10.89,10.19,12.75,12.08,11.4
QV2M,2022,0.5,38.125,12.57,12.12,12.05,13.43,12.94,11.0,10.5,10.32,10.67,10.64,13.76,12.8,11.89
QV2M,2022,0.5,38.75,13.66,12.89,12.98,14.26,14.13,12.0,11.06,10.88,11.34,11.49,14.35,13.3,12.69
QV2M,2022,0.5,39.375,14.82,13.62,13.55,15.05,15.68,13.19,11.88,11.8,12.13,12.26,14.73,13.58,13.52
QV2M,2022,0.5,40.0,15.36,14.08,13.92,15.54,16.61,14.09,12.5,12.37,12.58,12.79,14.86,13.79,14.04
QV2M,2022,0.5,40.625,15.43,14.28,14.2,16.12,17.27,14.74,12.98,12.91,12.92,13.3,15.08,14.08,14.44
QV2M,2022,0.5,41.25,15.0,14.53,14.64,16.59,17.22,14.96,13.34,13.29,13.39,13.94,15.47,14.55,14.74
QV2M,2022,0.5,41.875,15.01,14.81,14.86,16.97,17.61,15.54,13.85,13.94,14.12,14.43,15.51,14.93,15.13
QV2M,2022,1.0,34.375,9.72,10.77,10.24,12.02,12.84,11.91,12.07,12.46,12.39,11.96,12.15,11.41,11.66
QV2M,2022,1.0,35.0,9.65,10.49,9.95,11.52,12.15,11.3,11.94,12.42,12.17,11.62,11.93,11.23,11.37
QV2M,2022,1.0,35.625,9.06,9.59,9.26,11.02,11.38,10.29,11.19,12.26,11.26,9.96,10.85,10.13,10.52
QV2M,2022,1.0,36.25,9.87,10.14,10.08,11.64,11.95,10.85,11.41,12.99,12.13,10.48,11.82,11.0,11.2
QV2M,2022,1.0,36.875,10.31,10.55,10.79,11.73,11.37,10.11,10.11,10.78,10.33,9.44,12.0,11.26,10.73
QV2M,2022,1.0,37.5,11.5,11.37,11.59,12.88,12.55,10.68,10.3,10.51,10.45,10.0,12.94,11.98,11.39
QV2M,2022,1.0,38.125,12.43,12.08,12.04,13.4,13.04,11.08,10.47,10.26,10.57,10.75,13.61,12.46,11.84
QV2M,2022,1.0,38.75,13.63,12.89,13.0,14.28,14.29,12.12,11.07,10.91,11.24,11.5,14.3,13.01,12.68
QV2M,2022,1.0,39.375,14.82,13.55,13.35,15.09,15.77,13.17,11.77,11.76,11.89,12.12,14.74,13.43,13.45
QV2M,2022,1.0,40.0,15.49,14.12,13.78,15.67,16.86,14.01,12.35,12.37,12.44,12.59,14.73,13.63,14.0
QV2M,2022,1.0,40.625,15.48,14.47,14.1,16.13,17.3,14.59,12.73,12.88,12.83,13.11,14.82,13.81,14.35
QV2M,2022,1.0,41.25,15.09,14.5,14.43,16.36,17.08,14.83,13.13,13.25,13.34,13.7,15.09,14.14,14.58
QV2M,2022,1.0,41.875,14.85,14.3,14.44,16.92,17.83,15.51,13.6,13.89,14.01,14.24,15.1,14.65,14.95
QV2M,2022,1.5,34.375,9.45,10.53,10.24,12.59,13.49,12.58,12.91,13.71,13.6,13.11,12.5,11.29,12.17
QV2M,2022,1.5,35.0,9.45,10.39,9.99,11.74,12.44,11.49,12.37,13.26,12.81,11.79,11.84,10.77,11.53
QV2M,2022,1.5,35.625,9.55,10.03,9.82,11.53,12.02,10.69,11.37,12.55,11.52,10.07,11.41,10.45,10.92
QV2M,2022,1.5,36.25,10.08,10.19,10.36,11.67,11.71,10.48,10.8,11.95,10.95,9.7,11.69,10.75,10.86
QV2M,2022,1.5,36.875,10.65,10.72,10.9,11.98,11.81,10.3,10.1,10.35,10.05,9.6,12.28,11.33,10.84
QV2M,2022,1.5,37.5,11.6,11.39,11.62,12.82,12.6,10.78,10.32,10.32,10.34,10.26,13.1,11.96,11.42
QV2M,2022,1.5,38.125,12.66,12.23,12.42,13.75,13.42,11.43,10.64,10.43,10.64,10.95,13.86,12.56,12.08
QV2M,2022,1.5,38.75,13.87,12.92,12.91,14.54,14.52,12.23,11.11,11.03,11.19,11.53,14.56,12.96,12.78
QV2M,2022,1.5,39.375,14.91,13.93,13.53,15.28,15.98,13.28,11.78,11.88,11.87,12.02,14.45,13.05,13.49
QV2M,2022,1.5,40.0,14.83,13.64,13.51,15.66,16.55,13.85,12.15,12.23,12.15,12.43,14.6,13.23,13.73
QV2M,2022,1.5,40.625,15.1,14.04,13.76,16.12,17.1,14.5,12.56,12.93,12.8,13.0,14.58,13.47,14.16
QV2M,2022,1.5,41.25,15.15,13.81,13.84,16.49,17.54,14.98,12.98,13.4,13.34,13.63,14.63,13.74,14.46
QV2M,2022,1.5,41.875,14.44,13.37,13.71,16.91,18.04,15.58,13.38,13.96,13.93,14.0,14.74,14.38,14.71
QV2M,2022,2.0,34.375,9.54,10.1,10.07,12.37,13.23,12.61,12.93,14.06,13.57,12.54,11.92,10.64,11.97
QV2M,2022,2.0,35.0,9.5,10.08,9.93,11.61,12.18,11.19,11.74,12.88,12.22,10.81,11.39,10.37,11.16
QV2M,2022,2.0,35.625,9.83,10.08,10.13,11.51,11.84,10.44,10.65,11.85,10.76,9.41,11.37,10.46,10.7
QV2M,2022,2.0,36.25,10.43,10.37,10.63,11.75,11.78,10.34,10.36,11.08,10.34,9.49,11.88,10.88,10.78
QV2M,2022,2.0,36.875,10.86,10.76,11.05,12.18,12.15,10.53,10.24,10.28,10.12,9.98,12.52,11.41,11.01
QV2M,2022,2.0,37.5,11.86,11.5,11.83,13.16,13.11,11.14,10.46,10.39,10.4,10.58,13.34,12.08,11.65
QV2M,2022,2.0,38.125,12.89,12.14,12.36,14.04,13.95,11.71,10.77,10.66,10.68,11.1,13.92,12.52,12.23
QV2M,2022,2.0,38.75,13.47,12.36,12.81,14.58,14.8,12.43,11.23,11.23,11.18,11.54,14.16,12.58,12.7
QV2M,2022,2.0,39.375,14.27,12.73,13.02,15.09,15.97,13.28,11.75,12.01,11.84,11.98,14.08,12.64,13.22
QV2M,2022,2.0,40.0,14.02,12.32,12.89,15.3,16.37,13.74,12.02,12.3,12.16,12.34,14.19,12.81,13.38
QV2M,2022,2.0,40.625,13.81,11.86,12.68,15.63,16.8,14.25,12.28,12.96,12.77,12.79,14.44,13.22,13.63
QV2M,2022,2.0,41.25,14.34,12.65,13.02,15.93,17.33,14.7,12.72,13.39,13.3,13.43,14.5,13.64,14.09
QV2M,2022,2.0,41.875,13.4,12.15,13.03,16.37,17.67,15.06,13.06,13.73,13.72,13.66,14.52,14.12,14.22
QV2M,2022,2.5,34.375,9.57,9.82,9.86,11.67,12.39,11.65,12.11,13.2,12.39,10.97,11.37,10.4,11.29
QV2M,2022,2.5,35.0,9.82,10.13,10.16,11.66,12.02,10.99,11.19,12.07,11.81,10.49,11.54,10.62,11.04
QV2M,2022,2.5,35.625,10.18,10.35,10.43,11.81,11.9,10.7,10.54,11.3,10.73,9.71,11.72,10.77,10.84
QV2M,2022,2.5,36.25,11.41,11.45,11.72,12.77,12.83,11.47,11.19,11.35,11.21,10.84,12.78,11.81,11.73
QV2M,2022,2.5,36.875,11.27,11.09,11.56,12.76,12.72,11.1,10.64,10.58,10.5,10.55,12.89,11.68,11.44
QV2M,2022,2.5,37.5,11.88,11.11,11.73,13.33,13.29,11.26,10.51,10.44,10.39,10.74,13.2,11.73,11.63
QV2M,2022,2.5,38.125,12.29,11.24,11.95,13.9,14.03,11.81,10.8,10.77,10.63,11.14,13.5,11.79,11.99
QV2M,2022,2.5,38.75,12.5,11.12,12.07,14.44,14.91,12.49,11.19,11.26,11.05,11.51,13.64,11.8,12.34
QV2M,2022,2.5,39.375,12.76,11.06,11.91,14.77,15.84,13.16,11.6,11.84,11.6,11.89,13.62,11.87,12.67
QV2M,2022,2.5,40.0,12.72,10.97,11.87,14.82,16.05,13.54,11.81,12.2,12.0,12.23,13.7,12.11,12.84
QV2M,2022,2.5,40.625,12.82,11.07,11.97,15.17,16.41,14.02,12.08,12.72,12.53,12.66,13.97,12.51,13.17
QV2M,2022,2.5,41.25,12.8,11.47,12.2,15.58,16.92,14.46,12.51,13.02,12.92,13.25,13.99,12.77,13.5
QV2M,2022,2.5,41.875,12.86,11.77,12.42,15.95,17.33,14.89,12.88,13.37,13.41,13.6,14.13,13.45,13.85
QV2M,2022,3.0,34.375,9.78,9.92,10.12,11.87,12.68,12.01,12.34,13.16,12.59,11.36,12.02,10.79,11.56
QV2M,2022,3.0,35.0,10.2,10.52,10.42,12.05,12.45,11.2,11.14,11.71,11.53,10.4,11.91,11.06,11.22
QV2M,2022,3.0,35.625,10.9,11.28,10.89,12.47,12.59,11.18,10.84,10.96,10.92,10.51,12.26,11.29,11.34
QV2M,2022,3.0,36.25,12.57,12.68,12.9,13.92,13.88,12.41,11.87,11.92,12.01,12.04,13.79,12.93,12.74
QV2M,2022,3.0,36.875,11.38,11.04,11.35,12.85,12.82,11.14,10.55,10.48,10.36,10.62,12.77,11.37,11.39
QV2M,2022,3.0,37.5,11.67,10.63,11.43,13.33,13.32,11.33,10.53,10.53,10.35,10.86,12.96,11.11,11.51
QV2M,2022,3.0,38.125,11.47,10.32,11.3,13.68,13.93,11.77,10.72,10.8,10.54,11.16,13.12,10.89,11.65
QV2M,2022,3.0,38.75,11.34,9.86,11.01,14.07,14.66,12.31,11.02,11.14,10.85,11.5,13.13,10.74,11.81
QV2M,2022,3.0,39.375,11.05,9.67,10.77,14.26,15.24,12.85,11.35,11.5,11.22,11.82,13.07,10.82,11.98
QV2M,2022,3.0,40.0,11.27,9.81,10.9,14.43,15.6,13.24,11.54,11.86,11.62,12.1,13.2,11.14,12.24
QV2M,2022,3.0,40.625,11.53,10.17,11.26,14.69,15.91,13.7,11.81,12.21,12.01,12.52,13.3,11.49,12.56
QV2M,2022,3.0,41.25,11.39,10.42,11.38,14.99,16.19,14.0,12.15,12.51,12.37,12.9,13.34,11.88,12.8
QV2M,2022,3.0,41.875,11.95,11.25,11.76,15.18,16.56,14.26,12.42,12.7,12.74,13.24,13.71,12.68,13.21
QV2M,2022,3.5,34.375,10.19,10.32,10.59,12.23,13.02,11.85,11.88,12.9,12.21,11.21,12.4,11.32,11.68
QV2M,2022,3.5,35.0,10.79,11.15,10.98,12.59,12.96,11.38,11.15,11.73,11.58,10.94,12.63,11.66,11.63
QV2M,2022,3.5,35.625,11.72,12.26,11.73,13.16,13.06,11.41,10.91,11.04,11.21,11.17,12.86,11.95,11.87
QV2M,2022,3.5,36.25,12.75,12.92,13.14,14.3,14.14,12.57,11.93,11.93,11.99,12.35,13.87,12.77,12.88
QV2M,2022,3.5,36.875,11.61,11.16,11.23,13.15,13.11,11.12,10.42,10.48,10.21,10.77,12.49,10.61,11.36
QV2M,2022,3.5,37.5,10.92,10.13,10.74,13.23,13.27,11.32,10.47,10.57,10.26,10.98,12.46,10.19,11.21
QV2M,2022,3.5,38.125,10.76,9.91,10.55,13.64,13.96,11.87,10.77,10.86,10.46,11.29,12.49,9.9,11.38
QV2M,2022,3.5,38.75,10.08,9.0,10.01,13.72,14.32,12.18,10.97,11.13,10.81,11.61,12.39,9.86,11.35
QV2M,2022,3.5,39.375,10.12,8.92,10.02,13.8,14.64,12.5,11.13,11.31,11.05,11.89,12.63,10.16,11.52
QV2M,2022,3.5,40.0,10.29,9.06,10.28,14.15,15.17,12.88,11.26,11.52,11.22,12.06,12.77,10.36,11.76
QV2M,2022,3.5,40.625,10.52,9.26,10.61,14.4,15.53,13.29,11.43,11.74,11.52,12.36,12.83,10.75,12.03
QV2M,2022,3.5,41.25,10.9,9.93,10.95,14.67,15.71,13.63,11.82,12.04,11.91,12.71,13.09,11.4,12.41
QV2M,2022,3.5,41.875,11.22,10.48,11.02,14.82,15.98,13.85,12.06,12.2,12.2,12.96,13.48,12.19,12.71
QV2M,2022,4.0,34.375,10.74,10.39,11.01,12.86,13.72,11.99,12.07,13.36,12.39,11.98,13.62,12.36,12.22
QV2M,2022,4.0,35.0,11.25,11.21,11.44,13.22,13.54,11.48,11.19,12.04,11.71,11.57,13.66,12.18,12.04
QV2M,2022,4.0,35.625,11.79,12.1,12.26,13.61,13.55,11.67,10.95,11.25,11.47,11.75,13.25,12.11,12.14
QV2M,2022,4.0,36.25,12.65,12.91,13.1,14.66,14.58,12.88,12.1,12.14,12.28,12.91,13.95,12.5,13.05
QV2M,2022,4.0,36.875,10.64,10.71,10.57,13.34,13.62,11.42,10.41,10.53,10.22,11.03,12.13,9.88,11.21
QV2M,2022,4.0,37.5,10.09,9.75,9.86,13.25,13.61,11.42,10.46,10.63,10.24,11.12,11.7,9.37,10.96
QV2M,2022,4.0,38.125,9.57,8.77,9.44,13.28,13.88,11.75,10.71,10.91,10.53,11.35,11.62,9.3,10.93
QV2M,2022,4.0,38.75,9.66,8.5,9.31,13.14,13.9,11.85,10.72,10.94,10.56,11.43,11.83,9.36,10.94
QV2M,2022,4.0,39.375,9.7,8.29,9.51,13.53,14.33,12.18,10.73,11.02,10.66,11.84,12.55,9.76,11.19
QV2M,2022,4.0,40.0,9.64,8.54,9.78,13.95,14.96,12.64,11.03,11.34,10.95,12.07,12.41,9.98,11.45
QV2M,2022,4.0,40.625,10.1,9.02,10.13,14.24,15.33,12.91,11.1,11.46,11.15,12.28,12.63,10.45,11.74
QV2M,2022,4.0,41.25,10.74,9.8,10.49,14.77,15.81,13.31,11.51,11.65,11.47,12.54,12.85,10.87,12.16
QV2M,2022,4.0,41.875,11.11,10.15,10.48,14.97,16.08,13.66,11.84,11.92,11.81,12.86,13.36,11.52,12.49
QV2M,2022,4.5,34.375,10.71,10.12,11.08,13.47,14.32,11.83,12.02,13.44,12.11,12.74,14.77,12.44,12.43
QV2M,2022,4.5,35.0,11.37,10.92,11.58,13.68,14.21,11.67,11.11,12.39,11.93,12.3,14.68,12.71,12.38
QV2M,2022,4.5,35.625,11.34,11.55,12.17,13.78,14.04,11.98,10.83,11.39,11.65,12.29,13.84,12.17,12.25
QV2M,2022,4.5,36.25,11.22,11.68,11.48,13.86,14.19,12.12,11.05,11.27,11.36,12.24,13.31,11.41,12.1
QV2M,2022,4.5,36.875,10.36,10.91,10.54,13.8,14.29,12.06,10.98,10.99,10.77,11.86,12.28,10.06,11.57
QV2M,2022,4.5,37.5,9.47,9.48,9.22,13.22,14.03,11.67,10.4,10.7,10.35,11.36,11.35,9.01,10.86
QV2M,2022,4.5,38.125,9.21,8.38,8.87,12.92,13.72,11.56,10.56,10.77,10.33,11.16,11.14,8.97,10.64
QV2M,2022,4.5,38.75,9.4,8.34,9.04,13.27,14.13,11.84,10.66,10.88,10.47,11.49,11.53,9.18,10.86
QV2M,2022,4.5,39.375,9.35,8.12,9.15,13.64,14.69,12.2,10.77,11.04,10.61,11.85,11.73,9.35,11.05
QV2M,2022,4.5,40.0,9.27,8.28,9.25,13.59,14.74,12.37,10.82,11.07,10.73,11.92,11.72,9.48,11.12
QV2M,2022,4.5,40.625,9.79,8.83,9.65,14.13,15.54,12.84,11.03,11.34,11.05,12.24,12.13,9.99,11.56
QV2M,2022,4.5,41.25,10.29,9.49,10.03,14.45,15.8,13.15,11.34,11.56,11.43,12.62,12.62,10.38,11.94
QV2M,2022,4.5,41.875,10.78,9.63,10.09,14.99,16.22,13.49,11.64,11.71,11.53,12.83,13.23,10.68,12.24
QV2M,2023,-0.5,34.375,11.84,11.72,14.58,15.25,14.6,14.0,12.54,12.01,13.87,14.36,14.84,14.9,13.72
QV2M,2023,-0.5,35.0,10.7,10.46,13.04,14.0,13.58,13.21,11.98,11.91,13.28,13.21,13.87,14.0,12.78
QV2M,2023,-0.5,35.625,8.61,8.3,10.68,11.79,11.39,11.24,10.16,10.06,11.03,10.89,11.85,11.87,10.67
QV2M,2023,-0.5,36.25,9.09,8.76,10.86,11.98,11.53,11.33,10.35,10.26,11.12,11.15,12.04,12.06,10.89
QV2M,2023,-0.5,36.875,9.84,9.33,11.28,12.61,12.07,11.64,10.8,10.6,11.28,11.5,12.59,12.51,11.35
QV2M,2023,-0.5,37.5,10.95,10.14,12.03,14.02,13.22,12.26,11.28,11.04,11.65,12.24,14.18,13.92,12.25
QV2M,2023,-0.5,38.125,11.83,10.74,12.33,15.0,13.42,12.13,11.32,11.15,11.48,12.7,15.64,14.95,12.73
QV2M,2023,-0.5,38.75,12.45,11.64,13.1,16.08,14.51,12.92,12.09,12.0,12.26,13.71,16.75,15.68,13.61
QV2M,2023,-0.5,39.375,12.96,12.25,13.82,16.95,15.83,14.18,13.18,13.18,13.43,14.63,17.5,16.44,14.54
QV2M,2023,-0.5,40.0,13.52,12.79,14.36,17.32,16.49,14.95,13.84,13.91,14.16,15.22,17.6,16.83,15.09
QV2M,2023,-0.5,40.625,13.99,13.28,14.83,17.81,17.19,15.74,14.52,14.61,14.79,15.64,18.14,17.48,15.68
QV2M,2023,-0.5,41.25,14.48,13.86,15.42,18.05,17.56,16.11,14.78,14.86,15.05,16.01,18.41,17.84,16.04
QV2M,2023,-0.5,41.875,15.25,14.76,16.27,18.13,18.01,16.63,15.35,15.58,15.91,16.9,18.55,18.37,16.65
QV2M,2023,-1.0,34.375,11.99,12.05,14.49,15.12,14.45,13.77,12.25,11.89,13.65,13.27,14.36,15.23,13.55
QV2M,2023,-1.0,35.0,10.18,10.0,12.53,13.49,13.05,12.66,11.21,11.28,12.63,12.01,13.13,13.87,12.18
QV2M,2023,-1.0,35.625,8.34,7.87,10.83,12.05,11.66,11.33,10.04,10.04,11.13,10.45,12.04,12.51,10.7
QV2M,2023,-1.0,36.25,8.99,8.41,10.6,12.04,11.48,11.08,9.99,9.98,10.75,10.61,12.34,12.38,10.73
QV2M,2023,-1.0,36.875,10.18,9.22,11.03,12.99,11.9,11.3,10.23,9.91,10.48,11.03,13.21,13.25,11.24
QV2M,2023,-1.0,37.5,11.25,10.3,11.91,14.09,12.95,12.0,10.99,10.87,11.34,12.06,14.54,14.29,12.22
QV2M,2023,-1.0,38.125,11.56,10.77,12.27,14.79,13.4,12.15,11.4,11.3,11.58,12.7,15.39,14.38,12.65
QV2M,2023,-1.0,38.75,12.54,11.8,13.25,16.46,14.87,13.17,12.3,12.26,12.5,14.01,16.95,15.67,13.82
QV2M,2023,-1.0,39.375,13.14,12.47,14.12,17.52,16.08,14.3,13.33,13.36,13.58,14.96,17.72,16.3,14.75
QV2M,2023,-1.0,40.0,13.77,13.08,14.71,17.92,16.84,15.13,14.03,14.12,14.37,15.62,17.9,17.11,15.39
QV2M,2023,-1.0,40.625,14.4,13.7,15.16,18.23,17.44,15.95,14.8,14.93,15.11,16.05,18.26,17.87,16.0
QV2M,2023,-1.0,41.25,14.99,14.39,15.74,18.38,17.85,16.36,15.14,15.22,15.4,16.33,18.5,18.29,16.39
QV2M,2023,-1.0,41.875,16.47,16.04,17.42,18.81,18.45,17.03,15.87,16.16,16.57,17.55,18.78,18.99,17.35
QV2M,2023,-1.5,34.375,12.03,11.93,14.54,14.81,13.96,12.7,10.26,9.93,12.8,12.1,13.62,15.09,12.81
QV2M,2023,-1.5,35.0,10.34,9.93,12.86,13.57,13.01,12.09,10.19,10.12,11.91,10.95,12.8,13.73,11.8
QV2M,2023,-1.5,35.625,8.86,8.7,11.54,12.77,12.3,11.49,10.05,10.31,11.27,10.7,12.61,12.66,11.11
QV2M,2023,-1.5,36.25,9.31,8.87,11.24,13.0,12.35,11.7,10.31,10.37,11.21,10.74,13.13,12.8,11.26
QV2M,2023,-1.5,36.875,9.95,9.22,10.96,12.8,11.79,11.06,9.98,10.04,10.61,10.91,13.21,13.09,11.14
QV2M,2023,-1.5,37.5,10.91,10.07,11.63,13.84,12.8,11.82,10.87,10.73,11.12,11.77,14.26,14.13,12.0
QV2M,2023,-1.5,38.125,12.03,11.27,12.48,14.91,13.81,12.59,11.68,11.64,11.9,12.92,15.48,15.02,12.98
QV2M,2023,-1.5,38.75,12.76,12.07,13.38,16.41,15.16,13.41,12.52,12.53,12.76,14.17,16.83,16.04,14.01
QV2M,2023,-1.5,39.375,13.41,12.76,14.31,17.54,16.39,14.49,13.48,13.53,13.79,15.23,17.69,16.99,14.98
QV2M,2023,-1.5,40.0,14.06,13.4,15.02,18.34,17.33,15.66,14.5,14.54,14.68,16.11,18.21,17.87,15.82
QV2M,2023,-1.5,40.625,14.69,14.08,15.48,18.54,17.79,16.31,15.2,15.34,15.54,16.6,18.41,18.39,16.37
QV2M,2023,-1.5,41.25,15.45,14.92,16.17,18.76,18.23,16.74,15.56,15.65,15.82,16.81,18.63,18.9,16.81
QV2M,2023,-1.5,41.875,17.53,17.19,18.52,19.41,18.87,17.51,16.44,16.75,17.24,18.2,18.99,19.68,18.03
QV2M,2023,-1.7975103014118005e-13,34.375,11.53,11.59,14.14,15.14,14.75,14.41,13.29,13.12,14.53,14.92,15.03,14.67,13.94
QV2M,2023,-1.7975103014118005e-13,35.0,10.74,10.62,13.09,14.09,13.93,13.65,12.78,12.7,13.74,13.92,14.18,13.67,13.1
QV2M,2023,-1.7975103014118005e-13,35.625,9.5,9.27,11.35,12.37,12.13,11.9,11.2,11.05,11.88,12.01,12.46,12.17,11.45
QV2M,2023,-1.7975103014118005e-13,36.25,9.11,8.65,10.98,12.42,12.32,12.15,11.26,10.75,11.79,11.77,12.67,12.37,11.37
QV2M,2023,-1.7975103014118005e-13,36.875,9.66,9.31,11.0,12.23,11.92,11.69,10.85,10.5,11.27,11.39,12.58,12.27,11.23
QV2M,2023,-1.7975103014118005e-13,37.5,10.45,9.79,11.37,13.0,12.5,11.93,11.13,10.72,11.27,11.82,13.07,12.96,11.68
QV2M,2023,-1.7975103014118005e-13,38.125,11.8,10.82,12.36,15.16,13.66,12.47,11.4,11.11,11.45,12.83,15.86,15.18,12.85
QV2M,2023,-1.7975103014118005e-13,38.75,12.33,11.52,12.97,15.98,14.57,13.14,12.1,11.94,12.19,13.7,16.8,15.7,13.58
QV2M,2023,-1.7975103014118005e-13,39.375,12.69,11.97,13.5,16.41,15.57,14.48,13.21,13.08,13.32,14.4,17.45,16.54,14.39
QV2M,2023,-1.7975103014118005e-13,40.0,13.18,12.49,13.96,16.7,16.22,15.1,13.83,13.79,14.04,14.92,17.58,16.9,14.9
QV2M,2023,-1.7975103014118005e-13,40.625,13.54,12.91,14.46,17.35,17.0,15.94,14.53,14.46,14.57,15.44,18.1,17.36,15.48
QV2M,2023,-1.7975103014118005e-13,41.25,14.01,13.43,15.07,17.79,17.31,16.25,14.66,14.67,14.87,15.95,18.37,17.48,15.83
QV2M,2023,-1.7975103014118005e-13,41.875,14.43,13.95,15.56,17.79,17.56,16.62,15.24,15.31,15.55,16.62,18.53,18.08,16.28
QV2M,2023,-2.0,34.375,12.01,12.03,14.61,14.59,13.52,12.19,9.25,9.78,12.47,11.33,13.54,14.85,12.51
QV2M,2023,-2.0,35.0,10.51,10.26,12.91,13.48,12.71,11.62,9.55,10.09,11.45,10.64,13.04,13.53,11.65
QV2M,2023,-2.0,35.625,9.36,9.36,11.7,12.94,12.44,11.4,9.79,10.54,11.15,10.82,13.14,12.95,11.31
QV2M,2023,-2.0,36.25,9.91,9.7,11.85,13.71,13.1,11.96,10.44,10.82,11.41,11.22,14.14,13.61,11.83
QV2M,2023,-2.0,36.875,9.93,9.45,11.05,13.12,12.41,11.61,10.3,10.52,10.88,11.09,13.61,13.49,11.46
QV2M,2023,-2.0,37.5,11.06,10.39,11.73,13.97,13.07,12.08,11.05,11.02,11.27,11.86,14.57,14.54,12.22
QV2M,2023,-2.0,38.125,12.2,11.65,12.53,14.91,13.89,12.73,11.79,11.77,12.0,12.99,15.63,15.53,13.14
QV2M,2023,-2.0,38.75,13.2,12.48,13.61,16.37,15.36,13.72,12.77,12.83,13.05,14.45,16.89,16.64,14.29
QV2M,2023,-2.0,39.375,13.88,13.22,14.64,17.51,16.53,14.77,13.79,13.87,14.12,15.53,17.66,17.66,15.27
QV2M,2023,-2.0,40.0,14.48,13.92,15.44,18.46,17.54,15.85,14.7,14.71,14.85,16.31,18.3,18.48,16.1
QV2M,2023,-2.0,40.625,15.37,14.87,16.2,18.94,18.24,16.73,15.65,15.76,15.99,17.07,18.62,19.09,16.89
QV2M,2023,-2.0,41.25,16.98,16.62,17.79,19.24,18.67,17.26,16.19,16.41,16.8,17.75,18.88,19.58,17.69
QV2M,2023,-2.0,41.875,18.17,17.72,19.08,19.64,19.02,17.72,16.74,17.0,17.55,18.41,19.06,19.86,18.33
QV2M,2023,-2.5,34.375,12.06,12.42,14.04,14.12,13.02,11.59,9.02,9.78,11.68,11.15,13.75,14.7,12.27
QV2M,2023,-2.5,35.0,10.96,10.95,12.54,13.21,12.31,11.32,9.38,10.32,11.16,10.59,13.33,13.67,11.64
QV2M,2023,-2.5,35.625,10.69,10.36,11.77,13.37,12.63,11.48,9.65,11.03,11.47,10.95,14.27,14.11,11.82
QV2M,2023,-2.5,36.25,10.53,10.38,11.84,13.79,13.14,11.84,10.34,11.14,11.36,11.29,14.71,14.41,12.07
QV2M,2023,-2.5,36.875,10.76,10.25,11.41,13.57,13.18,12.27,10.85,11.27,11.19,11.34,14.39,14.61,12.1
QV2M,2023,-2.5,37.5,11.79,11.11,11.94,13.88,13.45,12.69,11.49,11.83,11.93,12.08,14.8,15.16,12.68
QV2M,2023,-2.5,38.125,12.58,11.83,12.52,14.73,14.01,13.0,12.05,12.06,12.22,13.08,15.6,15.91,13.3
QV2M,2023,-2.5,38.75,13.66,12.86,13.8,16.13,15.44,13.98,13.01,13.11,13.29,14.57,16.87,17.1,14.49
QV2M,2023,-2.5,39.375,14.48,13.76,14.99,17.28,16.61,15.04,14.11,14.23,14.49,15.8,17.59,18.02,15.54
QV2M,2023,-2.5,40.0,15.35,14.85,16.06,18.28,17.66,16.03,14.98,15.04,15.23,16.63,18.29,18.89,16.45
QV2M,2023,-2.5,40.625,16.91,16.53,17.65,19.36,18.65,17.15,16.17,16.31,16.66,17.77,18.83,19.63,17.64
QV2M,2023,-2.5,41.25,18.33,17.75,19.02,19.74,19.0,17.6,16.7,16.9,17.45,18.4,19.07,19.81,18.32
QV2M,2023,-2.5,41.875,18.33,17.65,18.99,19.61,19.03,17.7,16.75,16.97,17.52,18.36,19.06,19.81,18.32
QV2M,2023,-3.0,34.375,12.04,12.16,13.16,13.65,12.29,10.99,8.82,9.9,10.85,10.47,13.66,14.73,11.89
QV2M,2023,-3.0,35.0,11.63,11.69,12.53,13.22,12.17,11.2,9.35,10.8,11.23,10.81,13.63,14.02,11.85
QV2M,2023,-3.0,35.625,11.4,11.56,12.13,12.86,12.06,11.3,10.0,10.87,11.59,11.49,13.33,13.44,11.83
QV2M,2023,-3.0,36.25,11.86,11.71,12.0,13.63,12.88,11.74,10.31,11.38,11.68,11.51,14.7,14.79,12.35
QV2M,2023,-3.0,36.875,12.37,12.39,12.6,13.81,13.4,12.46,11.37,11.8,12.18,12.49,14.43,14.9,12.85
QV2M,2023,-3.0,37.5,11.59,11.19,11.46,12.66,12.5,11.82,10.9,11.29,11.72,11.76,13.43,13.98,12.03
QV2M,2023,-3.0,38.125,12.93,12.2,12.6,14.34,13.97,13.07,12.21,12.36,12.65,13.38,15.42,15.95,13.43
QV2M,2023,-3.0,38.75,13.98,13.05,13.93,15.86,15.5,14.2,13.26,13.45,13.62,14.74,16.87,17.4,14.66
QV2M,2023,-3.0,39.375,15.0,14.17,15.29,17.18,16.84,15.33,14.46,14.63,14.87,16.16,17.78,18.37,15.85
QV2M,2023,-3.0,40.0,16.25,15.73,16.73,18.26,17.93,16.34,15.36,15.49,15.71,17.03,18.44,19.14,16.87
QV2M,2023,-3.0,40.625,18.25,17.73,18.79,19.75,18.93,17.45,16.58,16.78,17.28,18.34,19.02,19.85,18.23
QV2M,2023,-3.0,41.25,18.48,17.74,18.91,19.7,19.0,17.59,16.69,16.87,17.39,18.33,19.01,19.79,18.29
QV2M,2023,-3.0,41.875,18.46,17.64,18.94,19.64,19.03,17.65,16.74,16.94,17.47,18.35,19.1,19.76,18.31
QV2M,2023,-3.5,34.375,12.74,13.15,14.05,14.32,12.7,11.14,9.0,10.25,10.96,10.69,14.03,15.27,12.35
QV2M,2023,-3.5,35.0,12.14,12.46,13.2,13.8,12.69,11.58,9.86,11.35,11.76,11.48,14.14,14.64,12.42
QV2M,2023,-3.5,35.625,11.74,11.84,12.47,13.35,12.53,11.52,10.01,11.32,11.87,11.62,14.06,14.37,12.22
QV2M,2023,-3.5,36.25,12.49,12.16,12.32,13.58,12.83,11.76,10.34,11.63,11.94,11.8,14.62,15.01,12.54
QV2M,2023,-3.5,36.875,13.05,12.85,12.6,13.99,13.71,12.69,11.62,12.3,12.71,12.84,15.17,15.61,13.26
QV2M,2023,-3.5,37.5,12.19,11.47,11.88,14.04,13.95,13.08,12.0,12.48,12.55,12.96,15.45,15.77,13.16
QV2M,2023,-3.5,38.125,12.88,12.14,12.63,14.29,14.06,13.15,12.33,12.56,12.99,13.75,15.34,15.84,13.5
QV2M,2023,-3.5,38.75,14.31,13.44,14.17,15.71,15.39,14.29,13.58,13.86,14.18,15.18,16.64,17.19,14.84
QV2M,2023,-3.5,39.375,15.36,14.46,15.57,17.24,16.98,15.51,14.72,14.94,15.26,16.52,17.83,18.46,16.08
QV2M,2023,-3.5,40.0,17.34,16.79,17.73,18.99,18.39,16.79,15.91,16.15,16.47,17.78,18.86,19.58,17.57
QV2M,2023,-3.5,40.625,18.51,17.92,18.85,19.76,18.93,17.45,16.6,16.79,17.25,18.31,19.09,19.86,18.28
QV2M,2023,-3.5,41.25,18.62,17.9,18.93,19.7,18.99,17.56,16.67,16.87,17.35,18.31,19.09,19.8,18.32
QV2M,2023,-3.5,41.875,18.56,17.76,18.93,19.69,19.02,17.57,16.71,16.91,17.4,18.31,19.15,19.68,18.31
QV2M,2023,-4.0,34.375,13.13,13.93,14.5,14.61,13.08,11.3,9.09,10.3,10.84,10.59,13.94,15.44,12.55
QV2M,2023,-4.0,35.0,11.99,12.54,13.18,13.44,12.31,11.13,9.28,10.8,11.23,10.98,13.6,14.35,12.06
QV2M,2023,-4.0,35.625,11.88,12.12,12.43,13.11,12.22,11.28,9.75,11.0,11.51,11.43,13.81,14.24,12.06
QV2M,2023,-4.0,36.25,12.2,12.19,12.28,13.37,12.59,11.61,10.17,11.4,11.67,11.71,14.34,14.71,12.35
QV2M,2023,-4.0,36.875,12.21,12.13,11.9,13.47,13.03,12.09,10.89,11.68,11.95,12.26,14.62,14.98,12.6
QV2M,2023,-4.0,37.5,12.71,12.26,12.47,14.21,13.9,12.94,11.83,12.36,12.54,13.18,15.41,15.73,13.3
QV2M,2023,-4.0,38.125,13.11,12.38,13.03,14.78,14.51,13.52,12.57,12.84,13.0,14.0,16.01,16.18,13.83
QV2M,2023,-4.0,38.75,14.35,13.47,14.39,16.11,15.78,14.57,13.8,14.12,14.38,15.62,17.06,17.34,15.09
QV2M,2023,-4.0,39.375,15.7,14.98,16.04,17.59,17.36,15.82,15.07,15.35,15.63,16.87,18.17,18.71,16.45
QV2M,2023,-4.0,40.0,18.26,17.78,18.55,19.48,18.68,17.13,16.34,16.58,16.95,18.17,19.05,19.83,18.07
QV2M,2023,-4.0,40.625,18.68,18.18,18.94,19.77,18.9,17.41,16.58,16.78,17.18,18.33,19.18,19.85,18.32
QV2M,2023,-4.0,41.25,18.72,18.12,19.02,19.75,18.97,17.5,16.65,16.85,17.29,18.32,19.24,19.76,18.35
QV2M,2023,-4.0,41.875,18.64,17.97,18.93,19.75,18.99,17.5,16.67,16.88,17.33,18.3,19.25,19.59,18.32
QV2M,2023,-4.5,34.375,12.69,13.67,14.08,14.15,12.83,10.99,9.1,10.16,10.51,10.24,13.47,14.98,12.23
QV2M,2023,-4.5,35.0,11.65,12.3,12.91,13.14,12.08,10.75,8.95,10.47,10.78,10.64,13.25,14.03,11.74
QV2M,2023,-4.5,35.625,11.46,11.85,11.89,12.8,11.9,10.89,9.21,10.66,11.02,11.13,13.53,13.9,11.68
QV2M,2023,-4.5,36.25,12.21,12.42,12.33,13.51,12.7,11.62,10.08,11.41,11.64,11.89,14.33,14.74,12.4
QV2M,2023,-4.5,36.875,12.29,12.21,12.03,13.66,13.22,12.25,11.04,11.73,12.06,12.45,14.54,14.87,12.7
QV2M,2023,-4.5,37.5,13.11,12.68,12.69,14.44,14.02,12.94,11.91,12.5,12.87,13.51,15.37,15.77,13.49
QV2M,2023,-4.5,38.125,13.66,12.88,13.33,14.85,14.49,13.38,12.6,13.02,13.5,14.31,15.82,16.42,14.03
QV2M,2023,-4.5,38.75,15.09,14.17,14.85,16.44,16.03,14.82,14.11,14.44,14.78,15.91,17.32,17.93,15.5
QV2M,2023,-4.5,39.375,16.9,16.33,17.08,18.43,17.9,16.38,15.64,15.88,16.12,17.38,18.66,19.36,17.18
QV2M,2023,-4.5,40.0,18.66,18.25,18.9,19.6,18.74,17.19,16.41,16.62,16.97,18.18,19.23,19.91,18.22
QV2M,2023,-4.5,40.625,18.8,18.34,19.03,19.77,18.86,17.36,16.56,16.77,17.11,18.28,19.31,19.83,18.33
QV2M,2023,-4.5,41.25,18.8,18.24,19.01,19.83,18.94,17.42,16.61,16.83,17.2,18.28,19.37,19.69,18.35
QV2M,2023,-4.5,41.875,18.72,18.14,18.95,19.82,18.93,17.44,16.64,16.84,17.24,18.26,19.41,19.51,18.32
QV2M,2023,0.5,34.375,10.24,10.15,13.42,14.9,14.97,14.79,14.04,13.93,14.84,15.02,14.86,14.2,13.8
QV2M,2023,0.5,35.0,10.1,9.67,12.17,13.53,13.49,13.38,12.97,12.59,13.3,13.57,13.66,13.0,12.63
QV2M,2023,0.5,35.625,9.4,8.82,11.6,13.32,13.28,12.97,12.55,11.97,12.78,13.02,13.45,12.94,12.19
QV2M,2023,0.5,36.25,9.21,8.54,11.09,12.99,12.87,12.56,11.99,11.09,12.1,11.91,13.4,12.51,11.7
QV2M,2023,0.5,36.875,9.64,8.87,10.93,12.78,11.96,11.49,10.7,10.11,10.76,11.14,13.09,12.63,11.18
QV2M,2023,0.5,37.5,10.41,9.57,11.47,13.81,12.82,12.07,11.17,10.59,11.02,11.95,14.26,13.72,11.91
QV2M,2023,0.5,38.125,11.26,10.48,12.09,15.1,13.77,12.56,11.45,11.07,11.36,12.79,15.82,14.98,12.74
QV2M,2023,0.5,38.75,11.98,11.18,12.74,15.71,14.62,13.39,12.18,11.92,12.12,13.57,16.68,15.78,13.5
QV2M,2023,0.5,39.375,12.29,11.65,13.28,16.13,15.45,14.83,13.37,12.99,13.16,14.23,17.37,16.76,14.3
QV2M,2023,0.5,40.0,12.63,12.09,13.67,16.45,16.11,15.55,14.11,13.69,13.83,14.65,17.73,17.27,14.83
QV2M,2023,0.5,40.625,13.04,12.54,14.11,17.07,16.6,16.19,14.65,14.24,14.3,15.21,18.21,17.45,15.31
QV2M,2023,0.5,41.25,13.58,13.06,14.69,17.42,16.75,16.18,14.61,14.56,14.79,15.93,18.15,17.13,15.58
QV2M,2023,0.5,41.875,13.85,13.41,15.08,17.49,16.95,16.43,15.04,15.06,15.24,16.42,18.39,17.58,15.92
QV2M,2023,1.0,34.375,9.33,9.12,11.82,13.04,13.21,13.2,12.62,12.16,13.01,13.19,13.05,12.48,12.2
QV2M,2023,1.0,35.0,9.1,8.65,11.25,12.84,12.83,12.65,12.41,11.85,12.46,12.7,12.79,12.14,11.82
QV2M,2023,1.0,35.625,8.39,7.89,10.67,12.33,12.11,11.67,11.66,10.68,11.46,11.37,12.34,11.38,11.01
QV2M,2023,1.0,36.25,9.15,8.38,11.17,13.38,13.26,12.49,12.2,11.2,11.96,11.9,13.65,12.56,11.79
QV2M,2023,1.0,36.875,9.73,9.06,11.17,13.0,12.04,11.3,10.7,10.13,10.46,11.24,13.16,12.69,11.23
QV2M,2023,1.0,37.5,10.48,9.7,11.68,14.41,13.12,12.02,11.14,10.59,10.93,12.15,14.99,14.19,12.13
QV2M,2023,1.0,38.125,11.09,10.33,12.13,15.06,13.66,12.54,11.48,11.05,11.35,12.83,16.09,14.84,12.71
QV2M,2023,1.0,38.75,11.66,10.93,12.75,15.51,14.38,13.53,12.24,11.91,12.11,13.54,16.78,15.78,13.44
QV2M,2023,1.0,39.375,11.9,11.32,13.22,16.04,15.22,15.03,13.45,12.86,12.98,14.11,17.25,16.36,14.16
QV2M,2023,1.0,40.0,12.12,11.66,13.55,16.53,15.86,15.91,14.35,13.57,13.63,14.46,17.75,16.91,14.7
QV2M,2023,1.0,40.625,12.41,12.02,13.89,17.08,16.19,16.23,14.68,14.0,14.01,15.01,18.08,17.16,15.07
QV2M,2023,1.0,41.25,12.8,12.39,14.27,17.27,16.32,16.01,14.52,14.34,14.46,15.65,17.98,16.86,15.25
QV2M,2023,1.0,41.875,13.1,12.74,14.59,17.28,16.36,16.48,14.94,14.74,14.83,16.13,18.55,17.41,15.61
QV2M,2023,1.5,34.375,8.69,8.08,12.39,14.04,14.33,14.3,13.75,12.89,14.07,14.05,13.61,12.19,12.72
QV2M,2023,1.5,35.0,8.6,8.02,11.59,13.72,13.71,13.2,13.08,12.0,12.8,12.75,13.15,11.88,12.06
QV2M,2023,1.5,35.625,8.59,8.21,11.36,13.44,13.16,12.1,11.79,10.7,11.59,11.79,13.22,11.91,11.5
QV2M,2023,1.5,36.25,9.1,8.6,11.47,13.59,12.94,11.77,11.44,10.66,11.28,11.59,13.54,12.36,11.54
QV2M,2023,1.5,36.875,9.72,9.17,11.4,13.44,12.39,11.47,10.76,10.29,10.56,11.68,13.88,13.06,11.49
QV2M,2023,1.5,37.5,10.4,9.76,11.97,14.35,13.08,12.13,11.24,10.72,11.04,12.41,15.12,14.1,12.2
QV2M,2023,1.5,38.125,10.99,10.29,12.56,15.15,13.53,12.92,11.69,11.24,11.48,13.19,16.02,14.71,12.82
QV2M,2023,1.5,38.75,11.28,10.57,13.05,15.95,14.28,13.81,12.37,11.96,12.14,13.88,16.67,15.48,13.46
QV2M,2023,1.5,39.375,11.29,10.81,13.24,16.31,15.05,15.27,13.8,12.97,12.99,14.06,16.9,15.71,14.05
QV2M,2023,1.5,40.0,11.5,11.1,13.49,16.44,15.45,15.71,14.13,13.33,13.34,14.39,17.03,15.73,14.32
QV2M,2023,1.5,40.625,11.64,11.38,13.7,17.04,15.87,16.07,14.59,13.8,13.76,14.85,17.62,16.22,14.72
QV2M,2023,1.5,41.25,11.9,11.65,13.86,17.15,16.05,16.33,14.81,14.18,14.26,15.33,18.05,16.62,15.03
QV2M,2023,1.5,41.875,12.28,11.98,14.18,17.41,16.01,16.55,14.94,14.43,14.39,15.93,18.51,16.98,15.31
QV2M,2023,2.0,34.375,8.48,8.12,12.59,14.4,14.29,14.31,13.96,12.39,13.81,13.37,13.22,11.47,12.56
QV2M,2023,2.0,35.0,8.44,8.18,11.84,13.98,13.78,12.86,12.62,11.18,12.07,12.07,13.05,11.72,11.83
QV2M,2023,2.0,35.625,8.72,8.44,11.7,13.81,13.08,11.86,11.2,10.43,11.05,11.56,13.29,11.86,11.43
QV2M,2023,2.0,36.25,9.19,8.83,11.92,13.98,12.82,11.5,11.02,10.53,10.91,11.65,13.81,12.53,11.57
QV2M,2023,2.0,36.875,9.65,9.29,11.81,13.78,12.68,11.83,11.08,10.54,10.76,12.06,14.11,13.32,11.75
QV2M,2023,2.0,37.5,10.19,9.71,12.39,14.88,13.42,12.61,11.55,10.91,11.19,12.88,15.58,14.55,12.5
QV2M,2023,2.0,38.125,10.4,9.83,12.81,15.77,13.94,13.38,12.0,11.4,11.59,13.6,16.27,15.08,13.02
QV2M,2023,2.0,38.75,10.38,9.94,13.05,16.16,14.44,14.12,12.67,12.1,12.23,14.01,16.63,15.32,13.43
QV2M,2023,2.0,39.375,10.35,10.06,13.08,16.51,15.07,15.35,13.92,12.96,12.92,14.15,16.99,15.76,13.94
QV2M,2023,2.0,40.0,10.49,10.27,13.29,16.76,15.5,15.66,14.13,13.18,13.19,14.47,17.09,15.78,14.17
QV2M,2023,2.0,40.625,10.77,10.55,13.65,17.25,15.81,15.76,14.07,13.24,13.32,15.09,17.62,16.13,14.45
QV2M,2023,2.0,41.25,11.19,10.83,13.76,17.34,15.92,16.23,14.62,13.84,13.88,15.3,18.01,16.66,14.81
QV2M,2023,2.0,41.875,11.44,11.11,13.92,17.68,15.95,16.19,14.45,13.89,13.91,16.13,18.31,16.78,14.99
QV2M,2023,2.5,34.375,8.55,8.19,12.15,13.84,13.42,13.1,12.98,11.01,12.33,12.04,12.82,11.31,11.83
QV2M,2023,2.5,35.0,8.68,8.41,12.0,14.09,14.13,12.82,12.21,10.83,11.44,11.95,13.32,12.04,11.84
QV2M,2023,2.5,35.625,8.89,8.69,12.1,14.14,13.32,12.09,11.15,10.65,10.86,11.89,13.6,12.22,11.65
QV2M,2023,2.5,36.25,10.16,10.03,12.92,14.67,13.61,12.46,11.94,11.5,11.77,12.77,14.48,13.32,12.48
QV2M,2023,2.5,36.875,9.8,9.56,12.42,14.39,13.22,12.38,11.59,10.97,11.24,12.67,14.58,13.58,12.21
QV2M,2023,2.5,37.5,9.54,9.23,12.56,15.08,13.45,12.59,11.61,10.96,11.22,13.09,15.56,14.18,12.44
QV2M,2023,2.5,38.125,9.39,9.09,12.7,15.59,13.96,13.21,12.02,11.39,11.58,13.54,16.02,14.41,12.76
QV2M,2023,2.5,38.75,9.26,9.03,12.89,16.14,14.5,14.05,12.72,12.0,12.09,13.91,16.53,14.62,13.16
QV2M,2023,2.5,39.375,9.27,9.04,13.01,16.51,15.12,15.1,13.58,12.6,12.58,14.12,16.84,14.99,13.58
QV2M,2023,2.5,40.0,9.49,9.26,13.19,16.55,15.33,15.32,13.78,12.81,12.84,14.41,16.82,15.13,13.76
QV2M,2023,2.5,40.625,9.93,9.64,13.53,16.81,15.48,15.46,13.8,12.92,12.99,15.03,17.19,15.59,14.05
QV2M,2023,2.5,41.25,10.35,9.93,13.52,16.92,15.59,15.92,14.29,13.58,13.57,15.34,17.67,15.86,14.4
QV2M,2023,2.5,41.875,10.75,10.17,13.54,16.96,15.56,16.02,14.37,13.77,13.68,15.99,17.93,16.54,14.63
QV2M,2023,3.0,34.375,8.44,8.24,12.14,14.08,14.04,13.42,13.18,11.3,12.17,12.32,13.23,11.89,12.06
QV2M,2023,3.0,35.0,8.7,8.53,12.25,14.57,14.4,12.88,12.05,10.83,11.26,12.28,13.87,12.52,12.03
QV2M,2023,3.0,35.625,9.1,9.01,12.59,14.89,14.2,12.7,11.55,11.05,11.27,12.58,14.4,13.02,12.21
QV2M,2023,3.0,36.25,11.15,11.17,13.91,15.7,14.69,13.54,12.73,12.25,12.66,13.94,15.38,14.37,13.47
QV2M,2023,3.0,36.875,9.15,8.9,12.47,14.7,13.36,12.39,11.55,10.85,11.14,12.83,14.75,13.31,12.13
QV2M,2023,3.0,37.5,8.74,8.46,12.62,15.06,13.49,12.57,11.65,10.98,11.26,13.17,15.24,13.43,12.24
QV2M,2023,3.0,38.125,8.48,8.19,12.71,15.25,13.84,13.07,12.0,11.27,11.51,13.45,15.47,13.56,12.42
QV2M,2023,3.0,38.75,8.35,8.01,12.92,15.76,14.38,13.63,12.46,11.69,11.83,13.81,16.01,13.84,12.75
QV2M,2023,3.0,39.375,8.43,8.03,12.98,15.97,14.81,14.29,12.94,12.07,12.11,14.0,16.4,14.14,13.04
QV2M,2023,3.0,40.0,8.74,8.27,13.21,16.07,15.02,14.75,13.21,12.28,12.34,14.32,16.56,14.5,13.3
QV2M,2023,3.0,40.625,9.17,8.64,13.4,16.09,15.08,15.08,13.47,12.54,12.64,14.79,16.81,14.88,13.57
QV2M,2023,3.0,41.25,9.57,8.97,13.41,16.17,15.1,15.36,13.74,12.99,13.02,15.18,17.14,15.01,13.83
QV2M,2023,3.0,41.875,10.08,9.26,13.16,15.95,15.0,15.38,13.86,13.21,13.14,15.49,17.39,15.9,14.01
QV2M,2023,3.5,34.375,8.86,8.31,12.29,14.37,14.28,13.33,12.68,11.2,11.92,12.72,13.95,12.51,12.22
QV2M,2023,3.5,35.0,8.88,8.63,12.7,15.05,14.77,13.11,12.08,11.01,11.42,12.98,14.91,13.38,12.43
QV2M,2023,3.5,35.625,9.47,9.48,13.15,15.37,14.58,12.98,11.73,11.19,11.56,13.34,15.28,13.95,12.69
QV2M,2023,3.5,36.25,10.94,10.81,14.08,15.77,14.84,13.69,12.88,12.32,12.8,14.3,15.64,14.49,13.56
QV2M,2023,3.5,36.875,8.27,7.94,12.66,14.99,13.65,12.53,11.55,10.73,11.04,13.08,15.06,13.3,12.09
QV2M,2023,3.5,37.5,7.91,7.54,12.49,14.96,13.69,12.5,11.58,10.85,11.16,13.16,15.04,13.1,12.02
QV2M,2023,3.5,38.125,7.72,7.27,12.55,15.12,14.04,13.02,12.05,11.26,11.4,13.49,15.44,13.49,12.26
QV2M,2023,3.5,38.75,7.7,7.12,12.6,15.31,14.53,13.56,12.34,11.52,11.63,13.77,15.68,13.68,12.48
QV2M,2023,3.5,39.375,7.93,7.27,12.76,15.47,14.81,13.86,12.53,11.73,11.81,13.97,15.81,14.15,12.7
QV2M,2023,3.5,40.0,8.21,7.52,13.22,15.94,15.06,14.24,12.73,11.82,11.92,14.34,16.32,14.47,13.01
QV2M,2023,3.5,40.625,8.61,7.85,13.36,15.89,14.91,14.56,12.98,12.0,12.18,14.63,16.49,14.45,13.19
QV2M,2023,3.5,41.25,9.08,8.31,13.23,15.8,14.95,14.93,13.37,12.56,12.62,14.96,16.89,14.95,13.5
QV2M,2023,3.5,41.875,9.46,8.6,12.92,15.65,14.79,14.88,13.42,12.73,12.7,15.29,17.39,15.7,13.65
QV2M,2023,4.0,34.375,8.95,8.29,13.02,15.07,14.85,13.86,12.67,11.39,12.55,13.74,15.16,13.61,12.78
QV2M,2023,4.0,35.0,8.91,8.69,13.21,15.55,15.19,13.32,11.96,11.18,11.65,13.83,16.08,14.34,12.85
QV2M,2023,4.0,35.625,9.57,9.41,13.3,15.51,15.07,13.28,12.08,11.27,11.71,13.84,16.13,14.43,12.98
QV2M,2023,4.0,36.25,10.83,10.61,14.25,15.96,15.26,13.93,13.11,12.53,13.09,14.7,16.08,14.47,13.75
QV2M,2023,4.0,36.875,7.6,7.17,12.67,15.16,14.04,12.6,11.55,10.6,10.99,13.24,15.31,13.25,12.04
QV2M,2023,4.0,37.5,7.27,6.71,12.38,14.98,14.02,12.69,11.62,10.72,11.03,13.29,15.15,12.98,11.93
QV2M,2023,4.0,38.125,7.24,6.52,12.1,14.63,14.2,13.23,11.95,11.11,11.29,13.5,14.87,13.16,12.01
QV2M,2023,4.0,38.75,7.38,6.59,12.12,14.53,14.11,13.13,11.96,11.23,11.23,13.45,14.71,13.23,12.0
QV2M,2023,4.0,39.375,7.64,6.78,12.53,15.15,14.61,13.5,12.19,11.26,11.37,13.94,15.39,13.81,12.38
QV2M,2023,4.0,40.0,7.88,7.03,12.91,15.54,14.97,14.04,12.51,11.51,11.58,14.31,15.86,14.01,12.71
QV2M,2023,4.0,40.625,8.26,7.38,13.04,15.63,14.89,14.19,12.6,11.55,11.78,14.56,16.23,14.41,12.9
QV2M,2023,4.0,41.25,8.59,7.76,12.91,15.73,15.1,14.63,12.96,12.08,12.15,14.93,16.98,15.1,13.27
QV2M,2023,4.0,41.875,8.82,7.98,12.79,15.79,14.94,14.55,13.1,12.33,12.34,15.31,17.56,15.87,13.48
QV2M,2023,4.5,34.375,8.61,8.17,13.85,15.59,14.96,13.89,12.2,11.54,12.92,14.56,16.19,13.8,13.05
QV2M,2023,4.5,35.0,8.98,8.5,13.6,16.05,15.69,13.81,11.98,11.3,12.01,14.66,16.83,15.12,13.23
QV2M,2023,4.5,35.625,9.44,8.8,13.32,16.02,15.85,13.73,12.35,11.18,11.67,14.36,16.98,15.05,13.25
QV2M,2023,4.5,36.25,9.11,8.6,13.42,15.73,15.51,13.52,12.27,11.26,11.91,14.41,16.68,14.64,13.11
QV2M,2023,4.5,36.875,7.93,7.44,12.97,15.21,14.72,13.14,12.03,11.01,11.51,13.89,15.78,13.73,12.47
QV2M,2023,4.5,37.5,6.89,6.18,12.34,14.71,14.28,12.87,11.57,10.49,10.88,13.5,15.0,13.14,11.85
QV2M,2023,4.5,38.125,6.99,6.16,11.69,13.9,13.73,12.81,11.61,10.76,10.87,13.11,14.16,12.79,11.58
QV2M,2023,4.5,38.75,7.19,6.29,11.95,14.38,14.13,13.15,11.86,10.95,10.99,13.5,14.74,13.14,11.89
QV2M,2023,4.5,39.375,7.39,6.43,12.18,14.8,14.52,13.57,12.13,11.14,11.2,13.96,15.38,13.62,12.22
QV2M,2023,4.5,40.0,7.61,6.66,12.15,14.7,14.4,13.5,12.1,11.17,11.33,13.93,15.23,13.51,12.22
QV2M,2023,4.5,40.625,7.97,7.0,12.45,15.03,14.71,13.89,12.35,11.3,11.49,14.48,15.98,14.27,12.61
QV2M,2023,4.5,41.25,8.32,7.34,12.46,15.1,14.78,14.16,12.59,11.72,11.83,14.78,16.38,14.54,12.86
QV2M,2023,4.5,41.875,8.48,7.58,12.61,15.72,15.03,14.19,12.78,11.95,12.06,15.33,17.52,15.52,13.26
QV2M,2024,-0.5,34.375,14.52,14.27,14.47,15.54,15.46,13.81,13.48,12.96,12.75,13.84,14.43,13.97,14.12
QV2M,2024,-0.5,35.0,13.44,13.19,13.38,14.56,14.58,13.15,12.92,12.34,12.28,12.76,13.38,13.17,13.26
QV2M,2024,-0.5,35.625,11.45,11.36,11.79,12.62,12.71,11.39,11.42,10.86,10.91,11.1,11.81,11.33,11.56
QV2M,2024,-0.5,36.25,11.61,11.62,12.14,12.83,12.78,11.32,11.48,10.91,10.96,11.22,12.22,11.49,11.71
QV2M,2024,-0.5,36.875,12.02,12.23,12.66,13.34,13.03,11.33,11.55,11.04,11.07,11.43,12.81,11.81,12.02
QV2M,2024,-0.5,37.5,13.35,13.53,13.77,14.73,14.3,12.21,12.31,11.77,11.46,11.76,14.15,12.99,13.02
QV2M,2024,-0.5,38.125,13.75,14.36,14.41,15.39,13.84,11.19,11.43,11.07,10.74,11.4,15.19,13.63,13.03
QV2M,2024,-0.5,38.75,14.14,14.78,15.07,16.31,14.41,11.8,11.8,11.68,11.63,12.39,16.05,14.15,13.68
QV2M,2024,-0.5,39.375,14.91,15.19,15.48,17.07,15.11,12.88,12.66,12.55,12.65,13.27,16.35,14.39,14.37
QV2M,2024,-0.5,40.0,15.73,15.73,15.71,17.64,16.16,14.06,13.61,13.2,13.25,13.76,16.5,14.86,15.01
QV2M,2024,-0.5,40.625,16.16,15.87,15.76,18.13,17.13,15.12,14.47,13.79,13.67,14.11,17.0,15.16,15.52
QV2M,2024,-0.5,41.25,16.44,16.19,16.07,18.51,17.65,15.52,14.78,14.17,14.08,14.57,17.41,15.58,15.91
QV2M,2024,-0.5,41.875,17.13,16.98,16.76,18.99,18.47,16.33,15.52,14.92,15.0,15.44,17.66,16.26,16.62
QV2M,2024,-1.0,34.375,14.49,14.7,15.09,15.51,15.25,13.27,13.17,12.33,12.17,12.91,13.85,14.27,13.92
QV2M,2024,-1.0,35.0,13.34,13.19,13.7,14.29,14.19,12.46,12.36,11.67,11.79,11.96,12.66,12.88,12.87
QV2M,2024,-1.0,35.625,12.58,12.17,12.81,13.48,13.45,11.77,11.83,10.98,11.18,11.18,11.98,11.84,12.1
QV2M,2024,-1.0,36.25,12.23,12.16,12.55,13.29,13.17,11.54,11.57,10.88,10.94,10.82,12.22,11.61,11.91
QV2M,2024,-1.0,36.875,12.47,12.49,12.82,13.63,13.43,11.2,11.08,10.3,9.8,10.12,13.0,12.25,11.88
QV2M,2024,-1.0,37.5,13.65,13.75,14.05,14.81,14.21,11.86,11.74,11.12,10.66,11.04,14.11,13.28,12.85
QV2M,2024,-1.0,38.125,13.23,13.7,14.47,15.05,13.42,11.07,11.33,11.06,10.79,11.49,14.87,13.38,12.82
QV2M,2024,-1.0,38.75,14.17,14.4,15.49,16.4,14.36,11.83,11.85,11.78,11.83,12.64,16.21,14.42,13.78
QV2M,2024,-1.0,39.375,14.72,14.89,15.89,17.39,15.24,12.96,12.74,12.66,12.85,13.56,16.64,14.61,14.51
QV2M,2024,-1.0,40.0,15.84,15.66,16.27,18.01,16.37,14.17,13.72,13.36,13.49,14.09,16.81,15.29,15.25
QV2M,2024,-1.0,40.625,16.56,16.21,16.37,18.48,17.5,15.55,14.83,14.13,14.06,14.51,17.18,15.6,15.91
QV2M,2024,-1.0,41.25,16.89,16.67,16.72,18.69,17.94,15.98,15.17,14.53,14.45,14.95,17.48,16.08,16.29
QV2M,2024,-1.0,41.875,18.1,18.19,18.34,19.59,19.04,17.08,16.21,15.68,15.93,16.49,18.28,17.39,17.52
QV2M,2024,-1.5,34.375,14.66,14.31,14.61,15.1,14.52,11.71,12.01,10.75,11.11,12.2,13.17,14.31,13.2
QV2M,2024,-1.5,35.0,13.99,13.6,13.94,14.35,14.09,11.81,11.79,10.52,10.35,11.19,12.14,13.15,12.58
QV2M,2024,-1.5,35.625,13.11,12.83,13.29,13.67,13.4,11.49,11.44,10.36,10.5,10.66,11.99,12.01,12.06
QV2M,2024,-1.5,36.25,13.46,12.9,13.22,14.61,14.26,11.8,11.6,10.46,10.3,10.34,12.5,12.27,12.31
QV2M,2024,-1.5,36.875,12.54,12.32,12.74,13.98,13.43,10.91,10.75,9.86,9.75,10.12,12.67,12.29,11.78
QV2M,2024,-1.5,37.5,13.42,13.3,13.82,14.43,13.63,11.1,11.12,10.49,10.28,10.86,13.64,13.16,12.43
QV2M,2024,-1.5,38.125,14.37,14.36,15.09,15.12,13.72,11.4,11.58,11.27,11.07,11.79,14.72,14.08,13.21
QV2M,2024,-1.5,38.75,14.91,14.8,16.02,16.36,14.42,12.02,11.99,11.93,12.01,12.86,15.97,14.86,14.01
QV2M,2024,-1.5,39.375,15.69,15.37,16.6,17.38,15.5,13.18,12.89,12.78,13.03,13.86,16.58,15.13,14.83
QV2M,2024,-1.5,40.0,16.61,16.01,16.95,18.25,16.69,14.5,13.94,13.57,13.74,14.45,17.07,15.56,15.61
QV2M,2024,-1.5,40.625,17.24,16.59,16.97,18.77,17.83,15.96,15.17,14.5,14.46,14.94,17.31,15.91,16.3
QV2M,2024,-1.5,41.25,17.61,17.09,17.31,18.96,18.37,16.51,15.57,14.93,14.91,15.42,17.57,16.48,16.72
QV2M,2024,-1.5,41.875,19.12,19.28,19.74,20.25,19.57,17.69,16.83,16.42,16.79,17.46,18.89,18.38,18.36
QV2M,2024,-1.7975103014118005e-13,34.375,14.54,14.39,14.41,15.71,15.59,14.35,13.98,13.74,13.63,14.48,14.72,13.74,14.44
QV2M,2024,-1.7975103014118005e-13,35.0,13.41,13.36,13.42,14.77,14.74,13.69,13.43,13.15,13.12,13.48,13.82,13.01,13.62
QV2M,2024,-1.7975103014118005e-13,35.625,11.83,12.04,12.19,13.18,13.13,11.96,12.01,11.7,11.5,11.73,12.33,11.64,12.1
QV2M,2024,-1.7975103014118005e-13,36.25,12.02,12.01,12.04,13.54,13.54,12.12,12.45,11.94,11.74,11.89,12.75,11.87,12.33
QV2M,2024,-1.7975103014118005e-13,36.875,11.79,12.12,12.15,13.44,13.41,11.64,12.21,11.53,11.06,11.11,12.61,11.67,12.06
QV2M,2024,-1.7975103014118005e-13,37.5,12.41,13.06,13.33,13.83,13.4,11.48,11.8,11.3,10.93,11.2,13.18,12.2,12.34
QV2M,2024,-1.7975103014118005e-13,38.125,13.77,15.04,14.66,15.8,14.39,11.43,11.55,11.15,10.71,11.32,15.3,13.65,13.22
QV2M,2024,-1.7975103014118005e-13,38.75,13.99,15.36,14.99,16.33,14.45,11.9,11.76,11.67,11.53,12.21,15.84,13.82,13.64
QV2M,2024,-1.7975103014118005e-13,39.375,14.71,15.41,15.07,16.97,15.03,12.86,12.58,12.42,12.46,12.99,15.93,13.9,14.18
QV2M,2024,-1.7975103014118005e-13,40.0,15.43,15.84,15.3,17.43,15.93,13.91,13.49,13.05,13.02,13.46,16.12,14.3,14.76
QV2M,2024,-1.7975103014118005e-13,40.625,15.86,15.75,15.32,17.96,16.82,14.75,14.11,13.49,13.35,13.79,16.53,14.55,15.18
QV2M,2024,-1.7975103014118005e-13,41.25,16.09,15.96,15.66,18.53,17.38,15.12,14.39,13.87,13.8,14.3,17.01,14.88,15.57
QV2M,2024,-1.7975103014118005e-13,41.875,16.53,16.28,15.98,18.89,18.18,15.87,15.05,14.47,14.48,14.82,17.19,15.31,16.08
QV2M,2024,-2.0,34.375,14.76,14.32,14.33,14.57,13.88,10.62,10.82,9.63,10.68,11.92,13.02,14.43,12.75
QV2M,2024,-2.0,35.0,14.05,13.58,13.75,14.03,13.52,10.82,10.94,9.55,9.85,11.07,12.29,13.35,12.23
QV2M,2024,-2.0,35.625,13.25,12.9,13.3,13.68,13.12,10.85,10.81,9.69,10.0,10.69,12.22,12.42,11.91
QV2M,2024,-2.0,36.25,14.11,13.36,13.84,15.03,14.22,11.35,11.3,10.25,10.26,10.8,12.94,13.08,12.54
QV2M,2024,-2.0,36.875,12.87,12.39,13.12,14.1,13.42,10.83,10.55,9.83,9.85,10.34,12.76,12.67,11.89
QV2M,2024,-2.0,37.5,13.95,13.7,14.26,14.63,13.59,10.98,11.0,10.45,10.35,11.0,13.61,13.61,12.59
QV2M,2024,-2.0,38.125,15.01,14.94,15.54,15.2,13.75,11.41,11.53,11.29,11.2,11.97,14.54,14.36,13.39
QV2M,2024,-2.0,38.75,15.83,15.69,16.7,16.46,14.6,12.28,12.21,12.14,12.24,13.11,15.86,15.31,14.36
QV2M,2024,-2.0,39.375,16.69,16.24,17.34,17.52,15.78,13.53,13.18,12.98,13.24,14.19,16.62,15.65,15.24
QV2M,2024,-2.0,40.0,17.46,16.67,17.64,18.45,16.84,14.7,14.04,13.75,14.02,14.88,17.26,16.0,15.97
QV2M,2024,-2.0,40.625,18.29,17.38,17.93,19.12,18.22,16.34,15.47,14.88,14.97,15.63,17.69,16.6,16.87
QV2M,2024,-2.0,41.25,18.92,18.65,19.04,19.78,19.13,17.29,16.41,15.96,16.2,16.91,18.44,17.92,17.88
QV2M,2024,-2.0,41.875,19.51,19.79,20.45,20.62,19.76,17.92,17.16,16.83,17.23,17.9,19.18,19.05,18.78
QV2M,2024,-2.5,34.375,14.67,14.29,14.15,14.31,13.35,10.34,9.69,8.63,9.81,11.56,13.06,14.43,12.35
QV2M,2024,-2.5,35.0,13.97,13.77,13.82,13.81,13.1,10.4,10.19,8.86,9.24,10.63,12.34,13.58,11.97
QV2M,2024,-2.5,35.625,14.17,13.78,13.97,14.22,13.27,10.69,10.22,9.18,9.4,10.28,12.57,13.62,12.11
QV2M,2024,-2.5,36.25,14.48,13.84,14.23,14.75,13.69,11.02,10.85,9.93,9.92,10.61,13.06,13.91,12.52
QV2M,2024,-2.5,36.875,14.0,13.5,14.03,14.43,13.71,11.0,10.52,9.7,9.77,10.41,13.18,14.14,12.36
QV2M,2024,-2.5,37.5,14.64,14.5,14.95,14.82,13.77,11.04,10.93,10.18,10.2,10.97,13.68,14.63,12.85
QV2M,2024,-2.5,38.125,15.54,15.62,15.99,15.28,13.89,11.57,11.56,11.26,11.26,11.98,14.54,15.1,13.63
QV2M,2024,-2.5,38.75,16.62,16.58,17.33,16.51,14.75,12.54,12.43,12.33,12.41,13.31,15.88,16.15,14.73
QV2M,2024,-2.5,39.375,17.56,17.37,18.11,17.62,15.93,13.85,13.46,13.19,13.43,14.5,16.76,16.69,15.7
QV2M,2024,-2.5,40.0,18.27,17.62,18.4,18.65,17.02,15.01,14.33,14.09,14.45,15.45,17.46,16.99,16.47
QV2M,2024,-2.5,40.625,19.31,18.76,19.33,19.76,18.79,16.93,16.1,15.74,16.03,16.88,18.5,18.14,17.85
QV2M,2024,-2.5,41.25,19.65,19.97,20.57,20.55,19.58,17.79,17.04,16.8,17.14,17.88,19.29,19.26,18.79
QV2M,2024,-2.5,41.875,19.51,19.82,20.41,20.58,19.76,17.89,17.12,16.79,17.17,17.84,19.21,19.14,18.76
QV2M,2024,-3.0,34.375,14.43,14.1,14.09,13.98,12.84,10.02,9.46,8.72,9.17,10.81,12.7,14.27,12.04
QV2M,2024,-3.0,35.0,14.16,14.18,14.31,14.02,13.19,10.56,10.12,8.99,9.23,10.34,12.28,13.88,12.1
QV2M,2024,-3.0,35.625,13.37,13.41,13.72,13.46,12.76,10.69,10.62,9.74,9.76,10.19,12.08,13.04,11.9
QV2M,2024,-3.0,36.25,14.47,14.27,14.57,14.46,13.35,10.88,10.54,9.76,9.86,10.44,12.98,14.67,12.52
QV2M,2024,-3.0,36.875,14.47,14.35,14.78,14.61,13.73,11.62,11.46,10.75,10.72,11.35,13.56,14.79,13.01
QV2M,2024,-3.0,37.5,13.54,13.7,14.02,13.53,12.75,10.79,10.72,10.11,10.08,10.61,12.58,13.68,12.17
QV2M,2024,-3.0,38.125,15.63,15.76,16.08,15.27,13.96,11.8,11.72,11.45,11.53,12.16,14.43,15.27,13.75
QV2M,2024,-3.0,38.75,16.97,16.98,17.68,16.59,14.9,12.78,12.64,12.54,12.62,13.49,15.96,16.7,14.98
QV2M,2024,-3.0,39.375,17.99,17.8,18.52,17.86,16.17,14.17,13.71,13.43,13.68,14.85,17.0,17.28,16.03
QV2M,2024,-3.0,40.0,18.7,18.45,19.21,19.15,17.51,15.54,14.8,14.62,15.04,16.05,17.89,17.89,17.07
QV2M,2024,-3.0,40.625,19.8,19.92,20.49,20.38,19.28,17.54,16.79,16.58,16.91,17.77,19.22,19.27,18.66
QV2M,2024,-3.0,41.25,19.73,20.0,20.42,20.52,19.58,17.77,17.01,16.75,17.05,17.8,19.19,19.36,18.76
QV2M,2024,-3.0,41.875,19.57,19.89,20.35,20.56,19.73,17.85,17.05,16.74,17.11,17.8,19.17,19.3,18.75
QV2M,2024,-3.5,34.375,15.03,15.25,15.2,14.65,13.33,10.21,9.58,8.99,9.35,11.23,13.19,14.85,12.56
QV2M,2024,-3.5,35.0,14.58,14.92,15.16,14.62,13.61,10.92,10.55,9.8,10.01,11.07,12.76,14.43,12.7
QV2M,2024,-3.5,35.625,14.34,14.38,14.61,14.22,13.24,10.84,10.62,9.86,9.85,10.52,12.43,13.9,12.4
QV2M,2024,-3.5,36.25,14.85,14.64,14.82,14.49,13.26,10.84,10.5,9.85,10.0,10.75,12.81,14.72,12.62
QV2M,2024,-3.5,36.875,15.21,15.27,15.65,14.89,13.76,11.63,11.35,10.73,10.53,11.21,13.47,15.24,13.24
QV2M,2024,-3.5,37.5,15.66,15.1,15.6,15.25,13.93,11.66,11.54,11.01,10.97,11.64,13.85,15.22,13.45
QV2M,2024,-3.5,38.125,15.6,15.74,16.09,15.2,13.98,11.82,11.71,11.5,11.66,12.38,14.45,15.22,13.77
QV2M,2024,-3.5,38.75,16.99,17.11,17.51,16.53,15.13,13.21,13.0,12.96,13.1,13.92,15.83,16.46,15.14
QV2M,2024,-3.5,39.375,18.24,18.17,18.66,18.03,16.49,14.59,14.04,13.74,13.92,15.11,17.1,17.48,16.29
QV2M,2024,-3.5,40.0,19.4,19.3,19.98,19.77,18.29,16.4,15.61,15.53,15.95,16.97,18.65,18.73,17.88
QV2M,2024,-3.5,40.625,19.91,20.07,20.51,20.41,19.34,17.59,16.82,16.63,16.94,17.77,19.2,19.38,18.71
QV2M,2024,-3.5,41.25,19.86,20.04,20.36,20.53,19.54,17.73,16.95,16.69,16.98,17.76,19.16,19.41,18.75
QV2M,2024,-3.5,41.875,19.69,19.95,20.28,20.55,19.69,17.81,16.97,16.68,17.03,17.75,19.13,19.34,18.73
QV2M,2024,-4.0,34.375,15.23,15.64,15.52,15.04,13.49,10.36,9.66,9.07,9.42,11.35,13.22,15.01,12.74
QV2M,2024,-4.0,35.0,14.39,14.77,14.79,14.33,13.18,10.5,10.13,9.48,9.7,10.91,12.12,14.17,12.37
QV2M,2024,-4.0,35.625,14.21,14.45,14.49,14.09,12.88,10.44,10.35,9.77,9.81,10.63,11.98,13.7,12.23
QV2M,2024,-4.0,36.25,14.91,14.79,14.91,14.47,13.13,10.75,10.56,9.96,10.09,10.83,12.39,14.24,12.58
QV2M,2024,-4.0,36.875,14.98,14.9,15.28,14.5,13.18,11.05,10.97,10.57,10.62,11.28,13.0,14.49,12.9
QV2M,2024,-4.0,37.5,15.74,15.62,16.05,15.3,14.02,11.83,11.71,11.33,11.33,11.94,13.95,15.2,13.66
QV2M,2024,-4.0,38.125,15.84,15.87,16.58,15.64,14.18,12.07,11.92,11.72,11.91,12.7,14.89,15.66,14.08
QV2M,2024,-4.0,38.75,17.04,17.26,17.81,16.8,15.27,13.34,13.18,13.22,13.39,14.25,16.19,16.63,15.36
QV2M,2024,-4.0,39.375,18.49,18.33,18.76,18.56,17.02,15.03,14.42,14.18,14.35,15.5,17.29,17.58,16.62
QV2M,2024,-4.0,40.0,19.89,19.93,20.38,20.13,18.84,17.09,16.25,16.26,16.63,17.57,18.98,19.22,18.43
QV2M,2024,-4.0,40.625,20.01,20.15,20.49,20.39,19.32,17.53,16.75,16.57,16.91,17.74,19.14,19.4,18.69
QV2M,2024,-4.0,41.25,19.93,20.1,20.34,20.52,19.46,17.68,16.87,16.62,16.92,17.72,19.1,19.39,18.72
QV2M,2024,-4.0,41.875,19.78,19.98,20.22,20.52,19.62,17.77,16.89,16.61,16.95,17.73,19.06,19.26,18.69
QV2M,2024,-4.5,34.375,14.74,15.22,15.11,14.61,13.17,10.44,9.76,9.24,9.52,11.02,12.34,14.45,12.46
QV2M,2024,-4.5,35.0,14.08,14.43,14.42,14.04,12.83,10.33,9.93,9.41,9.58,10.88,11.68,13.75,12.11
QV2M,2024,-4.5,35.625,14.04,14.2,14.38,13.94,12.55,10.13,9.96,9.63,9.72,10.75,11.78,13.4,12.04
QV2M,2024,-4.5,36.25,15.06,15.1,15.24,14.66,13.23,10.85,10.69,10.23,10.32,11.2,12.5,14.26,12.77
QV2M,2024,-4.5,36.875,14.97,14.97,15.36,14.59,13.28,11.12,11.03,10.78,10.88,11.6,13.02,14.39,12.99
QV2M,2024,-4.5,37.5,15.74,15.9,16.17,15.34,14.07,12.02,11.84,11.66,11.76,12.32,13.89,15.28,13.83
QV2M,2024,-4.5,38.125,16.33,16.5,16.65,15.7,14.5,12.56,12.32,12.2,12.27,12.89,14.64,15.88,14.36
QV2M,2024,-4.5,38.75,17.86,17.91,18.27,17.14,15.73,13.74,13.49,13.51,13.68,14.59,16.31,17.19,15.78
QV2M,2024,-4.5,39.375,19.39,19.23,19.6,19.29,17.8,15.9,15.19,15.14,15.32,16.42,17.99,18.34,17.46
QV2M,2024,-4.5,40.0,20.13,20.24,20.41,20.21,18.96,17.2,16.33,16.37,16.71,17.7,19.04,19.4,18.55
QV2M,2024,-4.5,40.625,20.07,20.23,20.41,20.35,19.27,17.45,16.65,16.49,16.85,17.74,19.06,19.42,18.66
QV2M,2024,-4.5,41.25,19.97,20.13,20.35,20.46,19.38,17.62,16.77,16.53,16.86,17.72,19.04,19.36,18.68
QV2M,2024,-4.5,41.875,19.83,19.99,20.24,20.48,19.54,17.72,16.8,16.55,16.87,17.74,19.03,19.2,18.66
QV2M,2024,0.5,34.375,14.18,14.13,13.94,15.62,15.61,14.72,14.31,14.23,14.4,14.69,14.79,13.42,14.5
QV2M,2024,0.5,35.0,12.84,13.11,13.09,14.32,14.24,13.52,13.45,13.32,13.1,13.32,13.52,12.34,13.35
QV2M,2024,0.5,35.625,12.69,13.06,12.97,14.24,14.09,13.08,13.24,13.09,12.64,12.98,13.4,12.21,13.14
QV2M,2024,0.5,36.25,12.1,12.46,12.16,14.27,14.52,12.66,13.15,13.13,12.15,11.65,12.96,11.61,12.73
QV2M,2024,0.5,36.875,11.85,12.69,12.35,13.72,13.67,11.51,12.28,11.97,10.97,10.64,12.93,11.64,12.18
QV2M,2024,0.5,37.5,12.64,14.0,13.62,14.72,14.44,11.58,11.99,11.6,10.69,10.9,13.88,12.37,12.7
QV2M,2024,0.5,38.125,13.13,14.89,14.39,15.49,14.2,11.34,11.38,11.13,10.61,11.19,14.88,13.04,12.96
QV2M,2024,0.5,38.75,13.86,15.39,14.81,16.05,14.35,11.95,11.68,11.6,11.43,12.05,15.42,13.4,13.49
QV2M,2024,0.5,39.375,14.62,15.58,14.84,16.95,15.1,12.86,12.45,12.27,12.26,12.72,15.63,13.48,14.05
QV2M,2024,0.5,40.0,15.13,15.57,14.85,17.59,15.93,13.78,13.26,12.82,12.75,13.16,15.7,13.62,14.5
QV2M,2024,0.5,40.625,15.16,15.43,14.92,17.96,16.67,14.44,13.76,13.21,13.06,13.54,15.9,13.81,14.81
QV2M,2024,0.5,41.25,15.62,15.85,15.52,18.3,17.08,14.79,14.09,13.69,13.63,14.08,16.33,14.14,15.25
QV2M,2024,0.5,41.875,15.87,15.87,15.65,18.7,17.95,15.62,14.74,14.23,14.22,14.52,16.72,14.59,15.72
QV2M,2024,1.0,34.375,12.39,12.57,12.6,13.89,13.69,13.15,12.91,12.74,12.83,13.09,13.03,11.61,12.87
QV2M,2024,1.0,35.0,11.9,12.34,12.41,13.57,13.42,12.77,12.82,12.73,12.55,12.79,12.85,11.49,12.64
QV2M,2024,1.0,35.625,11.11,11.74,11.35,13.54,13.54,11.92,12.6,12.64,11.47,11.13,12.04,10.39,11.95
QV2M,2024,1.0,36.25,11.92,12.79,12.51,14.8,14.84,12.81,13.37,13.62,12.31,11.41,13.03,11.27,12.89
QV2M,2024,1.0,36.875,11.73,12.96,12.65,13.88,13.39,10.95,11.87,11.86,10.51,10.51,12.9,11.19,12.03
QV2M,2024,1.0,37.5,12.55,14.19,13.63,14.87,14.28,11.24,11.59,11.41,10.4,10.68,14.02,12.08,12.57
QV2M,2024,1.0,38.125,12.95,14.52,14.02,15.17,13.95,11.4,11.29,11.11,10.62,11.18,14.73,12.52,12.78
QV2M,2024,1.0,38.75,13.77,15.21,14.56,15.8,14.25,12.01,11.65,11.58,11.4,11.96,15.23,12.74,13.33
QV2M,2024,1.0,39.375,13.89,15.19,14.46,16.7,15.1,12.8,12.31,12.15,12.1,12.52,15.41,12.79,13.77
QV2M,2024,1.0,40.0,14.04,14.9,14.17,17.35,15.91,13.64,13.02,12.62,12.52,12.93,15.36,12.88,14.1
QV2M,2024,1.0,40.625,14.41,14.74,14.47,17.8,16.6,14.21,13.46,12.97,12.82,13.33,15.63,13.19,14.46
QV2M,2024,1.0,41.25,14.84,15.04,14.88,18.13,17.07,14.68,13.83,13.46,13.37,13.79,16.03,13.59,14.88
QV2M,2024,1.0,41.875,14.78,14.91,15.05,18.45,17.76,15.35,14.4,13.96,13.94,14.18,16.46,14.02,15.27
QV2M,2024,1.5,34.375,12.55,12.34,12.38,14.67,14.53,14.21,13.99,13.82,13.9,14.44,14.0,11.82,13.55
QV2M,2024,1.5,35.0,11.73,12.15,12.26,14.47,14.33,13.48,13.68,13.69,13.33,13.51,13.43,11.34,13.12
QV2M,2024,1.5,35.625,11.49,12.26,12.04,14.74,14.47,12.44,13.17,13.34,11.93,11.29,12.75,10.56,12.54
QV2M,2024,1.5,36.25,11.74,12.77,12.28,14.87,14.68,12.1,12.83,13.2,11.33,10.88,13.05,10.83,12.54
QV2M,2024,1.5,36.875,11.79,13.04,12.72,13.98,13.46,10.89,11.52,11.41,10.02,10.39,13.17,11.05,11.95
QV2M,2024,1.5,37.5,12.45,13.89,13.42,14.83,14.03,11.28,11.44,11.3,10.36,10.78,14.06,11.63,12.45
QV2M,2024,1.5,38.125,12.99,14.45,13.83,15.34,13.92,11.62,11.39,11.24,10.78,11.32,14.78,11.92,12.79
QV2M,2024,1.5,38.75,13.67,15.1,13.92,16.11,14.62,12.07,11.66,11.62,11.43,11.95,15.44,12.21,13.3
QV2M,2024,1.5,39.375,13.15,14.33,13.51,16.52,15.19,12.87,12.23,12.04,11.96,12.38,15.2,12.4,13.47
QV2M,2024,1.5,40.0,13.15,14.14,13.68,16.86,15.65,13.44,12.74,12.42,12.3,12.74,15.45,12.55,13.75
QV2M,2024,1.5,40.625,13.45,13.77,13.94,17.46,16.46,14.04,13.19,12.77,12.62,13.12,15.81,13.06,14.13
QV2M,2024,1.5,41.25,13.68,13.91,14.15,17.7,17.05,14.42,13.61,13.22,13.12,13.5,15.87,13.36,14.46
QV2M,2024,1.5,41.875,13.75,13.76,14.38,18.02,17.45,15.06,14.05,13.66,13.64,13.87,16.57,13.91,14.84
QV2M,2024,2.0,34.375,12.03,12.19,12.21,15.13,14.88,14.48,14.43,14.06,13.84,14.47,13.77,11.21,13.56
QV2M,2024,2.0,35.0,11.67,12.26,12.22,14.75,14.56,13.26,13.74,13.76,12.93,12.81,13.1,10.65,12.97
QV2M,2024,2.0,35.625,11.37,12.42,12.09,14.85,14.24,11.98,12.75,12.94,11.22,10.77,12.84,10.32,12.31
QV2M,2024,2.0,36.25,11.78,13.15,12.45,15.09,14.37,11.41,12.23,12.5,10.49,10.65,13.22,10.66,12.33
QV2M,2024,2.0,36.875,11.92,13.2,12.88,14.33,13.54,11.16,11.4,11.27,10.22,10.68,13.41,10.99,12.08
QV2M,2024,2.0,37.5,12.64,14.05,13.59,15.28,14.22,11.66,11.43,11.29,10.55,11.03,14.28,11.55,12.62
QV2M,2024,2.0,38.125,13.12,14.44,13.59,15.91,14.66,12.03,11.52,11.36,10.94,11.48,14.9,11.69,12.96
QV2M,2024,2.0,38.75,13.08,14.41,13.58,16.32,15.02,12.42,11.8,11.66,11.42,11.91,15.1,11.79,13.2
QV2M,2024,2.0,39.375,12.78,13.63,13.22,16.78,15.61,13.04,12.23,11.94,11.82,12.25,15.11,11.93,13.35
QV2M,2024,2.0,40.0,12.73,13.25,13.31,17.04,16.07,13.51,12.65,12.24,12.12,12.57,15.44,12.17,13.58
QV2M,2024,2.0,40.625,12.97,12.75,13.38,17.73,16.59,13.83,12.87,12.58,12.41,12.92,16.17,13.06,13.93
QV2M,2024,2.0,41.25,13.72,13.12,13.57,17.96,16.95,14.25,13.32,12.98,12.86,13.25,16.27,13.24,14.29
QV2M,2024,2.0,41.875,13.64,12.97,13.76,17.92,17.23,14.75,13.7,13.4,13.35,13.57,17.23,14.13,14.63
QV2M,2024,2.5,34.375,11.16,12.08,12.03,14.8,14.55,13.73,14.09,13.87,12.9,13.44,13.07,10.5,13.02
QV2M,2024,2.5,35.0,11.69,13.04,12.97,15.24,15.1,13.19,13.73,13.77,12.43,12.49,13.18,10.67,13.12
QV2M,2024,2.5,35.625,11.6,13.14,12.87,15.4,14.64,11.99,12.66,12.62,10.9,11.06,13.11,10.42,12.53
QV2M,2024,2.5,36.25,12.57,14.14,13.71,15.54,14.67,12.11,12.5,12.45,11.31,11.9,14.02,11.58,13.03
QV2M,2024,2.5,36.875,12.25,13.93,13.61,15.11,14.15,11.82,11.71,11.52,10.7,11.27,13.93,11.4,12.61
QV2M,2024,2.5,37.5,12.15,13.89,13.36,15.58,14.46,11.74,11.31,11.23,10.6,11.18,14.39,11.38,12.59
QV2M,2024,2.5,38.125,12.01,13.52,13.19,15.87,14.93,12.17,11.51,11.32,10.92,11.52,14.62,11.12,12.71
QV2M,2024,2.5,38.75,11.85,13.28,13.08,16.41,15.51,12.62,11.77,11.55,11.3,11.83,14.93,10.94,12.91
QV2M,2024,2.5,39.375,11.86,12.67,12.86,16.76,16.13,13.16,12.16,11.77,11.62,12.12,14.88,10.65,13.04
QV2M,2024,2.5,40.0,12.06,12.45,12.93,16.9,16.29,13.51,12.49,12.06,11.87,12.39,15.12,10.84,13.23
QV2M,2024,2.5,40.625,12.71,12.38,13.06,17.37,16.61,13.79,12.67,12.34,12.16,12.72,15.61,11.42,13.56
QV2M,2024,2.5,41.25,13.19,12.63,13.29,17.54,16.89,14.1,13.15,12.75,12.6,13.06,15.82,11.61,13.88
QV2M,2024,2.5,41.875,14.23,13.02,13.46,17.43,17.01,14.53,13.48,13.12,13.05,13.35,16.86,12.9,14.37
QV2M,2024,3.0,34.375,11.17,12.32,12.52,14.75,14.71,13.85,14.14,13.93,13.01,13.53,13.34,10.84,13.17
QV2M,2024,3.0,35.0,11.69,13.06,13.58,15.7,15.6,13.16,13.59,13.76,12.11,12.57,13.38,10.98,13.26
QV2M,2024,3.0,35.625,12.04,13.48,13.72,15.72,14.85,12.26,12.37,12.21,10.9,11.69,13.72,11.27,12.85
QV2M,2024,3.0,36.25,13.44,14.91,15.04,16.34,15.42,13.16,13.04,12.81,12.27,12.97,14.92,12.87,13.92
QV2M,2024,3.0,36.875,11.73,13.38,13.17,15.31,14.31,11.79,11.42,11.32,10.6,11.3,14.05,11.31,12.46
QV2M,2024,3.0,37.5,11.29,12.97,12.87,15.74,14.76,11.96,11.33,11.21,10.64,11.31,14.38,11.12,12.45
QV2M,2024,3.0,38.125,11.19,12.49,12.69,15.82,15.03,12.34,11.57,11.25,10.82,11.54,14.42,10.39,12.45
QV2M,2024,3.0,38.75,11.01,12.28,12.55,16.23,15.62,12.73,11.68,11.39,11.09,11.83,14.61,9.92,12.57
QV2M,2024,3.0,39.375,11.11,11.86,12.41,16.34,16.06,13.02,12.0,11.58,11.34,12.09,14.35,9.42,12.62
QV2M,2024,3.0,40.0,11.43,11.81,12.5,16.56,16.3,13.35,12.26,11.83,11.57,12.35,14.5,9.44,12.82
QV2M,2024,3.0,40.625,12.13,11.88,12.65,16.98,16.54,13.7,12.5,12.1,11.88,12.58,14.71,9.78,13.11
QV2M,2024,3.0,41.25,12.52,12.09,12.76,17.15,16.75,13.91,12.88,12.45,12.26,12.84,15.1,10.35,13.42
QV2M,2024,3.0,41.875,13.94,12.95,13.12,16.97,16.78,14.18,13.19,12.73,12.59,13.03,15.96,11.49,13.91
QV2M,2024,3.5,34.375,11.39,12.5,13.05,14.92,14.97,13.57,14.05,14.29,13.08,13.6,13.55,10.82,13.32
QV2M,2024,3.5,35.0,12.2,13.56,14.84,16.57,16.23,13.47,13.7,14.05,12.35,12.92,13.78,11.42,13.76
QV2M,2024,3.5,35.625,12.51,13.79,14.95,16.98,16.27,13.15,12.9,12.4,11.19,12.22,14.07,11.93,13.53
QV2M,2024,3.5,36.25,13.23,14.59,15.16,16.76,15.93,13.55,13.12,12.7,12.35,13.13,14.9,12.64,14.0
QV2M,2024,3.5,36.875,11.56,12.75,12.89,15.76,15.29,12.25,11.79,11.24,10.5,11.38,13.92,11.19,12.54
QV2M,2024,3.5,37.5,10.98,12.15,12.67,15.75,14.96,12.16,11.4,11.16,10.53,11.45,13.79,10.25,12.26
QV2M,2024,3.5,38.125,11.12,11.99,12.5,15.76,15.31,12.53,11.73,11.37,10.75,11.77,13.73,9.56,12.34
QV2M,2024,3.5,38.75,10.86,11.65,12.19,15.96,15.56,12.66,11.74,11.47,11.02,12.1,13.53,8.77,12.29
QV2M,2024,3.5,39.375,11.12,11.61,12.22,15.99,15.54,12.76,11.84,11.48,11.19,12.29,13.62,8.56,12.34
QV2M,2024,3.5,40.0,11.24,11.48,12.18,16.49,16.09,13.03,11.97,11.59,11.26,12.4,13.84,8.55,12.5
QV2M,2024,3.5,40.625,11.67,11.38,12.22,16.93,16.42,13.41,12.09,11.78,11.52,12.54,14.04,8.82,12.73
QV2M,2024,3.5,41.25,12.63,11.99,12.52,17.05,16.61,13.74,12.62,12.19,11.94,12.74,14.41,9.42,13.15
QV2M,2024,3.5,41.875,13.53,12.6,12.66,16.98,16.66,13.93,12.92,12.42,12.22,12.84,15.16,10.29,13.51
QV2M,2024,4.0,34.375,11.86,13.24,13.89,15.89,15.63,13.68,14.18,14.99,13.7,14.22,14.25,11.18,13.89
QV2M,2024,4.0,35.0,12.73,14.36,15.85,17.29,16.78,13.91,13.75,14.19,12.74,13.35,14.22,11.56,14.22
QV2M,2024,4.0,35.625,12.84,14.61,16.0,17.39,16.76,13.74,13.21,12.79,11.66,12.72,14.24,11.86,13.98
QV2M,2024,4.0,36.25,13.24,14.63,15.45,17.22,16.58,14.02,13.46,12.98,12.67,13.64,14.85,12.33,14.25
QV2M,2024,4.0,36.875,11.72,12.74,13.32,16.34,15.87,12.61,11.98,11.34,10.45,11.75,13.29,10.07,12.62
QV2M,2024,4.0,37.5,11.18,12.16,12.78,16.14,15.65,12.48,11.69,11.22,10.45,11.82,12.96,9.15,12.3
QV2M,2024,4.0,38.125,10.99,11.85,12.32,15.62,15.1,12.37,11.65,11.29,10.71,12.12,12.78,8.25,12.08
QV2M,2024,4.0,38.75,11.24,11.76,12.33,15.36,14.83,12.38,11.64,11.23,10.68,12.28,12.89,8.03,12.05
QV2M,2024,4.0,39.375,11.49,11.7,12.15,15.85,15.01,12.44,11.39,11.14,10.78,12.43,13.26,7.95,12.12
QV2M,2024,4.0,40.0,11.22,11.12,11.71,16.6,15.87,12.91,11.75,11.37,10.97,12.54,13.24,7.94,12.26
QV2M,2024,4.0,40.625,11.73,11.28,11.94,16.9,16.28,13.17,11.77,11.49,11.16,12.6,13.68,8.31,12.52
QV2M,2024,4.0,41.25,12.52,12.02,12.19,17.16,16.73,13.42,12.26,11.82,11.53,12.69,14.04,8.81,12.93
QV2M,2024,4.0,41.875,13.34,12.48,12.2,17.21,16.89,13.79,12.71,12.15,11.9,12.84,14.74,9.53,13.31
QV2M,2024,4.5,34.375,11.97,13.84,14.37,16.98,16.05,13.18,14.18,15.14,13.3,14.52,14.61,10.89,14.08
QV2M,2024,4.5,35.0,13.37,14.99,16.26,17.64,17.05,14.09,13.95,14.16,12.83,13.67,14.53,11.27,14.48
QV2M,2024,4.5,35.625,13.3,15.4,16.62,17.76,17.14,14.22,13.49,13.07,11.89,13.01,14.26,11.51,14.3
QV2M,2024,4.5,36.25,13.12,14.58,15.59,17.54,16.97,13.91,13.18,12.54,11.54,13.07,14.15,11.48,13.97
QV2M,2024,4.5,36.875,12.37,13.6,14.37,16.92,16.52,13.53,12.72,12.04,11.15,12.68,13.3,10.09,13.27
QV2M,2024,4.5,37.5,11.58,12.35,13.18,16.23,15.77,12.95,12.1,11.29,10.42,12.36,12.63,8.42,12.43
QV2M,2024,4.5,38.125,11.15,11.71,12.14,15.1,14.72,12.29,11.69,11.05,10.34,12.1,12.32,7.57,11.84
QV2M,2024,4.5,38.75,11.24,11.85,12.16,15.53,14.97,12.44,11.6,11.13,10.45,12.35,12.7,7.64,12.0
QV2M,2024,4.5,39.375,11.33,11.3,11.45,16.15,15.5,12.54,11.5,11.04,10.57,12.42,12.86,7.56,12.01
QV2M,2024,4.5,40.0,11.1,11.0,11.31,16.04,15.34,12.52,11.52,11.12,10.69,12.37,12.78,7.65,11.95
QV2M,2024,4.5,40.625,11.72,11.36,11.5,16.54,16.22,12.98,11.69,11.26,10.88,12.54,13.19,7.96,12.31
QV2M,2024,4.5,41.25,12.35,11.74,11.8,16.63,16.6,13.43,12.09,11.65,11.25,12.66,13.61,8.48,12.68
QV2M,2024,4.5,41.875,12.82,11.94,11.63,17.27,17.04,13.67,12.48,11.93,11.66,12.97,14.39,9.0,13.06
