PARAMETER,YEAR,LAT,LON,JAN,FEB,MAR,APR,MAY,JUN,JUL,AUG,SEP,OCT,NOV,DEC,ANN
GWETTOP,1984,-0.5,34.375,0.52,0.34,0.28,0.59,0.74,0.63,0.62,0.66,0.62,0.59,0.61,0.65,0.57
GWETTOP,1984,-0.5,35.0,0.52,0.36,0.28,0.48,0.55,0.51,0.54,0.6,0.58,0.59,0.6,0.58,0.52
GWETTOP,1984,-0.5,35.625,0.48,0.42,0.38,0.43,0.43,0.41,0.45,0.48,0.47,0.52,0.53,0.5,0.46
GWETTOP,1984,-0.5,36.25,0.41,0.35,0.35,0.39,0.41,0.38,0.42,0.44,0.42,0.47,0.52,0.49,0.42
GWETTOP,1984,-0.5,36.875,0.42,0.35,0.36,0.43,0.45,0.39,0.41,0.41,0.39,0.51,0.63,0.62,0.45
GWETTOP,1984,-0.5,37.5,0.48,0.39,0.38,0.46,0.48,0.43,0.43,0.44,0.42,0.53,0.68,0.68,0.48
GWETTOP,1984,-0.5,38.125,0.42,0.29,0.29,0.43,0.35,0.27,0.28,0.25,0.28,0.47,0.64,0.61,0.38
GWETTOP,1984,-0.5,38.75,0.34,0.22,0.24,0.39,0.32,0.24,0.26,0.23,0.25,0.44,0.59,0.52,0.34
GWETTOP,1984,-0.5,39.375,0.24,0.16,0.18,0.36,0.35,0.3,0.27,0.26,0.21,0.37,0.47,0.39,0.3
GWETTOP,1984,-0.5,40.0,0.24,0.17,0.18,0.38,0.38,0.34,0.3,0.28,0.22,0.39,0.5,0.43,0.32
GWETTOP,1984,-0.5,40.625,0.19,0.16,0.16,0.33,0.38,0.44,0.37,0.31,0.22,0.33,0.53,0.41,0.32
GWETTOP,1984,-0.5,41.25,0.19,0.16,0.16,0.32,0.38,0.45,0.36,0.32,0.23,0.32,0.55,0.41,0.32
GWETTOP,1984,-0.5,41.875,0.18,0.15,0.14,0.29,0.35,0.42,0.35,0.31,0.23,0.29,0.51,0.42,0.3
GWETTOP,1984,-1.0,34.375,0.51,0.46,0.3,0.5,0.53,0.47,0.5,0.54,0.51,0.5,0.52,0.55,0.49
GWETTOP,1984,-1.0,35.0,0.56,0.5,0.38,0.52,0.55,0.5,0.53,0.58,0.55,0.58,0.59,0.59,0.54
GWETTOP,1984,-1.0,35.625,0.52,0.45,0.35,0.47,0.48,0.43,0.43,0.48,0.47,0.51,0.55,0.54,0.47
GWETTOP,1984,-1.0,36.25,0.44,0.35,0.33,0.38,0.39,0.37,0.38,0.39,0.38,0.44,0.52,0.49,0.41
GWETTOP,1984,-1.0,36.875,0.52,0.41,0.33,0.45,0.48,0.4,0.35,0.35,0.31,0.49,0.68,0.69,0.46
GWETTOP,1984,-1.0,37.5,0.52,0.43,0.35,0.46,0.48,0.41,0.4,0.39,0.33,0.51,0.68,0.67,0.47
GWETTOP,1984,-1.0,38.125,0.42,0.29,0.3,0.45,0.37,0.28,0.29,0.27,0.24,0.5,0.66,0.61,0.39
GWETTOP,1984,-1.0,38.75,0.35,0.22,0.25,0.42,0.33,0.25,0.27,0.26,0.23,0.49,0.63,0.56,0.36
GWETTOP,1984,-1.0,39.375,0.25,0.16,0.19,0.42,0.38,0.35,0.31,0.29,0.22,0.46,0.56,0.45,0.34
GWETTOP,1984,-1.0,40.0,0.29,0.2,0.22,0.47,0.44,0.39,0.34,0.32,0.25,0.49,0.62,0.53,0.38
GWETTOP,1984,-1.0,40.625,0.21,0.18,0.18,0.35,0.4,0.48,0.39,0.33,0.24,0.36,0.56,0.45,0.34
GWETTOP,1984,-1.0,41.25,0.19,0.15,0.15,0.32,0.4,0.48,0.4,0.34,0.25,0.33,0.55,0.47,0.34
GWETTOP,1984,-1.0,41.875,0.19,0.17,0.16,0.26,0.31,0.38,0.33,0.29,0.23,0.28,0.43,0.38,0.28
GWETTOP,1984,-1.5,34.375,0.58,0.49,0.29,0.55,0.61,0.35,0.45,0.58,0.46,0.49,0.53,0.63,0.5
GWETTOP,1984,-1.5,35.0,0.58,0.49,0.32,0.53,0.57,0.4,0.42,0.5,0.41,0.55,0.59,0.61,0.5
GWETTOP,1984,-1.5,35.625,0.54,0.45,0.33,0.47,0.5,0.44,0.35,0.38,0.32,0.49,0.57,0.57,0.45
GWETTOP,1984,-1.5,36.25,0.44,0.31,0.22,0.36,0.39,0.31,0.28,0.29,0.24,0.39,0.46,0.44,0.34
GWETTOP,1984,-1.5,36.875,0.64,0.39,0.33,0.49,0.58,0.36,0.34,0.34,0.31,0.56,0.71,0.68,0.48
GWETTOP,1984,-1.5,37.5,0.51,0.36,0.32,0.43,0.46,0.35,0.32,0.33,0.27,0.48,0.66,0.66,0.43
GWETTOP,1984,-1.5,38.125,0.44,0.36,0.34,0.41,0.39,0.34,0.34,0.32,0.25,0.47,0.61,0.6,0.41
GWETTOP,1984,-1.5,38.75,0.37,0.24,0.27,0.44,0.37,0.29,0.3,0.27,0.23,0.5,0.6,0.55,0.37
GWETTOP,1984,-1.5,39.375,0.29,0.19,0.22,0.45,0.4,0.35,0.32,0.3,0.23,0.49,0.58,0.5,0.36
GWETTOP,1984,-1.5,40.0,0.26,0.2,0.22,0.47,0.48,0.48,0.39,0.37,0.27,0.52,0.65,0.54,0.4
GWETTOP,1984,-1.5,40.625,0.22,0.18,0.18,0.37,0.43,0.5,0.42,0.36,0.27,0.38,0.57,0.5,0.37
GWETTOP,1984,-1.5,41.25,0.19,0.15,0.15,0.35,0.44,0.49,0.43,0.37,0.28,0.34,0.57,0.51,0.36
GWETTOP,1984,-1.5,41.875,0.52,0.5,0.5,0.57,0.62,0.64,0.62,0.61,0.56,0.57,0.67,0.65,0.59
GWETTOP,1984,-1.7975103014118005e-13,34.375,0.5,0.38,0.36,0.58,0.72,0.66,0.64,0.7,0.66,0.62,0.65,0.61,0.59
GWETTOP,1984,-1.7975103014118005e-13,35.0,0.62,0.47,0.42,0.54,0.65,0.63,0.65,0.72,0.71,0.7,0.69,0.64,0.62
GWETTOP,1984,-1.7975103014118005e-13,35.625,0.63,0.53,0.45,0.47,0.5,0.5,0.53,0.59,0.58,0.6,0.6,0.55,0.54
GWETTOP,1984,-1.7975103014118005e-13,36.25,0.43,0.37,0.32,0.38,0.4,0.41,0.47,0.51,0.5,0.5,0.51,0.48,0.44
GWETTOP,1984,-1.7975103014118005e-13,36.875,0.4,0.35,0.36,0.41,0.42,0.37,0.4,0.41,0.4,0.47,0.58,0.56,0.43
GWETTOP,1984,-1.7975103014118005e-13,37.5,0.45,0.39,0.39,0.45,0.46,0.41,0.41,0.42,0.41,0.52,0.69,0.7,0.48
GWETTOP,1984,-1.7975103014118005e-13,38.125,0.4,0.31,0.3,0.39,0.35,0.27,0.26,0.23,0.25,0.44,0.62,0.59,0.37
GWETTOP,1984,-1.7975103014118005e-13,38.75,0.32,0.23,0.23,0.34,0.32,0.24,0.23,0.2,0.21,0.38,0.51,0.45,0.31
GWETTOP,1984,-1.7975103014118005e-13,39.375,0.22,0.15,0.16,0.32,0.34,0.28,0.24,0.24,0.19,0.32,0.4,0.35,0.27
GWETTOP,1984,-1.7975103014118005e-13,40.0,0.2,0.14,0.15,0.31,0.35,0.31,0.26,0.26,0.19,0.32,0.4,0.35,0.27
GWETTOP,1984,-1.7975103014118005e-13,40.625,0.16,0.12,0.13,0.32,0.36,0.34,0.29,0.29,0.21,0.3,0.44,0.36,0.28
GWETTOP,1984,-1.7975103014118005e-13,41.25,0.18,0.14,0.16,0.33,0.37,0.35,0.29,0.3,0.21,0.3,0.47,0.35,0.29
GWETTOP,1984,-1.7975103014118005e-13,41.875,0.18,0.15,0.16,0.35,0.39,0.37,0.31,0.34,0.25,0.31,0.5,0.42,0.31
GWETTOP,1984,-2.0,34.375,0.62,0.54,0.34,0.55,0.59,0.3,0.38,0.52,0.36,0.45,0.53,0.64,0.49
GWETTOP,1984,-2.0,35.0,0.6,0.52,0.37,0.54,0.58,0.37,0.35,0.39,0.31,0.53,0.62,0.63,0.48
GWETTOP,1984,-2.0,35.625,0.57,0.47,0.37,0.49,0.53,0.42,0.31,0.29,0.25,0.49,0.59,0.6,0.45
GWETTOP,1984,-2.0,36.25,0.4,0.28,0.21,0.3,0.3,0.19,0.17,0.17,0.15,0.3,0.38,0.36,0.27
GWETTOP,1984,-2.0,36.875,0.64,0.36,0.34,0.46,0.53,0.31,0.27,0.27,0.24,0.51,0.66,0.65,0.44
GWETTOP,1984,-2.0,37.5,0.55,0.35,0.31,0.42,0.46,0.29,0.26,0.27,0.23,0.47,0.63,0.63,0.41
GWETTOP,1984,-2.0,38.125,0.42,0.34,0.32,0.39,0.37,0.32,0.31,0.28,0.22,0.44,0.57,0.57,0.38
GWETTOP,1984,-2.0,38.75,0.39,0.25,0.29,0.45,0.4,0.32,0.32,0.3,0.24,0.52,0.62,0.58,0.39
GWETTOP,1984,-2.0,39.375,0.32,0.21,0.26,0.48,0.47,0.42,0.37,0.33,0.26,0.54,0.64,0.57,0.41
GWETTOP,1984,-2.0,40.0,0.26,0.18,0.22,0.45,0.45,0.47,0.39,0.36,0.28,0.49,0.63,0.54,0.39
GWETTOP,1984,-2.0,40.625,0.21,0.16,0.17,0.38,0.45,0.5,0.44,0.39,0.31,0.4,0.58,0.53,0.38
GWETTOP,1984,-2.0,41.25,0.28,0.26,0.26,0.39,0.45,0.47,0.46,0.44,0.38,0.39,0.52,0.49,0.4
GWETTOP,1984,-2.0,41.875,0.59,0.58,0.57,0.63,0.67,0.68,0.67,0.66,0.62,0.62,0.71,0.69,0.64
GWETTOP,1984,-2.5,34.375,0.59,0.54,0.46,0.5,0.52,0.34,0.33,0.45,0.33,0.4,0.51,0.57,0.46
GWETTOP,1984,-2.5,35.0,0.62,0.53,0.46,0.48,0.52,0.39,0.31,0.34,0.24,0.42,0.55,0.6,0.46
GWETTOP,1984,-2.5,35.625,0.59,0.48,0.37,0.44,0.47,0.28,0.23,0.21,0.17,0.37,0.52,0.55,0.39
GWETTOP,1984,-2.5,36.25,0.48,0.36,0.31,0.35,0.36,0.25,0.19,0.16,0.13,0.28,0.44,0.44,0.31
GWETTOP,1984,-2.5,36.875,0.65,0.43,0.37,0.42,0.53,0.31,0.24,0.21,0.18,0.41,0.62,0.63,0.42
GWETTOP,1984,-2.5,37.5,0.62,0.39,0.35,0.43,0.53,0.37,0.28,0.24,0.21,0.45,0.63,0.65,0.43
GWETTOP,1984,-2.5,38.125,0.5,0.35,0.33,0.42,0.43,0.36,0.31,0.25,0.22,0.48,0.6,0.63,0.41
GWETTOP,1984,-2.5,38.75,0.43,0.27,0.31,0.46,0.45,0.37,0.35,0.3,0.27,0.52,0.62,0.62,0.41
GWETTOP,1984,-2.5,39.375,0.38,0.25,0.32,0.54,0.61,0.59,0.51,0.4,0.35,0.61,0.7,0.69,0.5
GWETTOP,1984,-2.5,40.0,0.27,0.19,0.24,0.4,0.46,0.5,0.42,0.37,0.33,0.46,0.53,0.49,0.39
GWETTOP,1984,-2.5,40.625,0.39,0.35,0.36,0.5,0.57,0.62,0.57,0.52,0.5,0.55,0.6,0.57,0.51
GWETTOP,1984,-2.5,41.25,1.0,1.0,1.0,1.0,1.0,1.0,1.0,1.0,1.0,1.0,1.0,1.0,1.0
GWETTOP,1984,-2.5,41.875,1.0,1.0,1.0,1.0,1.0,1.0,1.0,1.0,1.0,1.0,1.0,1.0,1.0
GWETTOP,1984,-3.0,34.375,0.69,0.61,0.51,0.52,0.53,0.4,0.3,0.37,0.23,0.38,0.52,0.57,0.47
GWETTOP,1984,-3.0,35.0,0.71,0.6,0.5,0.51,0.54,0.46,0.3,0.3,0.19,0.36,0.52,0.6,0.47
GWETTOP,1984,-3.0,35.625,0.73,0.58,0.5,0.52,0.54,0.49,0.44,0.3,0.2,0.34,0.53,0.62,0.48
GWETTOP,1984,-3.0,36.25,0.66,0.56,0.45,0.48,0.58,0.44,0.27,0.22,0.18,0.31,0.56,0.6,0.44
GWETTOP,1984,-3.0,36.875,0.72,0.56,0.47,0.51,0.7,0.6,0.55,0.38,0.25,0.44,0.67,0.71,0.55
GWETTOP,1984,-3.0,37.5,0.59,0.48,0.44,0.47,0.56,0.5,0.46,0.4,0.24,0.38,0.56,0.59,0.47
GWETTOP,1984,-3.0,38.125,0.48,0.35,0.35,0.42,0.46,0.42,0.37,0.28,0.25,0.44,0.53,0.59,0.41
GWETTOP,1984,-3.0,38.75,0.42,0.26,0.3,0.44,0.47,0.44,0.38,0.28,0.28,0.49,0.58,0.62,0.41
GWETTOP,1984,-3.0,39.375,0.38,0.26,0.33,0.53,0.65,0.67,0.6,0.47,0.44,0.6,0.67,0.68,0.52
GWETTOP,1984,-3.0,40.0,0.3,0.22,0.26,0.39,0.48,0.53,0.45,0.39,0.36,0.43,0.47,0.47,0.4
GWETTOP,1984,-3.0,40.625,0.74,0.71,0.72,0.76,0.83,0.86,0.83,0.79,0.77,0.79,0.8,0.79,0.78
GWETTOP,1984,-3.0,41.25,1.0,1.0,1.0,1.0,1.0,1.0,1.0,1.0,1.0,1.0,1.0,1.0,1.0
GWETTOP,1984,-3.0,41.875,1.0,1.0,1.0,1.0,1.0,1.0,1.0,1.0,1.0,1.0,1.0,1.0,1.0
GWETTOP,1984,-3.5,34.375,0.67,0.61,0.48,0.48,0.48,0.3,0.23,0.26,0.18,0.32,0.49,0.57,0.42
GWETTOP,1984,-3.5,35.0,0.66,0.56,0.48,0.48,0.48,0.39,0.27,0.24,0.17,0.3,0.49,0.55,0.42
GWETTOP,1984,-3.5,35.625,0.59,0.51,0.49,0.5,0.49,0.45,0.35,0.25,0.19,0.29,0.51,0.54,0.43
GWETTOP,1984,-3.5,36.25,0.57,0.48,0.42,0.43,0.51,0.41,0.26,0.21,0.17,0.29,0.53,0.53,0.4
GWETTOP,1984,-3.5,36.875,0.53,0.4,0.38,0.44,0.54,0.49,0.43,0.29,0.2,0.34,0.54,0.52,0.43
GWETTOP,1984,-3.5,37.5,0.46,0.28,0.33,0.42,0.51,0.48,0.44,0.31,0.22,0.37,0.51,0.5,0.4
GWETTOP,1984,-3.5,38.125,0.4,0.26,0.3,0.42,0.47,0.48,0.43,0.29,0.28,0.44,0.53,0.57,0.41
GWETTOP,1984,-3.5,38.75,0.42,0.29,0.33,0.45,0.49,0.49,0.46,0.34,0.33,0.47,0.56,0.59,0.44
GWETTOP,1984,-3.5,39.375,0.37,0.27,0.34,0.52,0.66,0.69,0.63,0.51,0.46,0.58,0.65,0.65,0.53
GWETTOP,1984,-3.5,40.0,0.46,0.38,0.43,0.54,0.61,0.64,0.59,0.51,0.5,0.57,0.61,0.62,0.54
GWETTOP,1984,-3.5,40.625,0.91,0.91,0.91,0.92,0.95,0.96,0.95,0.93,0.92,0.93,0.93,0.93,0.93
GWETTOP,1984,-3.5,41.25,1.0,1.0,1.0,1.0,1.0,1.0,1.0,1.0,1.0,1.0,1.0,1.0,1.0
GWETTOP,1984,-3.5,41.875,1.0,1.0,1.0,1.0,1.0,1.0,1.0,1.0,1.0,1.0,1.0,1.0,1.0
GWETTOP,1984,-4.0,34.375,0.62,0.56,0.47,0.46,0.45,0.29,0.23,0.2,0.15,0.24,0.46,0.53,0.39
GWETTOP,1984,-4.0,35.0,0.66,0.58,0.53,0.52,0.51,0.4,0.32,0.27,0.21,0.3,0.53,0.57,0.45
GWETTOP,1984,-4.0,35.625,0.58,0.53,0.51,0.51,0.51,0.47,0.41,0.32,0.23,0.31,0.52,0.55,0.45
GWETTOP,1984,-4.0,36.25,0.54,0.47,0.46,0.44,0.48,0.41,0.29,0.24,0.18,0.29,0.51,0.51,0.4
GWETTOP,1984,-4.0,36.875,0.51,0.42,0.43,0.44,0.5,0.47,0.39,0.3,0.22,0.34,0.54,0.52,0.42
GWETTOP,1984,-4.0,37.5,0.48,0.32,0.38,0.43,0.51,0.47,0.38,0.3,0.25,0.38,0.55,0.54,0.42
GWETTOP,1984,-4.0,38.125,0.4,0.26,0.3,0.46,0.51,0.53,0.46,0.31,0.31,0.48,0.6,0.62,0.44
GWETTOP,1984,-4.0,38.75,0.35,0.23,0.31,0.46,0.52,0.54,0.5,0.37,0.35,0.49,0.6,0.6,0.44
GWETTOP,1984,-4.0,39.375,0.31,0.23,0.3,0.44,0.57,0.62,0.52,0.4,0.38,0.48,0.54,0.51,0.44
GWETTOP,1984,-4.0,40.0,0.49,0.45,0.48,0.55,0.58,0.59,0.54,0.5,0.5,0.55,0.6,0.59,0.54
GWETTOP,1984,-4.0,40.625,1.0,1.0,1.0,1.0,1.0,1.0,1.0,1.0,1.0,1.0,1.0,1.0,1.0
GWETTOP,1984,-4.0,41.25,1.0,1.0,1.0,1.0,1.0,1.0,1.0,1.0,1.0,1.0,1.0,1.0,1.0
GWETTOP,1984,-4.0,41.875,1.0,1.0,1.0,1.0,1.0,1.0,1.0,1.0,1.0,1.0,1.0,1.0,1.0
GWETTOP,1984,-4.5,34.375,0.55,0.48,0.42,0.42,0.43,0.37,0.31,0.26,0.2,0.25,0.4,0.45,0.38
GWETTOP,1984,-4.5,35.0,0.59,0.49,0.46,0.47,0.47,0.42,0.36,0.31,0.24,0.3,0.46,0.51,0.42
GWETTOP,1984,-4.5,35.625,0.52,0.44,0.44,0.45,0.43,0.41,0.37,0.3,0.23,0.29,0.46,0.48,0.4
GWETTOP,1984,-4.5,36.25,0.53,0.45,0.45,0.44,0.46,0.4,0.32,0.28,0.22,0.31,0.52,0.51,0.41
GWETTOP,1984,-4.5,36.875,0.51,0.4,0.44,0.45,0.49,0.46,0.39,0.33,0.26,0.36,0.56,0.54,0.43
GWETTOP,1984,-4.5,37.5,0.5,0.35,0.41,0.44,0.51,0.48,0.43,0.35,0.3,0.39,0.57,0.55,0.44
GWETTOP,1984,-4.5,38.125,0.5,0.31,0.37,0.52,0.63,0.64,0.63,0.48,0.45,0.56,0.67,0.67,0.54
GWETTOP,1984,-4.5,38.75,0.43,0.28,0.37,0.52,0.62,0.63,0.62,0.51,0.45,0.56,0.66,0.65,0.53
GWETTOP,1984,-4.5,39.375,0.33,0.25,0.32,0.43,0.48,0.5,0.44,0.39,0.37,0.42,0.49,0.46,0.41
GWETTOP,1984,-4.5,40.0,0.95,0.94,0.94,0.95,0.95,0.96,0.95,0.95,0.95,0.95,0.95,0.95,0.95
GWETTOP,1984,-4.5,40.625,1.0,1.0,1.0,1.0,1.0,1.0,1.0,1.0,1.0,1.0,1.0,1.0,1.0
GWETTOP,1984,-4.5,41.25,1.0,1.0,1.0,1.0,1.0,1.0,1.0,1.0,1.0,1.0,1.0,1.0,1.0
GWETTOP,1984,-4.5,41.875,1.0,1.0,1.0,1.0,1.0,1.0,1.0,1.0,1.0,1.0,1.0,1.0,1.0
GWETTOP,1984,0.5,34.375,0.55,0.45,0.41,0.55,0.61,0.59,0.61,0.67,0.67,0.63,0.63,0.54,0.58
GWETTOP,1984,0.5,35.0,0.68,0.57,0.47,0.51,0.61,0.64,0.66,0.72,0.72,0.71,0.69,0.62,0.63
GWETTOP,1984,0.5,35.625,0.48,0.41,0.33,0.38,0.47,0.51,0.53,0.59,0.57,0.55,0.52,0.46,0.48
GWETTOP,1984,0.5,36.25,0.35,0.24,0.21,0.28,0.33,0.37,0.43,0.47,0.46,0.44,0.44,0.41,0.37
GWETTOP,1984,0.5,36.875,0.43,0.34,0.34,0.43,0.41,0.35,0.44,0.52,0.5,0.5,0.59,0.56,0.45
GWETTOP,1984,0.5,37.5,0.36,0.29,0.26,0.34,0.33,0.24,0.28,0.29,0.31,0.37,0.52,0.48,0.34
GWETTOP,1984,0.5,38.125,0.35,0.27,0.24,0.33,0.33,0.24,0.22,0.19,0.22,0.37,0.55,0.47,0.32
GWETTOP,1984,0.5,38.75,0.32,0.21,0.19,0.32,0.33,0.25,0.2,0.17,0.17,0.33,0.46,0.41,0.28
GWETTOP,1984,0.5,39.375,0.21,0.12,0.15,0.32,0.37,0.29,0.22,0.23,0.18,0.33,0.41,0.36,0.27
GWETTOP,1984,0.5,40.0,0.17,0.11,0.13,0.31,0.36,0.31,0.23,0.25,0.18,0.31,0.38,0.34,0.26
GWETTOP,1984,0.5,40.625,0.15,0.11,0.13,0.29,0.34,0.28,0.22,0.27,0.21,0.26,0.37,0.32,0.25
GWETTOP,1984,0.5,41.25,0.16,0.12,0.14,0.3,0.35,0.27,0.25,0.29,0.22,0.28,0.38,0.31,0.26
GWETTOP,1984,0.5,41.875,0.16,0.13,0.16,0.32,0.37,0.28,0.26,0.32,0.24,0.3,0.42,0.35,0.28
GWETTOP,1984,1.0,34.375,0.72,0.62,0.53,0.56,0.65,0.66,0.68,0.72,0.76,0.73,0.72,0.65,0.67
GWETTOP,1984,1.0,35.0,0.64,0.5,0.42,0.44,0.56,0.63,0.65,0.71,0.73,0.7,0.69,0.6,0.61
GWETTOP,1984,1.0,35.625,0.36,0.2,0.2,0.31,0.42,0.47,0.47,0.5,0.46,0.44,0.46,0.41,0.39
GWETTOP,1984,1.0,36.25,0.24,0.16,0.17,0.26,0.24,0.28,0.32,0.35,0.31,0.29,0.37,0.34,0.28
GWETTOP,1984,1.0,36.875,0.34,0.27,0.24,0.33,0.32,0.27,0.3,0.34,0.31,0.33,0.43,0.4,0.32
GWETTOP,1984,1.0,37.5,0.33,0.24,0.24,0.33,0.32,0.21,0.21,0.2,0.21,0.33,0.51,0.44,0.3
GWETTOP,1984,1.0,38.125,0.29,0.2,0.19,0.3,0.27,0.18,0.17,0.15,0.14,0.3,0.43,0.37,0.25
GWETTOP,1984,1.0,38.75,0.25,0.16,0.17,0.31,0.32,0.22,0.18,0.17,0.14,0.3,0.42,0.37,0.25
GWETTOP,1984,1.0,39.375,0.18,0.11,0.14,0.31,0.37,0.26,0.2,0.23,0.17,0.32,0.42,0.37,0.26
GWETTOP,1984,1.0,40.0,0.16,0.1,0.13,0.29,0.35,0.28,0.21,0.26,0.18,0.29,0.37,0.33,0.25
GWETTOP,1984,1.0,40.625,0.16,0.1,0.12,0.28,0.34,0.24,0.2,0.27,0.2,0.24,0.37,0.33,0.24
GWETTOP,1984,1.0,41.25,0.15,0.12,0.13,0.28,0.36,0.25,0.23,0.31,0.26,0.27,0.41,0.35,0.26
GWETTOP,1984,1.0,41.875,0.13,0.11,0.13,0.27,0.34,0.24,0.22,0.3,0.27,0.26,0.39,0.33,0.25
GWETTOP,1984,1.5,34.375,0.42,0.29,0.25,0.34,0.5,0.55,0.53,0.55,0.57,0.49,0.49,0.38,0.45
GWETTOP,1984,1.5,35.0,0.35,0.2,0.19,0.29,0.42,0.47,0.47,0.48,0.48,0.44,0.47,0.39,0.39
GWETTOP,1984,1.5,35.625,0.21,0.12,0.15,0.24,0.31,0.35,0.33,0.33,0.31,0.31,0.36,0.3,0.28
GWETTOP,1984,1.5,36.25,0.16,0.11,0.14,0.23,0.18,0.24,0.25,0.24,0.21,0.19,0.33,0.24,0.21
GWETTOP,1984,1.5,36.875,0.3,0.18,0.23,0.34,0.33,0.25,0.23,0.21,0.2,0.3,0.46,0.41,0.29
GWETTOP,1984,1.5,37.5,0.25,0.16,0.2,0.32,0.28,0.21,0.22,0.19,0.18,0.28,0.43,0.39,0.26
GWETTOP,1984,1.5,38.125,0.24,0.18,0.18,0.31,0.29,0.2,0.19,0.17,0.14,0.3,0.44,0.37,0.25
GWETTOP,1984,1.5,38.75,0.23,0.17,0.19,0.36,0.34,0.22,0.21,0.2,0.16,0.35,0.53,0.44,0.28
GWETTOP,1984,1.5,39.375,0.17,0.11,0.14,0.29,0.36,0.28,0.22,0.25,0.18,0.29,0.41,0.37,0.26
GWETTOP,1984,1.5,40.0,0.16,0.11,0.14,0.29,0.39,0.28,0.22,0.25,0.17,0.29,0.43,0.38,0.26
GWETTOP,1984,1.5,40.625,0.17,0.11,0.13,0.27,0.35,0.22,0.21,0.29,0.2,0.24,0.42,0.37,0.25
GWETTOP,1984,1.5,41.25,0.12,0.09,0.11,0.22,0.3,0.21,0.19,0.26,0.24,0.21,0.36,0.33,0.22
GWETTOP,1984,1.5,41.875,0.12,0.1,0.12,0.24,0.33,0.21,0.21,0.3,0.27,0.23,0.42,0.32,0.24
GWETTOP,1984,2.0,34.375,0.28,0.22,0.21,0.24,0.39,0.44,0.4,0.39,0.42,0.34,0.42,0.26,0.33
GWETTOP,1984,2.0,35.0,0.21,0.13,0.15,0.23,0.31,0.37,0.34,0.32,0.34,0.31,0.42,0.31,0.29
GWETTOP,1984,2.0,35.625,0.15,0.1,0.12,0.21,0.22,0.27,0.24,0.21,0.2,0.22,0.34,0.23,0.21
GWETTOP,1984,2.0,36.25,0.16,0.1,0.14,0.25,0.16,0.19,0.19,0.16,0.15,0.16,0.34,0.22,0.18
GWETTOP,1984,2.0,36.875,0.24,0.15,0.21,0.35,0.32,0.22,0.21,0.2,0.17,0.26,0.42,0.38,0.26
GWETTOP,1984,2.0,37.5,0.22,0.13,0.2,0.33,0.32,0.2,0.19,0.18,0.15,0.28,0.44,0.39,0.25
GWETTOP,1984,2.0,38.125,0.23,0.15,0.19,0.34,0.35,0.24,0.21,0.2,0.16,0.33,0.5,0.43,0.28
GWETTOP,1984,2.0,38.75,0.21,0.15,0.18,0.33,0.35,0.26,0.23,0.22,0.16,0.33,0.49,0.42,0.28
GWETTOP,1984,2.0,39.375,0.16,0.11,0.15,0.28,0.36,0.29,0.23,0.25,0.18,0.28,0.41,0.38,0.26
GWETTOP,1984,2.0,40.0,0.16,0.12,0.15,0.29,0.38,0.31,0.24,0.27,0.18,0.3,0.45,0.41,0.27
GWETTOP,1984,2.0,40.625,0.2,0.14,0.16,0.31,0.42,0.25,0.26,0.37,0.24,0.3,0.58,0.46,0.31
GWETTOP,1984,2.0,41.25,0.16,0.11,0.13,0.25,0.32,0.2,0.21,0.29,0.21,0.23,0.44,0.38,0.24
GWETTOP,1984,2.0,41.875,0.15,0.12,0.13,0.25,0.37,0.23,0.22,0.37,0.26,0.24,0.52,0.33,0.27
GWETTOP,1984,2.5,34.375,0.28,0.23,0.23,0.26,0.35,0.37,0.34,0.31,0.36,0.31,0.43,0.27,0.31
GWETTOP,1984,2.5,35.0,0.21,0.13,0.15,0.24,0.28,0.33,0.29,0.24,0.31,0.27,0.4,0.32,0.26
GWETTOP,1984,2.5,35.625,0.16,0.1,0.12,0.22,0.2,0.26,0.22,0.17,0.22,0.19,0.35,0.25,0.2
GWETTOP,1984,2.5,36.25,0.16,0.1,0.16,0.27,0.18,0.17,0.17,0.14,0.13,0.17,0.36,0.25,0.19
GWETTOP,1984,2.5,36.875,0.19,0.11,0.19,0.33,0.3,0.18,0.18,0.18,0.14,0.23,0.39,0.36,0.23
GWETTOP,1984,2.5,37.5,0.18,0.11,0.18,0.36,0.33,0.19,0.19,0.2,0.15,0.27,0.45,0.39,0.25
GWETTOP,1984,2.5,38.125,0.18,0.12,0.19,0.34,0.37,0.29,0.21,0.21,0.17,0.33,0.48,0.42,0.28
GWETTOP,1984,2.5,38.75,0.16,0.11,0.18,0.32,0.38,0.29,0.21,0.21,0.17,0.32,0.46,0.4,0.27
GWETTOP,1984,2.5,39.375,0.14,0.1,0.16,0.29,0.38,0.33,0.25,0.25,0.2,0.3,0.42,0.38,0.27
GWETTOP,1984,2.5,40.0,0.16,0.11,0.16,0.3,0.41,0.34,0.27,0.29,0.22,0.31,0.45,0.4,0.29
GWETTOP,1984,2.5,40.625,0.17,0.13,0.17,0.31,0.43,0.29,0.25,0.33,0.26,0.32,0.49,0.41,0.3
GWETTOP,1984,2.5,41.25,0.12,0.08,0.12,0.2,0.27,0.2,0.19,0.21,0.19,0.22,0.29,0.24,0.19
GWETTOP,1984,2.5,41.875,0.11,0.09,0.14,0.2,0.29,0.23,0.2,0.26,0.22,0.24,0.32,0.23,0.21
GWETTOP,1984,3.0,34.375,0.23,0.15,0.14,0.31,0.36,0.38,0.35,0.32,0.39,0.38,0.49,0.39,0.32
GWETTOP,1984,3.0,35.0,0.17,0.1,0.13,0.28,0.29,0.3,0.25,0.18,0.27,0.25,0.39,0.34,0.25
GWETTOP,1984,3.0,35.625,0.18,0.1,0.15,0.26,0.23,0.23,0.18,0.14,0.19,0.17,0.35,0.25,0.2
GWETTOP,1984,3.0,36.25,0.17,0.1,0.18,0.3,0.25,0.14,0.14,0.13,0.12,0.17,0.37,0.31,0.2
GWETTOP,1984,3.0,36.875,0.16,0.1,0.17,0.31,0.3,0.16,0.15,0.16,0.13,0.19,0.37,0.34,0.21
GWETTOP,1984,3.0,37.5,0.13,0.07,0.14,0.31,0.29,0.15,0.14,0.17,0.13,0.21,0.39,0.32,0.2
GWETTOP,1984,3.0,38.125,0.13,0.09,0.16,0.33,0.37,0.31,0.2,0.19,0.17,0.29,0.44,0.39,0.26
GWETTOP,1984,3.0,38.75,0.14,0.1,0.17,0.35,0.43,0.34,0.23,0.22,0.2,0.33,0.47,0.42,0.28
GWETTOP,1984,3.0,39.375,0.12,0.09,0.15,0.29,0.4,0.35,0.29,0.26,0.21,0.31,0.41,0.36,0.27
GWETTOP,1984,3.0,40.0,0.14,0.1,0.15,0.31,0.42,0.36,0.3,0.29,0.25,0.33,0.43,0.38,0.29
GWETTOP,1984,3.0,40.625,0.15,0.11,0.14,0.27,0.38,0.29,0.22,0.27,0.24,0.3,0.39,0.33,0.26
GWETTOP,1984,3.0,41.25,0.13,0.1,0.13,0.21,0.3,0.23,0.2,0.23,0.21,0.25,0.3,0.25,0.21
GWETTOP,1984,3.0,41.875,0.1,0.08,0.13,0.18,0.29,0.25,0.18,0.23,0.21,0.24,0.3,0.23,0.2
GWETTOP,1984,3.5,34.375,0.21,0.11,0.15,0.35,0.35,0.34,0.31,0.3,0.33,0.35,0.42,0.37,0.3
GWETTOP,1984,3.5,35.0,0.17,0.1,0.15,0.32,0.31,0.25,0.22,0.17,0.24,0.26,0.39,0.33,0.24
GWETTOP,1984,3.5,35.625,0.18,0.1,0.14,0.28,0.26,0.21,0.18,0.15,0.19,0.19,0.35,0.23,0.21
GWETTOP,1984,3.5,36.25,0.17,0.09,0.16,0.3,0.29,0.15,0.14,0.14,0.13,0.19,0.36,0.27,0.2
GWETTOP,1984,3.5,36.875,0.16,0.09,0.16,0.32,0.34,0.22,0.17,0.17,0.14,0.21,0.38,0.34,0.23
GWETTOP,1984,3.5,37.5,0.17,0.1,0.18,0.36,0.37,0.25,0.2,0.19,0.17,0.25,0.44,0.34,0.25
GWETTOP,1984,3.5,38.125,0.13,0.09,0.17,0.34,0.41,0.36,0.31,0.24,0.21,0.32,0.44,0.38,0.28
GWETTOP,1984,3.5,38.75,0.13,0.09,0.16,0.33,0.43,0.37,0.32,0.29,0.26,0.35,0.45,0.37,0.3
GWETTOP,1984,3.5,39.375,0.15,0.11,0.18,0.34,0.47,0.41,0.35,0.35,0.31,0.38,0.48,0.41,0.33
GWETTOP,1984,3.5,40.0,0.13,0.1,0.16,0.32,0.43,0.36,0.3,0.29,0.26,0.35,0.45,0.38,0.29
GWETTOP,1984,3.5,40.625,0.17,0.13,0.16,0.33,0.48,0.37,0.24,0.29,0.28,0.4,0.5,0.4,0.31
GWETTOP,1984,3.5,41.25,0.14,0.12,0.13,0.22,0.33,0.24,0.2,0.22,0.2,0.28,0.33,0.28,0.22
GWETTOP,1984,3.5,41.875,0.1,0.08,0.09,0.15,0.24,0.18,0.13,0.16,0.15,0.21,0.25,0.19,0.16
GWETTOP,1984,4.0,34.375,0.22,0.15,0.22,0.46,0.44,0.36,0.34,0.31,0.36,0.41,0.51,0.43,0.35
GWETTOP,1984,4.0,35.0,0.2,0.12,0.19,0.39,0.37,0.26,0.25,0.2,0.26,0.31,0.46,0.33,0.28
GWETTOP,1984,4.0,35.625,0.19,0.1,0.15,0.29,0.31,0.22,0.21,0.18,0.2,0.22,0.35,0.24,0.22
GWETTOP,1984,4.0,36.25,0.17,0.09,0.15,0.29,0.31,0.18,0.18,0.18,0.16,0.21,0.35,0.23,0.21
GWETTOP,1984,4.0,36.875,0.16,0.09,0.16,0.31,0.35,0.27,0.2,0.2,0.18,0.24,0.37,0.3,0.24
GWETTOP,1984,4.0,37.5,0.17,0.1,0.17,0.33,0.38,0.3,0.22,0.22,0.2,0.28,0.4,0.31,0.26
GWETTOP,1984,4.0,38.125,0.18,0.11,0.2,0.36,0.47,0.41,0.34,0.36,0.33,0.42,0.49,0.4,0.34
GWETTOP,1984,4.0,38.75,0.22,0.16,0.23,0.44,0.62,0.54,0.37,0.42,0.36,0.52,0.63,0.52,0.42
GWETTOP,1984,4.0,39.375,0.19,0.15,0.25,0.44,0.62,0.54,0.36,0.45,0.38,0.54,0.66,0.59,0.43
GWETTOP,1984,4.0,40.0,0.14,0.12,0.19,0.37,0.49,0.43,0.28,0.31,0.3,0.43,0.51,0.45,0.34
GWETTOP,1984,4.0,40.625,0.16,0.13,0.17,0.35,0.49,0.4,0.25,0.26,0.28,0.43,0.53,0.43,0.32
GWETTOP,1984,4.0,41.25,0.12,0.1,0.12,0.22,0.34,0.29,0.19,0.18,0.18,0.3,0.36,0.31,0.23
GWETTOP,1984,4.0,41.875,0.11,0.09,0.09,0.18,0.28,0.24,0.15,0.15,0.14,0.24,0.29,0.22,0.18
GWETTOP,1984,4.5,34.375,0.25,0.2,0.32,0.57,0.47,0.38,0.38,0.33,0.39,0.47,0.6,0.44,0.4
GWETTOP,1984,4.5,35.0,0.22,0.14,0.23,0.43,0.45,0.29,0.3,0.26,0.29,0.34,0.5,0.34,0.32
GWETTOP,1984,4.5,35.625,0.19,0.1,0.14,0.29,0.34,0.24,0.23,0.22,0.22,0.23,0.36,0.25,0.23
GWETTOP,1984,4.5,36.25,0.17,0.09,0.14,0.28,0.32,0.22,0.21,0.23,0.21,0.23,0.35,0.19,0.22
GWETTOP,1984,4.5,36.875,0.16,0.09,0.15,0.29,0.35,0.29,0.23,0.29,0.25,0.26,0.36,0.23,0.25
GWETTOP,1984,4.5,37.5,0.23,0.14,0.19,0.36,0.46,0.37,0.3,0.39,0.34,0.36,0.49,0.29,0.33
GWETTOP,1984,4.5,38.125,0.23,0.16,0.23,0.39,0.56,0.51,0.35,0.4,0.38,0.5,0.61,0.48,0.4
GWETTOP,1984,4.5,38.75,0.22,0.15,0.22,0.37,0.54,0.48,0.33,0.39,0.36,0.48,0.58,0.45,0.38
GWETTOP,1984,4.5,39.375,0.16,0.12,0.2,0.35,0.48,0.43,0.3,0.32,0.32,0.44,0.52,0.44,0.34
GWETTOP,1984,4.5,40.0,0.14,0.11,0.18,0.31,0.42,0.38,0.26,0.27,0.28,0.38,0.45,0.38,0.3
GWETTOP,1984,4.5,40.625,0.13,0.1,0.16,0.3,0.42,0.38,0.26,0.23,0.26,0.36,0.42,0.37,0.28
GWETTOP,1984,4.5,41.25,0.13,0.1,0.13,0.25,0.38,0.34,0.26,0.2,0.2,0.31,0.37,0.34,0.25
GWETTOP,1984,4.5,41.875,0.11,0.09,0.1,0.2,0.34,0.3,0.16,0.15,0.15,0.27,0.32,0.23,0.2
GWETTOP,1985,-0.5,34.375,0.49,0.63,0.61,0.9,0.9,0.83,0.67,0.55,0.57,0.5,0.59,0.57,0.65
GWETTOP,1985,-0.5,35.0,0.48,0.56,0.51,0.78,0.8,0.77,0.69,0.61,0.58,0.51,0.57,0.52,0.61
GWETTOP,1985,-0.5,35.625,0.42,0.48,0.45,0.65,0.67,0.66,0.64,0.61,0.59,0.53,0.57,0.51,0.57
GWETTOP,1985,-0.5,36.25,0.41,0.45,0.42,0.6,0.61,0.58,0.56,0.53,0.51,0.46,0.5,0.46,0.51
GWETTOP,1985,-0.5,36.875,0.54,0.53,0.51,0.66,0.7,0.65,0.63,0.58,0.55,0.5,0.57,0.55,0.58
GWETTOP,1985,-0.5,37.5,0.57,0.54,0.52,0.67,0.7,0.63,0.58,0.53,0.51,0.47,0.56,0.56,0.57
GWETTOP,1985,-0.5,38.125,0.49,0.46,0.45,0.51,0.48,0.34,0.35,0.28,0.26,0.34,0.55,0.52,0.42
GWETTOP,1985,-0.5,38.75,0.37,0.37,0.38,0.45,0.42,0.3,0.32,0.25,0.24,0.32,0.5,0.44,0.36
GWETTOP,1985,-0.5,39.375,0.26,0.26,0.3,0.43,0.43,0.31,0.35,0.28,0.26,0.29,0.4,0.34,0.33
GWETTOP,1985,-0.5,40.0,0.28,0.28,0.31,0.47,0.48,0.35,0.4,0.31,0.29,0.31,0.42,0.36,0.36
GWETTOP,1985,-0.5,40.625,0.27,0.27,0.3,0.44,0.51,0.38,0.46,0.35,0.31,0.29,0.3,0.37,0.35
GWETTOP,1985,-0.5,41.25,0.28,0.28,0.3,0.44,0.51,0.37,0.46,0.35,0.31,0.29,0.28,0.38,0.35
GWETTOP,1985,-0.5,41.875,0.28,0.26,0.29,0.43,0.48,0.38,0.45,0.35,0.3,0.28,0.27,0.35,0.34
GWETTOP,1985,-1.0,34.375,0.49,0.59,0.55,0.73,0.7,0.58,0.49,0.46,0.44,0.36,0.48,0.49,0.53
GWETTOP,1985,-1.0,35.0,0.52,0.62,0.58,0.73,0.73,0.66,0.59,0.54,0.53,0.49,0.55,0.53,0.59
GWETTOP,1985,-1.0,35.625,0.47,0.55,0.52,0.69,0.72,0.68,0.62,0.55,0.5,0.47,0.52,0.49,0.56
GWETTOP,1985,-1.0,36.25,0.38,0.45,0.42,0.61,0.68,0.62,0.56,0.49,0.43,0.37,0.43,0.4,0.49
GWETTOP,1985,-1.0,36.875,0.55,0.53,0.51,0.65,0.68,0.56,0.5,0.43,0.38,0.35,0.52,0.53,0.52
GWETTOP,1985,-1.0,37.5,0.54,0.54,0.52,0.65,0.69,0.62,0.55,0.45,0.42,0.4,0.52,0.53,0.54
GWETTOP,1985,-1.0,38.125,0.42,0.45,0.44,0.52,0.48,0.34,0.36,0.28,0.27,0.36,0.55,0.51,0.41
GWETTOP,1985,-1.0,38.75,0.34,0.39,0.38,0.5,0.44,0.28,0.33,0.26,0.25,0.35,0.53,0.46,0.38
GWETTOP,1985,-1.0,39.375,0.24,0.27,0.32,0.53,0.51,0.3,0.4,0.3,0.28,0.33,0.44,0.37,0.36
GWETTOP,1985,-1.0,40.0,0.29,0.3,0.36,0.59,0.59,0.38,0.45,0.34,0.32,0.37,0.5,0.4,0.41
GWETTOP,1985,-1.0,40.625,0.28,0.28,0.3,0.47,0.54,0.41,0.49,0.38,0.33,0.31,0.32,0.39,0.38
GWETTOP,1985,-1.0,41.25,0.33,0.31,0.3,0.45,0.52,0.43,0.49,0.4,0.34,0.3,0.3,0.4,0.38
GWETTOP,1985,-1.0,41.875,0.29,0.26,0.26,0.37,0.42,0.34,0.39,0.33,0.28,0.26,0.26,0.32,0.32
GWETTOP,1985,-1.5,34.375,0.48,0.7,0.62,0.73,0.65,0.48,0.31,0.31,0.33,0.28,0.55,0.47,0.49
GWETTOP,1985,-1.5,35.0,0.49,0.71,0.61,0.74,0.7,0.58,0.44,0.35,0.34,0.3,0.53,0.51,0.52
GWETTOP,1985,-1.5,35.625,0.48,0.63,0.56,0.72,0.76,0.62,0.52,0.46,0.36,0.31,0.49,0.49,0.53
GWETTOP,1985,-1.5,36.25,0.34,0.45,0.42,0.51,0.54,0.43,0.37,0.28,0.27,0.23,0.4,0.36,0.38
GWETTOP,1985,-1.5,36.875,0.56,0.61,0.59,0.68,0.7,0.57,0.4,0.28,0.35,0.35,0.6,0.59,0.52
GWETTOP,1985,-1.5,37.5,0.52,0.51,0.49,0.57,0.59,0.48,0.42,0.29,0.33,0.35,0.5,0.51,0.46
GWETTOP,1985,-1.5,38.125,0.49,0.48,0.46,0.5,0.49,0.43,0.42,0.36,0.34,0.38,0.48,0.48,0.44
GWETTOP,1985,-1.5,38.75,0.37,0.41,0.39,0.52,0.48,0.33,0.36,0.29,0.29,0.36,0.49,0.44,0.39
GWETTOP,1985,-1.5,39.375,0.3,0.32,0.35,0.57,0.55,0.36,0.41,0.32,0.3,0.36,0.46,0.36,0.39
GWETTOP,1985,-1.5,40.0,0.33,0.33,0.37,0.62,0.64,0.46,0.54,0.41,0.36,0.39,0.46,0.4,0.44
GWETTOP,1985,-1.5,40.625,0.34,0.32,0.32,0.51,0.56,0.44,0.51,0.42,0.35,0.33,0.35,0.41,0.41
GWETTOP,1985,-1.5,41.25,0.4,0.32,0.3,0.48,0.54,0.47,0.5,0.43,0.35,0.3,0.3,0.39,0.4
GWETTOP,1985,-1.5,41.875,0.62,0.58,0.56,0.64,0.66,0.63,0.64,0.62,0.6,0.56,0.56,0.61,0.61
GWETTOP,1985,-1.7975103014118005e-13,34.375,0.48,0.54,0.53,0.81,0.82,0.78,0.69,0.61,0.64,0.56,0.63,0.54,0.64
GWETTOP,1985,-1.7975103014118005e-13,35.0,0.52,0.58,0.53,0.79,0.85,0.84,0.81,0.77,0.75,0.68,0.7,0.62,0.7
GWETTOP,1985,-1.7975103014118005e-13,35.625,0.47,0.49,0.46,0.69,0.78,0.79,0.79,0.78,0.75,0.69,0.68,0.62,0.67
GWETTOP,1985,-1.7975103014118005e-13,36.25,0.41,0.43,0.4,0.57,0.59,0.56,0.56,0.54,0.5,0.43,0.47,0.42,0.49
GWETTOP,1985,-1.7975103014118005e-13,36.875,0.47,0.44,0.45,0.61,0.67,0.61,0.58,0.53,0.49,0.44,0.49,0.46,0.52
GWETTOP,1985,-1.7975103014118005e-13,37.5,0.6,0.53,0.52,0.67,0.74,0.67,0.61,0.55,0.5,0.46,0.55,0.54,0.58
GWETTOP,1985,-1.7975103014118005e-13,38.125,0.48,0.43,0.44,0.48,0.5,0.38,0.35,0.29,0.25,0.31,0.49,0.48,0.41
GWETTOP,1985,-1.7975103014118005e-13,38.75,0.37,0.33,0.36,0.4,0.42,0.34,0.31,0.24,0.22,0.27,0.42,0.38,0.34
GWETTOP,1985,-1.7975103014118005e-13,39.375,0.28,0.24,0.29,0.38,0.4,0.33,0.33,0.26,0.23,0.25,0.35,0.31,0.3
GWETTOP,1985,-1.7975103014118005e-13,40.0,0.29,0.25,0.29,0.39,0.43,0.36,0.35,0.31,0.26,0.26,0.33,0.31,0.32
GWETTOP,1985,-1.7975103014118005e-13,40.625,0.26,0.23,0.31,0.41,0.45,0.36,0.38,0.29,0.27,0.26,0.26,0.31,0.32
GWETTOP,1985,-1.7975103014118005e-13,41.25,0.24,0.23,0.33,0.44,0.47,0.33,0.38,0.29,0.28,0.28,0.26,0.32,0.32
GWETTOP,1985,-1.7975103014118005e-13,41.875,0.28,0.26,0.37,0.48,0.5,0.38,0.4,0.31,0.3,0.29,0.26,0.34,0.35
GWETTOP,1985,-2.0,34.375,0.46,0.76,0.65,0.69,0.62,0.33,0.25,0.24,0.26,0.26,0.56,0.43,0.46
GWETTOP,1985,-2.0,35.0,0.5,0.78,0.64,0.74,0.7,0.54,0.35,0.25,0.28,0.28,0.54,0.51,0.51
GWETTOP,1985,-2.0,35.625,0.5,0.69,0.59,0.71,0.72,0.57,0.48,0.33,0.29,0.28,0.51,0.51,0.51
GWETTOP,1985,-2.0,36.25,0.24,0.42,0.36,0.39,0.39,0.29,0.21,0.14,0.16,0.15,0.34,0.29,0.28
GWETTOP,1985,-2.0,36.875,0.53,0.62,0.57,0.63,0.64,0.43,0.31,0.23,0.28,0.3,0.58,0.56,0.47
GWETTOP,1985,-2.0,37.5,0.51,0.54,0.5,0.54,0.55,0.42,0.32,0.23,0.27,0.31,0.5,0.51,0.43
GWETTOP,1985,-2.0,38.125,0.45,0.46,0.43,0.46,0.46,0.39,0.37,0.31,0.3,0.35,0.43,0.45,0.4
GWETTOP,1985,-2.0,38.75,0.4,0.46,0.41,0.55,0.53,0.36,0.39,0.32,0.31,0.38,0.5,0.47,0.42
GWETTOP,1985,-2.0,39.375,0.38,0.4,0.39,0.62,0.62,0.46,0.49,0.41,0.36,0.4,0.5,0.42,0.45
GWETTOP,1985,-2.0,40.0,0.37,0.36,0.36,0.59,0.61,0.46,0.5,0.42,0.37,0.38,0.44,0.39,0.44
GWETTOP,1985,-2.0,40.625,0.41,0.36,0.34,0.51,0.57,0.47,0.51,0.44,0.38,0.36,0.36,0.4,0.43
GWETTOP,1985,-2.0,41.25,0.44,0.4,0.37,0.47,0.51,0.46,0.48,0.45,0.43,0.38,0.37,0.41,0.43
GWETTOP,1985,-2.0,41.875,0.67,0.66,0.63,0.67,0.7,0.67,0.68,0.67,0.65,0.61,0.62,0.64,0.66
GWETTOP,1985,-2.5,34.375,0.46,0.71,0.59,0.61,0.53,0.37,0.2,0.18,0.24,0.29,0.48,0.46,0.42
GWETTOP,1985,-2.5,35.0,0.49,0.73,0.61,0.66,0.61,0.49,0.29,0.2,0.23,0.29,0.49,0.52,0.47
GWETTOP,1985,-2.5,35.625,0.48,0.62,0.54,0.6,0.58,0.47,0.29,0.18,0.18,0.21,0.49,0.52,0.43
GWETTOP,1985,-2.5,36.25,0.33,0.5,0.43,0.45,0.44,0.3,0.23,0.16,0.14,0.15,0.4,0.41,0.33
GWETTOP,1985,-2.5,36.875,0.58,0.63,0.56,0.61,0.62,0.38,0.26,0.19,0.19,0.27,0.56,0.6,0.45
GWETTOP,1985,-2.5,37.5,0.56,0.61,0.54,0.6,0.61,0.41,0.3,0.22,0.22,0.31,0.54,0.58,0.46
GWETTOP,1985,-2.5,38.125,0.52,0.53,0.48,0.51,0.51,0.4,0.38,0.29,0.27,0.35,0.47,0.53,0.44
GWETTOP,1985,-2.5,38.75,0.43,0.51,0.42,0.56,0.55,0.37,0.41,0.34,0.32,0.38,0.49,0.53,0.44
GWETTOP,1985,-2.5,39.375,0.5,0.53,0.44,0.69,0.72,0.59,0.61,0.53,0.45,0.47,0.58,0.57,0.56
GWETTOP,1985,-2.5,40.0,0.37,0.37,0.34,0.52,0.56,0.43,0.46,0.4,0.37,0.37,0.4,0.39,0.42
GWETTOP,1985,-2.5,40.625,0.5,0.48,0.45,0.57,0.65,0.55,0.58,0.54,0.52,0.5,0.49,0.5,0.53
GWETTOP,1985,-2.5,41.25,1.0,1.0,1.0,1.0,1.0,1.0,1.0,1.0,1.0,1.0,1.0,1.0,1.0
GWETTOP,1985,-2.5,41.875,1.0,1.0,1.0,1.0,1.0,1.0,1.0,1.0,1.0,1.0,1.0,1.0,1.0
GWETTOP,1985,-3.0,34.375,0.48,0.71,0.6,0.57,0.52,0.39,0.19,0.22,0.24,0.35,0.45,0.46,0.43
GWETTOP,1985,-3.0,35.0,0.49,0.69,0.6,0.67,0.61,0.48,0.3,0.23,0.24,0.33,0.47,0.5,0.47
GWETTOP,1985,-3.0,35.625,0.52,0.67,0.6,0.74,0.72,0.56,0.49,0.4,0.25,0.29,0.49,0.55,0.52
GWETTOP,1985,-3.0,36.25,0.51,0.62,0.59,0.63,0.63,0.53,0.32,0.2,0.17,0.25,0.51,0.57,0.46
GWETTOP,1985,-3.0,36.875,0.65,0.67,0.63,0.77,0.84,0.66,0.57,0.38,0.25,0.42,0.59,0.68,0.59
GWETTOP,1985,-3.0,37.5,0.54,0.57,0.53,0.62,0.68,0.54,0.47,0.43,0.29,0.34,0.48,0.55,0.5
GWETTOP,1985,-3.0,38.125,0.5,0.52,0.47,0.5,0.52,0.43,0.43,0.35,0.3,0.35,0.44,0.52,0.44
GWETTOP,1985,-3.0,38.75,0.43,0.52,0.39,0.53,0.54,0.36,0.43,0.35,0.32,0.37,0.46,0.56,0.44
GWETTOP,1985,-3.0,39.375,0.48,0.56,0.42,0.68,0.71,0.58,0.63,0.56,0.48,0.48,0.56,0.62,0.56
GWETTOP,1985,-3.0,40.0,0.37,0.39,0.35,0.49,0.55,0.42,0.46,0.41,0.38,0.37,0.39,0.41,0.42
GWETTOP,1985,-3.0,40.625,0.76,0.76,0.75,0.8,0.86,0.8,0.82,0.79,0.77,0.76,0.76,0.77,0.78
GWETTOP,1985,-3.0,41.25,1.0,1.0,1.0,1.0,1.0,1.0,1.0,1.0,1.0,1.0,1.0,1.0,1.0
GWETTOP,1985,-3.0,41.875,1.0,1.0,1.0,1.0,1.0,1.0,1.0,1.0,1.0,1.0,1.0,1.0,1.0
GWETTOP,1985,-3.5,34.375,0.47,0.7,0.58,0.53,0.47,0.27,0.17,0.19,0.23,0.3,0.42,0.41,0.39
GWETTOP,1985,-3.5,35.0,0.46,0.65,0.55,0.59,0.52,0.42,0.29,0.23,0.24,0.31,0.43,0.46,0.43
GWETTOP,1985,-3.5,35.625,0.48,0.58,0.54,0.62,0.57,0.5,0.46,0.36,0.25,0.27,0.46,0.5,0.46
GWETTOP,1985,-3.5,36.25,0.43,0.52,0.51,0.58,0.57,0.47,0.32,0.19,0.16,0.26,0.44,0.47,0.41
GWETTOP,1985,-3.5,36.875,0.48,0.48,0.46,0.61,0.66,0.52,0.46,0.27,0.2,0.34,0.45,0.49,0.45
GWETTOP,1985,-3.5,37.5,0.43,0.46,0.41,0.54,0.58,0.49,0.46,0.33,0.24,0.34,0.43,0.45,0.43
GWETTOP,1985,-3.5,38.125,0.43,0.5,0.39,0.5,0.52,0.39,0.45,0.37,0.31,0.35,0.43,0.51,0.43
GWETTOP,1985,-3.5,38.75,0.46,0.52,0.43,0.53,0.55,0.44,0.48,0.43,0.38,0.4,0.46,0.53,0.47
GWETTOP,1985,-3.5,39.375,0.46,0.54,0.4,0.66,0.71,0.58,0.63,0.57,0.5,0.48,0.54,0.61,0.56
GWETTOP,1985,-3.5,40.0,0.53,0.55,0.5,0.63,0.67,0.57,0.6,0.55,0.51,0.52,0.55,0.59,0.56
GWETTOP,1985,-3.5,40.625,0.92,0.92,0.91,0.94,0.96,0.94,0.94,0.93,0.92,0.92,0.92,0.92,0.93
GWETTOP,1985,-3.5,41.25,1.0,1.0,1.0,1.0,1.0,1.0,1.0,1.0,1.0,1.0,1.0,1.0,1.0
GWETTOP,1985,-3.5,41.875,1.0,1.0,1.0,1.0,1.0,1.0,1.0,1.0,1.0,1.0,1.0,1.0,1.0
GWETTOP,1985,-4.0,34.375,0.45,0.66,0.54,0.51,0.44,0.27,0.21,0.19,0.23,0.28,0.39,0.37,0.38
GWETTOP,1985,-4.0,35.0,0.48,0.67,0.58,0.63,0.56,0.46,0.36,0.3,0.3,0.35,0.47,0.49,0.47
GWETTOP,1985,-4.0,35.625,0.5,0.57,0.55,0.62,0.58,0.52,0.48,0.44,0.34,0.33,0.47,0.51,0.49
GWETTOP,1985,-4.0,36.25,0.46,0.51,0.5,0.57,0.54,0.47,0.39,0.26,0.21,0.29,0.43,0.46,0.42
GWETTOP,1985,-4.0,36.875,0.48,0.51,0.49,0.6,0.59,0.49,0.46,0.34,0.26,0.35,0.45,0.49,0.46
GWETTOP,1985,-4.0,37.5,0.47,0.51,0.46,0.57,0.56,0.47,0.44,0.35,0.29,0.35,0.44,0.49,0.45
GWETTOP,1985,-4.0,38.125,0.46,0.56,0.42,0.55,0.57,0.39,0.49,0.39,0.34,0.38,0.47,0.56,0.46
GWETTOP,1985,-4.0,38.75,0.44,0.52,0.39,0.56,0.58,0.44,0.51,0.44,0.38,0.41,0.49,0.55,0.48
GWETTOP,1985,-4.0,39.375,0.37,0.44,0.35,0.57,0.63,0.47,0.53,0.45,0.4,0.4,0.44,0.49,0.46
GWETTOP,1985,-4.0,40.0,0.52,0.55,0.52,0.62,0.65,0.54,0.57,0.53,0.51,0.52,0.54,0.58,0.55
GWETTOP,1985,-4.0,40.625,1.0,1.0,1.0,1.0,1.0,1.0,1.0,1.0,1.0,1.0,1.0,1.0,1.0
GWETTOP,1985,-4.0,41.25,1.0,1.0,1.0,1.0,1.0,1.0,1.0,1.0,1.0,1.0,1.0,1.0,1.0
GWETTOP,1985,-4.0,41.875,1.0,1.0,1.0,1.0,1.0,1.0,1.0,1.0,1.0,1.0,1.0,1.0,1.0
GWETTOP,1985,-4.5,34.375,0.39,0.59,0.46,0.46,0.4,0.34,0.3,0.27,0.28,0.3,0.36,0.35,0.37
GWETTOP,1985,-4.5,35.0,0.4,0.63,0.51,0.57,0.49,0.4,0.37,0.34,0.34,0.36,0.41,0.42,0.44
GWETTOP,1985,-4.5,35.625,0.42,0.53,0.48,0.56,0.5,0.43,0.42,0.38,0.32,0.32,0.4,0.43,0.43
GWETTOP,1985,-4.5,36.25,0.46,0.52,0.49,0.56,0.51,0.45,0.4,0.32,0.27,0.32,0.42,0.46,0.43
GWETTOP,1985,-4.5,36.875,0.49,0.54,0.5,0.61,0.57,0.48,0.46,0.4,0.33,0.39,0.46,0.5,0.48
GWETTOP,1985,-4.5,37.5,0.49,0.54,0.48,0.6,0.57,0.49,0.48,0.42,0.35,0.39,0.47,0.51,0.48
GWETTOP,1985,-4.5,38.125,0.59,0.62,0.52,0.64,0.66,0.55,0.6,0.53,0.46,0.48,0.57,0.63,0.57
GWETTOP,1985,-4.5,38.75,0.56,0.58,0.5,0.63,0.66,0.57,0.6,0.54,0.47,0.49,0.57,0.62,0.57
GWETTOP,1985,-4.5,39.375,0.4,0.43,0.39,0.51,0.55,0.42,0.46,0.42,0.38,0.39,0.42,0.47,0.44
GWETTOP,1985,-4.5,40.0,0.95,0.95,0.95,0.96,0.96,0.95,0.95,0.95,0.95,0.95,0.95,0.95,0.95
GWETTOP,1985,-4.5,40.625,1.0,1.0,1.0,1.0,1.0,1.0,1.0,1.0,1.0,1.0,1.0,1.0,1.0
GWETTOP,1985,-4.5,41.25,1.0,1.0,1.0,1.0,1.0,1.0,1.0,1.0,1.0,1.0,1.0,1.0,1.0
GWETTOP,1985,-4.5,41.875,1.0,1.0,1.0,1.0,1.0,1.0,1.0,1.0,1.0,1.0,1.0,1.0,1.0
GWETTOP,1985,0.5,34.375,0.47,0.5,0.48,0.68,0.69,0.67,0.66,0.66,0.67,0.59,0.64,0.53,0.6
GWETTOP,1985,0.5,35.0,0.54,0.54,0.5,0.73,0.83,0.82,0.83,0.83,0.81,0.73,0.73,0.64,0.71
GWETTOP,1985,0.5,35.625,0.4,0.41,0.41,0.64,0.79,0.8,0.8,0.79,0.74,0.63,0.58,0.47,0.62
GWETTOP,1985,0.5,36.25,0.32,0.33,0.32,0.45,0.48,0.46,0.48,0.48,0.44,0.33,0.4,0.32,0.4
GWETTOP,1985,0.5,36.875,0.46,0.42,0.47,0.57,0.57,0.5,0.51,0.51,0.42,0.32,0.51,0.44,0.48
GWETTOP,1985,0.5,37.5,0.41,0.37,0.39,0.45,0.46,0.4,0.36,0.31,0.26,0.25,0.4,0.39,0.37
GWETTOP,1985,0.5,38.125,0.38,0.35,0.37,0.41,0.43,0.36,0.33,0.24,0.2,0.24,0.4,0.39,0.34
GWETTOP,1985,0.5,38.75,0.35,0.31,0.34,0.39,0.41,0.35,0.31,0.22,0.19,0.22,0.37,0.35,0.32
GWETTOP,1985,0.5,39.375,0.29,0.25,0.31,0.41,0.47,0.38,0.33,0.25,0.22,0.23,0.35,0.3,0.32
GWETTOP,1985,0.5,40.0,0.24,0.21,0.29,0.4,0.46,0.37,0.33,0.25,0.22,0.23,0.31,0.27,0.3
GWETTOP,1985,0.5,40.625,0.23,0.19,0.29,0.39,0.41,0.34,0.29,0.21,0.22,0.23,0.25,0.25,0.28
GWETTOP,1985,0.5,41.25,0.25,0.21,0.32,0.41,0.42,0.33,0.31,0.26,0.26,0.26,0.24,0.26,0.29
GWETTOP,1985,0.5,41.875,0.26,0.23,0.36,0.45,0.47,0.36,0.32,0.27,0.28,0.28,0.24,0.27,0.32
GWETTOP,1985,1.0,34.375,0.58,0.58,0.54,0.69,0.73,0.74,0.76,0.78,0.79,0.75,0.76,0.69,0.7
GWETTOP,1985,1.0,35.0,0.51,0.5,0.47,0.69,0.83,0.83,0.84,0.86,0.84,0.74,0.73,0.63,0.71
GWETTOP,1985,1.0,35.625,0.35,0.35,0.33,0.6,0.77,0.71,0.66,0.62,0.52,0.39,0.42,0.38,0.51
GWETTOP,1985,1.0,36.25,0.24,0.25,0.3,0.38,0.37,0.33,0.33,0.38,0.32,0.2,0.33,0.24,0.31
GWETTOP,1985,1.0,36.875,0.35,0.34,0.36,0.4,0.38,0.35,0.34,0.36,0.32,0.23,0.37,0.35,0.35
GWETTOP,1985,1.0,37.5,0.36,0.33,0.36,0.4,0.37,0.32,0.25,0.2,0.17,0.2,0.38,0.36,0.31
GWETTOP,1985,1.0,38.125,0.33,0.3,0.33,0.36,0.35,0.29,0.23,0.16,0.15,0.19,0.36,0.34,0.28
GWETTOP,1985,1.0,38.75,0.32,0.29,0.32,0.38,0.38,0.32,0.27,0.19,0.17,0.21,0.36,0.31,0.29
GWETTOP,1985,1.0,39.375,0.26,0.24,0.29,0.42,0.47,0.37,0.3,0.2,0.21,0.23,0.35,0.28,0.3
GWETTOP,1985,1.0,40.0,0.23,0.19,0.27,0.38,0.44,0.36,0.31,0.21,0.22,0.22,0.29,0.25,0.28
GWETTOP,1985,1.0,40.625,0.23,0.18,0.27,0.39,0.41,0.33,0.25,0.18,0.21,0.22,0.24,0.23,0.26
GWETTOP,1985,1.0,41.25,0.26,0.2,0.29,0.44,0.45,0.35,0.27,0.21,0.24,0.25,0.24,0.24,0.29
GWETTOP,1985,1.0,41.875,0.23,0.18,0.29,0.41,0.42,0.33,0.26,0.21,0.24,0.24,0.21,0.22,0.27
GWETTOP,1985,1.5,34.375,0.31,0.37,0.34,0.56,0.62,0.59,0.62,0.63,0.6,0.5,0.55,0.42,0.51
GWETTOP,1985,1.5,35.0,0.3,0.35,0.33,0.52,0.67,0.61,0.6,0.61,0.54,0.42,0.46,0.38,0.48
GWETTOP,1985,1.5,35.625,0.19,0.23,0.25,0.42,0.54,0.42,0.4,0.39,0.34,0.26,0.33,0.25,0.34
GWETTOP,1985,1.5,36.25,0.17,0.2,0.26,0.36,0.3,0.21,0.25,0.3,0.21,0.14,0.28,0.2,0.24
GWETTOP,1985,1.5,36.875,0.35,0.33,0.36,0.43,0.41,0.35,0.31,0.26,0.18,0.2,0.36,0.34,0.32
GWETTOP,1985,1.5,37.5,0.31,0.28,0.33,0.4,0.38,0.3,0.26,0.23,0.17,0.19,0.35,0.3,0.29
GWETTOP,1985,1.5,38.125,0.33,0.31,0.34,0.39,0.39,0.33,0.29,0.23,0.2,0.23,0.36,0.32,0.31
GWETTOP,1985,1.5,38.75,0.34,0.32,0.38,0.47,0.48,0.36,0.3,0.25,0.23,0.27,0.44,0.34,0.35
GWETTOP,1985,1.5,39.375,0.3,0.22,0.28,0.41,0.48,0.39,0.33,0.24,0.22,0.23,0.33,0.27,0.31
GWETTOP,1985,1.5,40.0,0.28,0.22,0.28,0.42,0.51,0.41,0.33,0.22,0.22,0.23,0.34,0.27,0.31
GWETTOP,1985,1.5,40.625,0.26,0.19,0.26,0.44,0.46,0.34,0.25,0.18,0.22,0.24,0.25,0.24,0.28
GWETTOP,1985,1.5,41.25,0.23,0.15,0.2,0.37,0.38,0.33,0.24,0.17,0.2,0.21,0.2,0.19,0.24
GWETTOP,1985,1.5,41.875,0.18,0.14,0.21,0.41,0.42,0.31,0.21,0.18,0.22,0.22,0.2,0.2,0.24
GWETTOP,1985,2.0,34.375,0.24,0.29,0.29,0.46,0.5,0.47,0.5,0.52,0.46,0.38,0.43,0.29,0.4
GWETTOP,1985,2.0,35.0,0.22,0.25,0.28,0.44,0.49,0.42,0.43,0.44,0.38,0.3,0.37,0.26,0.36
GWETTOP,1985,2.0,35.625,0.16,0.18,0.23,0.37,0.41,0.34,0.31,0.29,0.21,0.17,0.28,0.2,0.26
GWETTOP,1985,2.0,36.25,0.18,0.19,0.25,0.38,0.29,0.16,0.18,0.21,0.16,0.13,0.26,0.2,0.22
GWETTOP,1985,2.0,36.875,0.33,0.31,0.34,0.44,0.41,0.34,0.27,0.21,0.16,0.18,0.35,0.31,0.3
GWETTOP,1985,2.0,37.5,0.34,0.3,0.33,0.44,0.43,0.35,0.26,0.19,0.15,0.19,0.35,0.31,0.3
GWETTOP,1985,2.0,38.125,0.38,0.35,0.37,0.47,0.53,0.43,0.36,0.28,0.22,0.25,0.4,0.35,0.37
GWETTOP,1985,2.0,38.75,0.37,0.34,0.37,0.47,0.54,0.44,0.38,0.31,0.26,0.27,0.39,0.33,0.37
GWETTOP,1985,2.0,39.375,0.33,0.25,0.29,0.42,0.55,0.43,0.36,0.28,0.24,0.24,0.33,0.27,0.33
GWETTOP,1985,2.0,40.0,0.33,0.24,0.3,0.46,0.62,0.47,0.36,0.3,0.25,0.25,0.34,0.28,0.35
GWETTOP,1985,2.0,40.625,0.29,0.23,0.3,0.59,0.62,0.43,0.26,0.23,0.27,0.31,0.31,0.27,0.34
GWETTOP,1985,2.0,41.25,0.26,0.18,0.24,0.45,0.47,0.36,0.25,0.18,0.22,0.24,0.24,0.21,0.28
GWETTOP,1985,2.0,41.875,0.2,0.17,0.2,0.5,0.49,0.31,0.24,0.2,0.25,0.25,0.24,0.22,0.27
GWETTOP,1985,2.5,34.375,0.27,0.26,0.3,0.43,0.44,0.39,0.44,0.45,0.37,0.32,0.37,0.25,0.36
GWETTOP,1985,2.5,35.0,0.27,0.22,0.28,0.4,0.42,0.36,0.38,0.38,0.31,0.27,0.32,0.23,0.32
GWETTOP,1985,2.5,35.625,0.2,0.19,0.23,0.37,0.38,0.32,0.25,0.27,0.21,0.19,0.26,0.21,0.26
GWETTOP,1985,2.5,36.25,0.21,0.22,0.24,0.38,0.32,0.17,0.16,0.17,0.14,0.14,0.25,0.21,0.22
GWETTOP,1985,2.5,36.875,0.32,0.3,0.3,0.41,0.4,0.34,0.24,0.16,0.14,0.16,0.31,0.26,0.28
GWETTOP,1985,2.5,37.5,0.33,0.35,0.33,0.47,0.48,0.37,0.25,0.16,0.14,0.2,0.34,0.29,0.31
GWETTOP,1985,2.5,38.125,0.39,0.41,0.39,0.5,0.58,0.44,0.36,0.25,0.2,0.26,0.37,0.32,0.37
GWETTOP,1985,2.5,38.75,0.37,0.39,0.37,0.48,0.58,0.45,0.36,0.27,0.22,0.27,0.36,0.3,0.37
GWETTOP,1985,2.5,39.375,0.35,0.34,0.32,0.45,0.59,0.44,0.36,0.3,0.23,0.28,0.34,0.26,0.36
GWETTOP,1985,2.5,40.0,0.36,0.35,0.33,0.49,0.63,0.48,0.36,0.31,0.26,0.3,0.35,0.26,0.37
GWETTOP,1985,2.5,40.625,0.31,0.27,0.29,0.53,0.56,0.42,0.26,0.23,0.26,0.34,0.32,0.24,0.34
GWETTOP,1985,2.5,41.25,0.2,0.18,0.2,0.34,0.33,0.23,0.19,0.18,0.19,0.23,0.21,0.16,0.22
GWETTOP,1985,2.5,41.875,0.18,0.16,0.16,0.35,0.34,0.25,0.21,0.2,0.2,0.24,0.21,0.16,0.22
GWETTOP,1985,3.0,34.375,0.32,0.28,0.33,0.49,0.5,0.45,0.47,0.48,0.4,0.35,0.4,0.25,0.39
GWETTOP,1985,3.0,35.0,0.27,0.24,0.28,0.4,0.41,0.35,0.35,0.31,0.23,0.25,0.33,0.23,0.3
GWETTOP,1985,3.0,35.625,0.21,0.24,0.24,0.36,0.37,0.32,0.22,0.19,0.18,0.2,0.26,0.22,0.25
GWETTOP,1985,3.0,36.25,0.23,0.32,0.27,0.38,0.39,0.32,0.18,0.14,0.12,0.17,0.26,0.24,0.25
GWETTOP,1985,3.0,36.875,0.28,0.33,0.29,0.4,0.42,0.36,0.27,0.15,0.12,0.17,0.28,0.24,0.28
GWETTOP,1985,3.0,37.5,0.26,0.33,0.3,0.45,0.46,0.32,0.21,0.12,0.1,0.18,0.28,0.23,0.27
GWETTOP,1985,3.0,38.125,0.36,0.43,0.38,0.52,0.58,0.45,0.36,0.27,0.18,0.27,0.35,0.28,0.37
GWETTOP,1985,3.0,38.75,0.36,0.45,0.4,0.56,0.65,0.49,0.39,0.27,0.21,0.32,0.38,0.29,0.4
GWETTOP,1985,3.0,39.375,0.33,0.35,0.33,0.49,0.62,0.44,0.35,0.31,0.24,0.33,0.35,0.28,0.37
GWETTOP,1985,3.0,40.0,0.33,0.34,0.32,0.52,0.63,0.46,0.34,0.31,0.26,0.35,0.37,0.27,0.37
GWETTOP,1985,3.0,40.625,0.26,0.26,0.26,0.46,0.47,0.36,0.24,0.22,0.23,0.32,0.31,0.21,0.3
GWETTOP,1985,3.0,41.25,0.21,0.19,0.2,0.38,0.36,0.25,0.2,0.19,0.2,0.26,0.24,0.18,0.24
GWETTOP,1985,3.0,41.875,0.14,0.13,0.13,0.35,0.33,0.27,0.2,0.17,0.18,0.25,0.22,0.14,0.21
GWETTOP,1985,3.5,34.375,0.3,0.28,0.31,0.47,0.47,0.4,0.4,0.4,0.34,0.31,0.37,0.28,0.36
GWETTOP,1985,3.5,35.0,0.24,0.29,0.29,0.43,0.46,0.38,0.35,0.28,0.21,0.25,0.33,0.23,0.31
GWETTOP,1985,3.5,35.625,0.19,0.27,0.26,0.41,0.44,0.37,0.28,0.17,0.17,0.21,0.27,0.21,0.27
GWETTOP,1985,3.5,36.25,0.19,0.29,0.27,0.43,0.48,0.38,0.27,0.13,0.13,0.19,0.27,0.22,0.27
GWETTOP,1985,3.5,36.875,0.26,0.33,0.31,0.47,0.55,0.43,0.34,0.23,0.15,0.2,0.29,0.23,0.32
GWETTOP,1985,3.5,37.5,0.27,0.36,0.35,0.55,0.62,0.47,0.34,0.22,0.17,0.25,0.33,0.27,0.35
GWETTOP,1985,3.5,38.125,0.34,0.39,0.38,0.61,0.73,0.57,0.42,0.34,0.28,0.33,0.38,0.32,0.42
GWETTOP,1985,3.5,38.75,0.32,0.34,0.34,0.61,0.75,0.59,0.42,0.36,0.31,0.38,0.4,0.32,0.43
GWETTOP,1985,3.5,39.375,0.34,0.32,0.33,0.62,0.77,0.66,0.48,0.42,0.35,0.43,0.45,0.35,0.46
GWETTOP,1985,3.5,40.0,0.29,0.28,0.31,0.57,0.68,0.51,0.35,0.33,0.28,0.38,0.41,0.3,0.39
GWETTOP,1985,3.5,40.625,0.26,0.27,0.31,0.61,0.62,0.48,0.27,0.24,0.27,0.41,0.44,0.24,0.37
GWETTOP,1985,3.5,41.25,0.2,0.19,0.22,0.43,0.42,0.3,0.22,0.2,0.21,0.28,0.29,0.19,0.26
GWETTOP,1985,3.5,41.875,0.12,0.11,0.12,0.33,0.31,0.21,0.15,0.14,0.15,0.21,0.2,0.13,0.18
GWETTOP,1985,4.0,34.375,0.3,0.3,0.36,0.59,0.58,0.5,0.49,0.43,0.33,0.32,0.47,0.3,0.41
GWETTOP,1985,4.0,35.0,0.23,0.33,0.32,0.56,0.6,0.49,0.4,0.29,0.23,0.28,0.4,0.25,0.36
GWETTOP,1985,4.0,35.625,0.18,0.3,0.27,0.47,0.55,0.44,0.35,0.25,0.19,0.24,0.31,0.22,0.31
GWETTOP,1985,4.0,36.25,0.17,0.27,0.26,0.46,0.57,0.42,0.32,0.17,0.15,0.22,0.28,0.2,0.29
GWETTOP,1985,4.0,36.875,0.21,0.3,0.3,0.5,0.65,0.49,0.37,0.29,0.19,0.24,0.31,0.21,0.34
GWETTOP,1985,4.0,37.5,0.22,0.31,0.31,0.55,0.68,0.53,0.41,0.31,0.22,0.28,0.34,0.22,0.36
GWETTOP,1985,4.0,38.125,0.3,0.33,0.33,0.66,0.8,0.7,0.54,0.46,0.39,0.46,0.47,0.35,0.48
GWETTOP,1985,4.0,38.75,0.33,0.39,0.38,0.78,0.89,0.8,0.67,0.6,0.45,0.56,0.62,0.43,0.58
GWETTOP,1985,4.0,39.375,0.36,0.3,0.37,0.78,0.91,0.82,0.67,0.59,0.44,0.57,0.64,0.49,0.58
GWETTOP,1985,4.0,40.0,0.28,0.22,0.32,0.67,0.77,0.62,0.46,0.38,0.3,0.45,0.49,0.35,0.44
GWETTOP,1985,4.0,40.625,0.27,0.24,0.3,0.67,0.69,0.52,0.33,0.25,0.26,0.42,0.49,0.27,0.39
GWETTOP,1985,4.0,41.25,0.19,0.16,0.19,0.46,0.47,0.36,0.28,0.19,0.18,0.29,0.33,0.19,0.27
GWETTOP,1985,4.0,41.875,0.13,0.12,0.14,0.39,0.4,0.31,0.24,0.16,0.14,0.23,0.26,0.14,0.22
GWETTOP,1985,4.5,34.375,0.31,0.31,0.41,0.72,0.64,0.53,0.54,0.44,0.35,0.35,0.54,0.3,0.45
GWETTOP,1985,4.5,35.0,0.24,0.34,0.33,0.65,0.7,0.57,0.46,0.32,0.26,0.31,0.45,0.27,0.41
GWETTOP,1985,4.5,35.625,0.17,0.3,0.26,0.53,0.66,0.51,0.39,0.31,0.2,0.25,0.33,0.21,0.34
GWETTOP,1985,4.5,36.25,0.15,0.25,0.23,0.5,0.64,0.48,0.36,0.23,0.18,0.25,0.3,0.18,0.31
GWETTOP,1985,4.5,36.875,0.15,0.24,0.24,0.49,0.68,0.52,0.4,0.33,0.25,0.27,0.3,0.17,0.34
GWETTOP,1985,4.5,37.5,0.21,0.31,0.3,0.64,0.78,0.67,0.54,0.38,0.32,0.4,0.43,0.24,0.44
GWETTOP,1985,4.5,38.125,0.29,0.31,0.32,0.72,0.85,0.76,0.66,0.55,0.46,0.56,0.61,0.45,0.55
GWETTOP,1985,4.5,38.75,0.27,0.26,0.3,0.69,0.83,0.74,0.61,0.54,0.41,0.54,0.59,0.43,0.52
GWETTOP,1985,4.5,39.375,0.27,0.19,0.28,0.66,0.78,0.65,0.52,0.46,0.35,0.47,0.52,0.39,0.46
GWETTOP,1985,4.5,40.0,0.24,0.17,0.25,0.6,0.72,0.58,0.45,0.36,0.3,0.41,0.45,0.34,0.41
GWETTOP,1985,4.5,40.625,0.22,0.16,0.22,0.6,0.64,0.47,0.38,0.25,0.23,0.37,0.41,0.3,0.35
GWETTOP,1985,4.5,41.25,0.23,0.16,0.21,0.53,0.58,0.4,0.33,0.24,0.2,0.31,0.36,0.28,0.32
GWETTOP,1985,4.5,41.875,0.13,0.12,0.16,0.46,0.5,0.37,0.27,0.16,0.15,0.27,0.31,0.16,0.26
GWETTOP,1986,-0.5,34.375,0.43,0.36,0.58,0.73,0.85,0.76,0.62,0.49,0.43,0.56,0.77,0.85,0.62
GWETTOP,1986,-0.5,35.0,0.42,0.33,0.5,0.65,0.79,0.73,0.66,0.56,0.53,0.54,0.61,0.76,0.59
GWETTOP,1986,-0.5,35.625,0.45,0.39,0.44,0.58,0.68,0.64,0.62,0.59,0.57,0.54,0.56,0.66,0.56
GWETTOP,1986,-0.5,36.25,0.39,0.34,0.4,0.52,0.62,0.57,0.55,0.52,0.5,0.47,0.51,0.58,0.5
GWETTOP,1986,-0.5,36.875,0.44,0.37,0.44,0.57,0.66,0.62,0.58,0.54,0.5,0.47,0.55,0.59,0.53
GWETTOP,1986,-0.5,37.5,0.47,0.38,0.47,0.58,0.7,0.64,0.58,0.52,0.5,0.48,0.55,0.64,0.54
GWETTOP,1986,-0.5,38.125,0.38,0.3,0.41,0.51,0.54,0.45,0.34,0.3,0.28,0.31,0.5,0.6,0.41
GWETTOP,1986,-0.5,38.75,0.29,0.23,0.35,0.47,0.49,0.38,0.3,0.27,0.25,0.28,0.46,0.55,0.36
GWETTOP,1986,-0.5,39.375,0.23,0.17,0.25,0.42,0.48,0.42,0.32,0.29,0.27,0.27,0.39,0.45,0.33
GWETTOP,1986,-0.5,40.0,0.24,0.18,0.25,0.45,0.54,0.51,0.39,0.36,0.33,0.3,0.42,0.49,0.37
GWETTOP,1986,-0.5,40.625,0.23,0.17,0.22,0.44,0.62,0.64,0.53,0.47,0.42,0.37,0.41,0.5,0.42
GWETTOP,1986,-0.5,41.25,0.25,0.18,0.22,0.45,0.63,0.65,0.52,0.47,0.42,0.38,0.41,0.52,0.43
GWETTOP,1986,-0.5,41.875,0.23,0.16,0.21,0.43,0.59,0.67,0.53,0.46,0.36,0.33,0.37,0.49,0.4
GWETTOP,1986,-1.0,34.375,0.45,0.43,0.54,0.6,0.68,0.55,0.49,0.38,0.37,0.47,0.62,0.77,0.53
GWETTOP,1986,-1.0,35.0,0.51,0.47,0.54,0.63,0.74,0.66,0.58,0.52,0.51,0.52,0.62,0.78,0.59
GWETTOP,1986,-1.0,35.625,0.46,0.37,0.46,0.59,0.75,0.69,0.62,0.53,0.5,0.49,0.54,0.71,0.56
GWETTOP,1986,-1.0,36.25,0.36,0.31,0.35,0.5,0.71,0.66,0.58,0.47,0.42,0.38,0.44,0.62,0.48
GWETTOP,1986,-1.0,36.875,0.46,0.27,0.43,0.56,0.72,0.62,0.51,0.44,0.33,0.37,0.52,0.66,0.49
GWETTOP,1986,-1.0,37.5,0.46,0.3,0.44,0.56,0.71,0.64,0.55,0.46,0.41,0.4,0.52,0.65,0.51
GWETTOP,1986,-1.0,38.125,0.37,0.28,0.4,0.54,0.52,0.41,0.33,0.29,0.27,0.31,0.54,0.64,0.41
GWETTOP,1986,-1.0,38.75,0.29,0.22,0.35,0.52,0.5,0.36,0.27,0.25,0.25,0.29,0.51,0.61,0.37
GWETTOP,1986,-1.0,39.375,0.24,0.16,0.26,0.52,0.6,0.44,0.3,0.28,0.28,0.28,0.47,0.53,0.36
GWETTOP,1986,-1.0,40.0,0.28,0.2,0.3,0.57,0.64,0.57,0.4,0.37,0.36,0.34,0.53,0.6,0.43
GWETTOP,1986,-1.0,40.625,0.26,0.19,0.23,0.48,0.66,0.68,0.56,0.5,0.45,0.39,0.44,0.54,0.45
GWETTOP,1986,-1.0,41.25,0.27,0.19,0.22,0.46,0.66,0.74,0.61,0.51,0.46,0.4,0.43,0.52,0.46
GWETTOP,1986,-1.0,41.875,0.24,0.18,0.19,0.38,0.55,0.62,0.48,0.41,0.35,0.29,0.33,0.42,0.37
GWETTOP,1986,-1.5,34.375,0.44,0.44,0.59,0.61,0.69,0.54,0.35,0.25,0.3,0.5,0.66,0.79,0.51
GWETTOP,1986,-1.5,35.0,0.49,0.47,0.53,0.62,0.74,0.59,0.43,0.27,0.33,0.45,0.61,0.8,0.53
GWETTOP,1986,-1.5,35.625,0.48,0.43,0.45,0.58,0.77,0.63,0.51,0.42,0.34,0.38,0.52,0.74,0.52
GWETTOP,1986,-1.5,36.25,0.33,0.17,0.32,0.44,0.6,0.47,0.37,0.28,0.25,0.27,0.41,0.56,0.37
GWETTOP,1986,-1.5,36.875,0.42,0.24,0.46,0.62,0.74,0.61,0.37,0.28,0.3,0.37,0.61,0.72,0.48
GWETTOP,1986,-1.5,37.5,0.43,0.27,0.41,0.51,0.61,0.5,0.4,0.29,0.3,0.35,0.5,0.63,0.43
GWETTOP,1986,-1.5,38.125,0.42,0.35,0.4,0.48,0.49,0.44,0.4,0.35,0.32,0.35,0.48,0.56,0.42
GWETTOP,1986,-1.5,38.75,0.3,0.23,0.36,0.51,0.5,0.37,0.28,0.28,0.28,0.31,0.52,0.58,0.38
GWETTOP,1986,-1.5,39.375,0.25,0.18,0.31,0.54,0.56,0.46,0.33,0.31,0.3,0.31,0.51,0.54,0.38
GWETTOP,1986,-1.5,40.0,0.29,0.2,0.3,0.59,0.7,0.66,0.54,0.47,0.42,0.39,0.56,0.59,0.48
GWETTOP,1986,-1.5,40.625,0.3,0.2,0.25,0.51,0.67,0.71,0.59,0.52,0.47,0.41,0.47,0.55,0.47
GWETTOP,1986,-1.5,41.25,0.31,0.19,0.25,0.48,0.68,0.81,0.67,0.53,0.46,0.37,0.43,0.51,0.48
GWETTOP,1986,-1.5,41.875,0.57,0.52,0.52,0.64,0.76,0.82,0.72,0.65,0.62,0.59,0.61,0.66,0.64
GWETTOP,1986,-1.7975103014118005e-13,34.375,0.44,0.36,0.49,0.67,0.73,0.67,0.59,0.53,0.5,0.57,0.64,0.67,0.57
GWETTOP,1986,-1.7975103014118005e-13,35.0,0.49,0.41,0.51,0.68,0.77,0.74,0.72,0.7,0.67,0.67,0.67,0.73,0.65
GWETTOP,1986,-1.7975103014118005e-13,35.625,0.53,0.44,0.47,0.61,0.71,0.69,0.7,0.7,0.68,0.65,0.63,0.69,0.63
GWETTOP,1986,-1.7975103014118005e-13,36.25,0.34,0.29,0.4,0.52,0.61,0.57,0.59,0.58,0.52,0.48,0.49,0.57,0.5
GWETTOP,1986,-1.7975103014118005e-13,36.875,0.39,0.37,0.42,0.52,0.6,0.56,0.53,0.49,0.44,0.44,0.48,0.55,0.48
GWETTOP,1986,-1.7975103014118005e-13,37.5,0.44,0.41,0.46,0.57,0.67,0.6,0.56,0.52,0.47,0.47,0.53,0.62,0.53
GWETTOP,1986,-1.7975103014118005e-13,38.125,0.38,0.31,0.39,0.48,0.52,0.43,0.35,0.3,0.26,0.3,0.44,0.52,0.39
GWETTOP,1986,-1.7975103014118005e-13,38.75,0.29,0.23,0.32,0.41,0.42,0.36,0.3,0.25,0.22,0.26,0.38,0.43,0.32
GWETTOP,1986,-1.7975103014118005e-13,39.375,0.21,0.15,0.23,0.37,0.39,0.35,0.3,0.24,0.22,0.24,0.33,0.37,0.28
GWETTOP,1986,-1.7975103014118005e-13,40.0,0.2,0.15,0.22,0.37,0.43,0.41,0.35,0.31,0.26,0.27,0.33,0.38,0.31
GWETTOP,1986,-1.7975103014118005e-13,40.625,0.2,0.13,0.21,0.38,0.49,0.5,0.42,0.36,0.29,0.31,0.34,0.42,0.34
GWETTOP,1986,-1.7975103014118005e-13,41.25,0.21,0.15,0.23,0.4,0.52,0.52,0.41,0.37,0.31,0.34,0.36,0.45,0.36
GWETTOP,1986,-1.7975103014118005e-13,41.875,0.22,0.16,0.26,0.44,0.54,0.57,0.45,0.38,0.3,0.37,0.41,0.48,0.38
GWETTOP,1986,-2.0,34.375,0.47,0.41,0.58,0.59,0.68,0.44,0.28,0.22,0.24,0.45,0.67,0.76,0.48
GWETTOP,1986,-2.0,35.0,0.53,0.47,0.53,0.63,0.73,0.57,0.35,0.23,0.28,0.41,0.62,0.78,0.51
GWETTOP,1986,-2.0,35.625,0.52,0.46,0.48,0.6,0.71,0.57,0.48,0.3,0.28,0.36,0.56,0.75,0.51
GWETTOP,1986,-2.0,36.25,0.31,0.17,0.27,0.36,0.41,0.33,0.21,0.15,0.15,0.19,0.34,0.47,0.28
GWETTOP,1986,-2.0,36.875,0.44,0.27,0.42,0.58,0.65,0.53,0.26,0.23,0.25,0.33,0.57,0.7,0.44
GWETTOP,1986,-2.0,37.5,0.42,0.27,0.38,0.5,0.55,0.46,0.27,0.22,0.24,0.31,0.5,0.64,0.4
GWETTOP,1986,-2.0,38.125,0.39,0.31,0.36,0.44,0.44,0.39,0.32,0.3,0.29,0.31,0.45,0.54,0.38
GWETTOP,1986,-2.0,38.75,0.32,0.24,0.38,0.53,0.52,0.39,0.29,0.29,0.29,0.33,0.54,0.59,0.39
GWETTOP,1986,-2.0,39.375,0.29,0.21,0.36,0.58,0.61,0.54,0.41,0.38,0.36,0.35,0.56,0.59,0.44
GWETTOP,1986,-2.0,40.0,0.28,0.19,0.32,0.56,0.65,0.62,0.5,0.45,0.4,0.37,0.53,0.54,0.45
GWETTOP,1986,-2.0,40.625,0.3,0.2,0.27,0.51,0.67,0.75,0.62,0.52,0.46,0.41,0.47,0.51,0.48
GWETTOP,1986,-2.0,41.25,0.36,0.28,0.31,0.48,0.62,0.69,0.54,0.47,0.45,0.42,0.45,0.48,0.46
GWETTOP,1986,-2.0,41.875,0.62,0.58,0.58,0.68,0.78,0.81,0.71,0.67,0.66,0.64,0.66,0.69,0.67
GWETTOP,1986,-2.5,34.375,0.49,0.42,0.49,0.55,0.6,0.45,0.25,0.17,0.17,0.38,0.58,0.68,0.44
GWETTOP,1986,-2.5,35.0,0.53,0.47,0.48,0.6,0.71,0.56,0.4,0.2,0.2,0.33,0.58,0.78,0.49
GWETTOP,1986,-2.5,35.625,0.53,0.45,0.45,0.55,0.67,0.54,0.42,0.21,0.19,0.27,0.53,0.78,0.47
GWETTOP,1986,-2.5,36.25,0.43,0.29,0.31,0.44,0.49,0.42,0.29,0.2,0.15,0.19,0.4,0.58,0.35
GWETTOP,1986,-2.5,36.875,0.56,0.34,0.39,0.57,0.64,0.57,0.3,0.21,0.21,0.28,0.56,0.73,0.45
GWETTOP,1986,-2.5,37.5,0.54,0.34,0.4,0.56,0.64,0.55,0.33,0.22,0.24,0.29,0.56,0.75,0.45
GWETTOP,1986,-2.5,38.125,0.45,0.3,0.38,0.5,0.51,0.45,0.32,0.28,0.27,0.31,0.51,0.65,0.41
GWETTOP,1986,-2.5,38.75,0.36,0.25,0.37,0.53,0.55,0.43,0.3,0.3,0.31,0.33,0.53,0.66,0.41
GWETTOP,1986,-2.5,39.375,0.37,0.27,0.43,0.66,0.73,0.68,0.58,0.53,0.49,0.43,0.63,0.71,0.54
GWETTOP,1986,-2.5,40.0,0.3,0.22,0.32,0.5,0.61,0.58,0.47,0.42,0.39,0.36,0.45,0.48,0.43
GWETTOP,1986,-2.5,40.625,0.44,0.37,0.42,0.58,0.72,0.79,0.67,0.57,0.53,0.51,0.53,0.55,0.56
GWETTOP,1986,-2.5,41.25,1.0,1.0,1.0,1.0,1.0,1.0,1.0,1.0,1.0,1.0,1.0,1.0,1.0
GWETTOP,1986,-2.5,41.875,1.0,1.0,1.0,1.0,1.0,1.0,1.0,1.0,1.0,1.0,1.0,1.0,1.0
GWETTOP,1986,-3.0,34.375,0.53,0.47,0.49,0.56,0.57,0.46,0.23,0.16,0.17,0.33,0.51,0.66,0.43
GWETTOP,1986,-3.0,35.0,0.57,0.49,0.49,0.64,0.72,0.59,0.44,0.27,0.2,0.3,0.52,0.77,0.5
GWETTOP,1986,-3.0,35.625,0.63,0.52,0.51,0.71,0.82,0.75,0.59,0.49,0.39,0.32,0.54,0.83,0.59
GWETTOP,1986,-3.0,36.25,0.61,0.48,0.43,0.63,0.72,0.63,0.55,0.32,0.23,0.26,0.54,0.78,0.52
GWETTOP,1986,-3.0,36.875,0.69,0.56,0.5,0.73,0.87,0.84,0.67,0.55,0.36,0.33,0.63,0.85,0.63
GWETTOP,1986,-3.0,37.5,0.56,0.47,0.45,0.59,0.71,0.7,0.55,0.46,0.42,0.33,0.52,0.74,0.54
GWETTOP,1986,-3.0,38.125,0.47,0.33,0.37,0.49,0.52,0.49,0.38,0.34,0.33,0.32,0.47,0.66,0.43
GWETTOP,1986,-3.0,38.75,0.4,0.24,0.35,0.53,0.57,0.47,0.32,0.33,0.33,0.33,0.5,0.69,0.42
GWETTOP,1986,-3.0,39.375,0.42,0.29,0.43,0.66,0.75,0.71,0.61,0.57,0.54,0.46,0.6,0.71,0.56
GWETTOP,1986,-3.0,40.0,0.35,0.26,0.34,0.47,0.61,0.58,0.47,0.42,0.39,0.36,0.42,0.48,0.43
GWETTOP,1986,-3.0,40.625,0.75,0.73,0.75,0.8,0.88,0.92,0.86,0.8,0.77,0.76,0.77,0.78,0.8
GWETTOP,1986,-3.0,41.25,1.0,1.0,1.0,1.0,1.0,1.0,1.0,1.0,1.0,1.0,1.0,1.0,1.0
GWETTOP,1986,-3.0,41.875,1.0,1.0,1.0,1.0,1.0,1.0,1.0,1.0,1.0,1.0,1.0,1.0,1.0
GWETTOP,1986,-3.5,34.375,0.54,0.47,0.48,0.51,0.5,0.35,0.18,0.15,0.16,0.31,0.44,0.63,0.39
GWETTOP,1986,-3.5,35.0,0.57,0.48,0.48,0.55,0.57,0.48,0.37,0.23,0.2,0.29,0.46,0.69,0.45
GWETTOP,1986,-3.5,35.625,0.57,0.49,0.51,0.6,0.63,0.55,0.49,0.44,0.32,0.3,0.5,0.69,0.51
GWETTOP,1986,-3.5,36.25,0.54,0.43,0.45,0.59,0.62,0.56,0.47,0.29,0.21,0.25,0.47,0.67,0.46
GWETTOP,1986,-3.5,36.875,0.52,0.4,0.43,0.61,0.7,0.67,0.53,0.46,0.27,0.29,0.5,0.62,0.5
GWETTOP,1986,-3.5,37.5,0.46,0.32,0.37,0.55,0.62,0.6,0.51,0.46,0.34,0.3,0.47,0.52,0.46
GWETTOP,1986,-3.5,38.125,0.44,0.25,0.35,0.51,0.55,0.47,0.38,0.36,0.34,0.33,0.47,0.63,0.42
GWETTOP,1986,-3.5,38.75,0.46,0.31,0.39,0.53,0.57,0.51,0.43,0.41,0.4,0.37,0.5,0.65,0.46
GWETTOP,1986,-3.5,39.375,0.42,0.29,0.44,0.65,0.74,0.71,0.62,0.58,0.55,0.46,0.58,0.68,0.56
GWETTOP,1986,-3.5,40.0,0.5,0.42,0.5,0.62,0.71,0.67,0.59,0.57,0.54,0.5,0.57,0.64,0.57
GWETTOP,1986,-3.5,40.625,0.92,0.91,0.92,0.93,0.96,0.98,0.96,0.94,0.93,0.92,0.92,0.93,0.94
GWETTOP,1986,-3.5,41.25,1.0,1.0,1.0,1.0,1.0,1.0,1.0,1.0,1.0,1.0,1.0,1.0,1.0
GWETTOP,1986,-3.5,41.875,1.0,1.0,1.0,1.0,1.0,1.0,1.0,1.0,1.0,1.0,1.0,1.0,1.0
GWETTOP,1986,-4.0,34.375,0.54,0.46,0.46,0.48,0.44,0.27,0.18,0.16,0.15,0.29,0.34,0.61,0.36
GWETTOP,1986,-4.0,35.0,0.63,0.53,0.54,0.59,0.57,0.49,0.36,0.3,0.25,0.33,0.45,0.68,0.48
GWETTOP,1986,-4.0,35.625,0.59,0.52,0.53,0.6,0.6,0.55,0.51,0.47,0.39,0.37,0.49,0.65,0.52
GWETTOP,1986,-4.0,36.25,0.54,0.45,0.48,0.59,0.58,0.52,0.47,0.37,0.26,0.29,0.47,0.61,0.47
GWETTOP,1986,-4.0,36.875,0.53,0.43,0.48,0.61,0.63,0.57,0.5,0.45,0.34,0.34,0.5,0.58,0.5
GWETTOP,1986,-4.0,37.5,0.52,0.36,0.46,0.59,0.6,0.55,0.48,0.42,0.34,0.35,0.5,0.57,0.48
GWETTOP,1986,-4.0,38.125,0.54,0.31,0.43,0.59,0.62,0.53,0.42,0.38,0.37,0.36,0.52,0.65,0.48
GWETTOP,1986,-4.0,38.75,0.46,0.27,0.42,0.59,0.64,0.53,0.45,0.42,0.41,0.38,0.52,0.64,0.48
GWETTOP,1986,-4.0,39.375,0.36,0.25,0.38,0.58,0.68,0.62,0.51,0.47,0.43,0.38,0.48,0.55,0.48
GWETTOP,1986,-4.0,40.0,0.51,0.48,0.52,0.63,0.7,0.64,0.56,0.55,0.53,0.51,0.57,0.63,0.57
GWETTOP,1986,-4.0,40.625,1.0,1.0,1.0,1.0,1.0,1.0,1.0,1.0,1.0,1.0,1.0,1.0,1.0
GWETTOP,1986,-4.0,41.25,1.0,1.0,1.0,1.0,1.0,1.0,1.0,1.0,1.0,1.0,1.0,1.0,1.0
GWETTOP,1986,-4.0,41.875,1.0,1.0,1.0,1.0,1.0,1.0,1.0,1.0,1.0,1.0,1.0,1.0,1.0
GWETTOP,1986,-4.5,34.375,0.5,0.39,0.42,0.44,0.39,0.3,0.25,0.23,0.2,0.29,0.31,0.56,0.36
GWETTOP,1986,-4.5,35.0,0.59,0.44,0.48,0.56,0.52,0.42,0.35,0.33,0.28,0.34,0.41,0.62,0.45
GWETTOP,1986,-4.5,35.625,0.55,0.44,0.47,0.58,0.55,0.47,0.43,0.41,0.36,0.35,0.44,0.58,0.47
GWETTOP,1986,-4.5,36.25,0.56,0.43,0.48,0.6,0.56,0.49,0.46,0.39,0.31,0.34,0.48,0.59,0.47
GWETTOP,1986,-4.5,36.875,0.55,0.42,0.49,0.63,0.61,0.54,0.48,0.46,0.39,0.39,0.52,0.58,0.51
GWETTOP,1986,-4.5,37.5,0.54,0.39,0.49,0.63,0.61,0.56,0.5,0.47,0.4,0.4,0.52,0.58,0.51
GWETTOP,1986,-4.5,38.125,0.63,0.44,0.55,0.69,0.72,0.68,0.62,0.54,0.51,0.48,0.61,0.7,0.6
GWETTOP,1986,-4.5,38.75,0.59,0.43,0.53,0.68,0.73,0.69,0.61,0.55,0.51,0.48,0.6,0.69,0.59
GWETTOP,1986,-4.5,39.375,0.4,0.32,0.4,0.55,0.62,0.55,0.46,0.43,0.4,0.38,0.45,0.51,0.46
GWETTOP,1986,-4.5,40.0,0.95,0.94,0.95,0.96,0.96,0.96,0.95,0.95,0.95,0.95,0.95,0.95,0.95
GWETTOP,1986,-4.5,40.625,1.0,1.0,1.0,1.0,1.0,1.0,1.0,1.0,1.0,1.0,1.0,1.0,1.0
GWETTOP,1986,-4.5,41.25,1.0,1.0,1.0,1.0,1.0,1.0,1.0,1.0,1.0,1.0,1.0,1.0,1.0
GWETTOP,1986,-4.5,41.875,1.0,1.0,1.0,1.0,1.0,1.0,1.0,1.0,1.0,1.0,1.0,1.0,1.0
GWETTOP,1986,0.5,34.375,0.44,0.39,0.45,0.6,0.65,0.6,0.6,0.61,0.6,0.59,0.54,0.55,0.55
GWETTOP,1986,0.5,35.0,0.53,0.44,0.47,0.63,0.72,0.7,0.73,0.75,0.75,0.71,0.66,0.68,0.65
GWETTOP,1986,0.5,35.625,0.4,0.29,0.38,0.54,0.66,0.62,0.64,0.67,0.63,0.55,0.49,0.56,0.54
GWETTOP,1986,0.5,36.25,0.21,0.15,0.32,0.42,0.53,0.5,0.54,0.55,0.47,0.4,0.37,0.47,0.41
GWETTOP,1986,0.5,36.875,0.32,0.25,0.45,0.53,0.59,0.55,0.57,0.56,0.46,0.39,0.45,0.58,0.48
GWETTOP,1986,0.5,37.5,0.3,0.22,0.35,0.42,0.46,0.41,0.39,0.34,0.27,0.28,0.38,0.46,0.36
GWETTOP,1986,0.5,38.125,0.33,0.24,0.33,0.42,0.43,0.36,0.32,0.24,0.19,0.26,0.37,0.41,0.33
GWETTOP,1986,0.5,38.75,0.26,0.18,0.29,0.39,0.4,0.35,0.3,0.2,0.17,0.23,0.33,0.38,0.29
GWETTOP,1986,0.5,39.375,0.18,0.14,0.24,0.39,0.42,0.35,0.28,0.19,0.19,0.24,0.32,0.38,0.28
GWETTOP,1986,0.5,40.0,0.17,0.12,0.21,0.37,0.4,0.37,0.3,0.2,0.19,0.24,0.31,0.37,0.27
GWETTOP,1986,0.5,40.625,0.17,0.12,0.21,0.35,0.38,0.37,0.29,0.21,0.18,0.25,0.32,0.37,0.27
GWETTOP,1986,0.5,41.25,0.17,0.13,0.22,0.36,0.39,0.38,0.3,0.25,0.21,0.29,0.34,0.39,0.29
GWETTOP,1986,0.5,41.875,0.18,0.14,0.25,0.39,0.41,0.4,0.31,0.25,0.22,0.33,0.37,0.42,0.31
GWETTOP,1986,1.0,34.375,0.6,0.5,0.5,0.62,0.72,0.72,0.73,0.76,0.78,0.75,0.7,0.69,0.67
GWETTOP,1986,1.0,35.0,0.5,0.38,0.44,0.6,0.77,0.76,0.79,0.83,0.83,0.77,0.69,0.69,0.67
GWETTOP,1986,1.0,35.625,0.22,0.13,0.33,0.48,0.66,0.56,0.57,0.62,0.52,0.41,0.39,0.48,0.45
GWETTOP,1986,1.0,36.25,0.16,0.11,0.26,0.33,0.43,0.4,0.42,0.42,0.35,0.26,0.29,0.39,0.32
GWETTOP,1986,1.0,36.875,0.27,0.15,0.32,0.38,0.42,0.39,0.4,0.39,0.35,0.31,0.33,0.4,0.34
GWETTOP,1986,1.0,37.5,0.29,0.17,0.32,0.38,0.39,0.36,0.32,0.25,0.17,0.22,0.33,0.41,0.3
GWETTOP,1986,1.0,38.125,0.24,0.17,0.29,0.37,0.36,0.33,0.25,0.18,0.14,0.19,0.32,0.37,0.27
GWETTOP,1986,1.0,38.75,0.19,0.15,0.27,0.37,0.37,0.32,0.24,0.18,0.17,0.2,0.31,0.38,0.26
GWETTOP,1986,1.0,39.375,0.15,0.13,0.23,0.39,0.42,0.34,0.24,0.16,0.19,0.22,0.32,0.4,0.27
GWETTOP,1986,1.0,40.0,0.15,0.12,0.21,0.36,0.38,0.34,0.26,0.16,0.18,0.23,0.3,0.38,0.26
GWETTOP,1986,1.0,40.625,0.15,0.11,0.21,0.36,0.36,0.34,0.24,0.16,0.15,0.24,0.32,0.4,0.25
GWETTOP,1986,1.0,41.25,0.16,0.12,0.25,0.4,0.38,0.37,0.26,0.18,0.17,0.29,0.35,0.43,0.28
GWETTOP,1986,1.0,41.875,0.15,0.12,0.25,0.35,0.34,0.36,0.25,0.18,0.16,0.29,0.35,0.39,0.27
GWETTOP,1986,1.5,34.375,0.29,0.22,0.3,0.49,0.65,0.62,0.62,0.64,0.6,0.52,0.46,0.47,0.49
GWETTOP,1986,1.5,35.0,0.23,0.13,0.32,0.47,0.64,0.6,0.61,0.65,0.58,0.47,0.41,0.46,0.47
GWETTOP,1986,1.5,35.625,0.12,0.1,0.24,0.37,0.46,0.41,0.41,0.42,0.36,0.29,0.29,0.37,0.32
GWETTOP,1986,1.5,36.25,0.12,0.09,0.21,0.3,0.39,0.36,0.35,0.32,0.22,0.15,0.23,0.35,0.26
GWETTOP,1986,1.5,36.875,0.24,0.18,0.31,0.38,0.4,0.36,0.34,0.3,0.19,0.23,0.31,0.39,0.3
GWETTOP,1986,1.5,37.5,0.2,0.16,0.29,0.36,0.38,0.34,0.31,0.23,0.16,0.2,0.3,0.37,0.28
GWETTOP,1986,1.5,38.125,0.21,0.17,0.28,0.4,0.36,0.31,0.25,0.2,0.17,0.21,0.32,0.38,0.27
GWETTOP,1986,1.5,38.75,0.19,0.17,0.32,0.47,0.45,0.35,0.27,0.23,0.22,0.25,0.38,0.46,0.31
GWETTOP,1986,1.5,39.375,0.14,0.12,0.23,0.39,0.41,0.35,0.27,0.17,0.19,0.22,0.32,0.41,0.27
GWETTOP,1986,1.5,40.0,0.14,0.12,0.23,0.4,0.43,0.37,0.27,0.17,0.2,0.22,0.33,0.42,0.28
GWETTOP,1986,1.5,40.625,0.15,0.11,0.23,0.4,0.38,0.35,0.24,0.16,0.16,0.25,0.35,0.47,0.27
GWETTOP,1986,1.5,41.25,0.13,0.1,0.22,0.32,0.33,0.33,0.21,0.14,0.14,0.23,0.3,0.37,0.24
GWETTOP,1986,1.5,41.875,0.14,0.11,0.26,0.33,0.33,0.35,0.22,0.16,0.15,0.27,0.33,0.39,0.25
GWETTOP,1986,2.0,34.375,0.22,0.18,0.25,0.41,0.54,0.53,0.53,0.53,0.49,0.41,0.35,0.38,0.4
GWETTOP,1986,2.0,35.0,0.14,0.11,0.26,0.39,0.5,0.49,0.48,0.48,0.42,0.33,0.31,0.39,0.36
GWETTOP,1986,2.0,35.625,0.11,0.09,0.21,0.32,0.4,0.38,0.36,0.33,0.24,0.17,0.23,0.33,0.27
GWETTOP,1986,2.0,36.25,0.11,0.09,0.23,0.31,0.37,0.31,0.24,0.21,0.15,0.12,0.22,0.32,0.22
GWETTOP,1986,2.0,36.875,0.17,0.15,0.31,0.38,0.38,0.34,0.28,0.21,0.15,0.19,0.3,0.38,0.27
GWETTOP,1986,2.0,37.5,0.17,0.15,0.3,0.38,0.38,0.33,0.24,0.17,0.13,0.19,0.3,0.38,0.26
GWETTOP,1986,2.0,38.125,0.2,0.16,0.31,0.45,0.44,0.36,0.29,0.21,0.18,0.24,0.36,0.43,0.3
GWETTOP,1986,2.0,38.75,0.18,0.16,0.3,0.44,0.44,0.36,0.31,0.23,0.2,0.24,0.36,0.42,0.3
GWETTOP,1986,2.0,39.375,0.14,0.11,0.24,0.39,0.43,0.36,0.3,0.19,0.19,0.23,0.32,0.41,0.28
GWETTOP,1986,2.0,40.0,0.14,0.12,0.24,0.42,0.47,0.39,0.32,0.2,0.2,0.24,0.35,0.44,0.3
GWETTOP,1986,2.0,40.625,0.19,0.14,0.3,0.5,0.46,0.41,0.28,0.2,0.2,0.32,0.44,0.59,0.34
GWETTOP,1986,2.0,41.25,0.15,0.11,0.24,0.39,0.35,0.35,0.23,0.16,0.15,0.25,0.35,0.45,0.27
GWETTOP,1986,2.0,41.875,0.18,0.13,0.27,0.35,0.37,0.4,0.25,0.19,0.17,0.32,0.37,0.44,0.29
GWETTOP,1986,2.5,34.375,0.19,0.17,0.28,0.41,0.5,0.5,0.48,0.48,0.41,0.36,0.34,0.36,0.37
GWETTOP,1986,2.5,35.0,0.14,0.11,0.28,0.37,0.46,0.46,0.44,0.42,0.37,0.28,0.29,0.35,0.33
GWETTOP,1986,2.5,35.625,0.11,0.09,0.25,0.32,0.39,0.38,0.35,0.29,0.2,0.14,0.22,0.31,0.26
GWETTOP,1986,2.5,36.25,0.12,0.1,0.28,0.33,0.36,0.3,0.19,0.17,0.13,0.12,0.23,0.31,0.22
GWETTOP,1986,2.5,36.875,0.14,0.12,0.33,0.38,0.37,0.32,0.21,0.17,0.13,0.15,0.28,0.37,0.25
GWETTOP,1986,2.5,37.5,0.14,0.13,0.34,0.41,0.41,0.32,0.21,0.16,0.13,0.19,0.31,0.4,0.26
GWETTOP,1986,2.5,38.125,0.17,0.14,0.33,0.47,0.47,0.38,0.3,0.19,0.17,0.25,0.36,0.45,0.31
GWETTOP,1986,2.5,38.75,0.15,0.13,0.31,0.46,0.47,0.38,0.3,0.2,0.18,0.24,0.36,0.44,0.3
GWETTOP,1986,2.5,39.375,0.13,0.12,0.27,0.44,0.49,0.39,0.33,0.21,0.19,0.25,0.35,0.43,0.3
GWETTOP,1986,2.5,40.0,0.14,0.12,0.28,0.47,0.53,0.43,0.34,0.24,0.21,0.27,0.37,0.47,0.32
GWETTOP,1986,2.5,40.625,0.18,0.14,0.27,0.49,0.52,0.43,0.28,0.2,0.21,0.33,0.41,0.51,0.33
GWETTOP,1986,2.5,41.25,0.12,0.09,0.18,0.32,0.31,0.26,0.2,0.17,0.16,0.23,0.26,0.29,0.22
GWETTOP,1986,2.5,41.875,0.14,0.1,0.18,0.32,0.33,0.29,0.23,0.2,0.2,0.26,0.27,0.29,0.23
GWETTOP,1986,3.0,34.375,0.16,0.13,0.33,0.46,0.55,0.56,0.54,0.53,0.47,0.41,0.35,0.37,0.41
GWETTOP,1986,3.0,35.0,0.13,0.1,0.31,0.37,0.46,0.46,0.42,0.39,0.33,0.24,0.26,0.34,0.32
GWETTOP,1986,3.0,35.625,0.12,0.1,0.3,0.33,0.39,0.38,0.33,0.26,0.15,0.13,0.23,0.32,0.25
GWETTOP,1986,3.0,36.25,0.12,0.11,0.35,0.38,0.36,0.32,0.18,0.15,0.11,0.15,0.25,0.34,0.24
GWETTOP,1986,3.0,36.875,0.12,0.12,0.34,0.39,0.37,0.33,0.21,0.15,0.12,0.16,0.26,0.35,0.24
GWETTOP,1986,3.0,37.5,0.1,0.1,0.31,0.42,0.38,0.29,0.17,0.12,0.1,0.16,0.28,0.37,0.23
GWETTOP,1986,3.0,38.125,0.13,0.13,0.33,0.48,0.51,0.41,0.33,0.21,0.16,0.24,0.35,0.46,0.31
GWETTOP,1986,3.0,38.75,0.14,0.14,0.35,0.55,0.58,0.44,0.35,0.21,0.19,0.27,0.39,0.5,0.34
GWETTOP,1986,3.0,39.375,0.13,0.12,0.3,0.5,0.56,0.42,0.35,0.26,0.21,0.27,0.37,0.43,0.33
GWETTOP,1986,3.0,40.0,0.14,0.13,0.3,0.52,0.59,0.46,0.36,0.26,0.22,0.29,0.39,0.46,0.34
GWETTOP,1986,3.0,40.625,0.16,0.13,0.24,0.45,0.48,0.42,0.28,0.2,0.21,0.31,0.37,0.41,0.31
GWETTOP,1986,3.0,41.25,0.15,0.11,0.19,0.37,0.38,0.31,0.23,0.18,0.18,0.27,0.29,0.31,0.25
GWETTOP,1986,3.0,41.875,0.13,0.09,0.17,0.33,0.35,0.31,0.25,0.18,0.16,0.25,0.28,0.29,0.23
GWETTOP,1986,3.5,34.375,0.14,0.13,0.33,0.42,0.49,0.49,0.47,0.45,0.38,0.36,0.35,0.35,0.36
GWETTOP,1986,3.5,35.0,0.12,0.1,0.32,0.38,0.44,0.43,0.39,0.37,0.29,0.22,0.26,0.33,0.31
GWETTOP,1986,3.5,35.625,0.11,0.1,0.32,0.36,0.4,0.37,0.31,0.24,0.14,0.15,0.23,0.31,0.25
GWETTOP,1986,3.5,36.25,0.11,0.1,0.34,0.4,0.39,0.34,0.21,0.16,0.12,0.17,0.25,0.33,0.24
GWETTOP,1986,3.5,36.875,0.11,0.12,0.35,0.43,0.42,0.36,0.29,0.17,0.13,0.19,0.27,0.35,0.27
GWETTOP,1986,3.5,37.5,0.12,0.13,0.39,0.51,0.48,0.39,0.27,0.2,0.15,0.23,0.31,0.4,0.3
GWETTOP,1986,3.5,38.125,0.15,0.14,0.34,0.57,0.6,0.46,0.38,0.31,0.23,0.28,0.37,0.43,0.36
GWETTOP,1986,3.5,38.75,0.17,0.13,0.33,0.59,0.63,0.47,0.39,0.32,0.27,0.3,0.38,0.42,0.37
GWETTOP,1986,3.5,39.375,0.19,0.14,0.34,0.62,0.69,0.54,0.44,0.35,0.31,0.34,0.42,0.47,0.41
GWETTOP,1986,3.5,40.0,0.16,0.13,0.29,0.57,0.62,0.48,0.36,0.28,0.24,0.33,0.42,0.45,0.36
GWETTOP,1986,3.5,40.625,0.19,0.15,0.29,0.59,0.62,0.53,0.32,0.21,0.24,0.4,0.51,0.52,0.38
GWETTOP,1986,3.5,41.25,0.16,0.13,0.2,0.42,0.42,0.35,0.24,0.19,0.19,0.3,0.35,0.34,0.27
GWETTOP,1986,3.5,41.875,0.11,0.08,0.14,0.3,0.3,0.24,0.18,0.14,0.13,0.22,0.25,0.23,0.19
GWETTOP,1986,4.0,34.375,0.16,0.17,0.39,0.49,0.54,0.55,0.53,0.49,0.38,0.39,0.41,0.4,0.41
GWETTOP,1986,4.0,35.0,0.13,0.13,0.37,0.46,0.52,0.49,0.45,0.38,0.25,0.24,0.31,0.37,0.34
GWETTOP,1986,4.0,35.625,0.11,0.12,0.33,0.39,0.43,0.39,0.33,0.28,0.16,0.19,0.24,0.32,0.28
GWETTOP,1986,4.0,36.25,0.1,0.11,0.34,0.4,0.41,0.35,0.24,0.18,0.15,0.21,0.24,0.31,0.25
GWETTOP,1986,4.0,36.875,0.1,0.11,0.36,0.45,0.44,0.37,0.33,0.21,0.18,0.25,0.27,0.34,0.29
GWETTOP,1986,4.0,37.5,0.11,0.11,0.36,0.5,0.48,0.4,0.33,0.23,0.2,0.28,0.3,0.36,0.31
GWETTOP,1986,4.0,38.125,0.22,0.15,0.32,0.64,0.65,0.53,0.45,0.36,0.33,0.4,0.41,0.44,0.41
GWETTOP,1986,4.0,38.75,0.21,0.17,0.38,0.74,0.78,0.67,0.61,0.42,0.36,0.47,0.51,0.6,0.5
GWETTOP,1986,4.0,39.375,0.22,0.17,0.41,0.78,0.8,0.69,0.6,0.4,0.37,0.49,0.56,0.63,0.51
GWETTOP,1986,4.0,40.0,0.17,0.14,0.31,0.66,0.67,0.54,0.45,0.29,0.28,0.42,0.49,0.49,0.41
GWETTOP,1986,4.0,40.625,0.18,0.15,0.29,0.63,0.63,0.53,0.35,0.23,0.24,0.43,0.54,0.53,0.4
GWETTOP,1986,4.0,41.25,0.13,0.11,0.2,0.42,0.42,0.36,0.28,0.18,0.16,0.3,0.37,0.36,0.27
GWETTOP,1986,4.0,41.875,0.11,0.09,0.15,0.33,0.34,0.3,0.21,0.15,0.13,0.24,0.31,0.28,0.22
GWETTOP,1986,4.5,34.375,0.21,0.21,0.47,0.61,0.58,0.64,0.59,0.47,0.39,0.44,0.48,0.43,0.46
GWETTOP,1986,4.5,35.0,0.15,0.19,0.44,0.52,0.57,0.53,0.48,0.4,0.27,0.3,0.37,0.39,0.39
GWETTOP,1986,4.5,35.625,0.1,0.16,0.34,0.41,0.45,0.4,0.36,0.32,0.21,0.25,0.26,0.32,0.3
GWETTOP,1986,4.5,36.25,0.09,0.14,0.31,0.4,0.42,0.36,0.3,0.24,0.2,0.27,0.25,0.29,0.27
GWETTOP,1986,4.5,36.875,0.09,0.14,0.31,0.42,0.44,0.39,0.35,0.29,0.27,0.31,0.27,0.31,0.3
GWETTOP,1986,4.5,37.5,0.14,0.18,0.35,0.59,0.59,0.53,0.44,0.34,0.37,0.44,0.37,0.4,0.4
GWETTOP,1986,4.5,38.125,0.22,0.17,0.35,0.69,0.73,0.65,0.58,0.45,0.41,0.51,0.48,0.56,0.49
GWETTOP,1986,4.5,38.75,0.22,0.16,0.32,0.67,0.71,0.61,0.55,0.4,0.38,0.49,0.46,0.54,0.46
GWETTOP,1986,4.5,39.375,0.2,0.14,0.3,0.62,0.61,0.53,0.46,0.32,0.33,0.43,0.46,0.49,0.41
GWETTOP,1986,4.5,40.0,0.18,0.12,0.25,0.55,0.54,0.46,0.4,0.28,0.29,0.38,0.41,0.43,0.36
GWETTOP,1986,4.5,40.625,0.15,0.11,0.23,0.52,0.51,0.43,0.36,0.21,0.23,0.39,0.42,0.41,0.33
GWETTOP,1986,4.5,41.25,0.14,0.11,0.21,0.45,0.45,0.38,0.33,0.22,0.19,0.31,0.37,0.37,0.3
GWETTOP,1986,4.5,41.875,0.11,0.09,0.16,0.38,0.39,0.34,0.22,0.15,0.14,0.26,0.34,0.3,0.24
GWETTOP,1987,-0.5,34.375,0.82,0.81,0.83,0.83,0.88,0.92,0.8,0.63,0.53,0.48,0.64,0.52,0.72
GWETTOP,1987,-0.5,35.0,0.71,0.68,0.73,0.77,0.82,0.86,0.8,0.7,0.62,0.56,0.61,0.51,0.7
GWETTOP,1987,-0.5,35.625,0.58,0.55,0.58,0.61,0.68,0.71,0.69,0.65,0.61,0.57,0.59,0.52,0.61
GWETTOP,1987,-0.5,36.25,0.48,0.43,0.45,0.5,0.54,0.57,0.54,0.51,0.46,0.44,0.51,0.43,0.49
GWETTOP,1987,-0.5,36.875,0.49,0.41,0.46,0.6,0.61,0.62,0.57,0.54,0.46,0.46,0.57,0.51,0.53
GWETTOP,1987,-0.5,37.5,0.52,0.47,0.49,0.6,0.6,0.62,0.56,0.53,0.47,0.47,0.56,0.52,0.53
GWETTOP,1987,-0.5,38.125,0.48,0.38,0.36,0.5,0.47,0.42,0.33,0.34,0.25,0.23,0.47,0.42,0.39
GWETTOP,1987,-0.5,38.75,0.38,0.29,0.29,0.44,0.41,0.37,0.29,0.31,0.23,0.21,0.43,0.34,0.33
GWETTOP,1987,-0.5,39.375,0.3,0.22,0.22,0.35,0.42,0.35,0.3,0.37,0.24,0.21,0.36,0.27,0.3
GWETTOP,1987,-0.5,40.0,0.34,0.25,0.24,0.38,0.47,0.39,0.34,0.42,0.28,0.23,0.39,0.29,0.34
GWETTOP,1987,-0.5,40.625,0.35,0.25,0.24,0.4,0.54,0.49,0.45,0.52,0.39,0.3,0.33,0.3,0.38
GWETTOP,1987,-0.5,41.25,0.35,0.26,0.25,0.41,0.55,0.49,0.45,0.53,0.39,0.3,0.31,0.31,0.38
GWETTOP,1987,-0.5,41.875,0.32,0.23,0.21,0.4,0.56,0.5,0.48,0.52,0.42,0.29,0.31,0.29,0.38
GWETTOP,1987,-1.0,34.375,0.79,0.8,0.81,0.79,0.78,0.82,0.7,0.55,0.48,0.44,0.52,0.5,0.66
GWETTOP,1987,-1.0,35.0,0.78,0.78,0.82,0.84,0.85,0.86,0.79,0.7,0.61,0.55,0.57,0.52,0.72
GWETTOP,1987,-1.0,35.625,0.65,0.61,0.66,0.74,0.79,0.78,0.73,0.66,0.57,0.51,0.52,0.47,0.64
GWETTOP,1987,-1.0,36.25,0.51,0.41,0.44,0.52,0.58,0.6,0.54,0.47,0.4,0.37,0.41,0.36,0.47
GWETTOP,1987,-1.0,36.875,0.52,0.45,0.43,0.55,0.55,0.57,0.5,0.47,0.33,0.4,0.5,0.49,0.48
GWETTOP,1987,-1.0,37.5,0.52,0.46,0.46,0.55,0.56,0.57,0.51,0.48,0.39,0.4,0.51,0.49,0.49
GWETTOP,1987,-1.0,38.125,0.43,0.35,0.35,0.51,0.47,0.39,0.33,0.36,0.25,0.23,0.48,0.43,0.38
GWETTOP,1987,-1.0,38.75,0.37,0.28,0.29,0.48,0.44,0.36,0.29,0.34,0.23,0.22,0.47,0.35,0.34
GWETTOP,1987,-1.0,39.375,0.29,0.21,0.21,0.43,0.51,0.38,0.32,0.43,0.25,0.22,0.42,0.29,0.33
GWETTOP,1987,-1.0,40.0,0.36,0.26,0.27,0.49,0.59,0.44,0.37,0.49,0.3,0.26,0.48,0.33,0.39
GWETTOP,1987,-1.0,40.625,0.37,0.28,0.26,0.46,0.59,0.52,0.47,0.56,0.43,0.33,0.35,0.32,0.41
GWETTOP,1987,-1.0,41.25,0.38,0.28,0.25,0.45,0.57,0.51,0.48,0.55,0.45,0.35,0.33,0.32,0.41
GWETTOP,1987,-1.0,41.875,0.32,0.24,0.22,0.37,0.5,0.43,0.41,0.45,0.37,0.29,0.27,0.27,0.35
GWETTOP,1987,-1.5,34.375,0.81,0.79,0.78,0.76,0.7,0.7,0.52,0.36,0.32,0.34,0.52,0.49,0.59
GWETTOP,1987,-1.5,35.0,0.79,0.76,0.8,0.85,0.81,0.75,0.6,0.47,0.36,0.36,0.48,0.38,0.62
GWETTOP,1987,-1.5,35.625,0.66,0.58,0.67,0.79,0.81,0.74,0.58,0.5,0.43,0.36,0.45,0.34,0.58
GWETTOP,1987,-1.5,36.25,0.43,0.36,0.38,0.45,0.47,0.47,0.38,0.36,0.24,0.26,0.34,0.25,0.37
GWETTOP,1987,-1.5,36.875,0.58,0.35,0.49,0.64,0.63,0.62,0.41,0.43,0.29,0.4,0.56,0.5,0.49
GWETTOP,1987,-1.5,37.5,0.5,0.38,0.42,0.56,0.53,0.5,0.42,0.39,0.28,0.37,0.47,0.47,0.44
GWETTOP,1987,-1.5,38.125,0.46,0.42,0.4,0.49,0.48,0.43,0.41,0.41,0.32,0.3,0.44,0.42,0.41
GWETTOP,1987,-1.5,38.75,0.38,0.3,0.31,0.49,0.49,0.34,0.32,0.38,0.26,0.24,0.46,0.36,0.36
GWETTOP,1987,-1.5,39.375,0.32,0.24,0.25,0.47,0.53,0.39,0.34,0.43,0.26,0.24,0.45,0.31,0.35
GWETTOP,1987,-1.5,40.0,0.36,0.28,0.27,0.54,0.65,0.56,0.47,0.58,0.39,0.32,0.48,0.34,0.44
GWETTOP,1987,-1.5,40.625,0.39,0.29,0.26,0.5,0.64,0.55,0.51,0.58,0.47,0.37,0.38,0.35,0.44
GWETTOP,1987,-1.5,41.25,0.4,0.28,0.23,0.48,0.64,0.55,0.5,0.57,0.47,0.37,0.32,0.32,0.43
GWETTOP,1987,-1.5,41.875,0.62,0.58,0.53,0.63,0.74,0.67,0.65,0.68,0.63,0.6,0.57,0.57,0.62
GWETTOP,1987,-1.7975103014118005e-13,34.375,0.62,0.63,0.68,0.71,0.79,0.84,0.76,0.67,0.61,0.57,0.64,0.51,0.67
GWETTOP,1987,-1.7975103014118005e-13,35.0,0.67,0.65,0.7,0.76,0.84,0.88,0.84,0.79,0.75,0.69,0.71,0.6,0.74
GWETTOP,1987,-1.7975103014118005e-13,35.625,0.63,0.58,0.6,0.67,0.75,0.81,0.79,0.78,0.75,0.69,0.69,0.61,0.7
GWETTOP,1987,-1.7975103014118005e-13,36.25,0.48,0.43,0.44,0.5,0.53,0.61,0.56,0.55,0.48,0.45,0.49,0.41,0.49
GWETTOP,1987,-1.7975103014118005e-13,36.875,0.46,0.4,0.47,0.66,0.64,0.66,0.59,0.55,0.48,0.45,0.51,0.47,0.53
GWETTOP,1987,-1.7975103014118005e-13,37.5,0.52,0.45,0.5,0.72,0.71,0.7,0.62,0.57,0.49,0.45,0.53,0.51,0.56
GWETTOP,1987,-1.7975103014118005e-13,38.125,0.44,0.36,0.34,0.49,0.48,0.44,0.35,0.33,0.25,0.21,0.4,0.38,0.37
GWETTOP,1987,-1.7975103014118005e-13,38.75,0.36,0.28,0.27,0.39,0.39,0.36,0.3,0.29,0.2,0.17,0.34,0.31,0.31
GWETTOP,1987,-1.7975103014118005e-13,39.375,0.3,0.2,0.19,0.3,0.37,0.33,0.3,0.31,0.21,0.16,0.3,0.25,0.27
GWETTOP,1987,-1.7975103014118005e-13,40.0,0.32,0.21,0.19,0.3,0.39,0.36,0.34,0.36,0.27,0.19,0.29,0.24,0.29
GWETTOP,1987,-1.7975103014118005e-13,40.625,0.3,0.2,0.19,0.32,0.47,0.44,0.44,0.45,0.35,0.27,0.29,0.26,0.33
GWETTOP,1987,-1.7975103014118005e-13,41.25,0.3,0.22,0.22,0.36,0.51,0.45,0.44,0.47,0.34,0.28,0.3,0.29,0.35
GWETTOP,1987,-1.7975103014118005e-13,41.875,0.31,0.22,0.23,0.41,0.58,0.54,0.53,0.53,0.44,0.33,0.35,0.31,0.4
GWETTOP,1987,-2.0,34.375,0.78,0.75,0.75,0.76,0.68,0.65,0.42,0.32,0.28,0.29,0.47,0.39,0.54
GWETTOP,1987,-2.0,35.0,0.76,0.72,0.78,0.85,0.8,0.69,0.53,0.4,0.28,0.33,0.46,0.35,0.58
GWETTOP,1987,-2.0,35.625,0.65,0.59,0.68,0.8,0.78,0.66,0.53,0.46,0.3,0.33,0.45,0.33,0.55
GWETTOP,1987,-2.0,36.25,0.38,0.3,0.34,0.38,0.37,0.35,0.23,0.22,0.14,0.17,0.24,0.22,0.28
GWETTOP,1987,-2.0,36.875,0.58,0.36,0.49,0.63,0.61,0.51,0.28,0.36,0.25,0.35,0.53,0.48,0.45
GWETTOP,1987,-2.0,37.5,0.52,0.36,0.43,0.56,0.52,0.46,0.31,0.35,0.24,0.32,0.46,0.47,0.42
GWETTOP,1987,-2.0,38.125,0.45,0.39,0.38,0.46,0.45,0.4,0.36,0.37,0.3,0.28,0.41,0.4,0.39
GWETTOP,1987,-2.0,38.75,0.41,0.31,0.34,0.52,0.53,0.38,0.35,0.42,0.28,0.27,0.48,0.38,0.39
GWETTOP,1987,-2.0,39.375,0.38,0.28,0.3,0.54,0.61,0.49,0.43,0.51,0.35,0.3,0.5,0.36,0.42
GWETTOP,1987,-2.0,40.0,0.35,0.27,0.26,0.54,0.63,0.53,0.47,0.54,0.4,0.33,0.46,0.34,0.43
GWETTOP,1987,-2.0,40.625,0.39,0.28,0.25,0.53,0.67,0.58,0.52,0.58,0.47,0.4,0.4,0.35,0.45
GWETTOP,1987,-2.0,41.25,0.43,0.36,0.31,0.48,0.6,0.51,0.48,0.52,0.46,0.43,0.39,0.37,0.45
GWETTOP,1987,-2.0,41.875,0.66,0.64,0.6,0.67,0.76,0.7,0.68,0.7,0.67,0.65,0.62,0.61,0.66
GWETTOP,1987,-2.5,34.375,0.78,0.71,0.7,0.71,0.62,0.57,0.47,0.32,0.21,0.26,0.44,0.37,0.51
GWETTOP,1987,-2.5,35.0,0.82,0.75,0.78,0.84,0.78,0.68,0.52,0.44,0.23,0.25,0.43,0.37,0.57
GWETTOP,1987,-2.5,35.625,0.73,0.59,0.66,0.75,0.69,0.56,0.47,0.34,0.19,0.22,0.39,0.34,0.49
GWETTOP,1987,-2.5,36.25,0.51,0.42,0.43,0.44,0.45,0.39,0.28,0.26,0.15,0.15,0.29,0.31,0.34
GWETTOP,1987,-2.5,36.875,0.66,0.49,0.49,0.59,0.6,0.45,0.28,0.34,0.21,0.27,0.5,0.53,0.45
GWETTOP,1987,-2.5,37.5,0.65,0.48,0.47,0.55,0.59,0.5,0.34,0.4,0.24,0.27,0.49,0.54,0.46
GWETTOP,1987,-2.5,38.125,0.57,0.47,0.46,0.51,0.54,0.46,0.39,0.42,0.28,0.27,0.45,0.44,0.44
GWETTOP,1987,-2.5,38.75,0.5,0.35,0.4,0.54,0.58,0.43,0.4,0.46,0.32,0.3,0.49,0.4,0.43
GWETTOP,1987,-2.5,39.375,0.54,0.37,0.4,0.63,0.74,0.64,0.59,0.65,0.51,0.41,0.58,0.45,0.54
GWETTOP,1987,-2.5,40.0,0.36,0.28,0.28,0.48,0.58,0.48,0.43,0.5,0.39,0.35,0.4,0.33,0.41
GWETTOP,1987,-2.5,40.625,0.48,0.42,0.39,0.57,0.69,0.61,0.57,0.62,0.54,0.51,0.5,0.46,0.53
GWETTOP,1987,-2.5,41.25,1.0,1.0,1.0,1.0,1.0,1.0,1.0,1.0,1.0,1.0,1.0,1.0,1.0
GWETTOP,1987,-2.5,41.875,1.0,1.0,1.0,1.0,1.0,1.0,1.0,1.0,1.0,1.0,1.0,1.0,1.0
GWETTOP,1987,-3.0,34.375,0.81,0.73,0.7,0.69,0.58,0.55,0.47,0.33,0.19,0.24,0.44,0.43,0.51
GWETTOP,1987,-3.0,35.0,0.85,0.77,0.79,0.81,0.75,0.64,0.51,0.44,0.23,0.21,0.43,0.41,0.57
GWETTOP,1987,-3.0,35.625,0.87,0.79,0.82,0.84,0.83,0.75,0.6,0.53,0.46,0.3,0.43,0.45,0.64
GWETTOP,1987,-3.0,36.25,0.76,0.61,0.61,0.63,0.64,0.59,0.51,0.41,0.22,0.18,0.38,0.41,0.5
GWETTOP,1987,-3.0,36.875,0.83,0.64,0.56,0.59,0.77,0.68,0.6,0.59,0.44,0.31,0.54,0.62,0.6
GWETTOP,1987,-3.0,37.5,0.73,0.56,0.5,0.53,0.63,0.57,0.5,0.5,0.42,0.3,0.45,0.5,0.52
GWETTOP,1987,-3.0,38.125,0.6,0.5,0.48,0.53,0.57,0.49,0.46,0.47,0.37,0.32,0.44,0.42,0.47
GWETTOP,1987,-3.0,38.75,0.56,0.39,0.45,0.54,0.61,0.47,0.45,0.51,0.35,0.33,0.46,0.39,0.46
GWETTOP,1987,-3.0,39.375,0.56,0.39,0.43,0.63,0.75,0.66,0.63,0.68,0.56,0.48,0.55,0.44,0.56
GWETTOP,1987,-3.0,40.0,0.39,0.33,0.33,0.45,0.59,0.48,0.44,0.5,0.4,0.37,0.38,0.34,0.42
GWETTOP,1987,-3.0,40.625,0.76,0.74,0.73,0.78,0.86,0.83,0.8,0.83,0.78,0.76,0.76,0.74,0.78
GWETTOP,1987,-3.0,41.25,1.0,1.0,1.0,1.0,1.0,1.0,1.0,1.0,1.0,1.0,1.0,1.0,1.0
GWETTOP,1987,-3.0,41.875,1.0,1.0,1.0,1.0,1.0,1.0,1.0,1.0,1.0,1.0,1.0,1.0,1.0
GWETTOP,1987,-3.5,34.375,0.77,0.71,0.64,0.59,0.51,0.47,0.35,0.25,0.17,0.21,0.4,0.37,0.45
GWETTOP,1987,-3.5,35.0,0.77,0.69,0.7,0.69,0.6,0.52,0.44,0.37,0.22,0.2,0.39,0.36,0.49
GWETTOP,1987,-3.5,35.625,0.72,0.62,0.64,0.66,0.63,0.54,0.5,0.48,0.38,0.26,0.42,0.41,0.52
GWETTOP,1987,-3.5,36.25,0.66,0.51,0.5,0.51,0.56,0.51,0.44,0.39,0.21,0.2,0.41,0.38,0.44
GWETTOP,1987,-3.5,36.875,0.6,0.48,0.38,0.46,0.6,0.53,0.49,0.48,0.34,0.26,0.44,0.45,0.46
GWETTOP,1987,-3.5,37.5,0.5,0.39,0.35,0.45,0.56,0.5,0.48,0.48,0.38,0.29,0.43,0.41,0.44
GWETTOP,1987,-3.5,38.125,0.53,0.39,0.43,0.51,0.59,0.46,0.46,0.5,0.37,0.32,0.44,0.37,0.45
GWETTOP,1987,-3.5,38.75,0.55,0.42,0.46,0.55,0.61,0.5,0.49,0.53,0.43,0.39,0.47,0.41,0.48
GWETTOP,1987,-3.5,39.375,0.51,0.37,0.43,0.62,0.75,0.66,0.63,0.69,0.57,0.49,0.53,0.42,0.56
GWETTOP,1987,-3.5,40.0,0.56,0.49,0.51,0.61,0.71,0.62,0.6,0.63,0.56,0.51,0.54,0.49,0.57
GWETTOP,1987,-3.5,40.625,0.92,0.91,0.91,0.93,0.96,0.95,0.94,0.95,0.93,0.92,0.92,0.91,0.93
GWETTOP,1987,-3.5,41.25,1.0,1.0,1.0,1.0,1.0,1.0,1.0,1.0,1.0,1.0,1.0,1.0,1.0
GWETTOP,1987,-3.5,41.875,1.0,1.0,1.0,1.0,1.0,1.0,1.0,1.0,1.0,1.0,1.0,1.0,1.0
GWETTOP,1987,-4.0,34.375,0.72,0.65,0.6,0.53,0.47,0.41,0.28,0.24,0.18,0.18,0.33,0.34,0.41
GWETTOP,1987,-4.0,35.0,0.75,0.68,0.68,0.66,0.6,0.53,0.47,0.4,0.28,0.26,0.42,0.4,0.51
GWETTOP,1987,-4.0,35.625,0.69,0.61,0.61,0.61,0.6,0.53,0.51,0.49,0.42,0.33,0.46,0.46,0.53
GWETTOP,1987,-4.0,36.25,0.62,0.49,0.48,0.49,0.53,0.47,0.43,0.4,0.24,0.23,0.43,0.42,0.44
GWETTOP,1987,-4.0,36.875,0.58,0.47,0.43,0.48,0.55,0.48,0.47,0.47,0.33,0.29,0.45,0.47,0.46
GWETTOP,1987,-4.0,37.5,0.55,0.43,0.41,0.49,0.57,0.49,0.47,0.48,0.33,0.3,0.45,0.42,0.45
GWETTOP,1987,-4.0,38.125,0.56,0.37,0.45,0.56,0.65,0.5,0.5,0.56,0.38,0.34,0.46,0.38,0.48
GWETTOP,1987,-4.0,38.75,0.51,0.35,0.43,0.57,0.68,0.51,0.52,0.57,0.43,0.39,0.47,0.37,0.48
GWETTOP,1987,-4.0,39.375,0.4,0.31,0.36,0.54,0.68,0.55,0.52,0.59,0.44,0.39,0.42,0.34,0.46
GWETTOP,1987,-4.0,40.0,0.54,0.5,0.51,0.62,0.71,0.6,0.59,0.62,0.54,0.51,0.54,0.5,0.57
GWETTOP,1987,-4.0,40.625,1.0,1.0,1.0,1.0,1.0,1.0,1.0,1.0,1.0,1.0,1.0,1.0,1.0
GWETTOP,1987,-4.0,41.25,1.0,1.0,1.0,1.0,1.0,1.0,1.0,1.0,1.0,1.0,1.0,1.0,1.0
GWETTOP,1987,-4.0,41.875,1.0,1.0,1.0,1.0,1.0,1.0,1.0,1.0,1.0,1.0,1.0,1.0,1.0
GWETTOP,1987,-4.5,34.375,0.63,0.55,0.53,0.47,0.43,0.39,0.35,0.31,0.25,0.23,0.31,0.31,0.4
GWETTOP,1987,-4.5,35.0,0.68,0.58,0.58,0.55,0.52,0.44,0.42,0.38,0.31,0.29,0.4,0.36,0.46
GWETTOP,1987,-4.5,35.625,0.62,0.52,0.52,0.52,0.52,0.44,0.43,0.42,0.36,0.31,0.4,0.4,0.45
GWETTOP,1987,-4.5,36.25,0.6,0.48,0.47,0.49,0.51,0.44,0.42,0.41,0.28,0.27,0.43,0.42,0.43
GWETTOP,1987,-4.5,36.875,0.58,0.47,0.45,0.5,0.55,0.47,0.46,0.47,0.35,0.33,0.45,0.46,0.46
GWETTOP,1987,-4.5,37.5,0.57,0.46,0.45,0.51,0.57,0.49,0.48,0.5,0.38,0.35,0.45,0.45,0.47
GWETTOP,1987,-4.5,38.125,0.65,0.51,0.54,0.62,0.73,0.66,0.64,0.66,0.55,0.48,0.53,0.46,0.59
GWETTOP,1987,-4.5,38.75,0.61,0.48,0.53,0.63,0.75,0.66,0.63,0.66,0.57,0.49,0.53,0.45,0.58
GWETTOP,1987,-4.5,39.375,0.42,0.37,0.4,0.5,0.63,0.5,0.47,0.51,0.42,0.39,0.41,0.37,0.45
GWETTOP,1987,-4.5,40.0,0.95,0.95,0.95,0.95,0.96,0.95,0.95,0.95,0.95,0.95,0.95,0.95,0.95
GWETTOP,1987,-4.5,40.625,1.0,1.0,1.0,1.0,1.0,1.0,1.0,1.0,1.0,1.0,1.0,1.0,1.0
GWETTOP,1987,-4.5,41.25,1.0,1.0,1.0,1.0,1.0,1.0,1.0,1.0,1.0,1.0,1.0,1.0,1.0
GWETTOP,1987,-4.5,41.875,1.0,1.0,1.0,1.0,1.0,1.0,1.0,1.0,1.0,1.0,1.0,1.0,1.0
GWETTOP,1987,0.5,34.375,0.49,0.5,0.55,0.58,0.69,0.72,0.68,0.69,0.66,0.61,0.63,0.51,0.61
GWETTOP,1987,0.5,35.0,0.61,0.57,0.6,0.68,0.79,0.86,0.81,0.81,0.79,0.73,0.72,0.62,0.72
GWETTOP,1987,0.5,35.625,0.46,0.44,0.47,0.6,0.71,0.78,0.74,0.72,0.67,0.57,0.54,0.44,0.6
GWETTOP,1987,0.5,36.25,0.39,0.32,0.33,0.42,0.45,0.54,0.48,0.49,0.44,0.36,0.39,0.28,0.41
GWETTOP,1987,0.5,36.875,0.5,0.42,0.42,0.56,0.52,0.59,0.5,0.5,0.44,0.32,0.47,0.4,0.47
GWETTOP,1987,0.5,37.5,0.39,0.34,0.34,0.48,0.46,0.47,0.4,0.35,0.25,0.22,0.35,0.34,0.37
GWETTOP,1987,0.5,38.125,0.37,0.31,0.29,0.41,0.41,0.39,0.34,0.28,0.19,0.16,0.31,0.29,0.31
GWETTOP,1987,0.5,38.75,0.35,0.26,0.24,0.35,0.37,0.35,0.29,0.24,0.16,0.13,0.29,0.26,0.27
GWETTOP,1987,0.5,39.375,0.32,0.18,0.19,0.31,0.38,0.36,0.32,0.3,0.18,0.14,0.28,0.24,0.27
GWETTOP,1987,0.5,40.0,0.31,0.15,0.17,0.29,0.38,0.38,0.36,0.35,0.23,0.15,0.26,0.22,0.27
GWETTOP,1987,0.5,40.625,0.28,0.16,0.16,0.29,0.43,0.45,0.44,0.4,0.31,0.22,0.25,0.23,0.3
GWETTOP,1987,0.5,41.25,0.28,0.2,0.2,0.32,0.47,0.46,0.48,0.44,0.37,0.31,0.33,0.3,0.35
GWETTOP,1987,0.5,41.875,0.28,0.2,0.21,0.36,0.55,0.55,0.55,0.5,0.41,0.34,0.35,0.3,0.38
GWETTOP,1987,1.0,34.375,0.63,0.59,0.62,0.63,0.72,0.8,0.77,0.79,0.78,0.75,0.76,0.69,0.71
GWETTOP,1987,1.0,35.0,0.58,0.52,0.54,0.64,0.76,0.89,0.83,0.82,0.78,0.7,0.7,0.6,0.7
GWETTOP,1987,1.0,35.625,0.39,0.36,0.38,0.54,0.64,0.76,0.62,0.56,0.47,0.4,0.42,0.36,0.49
GWETTOP,1987,1.0,36.25,0.3,0.25,0.22,0.32,0.33,0.41,0.36,0.36,0.31,0.21,0.3,0.21,0.3
GWETTOP,1987,1.0,36.875,0.36,0.34,0.32,0.36,0.36,0.39,0.35,0.36,0.32,0.23,0.33,0.33,0.34
GWETTOP,1987,1.0,37.5,0.36,0.32,0.31,0.38,0.36,0.37,0.3,0.24,0.16,0.16,0.32,0.32,0.3
GWETTOP,1987,1.0,38.125,0.33,0.25,0.25,0.34,0.34,0.32,0.24,0.18,0.13,0.11,0.28,0.24,0.25
GWETTOP,1987,1.0,38.75,0.33,0.22,0.23,0.32,0.33,0.29,0.21,0.2,0.14,0.12,0.29,0.25,0.24
GWETTOP,1987,1.0,39.375,0.32,0.17,0.2,0.31,0.37,0.36,0.3,0.28,0.16,0.13,0.29,0.24,0.26
GWETTOP,1987,1.0,40.0,0.31,0.14,0.18,0.3,0.38,0.39,0.37,0.35,0.23,0.14,0.27,0.23,0.28
GWETTOP,1987,1.0,40.625,0.3,0.14,0.16,0.32,0.44,0.51,0.47,0.42,0.31,0.18,0.26,0.23,0.31
GWETTOP,1987,1.0,41.25,0.29,0.17,0.17,0.35,0.51,0.58,0.58,0.53,0.42,0.31,0.32,0.27,0.38
GWETTOP,1987,1.0,41.875,0.25,0.16,0.15,0.31,0.51,0.61,0.57,0.51,0.38,0.29,0.33,0.25,0.36
GWETTOP,1987,1.5,34.375,0.4,0.37,0.42,0.48,0.63,0.71,0.63,0.63,0.56,0.49,0.52,0.4,0.52
GWETTOP,1987,1.5,35.0,0.38,0.32,0.35,0.47,0.6,0.78,0.66,0.58,0.48,0.4,0.43,0.36,0.48
GWETTOP,1987,1.5,35.625,0.28,0.21,0.26,0.38,0.46,0.55,0.4,0.39,0.31,0.25,0.3,0.2,0.33
GWETTOP,1987,1.5,36.25,0.2,0.18,0.19,0.27,0.26,0.39,0.3,0.29,0.19,0.13,0.24,0.18,0.24
GWETTOP,1987,1.5,36.875,0.34,0.32,0.31,0.36,0.34,0.36,0.31,0.27,0.17,0.18,0.33,0.33,0.3
GWETTOP,1987,1.5,37.5,0.32,0.27,0.27,0.34,0.3,0.34,0.27,0.23,0.16,0.16,0.31,0.28,0.27
GWETTOP,1987,1.5,38.125,0.32,0.24,0.26,0.34,0.34,0.3,0.23,0.2,0.15,0.13,0.31,0.26,0.26
GWETTOP,1987,1.5,38.75,0.34,0.23,0.28,0.41,0.39,0.34,0.26,0.25,0.19,0.16,0.36,0.28,0.29
GWETTOP,1987,1.5,39.375,0.34,0.19,0.21,0.34,0.41,0.4,0.35,0.33,0.22,0.14,0.31,0.25,0.29
GWETTOP,1987,1.5,40.0,0.33,0.16,0.2,0.34,0.41,0.42,0.36,0.32,0.19,0.14,0.31,0.26,0.29
GWETTOP,1987,1.5,40.625,0.33,0.15,0.17,0.37,0.48,0.59,0.55,0.48,0.31,0.19,0.29,0.25,0.35
GWETTOP,1987,1.5,41.25,0.29,0.13,0.12,0.29,0.43,0.6,0.55,0.48,0.35,0.27,0.26,0.2,0.33
GWETTOP,1987,1.5,41.875,0.23,0.12,0.12,0.29,0.49,0.68,0.6,0.52,0.35,0.23,0.3,0.2,0.35
GWETTOP,1987,2.0,34.375,0.31,0.26,0.31,0.4,0.53,0.62,0.51,0.51,0.42,0.34,0.4,0.28,0.41
GWETTOP,1987,2.0,35.0,0.26,0.2,0.24,0.38,0.47,0.63,0.48,0.43,0.32,0.24,0.32,0.23,0.35
GWETTOP,1987,2.0,35.625,0.19,0.16,0.19,0.31,0.36,0.44,0.35,0.3,0.17,0.14,0.23,0.17,0.25
GWETTOP,1987,2.0,36.25,0.18,0.16,0.19,0.23,0.23,0.36,0.22,0.22,0.14,0.11,0.24,0.17,0.2
GWETTOP,1987,2.0,36.875,0.32,0.28,0.28,0.33,0.3,0.32,0.22,0.23,0.17,0.16,0.34,0.31,0.27
GWETTOP,1987,2.0,37.5,0.32,0.26,0.27,0.34,0.31,0.32,0.21,0.2,0.15,0.16,0.33,0.3,0.26
GWETTOP,1987,2.0,38.125,0.36,0.26,0.29,0.39,0.4,0.36,0.28,0.24,0.16,0.15,0.34,0.3,0.29
GWETTOP,1987,2.0,38.75,0.35,0.25,0.28,0.38,0.41,0.37,0.31,0.27,0.18,0.15,0.34,0.29,0.3
GWETTOP,1987,2.0,39.375,0.34,0.19,0.22,0.35,0.45,0.44,0.38,0.34,0.24,0.15,0.32,0.26,0.31
GWETTOP,1987,2.0,40.0,0.34,0.17,0.22,0.38,0.48,0.5,0.42,0.39,0.24,0.16,0.33,0.28,0.33
GWETTOP,1987,2.0,40.625,0.32,0.17,0.2,0.47,0.59,0.7,0.65,0.59,0.29,0.23,0.38,0.28,0.41
GWETTOP,1987,2.0,41.25,0.31,0.15,0.17,0.37,0.49,0.6,0.57,0.5,0.33,0.25,0.29,0.23,0.36
GWETTOP,1987,2.0,41.875,0.25,0.15,0.14,0.31,0.55,0.68,0.64,0.57,0.29,0.26,0.39,0.22,0.37
GWETTOP,1987,2.5,34.375,0.27,0.23,0.27,0.37,0.48,0.57,0.45,0.43,0.32,0.28,0.35,0.27,0.36
GWETTOP,1987,2.5,35.0,0.23,0.16,0.21,0.33,0.41,0.55,0.43,0.38,0.26,0.19,0.26,0.21,0.3
GWETTOP,1987,2.5,35.625,0.18,0.13,0.18,0.29,0.32,0.42,0.35,0.26,0.14,0.12,0.2,0.16,0.23
GWETTOP,1987,2.5,36.25,0.19,0.15,0.19,0.24,0.23,0.35,0.19,0.17,0.13,0.11,0.24,0.17,0.2
GWETTOP,1987,2.5,36.875,0.3,0.21,0.25,0.3,0.26,0.3,0.18,0.19,0.15,0.15,0.32,0.24,0.24
GWETTOP,1987,2.5,37.5,0.33,0.23,0.27,0.34,0.31,0.31,0.19,0.19,0.15,0.15,0.34,0.26,0.26
GWETTOP,1987,2.5,38.125,0.4,0.3,0.31,0.41,0.42,0.39,0.31,0.24,0.16,0.16,0.35,0.29,0.31
GWETTOP,1987,2.5,38.75,0.38,0.26,0.3,0.4,0.43,0.39,0.32,0.26,0.17,0.16,0.34,0.28,0.31
GWETTOP,1987,2.5,39.375,0.34,0.2,0.26,0.4,0.48,0.44,0.38,0.35,0.26,0.19,0.34,0.26,0.33
GWETTOP,1987,2.5,40.0,0.35,0.21,0.27,0.43,0.54,0.52,0.45,0.41,0.29,0.21,0.36,0.27,0.36
GWETTOP,1987,2.5,40.625,0.3,0.17,0.25,0.45,0.56,0.59,0.59,0.54,0.3,0.26,0.41,0.26,0.39
GWETTOP,1987,2.5,41.25,0.2,0.15,0.18,0.28,0.38,0.37,0.41,0.35,0.23,0.21,0.26,0.19,0.27
GWETTOP,1987,2.5,41.875,0.2,0.14,0.14,0.26,0.41,0.43,0.46,0.42,0.27,0.25,0.32,0.21,0.29
GWETTOP,1987,3.0,34.375,0.22,0.2,0.26,0.41,0.5,0.63,0.52,0.46,0.3,0.24,0.36,0.26,0.36
GWETTOP,1987,3.0,35.0,0.22,0.14,0.21,0.31,0.38,0.52,0.41,0.33,0.19,0.14,0.26,0.2,0.28
GWETTOP,1987,3.0,35.625,0.2,0.13,0.19,0.28,0.3,0.4,0.33,0.21,0.13,0.12,0.21,0.16,0.22
GWETTOP,1987,3.0,36.25,0.23,0.14,0.19,0.26,0.25,0.33,0.17,0.14,0.12,0.13,0.26,0.18,0.2
GWETTOP,1987,3.0,36.875,0.28,0.16,0.2,0.28,0.27,0.31,0.16,0.15,0.13,0.14,0.28,0.19,0.21
GWETTOP,1987,3.0,37.5,0.28,0.16,0.23,0.31,0.3,0.28,0.14,0.15,0.12,0.15,0.29,0.18,0.22
GWETTOP,1987,3.0,38.125,0.39,0.29,0.32,0.43,0.45,0.41,0.33,0.26,0.16,0.19,0.34,0.24,0.32
GWETTOP,1987,3.0,38.75,0.4,0.24,0.35,0.48,0.52,0.46,0.37,0.29,0.2,0.22,0.37,0.25,0.35
GWETTOP,1987,3.0,39.375,0.34,0.21,0.3,0.43,0.52,0.45,0.38,0.36,0.28,0.24,0.34,0.23,0.34
GWETTOP,1987,3.0,40.0,0.34,0.2,0.32,0.45,0.55,0.5,0.44,0.41,0.32,0.27,0.37,0.24,0.37
GWETTOP,1987,3.0,40.625,0.26,0.18,0.27,0.39,0.47,0.45,0.47,0.43,0.27,0.26,0.37,0.23,0.34
GWETTOP,1987,3.0,41.25,0.21,0.15,0.2,0.3,0.39,0.33,0.4,0.34,0.24,0.23,0.3,0.2,0.27
GWETTOP,1987,3.0,41.875,0.18,0.1,0.12,0.26,0.37,0.32,0.38,0.34,0.27,0.26,0.32,0.22,0.26
GWETTOP,1987,3.5,34.375,0.22,0.2,0.28,0.36,0.43,0.6,0.46,0.37,0.28,0.22,0.35,0.31,0.34
GWETTOP,1987,3.5,35.0,0.21,0.15,0.23,0.34,0.4,0.52,0.4,0.31,0.18,0.16,0.3,0.21,0.28
GWETTOP,1987,3.5,35.625,0.21,0.14,0.2,0.33,0.35,0.42,0.34,0.2,0.14,0.14,0.24,0.16,0.24
GWETTOP,1987,3.5,36.25,0.21,0.14,0.19,0.28,0.3,0.36,0.23,0.15,0.13,0.16,0.27,0.18,0.22
GWETTOP,1987,3.5,36.875,0.28,0.17,0.22,0.32,0.35,0.36,0.25,0.18,0.14,0.19,0.31,0.19,0.25
GWETTOP,1987,3.5,37.5,0.27,0.18,0.27,0.38,0.4,0.42,0.28,0.22,0.16,0.22,0.33,0.22,0.28
GWETTOP,1987,3.5,38.125,0.35,0.26,0.36,0.48,0.56,0.51,0.4,0.35,0.28,0.26,0.34,0.21,0.36
GWETTOP,1987,3.5,38.75,0.34,0.22,0.35,0.48,0.61,0.56,0.42,0.38,0.32,0.3,0.34,0.22,0.38
GWETTOP,1987,3.5,39.375,0.36,0.24,0.37,0.52,0.65,0.65,0.51,0.45,0.38,0.35,0.39,0.27,0.43
GWETTOP,1987,3.5,40.0,0.32,0.2,0.34,0.47,0.59,0.55,0.46,0.42,0.33,0.32,0.39,0.23,0.39
GWETTOP,1987,3.5,40.625,0.28,0.19,0.36,0.51,0.6,0.56,0.54,0.5,0.28,0.34,0.5,0.26,0.41
GWETTOP,1987,3.5,41.25,0.23,0.17,0.24,0.34,0.43,0.37,0.39,0.33,0.23,0.26,0.35,0.22,0.3
GWETTOP,1987,3.5,41.875,0.15,0.1,0.11,0.22,0.34,0.25,0.27,0.21,0.16,0.2,0.28,0.18,0.21
GWETTOP,1987,4.0,34.375,0.22,0.25,0.37,0.45,0.52,0.65,0.54,0.39,0.29,0.29,0.46,0.38,0.4
GWETTOP,1987,4.0,35.0,0.25,0.19,0.32,0.5,0.52,0.64,0.49,0.32,0.21,0.21,0.38,0.26,0.36
GWETTOP,1987,4.0,35.625,0.25,0.16,0.26,0.45,0.45,0.49,0.38,0.28,0.17,0.18,0.3,0.19,0.3
GWETTOP,1987,4.0,36.25,0.19,0.15,0.21,0.34,0.37,0.39,0.3,0.18,0.16,0.2,0.29,0.17,0.25
GWETTOP,1987,4.0,36.875,0.24,0.16,0.23,0.35,0.41,0.41,0.34,0.25,0.18,0.24,0.31,0.18,0.28
GWETTOP,1987,4.0,37.5,0.25,0.17,0.26,0.39,0.47,0.44,0.36,0.29,0.2,0.27,0.33,0.19,0.3
GWETTOP,1987,4.0,38.125,0.32,0.23,0.38,0.49,0.66,0.65,0.51,0.46,0.39,0.38,0.4,0.26,0.43
GWETTOP,1987,4.0,38.75,0.39,0.25,0.51,0.62,0.76,0.77,0.66,0.6,0.44,0.44,0.5,0.27,0.52
GWETTOP,1987,4.0,39.375,0.42,0.27,0.54,0.67,0.79,0.81,0.68,0.62,0.49,0.46,0.55,0.29,0.55
GWETTOP,1987,4.0,40.0,0.33,0.21,0.41,0.54,0.67,0.66,0.56,0.49,0.39,0.38,0.46,0.26,0.45
GWETTOP,1987,4.0,40.625,0.31,0.2,0.4,0.54,0.66,0.61,0.55,0.47,0.3,0.38,0.53,0.3,0.44
GWETTOP,1987,4.0,41.25,0.26,0.15,0.25,0.36,0.47,0.41,0.38,0.33,0.23,0.27,0.38,0.28,0.32
GWETTOP,1987,4.0,41.875,0.17,0.11,0.14,0.27,0.39,0.34,0.31,0.24,0.16,0.23,0.34,0.27,0.25
GWETTOP,1987,4.5,34.375,0.24,0.3,0.45,0.52,0.65,0.72,0.53,0.39,0.34,0.36,0.57,0.41,0.46
GWETTOP,1987,4.5,35.0,0.29,0.22,0.41,0.6,0.62,0.72,0.55,0.37,0.26,0.26,0.46,0.32,0.42
GWETTOP,1987,4.5,35.625,0.27,0.17,0.3,0.6,0.57,0.58,0.42,0.33,0.21,0.2,0.34,0.24,0.35
GWETTOP,1987,4.5,36.25,0.19,0.16,0.25,0.44,0.47,0.47,0.36,0.26,0.21,0.23,0.33,0.19,0.3
GWETTOP,1987,4.5,36.875,0.2,0.16,0.22,0.37,0.45,0.45,0.38,0.33,0.28,0.29,0.33,0.17,0.3
GWETTOP,1987,4.5,37.5,0.28,0.21,0.31,0.5,0.61,0.6,0.52,0.4,0.35,0.39,0.42,0.23,0.4
GWETTOP,1987,4.5,38.125,0.36,0.24,0.45,0.58,0.73,0.75,0.64,0.57,0.47,0.46,0.53,0.29,0.51
GWETTOP,1987,4.5,38.75,0.35,0.23,0.43,0.56,0.72,0.73,0.61,0.55,0.43,0.43,0.5,0.28,0.49
GWETTOP,1987,4.5,39.375,0.31,0.22,0.43,0.54,0.67,0.67,0.56,0.5,0.4,0.4,0.47,0.28,0.46
GWETTOP,1987,4.5,40.0,0.28,0.19,0.37,0.47,0.61,0.6,0.49,0.43,0.34,0.36,0.41,0.27,0.4
GWETTOP,1987,4.5,40.625,0.28,0.18,0.34,0.44,0.58,0.56,0.48,0.42,0.34,0.35,0.42,0.31,0.39
GWETTOP,1987,4.5,41.25,0.29,0.17,0.28,0.39,0.53,0.5,0.42,0.37,0.31,0.31,0.38,0.33,0.36
GWETTOP,1987,4.5,41.875,0.17,0.11,0.17,0.32,0.46,0.41,0.35,0.26,0.17,0.26,0.39,0.31,0.28
GWETTOP,1988,-0.5,34.375,0.51,0.44,0.54,0.76,0.92,0.79,0.63,0.62,0.57,0.61,0.61,0.54,0.63
GWETTOP,1988,-0.5,35.0,0.51,0.48,0.55,0.75,0.86,0.78,0.69,0.64,0.6,0.6,0.61,0.54,0.63
GWETTOP,1988,-0.5,35.625,0.52,0.46,0.51,0.67,0.77,0.74,0.71,0.7,0.68,0.67,0.67,0.62,0.64
GWETTOP,1988,-0.5,36.25,0.43,0.37,0.42,0.58,0.65,0.6,0.59,0.6,0.58,0.56,0.58,0.54,0.54
GWETTOP,1988,-0.5,36.875,0.49,0.41,0.44,0.59,0.63,0.6,0.57,0.56,0.54,0.52,0.6,0.6,0.55
GWETTOP,1988,-0.5,37.5,0.5,0.44,0.46,0.6,0.66,0.6,0.55,0.56,0.53,0.52,0.62,0.63,0.56
GWETTOP,1988,-0.5,38.125,0.4,0.3,0.4,0.53,0.45,0.36,0.31,0.3,0.31,0.3,0.61,0.59,0.41
GWETTOP,1988,-0.5,38.75,0.33,0.24,0.35,0.49,0.4,0.32,0.27,0.27,0.28,0.27,0.56,0.53,0.36
GWETTOP,1988,-0.5,39.375,0.28,0.18,0.3,0.49,0.43,0.36,0.32,0.31,0.31,0.28,0.45,0.43,0.35
GWETTOP,1988,-0.5,40.0,0.29,0.19,0.31,0.53,0.5,0.43,0.37,0.35,0.34,0.31,0.49,0.46,0.38
GWETTOP,1988,-0.5,40.625,0.28,0.21,0.32,0.55,0.53,0.5,0.42,0.38,0.38,0.28,0.46,0.41,0.39
GWETTOP,1988,-0.5,41.25,0.28,0.22,0.33,0.56,0.53,0.5,0.41,0.38,0.39,0.27,0.46,0.41,0.4
GWETTOP,1988,-0.5,41.875,0.27,0.2,0.31,0.55,0.56,0.52,0.46,0.38,0.38,0.26,0.44,0.39,0.39
GWETTOP,1988,-1.0,34.375,0.52,0.49,0.54,0.66,0.77,0.62,0.5,0.48,0.42,0.48,0.49,0.45,0.54
GWETTOP,1988,-1.0,35.0,0.58,0.55,0.61,0.74,0.84,0.76,0.66,0.59,0.54,0.54,0.56,0.54,0.63
GWETTOP,1988,-1.0,35.625,0.52,0.48,0.55,0.7,0.81,0.77,0.7,0.64,0.58,0.53,0.55,0.51,0.61
GWETTOP,1988,-1.0,36.25,0.37,0.34,0.42,0.59,0.73,0.7,0.63,0.58,0.51,0.45,0.48,0.45,0.52
GWETTOP,1988,-1.0,36.875,0.49,0.42,0.45,0.6,0.66,0.57,0.5,0.48,0.45,0.41,0.56,0.58,0.51
GWETTOP,1988,-1.0,37.5,0.48,0.4,0.46,0.6,0.66,0.61,0.53,0.49,0.46,0.44,0.58,0.59,0.53
GWETTOP,1988,-1.0,38.125,0.41,0.3,0.43,0.56,0.44,0.37,0.32,0.32,0.32,0.32,0.63,0.61,0.42
GWETTOP,1988,-1.0,38.75,0.34,0.24,0.39,0.54,0.42,0.32,0.28,0.29,0.29,0.3,0.61,0.57,0.38
GWETTOP,1988,-1.0,39.375,0.3,0.2,0.36,0.6,0.49,0.4,0.32,0.32,0.33,0.32,0.53,0.48,0.39
GWETTOP,1988,-1.0,40.0,0.34,0.23,0.39,0.65,0.59,0.48,0.4,0.38,0.38,0.37,0.6,0.55,0.45
GWETTOP,1988,-1.0,40.625,0.3,0.23,0.35,0.59,0.57,0.53,0.45,0.41,0.41,0.31,0.48,0.44,0.42
GWETTOP,1988,-1.0,41.25,0.28,0.21,0.33,0.58,0.56,0.53,0.46,0.42,0.41,0.29,0.47,0.43,0.41
GWETTOP,1988,-1.0,41.875,0.25,0.19,0.29,0.49,0.5,0.46,0.4,0.35,0.34,0.25,0.37,0.36,0.35
GWETTOP,1988,-1.5,34.375,0.55,0.53,0.6,0.71,0.75,0.54,0.36,0.36,0.31,0.45,0.49,0.39,0.5
GWETTOP,1988,-1.5,35.0,0.58,0.59,0.61,0.77,0.81,0.65,0.5,0.42,0.36,0.4,0.53,0.47,0.56
GWETTOP,1988,-1.5,35.625,0.53,0.53,0.56,0.76,0.84,0.73,0.58,0.5,0.45,0.4,0.49,0.49,0.57
GWETTOP,1988,-1.5,36.25,0.35,0.25,0.37,0.56,0.62,0.49,0.39,0.36,0.33,0.3,0.4,0.38,0.4
GWETTOP,1988,-1.5,36.875,0.54,0.37,0.51,0.7,0.68,0.59,0.41,0.41,0.44,0.41,0.62,0.62,0.53
GWETTOP,1988,-1.5,37.5,0.47,0.39,0.43,0.58,0.56,0.49,0.42,0.38,0.4,0.36,0.54,0.56,0.46
GWETTOP,1988,-1.5,38.125,0.41,0.34,0.41,0.51,0.47,0.44,0.41,0.38,0.36,0.35,0.54,0.54,0.43
GWETTOP,1988,-1.5,38.75,0.37,0.26,0.41,0.56,0.44,0.36,0.32,0.33,0.33,0.33,0.58,0.55,0.4
GWETTOP,1988,-1.5,39.375,0.33,0.22,0.37,0.61,0.52,0.43,0.36,0.35,0.35,0.35,0.55,0.5,0.41
GWETTOP,1988,-1.5,40.0,0.34,0.24,0.4,0.69,0.64,0.58,0.49,0.44,0.43,0.39,0.58,0.52,0.48
GWETTOP,1988,-1.5,40.625,0.31,0.23,0.36,0.63,0.59,0.55,0.48,0.44,0.44,0.33,0.5,0.45,0.44
GWETTOP,1988,-1.5,41.25,0.26,0.18,0.31,0.62,0.6,0.55,0.47,0.42,0.41,0.28,0.47,0.44,0.42
GWETTOP,1988,-1.5,41.875,0.56,0.51,0.58,0.72,0.72,0.68,0.64,0.62,0.62,0.56,0.63,0.64,0.62
GWETTOP,1988,-1.7975103014118005e-13,34.375,0.5,0.44,0.5,0.69,0.83,0.74,0.66,0.68,0.64,0.64,0.63,0.55,0.63
GWETTOP,1988,-1.7975103014118005e-13,35.0,0.55,0.49,0.55,0.74,0.86,0.82,0.78,0.79,0.77,0.77,0.76,0.68,0.71
GWETTOP,1988,-1.7975103014118005e-13,35.625,0.56,0.5,0.51,0.69,0.82,0.8,0.79,0.79,0.79,0.79,0.78,0.73,0.71
GWETTOP,1988,-1.7975103014118005e-13,36.25,0.41,0.35,0.39,0.58,0.68,0.62,0.61,0.61,0.59,0.56,0.56,0.51,0.54
GWETTOP,1988,-1.7975103014118005e-13,36.875,0.47,0.42,0.41,0.55,0.61,0.55,0.51,0.52,0.5,0.48,0.54,0.54,0.51
GWETTOP,1988,-1.7975103014118005e-13,37.5,0.49,0.44,0.43,0.57,0.63,0.57,0.53,0.53,0.51,0.49,0.62,0.63,0.54
GWETTOP,1988,-1.7975103014118005e-13,38.125,0.35,0.29,0.34,0.49,0.45,0.37,0.32,0.3,0.31,0.27,0.55,0.55,0.38
GWETTOP,1988,-1.7975103014118005e-13,38.75,0.28,0.21,0.29,0.44,0.38,0.34,0.29,0.26,0.28,0.24,0.46,0.45,0.33
GWETTOP,1988,-1.7975103014118005e-13,39.375,0.24,0.16,0.25,0.43,0.39,0.34,0.3,0.27,0.29,0.25,0.38,0.38,0.31
GWETTOP,1988,-1.7975103014118005e-13,40.0,0.23,0.16,0.24,0.44,0.43,0.37,0.34,0.31,0.31,0.26,0.38,0.37,0.32
GWETTOP,1988,-1.7975103014118005e-13,40.625,0.24,0.16,0.25,0.47,0.45,0.42,0.35,0.32,0.32,0.23,0.4,0.34,0.33
GWETTOP,1988,-1.7975103014118005e-13,41.25,0.27,0.2,0.29,0.49,0.46,0.43,0.34,0.33,0.35,0.24,0.42,0.35,0.35
GWETTOP,1988,-1.7975103014118005e-13,41.875,0.29,0.21,0.32,0.54,0.54,0.49,0.41,0.37,0.38,0.26,0.45,0.37,0.39
GWETTOP,1988,-2.0,34.375,0.55,0.49,0.58,0.71,0.69,0.43,0.29,0.32,0.25,0.36,0.5,0.38,0.46
GWETTOP,1988,-2.0,35.0,0.56,0.58,0.59,0.78,0.75,0.58,0.39,0.35,0.32,0.36,0.54,0.48,0.52
GWETTOP,1988,-2.0,35.625,0.51,0.54,0.55,0.76,0.77,0.62,0.51,0.4,0.36,0.36,0.51,0.49,0.53
GWETTOP,1988,-2.0,36.25,0.31,0.21,0.32,0.44,0.41,0.34,0.22,0.19,0.21,0.19,0.32,0.29,0.29
GWETTOP,1988,-2.0,36.875,0.54,0.39,0.51,0.66,0.63,0.46,0.28,0.3,0.39,0.36,0.58,0.56,0.47
GWETTOP,1988,-2.0,37.5,0.48,0.38,0.46,0.6,0.54,0.44,0.29,0.3,0.36,0.32,0.52,0.53,0.43
GWETTOP,1988,-2.0,38.125,0.4,0.33,0.4,0.51,0.44,0.41,0.35,0.34,0.34,0.33,0.49,0.5,0.4
GWETTOP,1988,-2.0,38.75,0.4,0.28,0.43,0.61,0.49,0.41,0.35,0.36,0.37,0.36,0.58,0.56,0.43
GWETTOP,1988,-2.0,39.375,0.38,0.26,0.41,0.67,0.6,0.52,0.46,0.43,0.42,0.39,0.59,0.55,0.47
GWETTOP,1988,-2.0,40.0,0.34,0.23,0.38,0.66,0.61,0.55,0.47,0.44,0.42,0.38,0.53,0.49,0.46
GWETTOP,1988,-2.0,40.625,0.3,0.22,0.35,0.62,0.59,0.56,0.47,0.45,0.43,0.34,0.49,0.45,0.44
GWETTOP,1988,-2.0,41.25,0.34,0.28,0.37,0.56,0.54,0.5,0.46,0.45,0.44,0.37,0.46,0.46,0.44
GWETTOP,1988,-2.0,41.875,0.61,0.58,0.63,0.74,0.73,0.7,0.67,0.67,0.66,0.61,0.67,0.68,0.66
GWETTOP,1988,-2.5,34.375,0.48,0.46,0.52,0.64,0.61,0.44,0.24,0.29,0.19,0.29,0.49,0.43,0.42
GWETTOP,1988,-2.5,35.0,0.46,0.49,0.52,0.71,0.67,0.51,0.35,0.28,0.23,0.28,0.49,0.48,0.46
GWETTOP,1988,-2.5,35.625,0.45,0.46,0.49,0.7,0.62,0.51,0.33,0.22,0.23,0.25,0.46,0.42,0.43
GWETTOP,1988,-2.5,36.25,0.35,0.26,0.4,0.51,0.46,0.37,0.26,0.18,0.2,0.19,0.34,0.35,0.32
GWETTOP,1988,-2.5,36.875,0.55,0.41,0.57,0.66,0.62,0.44,0.25,0.22,0.3,0.29,0.52,0.52,0.45
GWETTOP,1988,-2.5,37.5,0.54,0.41,0.55,0.66,0.6,0.47,0.27,0.25,0.34,0.31,0.52,0.55,0.46
GWETTOP,1988,-2.5,38.125,0.46,0.34,0.44,0.59,0.51,0.47,0.35,0.33,0.37,0.31,0.52,0.56,0.44
GWETTOP,1988,-2.5,38.75,0.46,0.3,0.44,0.63,0.52,0.44,0.37,0.37,0.4,0.35,0.57,0.57,0.45
GWETTOP,1988,-2.5,39.375,0.51,0.33,0.48,0.75,0.7,0.65,0.58,0.54,0.54,0.44,0.65,0.63,0.57
GWETTOP,1988,-2.5,40.0,0.35,0.25,0.36,0.58,0.53,0.5,0.41,0.41,0.39,0.35,0.45,0.43,0.42
GWETTOP,1988,-2.5,40.625,0.44,0.37,0.46,0.63,0.62,0.6,0.53,0.53,0.52,0.49,0.54,0.53,0.52
GWETTOP,1988,-2.5,41.25,1.0,1.0,1.0,1.0,1.0,1.0,1.0,1.0,1.0,1.0,1.0,1.0,1.0
GWETTOP,1988,-2.5,41.875,1.0,1.0,1.0,1.0,1.0,1.0,1.0,1.0,1.0,1.0,1.0,1.0,1.0
GWETTOP,1988,-3.0,34.375,0.48,0.47,0.51,0.64,0.6,0.46,0.24,0.25,0.19,0.26,0.49,0.47,0.42
GWETTOP,1988,-3.0,35.0,0.45,0.48,0.52,0.72,0.66,0.51,0.37,0.25,0.22,0.26,0.48,0.47,0.45
GWETTOP,1988,-3.0,35.625,0.49,0.49,0.58,0.79,0.75,0.6,0.5,0.44,0.3,0.27,0.45,0.52,0.51
GWETTOP,1988,-3.0,36.25,0.42,0.37,0.52,0.73,0.65,0.57,0.38,0.23,0.25,0.24,0.45,0.45,0.44
GWETTOP,1988,-3.0,36.875,0.61,0.56,0.66,0.81,0.81,0.67,0.58,0.44,0.39,0.37,0.55,0.62,0.59
GWETTOP,1988,-3.0,37.5,0.49,0.41,0.53,0.68,0.68,0.57,0.48,0.44,0.4,0.31,0.47,0.52,0.5
GWETTOP,1988,-3.0,38.125,0.47,0.36,0.43,0.57,0.51,0.48,0.39,0.36,0.41,0.3,0.47,0.52,0.44
GWETTOP,1988,-3.0,38.75,0.48,0.32,0.43,0.61,0.49,0.46,0.36,0.35,0.43,0.31,0.51,0.55,0.44
GWETTOP,1988,-3.0,39.375,0.55,0.36,0.49,0.72,0.67,0.66,0.56,0.54,0.56,0.42,0.61,0.6,0.56
GWETTOP,1988,-3.0,40.0,0.38,0.29,0.36,0.53,0.48,0.48,0.4,0.4,0.39,0.35,0.42,0.42,0.41
GWETTOP,1988,-3.0,40.625,0.75,0.73,0.75,0.82,0.82,0.82,0.78,0.78,0.77,0.76,0.77,0.77,0.78
GWETTOP,1988,-3.0,41.25,1.0,1.0,1.0,1.0,1.0,1.0,1.0,1.0,1.0,1.0,1.0,1.0,1.0
GWETTOP,1988,-3.0,41.875,1.0,1.0,1.0,1.0,1.0,1.0,1.0,1.0,1.0,1.0,1.0,1.0,1.0
GWETTOP,1988,-3.5,34.375,0.48,0.47,0.5,0.6,0.52,0.36,0.18,0.2,0.19,0.2,0.44,0.38,0.38
GWETTOP,1988,-3.5,35.0,0.44,0.47,0.5,0.65,0.55,0.45,0.33,0.23,0.22,0.22,0.42,0.39,0.41
GWETTOP,1988,-3.5,35.625,0.45,0.48,0.52,0.66,0.57,0.51,0.47,0.38,0.28,0.25,0.4,0.42,0.45
GWETTOP,1988,-3.5,36.25,0.36,0.34,0.47,0.64,0.56,0.49,0.32,0.21,0.24,0.25,0.4,0.4,0.39
GWETTOP,1988,-3.5,36.875,0.38,0.32,0.49,0.66,0.62,0.52,0.47,0.31,0.31,0.3,0.44,0.44,0.44
GWETTOP,1988,-3.5,37.5,0.36,0.28,0.43,0.59,0.55,0.5,0.46,0.36,0.35,0.29,0.42,0.42,0.42
GWETTOP,1988,-3.5,38.125,0.43,0.3,0.41,0.57,0.47,0.48,0.39,0.36,0.43,0.29,0.46,0.5,0.42
GWETTOP,1988,-3.5,38.75,0.47,0.34,0.44,0.59,0.5,0.5,0.44,0.41,0.47,0.35,0.49,0.52,0.46
GWETTOP,1988,-3.5,39.375,0.53,0.37,0.48,0.7,0.65,0.66,0.56,0.53,0.56,0.41,0.59,0.57,0.55
GWETTOP,1988,-3.5,40.0,0.54,0.46,0.52,0.66,0.62,0.62,0.55,0.53,0.56,0.49,0.57,0.57,0.56
GWETTOP,1988,-3.5,40.625,0.92,0.91,0.92,0.94,0.94,0.94,0.93,0.93,0.92,0.92,0.92,0.92,0.93
GWETTOP,1988,-3.5,41.25,1.0,1.0,1.0,1.0,1.0,1.0,1.0,1.0,1.0,1.0,1.0,1.0,1.0
GWETTOP,1988,-3.5,41.875,1.0,1.0,1.0,1.0,1.0,1.0,1.0,1.0,1.0,1.0,1.0,1.0,1.0
GWETTOP,1988,-4.0,34.375,0.47,0.45,0.5,0.53,0.45,0.3,0.21,0.2,0.2,0.16,0.38,0.35,0.35
GWETTOP,1988,-4.0,35.0,0.5,0.52,0.55,0.64,0.54,0.46,0.35,0.29,0.28,0.26,0.43,0.42,0.44
GWETTOP,1988,-4.0,35.625,0.48,0.51,0.55,0.63,0.55,0.52,0.48,0.42,0.34,0.3,0.41,0.44,0.47
GWETTOP,1988,-4.0,36.25,0.41,0.4,0.51,0.58,0.5,0.47,0.37,0.26,0.27,0.26,0.38,0.42,0.4
GWETTOP,1988,-4.0,36.875,0.44,0.39,0.52,0.6,0.53,0.49,0.45,0.34,0.32,0.3,0.43,0.46,0.44
GWETTOP,1988,-4.0,37.5,0.42,0.35,0.49,0.59,0.52,0.5,0.42,0.34,0.37,0.3,0.44,0.46,0.43
GWETTOP,1988,-4.0,38.125,0.44,0.3,0.45,0.63,0.52,0.54,0.41,0.37,0.47,0.31,0.5,0.52,0.45
GWETTOP,1988,-4.0,38.75,0.45,0.31,0.45,0.63,0.53,0.55,0.45,0.42,0.49,0.34,0.51,0.52,0.47
GWETTOP,1988,-4.0,39.375,0.42,0.31,0.42,0.62,0.55,0.57,0.45,0.43,0.45,0.35,0.48,0.46,0.46
GWETTOP,1988,-4.0,40.0,0.54,0.5,0.55,0.67,0.61,0.61,0.54,0.52,0.54,0.5,0.55,0.56,0.56
GWETTOP,1988,-4.0,40.625,1.0,1.0,1.0,1.0,1.0,1.0,1.0,1.0,1.0,1.0,1.0,1.0,1.0
GWETTOP,1988,-4.0,41.25,1.0,1.0,1.0,1.0,1.0,1.0,1.0,1.0,1.0,1.0,1.0,1.0,1.0
GWETTOP,1988,-4.0,41.875,1.0,1.0,1.0,1.0,1.0,1.0,1.0,1.0,1.0,1.0,1.0,1.0,1.0
GWETTOP,1988,-4.5,34.375,0.45,0.39,0.48,0.45,0.37,0.33,0.28,0.26,0.25,0.2,0.35,0.34,0.35
GWETTOP,1988,-4.5,35.0,0.48,0.46,0.53,0.56,0.45,0.4,0.35,0.33,0.31,0.27,0.4,0.41,0.41
GWETTOP,1988,-4.5,35.625,0.44,0.45,0.51,0.55,0.45,0.43,0.41,0.37,0.32,0.29,0.37,0.42,0.42
GWETTOP,1988,-4.5,36.25,0.43,0.41,0.52,0.55,0.47,0.44,0.36,0.31,0.3,0.28,0.38,0.43,0.41
GWETTOP,1988,-4.5,36.875,0.45,0.42,0.54,0.58,0.5,0.48,0.43,0.37,0.36,0.33,0.43,0.48,0.45
GWETTOP,1988,-4.5,37.5,0.45,0.39,0.52,0.59,0.51,0.49,0.45,0.38,0.41,0.33,0.44,0.48,0.45
GWETTOP,1988,-4.5,38.125,0.52,0.36,0.51,0.69,0.64,0.66,0.58,0.5,0.58,0.42,0.58,0.6,0.55
GWETTOP,1988,-4.5,38.75,0.52,0.38,0.49,0.69,0.63,0.65,0.58,0.51,0.58,0.44,0.57,0.59,0.55
GWETTOP,1988,-4.5,39.375,0.42,0.35,0.41,0.56,0.48,0.49,0.41,0.4,0.42,0.37,0.42,0.45,0.43
GWETTOP,1988,-4.5,40.0,0.95,0.95,0.95,0.96,0.95,0.95,0.95,0.95,0.95,0.95,0.95,0.95,0.95
GWETTOP,1988,-4.5,40.625,1.0,1.0,1.0,1.0,1.0,1.0,1.0,1.0,1.0,1.0,1.0,1.0,1.0
GWETTOP,1988,-4.5,41.25,1.0,1.0,1.0,1.0,1.0,1.0,1.0,1.0,1.0,1.0,1.0,1.0,1.0
GWETTOP,1988,-4.5,41.875,1.0,1.0,1.0,1.0,1.0,1.0,1.0,1.0,1.0,1.0,1.0,1.0,1.0
GWETTOP,1988,0.5,34.375,0.48,0.42,0.49,0.63,0.71,0.65,0.65,0.71,0.72,0.71,0.7,0.61,0.62
GWETTOP,1988,0.5,35.0,0.53,0.47,0.5,0.69,0.8,0.79,0.8,0.84,0.84,0.85,0.82,0.75,0.72
GWETTOP,1988,0.5,35.625,0.41,0.36,0.38,0.62,0.76,0.75,0.75,0.78,0.78,0.77,0.74,0.65,0.65
GWETTOP,1988,0.5,36.25,0.28,0.23,0.28,0.49,0.64,0.55,0.53,0.54,0.52,0.48,0.46,0.43,0.45
GWETTOP,1988,0.5,36.875,0.44,0.36,0.38,0.55,0.64,0.56,0.54,0.55,0.54,0.48,0.56,0.56,0.51
GWETTOP,1988,0.5,37.5,0.34,0.3,0.3,0.42,0.45,0.4,0.37,0.35,0.34,0.3,0.44,0.46,0.37
GWETTOP,1988,0.5,38.125,0.27,0.23,0.27,0.43,0.4,0.35,0.31,0.25,0.28,0.24,0.44,0.45,0.33
GWETTOP,1988,0.5,38.75,0.24,0.19,0.25,0.43,0.39,0.34,0.28,0.22,0.27,0.22,0.41,0.41,0.3
GWETTOP,1988,0.5,39.375,0.23,0.17,0.24,0.46,0.44,0.35,0.29,0.24,0.3,0.24,0.4,0.4,0.31
GWETTOP,1988,0.5,40.0,0.22,0.16,0.23,0.45,0.44,0.36,0.3,0.26,0.29,0.23,0.37,0.36,0.31
GWETTOP,1988,0.5,40.625,0.22,0.15,0.22,0.41,0.39,0.34,0.26,0.26,0.27,0.19,0.35,0.31,0.28
GWETTOP,1988,0.5,41.25,0.27,0.2,0.25,0.43,0.41,0.36,0.3,0.31,0.31,0.22,0.37,0.3,0.31
GWETTOP,1988,0.5,41.875,0.28,0.21,0.28,0.48,0.47,0.41,0.32,0.33,0.34,0.24,0.4,0.32,0.34
GWETTOP,1988,1.0,34.375,0.61,0.53,0.53,0.66,0.77,0.77,0.79,0.85,0.89,0.91,0.86,0.79,0.75
GWETTOP,1988,1.0,35.0,0.5,0.41,0.44,0.67,0.83,0.83,0.86,0.92,0.91,0.9,0.86,0.77,0.74
GWETTOP,1988,1.0,35.625,0.27,0.2,0.28,0.58,0.76,0.67,0.69,0.75,0.75,0.71,0.64,0.46,0.56
GWETTOP,1988,1.0,36.25,0.25,0.17,0.24,0.38,0.49,0.41,0.43,0.45,0.43,0.38,0.38,0.37,0.37
GWETTOP,1988,1.0,36.875,0.33,0.27,0.29,0.4,0.47,0.4,0.4,0.41,0.4,0.37,0.41,0.41,0.38
GWETTOP,1988,1.0,37.5,0.32,0.27,0.28,0.38,0.41,0.35,0.31,0.27,0.26,0.25,0.41,0.42,0.33
GWETTOP,1988,1.0,38.125,0.23,0.19,0.25,0.39,0.35,0.32,0.25,0.19,0.21,0.21,0.39,0.39,0.28
GWETTOP,1988,1.0,38.75,0.23,0.18,0.25,0.42,0.37,0.33,0.26,0.2,0.24,0.22,0.4,0.4,0.29
GWETTOP,1988,1.0,39.375,0.24,0.18,0.25,0.49,0.46,0.35,0.26,0.22,0.28,0.24,0.42,0.41,0.32
GWETTOP,1988,1.0,40.0,0.22,0.17,0.22,0.44,0.43,0.34,0.27,0.23,0.28,0.22,0.37,0.36,0.3
GWETTOP,1988,1.0,40.625,0.22,0.14,0.22,0.41,0.39,0.33,0.22,0.24,0.26,0.18,0.37,0.32,0.27
GWETTOP,1988,1.0,41.25,0.25,0.16,0.25,0.45,0.45,0.37,0.25,0.29,0.3,0.2,0.4,0.33,0.31
GWETTOP,1988,1.0,41.875,0.23,0.17,0.24,0.43,0.44,0.36,0.26,0.3,0.31,0.21,0.37,0.3,0.3
GWETTOP,1988,1.5,34.375,0.29,0.23,0.35,0.53,0.67,0.63,0.66,0.71,0.71,0.7,0.64,0.52,0.55
GWETTOP,1988,1.5,35.0,0.26,0.19,0.29,0.53,0.69,0.62,0.68,0.76,0.75,0.72,0.64,0.5,0.55
GWETTOP,1988,1.5,35.625,0.17,0.14,0.21,0.42,0.51,0.41,0.5,0.55,0.5,0.43,0.41,0.35,0.38
GWETTOP,1988,1.5,36.25,0.19,0.14,0.2,0.31,0.42,0.36,0.39,0.38,0.35,0.3,0.32,0.27,0.3
GWETTOP,1988,1.5,36.875,0.34,0.28,0.3,0.37,0.41,0.36,0.35,0.33,0.3,0.27,0.38,0.39,0.34
GWETTOP,1988,1.5,37.5,0.29,0.22,0.27,0.36,0.39,0.34,0.32,0.27,0.26,0.24,0.38,0.38,0.31
GWETTOP,1988,1.5,38.125,0.25,0.2,0.26,0.44,0.36,0.32,0.28,0.23,0.23,0.24,0.42,0.4,0.3
GWETTOP,1988,1.5,38.75,0.26,0.21,0.3,0.54,0.46,0.38,0.31,0.27,0.29,0.29,0.51,0.49,0.36
GWETTOP,1988,1.5,39.375,0.24,0.19,0.24,0.5,0.47,0.37,0.31,0.25,0.28,0.24,0.43,0.41,0.33
GWETTOP,1988,1.5,40.0,0.24,0.19,0.25,0.52,0.51,0.39,0.29,0.24,0.29,0.24,0.45,0.43,0.34
GWETTOP,1988,1.5,40.625,0.24,0.16,0.24,0.46,0.44,0.33,0.22,0.25,0.27,0.2,0.42,0.36,0.3
GWETTOP,1988,1.5,41.25,0.21,0.13,0.2,0.38,0.38,0.33,0.23,0.24,0.25,0.16,0.35,0.3,0.26
GWETTOP,1988,1.5,41.875,0.21,0.14,0.23,0.43,0.44,0.34,0.21,0.28,0.29,0.19,0.37,0.3,0.29
GWETTOP,1988,2.0,34.375,0.22,0.18,0.28,0.44,0.55,0.5,0.56,0.6,0.57,0.54,0.47,0.39,0.44
GWETTOP,1988,2.0,35.0,0.17,0.15,0.24,0.41,0.51,0.45,0.52,0.56,0.53,0.47,0.44,0.38,0.4
GWETTOP,1988,2.0,35.625,0.14,0.12,0.18,0.33,0.41,0.36,0.4,0.41,0.38,0.35,0.33,0.28,0.31
GWETTOP,1988,2.0,36.25,0.18,0.14,0.19,0.3,0.4,0.31,0.32,0.27,0.26,0.22,0.29,0.24,0.26
GWETTOP,1988,2.0,36.875,0.31,0.24,0.29,0.38,0.4,0.34,0.31,0.25,0.24,0.25,0.38,0.37,0.31
GWETTOP,1988,2.0,37.5,0.29,0.21,0.28,0.39,0.4,0.34,0.28,0.2,0.22,0.23,0.38,0.38,0.3
GWETTOP,1988,2.0,38.125,0.27,0.21,0.28,0.52,0.46,0.38,0.31,0.25,0.26,0.26,0.48,0.46,0.35
GWETTOP,1988,2.0,38.75,0.25,0.2,0.27,0.53,0.47,0.39,0.34,0.29,0.28,0.27,0.48,0.45,0.35
GWETTOP,1988,2.0,39.375,0.23,0.19,0.23,0.52,0.5,0.38,0.33,0.27,0.29,0.25,0.44,0.41,0.34
GWETTOP,1988,2.0,40.0,0.24,0.19,0.25,0.57,0.57,0.4,0.33,0.29,0.31,0.26,0.48,0.44,0.36
GWETTOP,1988,2.0,40.625,0.29,0.19,0.3,0.6,0.56,0.36,0.26,0.32,0.35,0.26,0.53,0.44,0.37
GWETTOP,1988,2.0,41.25,0.23,0.15,0.24,0.45,0.42,0.31,0.2,0.26,0.27,0.19,0.4,0.34,0.29
GWETTOP,1988,2.0,41.875,0.23,0.16,0.25,0.51,0.52,0.33,0.23,0.31,0.32,0.23,0.41,0.35,0.32
GWETTOP,1988,2.5,34.375,0.23,0.19,0.26,0.42,0.49,0.43,0.51,0.53,0.48,0.45,0.41,0.35,0.4
GWETTOP,1988,2.5,35.0,0.17,0.14,0.21,0.37,0.45,0.4,0.45,0.46,0.44,0.4,0.39,0.33,0.35
GWETTOP,1988,2.5,35.625,0.15,0.11,0.18,0.33,0.4,0.35,0.36,0.37,0.35,0.3,0.29,0.23,0.29
GWETTOP,1988,2.5,36.25,0.19,0.16,0.19,0.33,0.38,0.25,0.25,0.21,0.21,0.2,0.29,0.24,0.24
GWETTOP,1988,2.5,36.875,0.26,0.22,0.25,0.37,0.38,0.32,0.25,0.18,0.2,0.22,0.36,0.34,0.28
GWETTOP,1988,2.5,37.5,0.27,0.22,0.27,0.43,0.42,0.31,0.23,0.18,0.21,0.24,0.4,0.38,0.3
GWETTOP,1988,2.5,38.125,0.27,0.22,0.27,0.53,0.49,0.38,0.3,0.23,0.26,0.26,0.44,0.43,0.34
GWETTOP,1988,2.5,38.75,0.26,0.22,0.26,0.54,0.49,0.38,0.3,0.25,0.27,0.27,0.44,0.42,0.34
GWETTOP,1988,2.5,39.375,0.24,0.2,0.24,0.55,0.52,0.38,0.33,0.28,0.3,0.28,0.42,0.4,0.35
GWETTOP,1988,2.5,40.0,0.25,0.21,0.25,0.58,0.57,0.4,0.33,0.32,0.33,0.29,0.44,0.41,0.37
GWETTOP,1988,2.5,40.625,0.25,0.2,0.27,0.54,0.52,0.35,0.24,0.3,0.35,0.27,0.46,0.38,0.34
GWETTOP,1988,2.5,41.25,0.18,0.15,0.18,0.34,0.29,0.23,0.18,0.2,0.22,0.18,0.27,0.23,0.22
GWETTOP,1988,2.5,41.875,0.18,0.15,0.18,0.37,0.35,0.27,0.21,0.25,0.26,0.23,0.28,0.24,0.25
GWETTOP,1988,3.0,34.375,0.24,0.16,0.21,0.47,0.56,0.5,0.54,0.58,0.51,0.5,0.47,0.38,0.43
GWETTOP,1988,3.0,35.0,0.19,0.13,0.19,0.38,0.46,0.39,0.41,0.42,0.38,0.35,0.35,0.31,0.33
GWETTOP,1988,3.0,35.625,0.17,0.12,0.17,0.34,0.41,0.34,0.32,0.33,0.26,0.21,0.29,0.23,0.27
GWETTOP,1988,3.0,36.25,0.21,0.18,0.19,0.36,0.36,0.25,0.23,0.17,0.16,0.2,0.33,0.28,0.24
GWETTOP,1988,3.0,36.875,0.22,0.19,0.2,0.38,0.37,0.31,0.23,0.16,0.16,0.22,0.34,0.32,0.26
GWETTOP,1988,3.0,37.5,0.22,0.19,0.22,0.44,0.37,0.27,0.18,0.14,0.16,0.23,0.35,0.31,0.26
GWETTOP,1988,3.0,38.125,0.24,0.22,0.27,0.51,0.5,0.39,0.32,0.23,0.26,0.26,0.39,0.38,0.33
GWETTOP,1988,3.0,38.75,0.26,0.25,0.29,0.59,0.56,0.42,0.32,0.26,0.31,0.31,0.43,0.41,0.37
GWETTOP,1988,3.0,39.375,0.22,0.21,0.24,0.55,0.52,0.38,0.33,0.31,0.32,0.33,0.38,0.36,0.35
GWETTOP,1988,3.0,40.0,0.22,0.22,0.25,0.55,0.55,0.4,0.32,0.32,0.35,0.33,0.4,0.37,0.36
GWETTOP,1988,3.0,40.625,0.22,0.2,0.23,0.46,0.44,0.33,0.22,0.26,0.31,0.26,0.36,0.3,0.3
GWETTOP,1988,3.0,41.25,0.18,0.17,0.19,0.38,0.33,0.25,0.19,0.22,0.25,0.21,0.29,0.23,0.24
GWETTOP,1988,3.0,41.875,0.14,0.13,0.16,0.36,0.34,0.29,0.22,0.23,0.26,0.23,0.28,0.21,0.24
GWETTOP,1988,3.5,34.375,0.25,0.15,0.22,0.42,0.53,0.45,0.48,0.52,0.43,0.46,0.42,0.36,0.39
GWETTOP,1988,3.5,35.0,0.2,0.13,0.2,0.4,0.49,0.4,0.42,0.42,0.36,0.35,0.35,0.31,0.34
GWETTOP,1988,3.5,35.625,0.18,0.13,0.19,0.39,0.44,0.35,0.34,0.34,0.27,0.23,0.31,0.24,0.28
GWETTOP,1988,3.5,36.25,0.2,0.16,0.2,0.41,0.42,0.32,0.27,0.19,0.17,0.23,0.33,0.27,0.26
GWETTOP,1988,3.5,36.875,0.22,0.18,0.22,0.45,0.45,0.36,0.32,0.2,0.17,0.27,0.35,0.33,0.29
GWETTOP,1988,3.5,37.5,0.24,0.21,0.25,0.53,0.5,0.37,0.31,0.23,0.22,0.29,0.39,0.34,0.32
GWETTOP,1988,3.5,38.125,0.23,0.23,0.31,0.57,0.62,0.45,0.37,0.32,0.32,0.34,0.38,0.36,0.38
GWETTOP,1988,3.5,38.75,0.2,0.24,0.29,0.6,0.63,0.45,0.37,0.35,0.37,0.38,0.4,0.37,0.39
GWETTOP,1988,3.5,39.375,0.22,0.25,0.3,0.61,0.66,0.49,0.41,0.39,0.42,0.42,0.45,0.41,0.42
GWETTOP,1988,3.5,40.0,0.19,0.22,0.27,0.56,0.56,0.4,0.32,0.33,0.36,0.36,0.4,0.35,0.36
GWETTOP,1988,3.5,40.625,0.23,0.24,0.29,0.57,0.56,0.39,0.23,0.29,0.39,0.33,0.45,0.33,0.36
GWETTOP,1988,3.5,41.25,0.19,0.19,0.21,0.41,0.37,0.26,0.2,0.22,0.26,0.23,0.3,0.24,0.26
GWETTOP,1988,3.5,41.875,0.13,0.13,0.15,0.34,0.29,0.22,0.16,0.18,0.2,0.2,0.24,0.17,0.2
GWETTOP,1988,4.0,34.375,0.3,0.18,0.27,0.51,0.6,0.53,0.55,0.57,0.5,0.54,0.51,0.39,0.46
GWETTOP,1988,4.0,35.0,0.24,0.17,0.25,0.51,0.61,0.49,0.49,0.51,0.42,0.44,0.41,0.33,0.41
GWETTOP,1988,4.0,35.625,0.2,0.16,0.2,0.45,0.51,0.39,0.4,0.39,0.33,0.31,0.34,0.28,0.33
GWETTOP,1988,4.0,36.25,0.18,0.16,0.2,0.46,0.49,0.36,0.33,0.26,0.19,0.27,0.32,0.25,0.29
GWETTOP,1988,4.0,36.875,0.19,0.17,0.22,0.51,0.53,0.39,0.36,0.3,0.23,0.32,0.34,0.31,0.32
GWETTOP,1988,4.0,37.5,0.2,0.19,0.24,0.55,0.58,0.43,0.38,0.31,0.26,0.35,0.36,0.32,0.35
GWETTOP,1988,4.0,38.125,0.2,0.27,0.32,0.64,0.72,0.57,0.46,0.43,0.44,0.46,0.46,0.39,0.45
GWETTOP,1988,4.0,38.75,0.24,0.34,0.4,0.74,0.85,0.72,0.61,0.54,0.54,0.56,0.59,0.49,0.55
GWETTOP,1988,4.0,39.375,0.24,0.35,0.39,0.73,0.81,0.66,0.54,0.46,0.54,0.59,0.61,0.54,0.54
GWETTOP,1988,4.0,40.0,0.19,0.25,0.31,0.61,0.62,0.47,0.35,0.32,0.41,0.44,0.45,0.37,0.4
GWETTOP,1988,4.0,40.625,0.22,0.23,0.32,0.58,0.57,0.4,0.25,0.28,0.38,0.36,0.45,0.33,0.36
GWETTOP,1988,4.0,41.25,0.18,0.16,0.22,0.41,0.39,0.31,0.2,0.19,0.25,0.24,0.31,0.23,0.26
GWETTOP,1988,4.0,41.875,0.16,0.13,0.16,0.37,0.36,0.28,0.18,0.17,0.2,0.23,0.27,0.18,0.22
GWETTOP,1988,4.5,34.375,0.35,0.22,0.33,0.63,0.66,0.54,0.59,0.63,0.53,0.6,0.55,0.38,0.5
GWETTOP,1988,4.5,35.0,0.28,0.22,0.3,0.58,0.68,0.54,0.53,0.59,0.49,0.54,0.48,0.34,0.46
GWETTOP,1988,4.5,35.625,0.21,0.2,0.21,0.49,0.57,0.42,0.42,0.46,0.38,0.39,0.36,0.31,0.37
GWETTOP,1988,4.5,36.25,0.17,0.2,0.2,0.5,0.54,0.39,0.36,0.32,0.27,0.33,0.31,0.24,0.32
GWETTOP,1988,4.5,36.875,0.16,0.18,0.21,0.5,0.55,0.43,0.39,0.36,0.33,0.38,0.35,0.3,0.35
GWETTOP,1988,4.5,37.5,0.2,0.24,0.3,0.64,0.72,0.58,0.53,0.45,0.45,0.54,0.47,0.34,0.46
GWETTOP,1988,4.5,38.125,0.22,0.33,0.37,0.7,0.82,0.71,0.61,0.55,0.54,0.61,0.58,0.46,0.54
GWETTOP,1988,4.5,38.75,0.2,0.31,0.35,0.67,0.79,0.67,0.56,0.49,0.51,0.58,0.55,0.43,0.51
GWETTOP,1988,4.5,39.375,0.19,0.25,0.3,0.59,0.62,0.51,0.42,0.35,0.42,0.48,0.45,0.37,0.41
GWETTOP,1988,4.5,40.0,0.17,0.22,0.27,0.53,0.56,0.44,0.34,0.31,0.36,0.42,0.39,0.33,0.36
GWETTOP,1988,4.5,40.625,0.18,0.18,0.27,0.46,0.46,0.38,0.24,0.23,0.32,0.34,0.34,0.26,0.3
GWETTOP,1988,4.5,41.25,0.2,0.15,0.23,0.41,0.41,0.34,0.24,0.2,0.27,0.3,0.32,0.25,0.28
GWETTOP,1988,4.5,41.875,0.16,0.12,0.17,0.4,0.4,0.3,0.17,0.17,0.23,0.27,0.3,0.19,0.24
GWETTOP,1989,-0.5,34.375,0.59,0.53,0.49,0.68,0.74,0.66,0.58,0.61,0.63,0.64,0.63,0.76,0.63
GWETTOP,1989,-0.5,35.0,0.58,0.52,0.5,0.68,0.71,0.64,0.62,0.63,0.64,0.63,0.59,0.64,0.62
GWETTOP,1989,-0.5,35.625,0.62,0.59,0.55,0.62,0.64,0.6,0.62,0.61,0.62,0.61,0.6,0.6,0.61
GWETTOP,1989,-0.5,36.25,0.55,0.52,0.5,0.57,0.61,0.55,0.58,0.56,0.56,0.56,0.56,0.56,0.56
GWETTOP,1989,-0.5,36.875,0.59,0.57,0.56,0.65,0.68,0.64,0.63,0.6,0.59,0.59,0.63,0.64,0.61
GWETTOP,1989,-0.5,37.5,0.63,0.59,0.58,0.68,0.7,0.62,0.6,0.56,0.55,0.56,0.64,0.66,0.61
GWETTOP,1989,-0.5,38.125,0.58,0.49,0.46,0.57,0.5,0.39,0.36,0.31,0.3,0.42,0.62,0.61,0.47
GWETTOP,1989,-0.5,38.75,0.5,0.38,0.37,0.51,0.43,0.33,0.31,0.28,0.27,0.39,0.58,0.55,0.41
GWETTOP,1989,-0.5,39.375,0.41,0.28,0.28,0.43,0.44,0.34,0.3,0.29,0.26,0.37,0.51,0.45,0.36
GWETTOP,1989,-0.5,40.0,0.46,0.31,0.3,0.46,0.49,0.39,0.34,0.33,0.3,0.39,0.55,0.51,0.4
GWETTOP,1989,-0.5,40.625,0.41,0.26,0.24,0.47,0.51,0.46,0.39,0.36,0.35,0.38,0.57,0.52,0.41
GWETTOP,1989,-0.5,41.25,0.41,0.26,0.23,0.48,0.52,0.47,0.38,0.35,0.36,0.38,0.58,0.52,0.41
GWETTOP,1989,-0.5,41.875,0.39,0.25,0.23,0.48,0.52,0.48,0.42,0.36,0.37,0.37,0.54,0.52,0.41
GWETTOP,1989,-1.0,34.375,0.54,0.51,0.5,0.56,0.55,0.49,0.48,0.5,0.53,0.51,0.52,0.63,0.53
GWETTOP,1989,-1.0,35.0,0.61,0.58,0.55,0.63,0.61,0.56,0.55,0.56,0.6,0.57,0.56,0.65,0.59
GWETTOP,1989,-1.0,35.625,0.59,0.56,0.52,0.61,0.62,0.55,0.53,0.5,0.53,0.52,0.52,0.57,0.55
GWETTOP,1989,-1.0,36.25,0.51,0.47,0.43,0.54,0.61,0.56,0.51,0.45,0.48,0.46,0.45,0.49,0.5
GWETTOP,1989,-1.0,36.875,0.64,0.58,0.55,0.63,0.67,0.56,0.5,0.46,0.46,0.49,0.57,0.63,0.56
GWETTOP,1989,-1.0,37.5,0.63,0.58,0.56,0.65,0.68,0.61,0.55,0.48,0.48,0.5,0.59,0.62,0.58
GWETTOP,1989,-1.0,38.125,0.58,0.43,0.45,0.6,0.49,0.38,0.36,0.32,0.31,0.45,0.66,0.61,0.47
GWETTOP,1989,-1.0,38.75,0.55,0.36,0.39,0.57,0.47,0.32,0.32,0.29,0.28,0.43,0.64,0.58,0.43
GWETTOP,1989,-1.0,39.375,0.45,0.26,0.3,0.53,0.52,0.35,0.31,0.32,0.29,0.43,0.62,0.48,0.41
GWETTOP,1989,-1.0,40.0,0.54,0.31,0.34,0.58,0.6,0.43,0.37,0.37,0.34,0.48,0.66,0.59,0.47
GWETTOP,1989,-1.0,40.625,0.45,0.27,0.26,0.51,0.54,0.49,0.42,0.38,0.38,0.4,0.6,0.54,0.44
GWETTOP,1989,-1.0,41.25,0.44,0.28,0.25,0.49,0.52,0.49,0.43,0.39,0.39,0.39,0.58,0.54,0.43
GWETTOP,1989,-1.0,41.875,0.36,0.26,0.23,0.42,0.43,0.41,0.37,0.33,0.33,0.32,0.47,0.45,0.37
GWETTOP,1989,-1.5,34.375,0.64,0.61,0.48,0.63,0.58,0.39,0.37,0.46,0.57,0.5,0.42,0.67,0.53
GWETTOP,1989,-1.5,35.0,0.68,0.64,0.56,0.64,0.62,0.52,0.42,0.45,0.55,0.51,0.49,0.66,0.56
GWETTOP,1989,-1.5,35.625,0.64,0.63,0.53,0.62,0.65,0.54,0.49,0.45,0.47,0.47,0.49,0.57,0.55
GWETTOP,1989,-1.5,36.25,0.46,0.45,0.42,0.47,0.52,0.44,0.37,0.33,0.37,0.36,0.39,0.43,0.42
GWETTOP,1989,-1.5,36.875,0.68,0.65,0.63,0.68,0.7,0.6,0.4,0.35,0.47,0.5,0.63,0.66,0.58
GWETTOP,1989,-1.5,37.5,0.61,0.54,0.53,0.63,0.63,0.51,0.44,0.35,0.4,0.46,0.57,0.63,0.52
GWETTOP,1989,-1.5,38.125,0.55,0.47,0.47,0.6,0.55,0.47,0.44,0.42,0.39,0.46,0.59,0.6,0.5
GWETTOP,1989,-1.5,38.75,0.54,0.38,0.42,0.59,0.52,0.38,0.36,0.34,0.31,0.46,0.62,0.59,0.46
GWETTOP,1989,-1.5,39.375,0.49,0.3,0.37,0.57,0.57,0.41,0.37,0.35,0.31,0.46,0.61,0.56,0.45
GWETTOP,1989,-1.5,40.0,0.51,0.31,0.35,0.64,0.65,0.55,0.47,0.44,0.4,0.51,0.68,0.62,0.51
GWETTOP,1989,-1.5,40.625,0.46,0.28,0.28,0.56,0.57,0.51,0.47,0.43,0.41,0.43,0.61,0.56,0.47
GWETTOP,1989,-1.5,41.25,0.45,0.3,0.26,0.53,0.56,0.5,0.47,0.41,0.4,0.4,0.59,0.58,0.45
GWETTOP,1989,-1.5,41.875,0.64,0.6,0.55,0.66,0.68,0.65,0.63,0.62,0.61,0.61,0.69,0.7,0.64
GWETTOP,1989,-1.7975103014118005e-13,34.375,0.56,0.48,0.48,0.61,0.69,0.64,0.59,0.65,0.64,0.67,0.62,0.65,0.61
GWETTOP,1989,-1.7975103014118005e-13,35.0,0.65,0.59,0.54,0.71,0.76,0.74,0.75,0.79,0.79,0.8,0.74,0.73,0.72
GWETTOP,1989,-1.7975103014118005e-13,35.625,0.7,0.65,0.6,0.68,0.72,0.71,0.73,0.76,0.77,0.78,0.76,0.74,0.72
GWETTOP,1989,-1.7975103014118005e-13,36.25,0.51,0.48,0.46,0.54,0.58,0.52,0.58,0.61,0.58,0.57,0.54,0.53,0.54
GWETTOP,1989,-1.7975103014118005e-13,36.875,0.53,0.52,0.51,0.61,0.63,0.56,0.58,0.57,0.55,0.54,0.58,0.61,0.57
GWETTOP,1989,-1.7975103014118005e-13,37.5,0.63,0.59,0.57,0.68,0.71,0.62,0.6,0.58,0.56,0.57,0.66,0.71,0.62
GWETTOP,1989,-1.7975103014118005e-13,38.125,0.53,0.47,0.43,0.52,0.47,0.37,0.34,0.29,0.27,0.39,0.55,0.59,0.43
GWETTOP,1989,-1.7975103014118005e-13,38.75,0.42,0.37,0.34,0.42,0.39,0.33,0.29,0.24,0.22,0.34,0.47,0.48,0.36
GWETTOP,1989,-1.7975103014118005e-13,39.375,0.36,0.3,0.26,0.37,0.39,0.33,0.29,0.26,0.21,0.32,0.42,0.41,0.33
GWETTOP,1989,-1.7975103014118005e-13,40.0,0.36,0.31,0.26,0.37,0.42,0.36,0.33,0.29,0.25,0.33,0.43,0.44,0.35
GWETTOP,1989,-1.7975103014118005e-13,40.625,0.34,0.25,0.21,0.41,0.49,0.41,0.35,0.31,0.28,0.36,0.48,0.45,0.36
GWETTOP,1989,-1.7975103014118005e-13,41.25,0.33,0.25,0.22,0.43,0.5,0.41,0.34,0.31,0.31,0.38,0.51,0.46,0.37
GWETTOP,1989,-1.7975103014118005e-13,41.875,0.34,0.26,0.26,0.5,0.58,0.48,0.42,0.35,0.35,0.42,0.53,0.51,0.42
GWETTOP,1989,-2.0,34.375,0.68,0.65,0.5,0.63,0.53,0.3,0.28,0.39,0.53,0.41,0.41,0.67,0.5
GWETTOP,1989,-2.0,35.0,0.75,0.69,0.6,0.65,0.64,0.52,0.33,0.36,0.51,0.44,0.49,0.66,0.55
GWETTOP,1989,-2.0,35.625,0.7,0.68,0.58,0.64,0.65,0.56,0.47,0.36,0.43,0.42,0.49,0.59,0.55
GWETTOP,1989,-2.0,36.25,0.42,0.4,0.37,0.39,0.39,0.3,0.2,0.19,0.26,0.23,0.31,0.37,0.32
GWETTOP,1989,-2.0,36.875,0.66,0.63,0.62,0.65,0.65,0.52,0.3,0.29,0.4,0.44,0.61,0.64,0.53
GWETTOP,1989,-2.0,37.5,0.6,0.54,0.53,0.6,0.58,0.46,0.33,0.29,0.36,0.43,0.55,0.6,0.49
GWETTOP,1989,-2.0,38.125,0.52,0.44,0.44,0.56,0.51,0.43,0.38,0.35,0.33,0.42,0.54,0.57,0.46
GWETTOP,1989,-2.0,38.75,0.56,0.39,0.44,0.62,0.56,0.42,0.38,0.37,0.34,0.48,0.62,0.6,0.48
GWETTOP,1989,-2.0,39.375,0.55,0.35,0.43,0.65,0.65,0.53,0.48,0.45,0.39,0.51,0.65,0.63,0.52
GWETTOP,1989,-2.0,40.0,0.48,0.31,0.37,0.65,0.65,0.55,0.5,0.46,0.41,0.49,0.63,0.6,0.51
GWETTOP,1989,-2.0,40.625,0.45,0.3,0.3,0.61,0.61,0.54,0.48,0.46,0.44,0.44,0.6,0.57,0.48
GWETTOP,1989,-2.0,41.25,0.45,0.38,0.34,0.54,0.54,0.49,0.46,0.46,0.45,0.44,0.53,0.52,0.47
GWETTOP,1989,-2.0,41.875,0.67,0.66,0.62,0.7,0.71,0.69,0.67,0.67,0.66,0.65,0.71,0.73,0.68
GWETTOP,1989,-2.5,34.375,0.68,0.65,0.51,0.55,0.49,0.34,0.23,0.32,0.43,0.33,0.39,0.58,0.46
GWETTOP,1989,-2.5,35.0,0.77,0.75,0.57,0.6,0.56,0.48,0.28,0.3,0.41,0.32,0.42,0.58,0.5
GWETTOP,1989,-2.5,35.625,0.75,0.7,0.54,0.58,0.55,0.47,0.27,0.24,0.32,0.27,0.4,0.55,0.47
GWETTOP,1989,-2.5,36.25,0.54,0.49,0.44,0.46,0.44,0.31,0.22,0.2,0.24,0.22,0.33,0.46,0.36
GWETTOP,1989,-2.5,36.875,0.68,0.64,0.59,0.62,0.62,0.44,0.25,0.25,0.31,0.35,0.52,0.62,0.49
GWETTOP,1989,-2.5,37.5,0.68,0.6,0.54,0.61,0.61,0.47,0.27,0.29,0.32,0.37,0.54,0.64,0.49
GWETTOP,1989,-2.5,38.125,0.59,0.5,0.48,0.57,0.54,0.46,0.37,0.35,0.3,0.43,0.57,0.61,0.48
GWETTOP,1989,-2.5,38.75,0.59,0.4,0.44,0.61,0.57,0.42,0.37,0.38,0.34,0.46,0.61,0.62,0.48
GWETTOP,1989,-2.5,39.375,0.64,0.4,0.49,0.72,0.73,0.64,0.59,0.57,0.48,0.57,0.71,0.71,0.61
GWETTOP,1989,-2.5,40.0,0.42,0.31,0.35,0.56,0.57,0.5,0.44,0.41,0.38,0.43,0.54,0.53,0.45
GWETTOP,1989,-2.5,40.625,0.51,0.45,0.44,0.64,0.65,0.61,0.55,0.53,0.52,0.53,0.62,0.61,0.56
GWETTOP,1989,-2.5,41.25,1.0,1.0,1.0,1.0,1.0,1.0,1.0,1.0,1.0,1.0,1.0,1.0,1.0
GWETTOP,1989,-2.5,41.875,1.0,1.0,1.0,1.0,1.0,1.0,1.0,1.0,1.0,1.0,1.0,1.0,1.0
GWETTOP,1989,-3.0,34.375,0.8,0.77,0.55,0.57,0.51,0.42,0.24,0.27,0.35,0.28,0.37,0.56,0.47
GWETTOP,1989,-3.0,35.0,0.85,0.82,0.61,0.65,0.59,0.49,0.35,0.28,0.33,0.26,0.36,0.55,0.51
GWETTOP,1989,-3.0,35.625,0.85,0.83,0.69,0.75,0.72,0.57,0.49,0.45,0.34,0.27,0.38,0.56,0.57
GWETTOP,1989,-3.0,36.25,0.78,0.7,0.59,0.63,0.62,0.56,0.34,0.29,0.28,0.23,0.37,0.6,0.5
GWETTOP,1989,-3.0,36.875,0.79,0.7,0.61,0.72,0.8,0.67,0.57,0.5,0.36,0.35,0.53,0.69,0.61
GWETTOP,1989,-3.0,37.5,0.67,0.61,0.52,0.61,0.67,0.57,0.47,0.46,0.39,0.33,0.45,0.58,0.53
GWETTOP,1989,-3.0,38.125,0.56,0.48,0.45,0.53,0.52,0.46,0.38,0.38,0.31,0.39,0.52,0.57,0.46
GWETTOP,1989,-3.0,38.75,0.59,0.35,0.39,0.56,0.55,0.41,0.36,0.38,0.32,0.42,0.58,0.6,0.46
GWETTOP,1989,-3.0,39.375,0.62,0.35,0.45,0.67,0.69,0.62,0.57,0.55,0.46,0.53,0.68,0.68,0.57
GWETTOP,1989,-3.0,40.0,0.41,0.32,0.34,0.47,0.51,0.46,0.41,0.4,0.37,0.39,0.48,0.49,0.42
GWETTOP,1989,-3.0,40.625,0.77,0.75,0.75,0.8,0.83,0.82,0.79,0.78,0.76,0.77,0.81,0.82,0.79
GWETTOP,1989,-3.0,41.25,1.0,1.0,1.0,1.0,1.0,1.0,1.0,1.0,1.0,1.0,1.0,1.0,1.0
GWETTOP,1989,-3.0,41.875,1.0,1.0,1.0,1.0,1.0,1.0,1.0,1.0,1.0,1.0,1.0,1.0,1.0
GWETTOP,1989,-3.5,34.375,0.79,0.77,0.57,0.56,0.51,0.4,0.21,0.23,0.26,0.24,0.32,0.57,0.45
GWETTOP,1989,-3.5,35.0,0.8,0.77,0.6,0.63,0.55,0.47,0.36,0.27,0.27,0.23,0.32,0.53,0.48
GWETTOP,1989,-3.5,35.625,0.76,0.72,0.6,0.67,0.61,0.52,0.49,0.44,0.32,0.25,0.35,0.52,0.52
GWETTOP,1989,-3.5,36.25,0.73,0.63,0.52,0.61,0.6,0.51,0.39,0.28,0.22,0.22,0.35,0.52,0.46
GWETTOP,1989,-3.5,36.875,0.66,0.57,0.49,0.62,0.69,0.55,0.49,0.42,0.28,0.28,0.4,0.51,0.5
GWETTOP,1989,-3.5,37.5,0.54,0.48,0.43,0.56,0.6,0.52,0.47,0.43,0.3,0.31,0.43,0.49,0.46
GWETTOP,1989,-3.5,38.125,0.55,0.37,0.4,0.54,0.53,0.45,0.4,0.41,0.32,0.39,0.51,0.54,0.45
GWETTOP,1989,-3.5,38.75,0.56,0.39,0.42,0.57,0.55,0.47,0.44,0.45,0.38,0.44,0.54,0.56,0.48
GWETTOP,1989,-3.5,39.375,0.59,0.33,0.44,0.65,0.68,0.63,0.58,0.57,0.47,0.51,0.64,0.64,0.56
GWETTOP,1989,-3.5,40.0,0.57,0.46,0.5,0.62,0.64,0.59,0.56,0.55,0.5,0.54,0.6,0.61,0.56
GWETTOP,1989,-3.5,40.625,0.92,0.91,0.92,0.93,0.94,0.94,0.93,0.93,0.92,0.92,0.94,0.94,0.93
GWETTOP,1989,-3.5,41.25,1.0,1.0,1.0,1.0,1.0,1.0,1.0,1.0,1.0,1.0,1.0,1.0,1.0
GWETTOP,1989,-3.5,41.875,1.0,1.0,1.0,1.0,1.0,1.0,1.0,1.0,1.0,1.0,1.0,1.0,1.0
GWETTOP,1989,-4.0,34.375,0.71,0.68,0.55,0.55,0.5,0.41,0.27,0.24,0.22,0.21,0.28,0.57,0.43
GWETTOP,1989,-4.0,35.0,0.78,0.74,0.65,0.69,0.63,0.54,0.47,0.4,0.32,0.29,0.35,0.59,0.54
GWETTOP,1989,-4.0,35.625,0.76,0.72,0.64,0.7,0.66,0.58,0.54,0.49,0.45,0.38,0.39,0.53,0.57
GWETTOP,1989,-4.0,36.25,0.71,0.61,0.53,0.63,0.6,0.5,0.46,0.38,0.27,0.25,0.35,0.5,0.48
GWETTOP,1989,-4.0,36.875,0.65,0.54,0.51,0.63,0.64,0.53,0.48,0.45,0.34,0.31,0.39,0.51,0.5
GWETTOP,1989,-4.0,37.5,0.61,0.5,0.48,0.61,0.6,0.52,0.47,0.43,0.34,0.35,0.45,0.52,0.49
GWETTOP,1989,-4.0,38.125,0.62,0.39,0.44,0.64,0.6,0.5,0.44,0.45,0.34,0.43,0.57,0.58,0.5
GWETTOP,1989,-4.0,38.75,0.57,0.34,0.42,0.63,0.61,0.5,0.47,0.49,0.39,0.45,0.55,0.55,0.5
GWETTOP,1989,-4.0,39.375,0.48,0.29,0.37,0.58,0.62,0.54,0.48,0.46,0.4,0.42,0.52,0.51,0.47
GWETTOP,1989,-4.0,40.0,0.56,0.49,0.52,0.64,0.65,0.58,0.54,0.54,0.51,0.53,0.57,0.58,0.56
GWETTOP,1989,-4.0,40.625,1.0,1.0,1.0,1.0,1.0,1.0,1.0,1.0,1.0,1.0,1.0,1.0,1.0
GWETTOP,1989,-4.0,41.25,1.0,1.0,1.0,1.0,1.0,1.0,1.0,1.0,1.0,1.0,1.0,1.0,1.0
GWETTOP,1989,-4.0,41.875,1.0,1.0,1.0,1.0,1.0,1.0,1.0,1.0,1.0,1.0,1.0,1.0,1.0
GWETTOP,1989,-4.5,34.375,0.62,0.54,0.48,0.52,0.48,0.4,0.36,0.33,0.27,0.25,0.28,0.54,0.42
GWETTOP,1989,-4.5,35.0,0.72,0.6,0.57,0.66,0.6,0.51,0.45,0.42,0.36,0.34,0.37,0.57,0.51
GWETTOP,1989,-4.5,35.625,0.71,0.62,0.58,0.67,0.62,0.55,0.49,0.45,0.42,0.39,0.39,0.49,0.53
GWETTOP,1989,-4.5,36.25,0.7,0.57,0.53,0.64,0.59,0.5,0.47,0.45,0.35,0.33,0.37,0.51,0.5
GWETTOP,1989,-4.5,36.875,0.66,0.52,0.52,0.65,0.61,0.52,0.49,0.47,0.41,0.38,0.42,0.53,0.52
GWETTOP,1989,-4.5,37.5,0.64,0.51,0.51,0.64,0.61,0.54,0.5,0.48,0.41,0.4,0.45,0.53,0.52
GWETTOP,1989,-4.5,38.125,0.68,0.54,0.55,0.71,0.7,0.65,0.61,0.6,0.48,0.53,0.62,0.63,0.61
GWETTOP,1989,-4.5,38.75,0.65,0.49,0.52,0.7,0.71,0.64,0.6,0.59,0.49,0.53,0.61,0.61,0.6
GWETTOP,1989,-4.5,39.375,0.47,0.36,0.4,0.56,0.57,0.48,0.44,0.42,0.39,0.41,0.45,0.45,0.45
GWETTOP,1989,-4.5,40.0,0.95,0.95,0.95,0.96,0.96,0.95,0.95,0.95,0.95,0.95,0.95,0.95,0.95
GWETTOP,1989,-4.5,40.625,1.0,1.0,1.0,1.0,1.0,1.0,1.0,1.0,1.0,1.0,1.0,1.0,1.0
GWETTOP,1989,-4.5,41.25,1.0,1.0,1.0,1.0,1.0,1.0,1.0,1.0,1.0,1.0,1.0,1.0,1.0
GWETTOP,1989,-4.5,41.875,1.0,1.0,1.0,1.0,1.0,1.0,1.0,1.0,1.0,1.0,1.0,1.0,1.0
GWETTOP,1989,0.5,34.375,0.55,0.48,0.48,0.57,0.62,0.6,0.61,0.66,0.64,0.68,0.62,0.6,0.59
GWETTOP,1989,0.5,35.0,0.67,0.6,0.55,0.67,0.73,0.74,0.76,0.81,0.8,0.83,0.79,0.75,0.73
GWETTOP,1989,0.5,35.625,0.56,0.49,0.45,0.59,0.68,0.68,0.68,0.74,0.72,0.74,0.69,0.64,0.64
GWETTOP,1989,0.5,36.25,0.41,0.37,0.33,0.46,0.51,0.46,0.51,0.56,0.48,0.47,0.45,0.44,0.45
GWETTOP,1989,0.5,36.875,0.55,0.54,0.48,0.58,0.6,0.51,0.56,0.58,0.52,0.49,0.56,0.61,0.55
GWETTOP,1989,0.5,37.5,0.44,0.43,0.4,0.46,0.45,0.38,0.39,0.35,0.33,0.35,0.45,0.53,0.41
GWETTOP,1989,0.5,38.125,0.42,0.39,0.35,0.41,0.39,0.33,0.29,0.21,0.22,0.33,0.45,0.51,0.36
GWETTOP,1989,0.5,38.75,0.4,0.36,0.33,0.38,0.37,0.32,0.26,0.19,0.17,0.3,0.42,0.47,0.33
GWETTOP,1989,0.5,39.375,0.39,0.32,0.26,0.38,0.43,0.36,0.28,0.23,0.19,0.32,0.43,0.47,0.34
GWETTOP,1989,0.5,40.0,0.35,0.29,0.21,0.36,0.46,0.37,0.31,0.25,0.2,0.32,0.41,0.44,0.33
GWETTOP,1989,0.5,40.625,0.28,0.22,0.18,0.37,0.47,0.36,0.31,0.25,0.21,0.33,0.4,0.39,0.31
GWETTOP,1989,0.5,41.25,0.27,0.24,0.21,0.39,0.48,0.38,0.34,0.31,0.28,0.36,0.42,0.4,0.34
GWETTOP,1989,0.5,41.875,0.26,0.24,0.24,0.45,0.57,0.44,0.38,0.32,0.31,0.42,0.46,0.44,0.38
GWETTOP,1989,1.0,34.375,0.72,0.65,0.6,0.67,0.72,0.72,0.73,0.77,0.77,0.81,0.78,0.75,0.72
GWETTOP,1989,1.0,35.0,0.67,0.57,0.52,0.66,0.77,0.78,0.78,0.82,0.8,0.85,0.8,0.77,0.73
GWETTOP,1989,1.0,35.625,0.4,0.38,0.35,0.52,0.68,0.62,0.56,0.6,0.5,0.56,0.48,0.48,0.51
GWETTOP,1989,1.0,36.25,0.34,0.31,0.25,0.38,0.39,0.35,0.4,0.41,0.35,0.33,0.35,0.38,0.35
GWETTOP,1989,1.0,36.875,0.39,0.38,0.36,0.4,0.4,0.36,0.39,0.38,0.35,0.35,0.4,0.44,0.38
GWETTOP,1989,1.0,37.5,0.4,0.39,0.36,0.41,0.37,0.3,0.3,0.23,0.22,0.26,0.41,0.49,0.34
GWETTOP,1989,1.0,38.125,0.37,0.35,0.32,0.36,0.33,0.25,0.21,0.15,0.15,0.24,0.4,0.42,0.3
GWETTOP,1989,1.0,38.75,0.38,0.34,0.3,0.36,0.36,0.28,0.21,0.17,0.15,0.26,0.41,0.44,0.3
GWETTOP,1989,1.0,39.375,0.4,0.31,0.24,0.38,0.43,0.34,0.23,0.2,0.18,0.31,0.44,0.5,0.33
GWETTOP,1989,1.0,40.0,0.34,0.26,0.19,0.37,0.44,0.36,0.29,0.23,0.19,0.32,0.4,0.43,0.32
GWETTOP,1989,1.0,40.625,0.29,0.21,0.17,0.38,0.47,0.37,0.29,0.21,0.19,0.33,0.4,0.41,0.31
GWETTOP,1989,1.0,41.25,0.28,0.22,0.19,0.43,0.53,0.43,0.34,0.27,0.24,0.38,0.46,0.44,0.35
GWETTOP,1989,1.0,41.875,0.24,0.19,0.19,0.42,0.54,0.4,0.32,0.27,0.25,0.39,0.43,0.4,0.34
GWETTOP,1989,1.5,34.375,0.43,0.36,0.36,0.53,0.61,0.56,0.57,0.57,0.54,0.59,0.51,0.48,0.51
GWETTOP,1989,1.5,35.0,0.4,0.37,0.33,0.5,0.61,0.55,0.54,0.53,0.49,0.56,0.49,0.47,0.49
GWETTOP,1989,1.5,35.625,0.3,0.28,0.24,0.39,0.46,0.39,0.39,0.38,0.33,0.37,0.35,0.36,0.35
GWETTOP,1989,1.5,36.25,0.24,0.24,0.21,0.33,0.32,0.24,0.32,0.3,0.21,0.22,0.29,0.3,0.27
GWETTOP,1989,1.5,36.875,0.37,0.36,0.36,0.4,0.37,0.33,0.33,0.26,0.22,0.26,0.39,0.44,0.34
GWETTOP,1989,1.5,37.5,0.35,0.34,0.31,0.38,0.35,0.26,0.28,0.22,0.2,0.24,0.38,0.41,0.31
GWETTOP,1989,1.5,38.125,0.37,0.35,0.32,0.38,0.34,0.28,0.24,0.19,0.17,0.26,0.43,0.43,0.31
GWETTOP,1989,1.5,38.75,0.45,0.38,0.33,0.45,0.4,0.28,0.25,0.22,0.19,0.31,0.51,0.52,0.36
GWETTOP,1989,1.5,39.375,0.39,0.34,0.25,0.4,0.44,0.35,0.29,0.23,0.19,0.32,0.44,0.49,0.34
GWETTOP,1989,1.5,40.0,0.4,0.32,0.24,0.41,0.46,0.37,0.26,0.22,0.19,0.33,0.46,0.52,0.35
GWETTOP,1989,1.5,40.625,0.33,0.24,0.17,0.42,0.51,0.39,0.27,0.21,0.2,0.34,0.46,0.48,0.34
GWETTOP,1989,1.5,41.25,0.28,0.17,0.14,0.35,0.45,0.36,0.31,0.21,0.19,0.33,0.39,0.38,0.3
GWETTOP,1989,1.5,41.875,0.26,0.15,0.16,0.41,0.52,0.39,0.26,0.22,0.23,0.39,0.43,0.39,0.32
GWETTOP,1989,2.0,34.375,0.3,0.28,0.29,0.48,0.5,0.43,0.48,0.45,0.4,0.47,0.39,0.36,0.4
GWETTOP,1989,2.0,35.0,0.3,0.27,0.25,0.43,0.47,0.4,0.42,0.39,0.34,0.39,0.38,0.37,0.37
GWETTOP,1989,2.0,35.625,0.21,0.22,0.21,0.34,0.37,0.3,0.3,0.26,0.21,0.27,0.29,0.3,0.27
GWETTOP,1989,2.0,36.25,0.2,0.24,0.22,0.29,0.28,0.18,0.25,0.18,0.16,0.18,0.29,0.25,0.23
GWETTOP,1989,2.0,36.875,0.33,0.34,0.34,0.39,0.35,0.28,0.27,0.19,0.19,0.24,0.38,0.38,0.31
GWETTOP,1989,2.0,37.5,0.34,0.34,0.33,0.39,0.35,0.27,0.23,0.16,0.17,0.24,0.38,0.41,0.3
GWETTOP,1989,2.0,38.125,0.42,0.41,0.36,0.44,0.42,0.32,0.26,0.2,0.17,0.31,0.47,0.48,0.35
GWETTOP,1989,2.0,38.75,0.42,0.39,0.36,0.44,0.43,0.34,0.3,0.23,0.19,0.32,0.47,0.49,0.36
GWETTOP,1989,2.0,39.375,0.38,0.35,0.27,0.41,0.47,0.37,0.32,0.25,0.2,0.33,0.45,0.48,0.36
GWETTOP,1989,2.0,40.0,0.4,0.35,0.28,0.44,0.53,0.41,0.32,0.26,0.21,0.36,0.49,0.53,0.38
GWETTOP,1989,2.0,40.625,0.37,0.27,0.21,0.57,0.67,0.47,0.27,0.26,0.26,0.45,0.6,0.58,0.42
GWETTOP,1989,2.0,41.25,0.3,0.21,0.17,0.44,0.52,0.4,0.28,0.21,0.21,0.35,0.46,0.44,0.33
GWETTOP,1989,2.0,41.875,0.27,0.17,0.16,0.5,0.62,0.4,0.26,0.25,0.26,0.44,0.52,0.4,0.35
GWETTOP,1989,2.5,34.375,0.3,0.28,0.27,0.46,0.45,0.37,0.46,0.37,0.36,0.4,0.35,0.34,0.37
GWETTOP,1989,2.5,35.0,0.28,0.27,0.22,0.39,0.41,0.36,0.38,0.33,0.27,0.31,0.33,0.34,0.32
GWETTOP,1989,2.5,35.625,0.22,0.25,0.21,0.33,0.35,0.27,0.26,0.23,0.18,0.23,0.29,0.29,0.26
GWETTOP,1989,2.5,36.25,0.2,0.27,0.23,0.3,0.29,0.16,0.2,0.15,0.14,0.18,0.3,0.26,0.22
GWETTOP,1989,2.5,36.875,0.27,0.33,0.32,0.38,0.34,0.24,0.2,0.15,0.14,0.21,0.36,0.35,0.27
GWETTOP,1989,2.5,37.5,0.31,0.36,0.34,0.41,0.36,0.26,0.2,0.15,0.15,0.25,0.4,0.4,0.3
GWETTOP,1989,2.5,38.125,0.39,0.41,0.37,0.44,0.44,0.36,0.28,0.18,0.17,0.31,0.44,0.47,0.35
GWETTOP,1989,2.5,38.75,0.38,0.4,0.35,0.44,0.45,0.36,0.28,0.21,0.18,0.32,0.45,0.46,0.36
GWETTOP,1989,2.5,39.375,0.36,0.36,0.31,0.42,0.52,0.39,0.33,0.26,0.2,0.34,0.44,0.45,0.37
GWETTOP,1989,2.5,40.0,0.37,0.37,0.3,0.46,0.58,0.43,0.34,0.3,0.22,0.36,0.47,0.49,0.39
GWETTOP,1989,2.5,40.625,0.32,0.28,0.23,0.51,0.63,0.46,0.29,0.26,0.25,0.38,0.51,0.48,0.38
GWETTOP,1989,2.5,41.25,0.2,0.18,0.17,0.33,0.4,0.26,0.21,0.19,0.19,0.24,0.33,0.26,0.25
GWETTOP,1989,2.5,41.875,0.2,0.15,0.16,0.35,0.43,0.3,0.24,0.22,0.22,0.3,0.35,0.28,0.27
GWETTOP,1989,3.0,34.375,0.3,0.29,0.27,0.48,0.49,0.47,0.5,0.44,0.39,0.44,0.4,0.4,0.41
GWETTOP,1989,3.0,35.0,0.26,0.29,0.22,0.36,0.38,0.35,0.35,0.31,0.23,0.28,0.32,0.35,0.31
GWETTOP,1989,3.0,35.625,0.21,0.31,0.2,0.34,0.34,0.24,0.23,0.19,0.17,0.21,0.29,0.31,0.25
GWETTOP,1989,3.0,36.25,0.2,0.33,0.26,0.35,0.31,0.16,0.17,0.13,0.13,0.19,0.33,0.33,0.24
GWETTOP,1989,3.0,36.875,0.23,0.33,0.29,0.36,0.34,0.22,0.18,0.14,0.13,0.21,0.35,0.34,0.26
GWETTOP,1989,3.0,37.5,0.24,0.32,0.28,0.38,0.33,0.22,0.15,0.12,0.12,0.22,0.37,0.34,0.26
GWETTOP,1989,3.0,38.125,0.35,0.41,0.37,0.43,0.46,0.37,0.3,0.18,0.17,0.28,0.4,0.43,0.35
GWETTOP,1989,3.0,38.75,0.37,0.42,0.36,0.47,0.53,0.42,0.31,0.21,0.19,0.33,0.45,0.46,0.38
GWETTOP,1989,3.0,39.375,0.34,0.36,0.31,0.42,0.57,0.4,0.34,0.29,0.21,0.33,0.41,0.41,0.37
GWETTOP,1989,3.0,40.0,0.34,0.35,0.3,0.45,0.62,0.44,0.35,0.31,0.24,0.35,0.43,0.43,0.38
GWETTOP,1989,3.0,40.625,0.27,0.26,0.24,0.44,0.56,0.41,0.28,0.24,0.23,0.31,0.4,0.39,0.34
GWETTOP,1989,3.0,41.25,0.21,0.18,0.19,0.36,0.44,0.3,0.23,0.2,0.21,0.26,0.33,0.28,0.27
GWETTOP,1989,3.0,41.875,0.17,0.12,0.15,0.33,0.41,0.3,0.26,0.2,0.2,0.29,0.32,0.29,0.25
GWETTOP,1989,3.5,34.375,0.32,0.3,0.29,0.4,0.43,0.42,0.43,0.38,0.36,0.39,0.39,0.38,0.37
GWETTOP,1989,3.5,35.0,0.26,0.3,0.25,0.37,0.39,0.36,0.35,0.28,0.23,0.3,0.33,0.35,0.31
GWETTOP,1989,3.5,35.625,0.22,0.32,0.23,0.36,0.38,0.3,0.25,0.19,0.18,0.22,0.31,0.33,0.27
GWETTOP,1989,3.5,36.25,0.22,0.32,0.25,0.38,0.38,0.27,0.2,0.14,0.16,0.24,0.33,0.34,0.27
GWETTOP,1989,3.5,36.875,0.25,0.33,0.3,0.4,0.41,0.34,0.26,0.16,0.17,0.27,0.36,0.35,0.3
GWETTOP,1989,3.5,37.5,0.28,0.37,0.32,0.46,0.47,0.34,0.27,0.19,0.19,0.3,0.41,0.4,0.33
GWETTOP,1989,3.5,38.125,0.34,0.39,0.37,0.46,0.56,0.43,0.36,0.3,0.24,0.34,0.39,0.4,0.38
GWETTOP,1989,3.5,38.75,0.33,0.36,0.34,0.47,0.6,0.45,0.38,0.33,0.28,0.36,0.42,0.4,0.39
GWETTOP,1989,3.5,39.375,0.35,0.38,0.34,0.5,0.7,0.53,0.44,0.38,0.33,0.4,0.45,0.46,0.44
GWETTOP,1989,3.5,40.0,0.31,0.32,0.29,0.49,0.67,0.47,0.36,0.32,0.27,0.37,0.43,0.44,0.4
GWETTOP,1989,3.5,40.625,0.29,0.28,0.32,0.59,0.69,0.52,0.31,0.26,0.27,0.41,0.5,0.5,0.41
GWETTOP,1989,3.5,41.25,0.2,0.19,0.23,0.42,0.5,0.35,0.25,0.21,0.22,0.29,0.35,0.33,0.3
GWETTOP,1989,3.5,41.875,0.13,0.1,0.14,0.31,0.38,0.24,0.19,0.16,0.16,0.25,0.29,0.24,0.22
GWETTOP,1989,4.0,34.375,0.37,0.38,0.37,0.5,0.52,0.47,0.46,0.36,0.4,0.47,0.48,0.47,0.44
GWETTOP,1989,4.0,35.0,0.31,0.37,0.31,0.47,0.5,0.4,0.39,0.29,0.29,0.36,0.4,0.43,0.38
GWETTOP,1989,4.0,35.625,0.25,0.34,0.28,0.39,0.44,0.37,0.33,0.27,0.22,0.27,0.32,0.36,0.32
GWETTOP,1989,4.0,36.25,0.24,0.31,0.25,0.4,0.44,0.35,0.27,0.17,0.21,0.28,0.33,0.34,0.3
GWETTOP,1989,4.0,36.875,0.25,0.32,0.28,0.44,0.49,0.38,0.34,0.23,0.26,0.33,0.37,0.36,0.34
GWETTOP,1989,4.0,37.5,0.27,0.33,0.3,0.48,0.54,0.41,0.35,0.25,0.28,0.37,0.4,0.37,0.36
GWETTOP,1989,4.0,38.125,0.35,0.35,0.36,0.56,0.68,0.53,0.46,0.4,0.37,0.46,0.47,0.46,0.45
GWETTOP,1989,4.0,38.75,0.44,0.44,0.39,0.69,0.8,0.68,0.61,0.47,0.43,0.59,0.61,0.6,0.56
GWETTOP,1989,4.0,39.375,0.39,0.4,0.38,0.7,0.83,0.69,0.61,0.46,0.41,0.59,0.63,0.64,0.56
GWETTOP,1989,4.0,40.0,0.26,0.3,0.32,0.61,0.74,0.54,0.45,0.33,0.31,0.47,0.49,0.5,0.44
GWETTOP,1989,4.0,40.625,0.25,0.28,0.33,0.66,0.73,0.54,0.35,0.26,0.28,0.48,0.51,0.53,0.43
GWETTOP,1989,4.0,41.25,0.17,0.16,0.23,0.47,0.54,0.38,0.3,0.2,0.2,0.33,0.36,0.36,0.31
GWETTOP,1989,4.0,41.875,0.14,0.1,0.17,0.37,0.46,0.33,0.27,0.17,0.17,0.3,0.33,0.3,0.26
GWETTOP,1989,4.5,34.375,0.38,0.42,0.47,0.57,0.62,0.43,0.51,0.33,0.47,0.55,0.58,0.51,0.49
GWETTOP,1989,4.5,35.0,0.33,0.44,0.37,0.54,0.59,0.45,0.43,0.31,0.36,0.43,0.46,0.5,0.43
GWETTOP,1989,4.5,35.625,0.25,0.37,0.34,0.42,0.52,0.42,0.38,0.34,0.29,0.31,0.33,0.38,0.36
GWETTOP,1989,4.5,36.25,0.24,0.32,0.26,0.42,0.52,0.4,0.34,0.25,0.27,0.32,0.33,0.36,0.34
GWETTOP,1989,4.5,36.875,0.24,0.27,0.25,0.45,0.55,0.44,0.39,0.33,0.35,0.39,0.39,0.37,0.37
GWETTOP,1989,4.5,37.5,0.33,0.32,0.33,0.61,0.69,0.57,0.51,0.39,0.46,0.55,0.53,0.47,0.48
GWETTOP,1989,4.5,38.125,0.4,0.36,0.37,0.69,0.78,0.66,0.6,0.47,0.47,0.6,0.6,0.59,0.55
GWETTOP,1989,4.5,38.75,0.37,0.33,0.35,0.66,0.76,0.62,0.56,0.43,0.43,0.57,0.57,0.57,0.52
GWETTOP,1989,4.5,39.375,0.25,0.25,0.31,0.61,0.7,0.55,0.48,0.36,0.35,0.5,0.5,0.5,0.45
GWETTOP,1989,4.5,40.0,0.22,0.21,0.27,0.54,0.64,0.48,0.41,0.3,0.31,0.43,0.44,0.44,0.39
GWETTOP,1989,4.5,40.625,0.17,0.19,0.27,0.6,0.68,0.46,0.38,0.26,0.26,0.41,0.41,0.42,0.38
GWETTOP,1989,4.5,41.25,0.16,0.14,0.25,0.55,0.65,0.43,0.35,0.27,0.23,0.35,0.37,0.38,0.35
GWETTOP,1989,4.5,41.875,0.14,0.11,0.2,0.45,0.57,0.38,0.3,0.17,0.18,0.34,0.35,0.33,0.29
GWETTOP,1990,-0.5,34.375,0.81,0.71,0.85,0.93,0.91,0.82,0.68,0.6,0.54,0.53,0.62,0.6,0.72
GWETTOP,1990,-0.5,35.0,0.72,0.66,0.8,0.86,0.86,0.81,0.73,0.67,0.62,0.6,0.65,0.59,0.71
GWETTOP,1990,-0.5,35.625,0.61,0.59,0.68,0.74,0.75,0.72,0.69,0.67,0.65,0.62,0.65,0.6,0.66
GWETTOP,1990,-0.5,36.25,0.54,0.49,0.59,0.65,0.63,0.58,0.57,0.55,0.53,0.51,0.56,0.52,0.56
GWETTOP,1990,-0.5,36.875,0.62,0.55,0.63,0.7,0.68,0.64,0.59,0.56,0.52,0.52,0.6,0.59,0.6
GWETTOP,1990,-0.5,37.5,0.62,0.54,0.64,0.72,0.68,0.59,0.53,0.51,0.49,0.51,0.6,0.61,0.59
GWETTOP,1990,-0.5,38.125,0.55,0.48,0.58,0.61,0.49,0.41,0.35,0.32,0.28,0.41,0.55,0.6,0.47
GWETTOP,1990,-0.5,38.75,0.46,0.39,0.51,0.54,0.41,0.34,0.31,0.29,0.26,0.38,0.5,0.54,0.41
GWETTOP,1990,-0.5,39.375,0.34,0.32,0.42,0.48,0.39,0.31,0.29,0.26,0.25,0.35,0.44,0.45,0.36
GWETTOP,1990,-0.5,40.0,0.39,0.35,0.45,0.53,0.46,0.36,0.33,0.3,0.29,0.39,0.47,0.49,0.4
GWETTOP,1990,-0.5,40.625,0.36,0.33,0.42,0.56,0.52,0.42,0.36,0.32,0.3,0.43,0.44,0.47,0.41
GWETTOP,1990,-0.5,41.25,0.36,0.33,0.43,0.58,0.53,0.42,0.37,0.33,0.31,0.44,0.44,0.48,0.42
GWETTOP,1990,-0.5,41.875,0.36,0.31,0.4,0.56,0.55,0.46,0.38,0.32,0.29,0.43,0.44,0.47,0.41
GWETTOP,1990,-1.0,34.375,0.72,0.65,0.76,0.83,0.81,0.71,0.57,0.51,0.47,0.46,0.52,0.54,0.63
GWETTOP,1990,-1.0,35.0,0.75,0.71,0.85,0.9,0.89,0.82,0.75,0.68,0.6,0.57,0.61,0.58,0.73
GWETTOP,1990,-1.0,35.625,0.66,0.61,0.78,0.84,0.85,0.8,0.74,0.67,0.6,0.55,0.59,0.53,0.69
GWETTOP,1990,-1.0,36.25,0.56,0.45,0.61,0.71,0.72,0.66,0.58,0.5,0.44,0.42,0.49,0.43,0.55
GWETTOP,1990,-1.0,36.875,0.6,0.49,0.6,0.73,0.69,0.55,0.48,0.37,0.33,0.44,0.56,0.58,0.54
GWETTOP,1990,-1.0,37.5,0.6,0.5,0.61,0.73,0.68,0.57,0.49,0.46,0.4,0.46,0.56,0.57,0.55
GWETTOP,1990,-1.0,38.125,0.53,0.45,0.59,0.63,0.46,0.38,0.35,0.31,0.28,0.43,0.59,0.62,0.47
GWETTOP,1990,-1.0,38.75,0.48,0.39,0.56,0.6,0.41,0.32,0.3,0.28,0.26,0.41,0.57,0.59,0.43
GWETTOP,1990,-1.0,39.375,0.33,0.32,0.49,0.57,0.44,0.3,0.27,0.26,0.28,0.41,0.54,0.51,0.39
GWETTOP,1990,-1.0,40.0,0.43,0.39,0.56,0.63,0.54,0.39,0.35,0.33,0.32,0.47,0.6,0.58,0.47
GWETTOP,1990,-1.0,40.625,0.38,0.34,0.45,0.61,0.57,0.45,0.41,0.37,0.34,0.47,0.48,0.49,0.45
GWETTOP,1990,-1.0,41.25,0.42,0.35,0.44,0.6,0.57,0.46,0.43,0.36,0.33,0.46,0.45,0.48,0.45
GWETTOP,1990,-1.0,41.875,0.35,0.29,0.36,0.49,0.5,0.4,0.35,0.3,0.28,0.37,0.37,0.4,0.37
GWETTOP,1990,-1.5,34.375,0.79,0.67,0.82,0.86,0.73,0.56,0.38,0.39,0.34,0.44,0.56,0.56,0.59
GWETTOP,1990,-1.5,35.0,0.82,0.7,0.88,0.91,0.83,0.67,0.52,0.43,0.39,0.43,0.56,0.53,0.64
GWETTOP,1990,-1.5,35.625,0.75,0.61,0.84,0.88,0.84,0.71,0.55,0.47,0.43,0.41,0.51,0.49,0.62
GWETTOP,1990,-1.5,36.25,0.53,0.41,0.53,0.64,0.55,0.42,0.34,0.26,0.27,0.33,0.4,0.38,0.42
GWETTOP,1990,-1.5,36.875,0.68,0.51,0.67,0.79,0.67,0.51,0.29,0.27,0.34,0.49,0.62,0.63,0.54
GWETTOP,1990,-1.5,37.5,0.6,0.48,0.58,0.71,0.61,0.49,0.36,0.29,0.33,0.43,0.54,0.58,0.5
GWETTOP,1990,-1.5,38.125,0.56,0.49,0.56,0.64,0.55,0.48,0.44,0.41,0.38,0.43,0.54,0.56,0.5
GWETTOP,1990,-1.5,38.75,0.5,0.42,0.56,0.6,0.46,0.37,0.33,0.31,0.3,0.42,0.58,0.57,0.45
GWETTOP,1990,-1.5,39.375,0.42,0.37,0.53,0.58,0.48,0.35,0.32,0.3,0.3,0.42,0.58,0.53,0.43
GWETTOP,1990,-1.5,40.0,0.45,0.41,0.57,0.67,0.62,0.47,0.41,0.38,0.37,0.51,0.63,0.57,0.51
GWETTOP,1990,-1.5,40.625,0.42,0.37,0.48,0.65,0.62,0.49,0.46,0.41,0.37,0.48,0.52,0.51,0.48
GWETTOP,1990,-1.5,41.25,0.45,0.36,0.46,0.63,0.62,0.49,0.45,0.36,0.31,0.46,0.48,0.5,0.46
GWETTOP,1990,-1.5,41.875,0.63,0.61,0.63,0.74,0.73,0.65,0.63,0.61,0.57,0.63,0.64,0.65,0.64
GWETTOP,1990,-1.7975103014118005e-13,34.375,0.68,0.62,0.74,0.84,0.83,0.78,0.7,0.64,0.61,0.62,0.63,0.57,0.69
GWETTOP,1990,-1.7975103014118005e-13,35.0,0.76,0.72,0.81,0.88,0.87,0.84,0.81,0.79,0.76,0.73,0.75,0.67,0.78
GWETTOP,1990,-1.7975103014118005e-13,35.625,0.73,0.71,0.76,0.83,0.83,0.8,0.79,0.78,0.77,0.73,0.75,0.69,0.76
GWETTOP,1990,-1.7975103014118005e-13,36.25,0.51,0.47,0.54,0.63,0.58,0.52,0.55,0.55,0.52,0.49,0.53,0.48,0.53
GWETTOP,1990,-1.7975103014118005e-13,36.875,0.58,0.51,0.58,0.66,0.61,0.53,0.52,0.51,0.47,0.46,0.53,0.53,0.54
GWETTOP,1990,-1.7975103014118005e-13,37.5,0.67,0.58,0.64,0.72,0.68,0.58,0.53,0.51,0.47,0.48,0.58,0.61,0.59
GWETTOP,1990,-1.7975103014118005e-13,38.125,0.53,0.46,0.53,0.59,0.49,0.4,0.34,0.3,0.25,0.35,0.48,0.54,0.44
GWETTOP,1990,-1.7975103014118005e-13,38.75,0.41,0.37,0.44,0.49,0.39,0.34,0.29,0.25,0.21,0.31,0.41,0.45,0.36
GWETTOP,1990,-1.7975103014118005e-13,39.375,0.34,0.31,0.36,0.44,0.36,0.32,0.27,0.21,0.19,0.29,0.37,0.4,0.32
GWETTOP,1990,-1.7975103014118005e-13,40.0,0.35,0.33,0.37,0.46,0.39,0.35,0.31,0.25,0.22,0.31,0.37,0.4,0.34
GWETTOP,1990,-1.7975103014118005e-13,40.625,0.33,0.29,0.38,0.53,0.44,0.37,0.32,0.26,0.22,0.36,0.38,0.42,0.36
GWETTOP,1990,-1.7975103014118005e-13,41.25,0.31,0.3,0.4,0.55,0.46,0.37,0.34,0.3,0.27,0.39,0.41,0.45,0.38
GWETTOP,1990,-1.7975103014118005e-13,41.875,0.34,0.33,0.43,0.63,0.56,0.47,0.4,0.32,0.28,0.44,0.48,0.5,0.43
GWETTOP,1990,-2.0,34.375,0.79,0.68,0.82,0.86,0.7,0.47,0.32,0.33,0.31,0.42,0.52,0.52,0.56
GWETTOP,1990,-2.0,35.0,0.82,0.68,0.88,0.91,0.79,0.6,0.41,0.31,0.34,0.41,0.57,0.53,0.6
GWETTOP,1990,-2.0,35.625,0.76,0.62,0.84,0.87,0.78,0.61,0.49,0.35,0.33,0.39,0.52,0.52,0.59
GWETTOP,1990,-2.0,36.25,0.45,0.36,0.45,0.51,0.4,0.32,0.2,0.15,0.18,0.24,0.3,0.31,0.32
GWETTOP,1990,-2.0,36.875,0.66,0.49,0.66,0.76,0.64,0.42,0.23,0.21,0.28,0.46,0.59,0.61,0.5
GWETTOP,1990,-2.0,37.5,0.59,0.48,0.59,0.71,0.58,0.43,0.27,0.22,0.27,0.42,0.54,0.56,0.47
GWETTOP,1990,-2.0,38.125,0.53,0.46,0.54,0.62,0.52,0.44,0.39,0.34,0.32,0.41,0.51,0.53,0.47
GWETTOP,1990,-2.0,38.75,0.52,0.45,0.59,0.64,0.51,0.42,0.38,0.35,0.33,0.47,0.61,0.58,0.49
GWETTOP,1990,-2.0,39.375,0.51,0.44,0.59,0.65,0.57,0.46,0.4,0.37,0.35,0.49,0.64,0.59,0.51
GWETTOP,1990,-2.0,40.0,0.46,0.41,0.56,0.64,0.59,0.47,0.42,0.37,0.36,0.49,0.6,0.54,0.49
GWETTOP,1990,-2.0,40.625,0.45,0.39,0.51,0.63,0.62,0.49,0.45,0.4,0.36,0.48,0.52,0.5,0.48
GWETTOP,1990,-2.0,41.25,0.45,0.42,0.47,0.59,0.56,0.47,0.45,0.44,0.39,0.46,0.47,0.47,0.47
GWETTOP,1990,-2.0,41.875,0.67,0.66,0.68,0.76,0.75,0.68,0.67,0.66,0.62,0.67,0.68,0.68,0.68
GWETTOP,1990,-2.5,34.375,0.69,0.59,0.79,0.83,0.67,0.47,0.33,0.3,0.26,0.34,0.49,0.48,0.52
GWETTOP,1990,-2.5,35.0,0.75,0.61,0.86,0.9,0.78,0.57,0.44,0.31,0.27,0.32,0.5,0.5,0.57
GWETTOP,1990,-2.5,35.625,0.68,0.56,0.81,0.84,0.69,0.52,0.36,0.2,0.21,0.29,0.47,0.49,0.51
GWETTOP,1990,-2.5,36.25,0.5,0.43,0.54,0.62,0.49,0.41,0.29,0.2,0.17,0.24,0.33,0.38,0.38
GWETTOP,1990,-2.5,36.875,0.65,0.54,0.66,0.78,0.65,0.45,0.24,0.2,0.21,0.38,0.53,0.61,0.49
GWETTOP,1990,-2.5,37.5,0.64,0.53,0.66,0.79,0.64,0.44,0.23,0.22,0.23,0.41,0.54,0.61,0.49
GWETTOP,1990,-2.5,38.125,0.57,0.52,0.62,0.69,0.59,0.5,0.43,0.34,0.3,0.45,0.54,0.58,0.51
GWETTOP,1990,-2.5,38.75,0.54,0.48,0.63,0.67,0.55,0.45,0.4,0.37,0.35,0.5,0.59,0.6,0.51
GWETTOP,1990,-2.5,39.375,0.6,0.55,0.7,0.74,0.69,0.59,0.51,0.45,0.43,0.62,0.69,0.68,0.6
GWETTOP,1990,-2.5,40.0,0.41,0.4,0.5,0.56,0.51,0.41,0.38,0.35,0.34,0.45,0.51,0.48,0.44
GWETTOP,1990,-2.5,40.625,0.52,0.5,0.56,0.63,0.62,0.53,0.51,0.5,0.48,0.56,0.57,0.56,0.55
GWETTOP,1990,-2.5,41.25,1.0,1.0,1.0,1.0,1.0,1.0,1.0,1.0,1.0,1.0,1.0,1.0,1.0
GWETTOP,1990,-2.5,41.875,1.0,1.0,1.0,1.0,1.0,1.0,1.0,1.0,1.0,1.0,1.0,1.0,1.0
GWETTOP,1990,-3.0,34.375,0.67,0.56,0.82,0.86,0.71,0.51,0.37,0.26,0.25,0.3,0.48,0.5,0.52
GWETTOP,1990,-3.0,35.0,0.68,0.58,0.87,0.91,0.8,0.58,0.48,0.31,0.25,0.29,0.48,0.5,0.56
GWETTOP,1990,-3.0,35.625,0.67,0.6,0.88,0.93,0.85,0.71,0.55,0.48,0.35,0.34,0.48,0.52,0.61
GWETTOP,1990,-3.0,36.25,0.66,0.6,0.78,0.86,0.74,0.6,0.46,0.26,0.19,0.29,0.46,0.51,0.53
GWETTOP,1990,-3.0,36.875,0.71,0.62,0.77,0.91,0.82,0.64,0.53,0.36,0.25,0.42,0.58,0.68,0.61
GWETTOP,1990,-3.0,37.5,0.61,0.53,0.67,0.83,0.75,0.59,0.47,0.44,0.33,0.39,0.48,0.56,0.55
GWETTOP,1990,-3.0,38.125,0.53,0.51,0.62,0.68,0.58,0.51,0.46,0.41,0.34,0.45,0.48,0.55,0.51
GWETTOP,1990,-3.0,38.75,0.49,0.47,0.64,0.68,0.53,0.45,0.4,0.37,0.35,0.47,0.51,0.59,0.5
GWETTOP,1990,-3.0,39.375,0.54,0.53,0.7,0.73,0.66,0.58,0.49,0.45,0.43,0.62,0.63,0.66,0.59
GWETTOP,1990,-3.0,40.0,0.4,0.4,0.48,0.54,0.48,0.4,0.38,0.36,0.34,0.43,0.44,0.45,0.43
GWETTOP,1990,-3.0,40.625,0.77,0.76,0.78,0.82,0.82,0.77,0.76,0.76,0.76,0.79,0.79,0.78,0.78
GWETTOP,1990,-3.0,41.25,1.0,1.0,1.0,1.0,1.0,1.0,1.0,1.0,1.0,1.0,1.0,1.0,1.0
GWETTOP,1990,-3.0,41.875,1.0,1.0,1.0,1.0,1.0,1.0,1.0,1.0,1.0,1.0,1.0,1.0,1.0
GWETTOP,1990,-3.5,34.375,0.67,0.55,0.82,0.82,0.65,0.47,0.29,0.19,0.21,0.29,0.46,0.49,0.49
GWETTOP,1990,-3.5,35.0,0.61,0.56,0.82,0.86,0.74,0.56,0.46,0.34,0.25,0.29,0.46,0.49,0.54
GWETTOP,1990,-3.5,35.625,0.56,0.56,0.79,0.84,0.76,0.64,0.54,0.49,0.41,0.35,0.47,0.51,0.58
GWETTOP,1990,-3.5,36.25,0.58,0.52,0.72,0.8,0.66,0.52,0.4,0.24,0.18,0.29,0.46,0.52,0.49
GWETTOP,1990,-3.5,36.875,0.55,0.48,0.65,0.78,0.68,0.52,0.46,0.29,0.21,0.35,0.47,0.53,0.5
GWETTOP,1990,-3.5,37.5,0.48,0.39,0.56,0.68,0.58,0.49,0.46,0.34,0.24,0.36,0.45,0.49,0.46
GWETTOP,1990,-3.5,38.125,0.46,0.44,0.6,0.66,0.51,0.44,0.4,0.36,0.32,0.42,0.47,0.54,0.47
GWETTOP,1990,-3.5,38.75,0.48,0.47,0.64,0.68,0.56,0.49,0.46,0.43,0.41,0.48,0.5,0.56,0.51
GWETTOP,1990,-3.5,39.375,0.49,0.51,0.68,0.72,0.65,0.57,0.48,0.44,0.43,0.61,0.58,0.62,0.57
GWETTOP,1990,-3.5,40.0,0.54,0.55,0.65,0.69,0.63,0.57,0.53,0.5,0.49,0.57,0.57,0.6,0.57
GWETTOP,1990,-3.5,40.625,0.92,0.92,0.93,0.94,0.94,0.93,0.92,0.92,0.92,0.93,0.93,0.93,0.93
GWETTOP,1990,-3.5,41.25,1.0,1.0,1.0,1.0,1.0,1.0,1.0,1.0,1.0,1.0,1.0,1.0,1.0
GWETTOP,1990,-3.5,41.875,1.0,1.0,1.0,1.0,1.0,1.0,1.0,1.0,1.0,1.0,1.0,1.0,1.0
GWETTOP,1990,-4.0,34.375,0.63,0.55,0.75,0.72,0.57,0.46,0.33,0.24,0.21,0.27,0.43,0.47,0.47
GWETTOP,1990,-4.0,35.0,0.63,0.61,0.81,0.82,0.73,0.62,0.54,0.46,0.37,0.36,0.51,0.54,0.58
GWETTOP,1990,-4.0,35.625,0.57,0.58,0.77,0.81,0.74,0.64,0.57,0.52,0.47,0.45,0.51,0.53,0.6
GWETTOP,1990,-4.0,36.25,0.55,0.52,0.69,0.73,0.61,0.51,0.47,0.36,0.25,0.31,0.47,0.51,0.5
GWETTOP,1990,-4.0,36.875,0.55,0.5,0.65,0.7,0.6,0.5,0.47,0.37,0.27,0.36,0.5,0.54,0.5
GWETTOP,1990,-4.0,37.5,0.53,0.47,0.63,0.66,0.57,0.51,0.46,0.38,0.31,0.38,0.5,0.54,0.5
GWETTOP,1990,-4.0,38.125,0.49,0.47,0.69,0.72,0.56,0.48,0.41,0.36,0.33,0.45,0.52,0.58,0.51
GWETTOP,1990,-4.0,38.75,0.44,0.48,0.67,0.7,0.55,0.47,0.42,0.39,0.36,0.46,0.52,0.55,0.5
GWETTOP,1990,-4.0,39.375,0.4,0.44,0.57,0.65,0.56,0.45,0.41,0.38,0.37,0.47,0.47,0.49,0.47
GWETTOP,1990,-4.0,40.0,0.53,0.56,0.67,0.71,0.64,0.57,0.53,0.51,0.51,0.54,0.56,0.58,0.58
GWETTOP,1990,-4.0,40.625,1.0,1.0,1.0,1.0,1.0,1.0,1.0,1.0,1.0,1.0,1.0,1.0,1.0
GWETTOP,1990,-4.0,41.25,1.0,1.0,1.0,1.0,1.0,1.0,1.0,1.0,1.0,1.0,1.0,1.0,1.0
GWETTOP,1990,-4.0,41.875,1.0,1.0,1.0,1.0,1.0,1.0,1.0,1.0,1.0,1.0,1.0,1.0,1.0
GWETTOP,1990,-4.5,34.375,0.53,0.49,0.64,0.6,0.51,0.45,0.4,0.36,0.32,0.32,0.41,0.43,0.45
GWETTOP,1990,-4.5,35.0,0.57,0.56,0.75,0.75,0.66,0.57,0.51,0.45,0.4,0.39,0.51,0.48,0.55
GWETTOP,1990,-4.5,35.625,0.51,0.52,0.71,0.74,0.66,0.59,0.53,0.48,0.43,0.42,0.51,0.47,0.55
GWETTOP,1990,-4.5,36.25,0.54,0.52,0.66,0.68,0.57,0.5,0.47,0.43,0.34,0.36,0.5,0.5,0.51
GWETTOP,1990,-4.5,36.875,0.55,0.5,0.65,0.67,0.57,0.49,0.47,0.43,0.35,0.4,0.53,0.54,0.51
GWETTOP,1990,-4.5,37.5,0.55,0.49,0.65,0.67,0.58,0.52,0.49,0.44,0.37,0.41,0.53,0.54,0.52
GWETTOP,1990,-4.5,38.125,0.59,0.57,0.77,0.79,0.72,0.65,0.58,0.5,0.46,0.54,0.6,0.64,0.62
GWETTOP,1990,-4.5,38.75,0.55,0.55,0.75,0.78,0.71,0.63,0.56,0.49,0.45,0.53,0.59,0.62,0.6
GWETTOP,1990,-4.5,39.375,0.41,0.44,0.57,0.62,0.54,0.45,0.41,0.4,0.38,0.41,0.44,0.45,0.46
GWETTOP,1990,-4.5,40.0,0.95,0.95,0.96,0.96,0.96,0.95,0.95,0.95,0.95,0.95,0.95,0.95,0.95
GWETTOP,1990,-4.5,40.625,1.0,1.0,1.0,1.0,1.0,1.0,1.0,1.0,1.0,1.0,1.0,1.0,1.0
GWETTOP,1990,-4.5,41.25,1.0,1.0,1.0,1.0,1.0,1.0,1.0,1.0,1.0,1.0,1.0,1.0,1.0
GWETTOP,1990,-4.5,41.875,1.0,1.0,1.0,1.0,1.0,1.0,1.0,1.0,1.0,1.0,1.0,1.0,1.0
GWETTOP,1990,0.5,34.375,0.59,0.58,0.64,0.73,0.71,0.69,0.69,0.7,0.68,0.66,0.63,0.57,0.66
GWETTOP,1990,0.5,35.0,0.74,0.71,0.76,0.84,0.83,0.81,0.81,0.82,0.8,0.76,0.75,0.67,0.78
GWETTOP,1990,0.5,35.625,0.59,0.55,0.62,0.72,0.71,0.67,0.66,0.65,0.61,0.54,0.56,0.48,0.61
GWETTOP,1990,0.5,36.25,0.41,0.36,0.43,0.52,0.47,0.42,0.46,0.48,0.45,0.4,0.42,0.38,0.43
GWETTOP,1990,0.5,36.875,0.57,0.49,0.56,0.62,0.55,0.41,0.5,0.53,0.48,0.42,0.53,0.54,0.52
GWETTOP,1990,0.5,37.5,0.47,0.41,0.45,0.52,0.44,0.37,0.34,0.33,0.28,0.3,0.4,0.44,0.4
GWETTOP,1990,0.5,38.125,0.42,0.38,0.43,0.52,0.41,0.35,0.29,0.24,0.17,0.28,0.39,0.44,0.36
GWETTOP,1990,0.5,38.75,0.4,0.36,0.4,0.48,0.39,0.33,0.26,0.2,0.15,0.26,0.38,0.42,0.34
GWETTOP,1990,0.5,39.375,0.38,0.33,0.38,0.49,0.4,0.33,0.24,0.17,0.15,0.28,0.39,0.42,0.33
GWETTOP,1990,0.5,40.0,0.34,0.3,0.36,0.5,0.41,0.34,0.25,0.18,0.15,0.28,0.36,0.4,0.32
GWETTOP,1990,0.5,40.625,0.29,0.25,0.36,0.54,0.41,0.34,0.26,0.19,0.15,0.29,0.35,0.39,0.32
GWETTOP,1990,0.5,41.25,0.29,0.29,0.38,0.55,0.43,0.38,0.34,0.3,0.25,0.33,0.37,0.42,0.36
GWETTOP,1990,0.5,41.875,0.29,0.31,0.41,0.64,0.51,0.43,0.37,0.31,0.26,0.39,0.43,0.47,0.4
GWETTOP,1990,1.0,34.375,0.74,0.71,0.74,0.8,0.79,0.8,0.8,0.82,0.83,0.81,0.79,0.75,0.78
GWETTOP,1990,1.0,35.0,0.73,0.66,0.75,0.83,0.82,0.81,0.79,0.82,0.81,0.74,0.73,0.65,0.76
GWETTOP,1990,1.0,35.625,0.44,0.44,0.52,0.62,0.57,0.48,0.46,0.48,0.47,0.41,0.45,0.41,0.48
GWETTOP,1990,1.0,36.25,0.34,0.3,0.36,0.39,0.35,0.27,0.36,0.38,0.35,0.28,0.32,0.34,0.34
GWETTOP,1990,1.0,36.875,0.4,0.37,0.41,0.43,0.37,0.34,0.35,0.36,0.34,0.31,0.36,0.39,0.37
GWETTOP,1990,1.0,37.5,0.42,0.37,0.42,0.45,0.37,0.32,0.27,0.26,0.19,0.26,0.37,0.43,0.34
GWETTOP,1990,1.0,38.125,0.36,0.35,0.38,0.43,0.35,0.31,0.24,0.2,0.14,0.24,0.36,0.4,0.31
GWETTOP,1990,1.0,38.75,0.38,0.36,0.39,0.45,0.36,0.31,0.25,0.19,0.15,0.25,0.38,0.41,0.32
GWETTOP,1990,1.0,39.375,0.39,0.33,0.39,0.5,0.4,0.3,0.19,0.16,0.15,0.27,0.4,0.44,0.33
GWETTOP,1990,1.0,40.0,0.33,0.27,0.36,0.51,0.4,0.34,0.22,0.17,0.15,0.27,0.36,0.4,0.32
GWETTOP,1990,1.0,40.625,0.28,0.23,0.37,0.59,0.44,0.35,0.24,0.16,0.13,0.28,0.35,0.41,0.32
GWETTOP,1990,1.0,41.25,0.29,0.26,0.41,0.64,0.52,0.44,0.35,0.24,0.18,0.32,0.4,0.47,0.38
GWETTOP,1990,1.0,41.875,0.24,0.25,0.37,0.62,0.48,0.39,0.3,0.23,0.17,0.34,0.4,0.44,0.35
GWETTOP,1990,1.5,34.375,0.46,0.45,0.54,0.62,0.58,0.58,0.57,0.6,0.56,0.5,0.48,0.45,0.53
GWETTOP,1990,1.5,35.0,0.44,0.43,0.53,0.59,0.56,0.52,0.5,0.52,0.48,0.42,0.44,0.42,0.49
GWETTOP,1990,1.5,35.625,0.32,0.33,0.39,0.42,0.39,0.33,0.34,0.34,0.32,0.29,0.33,0.33,0.34
GWETTOP,1990,1.5,36.25,0.24,0.24,0.33,0.33,0.24,0.19,0.27,0.28,0.23,0.2,0.26,0.3,0.26
GWETTOP,1990,1.5,36.875,0.4,0.37,0.42,0.42,0.36,0.31,0.26,0.25,0.21,0.25,0.36,0.41,0.33
GWETTOP,1990,1.5,37.5,0.37,0.35,0.39,0.41,0.33,0.24,0.26,0.23,0.19,0.24,0.35,0.39,0.31
GWETTOP,1990,1.5,38.125,0.37,0.37,0.41,0.47,0.36,0.32,0.29,0.24,0.19,0.27,0.39,0.41,0.34
GWETTOP,1990,1.5,38.75,0.45,0.42,0.48,0.54,0.43,0.34,0.28,0.24,0.2,0.32,0.47,0.5,0.39
GWETTOP,1990,1.5,39.375,0.39,0.35,0.39,0.54,0.43,0.34,0.26,0.18,0.15,0.27,0.4,0.44,0.34
GWETTOP,1990,1.5,40.0,0.4,0.33,0.39,0.53,0.44,0.34,0.22,0.17,0.15,0.28,0.42,0.45,0.34
GWETTOP,1990,1.5,40.625,0.31,0.24,0.44,0.68,0.54,0.39,0.25,0.17,0.14,0.29,0.39,0.48,0.36
GWETTOP,1990,1.5,41.25,0.27,0.2,0.36,0.62,0.47,0.36,0.3,0.18,0.13,0.27,0.34,0.4,0.33
GWETTOP,1990,1.5,41.875,0.2,0.2,0.37,0.66,0.48,0.36,0.22,0.16,0.13,0.32,0.38,0.45,0.33
GWETTOP,1990,2.0,34.375,0.34,0.36,0.46,0.52,0.47,0.47,0.48,0.5,0.41,0.36,0.37,0.36,0.43
GWETTOP,1990,2.0,35.0,0.33,0.32,0.43,0.46,0.42,0.39,0.38,0.39,0.31,0.29,0.34,0.35,0.37
GWETTOP,1990,2.0,35.625,0.24,0.27,0.35,0.36,0.3,0.23,0.25,0.24,0.2,0.21,0.27,0.28,0.27
GWETTOP,1990,2.0,36.25,0.23,0.25,0.32,0.29,0.2,0.16,0.19,0.2,0.17,0.17,0.25,0.3,0.23
GWETTOP,1990,2.0,36.875,0.36,0.36,0.4,0.39,0.32,0.23,0.2,0.2,0.18,0.24,0.36,0.39,0.3
GWETTOP,1990,2.0,37.5,0.37,0.36,0.4,0.42,0.34,0.24,0.2,0.17,0.15,0.24,0.36,0.4,0.3
GWETTOP,1990,2.0,38.125,0.42,0.44,0.47,0.54,0.44,0.37,0.29,0.22,0.16,0.29,0.44,0.46,0.38
GWETTOP,1990,2.0,38.75,0.41,0.43,0.46,0.55,0.45,0.38,0.32,0.25,0.19,0.3,0.44,0.46,0.39
GWETTOP,1990,2.0,39.375,0.37,0.35,0.4,0.58,0.46,0.36,0.29,0.19,0.15,0.28,0.41,0.45,0.36
GWETTOP,1990,2.0,40.0,0.38,0.35,0.43,0.61,0.51,0.38,0.29,0.18,0.16,0.3,0.45,0.49,0.38
GWETTOP,1990,2.0,40.625,0.28,0.29,0.6,0.82,0.67,0.43,0.24,0.19,0.17,0.38,0.5,0.61,0.43
GWETTOP,1990,2.0,41.25,0.26,0.23,0.47,0.72,0.56,0.4,0.27,0.18,0.14,0.29,0.38,0.47,0.36
GWETTOP,1990,2.0,41.875,0.2,0.21,0.43,0.74,0.59,0.35,0.23,0.18,0.16,0.4,0.45,0.56,0.38
GWETTOP,1990,2.5,34.375,0.33,0.34,0.41,0.46,0.4,0.39,0.43,0.45,0.32,0.32,0.34,0.35,0.38
GWETTOP,1990,2.5,35.0,0.31,0.3,0.37,0.4,0.35,0.34,0.32,0.32,0.23,0.25,0.3,0.33,0.32
GWETTOP,1990,2.5,35.625,0.24,0.26,0.32,0.34,0.27,0.24,0.21,0.21,0.17,0.19,0.25,0.27,0.25
GWETTOP,1990,2.5,36.25,0.25,0.27,0.32,0.31,0.2,0.16,0.15,0.15,0.13,0.17,0.25,0.28,0.22
GWETTOP,1990,2.5,36.875,0.34,0.35,0.36,0.37,0.28,0.17,0.15,0.16,0.13,0.21,0.33,0.35,0.27
GWETTOP,1990,2.5,37.5,0.37,0.38,0.41,0.44,0.33,0.23,0.17,0.16,0.13,0.24,0.36,0.39,0.3
GWETTOP,1990,2.5,38.125,0.4,0.44,0.47,0.58,0.46,0.36,0.26,0.18,0.14,0.29,0.41,0.43,0.37
GWETTOP,1990,2.5,38.75,0.39,0.42,0.45,0.58,0.45,0.36,0.27,0.19,0.15,0.3,0.41,0.43,0.37
GWETTOP,1990,2.5,39.375,0.36,0.37,0.4,0.59,0.47,0.37,0.3,0.18,0.16,0.31,0.4,0.43,0.36
GWETTOP,1990,2.5,40.0,0.35,0.36,0.44,0.67,0.54,0.4,0.31,0.21,0.17,0.34,0.43,0.46,0.39
GWETTOP,1990,2.5,40.625,0.27,0.31,0.52,0.74,0.6,0.41,0.24,0.21,0.2,0.39,0.44,0.52,0.4
GWETTOP,1990,2.5,41.25,0.18,0.21,0.33,0.56,0.36,0.24,0.19,0.17,0.16,0.26,0.27,0.33,0.27
GWETTOP,1990,2.5,41.875,0.18,0.19,0.29,0.53,0.38,0.28,0.22,0.2,0.19,0.31,0.31,0.36,0.29
GWETTOP,1990,3.0,34.375,0.41,0.37,0.47,0.49,0.45,0.43,0.46,0.48,0.36,0.38,0.39,0.38,0.42
GWETTOP,1990,3.0,35.0,0.35,0.32,0.35,0.38,0.35,0.32,0.26,0.24,0.18,0.26,0.3,0.32,0.3
GWETTOP,1990,3.0,35.625,0.3,0.27,0.3,0.36,0.28,0.2,0.16,0.16,0.13,0.18,0.22,0.25,0.23
GWETTOP,1990,3.0,36.25,0.28,0.32,0.33,0.36,0.23,0.13,0.12,0.13,0.1,0.18,0.25,0.27,0.22
GWETTOP,1990,3.0,36.875,0.32,0.34,0.34,0.37,0.29,0.16,0.13,0.14,0.11,0.2,0.28,0.29,0.25
GWETTOP,1990,3.0,37.5,0.3,0.34,0.36,0.43,0.29,0.19,0.12,0.14,0.11,0.21,0.29,0.3,0.26
GWETTOP,1990,3.0,38.125,0.37,0.41,0.44,0.58,0.46,0.37,0.29,0.17,0.14,0.28,0.36,0.38,0.35
GWETTOP,1990,3.0,38.75,0.38,0.43,0.46,0.64,0.5,0.4,0.27,0.18,0.16,0.33,0.4,0.42,0.38
GWETTOP,1990,3.0,39.375,0.34,0.36,0.39,0.6,0.46,0.36,0.31,0.19,0.17,0.32,0.37,0.39,0.35
GWETTOP,1990,3.0,40.0,0.32,0.36,0.42,0.65,0.5,0.38,0.31,0.21,0.19,0.35,0.4,0.42,0.38
GWETTOP,1990,3.0,40.625,0.24,0.29,0.41,0.61,0.48,0.35,0.23,0.2,0.19,0.35,0.37,0.42,0.35
GWETTOP,1990,3.0,41.25,0.19,0.23,0.32,0.51,0.35,0.26,0.2,0.18,0.18,0.29,0.29,0.35,0.28
GWETTOP,1990,3.0,41.875,0.17,0.17,0.28,0.45,0.34,0.28,0.23,0.18,0.17,0.3,0.31,0.34,0.27
GWETTOP,1990,3.5,34.375,0.38,0.35,0.41,0.44,0.41,0.37,0.38,0.39,0.31,0.34,0.39,0.37,0.38
GWETTOP,1990,3.5,35.0,0.35,0.33,0.37,0.41,0.36,0.3,0.23,0.21,0.16,0.28,0.33,0.31,0.3
GWETTOP,1990,3.5,35.625,0.33,0.3,0.34,0.39,0.32,0.19,0.16,0.16,0.11,0.2,0.24,0.24,0.25
GWETTOP,1990,3.5,36.25,0.29,0.31,0.35,0.39,0.31,0.16,0.13,0.15,0.11,0.21,0.27,0.25,0.24
GWETTOP,1990,3.5,36.875,0.32,0.34,0.37,0.42,0.36,0.27,0.16,0.17,0.12,0.23,0.31,0.29,0.28
GWETTOP,1990,3.5,37.5,0.33,0.38,0.42,0.5,0.39,0.27,0.2,0.18,0.13,0.26,0.34,0.32,0.31
GWETTOP,1990,3.5,38.125,0.34,0.4,0.46,0.63,0.51,0.4,0.34,0.26,0.17,0.31,0.36,0.36,0.38
GWETTOP,1990,3.5,38.75,0.33,0.39,0.44,0.63,0.5,0.4,0.34,0.26,0.2,0.34,0.38,0.37,0.38
GWETTOP,1990,3.5,39.375,0.36,0.4,0.45,0.67,0.55,0.44,0.38,0.3,0.23,0.38,0.42,0.43,0.42
GWETTOP,1990,3.5,40.0,0.32,0.36,0.43,0.65,0.52,0.38,0.31,0.22,0.19,0.37,0.42,0.43,0.38
GWETTOP,1990,3.5,40.625,0.27,0.36,0.52,0.69,0.57,0.38,0.23,0.21,0.21,0.46,0.52,0.54,0.41
GWETTOP,1990,3.5,41.25,0.22,0.25,0.34,0.53,0.39,0.28,0.21,0.19,0.18,0.33,0.35,0.39,0.31
GWETTOP,1990,3.5,41.875,0.15,0.15,0.25,0.43,0.29,0.22,0.17,0.14,0.14,0.26,0.28,0.3,0.23
GWETTOP,1990,4.0,34.375,0.42,0.38,0.51,0.53,0.5,0.39,0.38,0.38,0.27,0.42,0.5,0.43,0.43
GWETTOP,1990,4.0,35.0,0.4,0.37,0.48,0.51,0.45,0.31,0.24,0.25,0.18,0.35,0.39,0.32,0.35
GWETTOP,1990,4.0,35.625,0.36,0.35,0.4,0.45,0.38,0.29,0.22,0.2,0.15,0.25,0.28,0.25,0.3
GWETTOP,1990,4.0,36.25,0.31,0.3,0.37,0.43,0.36,0.24,0.16,0.18,0.13,0.24,0.28,0.24,0.27
GWETTOP,1990,4.0,36.875,0.31,0.33,0.39,0.47,0.39,0.33,0.24,0.22,0.15,0.27,0.32,0.29,0.31
GWETTOP,1990,4.0,37.5,0.3,0.35,0.42,0.52,0.42,0.34,0.26,0.23,0.16,0.3,0.34,0.31,0.33
GWETTOP,1990,4.0,38.125,0.36,0.42,0.49,0.65,0.55,0.46,0.38,0.32,0.27,0.41,0.42,0.41,0.43
GWETTOP,1990,4.0,38.75,0.4,0.5,0.64,0.77,0.69,0.62,0.48,0.33,0.28,0.52,0.55,0.53,0.53
GWETTOP,1990,4.0,39.375,0.5,0.5,0.62,0.79,0.71,0.61,0.45,0.31,0.28,0.53,0.6,0.6,0.54
GWETTOP,1990,4.0,40.0,0.36,0.38,0.5,0.7,0.59,0.46,0.32,0.23,0.21,0.44,0.49,0.5,0.43
GWETTOP,1990,4.0,40.625,0.32,0.37,0.54,0.72,0.61,0.41,0.25,0.2,0.19,0.47,0.56,0.55,0.43
GWETTOP,1990,4.0,41.25,0.26,0.24,0.37,0.54,0.43,0.33,0.23,0.16,0.14,0.33,0.39,0.4,0.32
GWETTOP,1990,4.0,41.875,0.18,0.16,0.3,0.49,0.39,0.3,0.22,0.15,0.13,0.3,0.35,0.35,0.28
GWETTOP,1990,4.5,34.375,0.43,0.41,0.6,0.62,0.58,0.36,0.39,0.4,0.26,0.55,0.56,0.45,0.47
GWETTOP,1990,4.5,35.0,0.44,0.4,0.55,0.59,0.53,0.35,0.28,0.32,0.22,0.41,0.45,0.35,0.41
GWETTOP,1990,4.5,35.625,0.38,0.39,0.44,0.51,0.43,0.36,0.29,0.26,0.18,0.28,0.3,0.25,0.34
GWETTOP,1990,4.5,36.25,0.34,0.32,0.4,0.49,0.41,0.32,0.22,0.23,0.18,0.27,0.28,0.24,0.31
GWETTOP,1990,4.5,36.875,0.33,0.32,0.4,0.49,0.43,0.36,0.32,0.32,0.22,0.3,0.3,0.27,0.34
GWETTOP,1990,4.5,37.5,0.34,0.39,0.55,0.65,0.56,0.47,0.35,0.44,0.29,0.41,0.39,0.37,0.43
GWETTOP,1990,4.5,38.125,0.45,0.47,0.62,0.75,0.68,0.59,0.46,0.4,0.31,0.52,0.5,0.52,0.52
GWETTOP,1990,4.5,38.75,0.4,0.44,0.58,0.72,0.64,0.56,0.41,0.36,0.29,0.49,0.48,0.49,0.49
GWETTOP,1990,4.5,39.375,0.38,0.38,0.49,0.64,0.56,0.48,0.34,0.27,0.24,0.45,0.47,0.47,0.43
GWETTOP,1990,4.5,40.0,0.33,0.33,0.43,0.58,0.49,0.41,0.3,0.24,0.21,0.39,0.41,0.42,0.38
GWETTOP,1990,4.5,40.625,0.31,0.29,0.42,0.59,0.51,0.39,0.26,0.18,0.17,0.4,0.44,0.42,0.37
GWETTOP,1990,4.5,41.25,0.32,0.26,0.38,0.58,0.48,0.35,0.29,0.17,0.15,0.35,0.41,0.41,0.35
GWETTOP,1990,4.5,41.875,0.19,0.18,0.34,0.53,0.45,0.33,0.21,0.14,0.13,0.32,0.4,0.38,0.3
GWETTOP,1991,-0.5,34.375,0.67,0.59,0.58,0.73,0.77,0.85,0.72,0.64,0.62,0.72,0.76,0.61,0.69
GWETTOP,1991,-0.5,35.0,0.59,0.51,0.53,0.63,0.67,0.74,0.65,0.61,0.6,0.65,0.67,0.57,0.62
GWETTOP,1991,-0.5,35.625,0.57,0.49,0.5,0.54,0.58,0.59,0.56,0.56,0.55,0.56,0.57,0.52,0.55
GWETTOP,1991,-0.5,36.25,0.47,0.4,0.42,0.46,0.52,0.51,0.49,0.5,0.47,0.47,0.5,0.46,0.47
GWETTOP,1991,-0.5,36.875,0.54,0.43,0.45,0.54,0.59,0.55,0.52,0.5,0.44,0.45,0.54,0.51,0.51
GWETTOP,1991,-0.5,37.5,0.56,0.47,0.47,0.54,0.59,0.54,0.52,0.51,0.47,0.47,0.55,0.54,0.52
GWETTOP,1991,-0.5,38.125,0.52,0.4,0.39,0.48,0.45,0.32,0.34,0.32,0.24,0.3,0.48,0.52,0.4
GWETTOP,1991,-0.5,38.75,0.43,0.3,0.33,0.42,0.41,0.29,0.32,0.3,0.22,0.29,0.44,0.46,0.35
GWETTOP,1991,-0.5,39.375,0.34,0.23,0.26,0.37,0.41,0.3,0.36,0.3,0.21,0.27,0.34,0.35,0.31
GWETTOP,1991,-0.5,40.0,0.37,0.26,0.28,0.4,0.45,0.33,0.4,0.33,0.23,0.29,0.36,0.37,0.34
GWETTOP,1991,-0.5,40.625,0.32,0.22,0.25,0.4,0.48,0.35,0.47,0.37,0.26,0.27,0.34,0.37,0.34
GWETTOP,1991,-0.5,41.25,0.33,0.23,0.26,0.41,0.48,0.33,0.48,0.37,0.26,0.27,0.35,0.38,0.35
GWETTOP,1991,-0.5,41.875,0.34,0.22,0.25,0.42,0.47,0.35,0.47,0.36,0.25,0.26,0.34,0.37,0.34
GWETTOP,1991,-1.0,34.375,0.64,0.59,0.53,0.56,0.54,0.6,0.5,0.48,0.46,0.58,0.55,0.51,0.54
GWETTOP,1991,-1.0,35.0,0.65,0.6,0.57,0.61,0.61,0.64,0.56,0.53,0.52,0.58,0.57,0.55,0.58
GWETTOP,1991,-1.0,35.625,0.54,0.49,0.5,0.54,0.6,0.6,0.52,0.49,0.48,0.49,0.5,0.49,0.52
GWETTOP,1991,-1.0,36.25,0.38,0.35,0.37,0.42,0.54,0.55,0.47,0.43,0.39,0.39,0.41,0.41,0.43
GWETTOP,1991,-1.0,36.875,0.52,0.44,0.41,0.52,0.58,0.54,0.49,0.45,0.3,0.37,0.51,0.53,0.47
GWETTOP,1991,-1.0,37.5,0.52,0.45,0.44,0.53,0.59,0.56,0.5,0.46,0.38,0.39,0.51,0.52,0.49
GWETTOP,1991,-1.0,38.125,0.49,0.36,0.39,0.49,0.47,0.34,0.37,0.35,0.24,0.31,0.49,0.53,0.4
GWETTOP,1991,-1.0,38.75,0.42,0.28,0.33,0.46,0.45,0.29,0.33,0.33,0.22,0.3,0.46,0.5,0.36
GWETTOP,1991,-1.0,39.375,0.33,0.21,0.27,0.43,0.5,0.31,0.4,0.32,0.21,0.3,0.38,0.38,0.34
GWETTOP,1991,-1.0,40.0,0.4,0.26,0.32,0.49,0.56,0.37,0.45,0.38,0.25,0.34,0.42,0.43,0.39
GWETTOP,1991,-1.0,40.625,0.33,0.24,0.28,0.44,0.51,0.39,0.5,0.4,0.28,0.3,0.36,0.4,0.37
GWETTOP,1991,-1.0,41.25,0.34,0.25,0.28,0.43,0.5,0.4,0.5,0.42,0.3,0.3,0.35,0.4,0.37
GWETTOP,1991,-1.0,41.875,0.31,0.23,0.25,0.36,0.41,0.33,0.4,0.34,0.26,0.25,0.3,0.33,0.31
GWETTOP,1991,-1.5,34.375,0.68,0.66,0.55,0.59,0.56,0.61,0.41,0.36,0.38,0.57,0.57,0.5,0.54
GWETTOP,1991,-1.5,35.0,0.61,0.6,0.54,0.61,0.62,0.62,0.5,0.37,0.35,0.51,0.51,0.51,0.53
GWETTOP,1991,-1.5,35.625,0.49,0.48,0.47,0.56,0.64,0.61,0.51,0.46,0.31,0.41,0.47,0.49,0.49
GWETTOP,1991,-1.5,36.25,0.3,0.27,0.29,0.42,0.49,0.45,0.37,0.33,0.22,0.28,0.36,0.39,0.35
GWETTOP,1991,-1.5,36.875,0.57,0.35,0.41,0.62,0.67,0.61,0.43,0.38,0.28,0.35,0.57,0.61,0.49
GWETTOP,1991,-1.5,37.5,0.52,0.4,0.38,0.51,0.54,0.49,0.44,0.38,0.29,0.34,0.47,0.51,0.44
GWETTOP,1991,-1.5,38.125,0.49,0.42,0.42,0.47,0.47,0.42,0.41,0.41,0.32,0.36,0.43,0.47,0.42
GWETTOP,1991,-1.5,38.75,0.44,0.31,0.36,0.47,0.48,0.33,0.36,0.36,0.24,0.32,0.41,0.49,0.38
GWETTOP,1991,-1.5,39.375,0.37,0.26,0.32,0.46,0.52,0.35,0.41,0.35,0.23,0.32,0.39,0.42,0.37
GWETTOP,1991,-1.5,40.0,0.38,0.28,0.34,0.55,0.61,0.44,0.53,0.42,0.29,0.37,0.42,0.44,0.42
GWETTOP,1991,-1.5,40.625,0.35,0.26,0.31,0.5,0.53,0.44,0.52,0.44,0.32,0.32,0.38,0.43,0.4
GWETTOP,1991,-1.5,41.25,0.38,0.26,0.29,0.48,0.52,0.46,0.51,0.45,0.33,0.3,0.36,0.42,0.4
GWETTOP,1991,-1.5,41.875,0.62,0.57,0.56,0.64,0.67,0.63,0.65,0.63,0.6,0.56,0.58,0.62,0.61
GWETTOP,1991,-1.7975103014118005e-13,34.375,0.57,0.49,0.51,0.66,0.73,0.77,0.72,0.69,0.66,0.71,0.7,0.58,0.65
GWETTOP,1991,-1.7975103014118005e-13,35.0,0.62,0.52,0.55,0.64,0.72,0.78,0.77,0.78,0.78,0.79,0.77,0.68,0.7
GWETTOP,1991,-1.7975103014118005e-13,35.625,0.63,0.55,0.54,0.56,0.63,0.68,0.69,0.71,0.72,0.72,0.7,0.65,0.65
GWETTOP,1991,-1.7975103014118005e-13,36.25,0.45,0.38,0.4,0.42,0.49,0.51,0.54,0.56,0.55,0.51,0.5,0.46,0.48
GWETTOP,1991,-1.7975103014118005e-13,36.875,0.49,0.42,0.42,0.48,0.53,0.49,0.49,0.49,0.46,0.44,0.48,0.46,0.47
GWETTOP,1991,-1.7975103014118005e-13,37.5,0.56,0.47,0.46,0.53,0.57,0.52,0.51,0.51,0.47,0.45,0.52,0.53,0.51
GWETTOP,1991,-1.7975103014118005e-13,38.125,0.48,0.39,0.37,0.43,0.41,0.32,0.33,0.31,0.23,0.29,0.42,0.48,0.37
GWETTOP,1991,-1.7975103014118005e-13,38.75,0.4,0.31,0.3,0.36,0.36,0.27,0.3,0.28,0.18,0.25,0.36,0.4,0.31
GWETTOP,1991,-1.7975103014118005e-13,39.375,0.35,0.26,0.25,0.32,0.35,0.28,0.31,0.29,0.18,0.24,0.3,0.33,0.29
GWETTOP,1991,-1.7975103014118005e-13,40.0,0.36,0.28,0.25,0.32,0.36,0.31,0.34,0.31,0.2,0.24,0.29,0.33,0.3
GWETTOP,1991,-1.7975103014118005e-13,40.625,0.35,0.23,0.23,0.35,0.41,0.31,0.4,0.32,0.21,0.22,0.31,0.35,0.31
GWETTOP,1991,-1.7975103014118005e-13,41.25,0.34,0.22,0.25,0.39,0.43,0.3,0.42,0.31,0.23,0.24,0.33,0.36,0.32
GWETTOP,1991,-1.7975103014118005e-13,41.875,0.39,0.24,0.27,0.45,0.51,0.38,0.46,0.34,0.24,0.26,0.37,0.4,0.36
GWETTOP,1991,-2.0,34.375,0.64,0.65,0.49,0.58,0.49,0.6,0.31,0.27,0.3,0.53,0.47,0.49,0.48
GWETTOP,1991,-2.0,35.0,0.57,0.59,0.51,0.63,0.64,0.61,0.45,0.29,0.27,0.45,0.45,0.52,0.5
GWETTOP,1991,-2.0,35.625,0.47,0.49,0.44,0.6,0.65,0.59,0.49,0.37,0.24,0.36,0.45,0.5,0.47
GWETTOP,1991,-2.0,36.25,0.24,0.22,0.23,0.36,0.39,0.32,0.21,0.18,0.13,0.18,0.26,0.33,0.25
GWETTOP,1991,-2.0,36.875,0.53,0.33,0.4,0.61,0.63,0.52,0.32,0.33,0.24,0.3,0.5,0.57,0.44
GWETTOP,1991,-2.0,37.5,0.5,0.36,0.37,0.52,0.55,0.46,0.36,0.34,0.23,0.3,0.45,0.5,0.41
GWETTOP,1991,-2.0,38.125,0.46,0.39,0.38,0.44,0.45,0.39,0.37,0.37,0.3,0.33,0.39,0.44,0.39
GWETTOP,1991,-2.0,38.75,0.45,0.33,0.38,0.5,0.52,0.37,0.39,0.4,0.27,0.34,0.42,0.51,0.41
GWETTOP,1991,-2.0,39.375,0.44,0.31,0.38,0.54,0.59,0.45,0.47,0.43,0.29,0.37,0.43,0.48,0.43
GWETTOP,1991,-2.0,40.0,0.39,0.29,0.35,0.53,0.58,0.44,0.49,0.42,0.31,0.36,0.41,0.43,0.42
GWETTOP,1991,-2.0,40.625,0.38,0.28,0.32,0.52,0.55,0.46,0.51,0.45,0.36,0.34,0.38,0.42,0.42
GWETTOP,1991,-2.0,41.25,0.42,0.35,0.35,0.48,0.5,0.46,0.48,0.46,0.43,0.37,0.4,0.44,0.43
GWETTOP,1991,-2.0,41.875,0.66,0.63,0.61,0.68,0.7,0.67,0.68,0.67,0.65,0.61,0.63,0.66,0.65
GWETTOP,1991,-2.5,34.375,0.52,0.53,0.45,0.51,0.47,0.49,0.28,0.22,0.24,0.43,0.4,0.46,0.42
GWETTOP,1991,-2.5,35.0,0.49,0.51,0.45,0.53,0.53,0.5,0.34,0.24,0.22,0.36,0.37,0.46,0.42
GWETTOP,1991,-2.5,35.625,0.37,0.47,0.35,0.52,0.52,0.43,0.26,0.23,0.17,0.26,0.34,0.44,0.36
GWETTOP,1991,-2.5,36.25,0.31,0.28,0.27,0.37,0.42,0.27,0.19,0.18,0.14,0.15,0.25,0.38,0.27
GWETTOP,1991,-2.5,36.875,0.52,0.37,0.38,0.54,0.58,0.36,0.25,0.27,0.2,0.24,0.4,0.53,0.39
GWETTOP,1991,-2.5,37.5,0.53,0.39,0.37,0.55,0.57,0.42,0.3,0.35,0.22,0.29,0.41,0.52,0.41
GWETTOP,1991,-2.5,38.125,0.51,0.41,0.39,0.5,0.51,0.43,0.39,0.41,0.29,0.33,0.41,0.5,0.42
GWETTOP,1991,-2.5,38.75,0.47,0.34,0.4,0.53,0.55,0.42,0.42,0.44,0.3,0.35,0.42,0.52,0.43
GWETTOP,1991,-2.5,39.375,0.51,0.37,0.45,0.64,0.69,0.59,0.6,0.57,0.39,0.44,0.48,0.56,0.53
GWETTOP,1991,-2.5,40.0,0.37,0.29,0.34,0.45,0.53,0.43,0.45,0.41,0.35,0.35,0.37,0.39,0.39
GWETTOP,1991,-2.5,40.625,0.49,0.43,0.46,0.55,0.62,0.55,0.57,0.54,0.5,0.49,0.48,0.51,0.52
GWETTOP,1991,-2.5,41.25,1.0,1.0,1.0,1.0,1.0,1.0,1.0,1.0,1.0,1.0,1.0,1.0,1.0
GWETTOP,1991,-2.5,41.875,1.0,1.0,1.0,1.0,1.0,1.0,1.0,1.0,1.0,1.0,1.0,1.0,1.0
GWETTOP,1991,-3.0,34.375,0.5,0.53,0.48,0.5,0.47,0.44,0.23,0.23,0.19,0.33,0.32,0.46,0.39
GWETTOP,1991,-3.0,35.0,0.48,0.53,0.48,0.51,0.5,0.47,0.27,0.24,0.2,0.28,0.31,0.44,0.39
GWETTOP,1991,-3.0,35.625,0.5,0.52,0.5,0.53,0.53,0.49,0.44,0.31,0.22,0.27,0.33,0.44,0.42
GWETTOP,1991,-3.0,36.25,0.37,0.49,0.37,0.53,0.55,0.35,0.23,0.26,0.2,0.2,0.26,0.46,0.35
GWETTOP,1991,-3.0,36.875,0.6,0.54,0.44,0.59,0.64,0.58,0.48,0.45,0.28,0.34,0.43,0.53,0.49
GWETTOP,1991,-3.0,37.5,0.51,0.45,0.39,0.49,0.53,0.48,0.43,0.39,0.28,0.28,0.35,0.46,0.42
GWETTOP,1991,-3.0,38.125,0.49,0.41,0.39,0.49,0.5,0.44,0.43,0.44,0.33,0.35,0.38,0.47,0.43
GWETTOP,1991,-3.0,38.75,0.43,0.32,0.38,0.51,0.55,0.44,0.44,0.47,0.32,0.36,0.39,0.5,0.43
GWETTOP,1991,-3.0,39.375,0.45,0.34,0.44,0.64,0.69,0.61,0.62,0.61,0.44,0.47,0.46,0.54,0.53
GWETTOP,1991,-3.0,40.0,0.36,0.3,0.34,0.43,0.53,0.44,0.44,0.42,0.37,0.36,0.36,0.38,0.39
GWETTOP,1991,-3.0,40.625,0.76,0.74,0.75,0.78,0.84,0.8,0.8,0.78,0.76,0.75,0.75,0.76,0.77
GWETTOP,1991,-3.0,41.25,1.0,1.0,1.0,1.0,1.0,1.0,1.0,1.0,1.0,1.0,1.0,1.0,1.0
GWETTOP,1991,-3.0,41.875,1.0,1.0,1.0,1.0,1.0,1.0,1.0,1.0,1.0,1.0,1.0,1.0,1.0
GWETTOP,1991,-3.5,34.375,0.5,0.54,0.48,0.48,0.44,0.32,0.19,0.21,0.17,0.25,0.28,0.47,0.36
GWETTOP,1991,-3.5,35.0,0.46,0.53,0.49,0.51,0.48,0.4,0.26,0.24,0.19,0.22,0.26,0.44,0.37
GWETTOP,1991,-3.5,35.625,0.48,0.52,0.51,0.53,0.51,0.47,0.4,0.31,0.22,0.22,0.28,0.42,0.41
GWETTOP,1991,-3.5,36.25,0.41,0.45,0.37,0.51,0.5,0.37,0.24,0.26,0.19,0.21,0.28,0.41,0.35
GWETTOP,1991,-3.5,36.875,0.45,0.37,0.35,0.49,0.51,0.48,0.36,0.33,0.23,0.27,0.33,0.41,0.38
GWETTOP,1991,-3.5,37.5,0.41,0.31,0.33,0.46,0.5,0.46,0.4,0.39,0.28,0.29,0.32,0.4,0.38
GWETTOP,1991,-3.5,38.125,0.42,0.32,0.35,0.46,0.51,0.44,0.45,0.47,0.34,0.36,0.37,0.46,0.41
GWETTOP,1991,-3.5,38.75,0.44,0.36,0.4,0.51,0.54,0.48,0.48,0.51,0.41,0.41,0.41,0.48,0.45
GWETTOP,1991,-3.5,39.375,0.4,0.33,0.43,0.63,0.69,0.62,0.62,0.62,0.47,0.47,0.45,0.52,0.52
GWETTOP,1991,-3.5,40.0,0.5,0.45,0.5,0.59,0.65,0.59,0.58,0.59,0.52,0.52,0.51,0.54,0.55
GWETTOP,1991,-3.5,40.625,0.92,0.91,0.92,0.93,0.95,0.94,0.94,0.93,0.92,0.92,0.91,0.92,0.93
GWETTOP,1991,-3.5,41.25,1.0,1.0,1.0,1.0,1.0,1.0,1.0,1.0,1.0,1.0,1.0,1.0,1.0
GWETTOP,1991,-3.5,41.875,1.0,1.0,1.0,1.0,1.0,1.0,1.0,1.0,1.0,1.0,1.0,1.0,1.0
GWETTOP,1991,-4.0,34.375,0.5,0.54,0.46,0.47,0.41,0.28,0.2,0.21,0.17,0.19,0.22,0.46,0.34
GWETTOP,1991,-4.0,35.0,0.52,0.61,0.55,0.58,0.53,0.43,0.34,0.31,0.24,0.23,0.28,0.49,0.42
GWETTOP,1991,-4.0,35.625,0.51,0.57,0.55,0.59,0.55,0.5,0.47,0.42,0.32,0.28,0.31,0.43,0.46
GWETTOP,1991,-4.0,36.25,0.47,0.48,0.44,0.51,0.49,0.42,0.32,0.28,0.21,0.23,0.3,0.42,0.38
GWETTOP,1991,-4.0,36.875,0.48,0.45,0.42,0.5,0.5,0.45,0.38,0.34,0.25,0.28,0.35,0.43,0.4
GWETTOP,1991,-4.0,37.5,0.45,0.4,0.4,0.51,0.52,0.44,0.4,0.4,0.29,0.3,0.36,0.45,0.41
GWETTOP,1991,-4.0,38.125,0.42,0.32,0.39,0.54,0.59,0.5,0.5,0.52,0.38,0.39,0.41,0.51,0.46
GWETTOP,1991,-4.0,38.75,0.4,0.3,0.4,0.53,0.6,0.51,0.51,0.53,0.42,0.43,0.42,0.49,0.46
GWETTOP,1991,-4.0,39.375,0.34,0.28,0.37,0.52,0.64,0.5,0.5,0.5,0.39,0.39,0.39,0.42,0.44
GWETTOP,1991,-4.0,40.0,0.51,0.49,0.53,0.6,0.65,0.58,0.57,0.58,0.53,0.52,0.52,0.53,0.55
GWETTOP,1991,-4.0,40.625,1.0,1.0,1.0,1.0,1.0,1.0,1.0,1.0,1.0,1.0,1.0,1.0,1.0
GWETTOP,1991,-4.0,41.25,1.0,1.0,1.0,1.0,1.0,1.0,1.0,1.0,1.0,1.0,1.0,1.0,1.0
GWETTOP,1991,-4.0,41.875,1.0,1.0,1.0,1.0,1.0,1.0,1.0,1.0,1.0,1.0,1.0,1.0,1.0
GWETTOP,1991,-4.5,34.375,0.45,0.5,0.41,0.44,0.39,0.32,0.28,0.26,0.21,0.2,0.21,0.41,0.34
GWETTOP,1991,-4.5,35.0,0.48,0.6,0.5,0.55,0.49,0.41,0.37,0.35,0.29,0.26,0.28,0.46,0.42
GWETTOP,1991,-4.5,35.625,0.46,0.55,0.49,0.55,0.49,0.44,0.42,0.4,0.33,0.29,0.3,0.41,0.43
GWETTOP,1991,-4.5,36.25,0.46,0.5,0.47,0.51,0.49,0.42,0.36,0.32,0.26,0.26,0.31,0.44,0.4
GWETTOP,1991,-4.5,36.875,0.48,0.48,0.46,0.51,0.5,0.45,0.4,0.38,0.3,0.31,0.36,0.47,0.42
GWETTOP,1991,-4.5,37.5,0.47,0.45,0.44,0.52,0.52,0.47,0.44,0.44,0.34,0.34,0.38,0.48,0.44
GWETTOP,1991,-4.5,38.125,0.53,0.4,0.46,0.63,0.67,0.64,0.64,0.66,0.56,0.52,0.51,0.59,0.57
GWETTOP,1991,-4.5,38.75,0.51,0.39,0.46,0.62,0.68,0.64,0.62,0.64,0.57,0.53,0.52,0.57,0.56
GWETTOP,1991,-4.5,39.375,0.38,0.33,0.39,0.5,0.58,0.47,0.45,0.46,0.41,0.4,0.4,0.41,0.43
GWETTOP,1991,-4.5,40.0,0.95,0.94,0.95,0.95,0.96,0.95,0.95,0.95,0.95,0.95,0.95,0.95,0.95
GWETTOP,1991,-4.5,40.625,1.0,1.0,1.0,1.0,1.0,1.0,1.0,1.0,1.0,1.0,1.0,1.0,1.0
GWETTOP,1991,-4.5,41.25,1.0,1.0,1.0,1.0,1.0,1.0,1.0,1.0,1.0,1.0,1.0,1.0,1.0
GWETTOP,1991,-4.5,41.875,1.0,1.0,1.0,1.0,1.0,1.0,1.0,1.0,1.0,1.0,1.0,1.0,1.0
GWETTOP,1991,0.5,34.375,0.52,0.44,0.47,0.55,0.64,0.65,0.65,0.68,0.67,0.69,0.66,0.58,0.6
GWETTOP,1991,0.5,35.0,0.6,0.5,0.52,0.53,0.67,0.71,0.76,0.8,0.81,0.79,0.75,0.69,0.68
GWETTOP,1991,0.5,35.625,0.44,0.38,0.41,0.45,0.57,0.61,0.67,0.72,0.74,0.69,0.62,0.53,0.57
GWETTOP,1991,0.5,36.25,0.34,0.26,0.3,0.35,0.4,0.44,0.51,0.56,0.54,0.45,0.42,0.38,0.41
GWETTOP,1991,0.5,36.875,0.53,0.44,0.42,0.52,0.51,0.47,0.56,0.59,0.56,0.47,0.49,0.53,0.51
GWETTOP,1991,0.5,37.5,0.42,0.36,0.33,0.4,0.4,0.34,0.37,0.37,0.31,0.3,0.37,0.41,0.37
GWETTOP,1991,0.5,38.125,0.4,0.33,0.3,0.36,0.36,0.29,0.29,0.29,0.18,0.25,0.34,0.4,0.32
GWETTOP,1991,0.5,38.75,0.39,0.32,0.28,0.34,0.33,0.24,0.27,0.26,0.15,0.21,0.31,0.38,0.29
GWETTOP,1991,0.5,39.375,0.39,0.27,0.25,0.33,0.36,0.26,0.31,0.3,0.17,0.22,0.29,0.37,0.29
GWETTOP,1991,0.5,40.0,0.38,0.26,0.22,0.32,0.36,0.29,0.32,0.3,0.16,0.22,0.28,0.35,0.29
GWETTOP,1991,0.5,40.625,0.35,0.23,0.21,0.33,0.37,0.29,0.34,0.27,0.16,0.18,0.28,0.35,0.28
GWETTOP,1991,0.5,41.25,0.35,0.25,0.24,0.36,0.39,0.3,0.37,0.29,0.21,0.21,0.31,0.35,0.3
GWETTOP,1991,0.5,41.875,0.38,0.25,0.26,0.42,0.47,0.33,0.41,0.3,0.23,0.24,0.35,0.38,0.34
GWETTOP,1991,1.0,34.375,0.69,0.59,0.55,0.59,0.68,0.71,0.75,0.79,0.8,0.82,0.81,0.76,0.71
GWETTOP,1991,1.0,35.0,0.57,0.47,0.46,0.5,0.64,0.71,0.78,0.84,0.84,0.81,0.79,0.71,0.68
GWETTOP,1991,1.0,35.625,0.37,0.24,0.33,0.41,0.52,0.5,0.6,0.69,0.64,0.48,0.43,0.4,0.47
GWETTOP,1991,1.0,36.25,0.31,0.21,0.24,0.35,0.33,0.3,0.43,0.45,0.41,0.34,0.33,0.33,0.34
GWETTOP,1991,1.0,36.875,0.38,0.34,0.34,0.38,0.36,0.35,0.4,0.41,0.38,0.35,0.37,0.38,0.37
GWETTOP,1991,1.0,37.5,0.41,0.34,0.32,0.39,0.35,0.29,0.31,0.29,0.2,0.22,0.35,0.39,0.32
GWETTOP,1991,1.0,38.125,0.37,0.31,0.27,0.34,0.29,0.19,0.22,0.22,0.14,0.18,0.31,0.37,0.27
GWETTOP,1991,1.0,38.75,0.38,0.29,0.25,0.34,0.31,0.2,0.25,0.24,0.15,0.19,0.3,0.38,0.27
GWETTOP,1991,1.0,39.375,0.4,0.25,0.22,0.35,0.35,0.23,0.3,0.29,0.16,0.22,0.3,0.38,0.29
GWETTOP,1991,1.0,40.0,0.36,0.23,0.22,0.34,0.36,0.29,0.32,0.29,0.15,0.21,0.28,0.36,0.28
GWETTOP,1991,1.0,40.625,0.36,0.2,0.2,0.36,0.38,0.28,0.34,0.24,0.14,0.18,0.3,0.38,0.28
GWETTOP,1991,1.0,41.25,0.37,0.23,0.22,0.4,0.43,0.29,0.39,0.27,0.17,0.19,0.35,0.42,0.31
GWETTOP,1991,1.0,41.875,0.36,0.21,0.22,0.38,0.42,0.31,0.37,0.27,0.18,0.2,0.33,0.39,0.3
GWETTOP,1991,1.5,34.375,0.37,0.24,0.28,0.39,0.52,0.56,0.61,0.64,0.59,0.59,0.54,0.46,0.48
GWETTOP,1991,1.5,35.0,0.37,0.23,0.32,0.41,0.48,0.5,0.57,0.62,0.56,0.5,0.47,0.41,0.45
GWETTOP,1991,1.5,35.625,0.26,0.16,0.26,0.34,0.38,0.34,0.42,0.44,0.37,0.32,0.33,0.3,0.33
GWETTOP,1991,1.5,36.25,0.26,0.16,0.21,0.32,0.22,0.2,0.36,0.36,0.26,0.2,0.27,0.26,0.26
GWETTOP,1991,1.5,36.875,0.39,0.34,0.34,0.42,0.37,0.33,0.34,0.32,0.21,0.22,0.35,0.36,0.33
GWETTOP,1991,1.5,37.5,0.38,0.29,0.29,0.39,0.34,0.26,0.3,0.27,0.18,0.21,0.33,0.35,0.3
GWETTOP,1991,1.5,38.125,0.38,0.3,0.29,0.37,0.32,0.23,0.25,0.22,0.15,0.2,0.32,0.38,0.28
GWETTOP,1991,1.5,38.75,0.44,0.29,0.29,0.44,0.36,0.23,0.28,0.26,0.17,0.24,0.38,0.46,0.32
GWETTOP,1991,1.5,39.375,0.4,0.29,0.25,0.38,0.38,0.3,0.32,0.28,0.16,0.23,0.32,0.39,0.31
GWETTOP,1991,1.5,40.0,0.4,0.25,0.23,0.4,0.39,0.29,0.32,0.29,0.16,0.23,0.32,0.4,0.31
GWETTOP,1991,1.5,40.625,0.37,0.2,0.22,0.42,0.43,0.28,0.36,0.25,0.15,0.2,0.36,0.47,0.31
GWETTOP,1991,1.5,41.25,0.33,0.18,0.18,0.35,0.36,0.28,0.33,0.24,0.13,0.17,0.31,0.38,0.27
GWETTOP,1991,1.5,41.875,0.33,0.15,0.2,0.39,0.42,0.27,0.37,0.25,0.15,0.19,0.35,0.43,0.29
GWETTOP,1991,2.0,34.375,0.26,0.18,0.23,0.28,0.41,0.46,0.51,0.51,0.42,0.44,0.42,0.33,0.37
GWETTOP,1991,2.0,35.0,0.28,0.17,0.26,0.36,0.39,0.36,0.44,0.44,0.35,0.35,0.38,0.32,0.34
GWETTOP,1991,2.0,35.625,0.23,0.14,0.23,0.34,0.31,0.22,0.34,0.33,0.22,0.21,0.27,0.25,0.26
GWETTOP,1991,2.0,36.25,0.25,0.15,0.22,0.35,0.21,0.16,0.26,0.26,0.14,0.16,0.26,0.26,0.22
GWETTOP,1991,2.0,36.875,0.38,0.31,0.32,0.43,0.37,0.29,0.28,0.24,0.16,0.21,0.35,0.36,0.31
GWETTOP,1991,2.0,37.5,0.38,0.31,0.3,0.42,0.36,0.27,0.23,0.22,0.14,0.21,0.33,0.36,0.29
GWETTOP,1991,2.0,38.125,0.43,0.33,0.31,0.43,0.38,0.28,0.28,0.25,0.16,0.25,0.37,0.42,0.32
GWETTOP,1991,2.0,38.75,0.42,0.32,0.31,0.42,0.39,0.29,0.3,0.27,0.17,0.25,0.36,0.4,0.33
GWETTOP,1991,2.0,39.375,0.38,0.29,0.28,0.39,0.41,0.34,0.33,0.3,0.16,0.24,0.33,0.38,0.32
GWETTOP,1991,2.0,40.0,0.4,0.3,0.27,0.42,0.45,0.35,0.36,0.32,0.18,0.26,0.36,0.42,0.34
GWETTOP,1991,2.0,40.625,0.4,0.22,0.29,0.55,0.55,0.28,0.43,0.3,0.2,0.25,0.47,0.6,0.38
GWETTOP,1991,2.0,41.25,0.34,0.19,0.22,0.43,0.43,0.28,0.35,0.24,0.16,0.19,0.37,0.47,0.31
GWETTOP,1991,2.0,41.875,0.32,0.17,0.25,0.51,0.52,0.28,0.43,0.27,0.18,0.25,0.44,0.55,0.35
GWETTOP,1991,2.5,34.375,0.27,0.19,0.26,0.31,0.4,0.4,0.47,0.44,0.31,0.37,0.36,0.29,0.34
GWETTOP,1991,2.5,35.0,0.26,0.16,0.24,0.34,0.36,0.27,0.39,0.37,0.24,0.28,0.31,0.29,0.29
GWETTOP,1991,2.5,35.625,0.22,0.14,0.21,0.34,0.28,0.16,0.32,0.28,0.14,0.18,0.24,0.27,0.23
GWETTOP,1991,2.5,36.25,0.24,0.16,0.23,0.36,0.22,0.13,0.21,0.2,0.12,0.15,0.25,0.28,0.21
GWETTOP,1991,2.5,36.875,0.33,0.24,0.28,0.39,0.35,0.22,0.22,0.19,0.14,0.19,0.31,0.34,0.27
GWETTOP,1991,2.5,37.5,0.37,0.26,0.3,0.42,0.35,0.21,0.23,0.2,0.16,0.21,0.32,0.36,0.28
GWETTOP,1991,2.5,38.125,0.41,0.33,0.34,0.41,0.4,0.31,0.29,0.25,0.16,0.25,0.34,0.38,0.32
GWETTOP,1991,2.5,38.75,0.4,0.31,0.33,0.4,0.4,0.32,0.3,0.27,0.16,0.25,0.34,0.37,0.32
GWETTOP,1991,2.5,39.375,0.37,0.29,0.32,0.4,0.43,0.35,0.35,0.31,0.18,0.26,0.33,0.36,0.33
GWETTOP,1991,2.5,40.0,0.38,0.29,0.34,0.43,0.47,0.36,0.37,0.34,0.22,0.27,0.36,0.4,0.35
GWETTOP,1991,2.5,40.625,0.35,0.23,0.31,0.5,0.52,0.31,0.37,0.29,0.21,0.27,0.4,0.47,0.35
GWETTOP,1991,2.5,41.25,0.22,0.17,0.2,0.32,0.31,0.21,0.24,0.2,0.16,0.19,0.26,0.26,0.23
GWETTOP,1991,2.5,41.875,0.24,0.17,0.21,0.34,0.37,0.25,0.29,0.23,0.18,0.22,0.29,0.33,0.26
GWETTOP,1991,3.0,34.375,0.33,0.19,0.31,0.43,0.47,0.45,0.5,0.48,0.35,0.41,0.41,0.29,0.39
GWETTOP,1991,3.0,35.0,0.27,0.15,0.24,0.34,0.35,0.27,0.35,0.33,0.18,0.25,0.3,0.28,0.28
GWETTOP,1991,3.0,35.625,0.23,0.14,0.2,0.3,0.23,0.14,0.27,0.21,0.13,0.15,0.2,0.28,0.21
GWETTOP,1991,3.0,36.25,0.26,0.18,0.24,0.33,0.24,0.13,0.2,0.16,0.13,0.15,0.22,0.3,0.21
GWETTOP,1991,3.0,36.875,0.28,0.19,0.25,0.34,0.28,0.14,0.21,0.16,0.13,0.16,0.24,0.31,0.22
GWETTOP,1991,3.0,37.5,0.28,0.18,0.26,0.34,0.3,0.14,0.21,0.16,0.13,0.17,0.25,0.28,0.23
GWETTOP,1991,3.0,38.125,0.37,0.29,0.34,0.39,0.4,0.32,0.3,0.23,0.16,0.22,0.3,0.34,0.31
GWETTOP,1991,3.0,38.75,0.38,0.27,0.39,0.43,0.45,0.35,0.34,0.29,0.2,0.25,0.33,0.36,0.34
GWETTOP,1991,3.0,39.375,0.35,0.26,0.34,0.39,0.43,0.35,0.36,0.33,0.24,0.25,0.3,0.34,0.33
GWETTOP,1991,3.0,40.0,0.35,0.26,0.35,0.42,0.47,0.37,0.37,0.34,0.26,0.26,0.32,0.36,0.34
GWETTOP,1991,3.0,40.625,0.3,0.22,0.29,0.43,0.46,0.31,0.31,0.26,0.2,0.25,0.3,0.33,0.31
GWETTOP,1991,3.0,41.25,0.24,0.18,0.22,0.36,0.37,0.24,0.25,0.22,0.18,0.21,0.25,0.27,0.25
GWETTOP,1991,3.0,41.875,0.26,0.15,0.19,0.33,0.37,0.28,0.29,0.22,0.15,0.21,0.26,0.29,0.25
GWETTOP,1991,3.5,34.375,0.35,0.22,0.3,0.4,0.45,0.42,0.42,0.4,0.34,0.37,0.39,0.33,0.37
GWETTOP,1991,3.5,35.0,0.27,0.17,0.27,0.36,0.37,0.31,0.33,0.28,0.16,0.27,0.32,0.27,0.28
GWETTOP,1991,3.5,35.625,0.24,0.17,0.22,0.31,0.26,0.14,0.26,0.19,0.13,0.17,0.21,0.27,0.21
GWETTOP,1991,3.5,36.25,0.24,0.17,0.25,0.34,0.28,0.14,0.2,0.16,0.13,0.17,0.22,0.27,0.21
GWETTOP,1991,3.5,36.875,0.27,0.19,0.29,0.36,0.35,0.23,0.23,0.17,0.15,0.18,0.24,0.28,0.25
GWETTOP,1991,3.5,37.5,0.3,0.21,0.33,0.4,0.38,0.25,0.28,0.21,0.16,0.21,0.27,0.31,0.28
GWETTOP,1991,3.5,38.125,0.34,0.26,0.36,0.4,0.46,0.38,0.36,0.33,0.24,0.24,0.3,0.31,0.33
GWETTOP,1991,3.5,38.75,0.33,0.25,0.36,0.4,0.47,0.38,0.39,0.36,0.3,0.27,0.3,0.32,0.34
GWETTOP,1991,3.5,39.375,0.37,0.29,0.39,0.43,0.53,0.43,0.44,0.42,0.34,0.32,0.33,0.37,0.39
GWETTOP,1991,3.5,40.0,0.35,0.26,0.36,0.44,0.5,0.38,0.37,0.35,0.27,0.26,0.31,0.36,0.35
GWETTOP,1991,3.5,40.625,0.35,0.25,0.38,0.55,0.59,0.41,0.34,0.3,0.22,0.3,0.36,0.41,0.37
GWETTOP,1991,3.5,41.25,0.27,0.2,0.27,0.4,0.43,0.3,0.26,0.22,0.19,0.23,0.26,0.29,0.28
GWETTOP,1991,3.5,41.875,0.21,0.13,0.18,0.31,0.35,0.23,0.22,0.18,0.13,0.19,0.22,0.24,0.22
GWETTOP,1991,4.0,34.375,0.4,0.25,0.38,0.51,0.57,0.51,0.48,0.45,0.37,0.44,0.5,0.37,0.44
GWETTOP,1991,4.0,35.0,0.32,0.23,0.33,0.44,0.47,0.37,0.35,0.32,0.2,0.34,0.38,0.29,0.34
GWETTOP,1991,4.0,35.625,0.27,0.22,0.26,0.34,0.33,0.24,0.27,0.22,0.16,0.2,0.22,0.27,0.25
GWETTOP,1991,4.0,36.25,0.25,0.19,0.28,0.36,0.35,0.24,0.22,0.18,0.14,0.19,0.21,0.25,0.24
GWETTOP,1991,4.0,36.875,0.26,0.2,0.33,0.38,0.39,0.33,0.28,0.22,0.19,0.21,0.23,0.27,0.27
GWETTOP,1991,4.0,37.5,0.27,0.22,0.35,0.41,0.42,0.35,0.31,0.25,0.2,0.22,0.24,0.28,0.29
GWETTOP,1991,4.0,38.125,0.34,0.28,0.41,0.46,0.52,0.45,0.46,0.42,0.33,0.32,0.31,0.33,0.39
GWETTOP,1991,4.0,38.75,0.42,0.33,0.53,0.6,0.65,0.59,0.56,0.5,0.36,0.34,0.38,0.42,0.47
GWETTOP,1991,4.0,39.375,0.49,0.34,0.56,0.61,0.68,0.6,0.58,0.49,0.35,0.35,0.4,0.48,0.5
GWETTOP,1991,4.0,40.0,0.4,0.27,0.43,0.5,0.58,0.46,0.43,0.34,0.24,0.29,0.34,0.39,0.39
GWETTOP,1991,4.0,40.625,0.39,0.28,0.43,0.57,0.62,0.44,0.35,0.29,0.21,0.3,0.38,0.43,0.39
GWETTOP,1991,4.0,41.25,0.32,0.22,0.29,0.41,0.46,0.34,0.29,0.2,0.15,0.22,0.29,0.33,0.29
GWETTOP,1991,4.0,41.875,0.27,0.16,0.22,0.36,0.41,0.31,0.27,0.17,0.13,0.21,0.26,0.3,0.26
GWETTOP,1991,4.5,34.375,0.45,0.28,0.43,0.62,0.69,0.55,0.5,0.51,0.36,0.55,0.55,0.35,0.49
GWETTOP,1991,4.5,35.0,0.37,0.28,0.38,0.49,0.55,0.47,0.4,0.4,0.27,0.39,0.44,0.32,0.4
GWETTOP,1991,4.5,35.625,0.28,0.25,0.29,0.37,0.39,0.35,0.32,0.27,0.19,0.24,0.23,0.26,0.29
GWETTOP,1991,4.5,36.25,0.26,0.21,0.31,0.39,0.39,0.35,0.28,0.23,0.19,0.23,0.2,0.25,0.27
GWETTOP,1991,4.5,36.875,0.25,0.22,0.34,0.4,0.42,0.39,0.35,0.31,0.3,0.26,0.2,0.27,0.31
GWETTOP,1991,4.5,37.5,0.33,0.28,0.47,0.53,0.56,0.49,0.44,0.38,0.41,0.33,0.28,0.36,0.41
GWETTOP,1991,4.5,38.125,0.4,0.35,0.53,0.59,0.63,0.58,0.55,0.49,0.41,0.35,0.35,0.41,0.47
GWETTOP,1991,4.5,38.75,0.38,0.33,0.5,0.56,0.6,0.54,0.52,0.46,0.37,0.33,0.34,0.39,0.44
GWETTOP,1991,4.5,39.375,0.36,0.29,0.44,0.5,0.55,0.47,0.43,0.35,0.26,0.28,0.3,0.37,0.38
GWETTOP,1991,4.5,40.0,0.33,0.26,0.39,0.43,0.5,0.42,0.38,0.32,0.23,0.26,0.28,0.33,0.34
GWETTOP,1991,4.5,40.625,0.35,0.25,0.36,0.43,0.5,0.39,0.33,0.24,0.17,0.24,0.29,0.34,0.32
GWETTOP,1991,4.5,41.25,0.35,0.26,0.31,0.4,0.48,0.36,0.33,0.23,0.15,0.23,0.3,0.34,0.31
GWETTOP,1991,4.5,41.875,0.29,0.15,0.24,0.39,0.47,0.35,0.28,0.17,0.13,0.22,0.27,0.32,0.27
GWETTOP,1992,-0.5,34.375,0.51,0.4,0.31,0.63,0.71,0.73,0.69,0.62,0.59,0.64,0.62,0.61,0.59
GWETTOP,1992,-0.5,35.0,0.49,0.48,0.38,0.63,0.68,0.67,0.68,0.63,0.61,0.62,0.57,0.56,0.58
GWETTOP,1992,-0.5,35.625,0.43,0.44,0.39,0.55,0.56,0.54,0.57,0.57,0.56,0.58,0.54,0.54,0.52
GWETTOP,1992,-0.5,36.25,0.38,0.36,0.35,0.49,0.5,0.48,0.51,0.52,0.5,0.52,0.49,0.49,0.47
GWETTOP,1992,-0.5,36.875,0.43,0.38,0.37,0.54,0.55,0.5,0.51,0.48,0.47,0.51,0.54,0.56,0.49
GWETTOP,1992,-0.5,37.5,0.48,0.41,0.39,0.54,0.56,0.51,0.52,0.51,0.5,0.52,0.56,0.59,0.51
GWETTOP,1992,-0.5,38.125,0.41,0.32,0.29,0.49,0.46,0.33,0.31,0.28,0.29,0.34,0.55,0.57,0.39
GWETTOP,1992,-0.5,38.75,0.32,0.25,0.23,0.45,0.41,0.28,0.27,0.24,0.26,0.31,0.5,0.52,0.34
GWETTOP,1992,-0.5,39.375,0.23,0.18,0.18,0.4,0.44,0.33,0.3,0.28,0.32,0.31,0.43,0.5,0.33
GWETTOP,1992,-0.5,40.0,0.23,0.17,0.18,0.43,0.49,0.37,0.34,0.32,0.37,0.34,0.46,0.54,0.35
GWETTOP,1992,-0.5,40.625,0.22,0.2,0.17,0.44,0.57,0.45,0.43,0.38,0.49,0.41,0.47,0.6,0.4
GWETTOP,1992,-0.5,41.25,0.23,0.21,0.18,0.44,0.58,0.45,0.43,0.38,0.5,0.42,0.48,0.61,0.41
GWETTOP,1992,-0.5,41.875,0.22,0.2,0.16,0.43,0.57,0.48,0.44,0.38,0.5,0.42,0.46,0.58,0.4
GWETTOP,1992,-1.0,34.375,0.48,0.48,0.37,0.53,0.55,0.55,0.5,0.47,0.47,0.5,0.49,0.52,0.49
GWETTOP,1992,-1.0,35.0,0.5,0.56,0.51,0.64,0.65,0.64,0.61,0.56,0.55,0.55,0.54,0.56,0.57
GWETTOP,1992,-1.0,35.625,0.43,0.51,0.47,0.63,0.66,0.6,0.59,0.53,0.52,0.51,0.5,0.51,0.54
GWETTOP,1992,-1.0,36.25,0.36,0.36,0.34,0.5,0.57,0.52,0.53,0.47,0.44,0.44,0.42,0.43,0.45
GWETTOP,1992,-1.0,36.875,0.48,0.36,0.32,0.54,0.57,0.51,0.49,0.44,0.39,0.43,0.52,0.56,0.47
GWETTOP,1992,-1.0,37.5,0.48,0.38,0.34,0.54,0.58,0.52,0.51,0.44,0.43,0.46,0.53,0.56,0.48
GWETTOP,1992,-1.0,38.125,0.39,0.31,0.28,0.53,0.49,0.36,0.34,0.3,0.32,0.36,0.57,0.6,0.4
GWETTOP,1992,-1.0,38.75,0.32,0.24,0.23,0.5,0.46,0.29,0.3,0.28,0.3,0.34,0.55,0.57,0.37
GWETTOP,1992,-1.0,39.375,0.24,0.18,0.19,0.51,0.54,0.34,0.33,0.31,0.37,0.36,0.51,0.58,0.37
GWETTOP,1992,-1.0,40.0,0.27,0.2,0.21,0.55,0.61,0.42,0.37,0.35,0.42,0.4,0.56,0.63,0.42
GWETTOP,1992,-1.0,40.625,0.23,0.21,0.19,0.49,0.62,0.48,0.46,0.42,0.53,0.45,0.5,0.62,0.43
GWETTOP,1992,-1.0,41.25,0.24,0.22,0.18,0.47,0.61,0.49,0.47,0.44,0.52,0.46,0.49,0.61,0.43
GWETTOP,1992,-1.0,41.875,0.22,0.2,0.17,0.39,0.5,0.41,0.39,0.36,0.43,0.38,0.39,0.5,0.36
GWETTOP,1992,-1.5,34.375,0.49,0.53,0.37,0.61,0.61,0.55,0.4,0.35,0.41,0.46,0.45,0.52,0.48
GWETTOP,1992,-1.5,35.0,0.49,0.56,0.5,0.65,0.67,0.58,0.52,0.39,0.4,0.44,0.44,0.52,0.51
GWETTOP,1992,-1.5,35.625,0.45,0.5,0.48,0.62,0.7,0.57,0.52,0.48,0.41,0.41,0.44,0.49,0.51
GWETTOP,1992,-1.5,36.25,0.33,0.31,0.23,0.45,0.52,0.44,0.41,0.34,0.3,0.32,0.35,0.39,0.37
GWETTOP,1992,-1.5,36.875,0.5,0.33,0.32,0.63,0.68,0.61,0.48,0.32,0.38,0.45,0.61,0.62,0.49
GWETTOP,1992,-1.5,37.5,0.45,0.33,0.3,0.52,0.57,0.49,0.45,0.35,0.36,0.4,0.53,0.56,0.44
GWETTOP,1992,-1.5,38.125,0.42,0.36,0.31,0.48,0.49,0.43,0.42,0.38,0.38,0.39,0.52,0.54,0.43
GWETTOP,1992,-1.5,38.75,0.33,0.27,0.24,0.53,0.51,0.36,0.34,0.32,0.34,0.37,0.55,0.56,0.39
GWETTOP,1992,-1.5,39.375,0.26,0.2,0.21,0.54,0.56,0.4,0.36,0.34,0.38,0.38,0.52,0.56,0.39
GWETTOP,1992,-1.5,40.0,0.27,0.22,0.23,0.6,0.67,0.52,0.47,0.43,0.53,0.46,0.57,0.64,0.47
GWETTOP,1992,-1.5,40.625,0.25,0.23,0.2,0.53,0.65,0.52,0.5,0.47,0.55,0.47,0.51,0.61,0.46
GWETTOP,1992,-1.5,41.25,0.27,0.23,0.17,0.52,0.67,0.55,0.49,0.46,0.53,0.47,0.49,0.6,0.45
GWETTOP,1992,-1.5,41.875,0.57,0.53,0.5,0.65,0.74,0.66,0.64,0.63,0.66,0.64,0.64,0.71,0.63
GWETTOP,1992,-1.7975103014118005e-13,34.375,0.44,0.4,0.32,0.56,0.67,0.72,0.7,0.64,0.62,0.66,0.6,0.56,0.57
GWETTOP,1992,-1.7975103014118005e-13,35.0,0.58,0.54,0.44,0.64,0.73,0.76,0.79,0.78,0.77,0.78,0.71,0.66,0.68
GWETTOP,1992,-1.7975103014118005e-13,35.625,0.54,0.5,0.43,0.56,0.63,0.63,0.68,0.71,0.7,0.72,0.67,0.64,0.62
GWETTOP,1992,-1.7975103014118005e-13,36.25,0.38,0.36,0.32,0.46,0.49,0.49,0.55,0.59,0.55,0.56,0.49,0.48,0.48
GWETTOP,1992,-1.7975103014118005e-13,36.875,0.41,0.39,0.36,0.48,0.5,0.46,0.48,0.5,0.47,0.48,0.48,0.49,0.46
GWETTOP,1992,-1.7975103014118005e-13,37.5,0.45,0.43,0.39,0.51,0.55,0.49,0.49,0.5,0.49,0.5,0.54,0.56,0.49
GWETTOP,1992,-1.7975103014118005e-13,38.125,0.4,0.34,0.29,0.43,0.42,0.34,0.31,0.26,0.26,0.3,0.46,0.51,0.36
GWETTOP,1992,-1.7975103014118005e-13,38.75,0.32,0.26,0.22,0.37,0.37,0.31,0.27,0.21,0.24,0.26,0.4,0.44,0.31
GWETTOP,1992,-1.7975103014118005e-13,39.375,0.24,0.16,0.15,0.34,0.38,0.33,0.3,0.24,0.27,0.25,0.36,0.43,0.29
GWETTOP,1992,-1.7975103014118005e-13,40.0,0.23,0.15,0.14,0.34,0.41,0.36,0.33,0.29,0.31,0.27,0.36,0.45,0.3
GWETTOP,1992,-1.7975103014118005e-13,40.625,0.23,0.18,0.14,0.37,0.47,0.39,0.35,0.3,0.39,0.32,0.41,0.53,0.34
GWETTOP,1992,-1.7975103014118005e-13,41.25,0.23,0.2,0.17,0.39,0.49,0.38,0.35,0.31,0.43,0.35,0.44,0.55,0.36
GWETTOP,1992,-1.7975103014118005e-13,41.875,0.25,0.22,0.18,0.44,0.56,0.45,0.41,0.35,0.48,0.4,0.49,0.6,0.4
GWETTOP,1992,-2.0,34.375,0.49,0.56,0.38,0.62,0.61,0.46,0.32,0.27,0.33,0.35,0.42,0.47,0.44
GWETTOP,1992,-2.0,35.0,0.51,0.57,0.5,0.65,0.68,0.58,0.45,0.29,0.33,0.38,0.47,0.53,0.49
GWETTOP,1992,-2.0,35.625,0.48,0.51,0.46,0.61,0.71,0.58,0.52,0.39,0.31,0.36,0.47,0.52,0.49
GWETTOP,1992,-2.0,36.25,0.29,0.25,0.18,0.39,0.43,0.36,0.28,0.17,0.16,0.2,0.28,0.32,0.28
GWETTOP,1992,-2.0,36.875,0.46,0.33,0.3,0.62,0.68,0.59,0.37,0.26,0.3,0.39,0.59,0.62,0.46
GWETTOP,1992,-2.0,37.5,0.43,0.32,0.27,0.55,0.6,0.51,0.4,0.27,0.3,0.36,0.54,0.57,0.43
GWETTOP,1992,-2.0,38.125,0.39,0.34,0.3,0.46,0.49,0.42,0.39,0.34,0.34,0.36,0.5,0.53,0.41
GWETTOP,1992,-2.0,38.75,0.34,0.3,0.25,0.56,0.56,0.42,0.37,0.35,0.37,0.39,0.58,0.59,0.42
GWETTOP,1992,-2.0,39.375,0.29,0.23,0.24,0.6,0.64,0.5,0.45,0.42,0.45,0.42,0.58,0.61,0.45
GWETTOP,1992,-2.0,40.0,0.26,0.21,0.22,0.58,0.65,0.52,0.48,0.44,0.49,0.44,0.53,0.59,0.45
GWETTOP,1992,-2.0,40.625,0.26,0.23,0.19,0.54,0.65,0.54,0.5,0.46,0.53,0.46,0.5,0.58,0.45
GWETTOP,1992,-2.0,41.25,0.35,0.31,0.27,0.5,0.58,0.49,0.47,0.46,0.5,0.46,0.47,0.52,0.45
GWETTOP,1992,-2.0,41.875,0.64,0.6,0.57,0.69,0.75,0.69,0.67,0.67,0.69,0.67,0.67,0.71,0.67
GWETTOP,1992,-2.5,34.375,0.42,0.51,0.44,0.52,0.52,0.41,0.23,0.2,0.24,0.24,0.38,0.47,0.38
GWETTOP,1992,-2.5,35.0,0.46,0.51,0.47,0.55,0.61,0.5,0.35,0.22,0.23,0.26,0.41,0.5,0.42
GWETTOP,1992,-2.5,35.625,0.42,0.46,0.34,0.54,0.62,0.51,0.37,0.21,0.18,0.23,0.41,0.5,0.4
GWETTOP,1992,-2.5,36.25,0.34,0.29,0.19,0.46,0.51,0.42,0.31,0.21,0.15,0.17,0.34,0.41,0.32
GWETTOP,1992,-2.5,36.875,0.46,0.34,0.26,0.61,0.67,0.58,0.33,0.22,0.21,0.29,0.54,0.62,0.43
GWETTOP,1992,-2.5,37.5,0.45,0.34,0.27,0.6,0.67,0.55,0.36,0.24,0.23,0.3,0.56,0.65,0.43
GWETTOP,1992,-2.5,38.125,0.41,0.36,0.3,0.53,0.57,0.5,0.43,0.34,0.33,0.34,0.57,0.63,0.44
GWETTOP,1992,-2.5,38.75,0.35,0.32,0.29,0.57,0.6,0.46,0.39,0.36,0.36,0.37,0.6,0.63,0.44
GWETTOP,1992,-2.5,39.375,0.34,0.28,0.31,0.67,0.72,0.64,0.58,0.54,0.53,0.45,0.66,0.71,0.54
GWETTOP,1992,-2.5,40.0,0.27,0.21,0.23,0.5,0.56,0.47,0.44,0.4,0.41,0.37,0.47,0.53,0.41
GWETTOP,1992,-2.5,40.625,0.42,0.38,0.36,0.58,0.65,0.59,0.56,0.53,0.55,0.51,0.55,0.6,0.52
GWETTOP,1992,-2.5,41.25,1.0,1.0,1.0,1.0,1.0,1.0,1.0,1.0,1.0,1.0,1.0,1.0,1.0
GWETTOP,1992,-2.5,41.875,1.0,1.0,1.0,1.0,1.0,1.0,1.0,1.0,1.0,1.0,1.0,1.0,1.0
GWETTOP,1992,-3.0,34.375,0.43,0.54,0.49,0.52,0.51,0.41,0.22,0.18,0.21,0.19,0.36,0.5,0.38
GWETTOP,1992,-3.0,35.0,0.44,0.53,0.5,0.54,0.59,0.49,0.33,0.2,0.18,0.2,0.39,0.51,0.41
GWETTOP,1992,-3.0,35.625,0.45,0.52,0.47,0.59,0.7,0.55,0.49,0.4,0.25,0.23,0.43,0.54,0.47
GWETTOP,1992,-3.0,36.25,0.43,0.46,0.26,0.59,0.68,0.58,0.44,0.24,0.18,0.19,0.42,0.57,0.42
GWETTOP,1992,-3.0,36.875,0.51,0.41,0.27,0.69,0.81,0.67,0.58,0.42,0.25,0.32,0.56,0.73,0.52
GWETTOP,1992,-3.0,37.5,0.46,0.38,0.26,0.57,0.69,0.58,0.49,0.44,0.35,0.29,0.49,0.6,0.47
GWETTOP,1992,-3.0,38.125,0.38,0.34,0.32,0.5,0.56,0.5,0.46,0.39,0.34,0.31,0.55,0.62,0.44
GWETTOP,1992,-3.0,38.75,0.32,0.31,0.31,0.54,0.59,0.47,0.41,0.36,0.34,0.32,0.59,0.65,0.43
GWETTOP,1992,-3.0,39.375,0.34,0.3,0.33,0.65,0.71,0.64,0.6,0.54,0.49,0.41,0.64,0.71,0.53
GWETTOP,1992,-3.0,40.0,0.29,0.24,0.25,0.46,0.52,0.46,0.43,0.39,0.38,0.34,0.45,0.51,0.39
GWETTOP,1992,-3.0,40.625,0.74,0.72,0.71,0.78,0.82,0.81,0.79,0.77,0.77,0.75,0.78,0.81,0.77
GWETTOP,1992,-3.0,41.25,1.0,1.0,1.0,1.0,1.0,1.0,1.0,1.0,1.0,1.0,1.0,1.0,1.0
GWETTOP,1992,-3.0,41.875,1.0,1.0,1.0,1.0,1.0,1.0,1.0,1.0,1.0,1.0,1.0,1.0,1.0
GWETTOP,1992,-3.5,34.375,0.44,0.54,0.49,0.51,0.49,0.36,0.2,0.15,0.16,0.16,0.35,0.49,0.36
GWETTOP,1992,-3.5,35.0,0.42,0.54,0.48,0.53,0.53,0.45,0.32,0.2,0.17,0.16,0.36,0.49,0.39
GWETTOP,1992,-3.5,35.625,0.41,0.5,0.46,0.55,0.57,0.5,0.46,0.36,0.25,0.22,0.4,0.52,0.43
GWETTOP,1992,-3.5,36.25,0.39,0.41,0.26,0.54,0.59,0.51,0.39,0.22,0.17,0.19,0.4,0.51,0.38
GWETTOP,1992,-3.5,36.875,0.36,0.32,0.21,0.56,0.65,0.53,0.48,0.35,0.21,0.25,0.43,0.53,0.41
GWETTOP,1992,-3.5,37.5,0.3,0.27,0.22,0.52,0.59,0.51,0.48,0.41,0.26,0.26,0.44,0.52,0.4
GWETTOP,1992,-3.5,38.125,0.32,0.3,0.3,0.51,0.57,0.48,0.45,0.39,0.33,0.3,0.55,0.61,0.43
GWETTOP,1992,-3.5,38.75,0.35,0.33,0.34,0.54,0.59,0.5,0.47,0.44,0.39,0.35,0.57,0.63,0.46
GWETTOP,1992,-3.5,39.375,0.33,0.29,0.33,0.64,0.7,0.64,0.61,0.55,0.47,0.4,0.62,0.69,0.52
GWETTOP,1992,-3.5,40.0,0.44,0.41,0.43,0.61,0.66,0.6,0.57,0.53,0.51,0.48,0.6,0.65,0.54
GWETTOP,1992,-3.5,40.625,0.91,0.91,0.9,0.93,0.94,0.94,0.94,0.93,0.92,0.92,0.93,0.94,0.93
GWETTOP,1992,-3.5,41.25,1.0,1.0,1.0,1.0,1.0,1.0,1.0,1.0,1.0,1.0,1.0,1.0,1.0
GWETTOP,1992,-3.5,41.875,1.0,1.0,1.0,1.0,1.0,1.0,1.0,1.0,1.0,1.0,1.0,1.0,1.0
GWETTOP,1992,-4.0,34.375,0.42,0.53,0.47,0.5,0.47,0.34,0.23,0.17,0.15,0.13,0.33,0.47,0.35
GWETTOP,1992,-4.0,35.0,0.44,0.61,0.54,0.59,0.56,0.48,0.36,0.28,0.23,0.21,0.41,0.55,0.44
GWETTOP,1992,-4.0,35.625,0.42,0.55,0.5,0.56,0.56,0.51,0.48,0.42,0.32,0.27,0.43,0.54,0.46
GWETTOP,1992,-4.0,36.25,0.39,0.47,0.36,0.54,0.53,0.48,0.4,0.27,0.21,0.22,0.41,0.53,0.4
GWETTOP,1992,-4.0,36.875,0.38,0.42,0.3,0.55,0.57,0.49,0.46,0.36,0.26,0.28,0.45,0.55,0.42
GWETTOP,1992,-4.0,37.5,0.33,0.37,0.28,0.55,0.56,0.5,0.46,0.37,0.29,0.29,0.48,0.58,0.42
GWETTOP,1992,-4.0,38.125,0.32,0.33,0.32,0.58,0.62,0.52,0.5,0.4,0.33,0.31,0.59,0.67,0.46
GWETTOP,1992,-4.0,38.75,0.3,0.29,0.31,0.59,0.64,0.52,0.5,0.44,0.38,0.33,0.59,0.67,0.46
GWETTOP,1992,-4.0,39.375,0.28,0.25,0.28,0.57,0.63,0.53,0.5,0.43,0.39,0.34,0.52,0.6,0.44
GWETTOP,1992,-4.0,40.0,0.49,0.47,0.47,0.62,0.67,0.58,0.55,0.52,0.51,0.5,0.59,0.65,0.55
GWETTOP,1992,-4.0,40.625,1.0,1.0,1.0,1.0,1.0,1.0,1.0,1.0,1.0,1.0,1.0,1.0,1.0
GWETTOP,1992,-4.0,41.25,1.0,1.0,1.0,1.0,1.0,1.0,1.0,1.0,1.0,1.0,1.0,1.0,1.0
GWETTOP,1992,-4.0,41.875,1.0,1.0,1.0,1.0,1.0,1.0,1.0,1.0,1.0,1.0,1.0,1.0,1.0
GWETTOP,1992,-4.5,34.375,0.35,0.51,0.41,0.46,0.42,0.36,0.29,0.24,0.21,0.18,0.32,0.43,0.35
GWETTOP,1992,-4.5,35.0,0.37,0.61,0.47,0.56,0.51,0.42,0.38,0.33,0.28,0.24,0.4,0.5,0.42
GWETTOP,1992,-4.5,35.625,0.37,0.54,0.45,0.53,0.49,0.43,0.41,0.38,0.31,0.27,0.4,0.49,0.42
GWETTOP,1992,-4.5,36.25,0.37,0.51,0.41,0.53,0.5,0.45,0.38,0.31,0.26,0.26,0.42,0.54,0.41
GWETTOP,1992,-4.5,36.875,0.38,0.46,0.34,0.56,0.53,0.47,0.44,0.36,0.3,0.31,0.47,0.58,0.43
GWETTOP,1992,-4.5,37.5,0.36,0.43,0.33,0.56,0.55,0.49,0.47,0.4,0.33,0.32,0.49,0.59,0.44
GWETTOP,1992,-4.5,38.125,0.42,0.43,0.39,0.65,0.71,0.65,0.64,0.56,0.47,0.41,0.65,0.73,0.56
GWETTOP,1992,-4.5,38.75,0.4,0.38,0.37,0.64,0.72,0.64,0.62,0.57,0.47,0.42,0.64,0.72,0.55
GWETTOP,1992,-4.5,39.375,0.34,0.31,0.31,0.53,0.57,0.47,0.44,0.41,0.38,0.36,0.48,0.54,0.43
GWETTOP,1992,-4.5,40.0,0.95,0.94,0.94,0.96,0.96,0.95,0.95,0.95,0.95,0.95,0.95,0.96,0.95
GWETTOP,1992,-4.5,40.625,1.0,1.0,1.0,1.0,1.0,1.0,1.0,1.0,1.0,1.0,1.0,1.0,1.0
GWETTOP,1992,-4.5,41.25,1.0,1.0,1.0,1.0,1.0,1.0,1.0,1.0,1.0,1.0,1.0,1.0,1.0
GWETTOP,1992,-4.5,41.875,1.0,1.0,1.0,1.0,1.0,1.0,1.0,1.0,1.0,1.0,1.0,1.0,1.0
GWETTOP,1992,0.5,34.375,0.46,0.42,0.38,0.54,0.59,0.68,0.67,0.67,0.7,0.73,0.67,0.61,0.59
GWETTOP,1992,0.5,35.0,0.58,0.51,0.44,0.58,0.68,0.74,0.79,0.83,0.83,0.84,0.78,0.72,0.69
GWETTOP,1992,0.5,35.625,0.43,0.39,0.32,0.48,0.62,0.63,0.71,0.76,0.76,0.75,0.66,0.57,0.59
GWETTOP,1992,0.5,36.25,0.26,0.23,0.22,0.37,0.42,0.44,0.51,0.59,0.53,0.5,0.43,0.41,0.41
GWETTOP,1992,0.5,36.875,0.4,0.37,0.34,0.5,0.49,0.46,0.54,0.6,0.56,0.54,0.51,0.52,0.49
GWETTOP,1992,0.5,37.5,0.36,0.34,0.27,0.39,0.38,0.32,0.34,0.36,0.33,0.34,0.38,0.41,0.35
GWETTOP,1992,0.5,38.125,0.35,0.33,0.25,0.36,0.36,0.32,0.26,0.2,0.22,0.25,0.38,0.41,0.31
GWETTOP,1992,0.5,38.75,0.33,0.24,0.17,0.35,0.37,0.33,0.26,0.18,0.2,0.22,0.36,0.4,0.28
GWETTOP,1992,0.5,39.375,0.26,0.16,0.14,0.35,0.42,0.36,0.31,0.21,0.26,0.23,0.37,0.43,0.29
GWETTOP,1992,0.5,40.0,0.24,0.14,0.12,0.34,0.42,0.36,0.32,0.23,0.28,0.23,0.36,0.45,0.29
GWETTOP,1992,0.5,40.625,0.24,0.17,0.13,0.33,0.4,0.34,0.28,0.22,0.32,0.24,0.38,0.49,0.3
GWETTOP,1992,0.5,41.25,0.25,0.21,0.18,0.35,0.41,0.33,0.3,0.27,0.36,0.28,0.41,0.5,0.32
GWETTOP,1992,0.5,41.875,0.26,0.22,0.19,0.4,0.48,0.37,0.32,0.29,0.41,0.32,0.46,0.57,0.36
GWETTOP,1992,1.0,34.375,0.66,0.57,0.49,0.57,0.63,0.73,0.77,0.81,0.85,0.89,0.85,0.79,0.72
GWETTOP,1992,1.0,35.0,0.56,0.47,0.4,0.54,0.65,0.73,0.83,0.89,0.89,0.89,0.82,0.74,0.7
GWETTOP,1992,1.0,35.625,0.3,0.24,0.21,0.44,0.55,0.55,0.66,0.75,0.73,0.66,0.49,0.41,0.5
GWETTOP,1992,1.0,36.25,0.2,0.19,0.21,0.33,0.3,0.34,0.41,0.5,0.44,0.4,0.36,0.35,0.34
GWETTOP,1992,1.0,36.875,0.34,0.29,0.25,0.36,0.35,0.34,0.38,0.44,0.4,0.39,0.38,0.4,0.36
GWETTOP,1992,1.0,37.5,0.34,0.29,0.22,0.36,0.34,0.27,0.27,0.28,0.23,0.26,0.37,0.4,0.3
GWETTOP,1992,1.0,38.125,0.32,0.23,0.18,0.33,0.33,0.24,0.19,0.16,0.16,0.19,0.36,0.38,0.26
GWETTOP,1992,1.0,38.75,0.29,0.19,0.16,0.34,0.36,0.29,0.22,0.17,0.18,0.2,0.37,0.4,0.26
GWETTOP,1992,1.0,39.375,0.25,0.16,0.13,0.37,0.43,0.35,0.27,0.19,0.25,0.23,0.38,0.44,0.29
GWETTOP,1992,1.0,40.0,0.25,0.16,0.13,0.34,0.43,0.36,0.31,0.21,0.27,0.22,0.36,0.45,0.29
GWETTOP,1992,1.0,40.625,0.26,0.16,0.13,0.34,0.41,0.33,0.26,0.19,0.31,0.22,0.39,0.52,0.29
GWETTOP,1992,1.0,41.25,0.28,0.19,0.16,0.38,0.45,0.35,0.27,0.23,0.38,0.27,0.45,0.57,0.33
GWETTOP,1992,1.0,41.875,0.26,0.17,0.16,0.37,0.43,0.35,0.27,0.24,0.38,0.29,0.43,0.57,0.33
GWETTOP,1992,1.5,34.375,0.34,0.26,0.23,0.39,0.47,0.6,0.66,0.68,0.68,0.69,0.6,0.5,0.51
GWETTOP,1992,1.5,35.0,0.31,0.22,0.22,0.41,0.46,0.51,0.62,0.69,0.67,0.64,0.53,0.44,0.48
GWETTOP,1992,1.5,35.625,0.16,0.17,0.16,0.34,0.36,0.36,0.43,0.47,0.43,0.39,0.35,0.33,0.33
GWETTOP,1992,1.5,36.25,0.15,0.15,0.15,0.24,0.21,0.27,0.35,0.38,0.33,0.3,0.27,0.29,0.26
GWETTOP,1992,1.5,36.875,0.32,0.24,0.21,0.36,0.34,0.29,0.31,0.33,0.27,0.28,0.37,0.39,0.31
GWETTOP,1992,1.5,37.5,0.26,0.22,0.19,0.34,0.29,0.26,0.28,0.27,0.24,0.26,0.36,0.38,0.28
GWETTOP,1992,1.5,38.125,0.29,0.22,0.19,0.35,0.35,0.27,0.23,0.19,0.18,0.21,0.38,0.41,0.27
GWETTOP,1992,1.5,38.75,0.29,0.21,0.2,0.41,0.42,0.29,0.25,0.21,0.21,0.25,0.47,0.49,0.31
GWETTOP,1992,1.5,39.375,0.29,0.17,0.14,0.37,0.46,0.37,0.32,0.22,0.26,0.23,0.4,0.47,0.31
GWETTOP,1992,1.5,40.0,0.26,0.15,0.14,0.38,0.46,0.39,0.3,0.2,0.26,0.24,0.4,0.47,0.3
GWETTOP,1992,1.5,40.625,0.3,0.17,0.15,0.39,0.47,0.35,0.27,0.2,0.32,0.22,0.44,0.59,0.32
GWETTOP,1992,1.5,41.25,0.29,0.14,0.13,0.32,0.39,0.33,0.25,0.19,0.33,0.22,0.37,0.51,0.29
GWETTOP,1992,1.5,41.875,0.25,0.13,0.14,0.37,0.45,0.34,0.24,0.21,0.38,0.26,0.44,0.59,0.32
GWETTOP,1992,2.0,34.375,0.24,0.2,0.19,0.31,0.33,0.48,0.53,0.54,0.51,0.53,0.45,0.37,0.39
GWETTOP,1992,2.0,35.0,0.19,0.18,0.18,0.34,0.34,0.39,0.44,0.47,0.43,0.43,0.39,0.36,0.35
GWETTOP,1992,2.0,35.625,0.14,0.14,0.14,0.28,0.27,0.27,0.33,0.34,0.28,0.29,0.28,0.28,0.25
GWETTOP,1992,2.0,36.25,0.15,0.13,0.14,0.23,0.2,0.21,0.27,0.27,0.21,0.23,0.28,0.28,0.22
GWETTOP,1992,2.0,36.875,0.27,0.19,0.2,0.36,0.33,0.25,0.26,0.26,0.22,0.25,0.38,0.39,0.28
GWETTOP,1992,2.0,37.5,0.27,0.18,0.18,0.36,0.33,0.25,0.23,0.2,0.17,0.22,0.37,0.39,0.26
GWETTOP,1992,2.0,38.125,0.3,0.2,0.18,0.4,0.41,0.32,0.26,0.2,0.2,0.24,0.43,0.46,0.3
GWETTOP,1992,2.0,38.75,0.28,0.19,0.18,0.39,0.42,0.33,0.29,0.23,0.22,0.25,0.43,0.46,0.31
GWETTOP,1992,2.0,39.375,0.27,0.15,0.15,0.36,0.46,0.37,0.33,0.24,0.26,0.23,0.4,0.46,0.31
GWETTOP,1992,2.0,40.0,0.27,0.15,0.15,0.39,0.49,0.4,0.34,0.26,0.28,0.25,0.43,0.5,0.33
GWETTOP,1992,2.0,40.625,0.29,0.18,0.21,0.51,0.61,0.38,0.3,0.25,0.39,0.28,0.6,0.72,0.39
GWETTOP,1992,2.0,41.25,0.29,0.16,0.18,0.39,0.46,0.33,0.26,0.2,0.33,0.22,0.46,0.59,0.32
GWETTOP,1992,2.0,41.875,0.26,0.16,0.17,0.47,0.56,0.33,0.26,0.24,0.41,0.29,0.56,0.66,0.36
GWETTOP,1992,2.5,34.375,0.21,0.22,0.2,0.28,0.3,0.43,0.44,0.44,0.38,0.43,0.38,0.33,0.34
GWETTOP,1992,2.5,35.0,0.18,0.18,0.17,0.27,0.29,0.35,0.37,0.38,0.33,0.32,0.33,0.31,0.29
GWETTOP,1992,2.5,35.625,0.15,0.13,0.14,0.23,0.24,0.25,0.3,0.31,0.22,0.21,0.27,0.26,0.23
GWETTOP,1992,2.5,36.25,0.15,0.13,0.14,0.24,0.21,0.18,0.22,0.19,0.17,0.18,0.28,0.28,0.2
GWETTOP,1992,2.5,36.875,0.21,0.16,0.18,0.32,0.31,0.19,0.21,0.19,0.17,0.21,0.35,0.36,0.24
GWETTOP,1992,2.5,37.5,0.22,0.17,0.19,0.36,0.35,0.22,0.2,0.19,0.17,0.22,0.38,0.39,0.26
GWETTOP,1992,2.5,38.125,0.26,0.19,0.19,0.39,0.4,0.32,0.25,0.2,0.23,0.25,0.4,0.42,0.29
GWETTOP,1992,2.5,38.75,0.24,0.17,0.18,0.38,0.4,0.33,0.27,0.21,0.23,0.25,0.4,0.41,0.29
GWETTOP,1992,2.5,39.375,0.23,0.14,0.17,0.36,0.43,0.36,0.33,0.24,0.27,0.25,0.39,0.42,0.3
GWETTOP,1992,2.5,40.0,0.25,0.15,0.18,0.4,0.48,0.38,0.35,0.28,0.3,0.27,0.43,0.47,0.33
GWETTOP,1992,2.5,40.625,0.24,0.17,0.2,0.45,0.51,0.34,0.29,0.25,0.33,0.26,0.51,0.59,0.35
GWETTOP,1992,2.5,41.25,0.18,0.15,0.15,0.3,0.29,0.21,0.2,0.19,0.22,0.18,0.33,0.4,0.23
GWETTOP,1992,2.5,41.875,0.19,0.15,0.15,0.33,0.36,0.26,0.22,0.22,0.27,0.22,0.37,0.43,0.26
GWETTOP,1992,3.0,34.375,0.18,0.21,0.2,0.3,0.37,0.44,0.45,0.45,0.37,0.44,0.44,0.36,0.35
GWETTOP,1992,3.0,35.0,0.15,0.16,0.15,0.24,0.29,0.31,0.31,0.26,0.21,0.26,0.32,0.29,0.25
GWETTOP,1992,3.0,35.625,0.14,0.12,0.13,0.22,0.24,0.21,0.24,0.19,0.16,0.16,0.24,0.25,0.19
GWETTOP,1992,3.0,36.25,0.15,0.14,0.16,0.26,0.29,0.15,0.16,0.13,0.14,0.18,0.26,0.28,0.19
GWETTOP,1992,3.0,36.875,0.16,0.15,0.17,0.29,0.32,0.18,0.16,0.15,0.15,0.19,0.28,0.3,0.21
GWETTOP,1992,3.0,37.5,0.13,0.15,0.17,0.31,0.29,0.15,0.15,0.16,0.16,0.19,0.29,0.32,0.21
GWETTOP,1992,3.0,38.125,0.18,0.18,0.2,0.38,0.38,0.31,0.23,0.19,0.22,0.25,0.36,0.37,0.27
GWETTOP,1992,3.0,38.75,0.18,0.18,0.21,0.42,0.43,0.33,0.28,0.23,0.27,0.29,0.4,0.41,0.3
GWETTOP,1992,3.0,39.375,0.19,0.15,0.19,0.36,0.4,0.34,0.33,0.26,0.28,0.29,0.37,0.38,0.3
GWETTOP,1992,3.0,40.0,0.2,0.15,0.2,0.39,0.44,0.35,0.34,0.29,0.3,0.3,0.4,0.43,0.32
GWETTOP,1992,3.0,40.625,0.2,0.16,0.18,0.38,0.39,0.27,0.25,0.23,0.26,0.23,0.4,0.45,0.28
GWETTOP,1992,3.0,41.25,0.17,0.14,0.15,0.31,0.3,0.22,0.2,0.19,0.22,0.19,0.33,0.37,0.23
GWETTOP,1992,3.0,41.875,0.17,0.11,0.12,0.3,0.32,0.28,0.21,0.19,0.23,0.2,0.33,0.36,0.24
GWETTOP,1992,3.5,34.375,0.18,0.18,0.18,0.31,0.36,0.37,0.37,0.36,0.31,0.37,0.4,0.37,0.31
GWETTOP,1992,3.5,35.0,0.14,0.16,0.16,0.28,0.32,0.29,0.25,0.21,0.18,0.26,0.33,0.31,0.24
GWETTOP,1992,3.5,35.625,0.13,0.14,0.15,0.25,0.29,0.2,0.21,0.18,0.15,0.18,0.24,0.27,0.2
GWETTOP,1992,3.5,36.25,0.13,0.14,0.15,0.29,0.32,0.17,0.16,0.13,0.14,0.2,0.26,0.29,0.2
GWETTOP,1992,3.5,36.875,0.14,0.17,0.17,0.33,0.34,0.24,0.17,0.16,0.17,0.23,0.3,0.32,0.23
GWETTOP,1992,3.5,37.5,0.15,0.17,0.18,0.36,0.38,0.26,0.21,0.18,0.2,0.26,0.33,0.35,0.25
GWETTOP,1992,3.5,38.125,0.15,0.17,0.2,0.38,0.41,0.35,0.33,0.27,0.25,0.31,0.36,0.36,0.3
GWETTOP,1992,3.5,38.75,0.16,0.17,0.21,0.4,0.43,0.37,0.36,0.33,0.31,0.34,0.38,0.38,0.32
GWETTOP,1992,3.5,39.375,0.2,0.18,0.23,0.42,0.48,0.41,0.41,0.37,0.36,0.37,0.42,0.42,0.36
GWETTOP,1992,3.5,40.0,0.19,0.16,0.21,0.41,0.44,0.35,0.34,0.3,0.29,0.31,0.41,0.43,0.32
GWETTOP,1992,3.5,40.625,0.22,0.19,0.22,0.48,0.51,0.3,0.28,0.25,0.29,0.29,0.51,0.56,0.34
GWETTOP,1992,3.5,41.25,0.19,0.16,0.17,0.34,0.33,0.23,0.21,0.2,0.21,0.21,0.36,0.4,0.25
GWETTOP,1992,3.5,41.875,0.14,0.11,0.11,0.26,0.27,0.21,0.16,0.15,0.17,0.17,0.29,0.31,0.2
GWETTOP,1992,4.0,34.375,0.2,0.2,0.22,0.39,0.47,0.42,0.36,0.36,0.28,0.43,0.5,0.45,0.36
GWETTOP,1992,4.0,35.0,0.15,0.2,0.21,0.37,0.41,0.31,0.25,0.25,0.19,0.32,0.39,0.36,0.28
GWETTOP,1992,4.0,35.625,0.13,0.17,0.18,0.31,0.34,0.25,0.21,0.2,0.17,0.22,0.27,0.3,0.23
GWETTOP,1992,4.0,36.25,0.13,0.17,0.17,0.31,0.34,0.22,0.17,0.14,0.15,0.24,0.26,0.28,0.22
GWETTOP,1992,4.0,36.875,0.14,0.21,0.19,0.35,0.36,0.3,0.19,0.16,0.18,0.27,0.33,0.31,0.25
GWETTOP,1992,4.0,37.5,0.14,0.21,0.2,0.38,0.4,0.32,0.23,0.19,0.21,0.29,0.35,0.33,0.27
GWETTOP,1992,4.0,38.125,0.17,0.25,0.24,0.45,0.49,0.43,0.4,0.36,0.37,0.39,0.45,0.42,0.37
GWETTOP,1992,4.0,38.75,0.22,0.3,0.3,0.59,0.63,0.56,0.48,0.41,0.43,0.47,0.58,0.54,0.46
GWETTOP,1992,4.0,39.375,0.24,0.26,0.31,0.59,0.65,0.57,0.5,0.42,0.44,0.47,0.61,0.6,0.47
GWETTOP,1992,4.0,40.0,0.2,0.19,0.24,0.48,0.52,0.43,0.35,0.29,0.32,0.35,0.49,0.49,0.36
GWETTOP,1992,4.0,40.625,0.23,0.19,0.22,0.51,0.55,0.35,0.28,0.25,0.28,0.32,0.53,0.56,0.36
GWETTOP,1992,4.0,41.25,0.19,0.14,0.16,0.35,0.37,0.28,0.19,0.17,0.19,0.22,0.38,0.4,0.25
GWETTOP,1992,4.0,41.875,0.17,0.12,0.12,0.3,0.33,0.26,0.17,0.15,0.16,0.2,0.34,0.35,0.22
GWETTOP,1992,4.5,34.375,0.23,0.23,0.27,0.47,0.56,0.45,0.36,0.4,0.3,0.53,0.53,0.5,0.4
GWETTOP,1992,4.5,35.0,0.16,0.23,0.26,0.44,0.49,0.34,0.28,0.3,0.23,0.38,0.44,0.41,0.33
GWETTOP,1992,4.5,35.625,0.13,0.22,0.21,0.35,0.38,0.32,0.23,0.22,0.18,0.25,0.29,0.3,0.26
GWETTOP,1992,4.5,36.25,0.14,0.21,0.18,0.34,0.38,0.3,0.21,0.17,0.17,0.27,0.28,0.27,0.24
GWETTOP,1992,4.5,36.875,0.16,0.29,0.21,0.35,0.39,0.34,0.28,0.21,0.22,0.3,0.34,0.29,0.28
GWETTOP,1992,4.5,37.5,0.21,0.4,0.27,0.46,0.54,0.44,0.33,0.3,0.32,0.42,0.46,0.37,0.38
GWETTOP,1992,4.5,38.125,0.22,0.41,0.32,0.56,0.61,0.52,0.42,0.37,0.41,0.47,0.59,0.55,0.45
GWETTOP,1992,4.5,38.75,0.21,0.39,0.31,0.52,0.58,0.49,0.42,0.36,0.39,0.44,0.56,0.52,0.43
GWETTOP,1992,4.5,39.375,0.2,0.23,0.26,0.48,0.53,0.44,0.36,0.31,0.32,0.38,0.49,0.48,0.37
GWETTOP,1992,4.5,40.0,0.18,0.19,0.23,0.42,0.46,0.39,0.32,0.28,0.27,0.33,0.43,0.42,0.33
GWETTOP,1992,4.5,40.625,0.19,0.17,0.2,0.41,0.44,0.36,0.25,0.22,0.24,0.28,0.42,0.42,0.3
GWETTOP,1992,4.5,41.25,0.21,0.17,0.2,0.37,0.4,0.33,0.25,0.19,0.2,0.25,0.38,0.4,0.28
GWETTOP,1992,4.5,41.875,0.17,0.13,0.15,0.33,0.38,0.3,0.17,0.16,0.18,0.22,0.36,0.37,0.24
GWETTOP,1993,-0.5,34.375,0.7,0.62,0.48,0.53,0.74,0.83,0.76,0.65,0.56,0.45,0.55,0.54,0.62
GWETTOP,1993,-0.5,35.0,0.65,0.63,0.49,0.48,0.66,0.71,0.64,0.61,0.55,0.51,0.54,0.53,0.58
GWETTOP,1993,-0.5,35.625,0.59,0.56,0.47,0.46,0.58,0.58,0.55,0.54,0.48,0.47,0.5,0.49,0.52
GWETTOP,1993,-0.5,36.25,0.53,0.5,0.44,0.44,0.52,0.52,0.5,0.49,0.43,0.42,0.46,0.46,0.48
GWETTOP,1993,-0.5,36.875,0.57,0.55,0.5,0.52,0.58,0.56,0.51,0.48,0.41,0.42,0.54,0.54,0.51
GWETTOP,1993,-0.5,37.5,0.61,0.59,0.52,0.53,0.58,0.55,0.51,0.5,0.44,0.45,0.56,0.58,0.53
GWETTOP,1993,-0.5,38.125,0.58,0.52,0.45,0.43,0.45,0.33,0.29,0.28,0.24,0.29,0.56,0.56,0.41
GWETTOP,1993,-0.5,38.75,0.52,0.43,0.36,0.36,0.41,0.3,0.27,0.26,0.23,0.28,0.52,0.49,0.37
GWETTOP,1993,-0.5,39.375,0.47,0.36,0.32,0.34,0.44,0.35,0.31,0.3,0.25,0.33,0.44,0.4,0.36
GWETTOP,1993,-0.5,40.0,0.53,0.42,0.36,0.38,0.49,0.41,0.36,0.35,0.28,0.38,0.47,0.45,0.41
GWETTOP,1993,-0.5,40.625,0.59,0.45,0.42,0.42,0.53,0.49,0.42,0.45,0.33,0.46,0.51,0.47,0.46
GWETTOP,1993,-0.5,41.25,0.6,0.45,0.43,0.43,0.54,0.49,0.41,0.46,0.34,0.46,0.51,0.47,0.47
GWETTOP,1993,-0.5,41.875,0.59,0.46,0.42,0.41,0.52,0.48,0.39,0.44,0.31,0.44,0.51,0.46,0.45
GWETTOP,1993,-1.0,34.375,0.62,0.54,0.49,0.47,0.51,0.58,0.5,0.5,0.43,0.35,0.43,0.47,0.49
GWETTOP,1993,-1.0,35.0,0.68,0.65,0.55,0.53,0.57,0.59,0.55,0.56,0.5,0.48,0.49,0.52,0.56
GWETTOP,1993,-1.0,35.625,0.64,0.63,0.52,0.49,0.57,0.55,0.5,0.49,0.44,0.42,0.44,0.49,0.51
GWETTOP,1993,-1.0,36.25,0.54,0.51,0.4,0.39,0.52,0.52,0.46,0.43,0.37,0.36,0.38,0.41,0.44
GWETTOP,1993,-1.0,36.875,0.62,0.61,0.51,0.5,0.56,0.53,0.48,0.4,0.3,0.34,0.51,0.56,0.49
GWETTOP,1993,-1.0,37.5,0.62,0.59,0.51,0.5,0.59,0.55,0.47,0.42,0.37,0.38,0.52,0.55,0.51
GWETTOP,1993,-1.0,38.125,0.61,0.5,0.43,0.43,0.47,0.34,0.29,0.29,0.24,0.33,0.58,0.57,0.42
GWETTOP,1993,-1.0,38.75,0.57,0.43,0.36,0.36,0.44,0.3,0.27,0.28,0.23,0.32,0.56,0.52,0.39
GWETTOP,1993,-1.0,39.375,0.55,0.33,0.32,0.37,0.53,0.37,0.33,0.33,0.26,0.4,0.51,0.45,0.4
GWETTOP,1993,-1.0,40.0,0.62,0.43,0.38,0.43,0.6,0.43,0.38,0.38,0.3,0.45,0.57,0.52,0.46
GWETTOP,1993,-1.0,40.625,0.61,0.46,0.44,0.43,0.56,0.51,0.45,0.48,0.36,0.49,0.52,0.5,0.48
GWETTOP,1993,-1.0,41.25,0.6,0.47,0.45,0.43,0.55,0.5,0.45,0.48,0.37,0.49,0.52,0.5,0.48
GWETTOP,1993,-1.0,41.875,0.48,0.39,0.36,0.36,0.44,0.41,0.35,0.39,0.3,0.38,0.42,0.4,0.39
GWETTOP,1993,-1.5,34.375,0.65,0.63,0.47,0.41,0.49,0.57,0.41,0.47,0.34,0.28,0.35,0.47,0.46
GWETTOP,1993,-1.5,35.0,0.71,0.66,0.54,0.45,0.57,0.55,0.42,0.46,0.35,0.3,0.36,0.52,0.49
GWETTOP,1993,-1.5,35.625,0.67,0.67,0.51,0.48,0.56,0.53,0.48,0.41,0.27,0.3,0.39,0.49,0.48
GWETTOP,1993,-1.5,36.25,0.52,0.47,0.37,0.35,0.45,0.43,0.36,0.3,0.22,0.24,0.33,0.39,0.37
GWETTOP,1993,-1.5,36.875,0.71,0.67,0.58,0.52,0.64,0.6,0.39,0.33,0.31,0.36,0.59,0.62,0.53
GWETTOP,1993,-1.5,37.5,0.61,0.59,0.5,0.47,0.52,0.48,0.39,0.33,0.3,0.36,0.49,0.54,0.46
GWETTOP,1993,-1.5,38.125,0.56,0.51,0.46,0.44,0.47,0.43,0.38,0.37,0.31,0.38,0.48,0.52,0.44
GWETTOP,1993,-1.5,38.75,0.58,0.45,0.39,0.4,0.49,0.34,0.3,0.31,0.27,0.36,0.52,0.52,0.41
GWETTOP,1993,-1.5,39.375,0.56,0.38,0.34,0.41,0.55,0.39,0.35,0.34,0.27,0.4,0.5,0.47,0.41
GWETTOP,1993,-1.5,40.0,0.63,0.42,0.42,0.47,0.65,0.55,0.47,0.47,0.35,0.51,0.57,0.53,0.5
GWETTOP,1993,-1.5,40.625,0.61,0.46,0.46,0.45,0.59,0.53,0.47,0.5,0.38,0.5,0.52,0.51,0.5
GWETTOP,1993,-1.5,41.25,0.61,0.48,0.46,0.44,0.57,0.52,0.47,0.49,0.39,0.49,0.52,0.51,0.5
GWETTOP,1993,-1.5,41.875,0.7,0.64,0.63,0.63,0.68,0.66,0.63,0.64,0.61,0.64,0.65,0.65,0.65
GWETTOP,1993,-1.7975103014118005e-13,34.375,0.59,0.49,0.41,0.45,0.69,0.73,0.69,0.64,0.6,0.54,0.53,0.48,0.57
GWETTOP,1993,-1.7975103014118005e-13,35.0,0.68,0.63,0.5,0.51,0.75,0.77,0.75,0.74,0.72,0.68,0.67,0.62,0.67
GWETTOP,1993,-1.7975103014118005e-13,35.625,0.64,0.6,0.5,0.5,0.66,0.67,0.66,0.66,0.63,0.6,0.6,0.56,0.61
GWETTOP,1993,-1.7975103014118005e-13,36.25,0.51,0.47,0.4,0.41,0.5,0.52,0.52,0.51,0.47,0.44,0.47,0.45,0.47
GWETTOP,1993,-1.7975103014118005e-13,36.875,0.51,0.49,0.44,0.48,0.53,0.49,0.47,0.46,0.4,0.4,0.48,0.47,0.47
GWETTOP,1993,-1.7975103014118005e-13,37.5,0.58,0.56,0.5,0.54,0.59,0.53,0.5,0.48,0.42,0.42,0.54,0.56,0.52
GWETTOP,1993,-1.7975103014118005e-13,38.125,0.53,0.48,0.41,0.43,0.46,0.35,0.31,0.27,0.22,0.25,0.5,0.5,0.39
GWETTOP,1993,-1.7975103014118005e-13,38.75,0.45,0.39,0.35,0.37,0.4,0.33,0.28,0.24,0.19,0.23,0.42,0.41,0.34
GWETTOP,1993,-1.7975103014118005e-13,39.375,0.43,0.36,0.32,0.34,0.42,0.34,0.31,0.27,0.2,0.26,0.37,0.35,0.33
GWETTOP,1993,-1.7975103014118005e-13,40.0,0.47,0.39,0.35,0.36,0.45,0.38,0.35,0.32,0.25,0.3,0.37,0.36,0.36
GWETTOP,1993,-1.7975103014118005e-13,40.625,0.53,0.41,0.38,0.41,0.51,0.44,0.38,0.37,0.28,0.36,0.43,0.39,0.41
GWETTOP,1993,-1.7975103014118005e-13,41.25,0.54,0.4,0.4,0.43,0.52,0.45,0.38,0.4,0.31,0.4,0.47,0.4,0.43
GWETTOP,1993,-1.7975103014118005e-13,41.875,0.61,0.48,0.45,0.47,0.61,0.53,0.46,0.45,0.32,0.42,0.52,0.46,0.48
GWETTOP,1993,-2.0,34.375,0.65,0.64,0.47,0.38,0.41,0.52,0.3,0.4,0.26,0.22,0.29,0.46,0.42
GWETTOP,1993,-2.0,35.0,0.72,0.67,0.55,0.46,0.58,0.53,0.32,0.38,0.28,0.26,0.37,0.55,0.47
GWETTOP,1993,-2.0,35.625,0.69,0.66,0.53,0.49,0.57,0.54,0.42,0.31,0.26,0.27,0.39,0.53,0.47
GWETTOP,1993,-2.0,36.25,0.45,0.41,0.31,0.26,0.36,0.3,0.18,0.15,0.14,0.16,0.23,0.32,0.27
GWETTOP,1993,-2.0,36.875,0.7,0.67,0.58,0.48,0.61,0.5,0.28,0.26,0.27,0.32,0.5,0.6,0.48
GWETTOP,1993,-2.0,37.5,0.64,0.6,0.51,0.46,0.52,0.44,0.28,0.27,0.26,0.32,0.47,0.54,0.44
GWETTOP,1993,-2.0,38.125,0.57,0.5,0.44,0.42,0.45,0.39,0.33,0.33,0.29,0.35,0.43,0.48,0.41
GWETTOP,1993,-2.0,38.75,0.6,0.48,0.41,0.43,0.52,0.38,0.34,0.34,0.3,0.39,0.52,0.54,0.44
GWETTOP,1993,-2.0,39.375,0.61,0.45,0.41,0.47,0.61,0.49,0.44,0.42,0.33,0.46,0.54,0.53,0.48
GWETTOP,1993,-2.0,40.0,0.58,0.42,0.41,0.46,0.61,0.51,0.46,0.45,0.35,0.48,0.51,0.5,0.48
GWETTOP,1993,-2.0,40.625,0.58,0.45,0.44,0.46,0.59,0.54,0.48,0.49,0.4,0.5,0.5,0.49,0.49
GWETTOP,1993,-2.0,41.25,0.51,0.45,0.44,0.45,0.53,0.49,0.46,0.47,0.44,0.48,0.48,0.47,0.47
GWETTOP,1993,-2.0,41.875,0.7,0.67,0.66,0.66,0.71,0.69,0.67,0.68,0.66,0.67,0.68,0.68,0.68
GWETTOP,1993,-2.5,34.375,0.62,0.57,0.49,0.43,0.39,0.45,0.27,0.31,0.2,0.15,0.26,0.46,0.38
GWETTOP,1993,-2.5,35.0,0.68,0.65,0.52,0.47,0.48,0.46,0.27,0.3,0.22,0.18,0.29,0.53,0.42
GWETTOP,1993,-2.5,35.625,0.65,0.61,0.5,0.45,0.47,0.38,0.22,0.19,0.19,0.18,0.29,0.52,0.39
GWETTOP,1993,-2.5,36.25,0.53,0.49,0.4,0.34,0.39,0.31,0.19,0.15,0.14,0.14,0.23,0.41,0.31
GWETTOP,1993,-2.5,36.875,0.72,0.7,0.6,0.5,0.54,0.41,0.23,0.22,0.23,0.23,0.38,0.61,0.45
GWETTOP,1993,-2.5,37.5,0.77,0.71,0.57,0.51,0.55,0.45,0.25,0.26,0.27,0.28,0.4,0.6,0.47
GWETTOP,1993,-2.5,38.125,0.68,0.63,0.54,0.5,0.51,0.45,0.34,0.33,0.29,0.35,0.45,0.55,0.47
GWETTOP,1993,-2.5,38.75,0.66,0.56,0.45,0.47,0.54,0.45,0.37,0.37,0.34,0.4,0.48,0.57,0.47
GWETTOP,1993,-2.5,39.375,0.73,0.62,0.51,0.57,0.68,0.64,0.57,0.51,0.43,0.54,0.57,0.65,0.59
GWETTOP,1993,-2.5,40.0,0.55,0.42,0.37,0.43,0.51,0.49,0.42,0.4,0.36,0.41,0.41,0.45,0.44
GWETTOP,1993,-2.5,40.625,0.6,0.52,0.5,0.53,0.6,0.61,0.55,0.54,0.5,0.54,0.53,0.54,0.55
GWETTOP,1993,-2.5,41.25,1.0,1.0,1.0,1.0,1.0,1.0,1.0,1.0,1.0,1.0,1.0,1.0,1.0
GWETTOP,1993,-2.5,41.875,1.0,1.0,1.0,1.0,1.0,1.0,1.0,1.0,1.0,1.0,1.0,1.0,1.0
GWETTOP,1993,-3.0,34.375,0.63,0.58,0.52,0.47,0.44,0.45,0.3,0.27,0.2,0.13,0.25,0.45,0.39
GWETTOP,1993,-3.0,35.0,0.69,0.69,0.54,0.49,0.48,0.47,0.29,0.27,0.22,0.16,0.25,0.51,0.42
GWETTOP,1993,-3.0,35.625,0.73,0.76,0.6,0.53,0.53,0.51,0.46,0.35,0.27,0.2,0.29,0.53,0.48
GWETTOP,1993,-3.0,36.25,0.69,0.65,0.57,0.5,0.54,0.46,0.25,0.24,0.24,0.18,0.26,0.58,0.43
GWETTOP,1993,-3.0,36.875,0.87,0.85,0.68,0.62,0.65,0.65,0.55,0.43,0.39,0.29,0.36,0.67,0.58
GWETTOP,1993,-3.0,37.5,0.74,0.73,0.6,0.54,0.55,0.54,0.46,0.44,0.35,0.26,0.32,0.55,0.51
GWETTOP,1993,-3.0,38.125,0.7,0.66,0.57,0.52,0.5,0.48,0.43,0.39,0.37,0.34,0.37,0.54,0.49
GWETTOP,1993,-3.0,38.75,0.7,0.6,0.46,0.49,0.51,0.5,0.4,0.38,0.39,0.38,0.4,0.58,0.48
GWETTOP,1993,-3.0,39.375,0.74,0.64,0.51,0.58,0.65,0.67,0.59,0.51,0.5,0.51,0.48,0.65,0.59
GWETTOP,1993,-3.0,40.0,0.55,0.44,0.37,0.42,0.46,0.5,0.42,0.39,0.37,0.38,0.37,0.44,0.43
GWETTOP,1993,-3.0,40.625,0.84,0.79,0.76,0.78,0.81,0.84,0.8,0.77,0.76,0.76,0.76,0.78,0.79
GWETTOP,1993,-3.0,41.25,1.0,1.0,1.0,1.0,1.0,1.0,1.0,1.0,1.0,1.0,1.0,1.0,1.0
GWETTOP,1993,-3.0,41.875,1.0,1.0,1.0,1.0,1.0,1.0,1.0,1.0,1.0,1.0,1.0,1.0,1.0
GWETTOP,1993,-3.5,34.375,0.62,0.57,0.52,0.47,0.4,0.36,0.22,0.21,0.19,0.14,0.24,0.39,0.36
GWETTOP,1993,-3.5,35.0,0.66,0.65,0.53,0.48,0.46,0.42,0.26,0.24,0.22,0.15,0.23,0.44,0.39
GWETTOP,1993,-3.5,35.625,0.66,0.64,0.54,0.52,0.51,0.49,0.42,0.33,0.26,0.19,0.26,0.48,0.44
GWETTOP,1993,-3.5,36.25,0.64,0.6,0.51,0.5,0.51,0.46,0.28,0.24,0.23,0.18,0.26,0.49,0.41
GWETTOP,1993,-3.5,36.875,0.63,0.58,0.49,0.5,0.52,0.51,0.44,0.33,0.29,0.23,0.3,0.51,0.44
GWETTOP,1993,-3.5,37.5,0.55,0.51,0.45,0.47,0.5,0.49,0.43,0.35,0.32,0.27,0.3,0.48,0.43
GWETTOP,1993,-3.5,38.125,0.67,0.58,0.47,0.48,0.48,0.49,0.41,0.37,0.39,0.35,0.36,0.52,0.46
GWETTOP,1993,-3.5,38.75,0.67,0.59,0.49,0.51,0.51,0.52,0.46,0.43,0.45,0.42,0.41,0.54,0.5
GWETTOP,1993,-3.5,39.375,0.72,0.59,0.46,0.58,0.63,0.68,0.59,0.51,0.52,0.49,0.45,0.62,0.57
GWETTOP,1993,-3.5,40.0,0.68,0.6,0.53,0.57,0.6,0.62,0.55,0.52,0.53,0.52,0.51,0.59,0.57
GWETTOP,1993,-3.5,40.625,0.95,0.94,0.92,0.93,0.94,0.95,0.94,0.93,0.92,0.92,0.92,0.93,0.93
GWETTOP,1993,-3.5,41.25,1.0,1.0,1.0,1.0,1.0,1.0,1.0,1.0,1.0,1.0,1.0,1.0,1.0
GWETTOP,1993,-3.5,41.875,1.0,1.0,1.0,1.0,1.0,1.0,1.0,1.0,1.0,1.0,1.0,1.0,1.0
GWETTOP,1993,-4.0,34.375,0.59,0.56,0.52,0.47,0.39,0.33,0.21,0.2,0.18,0.14,0.22,0.32,0.34
GWETTOP,1993,-4.0,35.0,0.68,0.67,0.61,0.56,0.52,0.47,0.34,0.31,0.27,0.21,0.27,0.43,0.44
GWETTOP,1993,-4.0,35.625,0.67,0.67,0.61,0.58,0.55,0.52,0.47,0.45,0.36,0.27,0.3,0.47,0.49
GWETTOP,1993,-4.0,36.25,0.65,0.62,0.53,0.53,0.51,0.48,0.39,0.32,0.26,0.21,0.28,0.45,0.43
GWETTOP,1993,-4.0,36.875,0.65,0.62,0.52,0.55,0.53,0.51,0.45,0.39,0.32,0.27,0.32,0.48,0.47
GWETTOP,1993,-4.0,37.5,0.63,0.57,0.51,0.54,0.53,0.51,0.41,0.38,0.35,0.3,0.33,0.49,0.46
GWETTOP,1993,-4.0,38.125,0.7,0.57,0.47,0.53,0.52,0.54,0.41,0.38,0.41,0.38,0.39,0.55,0.49
GWETTOP,1993,-4.0,38.75,0.68,0.52,0.42,0.52,0.52,0.54,0.45,0.41,0.45,0.41,0.41,0.54,0.49
GWETTOP,1993,-4.0,39.375,0.62,0.44,0.37,0.51,0.55,0.6,0.47,0.42,0.42,0.4,0.38,0.49,0.47
GWETTOP,1993,-4.0,40.0,0.66,0.57,0.52,0.58,0.58,0.6,0.53,0.52,0.52,0.52,0.52,0.56,0.56
GWETTOP,1993,-4.0,40.625,1.0,1.0,1.0,1.0,1.0,1.0,1.0,1.0,1.0,1.0,1.0,1.0,1.0
GWETTOP,1993,-4.0,41.25,1.0,1.0,1.0,1.0,1.0,1.0,1.0,1.0,1.0,1.0,1.0,1.0,1.0
GWETTOP,1993,-4.0,41.875,1.0,1.0,1.0,1.0,1.0,1.0,1.0,1.0,1.0,1.0,1.0,1.0,1.0
GWETTOP,1993,-4.5,34.375,0.54,0.49,0.48,0.42,0.39,0.36,0.31,0.28,0.23,0.2,0.23,0.27,0.35
GWETTOP,1993,-4.5,35.0,0.63,0.59,0.57,0.52,0.47,0.44,0.38,0.36,0.31,0.26,0.29,0.35,0.43
GWETTOP,1993,-4.5,35.625,0.61,0.6,0.56,0.54,0.49,0.46,0.42,0.41,0.36,0.3,0.3,0.38,0.45
GWETTOP,1993,-4.5,36.25,0.65,0.61,0.54,0.55,0.51,0.48,0.44,0.39,0.32,0.28,0.31,0.41,0.46
GWETTOP,1993,-4.5,36.875,0.66,0.62,0.54,0.59,0.55,0.51,0.47,0.45,0.39,0.33,0.35,0.47,0.49
GWETTOP,1993,-4.5,37.5,0.66,0.61,0.54,0.58,0.55,0.53,0.48,0.45,0.42,0.36,0.36,0.48,0.5
GWETTOP,1993,-4.5,38.125,0.77,0.7,0.6,0.64,0.63,0.65,0.58,0.51,0.55,0.5,0.49,0.62,0.6
GWETTOP,1993,-4.5,38.75,0.75,0.66,0.56,0.61,0.62,0.63,0.57,0.5,0.55,0.5,0.49,0.6,0.59
GWETTOP,1993,-4.5,39.375,0.56,0.43,0.39,0.48,0.49,0.5,0.42,0.4,0.4,0.39,0.39,0.44,0.44
GWETTOP,1993,-4.5,40.0,0.96,0.95,0.95,0.96,0.96,0.96,0.95,0.95,0.95,0.95,0.95,0.95,0.95
GWETTOP,1993,-4.5,40.625,1.0,1.0,1.0,1.0,1.0,1.0,1.0,1.0,1.0,1.0,1.0,1.0,1.0
GWETTOP,1993,-4.5,41.25,1.0,1.0,1.0,1.0,1.0,1.0,1.0,1.0,1.0,1.0,1.0,1.0,1.0
GWETTOP,1993,-4.5,41.875,1.0,1.0,1.0,1.0,1.0,1.0,1.0,1.0,1.0,1.0,1.0,1.0,1.0
GWETTOP,1993,0.5,34.375,0.57,0.48,0.42,0.43,0.63,0.63,0.6,0.61,0.6,0.54,0.53,0.47,0.54
GWETTOP,1993,0.5,35.0,0.68,0.6,0.5,0.5,0.72,0.74,0.75,0.77,0.77,0.71,0.68,0.62,0.67
GWETTOP,1993,0.5,35.625,0.53,0.46,0.4,0.42,0.66,0.66,0.67,0.66,0.64,0.55,0.5,0.45,0.55
GWETTOP,1993,0.5,36.25,0.43,0.38,0.29,0.3,0.43,0.45,0.47,0.47,0.44,0.37,0.4,0.36,0.4
GWETTOP,1993,0.5,36.875,0.56,0.54,0.46,0.46,0.5,0.48,0.51,0.51,0.41,0.35,0.53,0.52,0.49
GWETTOP,1993,0.5,37.5,0.44,0.42,0.37,0.39,0.41,0.35,0.32,0.31,0.22,0.23,0.41,0.41,0.36
GWETTOP,1993,0.5,38.125,0.45,0.4,0.35,0.38,0.41,0.34,0.29,0.23,0.17,0.2,0.4,0.39,0.33
GWETTOP,1993,0.5,38.75,0.44,0.39,0.34,0.36,0.39,0.34,0.27,0.2,0.15,0.19,0.37,0.36,0.32
GWETTOP,1993,0.5,39.375,0.48,0.4,0.34,0.37,0.47,0.38,0.32,0.23,0.17,0.24,0.37,0.36,0.34
GWETTOP,1993,0.5,40.0,0.5,0.4,0.35,0.37,0.5,0.4,0.34,0.27,0.17,0.25,0.36,0.35,0.35
GWETTOP,1993,0.5,40.625,0.49,0.38,0.35,0.4,0.52,0.41,0.34,0.3,0.2,0.26,0.38,0.34,0.36
GWETTOP,1993,0.5,41.25,0.48,0.38,0.37,0.44,0.52,0.44,0.39,0.36,0.31,0.34,0.42,0.36,0.4
GWETTOP,1993,0.5,41.875,0.54,0.42,0.4,0.48,0.63,0.54,0.45,0.41,0.32,0.37,0.47,0.38,0.45
GWETTOP,1993,1.0,34.375,0.74,0.67,0.58,0.53,0.69,0.73,0.74,0.75,0.75,0.71,0.7,0.64,0.69
GWETTOP,1993,1.0,35.0,0.68,0.59,0.49,0.48,0.72,0.79,0.82,0.82,0.81,0.73,0.7,0.62,0.69
GWETTOP,1993,1.0,35.625,0.42,0.39,0.31,0.34,0.64,0.61,0.58,0.53,0.5,0.4,0.41,0.38,0.46
GWETTOP,1993,1.0,36.25,0.37,0.34,0.27,0.25,0.34,0.33,0.37,0.37,0.28,0.2,0.35,0.29,0.31
GWETTOP,1993,1.0,36.875,0.43,0.41,0.37,0.36,0.37,0.35,0.36,0.36,0.3,0.22,0.38,0.37,0.36
GWETTOP,1993,1.0,37.5,0.45,0.42,0.37,0.38,0.36,0.31,0.25,0.22,0.14,0.16,0.39,0.39,0.32
GWETTOP,1993,1.0,38.125,0.41,0.37,0.33,0.35,0.34,0.26,0.2,0.16,0.13,0.14,0.37,0.35,0.28
GWETTOP,1993,1.0,38.75,0.44,0.38,0.33,0.36,0.37,0.29,0.23,0.18,0.15,0.17,0.37,0.35,0.3
GWETTOP,1993,1.0,39.375,0.49,0.41,0.32,0.38,0.46,0.37,0.27,0.19,0.16,0.22,0.39,0.38,0.34
GWETTOP,1993,1.0,40.0,0.48,0.39,0.34,0.38,0.49,0.39,0.34,0.23,0.16,0.23,0.37,0.35,0.35
GWETTOP,1993,1.0,40.625,0.5,0.39,0.34,0.42,0.54,0.42,0.35,0.27,0.16,0.23,0.4,0.36,0.36
GWETTOP,1993,1.0,41.25,0.53,0.43,0.38,0.48,0.6,0.52,0.44,0.36,0.24,0.29,0.46,0.39,0.43
GWETTOP,1993,1.0,41.875,0.49,0.37,0.33,0.46,0.62,0.51,0.41,0.34,0.24,0.3,0.44,0.36,0.41
GWETTOP,1993,1.5,34.375,0.48,0.37,0.29,0.28,0.56,0.61,0.59,0.57,0.51,0.45,0.47,0.39,0.46
GWETTOP,1993,1.5,35.0,0.43,0.38,0.28,0.33,0.55,0.58,0.56,0.52,0.46,0.38,0.43,0.37,0.44
GWETTOP,1993,1.5,35.625,0.34,0.29,0.2,0.26,0.43,0.39,0.36,0.33,0.31,0.24,0.32,0.25,0.31
GWETTOP,1993,1.5,36.25,0.3,0.24,0.21,0.21,0.25,0.22,0.27,0.24,0.18,0.14,0.27,0.22,0.23
GWETTOP,1993,1.5,36.875,0.43,0.41,0.38,0.39,0.36,0.32,0.28,0.21,0.16,0.17,0.38,0.36,0.32
GWETTOP,1993,1.5,37.5,0.4,0.38,0.34,0.34,0.31,0.27,0.24,0.19,0.14,0.15,0.36,0.33,0.29
GWETTOP,1993,1.5,38.125,0.43,0.38,0.33,0.37,0.36,0.3,0.25,0.2,0.17,0.17,0.39,0.36,0.31
GWETTOP,1993,1.5,38.75,0.51,0.44,0.34,0.43,0.43,0.3,0.26,0.22,0.18,0.2,0.48,0.42,0.35
GWETTOP,1993,1.5,39.375,0.49,0.41,0.35,0.39,0.51,0.39,0.33,0.25,0.16,0.23,0.41,0.39,0.36
GWETTOP,1993,1.5,40.0,0.49,0.42,0.33,0.39,0.51,0.42,0.33,0.22,0.16,0.23,0.42,0.41,0.36
GWETTOP,1993,1.5,40.625,0.56,0.43,0.35,0.46,0.61,0.49,0.37,0.27,0.17,0.24,0.47,0.41,0.4
GWETTOP,1993,1.5,41.25,0.45,0.35,0.3,0.39,0.54,0.43,0.35,0.31,0.17,0.23,0.39,0.35,0.36
GWETTOP,1993,1.5,41.875,0.48,0.33,0.25,0.45,0.64,0.49,0.38,0.29,0.17,0.28,0.45,0.37,0.38
GWETTOP,1993,2.0,34.375,0.38,0.25,0.24,0.22,0.46,0.5,0.48,0.43,0.33,0.27,0.35,0.26,0.35
GWETTOP,1993,2.0,35.0,0.36,0.27,0.23,0.26,0.41,0.42,0.38,0.33,0.28,0.22,0.35,0.26,0.31
GWETTOP,1993,2.0,35.625,0.29,0.23,0.19,0.22,0.33,0.29,0.25,0.2,0.19,0.15,0.27,0.2,0.23
GWETTOP,1993,2.0,36.25,0.27,0.24,0.22,0.21,0.19,0.19,0.19,0.16,0.13,0.11,0.26,0.2,0.2
GWETTOP,1993,2.0,36.875,0.4,0.38,0.36,0.37,0.32,0.25,0.21,0.18,0.16,0.15,0.37,0.33,0.29
GWETTOP,1993,2.0,37.5,0.41,0.39,0.36,0.37,0.33,0.25,0.2,0.16,0.14,0.14,0.37,0.34,0.29
GWETTOP,1993,2.0,38.125,0.48,0.43,0.37,0.42,0.44,0.34,0.27,0.21,0.16,0.19,0.44,0.41,0.35
GWETTOP,1993,2.0,38.75,0.47,0.42,0.36,0.41,0.46,0.35,0.31,0.25,0.18,0.2,0.44,0.4,0.35
GWETTOP,1993,2.0,39.375,0.47,0.4,0.34,0.39,0.54,0.41,0.35,0.28,0.17,0.23,0.41,0.39,0.36
GWETTOP,1993,2.0,40.0,0.51,0.42,0.35,0.42,0.59,0.46,0.37,0.29,0.18,0.25,0.45,0.43,0.39
GWETTOP,1993,2.0,40.625,0.65,0.45,0.35,0.56,0.75,0.61,0.39,0.3,0.21,0.32,0.63,0.51,0.48
GWETTOP,1993,2.0,41.25,0.52,0.39,0.32,0.45,0.62,0.49,0.37,0.29,0.18,0.25,0.48,0.4,0.4
GWETTOP,1993,2.0,41.875,0.55,0.3,0.25,0.55,0.75,0.6,0.38,0.3,0.2,0.32,0.59,0.4,0.43
GWETTOP,1993,2.5,34.375,0.34,0.23,0.24,0.25,0.4,0.43,0.42,0.35,0.24,0.23,0.32,0.24,0.31
GWETTOP,1993,2.5,35.0,0.33,0.24,0.24,0.24,0.35,0.36,0.31,0.25,0.22,0.18,0.31,0.23,0.27
GWETTOP,1993,2.5,35.625,0.29,0.22,0.22,0.2,0.27,0.27,0.23,0.18,0.18,0.14,0.26,0.19,0.22
GWETTOP,1993,2.5,36.25,0.28,0.24,0.25,0.23,0.2,0.2,0.17,0.14,0.12,0.11,0.26,0.19,0.2
GWETTOP,1993,2.5,36.875,0.36,0.35,0.33,0.35,0.31,0.22,0.19,0.17,0.16,0.14,0.34,0.26,0.26
GWETTOP,1993,2.5,37.5,0.41,0.39,0.37,0.39,0.34,0.26,0.2,0.18,0.17,0.15,0.37,0.3,0.29
GWETTOP,1993,2.5,38.125,0.46,0.42,0.39,0.4,0.44,0.36,0.28,0.2,0.15,0.2,0.41,0.37,0.34
GWETTOP,1993,2.5,38.75,0.45,0.41,0.38,0.39,0.45,0.37,0.3,0.22,0.15,0.21,0.41,0.36,0.34
GWETTOP,1993,2.5,39.375,0.44,0.39,0.35,0.38,0.52,0.41,0.36,0.29,0.17,0.25,0.4,0.37,0.36
GWETTOP,1993,2.5,40.0,0.49,0.42,0.36,0.41,0.58,0.47,0.38,0.31,0.19,0.27,0.45,0.39,0.39
GWETTOP,1993,2.5,40.625,0.55,0.41,0.32,0.47,0.68,0.56,0.39,0.27,0.2,0.3,0.54,0.41,0.42
GWETTOP,1993,2.5,41.25,0.34,0.23,0.21,0.32,0.48,0.33,0.24,0.2,0.17,0.23,0.34,0.22,0.28
GWETTOP,1993,2.5,41.875,0.34,0.24,0.19,0.36,0.55,0.43,0.31,0.25,0.19,0.26,0.37,0.26,0.31
GWETTOP,1993,3.0,34.375,0.34,0.21,0.28,0.29,0.45,0.48,0.47,0.4,0.23,0.21,0.34,0.23,0.33
GWETTOP,1993,3.0,35.0,0.31,0.23,0.27,0.28,0.35,0.35,0.28,0.18,0.15,0.15,0.3,0.2,0.25
GWETTOP,1993,3.0,35.625,0.29,0.23,0.28,0.26,0.27,0.26,0.18,0.14,0.12,0.12,0.25,0.18,0.21
GWETTOP,1993,3.0,36.25,0.31,0.27,0.28,0.34,0.29,0.21,0.16,0.14,0.13,0.12,0.29,0.19,0.23
GWETTOP,1993,3.0,36.875,0.33,0.31,0.3,0.35,0.34,0.26,0.17,0.15,0.15,0.13,0.31,0.21,0.25
GWETTOP,1993,3.0,37.5,0.34,0.32,0.32,0.34,0.34,0.25,0.16,0.13,0.14,0.14,0.32,0.22,0.25
GWETTOP,1993,3.0,38.125,0.4,0.39,0.39,0.38,0.42,0.36,0.28,0.17,0.13,0.2,0.38,0.32,0.32
GWETTOP,1993,3.0,38.75,0.42,0.4,0.4,0.41,0.47,0.41,0.29,0.21,0.15,0.24,0.42,0.33,0.35
GWETTOP,1993,3.0,39.375,0.38,0.35,0.33,0.37,0.49,0.42,0.36,0.3,0.18,0.26,0.38,0.33,0.35
GWETTOP,1993,3.0,40.0,0.42,0.37,0.33,0.39,0.56,0.47,0.39,0.31,0.2,0.29,0.42,0.34,0.37
GWETTOP,1993,3.0,40.625,0.42,0.32,0.27,0.38,0.58,0.47,0.35,0.24,0.19,0.27,0.42,0.29,0.35
GWETTOP,1993,3.0,41.25,0.32,0.23,0.21,0.32,0.49,0.35,0.26,0.21,0.17,0.24,0.34,0.22,0.28
GWETTOP,1993,3.0,41.875,0.31,0.25,0.15,0.31,0.48,0.37,0.3,0.26,0.17,0.23,0.33,0.26,0.29
GWETTOP,1993,3.5,34.375,0.35,0.23,0.29,0.32,0.41,0.41,0.38,0.33,0.2,0.19,0.35,0.24,0.31
GWETTOP,1993,3.5,35.0,0.32,0.24,0.3,0.33,0.38,0.36,0.28,0.16,0.14,0.16,0.32,0.2,0.27
GWETTOP,1993,3.5,35.625,0.32,0.26,0.3,0.33,0.36,0.3,0.19,0.13,0.13,0.14,0.28,0.18,0.24
GWETTOP,1993,3.5,36.25,0.31,0.27,0.29,0.36,0.38,0.3,0.17,0.14,0.13,0.14,0.3,0.18,0.25
GWETTOP,1993,3.5,36.875,0.34,0.32,0.32,0.39,0.43,0.36,0.3,0.19,0.16,0.17,0.33,0.21,0.29
GWETTOP,1993,3.5,37.5,0.37,0.33,0.35,0.43,0.47,0.38,0.27,0.21,0.17,0.19,0.36,0.24,0.31
GWETTOP,1993,3.5,38.125,0.37,0.34,0.35,0.39,0.47,0.41,0.36,0.3,0.18,0.26,0.37,0.3,0.34
GWETTOP,1993,3.5,38.75,0.36,0.31,0.32,0.39,0.51,0.45,0.39,0.33,0.24,0.3,0.38,0.3,0.36
GWETTOP,1993,3.5,39.375,0.4,0.34,0.34,0.42,0.61,0.54,0.46,0.39,0.29,0.34,0.43,0.35,0.41
GWETTOP,1993,3.5,40.0,0.4,0.34,0.3,0.42,0.62,0.5,0.4,0.32,0.21,0.3,0.43,0.32,0.38
GWETTOP,1993,3.5,40.625,0.51,0.34,0.3,0.51,0.71,0.58,0.43,0.24,0.2,0.33,0.55,0.31,0.42
GWETTOP,1993,3.5,41.25,0.34,0.25,0.22,0.36,0.54,0.42,0.31,0.22,0.18,0.26,0.37,0.24,0.31
GWETTOP,1993,3.5,41.875,0.25,0.18,0.12,0.26,0.47,0.32,0.24,0.18,0.14,0.2,0.29,0.21,0.24
GWETTOP,1993,4.0,34.375,0.35,0.23,0.35,0.42,0.52,0.49,0.36,0.27,0.18,0.23,0.42,0.28,0.34
GWETTOP,1993,4.0,35.0,0.38,0.28,0.36,0.42,0.5,0.45,0.3,0.18,0.14,0.21,0.36,0.23,0.32
GWETTOP,1993,4.0,35.625,0.34,0.31,0.33,0.39,0.45,0.39,0.3,0.2,0.14,0.19,0.3,0.18,0.29
GWETTOP,1993,4.0,36.25,0.32,0.28,0.29,0.39,0.45,0.38,0.26,0.17,0.13,0.2,0.28,0.16,0.28
GWETTOP,1993,4.0,36.875,0.33,0.31,0.29,0.41,0.5,0.42,0.35,0.27,0.17,0.24,0.32,0.18,0.32
GWETTOP,1993,4.0,37.5,0.35,0.32,0.31,0.43,0.54,0.44,0.36,0.27,0.18,0.27,0.33,0.19,0.33
GWETTOP,1993,4.0,38.125,0.41,0.37,0.33,0.45,0.6,0.52,0.46,0.39,0.29,0.38,0.43,0.29,0.41
GWETTOP,1993,4.0,38.75,0.51,0.46,0.38,0.56,0.72,0.66,0.62,0.46,0.29,0.43,0.57,0.33,0.5
GWETTOP,1993,4.0,39.375,0.55,0.39,0.36,0.6,0.79,0.7,0.63,0.5,0.29,0.44,0.61,0.41,0.52
GWETTOP,1993,4.0,40.0,0.46,0.35,0.3,0.51,0.73,0.61,0.49,0.37,0.22,0.36,0.49,0.34,0.44
GWETTOP,1993,4.0,40.625,0.52,0.37,0.32,0.55,0.77,0.64,0.47,0.28,0.2,0.35,0.55,0.35,0.45
GWETTOP,1993,4.0,41.25,0.36,0.3,0.21,0.38,0.59,0.46,0.35,0.26,0.16,0.26,0.39,0.3,0.34
GWETTOP,1993,4.0,41.875,0.3,0.2,0.13,0.29,0.57,0.44,0.33,0.25,0.15,0.22,0.35,0.27,0.29
GWETTOP,1993,4.5,34.375,0.36,0.23,0.42,0.5,0.62,0.5,0.34,0.24,0.19,0.26,0.47,0.32,0.37
GWETTOP,1993,4.5,35.0,0.42,0.32,0.41,0.5,0.59,0.52,0.3,0.21,0.15,0.26,0.39,0.25,0.36
GWETTOP,1993,4.5,35.625,0.35,0.34,0.37,0.44,0.53,0.45,0.36,0.25,0.13,0.24,0.3,0.17,0.33
GWETTOP,1993,4.5,36.25,0.32,0.3,0.3,0.41,0.53,0.44,0.34,0.22,0.14,0.26,0.27,0.15,0.31
GWETTOP,1993,4.5,36.875,0.32,0.32,0.26,0.39,0.54,0.47,0.38,0.32,0.21,0.3,0.31,0.15,0.33
GWETTOP,1993,4.5,37.5,0.44,0.41,0.32,0.52,0.67,0.59,0.49,0.36,0.26,0.42,0.4,0.21,0.42
GWETTOP,1993,4.5,38.125,0.52,0.48,0.34,0.55,0.71,0.65,0.58,0.44,0.28,0.45,0.55,0.31,0.49
GWETTOP,1993,4.5,38.75,0.48,0.43,0.32,0.52,0.69,0.61,0.56,0.41,0.26,0.43,0.53,0.3,0.46
GWETTOP,1993,4.5,39.375,0.43,0.32,0.28,0.5,0.69,0.58,0.5,0.4,0.25,0.38,0.48,0.3,0.43
GWETTOP,1993,4.5,40.0,0.38,0.3,0.24,0.43,0.63,0.52,0.44,0.34,0.22,0.33,0.42,0.29,0.38
GWETTOP,1993,4.5,40.625,0.4,0.34,0.26,0.45,0.7,0.58,0.42,0.33,0.19,0.31,0.42,0.31,0.39
GWETTOP,1993,4.5,41.25,0.37,0.33,0.23,0.39,0.67,0.56,0.39,0.33,0.21,0.28,0.39,0.33,0.37
GWETTOP,1993,4.5,41.875,0.31,0.19,0.15,0.33,0.67,0.54,0.38,0.27,0.15,0.25,0.39,0.29,0.33
GWETTOP,1994,-0.5,34.375,0.35,0.41,0.61,0.69,0.82,0.83,0.77,0.64,0.6,0.62,0.83,0.82,0.67
GWETTOP,1994,-0.5,35.0,0.39,0.44,0.56,0.62,0.74,0.74,0.7,0.64,0.58,0.56,0.72,0.67,0.61
GWETTOP,1994,-0.5,35.625,0.4,0.44,0.47,0.52,0.61,0.6,0.6,0.6,0.55,0.52,0.63,0.56,0.54
GWETTOP,1994,-0.5,36.25,0.37,0.39,0.4,0.47,0.57,0.54,0.54,0.54,0.48,0.48,0.59,0.53,0.49
GWETTOP,1994,-0.5,36.875,0.42,0.39,0.42,0.51,0.59,0.54,0.54,0.52,0.46,0.5,0.64,0.64,0.51
GWETTOP,1994,-0.5,37.5,0.49,0.45,0.46,0.53,0.62,0.55,0.54,0.53,0.5,0.52,0.68,0.7,0.55
GWETTOP,1994,-0.5,38.125,0.43,0.4,0.39,0.48,0.47,0.34,0.32,0.3,0.32,0.44,0.64,0.67,0.43
GWETTOP,1994,-0.5,38.75,0.34,0.33,0.33,0.44,0.43,0.3,0.29,0.27,0.29,0.4,0.6,0.6,0.39
GWETTOP,1994,-0.5,39.375,0.29,0.25,0.3,0.43,0.45,0.34,0.33,0.3,0.35,0.41,0.54,0.5,0.37
GWETTOP,1994,-0.5,40.0,0.33,0.28,0.34,0.47,0.5,0.41,0.38,0.34,0.41,0.45,0.58,0.55,0.42
GWETTOP,1994,-0.5,40.625,0.4,0.36,0.42,0.49,0.55,0.47,0.44,0.4,0.49,0.55,0.56,0.55,0.47
GWETTOP,1994,-0.5,41.25,0.42,0.36,0.43,0.5,0.55,0.47,0.43,0.4,0.51,0.56,0.55,0.55,0.48
GWETTOP,1994,-0.5,41.875,0.41,0.31,0.4,0.48,0.54,0.48,0.42,0.39,0.48,0.52,0.53,0.52,0.46
GWETTOP,1994,-1.0,34.375,0.41,0.43,0.57,0.55,0.56,0.57,0.53,0.49,0.45,0.49,0.63,0.64,0.53
GWETTOP,1994,-1.0,35.0,0.48,0.5,0.61,0.6,0.63,0.62,0.58,0.55,0.51,0.51,0.63,0.59,0.57
GWETTOP,1994,-1.0,35.625,0.42,0.46,0.54,0.55,0.63,0.59,0.55,0.52,0.48,0.47,0.59,0.52,0.53
GWETTOP,1994,-1.0,36.25,0.35,0.38,0.41,0.46,0.61,0.56,0.53,0.48,0.41,0.4,0.55,0.48,0.47
GWETTOP,1994,-1.0,36.875,0.48,0.45,0.45,0.52,0.64,0.53,0.5,0.47,0.37,0.46,0.64,0.7,0.52
GWETTOP,1994,-1.0,37.5,0.48,0.45,0.47,0.53,0.65,0.57,0.52,0.47,0.44,0.48,0.66,0.69,0.53
GWETTOP,1994,-1.0,38.125,0.4,0.4,0.41,0.52,0.49,0.37,0.35,0.31,0.36,0.46,0.68,0.69,0.45
GWETTOP,1994,-1.0,38.75,0.32,0.34,0.35,0.49,0.47,0.31,0.31,0.29,0.33,0.44,0.68,0.66,0.42
GWETTOP,1994,-1.0,39.375,0.3,0.27,0.35,0.54,0.54,0.36,0.35,0.33,0.41,0.5,0.66,0.58,0.43
GWETTOP,1994,-1.0,40.0,0.35,0.32,0.39,0.59,0.62,0.46,0.42,0.38,0.47,0.54,0.71,0.66,0.49
GWETTOP,1994,-1.0,40.625,0.44,0.41,0.45,0.54,0.59,0.5,0.47,0.43,0.54,0.58,0.58,0.59,0.51
GWETTOP,1994,-1.0,41.25,0.46,0.43,0.47,0.53,0.58,0.51,0.47,0.45,0.53,0.58,0.56,0.59,0.51
GWETTOP,1994,-1.0,41.875,0.37,0.32,0.36,0.43,0.48,0.42,0.38,0.36,0.42,0.45,0.44,0.46,0.41
GWETTOP,1994,-1.5,34.375,0.46,0.5,0.64,0.61,0.56,0.57,0.47,0.39,0.34,0.44,0.59,0.62,0.52
GWETTOP,1994,-1.5,35.0,0.5,0.55,0.64,0.61,0.62,0.56,0.47,0.4,0.33,0.4,0.59,0.57,0.52
GWETTOP,1994,-1.5,35.625,0.47,0.5,0.56,0.57,0.65,0.55,0.5,0.47,0.34,0.4,0.56,0.53,0.51
GWETTOP,1994,-1.5,36.25,0.27,0.33,0.4,0.42,0.52,0.43,0.38,0.35,0.26,0.32,0.47,0.43,0.38
GWETTOP,1994,-1.5,36.875,0.44,0.48,0.52,0.61,0.69,0.58,0.44,0.38,0.35,0.51,0.69,0.7,0.53
GWETTOP,1994,-1.5,37.5,0.46,0.42,0.45,0.5,0.57,0.48,0.44,0.36,0.37,0.45,0.62,0.69,0.48
GWETTOP,1994,-1.5,38.125,0.44,0.43,0.43,0.47,0.49,0.43,0.42,0.38,0.4,0.43,0.61,0.66,0.47
GWETTOP,1994,-1.5,38.75,0.33,0.35,0.37,0.52,0.52,0.36,0.35,0.32,0.38,0.46,0.66,0.64,0.44
GWETTOP,1994,-1.5,39.375,0.3,0.29,0.35,0.55,0.56,0.41,0.39,0.35,0.41,0.5,0.68,0.62,0.45
GWETTOP,1994,-1.5,40.0,0.4,0.39,0.45,0.62,0.65,0.53,0.5,0.46,0.57,0.63,0.71,0.69,0.55
GWETTOP,1994,-1.5,40.625,0.46,0.43,0.45,0.57,0.61,0.53,0.49,0.47,0.55,0.6,0.61,0.64,0.53
GWETTOP,1994,-1.5,41.25,0.48,0.47,0.48,0.55,0.61,0.53,0.49,0.47,0.54,0.61,0.6,0.65,0.54
GWETTOP,1994,-1.5,41.875,0.64,0.62,0.63,0.67,0.72,0.67,0.64,0.63,0.66,0.68,0.68,0.71,0.66
GWETTOP,1994,-1.7975103014118005e-13,34.375,0.37,0.37,0.53,0.58,0.73,0.74,0.73,0.66,0.65,0.62,0.76,0.7,0.62
GWETTOP,1994,-1.7975103014118005e-13,35.0,0.46,0.49,0.56,0.62,0.76,0.78,0.78,0.78,0.75,0.71,0.81,0.75,0.69
GWETTOP,1994,-1.7975103014118005e-13,35.625,0.45,0.46,0.47,0.55,0.69,0.7,0.72,0.74,0.71,0.66,0.74,0.69,0.63
GWETTOP,1994,-1.7975103014118005e-13,36.25,0.35,0.36,0.39,0.45,0.57,0.58,0.59,0.6,0.51,0.48,0.59,0.52,0.5
GWETTOP,1994,-1.7975103014118005e-13,36.875,0.38,0.36,0.4,0.46,0.52,0.49,0.51,0.49,0.43,0.44,0.59,0.6,0.47
GWETTOP,1994,-1.7975103014118005e-13,37.5,0.45,0.41,0.44,0.49,0.56,0.51,0.52,0.51,0.47,0.49,0.66,0.71,0.52
GWETTOP,1994,-1.7975103014118005e-13,38.125,0.41,0.38,0.36,0.41,0.41,0.33,0.29,0.27,0.27,0.4,0.59,0.63,0.4
GWETTOP,1994,-1.7975103014118005e-13,38.75,0.32,0.3,0.29,0.36,0.37,0.3,0.26,0.23,0.24,0.35,0.52,0.52,0.34
GWETTOP,1994,-1.7975103014118005e-13,39.375,0.27,0.2,0.23,0.35,0.38,0.32,0.3,0.26,0.27,0.34,0.48,0.44,0.32
GWETTOP,1994,-1.7975103014118005e-13,40.0,0.3,0.22,0.26,0.36,0.4,0.35,0.34,0.3,0.32,0.37,0.5,0.47,0.35
GWETTOP,1994,-1.7975103014118005e-13,40.625,0.32,0.26,0.32,0.39,0.44,0.39,0.36,0.34,0.39,0.47,0.54,0.48,0.39
GWETTOP,1994,-1.7975103014118005e-13,41.25,0.34,0.29,0.35,0.42,0.47,0.4,0.37,0.36,0.42,0.5,0.54,0.47,0.41
GWETTOP,1994,-1.7975103014118005e-13,41.875,0.38,0.28,0.37,0.46,0.52,0.45,0.41,0.39,0.44,0.53,0.59,0.52,0.45
GWETTOP,1994,-2.0,34.375,0.48,0.52,0.65,0.6,0.47,0.47,0.38,0.32,0.29,0.35,0.6,0.57,0.47
GWETTOP,1994,-2.0,35.0,0.53,0.56,0.63,0.62,0.62,0.53,0.39,0.33,0.29,0.37,0.62,0.59,0.51
GWETTOP,1994,-2.0,35.625,0.5,0.52,0.57,0.58,0.64,0.55,0.47,0.38,0.28,0.39,0.59,0.57,0.5
GWETTOP,1994,-2.0,36.25,0.21,0.3,0.34,0.34,0.39,0.3,0.22,0.19,0.15,0.23,0.39,0.36,0.28
GWETTOP,1994,-2.0,36.875,0.4,0.48,0.52,0.58,0.64,0.48,0.34,0.29,0.3,0.47,0.65,0.67,0.48
GWETTOP,1994,-2.0,37.5,0.42,0.43,0.48,0.51,0.55,0.45,0.35,0.29,0.32,0.43,0.61,0.65,0.46
GWETTOP,1994,-2.0,38.125,0.4,0.4,0.41,0.45,0.47,0.41,0.37,0.33,0.36,0.41,0.58,0.63,0.44
GWETTOP,1994,-2.0,38.75,0.34,0.38,0.4,0.54,0.54,0.39,0.38,0.34,0.41,0.48,0.67,0.66,0.46
GWETTOP,1994,-2.0,39.375,0.35,0.37,0.41,0.59,0.62,0.49,0.47,0.42,0.49,0.56,0.7,0.68,0.51
GWETTOP,1994,-2.0,40.0,0.39,0.41,0.45,0.58,0.62,0.5,0.48,0.44,0.52,0.58,0.67,0.66,0.53
GWETTOP,1994,-2.0,40.625,0.45,0.43,0.47,0.56,0.61,0.53,0.49,0.47,0.55,0.6,0.61,0.65,0.54
GWETTOP,1994,-2.0,41.25,0.46,0.44,0.45,0.51,0.55,0.49,0.47,0.46,0.51,0.54,0.53,0.57,0.5
GWETTOP,1994,-2.0,41.875,0.67,0.66,0.67,0.7,0.74,0.69,0.67,0.67,0.69,0.71,0.71,0.74,0.69
GWETTOP,1994,-2.5,34.375,0.45,0.5,0.57,0.52,0.47,0.39,0.29,0.21,0.25,0.3,0.56,0.53,0.42
GWETTOP,1994,-2.5,35.0,0.49,0.49,0.54,0.53,0.53,0.46,0.28,0.22,0.26,0.29,0.57,0.57,0.44
GWETTOP,1994,-2.5,35.625,0.44,0.42,0.51,0.51,0.52,0.39,0.27,0.22,0.21,0.27,0.54,0.55,0.4
GWETTOP,1994,-2.5,36.25,0.29,0.36,0.37,0.39,0.44,0.3,0.22,0.17,0.16,0.23,0.47,0.46,0.32
GWETTOP,1994,-2.5,36.875,0.43,0.47,0.5,0.53,0.62,0.42,0.28,0.23,0.26,0.37,0.64,0.67,0.45
GWETTOP,1994,-2.5,37.5,0.44,0.45,0.49,0.54,0.6,0.47,0.32,0.26,0.32,0.4,0.66,0.72,0.47
GWETTOP,1994,-2.5,38.125,0.45,0.44,0.44,0.51,0.53,0.46,0.4,0.32,0.38,0.43,0.62,0.69,0.47
GWETTOP,1994,-2.5,38.75,0.36,0.41,0.42,0.55,0.57,0.42,0.4,0.35,0.41,0.47,0.65,0.68,0.47
GWETTOP,1994,-2.5,39.375,0.42,0.44,0.5,0.66,0.72,0.61,0.6,0.53,0.58,0.63,0.74,0.75,0.6
GWETTOP,1994,-2.5,40.0,0.34,0.33,0.38,0.48,0.6,0.48,0.45,0.41,0.45,0.48,0.56,0.57,0.46
GWETTOP,1994,-2.5,40.625,0.5,0.48,0.51,0.58,0.7,0.63,0.57,0.54,0.58,0.6,0.61,0.63,0.58
GWETTOP,1994,-2.5,41.25,1.0,1.0,1.0,1.0,1.0,1.0,1.0,1.0,1.0,1.0,1.0,1.0,1.0
GWETTOP,1994,-2.5,41.875,1.0,1.0,1.0,1.0,1.0,1.0,1.0,1.0,1.0,1.0,1.0,1.0,1.0
GWETTOP,1994,-3.0,34.375,0.45,0.55,0.58,0.51,0.49,0.39,0.25,0.15,0.22,0.28,0.53,0.53,0.41
GWETTOP,1994,-3.0,35.0,0.48,0.5,0.54,0.52,0.52,0.45,0.28,0.19,0.25,0.27,0.55,0.56,0.43
GWETTOP,1994,-3.0,35.625,0.48,0.5,0.52,0.53,0.58,0.5,0.46,0.33,0.29,0.3,0.59,0.62,0.47
GWETTOP,1994,-3.0,36.25,0.37,0.44,0.51,0.53,0.6,0.51,0.31,0.24,0.26,0.28,0.62,0.61,0.44
GWETTOP,1994,-3.0,36.875,0.54,0.49,0.55,0.61,0.77,0.65,0.57,0.45,0.36,0.47,0.79,0.83,0.59
GWETTOP,1994,-3.0,37.5,0.47,0.45,0.48,0.52,0.63,0.55,0.48,0.44,0.38,0.4,0.63,0.68,0.51
GWETTOP,1994,-3.0,38.125,0.44,0.43,0.43,0.49,0.53,0.47,0.43,0.36,0.38,0.4,0.55,0.65,0.46
GWETTOP,1994,-3.0,38.75,0.35,0.39,0.4,0.5,0.58,0.43,0.42,0.35,0.4,0.41,0.59,0.67,0.46
GWETTOP,1994,-3.0,39.375,0.4,0.39,0.46,0.62,0.75,0.63,0.62,0.56,0.59,0.59,0.68,0.71,0.58
GWETTOP,1994,-3.0,40.0,0.34,0.3,0.34,0.43,0.61,0.49,0.46,0.41,0.42,0.42,0.49,0.52,0.44
GWETTOP,1994,-3.0,40.625,0.75,0.74,0.75,0.79,0.89,0.86,0.83,0.79,0.79,0.79,0.81,0.81,0.8
GWETTOP,1994,-3.0,41.25,1.0,1.0,1.0,1.0,1.0,1.0,1.0,1.0,1.0,1.0,1.0,1.0,1.0
GWETTOP,1994,-3.0,41.875,1.0,1.0,1.0,1.0,1.0,1.0,1.0,1.0,1.0,1.0,1.0,1.0,1.0
GWETTOP,1994,-3.5,34.375,0.44,0.56,0.58,0.5,0.47,0.31,0.22,0.14,0.18,0.24,0.48,0.51,0.38
GWETTOP,1994,-3.5,35.0,0.44,0.51,0.53,0.49,0.49,0.4,0.26,0.19,0.22,0.24,0.49,0.5,0.4
GWETTOP,1994,-3.5,35.625,0.44,0.45,0.52,0.51,0.52,0.47,0.42,0.3,0.28,0.28,0.53,0.53,0.44
GWETTOP,1994,-3.5,36.25,0.32,0.39,0.49,0.5,0.55,0.47,0.32,0.23,0.26,0.3,0.56,0.56,0.41
GWETTOP,1994,-3.5,36.875,0.33,0.37,0.47,0.49,0.62,0.53,0.47,0.34,0.3,0.39,0.63,0.62,0.46
GWETTOP,1994,-3.5,37.5,0.32,0.37,0.39,0.47,0.58,0.51,0.47,0.4,0.33,0.38,0.59,0.55,0.45
GWETTOP,1994,-3.5,38.125,0.33,0.38,0.38,0.46,0.57,0.45,0.45,0.37,0.4,0.38,0.54,0.61,0.44
GWETTOP,1994,-3.5,38.75,0.37,0.4,0.42,0.49,0.59,0.47,0.48,0.42,0.44,0.42,0.56,0.62,0.47
GWETTOP,1994,-3.5,39.375,0.36,0.35,0.43,0.6,0.75,0.64,0.64,0.58,0.59,0.57,0.66,0.66,0.57
GWETTOP,1994,-3.5,40.0,0.47,0.45,0.49,0.58,0.71,0.6,0.6,0.55,0.56,0.55,0.62,0.64,0.57
GWETTOP,1994,-3.5,40.625,0.92,0.91,0.91,0.93,0.97,0.96,0.95,0.93,0.93,0.93,0.94,0.94,0.94
GWETTOP,1994,-3.5,41.25,1.0,1.0,1.0,1.0,1.0,1.0,1.0,1.0,1.0,1.0,1.0,1.0,1.0
GWETTOP,1994,-3.5,41.875,1.0,1.0,1.0,1.0,1.0,1.0,1.0,1.0,1.0,1.0,1.0,1.0,1.0
GWETTOP,1994,-4.0,34.375,0.45,0.55,0.54,0.48,0.45,0.28,0.23,0.17,0.18,0.22,0.42,0.48,0.37
GWETTOP,1994,-4.0,35.0,0.5,0.59,0.58,0.54,0.54,0.4,0.33,0.26,0.27,0.27,0.52,0.56,0.45
GWETTOP,1994,-4.0,35.625,0.47,0.51,0.55,0.53,0.54,0.49,0.45,0.37,0.34,0.32,0.53,0.55,0.47
GWETTOP,1994,-4.0,36.25,0.35,0.41,0.5,0.5,0.52,0.46,0.37,0.28,0.29,0.32,0.54,0.55,0.42
GWETTOP,1994,-4.0,36.875,0.36,0.41,0.49,0.51,0.57,0.49,0.45,0.36,0.33,0.38,0.6,0.6,0.46
GWETTOP,1994,-4.0,37.5,0.33,0.43,0.46,0.51,0.57,0.49,0.44,0.36,0.36,0.37,0.59,0.58,0.46
GWETTOP,1994,-4.0,38.125,0.32,0.42,0.43,0.51,0.63,0.49,0.49,0.39,0.43,0.38,0.6,0.64,0.48
GWETTOP,1994,-4.0,38.75,0.32,0.38,0.41,0.5,0.65,0.48,0.51,0.44,0.47,0.42,0.59,0.62,0.48
GWETTOP,1994,-4.0,39.375,0.3,0.3,0.37,0.51,0.7,0.56,0.55,0.47,0.48,0.45,0.55,0.54,0.48
GWETTOP,1994,-4.0,40.0,0.49,0.49,0.54,0.57,0.69,0.57,0.57,0.53,0.54,0.52,0.61,0.6,0.56
GWETTOP,1994,-4.0,40.625,1.0,1.0,1.0,1.0,1.0,1.0,1.0,1.0,1.0,1.0,1.0,1.0,1.0
GWETTOP,1994,-4.0,41.25,1.0,1.0,1.0,1.0,1.0,1.0,1.0,1.0,1.0,1.0,1.0,1.0,1.0
GWETTOP,1994,-4.0,41.875,1.0,1.0,1.0,1.0,1.0,1.0,1.0,1.0,1.0,1.0,1.0,1.0,1.0
GWETTOP,1994,-4.5,34.375,0.43,0.53,0.47,0.42,0.41,0.32,0.3,0.24,0.24,0.24,0.37,0.43,0.37
GWETTOP,1994,-4.5,35.0,0.47,0.59,0.53,0.49,0.49,0.38,0.37,0.31,0.31,0.31,0.47,0.51,0.43
GWETTOP,1994,-4.5,35.625,0.42,0.5,0.49,0.47,0.48,0.41,0.4,0.34,0.32,0.31,0.48,0.49,0.43
GWETTOP,1994,-4.5,36.25,0.38,0.46,0.5,0.49,0.5,0.41,0.37,0.31,0.32,0.32,0.54,0.54,0.43
GWETTOP,1994,-4.5,36.875,0.38,0.46,0.5,0.5,0.54,0.46,0.44,0.37,0.36,0.39,0.6,0.59,0.47
GWETTOP,1994,-4.5,37.5,0.36,0.45,0.49,0.51,0.55,0.47,0.47,0.4,0.39,0.39,0.59,0.59,0.47
GWETTOP,1994,-4.5,38.125,0.42,0.48,0.52,0.6,0.7,0.63,0.63,0.54,0.54,0.49,0.65,0.69,0.57
GWETTOP,1994,-4.5,38.75,0.42,0.45,0.49,0.58,0.71,0.61,0.63,0.55,0.55,0.49,0.63,0.66,0.56
GWETTOP,1994,-4.5,39.375,0.35,0.34,0.4,0.45,0.62,0.47,0.48,0.42,0.42,0.4,0.48,0.49,0.44
GWETTOP,1994,-4.5,40.0,0.95,0.95,0.95,0.95,0.96,0.95,0.95,0.95,0.95,0.95,0.95,0.95,0.95
GWETTOP,1994,-4.5,40.625,1.0,1.0,1.0,1.0,1.0,1.0,1.0,1.0,1.0,1.0,1.0,1.0,1.0
GWETTOP,1994,-4.5,41.25,1.0,1.0,1.0,1.0,1.0,1.0,1.0,1.0,1.0,1.0,1.0,1.0,1.0
GWETTOP,1994,-4.5,41.875,1.0,1.0,1.0,1.0,1.0,1.0,1.0,1.0,1.0,1.0,1.0,1.0,1.0
GWETTOP,1994,0.5,34.375,0.37,0.38,0.48,0.5,0.64,0.64,0.66,0.67,0.69,0.65,0.7,0.62,0.58
GWETTOP,1994,0.5,35.0,0.51,0.47,0.48,0.55,0.73,0.75,0.8,0.84,0.81,0.77,0.8,0.74,0.69
GWETTOP,1994,0.5,35.625,0.38,0.35,0.38,0.48,0.69,0.71,0.76,0.8,0.75,0.66,0.7,0.61,0.61
GWETTOP,1994,0.5,36.25,0.23,0.24,0.27,0.35,0.52,0.52,0.58,0.6,0.48,0.42,0.47,0.44,0.43
GWETTOP,1994,0.5,36.875,0.38,0.34,0.4,0.45,0.55,0.54,0.58,0.59,0.49,0.46,0.6,0.63,0.5
GWETTOP,1994,0.5,37.5,0.34,0.3,0.31,0.34,0.39,0.34,0.36,0.35,0.29,0.34,0.49,0.55,0.37
GWETTOP,1994,0.5,38.125,0.34,0.31,0.29,0.32,0.35,0.29,0.24,0.23,0.22,0.35,0.51,0.54,0.33
GWETTOP,1994,0.5,38.75,0.3,0.24,0.23,0.32,0.35,0.29,0.22,0.18,0.21,0.33,0.49,0.5,0.31
GWETTOP,1994,0.5,39.375,0.25,0.16,0.2,0.34,0.4,0.33,0.28,0.23,0.25,0.36,0.52,0.49,0.32
GWETTOP,1994,0.5,40.0,0.24,0.15,0.21,0.33,0.39,0.34,0.3,0.26,0.27,0.36,0.52,0.47,0.32
GWETTOP,1994,0.5,40.625,0.25,0.19,0.24,0.32,0.37,0.33,0.29,0.29,0.3,0.41,0.53,0.43,0.33
GWETTOP,1994,0.5,41.25,0.29,0.24,0.27,0.34,0.39,0.34,0.32,0.32,0.32,0.45,0.53,0.43,0.35
GWETTOP,1994,0.5,41.875,0.3,0.24,0.28,0.39,0.45,0.37,0.35,0.35,0.34,0.5,0.6,0.47,0.39
GWETTOP,1994,1.0,34.375,0.53,0.49,0.51,0.53,0.69,0.72,0.77,0.83,0.85,0.81,0.82,0.78,0.7
GWETTOP,1994,1.0,35.0,0.5,0.42,0.41,0.53,0.75,0.8,0.87,0.92,0.87,0.79,0.81,0.76,0.7
GWETTOP,1994,1.0,35.625,0.25,0.21,0.27,0.43,0.71,0.68,0.73,0.79,0.71,0.5,0.57,0.46,0.53
GWETTOP,1994,1.0,36.25,0.18,0.18,0.24,0.3,0.41,0.39,0.45,0.48,0.39,0.33,0.4,0.39,0.35
GWETTOP,1994,1.0,36.875,0.33,0.26,0.29,0.35,0.38,0.36,0.41,0.43,0.37,0.36,0.44,0.46,0.37
GWETTOP,1994,1.0,37.5,0.33,0.28,0.29,0.33,0.33,0.26,0.3,0.29,0.22,0.32,0.46,0.51,0.33
GWETTOP,1994,1.0,38.125,0.29,0.24,0.22,0.29,0.28,0.2,0.18,0.17,0.17,0.32,0.43,0.44,0.27
GWETTOP,1994,1.0,38.75,0.26,0.19,0.2,0.32,0.33,0.24,0.19,0.16,0.19,0.33,0.46,0.45,0.28
GWETTOP,1994,1.0,39.375,0.24,0.14,0.19,0.35,0.41,0.32,0.24,0.21,0.24,0.36,0.54,0.51,0.31
GWETTOP,1994,1.0,40.0,0.23,0.14,0.2,0.33,0.38,0.33,0.27,0.25,0.26,0.37,0.53,0.46,0.31
GWETTOP,1994,1.0,40.625,0.22,0.17,0.22,0.32,0.37,0.31,0.26,0.28,0.28,0.42,0.58,0.47,0.33
GWETTOP,1994,1.0,41.25,0.25,0.21,0.24,0.35,0.41,0.33,0.31,0.34,0.32,0.5,0.62,0.54,0.37
GWETTOP,1994,1.0,41.875,0.23,0.17,0.21,0.34,0.41,0.35,0.33,0.34,0.31,0.48,0.61,0.47,0.36
GWETTOP,1994,1.5,34.375,0.23,0.23,0.28,0.37,0.6,0.62,0.68,0.7,0.66,0.57,0.57,0.47,0.5
GWETTOP,1994,1.5,35.0,0.23,0.18,0.25,0.4,0.61,0.6,0.68,0.74,0.67,0.52,0.54,0.47,0.49
GWETTOP,1994,1.5,35.625,0.14,0.13,0.18,0.33,0.48,0.42,0.48,0.52,0.41,0.34,0.4,0.35,0.35
GWETTOP,1994,1.5,36.25,0.15,0.13,0.18,0.26,0.35,0.28,0.37,0.38,0.28,0.25,0.35,0.28,0.27
GWETTOP,1994,1.5,36.875,0.31,0.22,0.3,0.35,0.35,0.28,0.33,0.33,0.24,0.31,0.43,0.44,0.33
GWETTOP,1994,1.5,37.5,0.25,0.21,0.27,0.32,0.32,0.23,0.29,0.28,0.21,0.3,0.42,0.42,0.29
GWETTOP,1994,1.5,38.125,0.28,0.22,0.23,0.33,0.3,0.22,0.2,0.17,0.18,0.34,0.49,0.44,0.28
GWETTOP,1994,1.5,38.75,0.27,0.22,0.25,0.4,0.37,0.25,0.23,0.19,0.21,0.42,0.58,0.54,0.33
GWETTOP,1994,1.5,39.375,0.28,0.16,0.2,0.36,0.4,0.33,0.28,0.23,0.25,0.39,0.61,0.55,0.34
GWETTOP,1994,1.5,40.0,0.27,0.14,0.19,0.38,0.43,0.35,0.27,0.23,0.26,0.4,0.65,0.58,0.35
GWETTOP,1994,1.5,40.625,0.23,0.15,0.23,0.36,0.39,0.3,0.27,0.3,0.3,0.49,0.7,0.61,0.36
GWETTOP,1994,1.5,41.25,0.22,0.14,0.2,0.3,0.35,0.29,0.27,0.29,0.29,0.44,0.65,0.52,0.33
GWETTOP,1994,1.5,41.875,0.17,0.13,0.2,0.34,0.41,0.33,0.31,0.34,0.32,0.5,0.71,0.52,0.36
GWETTOP,1994,2.0,34.375,0.16,0.15,0.18,0.29,0.5,0.5,0.55,0.57,0.46,0.41,0.46,0.35,0.38
GWETTOP,1994,2.0,35.0,0.15,0.14,0.17,0.33,0.46,0.43,0.48,0.51,0.42,0.38,0.43,0.37,0.36
GWETTOP,1994,2.0,35.625,0.12,0.1,0.13,0.28,0.37,0.3,0.37,0.37,0.27,0.27,0.36,0.3,0.27
GWETTOP,1994,2.0,36.25,0.13,0.11,0.16,0.26,0.27,0.2,0.28,0.29,0.16,0.24,0.35,0.25,0.23
GWETTOP,1994,2.0,36.875,0.24,0.17,0.28,0.36,0.31,0.22,0.25,0.25,0.19,0.32,0.42,0.4,0.28
GWETTOP,1994,2.0,37.5,0.25,0.17,0.27,0.34,0.3,0.2,0.21,0.2,0.17,0.32,0.45,0.43,0.28
GWETTOP,1994,2.0,38.125,0.3,0.21,0.24,0.39,0.37,0.27,0.23,0.18,0.2,0.41,0.59,0.53,0.33
GWETTOP,1994,2.0,38.75,0.3,0.2,0.24,0.39,0.38,0.3,0.26,0.2,0.22,0.41,0.61,0.54,0.34
GWETTOP,1994,2.0,39.375,0.29,0.16,0.2,0.37,0.41,0.35,0.31,0.24,0.25,0.41,0.68,0.61,0.36
GWETTOP,1994,2.0,40.0,0.3,0.15,0.21,0.41,0.47,0.36,0.34,0.27,0.28,0.45,0.76,0.67,0.39
GWETTOP,1994,2.0,40.625,0.23,0.18,0.26,0.47,0.49,0.33,0.35,0.37,0.37,0.65,0.88,0.75,0.45
GWETTOP,1994,2.0,41.25,0.22,0.16,0.21,0.36,0.37,0.28,0.27,0.31,0.31,0.52,0.76,0.62,0.37
GWETTOP,1994,2.0,41.875,0.19,0.14,0.19,0.41,0.51,0.34,0.33,0.39,0.34,0.61,0.83,0.66,0.41
GWETTOP,1994,2.5,34.375,0.17,0.16,0.19,0.3,0.45,0.43,0.49,0.5,0.35,0.38,0.44,0.32,0.35
GWETTOP,1994,2.5,35.0,0.14,0.13,0.17,0.31,0.39,0.35,0.4,0.41,0.34,0.33,0.4,0.34,0.31
GWETTOP,1994,2.5,35.625,0.12,0.1,0.13,0.26,0.33,0.22,0.32,0.3,0.21,0.26,0.35,0.29,0.24
GWETTOP,1994,2.5,36.25,0.12,0.1,0.16,0.26,0.24,0.16,0.22,0.21,0.14,0.26,0.37,0.27,0.21
GWETTOP,1994,2.5,36.875,0.16,0.12,0.23,0.34,0.27,0.16,0.18,0.17,0.16,0.31,0.4,0.37,0.24
GWETTOP,1994,2.5,37.5,0.18,0.13,0.25,0.37,0.29,0.17,0.17,0.15,0.17,0.35,0.48,0.43,0.26
GWETTOP,1994,2.5,38.125,0.24,0.15,0.24,0.38,0.37,0.28,0.22,0.17,0.2,0.4,0.61,0.52,0.32
GWETTOP,1994,2.5,38.75,0.23,0.14,0.23,0.39,0.39,0.3,0.25,0.18,0.2,0.4,0.63,0.52,0.32
GWETTOP,1994,2.5,39.375,0.24,0.12,0.2,0.38,0.42,0.35,0.32,0.24,0.24,0.41,0.68,0.55,0.35
GWETTOP,1994,2.5,40.0,0.25,0.13,0.22,0.41,0.47,0.37,0.35,0.29,0.27,0.45,0.74,0.61,0.38
GWETTOP,1994,2.5,40.625,0.2,0.16,0.22,0.43,0.48,0.31,0.32,0.33,0.31,0.54,0.78,0.65,0.4
GWETTOP,1994,2.5,41.25,0.16,0.14,0.16,0.28,0.29,0.21,0.22,0.22,0.21,0.37,0.58,0.39,0.27
GWETTOP,1994,2.5,41.875,0.17,0.13,0.14,0.31,0.37,0.28,0.27,0.27,0.24,0.41,0.61,0.45,0.3
GWETTOP,1994,3.0,34.375,0.16,0.17,0.25,0.4,0.47,0.46,0.53,0.55,0.43,0.45,0.5,0.39,0.4
GWETTOP,1994,3.0,35.0,0.13,0.13,0.18,0.31,0.35,0.32,0.36,0.35,0.26,0.31,0.4,0.35,0.29
GWETTOP,1994,3.0,35.625,0.12,0.1,0.14,0.24,0.28,0.19,0.26,0.21,0.15,0.27,0.35,0.28,0.22
GWETTOP,1994,3.0,36.25,0.12,0.1,0.17,0.27,0.24,0.14,0.15,0.14,0.13,0.28,0.38,0.32,0.2
GWETTOP,1994,3.0,36.875,0.12,0.1,0.19,0.3,0.27,0.14,0.14,0.13,0.15,0.3,0.39,0.35,0.22
GWETTOP,1994,3.0,37.5,0.11,0.08,0.19,0.32,0.25,0.12,0.11,0.09,0.14,0.32,0.44,0.34,0.21
GWETTOP,1994,3.0,38.125,0.14,0.1,0.22,0.37,0.36,0.27,0.19,0.15,0.16,0.38,0.52,0.45,0.28
GWETTOP,1994,3.0,38.75,0.16,0.11,0.24,0.42,0.43,0.31,0.25,0.18,0.19,0.43,0.61,0.49,0.32
GWETTOP,1994,3.0,39.375,0.16,0.1,0.2,0.38,0.43,0.35,0.32,0.24,0.21,0.4,0.61,0.46,0.32
GWETTOP,1994,3.0,40.0,0.18,0.11,0.21,0.4,0.46,0.36,0.34,0.29,0.24,0.43,0.65,0.5,0.35
GWETTOP,1994,3.0,40.625,0.18,0.15,0.19,0.37,0.42,0.29,0.27,0.27,0.24,0.41,0.61,0.48,0.32
GWETTOP,1994,3.0,41.25,0.16,0.14,0.16,0.31,0.34,0.23,0.24,0.24,0.21,0.35,0.51,0.35,0.27
GWETTOP,1994,3.0,41.875,0.14,0.09,0.12,0.31,0.37,0.29,0.28,0.26,0.21,0.35,0.51,0.37,0.28
GWETTOP,1994,3.5,34.375,0.14,0.15,0.27,0.39,0.41,0.41,0.45,0.46,0.37,0.4,0.47,0.38,0.36
GWETTOP,1994,3.5,35.0,0.12,0.12,0.2,0.34,0.36,0.32,0.34,0.33,0.2,0.34,0.42,0.36,0.29
GWETTOP,1994,3.5,35.625,0.11,0.1,0.17,0.26,0.31,0.2,0.25,0.2,0.14,0.29,0.38,0.31,0.23
GWETTOP,1994,3.5,36.25,0.11,0.1,0.18,0.29,0.31,0.17,0.16,0.15,0.13,0.3,0.39,0.33,0.22
GWETTOP,1994,3.5,36.875,0.11,0.09,0.2,0.33,0.35,0.22,0.16,0.14,0.17,0.32,0.42,0.36,0.24
GWETTOP,1994,3.5,37.5,0.12,0.1,0.22,0.37,0.38,0.25,0.19,0.16,0.18,0.37,0.49,0.39,0.27
GWETTOP,1994,3.5,38.125,0.13,0.09,0.22,0.38,0.41,0.35,0.31,0.2,0.19,0.39,0.53,0.42,0.3
GWETTOP,1994,3.5,38.75,0.15,0.1,0.22,0.4,0.46,0.37,0.34,0.28,0.23,0.42,0.57,0.42,0.33
GWETTOP,1994,3.5,39.375,0.18,0.11,0.23,0.44,0.53,0.43,0.39,0.33,0.29,0.46,0.66,0.5,0.38
GWETTOP,1994,3.5,40.0,0.16,0.11,0.2,0.42,0.48,0.38,0.34,0.3,0.23,0.44,0.64,0.48,0.35
GWETTOP,1994,3.5,40.625,0.19,0.15,0.22,0.47,0.55,0.37,0.3,0.31,0.27,0.52,0.68,0.56,0.38
GWETTOP,1994,3.5,41.25,0.18,0.15,0.17,0.34,0.39,0.26,0.24,0.24,0.21,0.37,0.51,0.39,0.29
GWETTOP,1994,3.5,41.875,0.12,0.09,0.11,0.28,0.34,0.23,0.21,0.19,0.16,0.31,0.47,0.32,0.24
GWETTOP,1994,4.0,34.375,0.16,0.17,0.3,0.51,0.51,0.49,0.51,0.5,0.34,0.5,0.58,0.47,0.42
GWETTOP,1994,4.0,35.0,0.14,0.13,0.24,0.44,0.44,0.36,0.38,0.36,0.21,0.42,0.52,0.42,0.34
GWETTOP,1994,4.0,35.625,0.11,0.11,0.2,0.3,0.36,0.28,0.28,0.23,0.16,0.31,0.4,0.34,0.26
GWETTOP,1994,4.0,36.25,0.1,0.1,0.2,0.32,0.37,0.26,0.18,0.17,0.15,0.31,0.39,0.31,0.24
GWETTOP,1994,4.0,36.875,0.1,0.1,0.21,0.36,0.41,0.34,0.24,0.18,0.18,0.34,0.42,0.35,0.27
GWETTOP,1994,4.0,37.5,0.11,0.1,0.22,0.39,0.45,0.36,0.26,0.19,0.2,0.37,0.46,0.36,0.29
GWETTOP,1994,4.0,38.125,0.16,0.11,0.22,0.45,0.55,0.45,0.4,0.31,0.29,0.48,0.57,0.45,0.37
GWETTOP,1994,4.0,38.75,0.2,0.15,0.28,0.59,0.68,0.61,0.48,0.33,0.29,0.61,0.71,0.63,0.46
GWETTOP,1994,4.0,39.375,0.21,0.15,0.27,0.61,0.7,0.61,0.49,0.35,0.31,0.64,0.79,0.67,0.49
GWETTOP,1994,4.0,40.0,0.17,0.12,0.22,0.48,0.55,0.45,0.35,0.3,0.26,0.52,0.67,0.52,0.39
GWETTOP,1994,4.0,40.625,0.19,0.14,0.22,0.49,0.57,0.4,0.3,0.3,0.26,0.55,0.68,0.56,0.39
GWETTOP,1994,4.0,41.25,0.17,0.12,0.17,0.35,0.4,0.31,0.23,0.21,0.19,0.39,0.51,0.41,0.29
GWETTOP,1994,4.0,41.875,0.15,0.11,0.13,0.32,0.38,0.3,0.22,0.17,0.16,0.36,0.52,0.4,0.27
GWETTOP,1994,4.5,34.375,0.18,0.18,0.34,0.62,0.59,0.56,0.59,0.54,0.3,0.61,0.67,0.44,0.47
GWETTOP,1994,4.5,35.0,0.15,0.13,0.28,0.51,0.53,0.42,0.41,0.4,0.24,0.48,0.58,0.49,0.39
GWETTOP,1994,4.5,35.625,0.1,0.11,0.23,0.34,0.4,0.34,0.31,0.26,0.18,0.33,0.41,0.36,0.28
GWETTOP,1994,4.5,36.25,0.09,0.11,0.21,0.35,0.41,0.33,0.25,0.2,0.17,0.32,0.39,0.29,0.26
GWETTOP,1994,4.5,36.875,0.1,0.11,0.21,0.37,0.44,0.37,0.32,0.25,0.21,0.34,0.4,0.32,0.29
GWETTOP,1994,4.5,37.5,0.14,0.15,0.28,0.49,0.6,0.51,0.38,0.3,0.29,0.48,0.55,0.39,0.38
GWETTOP,1994,4.5,38.125,0.2,0.15,0.24,0.56,0.67,0.6,0.5,0.33,0.29,0.6,0.67,0.58,0.45
GWETTOP,1994,4.5,38.75,0.19,0.14,0.23,0.53,0.64,0.57,0.46,0.31,0.27,0.57,0.64,0.57,0.43
GWETTOP,1994,4.5,39.375,0.17,0.12,0.2,0.47,0.57,0.49,0.38,0.28,0.25,0.52,0.6,0.51,0.38
GWETTOP,1994,4.5,40.0,0.16,0.11,0.19,0.41,0.51,0.43,0.34,0.27,0.22,0.46,0.55,0.45,0.34
GWETTOP,1994,4.5,40.625,0.15,0.11,0.18,0.39,0.44,0.38,0.27,0.24,0.21,0.43,0.53,0.42,0.31
GWETTOP,1994,4.5,41.25,0.18,0.11,0.17,0.36,0.41,0.34,0.27,0.22,0.19,0.39,0.53,0.41,0.3
GWETTOP,1994,4.5,41.875,0.14,0.1,0.13,0.35,0.42,0.33,0.22,0.18,0.18,0.39,0.54,0.42,0.28
GWETTOP,1995,-0.5,34.375,0.6,0.56,0.64,0.66,0.86,0.83,0.77,0.6,0.59,0.63,0.7,0.6,0.67
GWETTOP,1995,-0.5,35.0,0.53,0.55,0.63,0.59,0.75,0.74,0.73,0.61,0.61,0.63,0.63,0.55,0.63
GWETTOP,1995,-0.5,35.625,0.48,0.5,0.55,0.52,0.61,0.6,0.6,0.56,0.58,0.59,0.58,0.52,0.56
GWETTOP,1995,-0.5,36.25,0.45,0.44,0.51,0.48,0.55,0.51,0.51,0.48,0.5,0.52,0.52,0.47,0.5
GWETTOP,1995,-0.5,36.875,0.55,0.49,0.57,0.58,0.63,0.58,0.55,0.52,0.51,0.55,0.59,0.56,0.56
GWETTOP,1995,-0.5,37.5,0.58,0.52,0.59,0.58,0.64,0.56,0.53,0.51,0.51,0.54,0.61,0.58,0.56
GWETTOP,1995,-0.5,38.125,0.53,0.5,0.53,0.5,0.49,0.37,0.33,0.33,0.3,0.42,0.58,0.56,0.45
GWETTOP,1995,-0.5,38.75,0.43,0.42,0.45,0.44,0.44,0.33,0.3,0.31,0.27,0.39,0.53,0.5,0.4
GWETTOP,1995,-0.5,39.375,0.34,0.37,0.36,0.42,0.45,0.35,0.32,0.34,0.29,0.37,0.45,0.42,0.37
GWETTOP,1995,-0.5,40.0,0.42,0.41,0.39,0.46,0.51,0.42,0.37,0.39,0.33,0.4,0.5,0.47,0.42
GWETTOP,1995,-0.5,40.625,0.39,0.42,0.44,0.49,0.56,0.52,0.47,0.5,0.42,0.44,0.54,0.51,0.48
GWETTOP,1995,-0.5,41.25,0.38,0.42,0.45,0.5,0.57,0.52,0.48,0.5,0.43,0.44,0.54,0.51,0.48
GWETTOP,1995,-0.5,41.875,0.35,0.39,0.44,0.47,0.54,0.53,0.49,0.5,0.45,0.41,0.51,0.5,0.47
GWETTOP,1995,-1.0,34.375,0.52,0.53,0.59,0.54,0.62,0.57,0.55,0.46,0.49,0.5,0.51,0.51,0.53
GWETTOP,1995,-1.0,35.0,0.53,0.58,0.66,0.59,0.68,0.65,0.62,0.54,0.55,0.56,0.54,0.53,0.59
GWETTOP,1995,-1.0,35.625,0.47,0.51,0.61,0.54,0.64,0.61,0.58,0.51,0.51,0.54,0.51,0.49,0.54
GWETTOP,1995,-1.0,36.25,0.37,0.4,0.51,0.45,0.59,0.55,0.5,0.44,0.44,0.47,0.46,0.41,0.47
GWETTOP,1995,-1.0,36.875,0.55,0.49,0.57,0.55,0.62,0.53,0.48,0.45,0.43,0.5,0.59,0.57,0.53
GWETTOP,1995,-1.0,37.5,0.55,0.51,0.59,0.56,0.64,0.56,0.5,0.47,0.45,0.51,0.59,0.56,0.54
GWETTOP,1995,-1.0,38.125,0.46,0.47,0.54,0.51,0.49,0.37,0.33,0.35,0.31,0.46,0.59,0.57,0.45
GWETTOP,1995,-1.0,38.75,0.41,0.42,0.5,0.47,0.46,0.33,0.29,0.33,0.29,0.43,0.57,0.53,0.42
GWETTOP,1995,-1.0,39.375,0.31,0.38,0.39,0.49,0.53,0.37,0.34,0.38,0.3,0.43,0.52,0.48,0.41
GWETTOP,1995,-1.0,40.0,0.46,0.47,0.46,0.56,0.61,0.46,0.4,0.44,0.36,0.47,0.59,0.55,0.49
GWETTOP,1995,-1.0,40.625,0.43,0.44,0.47,0.52,0.59,0.55,0.5,0.53,0.45,0.46,0.55,0.53,0.5
GWETTOP,1995,-1.0,41.25,0.45,0.45,0.47,0.51,0.58,0.54,0.5,0.52,0.47,0.46,0.54,0.52,0.5
GWETTOP,1995,-1.0,41.875,0.35,0.34,0.39,0.41,0.47,0.46,0.43,0.43,0.39,0.37,0.42,0.42,0.41
GWETTOP,1995,-1.5,34.375,0.53,0.56,0.67,0.58,0.63,0.58,0.52,0.32,0.46,0.47,0.51,0.5,0.53
GWETTOP,1995,-1.5,35.0,0.52,0.57,0.69,0.59,0.65,0.59,0.52,0.39,0.44,0.51,0.5,0.48,0.54
GWETTOP,1995,-1.5,35.625,0.49,0.53,0.65,0.55,0.64,0.56,0.51,0.47,0.43,0.48,0.49,0.48,0.52
GWETTOP,1995,-1.5,36.25,0.36,0.38,0.48,0.42,0.5,0.44,0.38,0.34,0.34,0.38,0.41,0.38,0.4
GWETTOP,1995,-1.5,36.875,0.57,0.53,0.66,0.63,0.68,0.6,0.38,0.41,0.43,0.53,0.65,0.63,0.56
GWETTOP,1995,-1.5,37.5,0.54,0.48,0.57,0.55,0.59,0.5,0.42,0.4,0.37,0.46,0.57,0.56,0.5
GWETTOP,1995,-1.5,38.125,0.54,0.49,0.55,0.53,0.53,0.46,0.43,0.42,0.38,0.45,0.54,0.52,0.49
GWETTOP,1995,-1.5,38.75,0.47,0.47,0.52,0.5,0.51,0.36,0.34,0.37,0.31,0.45,0.56,0.51,0.45
GWETTOP,1995,-1.5,39.375,0.43,0.43,0.46,0.51,0.54,0.4,0.36,0.39,0.31,0.44,0.53,0.48,0.44
GWETTOP,1995,-1.5,40.0,0.51,0.5,0.54,0.61,0.65,0.57,0.5,0.53,0.41,0.49,0.6,0.56,0.54
GWETTOP,1995,-1.5,40.625,0.48,0.47,0.5,0.55,0.61,0.57,0.52,0.54,0.47,0.47,0.55,0.53,0.52
GWETTOP,1995,-1.5,41.25,0.49,0.47,0.48,0.53,0.6,0.55,0.51,0.52,0.47,0.46,0.53,0.52,0.51
GWETTOP,1995,-1.5,41.875,0.64,0.62,0.66,0.66,0.7,0.69,0.66,0.66,0.63,0.63,0.65,0.66,0.66
GWETTOP,1995,-1.7975103014118005e-13,34.375,0.53,0.51,0.57,0.57,0.75,0.76,0.73,0.63,0.63,0.68,0.71,0.6,0.64
GWETTOP,1995,-1.7975103014118005e-13,35.0,0.62,0.61,0.64,0.63,0.77,0.8,0.82,0.77,0.77,0.79,0.78,0.7,0.73
GWETTOP,1995,-1.7975103014118005e-13,35.625,0.6,0.58,0.6,0.58,0.67,0.7,0.73,0.7,0.72,0.73,0.72,0.67,0.67
GWETTOP,1995,-1.7975103014118005e-13,36.25,0.45,0.44,0.49,0.47,0.53,0.52,0.55,0.51,0.53,0.53,0.52,0.47,0.5
GWETTOP,1995,-1.7975103014118005e-13,36.875,0.51,0.45,0.56,0.58,0.6,0.54,0.53,0.49,0.49,0.5,0.54,0.51,0.53
GWETTOP,1995,-1.7975103014118005e-13,37.5,0.62,0.53,0.61,0.65,0.68,0.6,0.56,0.53,0.5,0.53,0.6,0.59,0.58
GWETTOP,1995,-1.7975103014118005e-13,38.125,0.51,0.46,0.49,0.49,0.49,0.38,0.34,0.32,0.28,0.38,0.52,0.52,0.43
GWETTOP,1995,-1.7975103014118005e-13,38.75,0.4,0.38,0.39,0.41,0.42,0.34,0.29,0.28,0.23,0.34,0.44,0.43,0.36
GWETTOP,1995,-1.7975103014118005e-13,39.375,0.33,0.33,0.33,0.38,0.41,0.34,0.31,0.3,0.24,0.33,0.39,0.37,0.34
GWETTOP,1995,-1.7975103014118005e-13,40.0,0.36,0.35,0.35,0.41,0.46,0.38,0.34,0.34,0.29,0.35,0.41,0.39,0.37
GWETTOP,1995,-1.7975103014118005e-13,40.625,0.35,0.36,0.39,0.45,0.49,0.43,0.39,0.4,0.33,0.38,0.48,0.43,0.41
GWETTOP,1995,-1.7975103014118005e-13,41.25,0.33,0.38,0.42,0.47,0.5,0.45,0.4,0.43,0.36,0.4,0.5,0.45,0.42
GWETTOP,1995,-1.7975103014118005e-13,41.875,0.37,0.41,0.45,0.51,0.54,0.51,0.47,0.47,0.4,0.41,0.54,0.49,0.46
GWETTOP,1995,-2.0,34.375,0.46,0.57,0.68,0.56,0.64,0.53,0.4,0.27,0.38,0.41,0.43,0.46,0.48
GWETTOP,1995,-2.0,35.0,0.53,0.56,0.68,0.61,0.64,0.58,0.43,0.33,0.37,0.48,0.51,0.47,0.52
GWETTOP,1995,-2.0,35.625,0.54,0.54,0.64,0.58,0.63,0.55,0.48,0.4,0.35,0.47,0.52,0.49,0.52
GWETTOP,1995,-2.0,36.25,0.32,0.34,0.42,0.37,0.39,0.33,0.23,0.2,0.21,0.27,0.35,0.29,0.31
GWETTOP,1995,-2.0,36.875,0.55,0.51,0.65,0.62,0.64,0.54,0.29,0.34,0.35,0.47,0.62,0.61,0.52
GWETTOP,1995,-2.0,37.5,0.52,0.47,0.58,0.55,0.58,0.48,0.32,0.34,0.32,0.44,0.56,0.54,0.48
GWETTOP,1995,-2.0,38.125,0.52,0.47,0.53,0.5,0.5,0.43,0.38,0.37,0.33,0.41,0.5,0.49,0.45
GWETTOP,1995,-2.0,38.75,0.51,0.5,0.56,0.54,0.55,0.43,0.38,0.41,0.34,0.46,0.57,0.53,0.48
GWETTOP,1995,-2.0,39.375,0.53,0.51,0.54,0.59,0.61,0.5,0.45,0.47,0.38,0.47,0.57,0.54,0.51
GWETTOP,1995,-2.0,40.0,0.5,0.47,0.51,0.58,0.6,0.51,0.48,0.49,0.4,0.45,0.54,0.51,0.5
GWETTOP,1995,-2.0,40.625,0.49,0.46,0.5,0.56,0.6,0.55,0.51,0.52,0.46,0.46,0.52,0.5,0.51
GWETTOP,1995,-2.0,41.25,0.46,0.44,0.48,0.5,0.54,0.51,0.49,0.49,0.46,0.46,0.48,0.48,0.48
GWETTOP,1995,-2.0,41.875,0.68,0.67,0.71,0.7,0.73,0.71,0.69,0.68,0.67,0.66,0.67,0.68,0.69
GWETTOP,1995,-2.5,34.375,0.48,0.53,0.6,0.52,0.55,0.48,0.31,0.21,0.29,0.34,0.38,0.41,0.42
GWETTOP,1995,-2.5,35.0,0.51,0.53,0.61,0.55,0.58,0.51,0.37,0.25,0.29,0.36,0.46,0.42,0.45
GWETTOP,1995,-2.5,35.625,0.52,0.5,0.56,0.53,0.56,0.5,0.31,0.24,0.25,0.34,0.47,0.38,0.43
GWETTOP,1995,-2.5,36.25,0.42,0.4,0.48,0.44,0.47,0.38,0.27,0.21,0.2,0.26,0.38,0.32,0.35
GWETTOP,1995,-2.5,36.875,0.6,0.52,0.62,0.61,0.63,0.53,0.27,0.26,0.29,0.38,0.6,0.56,0.49
GWETTOP,1995,-2.5,37.5,0.6,0.53,0.6,0.6,0.62,0.52,0.28,0.31,0.32,0.4,0.61,0.56,0.5
GWETTOP,1995,-2.5,38.125,0.58,0.52,0.56,0.53,0.54,0.46,0.37,0.39,0.32,0.42,0.59,0.57,0.49
GWETTOP,1995,-2.5,38.75,0.53,0.5,0.55,0.55,0.57,0.44,0.38,0.43,0.35,0.45,0.62,0.57,0.5
GWETTOP,1995,-2.5,39.375,0.63,0.57,0.61,0.67,0.71,0.62,0.55,0.59,0.47,0.51,0.69,0.65,0.61
GWETTOP,1995,-2.5,40.0,0.42,0.39,0.42,0.49,0.52,0.43,0.41,0.42,0.37,0.4,0.52,0.45,0.44
GWETTOP,1995,-2.5,40.625,0.52,0.5,0.53,0.57,0.61,0.56,0.55,0.55,0.52,0.53,0.6,0.56,0.55
GWETTOP,1995,-2.5,41.25,1.0,1.0,1.0,1.0,1.0,1.0,1.0,1.0,1.0,1.0,1.0,1.0,1.0
GWETTOP,1995,-2.5,41.875,1.0,1.0,1.0,1.0,1.0,1.0,1.0,1.0,1.0,1.0,1.0,1.0,1.0
GWETTOP,1995,-3.0,34.375,0.52,0.56,0.63,0.52,0.55,0.47,0.28,0.2,0.26,0.3,0.37,0.38,0.42
GWETTOP,1995,-3.0,35.0,0.54,0.53,0.61,0.56,0.6,0.51,0.39,0.24,0.27,0.3,0.43,0.37,0.45
GWETTOP,1995,-3.0,35.625,0.59,0.52,0.6,0.62,0.71,0.58,0.5,0.45,0.34,0.34,0.47,0.43,0.51
GWETTOP,1995,-3.0,36.25,0.6,0.53,0.59,0.6,0.66,0.59,0.46,0.28,0.28,0.31,0.48,0.35,0.48
GWETTOP,1995,-3.0,36.875,0.75,0.62,0.66,0.73,0.83,0.73,0.59,0.51,0.44,0.43,0.64,0.59,0.63
GWETTOP,1995,-3.0,37.5,0.63,0.53,0.56,0.61,0.7,0.61,0.49,0.46,0.43,0.4,0.55,0.52,0.54
GWETTOP,1995,-3.0,38.125,0.54,0.5,0.51,0.51,0.52,0.46,0.39,0.41,0.35,0.38,0.58,0.55,0.47
GWETTOP,1995,-3.0,38.75,0.48,0.43,0.47,0.53,0.55,0.41,0.36,0.43,0.35,0.39,0.63,0.55,0.47
GWETTOP,1995,-3.0,39.375,0.54,0.48,0.51,0.65,0.69,0.58,0.52,0.6,0.48,0.45,0.69,0.63,0.57
GWETTOP,1995,-3.0,40.0,0.39,0.36,0.37,0.45,0.5,0.41,0.4,0.41,0.37,0.38,0.49,0.43,0.41
GWETTOP,1995,-3.0,40.625,0.77,0.75,0.76,0.78,0.82,0.79,0.78,0.78,0.76,0.77,0.81,0.79,0.78
GWETTOP,1995,-3.0,41.25,1.0,1.0,1.0,1.0,1.0,1.0,1.0,1.0,1.0,1.0,1.0,1.0,1.0
GWETTOP,1995,-3.0,41.875,1.0,1.0,1.0,1.0,1.0,1.0,1.0,1.0,1.0,1.0,1.0,1.0,1.0
GWETTOP,1995,-3.5,34.375,0.51,0.55,0.63,0.51,0.51,0.4,0.21,0.18,0.22,0.25,0.33,0.37,0.39
GWETTOP,1995,-3.5,35.0,0.51,0.52,0.59,0.54,0.55,0.47,0.36,0.25,0.24,0.25,0.36,0.35,0.42
GWETTOP,1995,-3.5,35.625,0.52,0.5,0.56,0.58,0.61,0.53,0.49,0.43,0.33,0.31,0.41,0.34,0.47
GWETTOP,1995,-3.5,36.25,0.52,0.46,0.54,0.59,0.64,0.54,0.45,0.31,0.27,0.29,0.42,0.31,0.44
GWETTOP,1995,-3.5,36.875,0.53,0.46,0.51,0.61,0.73,0.61,0.5,0.45,0.35,0.34,0.48,0.38,0.5
GWETTOP,1995,-3.5,37.5,0.47,0.41,0.48,0.56,0.62,0.54,0.48,0.45,0.36,0.34,0.49,0.41,0.47
GWETTOP,1995,-3.5,38.125,0.44,0.41,0.44,0.51,0.53,0.42,0.38,0.44,0.35,0.37,0.55,0.49,0.44
GWETTOP,1995,-3.5,38.75,0.46,0.43,0.47,0.54,0.55,0.45,0.42,0.47,0.41,0.4,0.57,0.51,0.47
GWETTOP,1995,-3.5,39.375,0.46,0.4,0.46,0.64,0.68,0.57,0.52,0.6,0.49,0.43,0.65,0.58,0.54
GWETTOP,1995,-3.5,40.0,0.52,0.5,0.51,0.61,0.64,0.56,0.54,0.56,0.52,0.5,0.6,0.57,0.55
GWETTOP,1995,-3.5,40.625,0.92,0.92,0.92,0.93,0.94,0.93,0.93,0.93,0.92,0.92,0.94,0.93,0.93
GWETTOP,1995,-3.5,41.25,1.0,1.0,1.0,1.0,1.0,1.0,1.0,1.0,1.0,1.0,1.0,1.0,1.0
GWETTOP,1995,-3.5,41.875,1.0,1.0,1.0,1.0,1.0,1.0,1.0,1.0,1.0,1.0,1.0,1.0,1.0
GWETTOP,1995,-4.0,34.375,0.5,0.55,0.6,0.5,0.5,0.39,0.25,0.21,0.2,0.21,0.27,0.37,0.38
GWETTOP,1995,-4.0,35.0,0.57,0.58,0.64,0.61,0.61,0.52,0.42,0.35,0.3,0.28,0.35,0.38,0.47
GWETTOP,1995,-4.0,35.625,0.55,0.53,0.6,0.61,0.64,0.56,0.52,0.48,0.44,0.38,0.39,0.36,0.5
GWETTOP,1995,-4.0,36.25,0.51,0.48,0.55,0.6,0.63,0.52,0.48,0.41,0.32,0.31,0.37,0.32,0.46
GWETTOP,1995,-4.0,36.875,0.52,0.49,0.54,0.62,0.67,0.57,0.5,0.47,0.39,0.36,0.44,0.37,0.49
GWETTOP,1995,-4.0,37.5,0.5,0.47,0.52,0.59,0.61,0.53,0.47,0.44,0.37,0.36,0.47,0.4,0.48
GWETTOP,1995,-4.0,38.125,0.43,0.42,0.47,0.58,0.59,0.45,0.4,0.47,0.37,0.38,0.56,0.49,0.47
GWETTOP,1995,-4.0,38.75,0.4,0.38,0.44,0.59,0.6,0.45,0.43,0.49,0.41,0.4,0.55,0.48,0.47
GWETTOP,1995,-4.0,39.375,0.36,0.33,0.39,0.56,0.61,0.47,0.44,0.48,0.39,0.36,0.49,0.44,0.44
GWETTOP,1995,-4.0,40.0,0.51,0.5,0.52,0.62,0.64,0.54,0.53,0.54,0.51,0.51,0.55,0.53,0.54
GWETTOP,1995,-4.0,40.625,1.0,1.0,1.0,1.0,1.0,1.0,1.0,1.0,1.0,1.0,1.0,1.0,1.0
GWETTOP,1995,-4.0,41.25,1.0,1.0,1.0,1.0,1.0,1.0,1.0,1.0,1.0,1.0,1.0,1.0,1.0
GWETTOP,1995,-4.0,41.875,1.0,1.0,1.0,1.0,1.0,1.0,1.0,1.0,1.0,1.0,1.0,1.0,1.0
GWETTOP,1995,-4.5,34.375,0.46,0.51,0.52,0.47,0.47,0.38,0.34,0.3,0.26,0.23,0.26,0.36,0.38
GWETTOP,1995,-4.5,35.0,0.53,0.55,0.6,0.58,0.58,0.47,0.41,0.38,0.35,0.31,0.34,0.37,0.46
GWETTOP,1995,-4.5,35.625,0.5,0.48,0.56,0.57,0.58,0.49,0.45,0.42,0.4,0.36,0.36,0.35,0.46
GWETTOP,1995,-4.5,36.25,0.52,0.49,0.57,0.59,0.6,0.5,0.47,0.44,0.37,0.34,0.37,0.35,0.47
GWETTOP,1995,-4.5,36.875,0.53,0.5,0.57,0.62,0.64,0.54,0.49,0.48,0.44,0.41,0.45,0.4,0.51
GWETTOP,1995,-4.5,37.5,0.52,0.5,0.55,0.61,0.63,0.55,0.5,0.49,0.44,0.41,0.48,0.42,0.51
GWETTOP,1995,-4.5,38.125,0.57,0.52,0.56,0.66,0.69,0.62,0.55,0.59,0.5,0.49,0.62,0.57,0.58
GWETTOP,1995,-4.5,38.75,0.53,0.48,0.52,0.65,0.69,0.61,0.55,0.58,0.5,0.48,0.6,0.54,0.56
GWETTOP,1995,-4.5,39.375,0.38,0.37,0.4,0.53,0.55,0.44,0.42,0.43,0.39,0.38,0.43,0.4,0.43
GWETTOP,1995,-4.5,40.0,0.95,0.95,0.95,0.96,0.96,0.95,0.95,0.95,0.95,0.95,0.95,0.95,0.95
GWETTOP,1995,-4.5,40.625,1.0,1.0,1.0,1.0,1.0,1.0,1.0,1.0,1.0,1.0,1.0,1.0,1.0
GWETTOP,1995,-4.5,41.25,1.0,1.0,1.0,1.0,1.0,1.0,1.0,1.0,1.0,1.0,1.0,1.0,1.0
GWETTOP,1995,-4.5,41.875,1.0,1.0,1.0,1.0,1.0,1.0,1.0,1.0,1.0,1.0,1.0,1.0,1.0
GWETTOP,1995,0.5,34.375,0.52,0.51,0.51,0.48,0.61,0.64,0.66,0.63,0.66,0.68,0.71,0.62,0.6
GWETTOP,1995,0.5,35.0,0.63,0.6,0.58,0.57,0.7,0.72,0.78,0.78,0.8,0.81,0.82,0.74,0.71
GWETTOP,1995,0.5,35.625,0.48,0.45,0.47,0.48,0.62,0.62,0.68,0.67,0.68,0.67,0.64,0.54,0.58
GWETTOP,1995,0.5,36.25,0.35,0.35,0.4,0.35,0.45,0.45,0.49,0.47,0.48,0.45,0.45,0.42,0.43
GWETTOP,1995,0.5,36.875,0.53,0.5,0.55,0.53,0.57,0.5,0.55,0.51,0.5,0.47,0.57,0.55,0.53
GWETTOP,1995,0.5,37.5,0.44,0.4,0.45,0.46,0.47,0.4,0.39,0.34,0.31,0.33,0.45,0.45,0.41
GWETTOP,1995,0.5,38.125,0.4,0.37,0.4,0.42,0.43,0.35,0.31,0.27,0.22,0.33,0.44,0.45,0.37
GWETTOP,1995,0.5,38.75,0.39,0.36,0.36,0.4,0.43,0.35,0.3,0.25,0.19,0.31,0.41,0.42,0.35
GWETTOP,1995,0.5,39.375,0.37,0.34,0.35,0.42,0.48,0.38,0.31,0.28,0.21,0.33,0.43,0.41,0.36
GWETTOP,1995,0.5,40.0,0.34,0.32,0.34,0.42,0.49,0.38,0.32,0.29,0.22,0.32,0.44,0.39,0.36
GWETTOP,1995,0.5,40.625,0.32,0.31,0.36,0.43,0.44,0.36,0.31,0.3,0.25,0.32,0.46,0.39,0.35
GWETTOP,1995,0.5,41.25,0.34,0.35,0.4,0.45,0.45,0.39,0.35,0.36,0.31,0.37,0.47,0.41,0.39
GWETTOP,1995,0.5,41.875,0.36,0.37,0.42,0.5,0.49,0.43,0.38,0.38,0.31,0.38,0.51,0.44,0.41
GWETTOP,1995,1.0,34.375,0.68,0.63,0.6,0.55,0.65,0.69,0.75,0.76,0.79,0.79,0.82,0.78,0.71
GWETTOP,1995,1.0,35.0,0.62,0.56,0.55,0.53,0.69,0.72,0.79,0.83,0.84,0.83,0.85,0.79,0.72
GWETTOP,1995,1.0,35.625,0.37,0.36,0.38,0.4,0.58,0.51,0.57,0.6,0.58,0.5,0.52,0.43,0.48
GWETTOP,1995,1.0,36.25,0.3,0.28,0.32,0.27,0.37,0.33,0.39,0.39,0.38,0.32,0.39,0.37,0.34
GWETTOP,1995,1.0,36.875,0.37,0.36,0.37,0.37,0.4,0.36,0.38,0.37,0.36,0.36,0.41,0.41,0.38
GWETTOP,1995,1.0,37.5,0.39,0.37,0.38,0.39,0.4,0.34,0.3,0.25,0.22,0.27,0.42,0.44,0.35
GWETTOP,1995,1.0,38.125,0.35,0.35,0.35,0.36,0.36,0.31,0.24,0.2,0.17,0.27,0.39,0.4,0.31
GWETTOP,1995,1.0,38.75,0.36,0.36,0.35,0.39,0.4,0.34,0.27,0.23,0.18,0.29,0.41,0.41,0.33
GWETTOP,1995,1.0,39.375,0.36,0.33,0.36,0.43,0.51,0.38,0.27,0.25,0.19,0.32,0.46,0.42,0.36
GWETTOP,1995,1.0,40.0,0.33,0.31,0.37,0.43,0.49,0.37,0.31,0.27,0.2,0.31,0.45,0.39,0.35
GWETTOP,1995,1.0,40.625,0.33,0.31,0.38,0.45,0.46,0.36,0.28,0.27,0.21,0.31,0.51,0.41,0.36
GWETTOP,1995,1.0,41.25,0.41,0.36,0.42,0.5,0.5,0.43,0.33,0.33,0.26,0.35,0.56,0.48,0.41
GWETTOP,1995,1.0,41.875,0.33,0.31,0.37,0.47,0.46,0.39,0.31,0.33,0.27,0.34,0.51,0.41,0.38
GWETTOP,1995,1.5,34.375,0.35,0.37,0.37,0.31,0.53,0.57,0.66,0.62,0.63,0.59,0.59,0.48,0.51
GWETTOP,1995,1.5,35.0,0.36,0.36,0.38,0.36,0.53,0.54,0.62,0.62,0.62,0.53,0.55,0.47,0.5
GWETTOP,1995,1.5,35.625,0.23,0.26,0.28,0.29,0.42,0.37,0.42,0.42,0.4,0.35,0.38,0.34,0.35
GWETTOP,1995,1.5,36.25,0.15,0.22,0.25,0.21,0.31,0.22,0.34,0.33,0.28,0.22,0.34,0.29,0.26
GWETTOP,1995,1.5,36.875,0.35,0.35,0.36,0.37,0.39,0.34,0.34,0.29,0.25,0.28,0.41,0.41,0.34
GWETTOP,1995,1.5,37.5,0.32,0.32,0.35,0.35,0.37,0.3,0.3,0.25,0.22,0.26,0.39,0.39,0.32
GWETTOP,1995,1.5,38.125,0.35,0.36,0.37,0.41,0.4,0.33,0.3,0.25,0.21,0.3,0.4,0.41,0.34
GWETTOP,1995,1.5,38.75,0.42,0.42,0.43,0.47,0.49,0.36,0.3,0.28,0.23,0.34,0.49,0.49,0.39
GWETTOP,1995,1.5,39.375,0.39,0.36,0.41,0.47,0.54,0.4,0.33,0.29,0.2,0.32,0.5,0.44,0.39
GWETTOP,1995,1.5,40.0,0.4,0.35,0.39,0.47,0.57,0.42,0.32,0.28,0.2,0.32,0.5,0.44,0.39
GWETTOP,1995,1.5,40.625,0.4,0.34,0.46,0.52,0.54,0.4,0.28,0.28,0.21,0.33,0.63,0.5,0.41
GWETTOP,1995,1.5,41.25,0.35,0.31,0.35,0.44,0.44,0.36,0.3,0.27,0.22,0.29,0.54,0.41,0.36
GWETTOP,1995,1.5,41.875,0.32,0.27,0.35,0.47,0.47,0.39,0.26,0.3,0.24,0.33,0.58,0.42,0.37
GWETTOP,1995,2.0,34.375,0.23,0.28,0.3,0.25,0.45,0.46,0.55,0.49,0.51,0.46,0.47,0.38,0.4
GWETTOP,1995,2.0,35.0,0.22,0.26,0.29,0.29,0.44,0.41,0.47,0.45,0.45,0.4,0.43,0.38,0.37
GWETTOP,1995,2.0,35.625,0.14,0.22,0.22,0.25,0.36,0.29,0.33,0.33,0.31,0.26,0.34,0.28,0.28
GWETTOP,1995,2.0,36.25,0.13,0.21,0.24,0.24,0.26,0.18,0.26,0.24,0.22,0.21,0.32,0.27,0.23
GWETTOP,1995,2.0,36.875,0.31,0.33,0.35,0.36,0.37,0.3,0.27,0.23,0.22,0.25,0.39,0.38,0.31
GWETTOP,1995,2.0,37.5,0.33,0.33,0.35,0.37,0.39,0.31,0.25,0.21,0.19,0.26,0.39,0.39,0.31
GWETTOP,1995,2.0,38.125,0.41,0.41,0.41,0.47,0.48,0.39,0.31,0.27,0.2,0.31,0.45,0.44,0.38
GWETTOP,1995,2.0,38.75,0.42,0.41,0.42,0.48,0.5,0.4,0.34,0.31,0.23,0.33,0.45,0.44,0.39
GWETTOP,1995,2.0,39.375,0.4,0.36,0.41,0.49,0.57,0.41,0.35,0.32,0.21,0.32,0.5,0.43,0.4
GWETTOP,1995,2.0,40.0,0.42,0.37,0.43,0.52,0.63,0.45,0.35,0.33,0.22,0.33,0.55,0.47,0.42
GWETTOP,1995,2.0,40.625,0.45,0.38,0.57,0.66,0.66,0.45,0.28,0.34,0.25,0.4,0.76,0.62,0.49
GWETTOP,1995,2.0,41.25,0.4,0.34,0.47,0.53,0.51,0.38,0.27,0.27,0.21,0.32,0.63,0.49,0.4
GWETTOP,1995,2.0,41.875,0.36,0.3,0.45,0.57,0.59,0.39,0.27,0.33,0.25,0.38,0.68,0.51,0.42
GWETTOP,1995,2.5,34.375,0.22,0.27,0.31,0.28,0.44,0.37,0.5,0.43,0.44,0.39,0.43,0.35,0.37
GWETTOP,1995,2.5,35.0,0.19,0.24,0.27,0.29,0.4,0.35,0.39,0.37,0.38,0.34,0.39,0.33,0.33
GWETTOP,1995,2.5,35.625,0.13,0.23,0.23,0.26,0.34,0.23,0.27,0.26,0.27,0.22,0.3,0.26,0.25
GWETTOP,1995,2.5,36.25,0.13,0.23,0.24,0.27,0.27,0.16,0.19,0.19,0.2,0.2,0.28,0.26,0.22
GWETTOP,1995,2.5,36.875,0.26,0.29,0.31,0.34,0.35,0.24,0.18,0.18,0.18,0.23,0.35,0.34,0.27
GWETTOP,1995,2.5,37.5,0.27,0.32,0.36,0.39,0.4,0.28,0.19,0.19,0.17,0.26,0.38,0.37,0.3
GWETTOP,1995,2.5,38.125,0.37,0.38,0.42,0.47,0.48,0.38,0.29,0.25,0.19,0.3,0.42,0.4,0.36
GWETTOP,1995,2.5,38.75,0.35,0.37,0.42,0.48,0.5,0.38,0.3,0.27,0.2,0.3,0.42,0.4,0.37
GWETTOP,1995,2.5,39.375,0.36,0.35,0.4,0.48,0.55,0.4,0.34,0.32,0.21,0.31,0.44,0.39,0.38
GWETTOP,1995,2.5,40.0,0.38,0.37,0.45,0.53,0.61,0.45,0.35,0.35,0.25,0.34,0.5,0.44,0.42
GWETTOP,1995,2.5,40.625,0.39,0.38,0.52,0.59,0.59,0.43,0.28,0.32,0.25,0.38,0.63,0.51,0.44
GWETTOP,1995,2.5,41.25,0.22,0.25,0.35,0.4,0.36,0.24,0.2,0.21,0.18,0.28,0.4,0.29,0.28
GWETTOP,1995,2.5,41.875,0.28,0.24,0.32,0.42,0.4,0.3,0.23,0.25,0.21,0.31,0.43,0.32,0.31
GWETTOP,1995,3.0,34.375,0.23,0.28,0.35,0.33,0.49,0.44,0.52,0.49,0.5,0.45,0.48,0.39,0.41
GWETTOP,1995,3.0,35.0,0.2,0.24,0.28,0.3,0.38,0.34,0.35,0.33,0.34,0.32,0.36,0.32,0.31
GWETTOP,1995,3.0,35.625,0.12,0.24,0.24,0.26,0.33,0.18,0.22,0.2,0.24,0.21,0.25,0.25,0.23
GWETTOP,1995,3.0,36.25,0.15,0.24,0.27,0.29,0.3,0.14,0.14,0.14,0.17,0.21,0.28,0.27,0.22
GWETTOP,1995,3.0,36.875,0.22,0.26,0.3,0.32,0.33,0.19,0.14,0.14,0.16,0.22,0.31,0.28,0.24
GWETTOP,1995,3.0,37.5,0.18,0.27,0.32,0.36,0.33,0.2,0.11,0.12,0.15,0.23,0.31,0.28,0.24
GWETTOP,1995,3.0,38.125,0.33,0.35,0.42,0.45,0.45,0.36,0.29,0.22,0.18,0.28,0.37,0.35,0.34
GWETTOP,1995,3.0,38.75,0.33,0.36,0.46,0.5,0.51,0.41,0.29,0.27,0.21,0.33,0.42,0.36,0.37
GWETTOP,1995,3.0,39.375,0.31,0.32,0.4,0.46,0.51,0.38,0.34,0.33,0.24,0.32,0.38,0.35,0.36
GWETTOP,1995,3.0,40.0,0.32,0.34,0.43,0.49,0.54,0.4,0.34,0.34,0.27,0.34,0.43,0.37,0.38
GWETTOP,1995,3.0,40.625,0.29,0.33,0.41,0.48,0.49,0.35,0.25,0.27,0.23,0.33,0.45,0.35,0.35
GWETTOP,1995,3.0,41.25,0.22,0.27,0.33,0.4,0.37,0.26,0.21,0.22,0.2,0.28,0.35,0.27,0.28
GWETTOP,1995,3.0,41.875,0.27,0.24,0.29,0.38,0.37,0.29,0.25,0.22,0.19,0.28,0.34,0.29,0.28
GWETTOP,1995,3.5,34.375,0.26,0.26,0.33,0.37,0.43,0.38,0.44,0.42,0.41,0.39,0.42,0.38,0.37
GWETTOP,1995,3.5,35.0,0.21,0.25,0.3,0.34,0.39,0.33,0.34,0.29,0.32,0.3,0.35,0.31,0.31
GWETTOP,1995,3.5,35.625,0.13,0.24,0.26,0.3,0.36,0.23,0.22,0.19,0.25,0.22,0.27,0.23,0.24
GWETTOP,1995,3.5,36.25,0.14,0.26,0.3,0.33,0.35,0.21,0.17,0.14,0.19,0.23,0.29,0.24,0.24
GWETTOP,1995,3.5,36.875,0.24,0.28,0.34,0.38,0.38,0.31,0.19,0.15,0.19,0.25,0.33,0.27,0.28
GWETTOP,1995,3.5,37.5,0.21,0.3,0.38,0.43,0.44,0.3,0.23,0.19,0.22,0.29,0.36,0.3,0.3
GWETTOP,1995,3.5,38.125,0.31,0.33,0.42,0.47,0.5,0.39,0.34,0.31,0.25,0.33,0.37,0.33,0.36
GWETTOP,1995,3.5,38.75,0.3,0.31,0.41,0.48,0.52,0.4,0.36,0.35,0.3,0.36,0.39,0.33,0.38
GWETTOP,1995,3.5,39.375,0.34,0.33,0.43,0.53,0.59,0.44,0.41,0.4,0.34,0.4,0.44,0.37,0.42
GWETTOP,1995,3.5,40.0,0.3,0.32,0.42,0.51,0.53,0.39,0.33,0.34,0.28,0.37,0.44,0.36,0.38
GWETTOP,1995,3.5,40.625,0.28,0.38,0.5,0.6,0.58,0.39,0.26,0.31,0.27,0.43,0.55,0.38,0.41
GWETTOP,1995,3.5,41.25,0.25,0.27,0.35,0.44,0.41,0.28,0.22,0.22,0.21,0.31,0.38,0.28,0.3
GWETTOP,1995,3.5,41.875,0.22,0.19,0.24,0.35,0.33,0.23,0.18,0.17,0.16,0.25,0.29,0.22,0.24
GWETTOP,1995,4.0,34.375,0.27,0.31,0.41,0.46,0.53,0.46,0.52,0.43,0.43,0.45,0.51,0.41,0.43
GWETTOP,1995,4.0,35.0,0.22,0.29,0.36,0.42,0.49,0.37,0.39,0.28,0.34,0.34,0.4,0.3,0.35
GWETTOP,1995,4.0,35.625,0.18,0.26,0.29,0.34,0.4,0.32,0.28,0.21,0.27,0.25,0.3,0.23,0.28
GWETTOP,1995,4.0,36.25,0.13,0.26,0.31,0.36,0.4,0.3,0.21,0.15,0.23,0.26,0.29,0.21,0.26
GWETTOP,1995,4.0,36.875,0.2,0.28,0.35,0.41,0.43,0.36,0.29,0.18,0.26,0.31,0.33,0.23,0.3
GWETTOP,1995,4.0,37.5,0.2,0.3,0.38,0.44,0.46,0.38,0.3,0.21,0.28,0.34,0.35,0.25,0.32
GWETTOP,1995,4.0,38.125,0.3,0.33,0.44,0.54,0.56,0.46,0.41,0.37,0.37,0.45,0.45,0.35,0.42
GWETTOP,1995,4.0,38.75,0.36,0.4,0.57,0.66,0.69,0.61,0.49,0.45,0.43,0.56,0.59,0.41,0.52
GWETTOP,1995,4.0,39.375,0.44,0.37,0.58,0.71,0.74,0.62,0.51,0.46,0.41,0.58,0.63,0.5,0.55
GWETTOP,1995,4.0,40.0,0.33,0.32,0.47,0.61,0.61,0.46,0.37,0.35,0.31,0.46,0.51,0.42,0.44
GWETTOP,1995,4.0,40.625,0.31,0.36,0.51,0.63,0.61,0.42,0.27,0.3,0.28,0.47,0.57,0.42,0.43
GWETTOP,1995,4.0,41.25,0.31,0.28,0.35,0.46,0.43,0.33,0.24,0.2,0.2,0.33,0.4,0.33,0.32
GWETTOP,1995,4.0,41.875,0.3,0.22,0.27,0.38,0.39,0.31,0.22,0.17,0.16,0.29,0.35,0.29,0.28
GWETTOP,1995,4.5,34.375,0.26,0.38,0.47,0.57,0.59,0.47,0.6,0.4,0.44,0.54,0.58,0.4,0.48
GWETTOP,1995,4.5,35.0,0.25,0.33,0.41,0.49,0.57,0.42,0.45,0.3,0.36,0.4,0.45,0.3,0.39
GWETTOP,1995,4.5,35.625,0.2,0.27,0.32,0.37,0.45,0.37,0.34,0.24,0.29,0.29,0.31,0.21,0.3
GWETTOP,1995,4.5,36.25,0.12,0.26,0.32,0.38,0.45,0.36,0.3,0.19,0.27,0.31,0.29,0.18,0.29
GWETTOP,1995,4.5,36.875,0.15,0.28,0.35,0.41,0.46,0.4,0.36,0.27,0.32,0.35,0.33,0.21,0.32
GWETTOP,1995,4.5,37.5,0.19,0.39,0.47,0.54,0.59,0.52,0.42,0.31,0.45,0.51,0.43,0.27,0.42
GWETTOP,1995,4.5,38.125,0.35,0.41,0.56,0.65,0.66,0.59,0.48,0.39,0.49,0.59,0.58,0.42,0.51
GWETTOP,1995,4.5,38.75,0.34,0.38,0.53,0.62,0.63,0.56,0.45,0.38,0.44,0.55,0.57,0.39,0.49
GWETTOP,1995,4.5,39.375,0.33,0.29,0.48,0.59,0.58,0.49,0.38,0.34,0.36,0.49,0.51,0.4,0.44
GWETTOP,1995,4.5,40.0,0.29,0.26,0.42,0.52,0.52,0.42,0.33,0.31,0.33,0.43,0.45,0.37,0.39
GWETTOP,1995,4.5,40.625,0.28,0.27,0.4,0.52,0.5,0.39,0.28,0.26,0.27,0.41,0.46,0.38,0.37
GWETTOP,1995,4.5,41.25,0.32,0.28,0.35,0.48,0.47,0.36,0.3,0.23,0.22,0.35,0.42,0.35,0.34
GWETTOP,1995,4.5,41.875,0.31,0.21,0.28,0.41,0.43,0.33,0.21,0.18,0.18,0.32,0.39,0.32,0.3
GWETTOP,1996,-0.5,34.375,0.58,0.55,0.63,0.83,0.83,0.81,0.73,0.61,0.72,0.68,0.65,0.69,0.69
GWETTOP,1996,-0.5,35.0,0.51,0.5,0.57,0.7,0.64,0.67,0.66,0.62,0.67,0.61,0.57,0.61,0.61
GWETTOP,1996,-0.5,35.625,0.49,0.48,0.49,0.54,0.51,0.57,0.58,0.56,0.58,0.53,0.53,0.53,0.53
GWETTOP,1996,-0.5,36.25,0.44,0.46,0.45,0.49,0.48,0.52,0.54,0.51,0.51,0.46,0.49,0.45,0.48
GWETTOP,1996,-0.5,36.875,0.52,0.52,0.54,0.56,0.56,0.57,0.57,0.53,0.51,0.47,0.57,0.51,0.54
GWETTOP,1996,-0.5,37.5,0.54,0.54,0.56,0.58,0.56,0.57,0.57,0.53,0.52,0.49,0.58,0.55,0.55
GWETTOP,1996,-0.5,38.125,0.48,0.43,0.51,0.5,0.43,0.42,0.36,0.32,0.31,0.29,0.57,0.53,0.43
GWETTOP,1996,-0.5,38.75,0.4,0.35,0.45,0.43,0.37,0.38,0.33,0.28,0.28,0.26,0.53,0.45,0.38
GWETTOP,1996,-0.5,39.375,0.34,0.28,0.37,0.41,0.4,0.37,0.34,0.3,0.31,0.28,0.46,0.4,0.36
GWETTOP,1996,-0.5,40.0,0.38,0.31,0.39,0.45,0.45,0.43,0.39,0.35,0.36,0.32,0.49,0.46,0.4
GWETTOP,1996,-0.5,40.625,0.39,0.3,0.4,0.48,0.53,0.54,0.51,0.47,0.49,0.44,0.55,0.52,0.47
GWETTOP,1996,-0.5,41.25,0.39,0.3,0.41,0.49,0.54,0.54,0.5,0.47,0.5,0.46,0.55,0.53,0.47
GWETTOP,1996,-0.5,41.875,0.38,0.28,0.4,0.47,0.52,0.55,0.52,0.49,0.5,0.45,0.52,0.49,0.46
GWETTOP,1996,-1.0,34.375,0.54,0.55,0.57,0.65,0.55,0.52,0.49,0.48,0.55,0.51,0.52,0.55,0.54
GWETTOP,1996,-1.0,35.0,0.57,0.61,0.62,0.7,0.6,0.59,0.56,0.54,0.58,0.53,0.53,0.57,0.58
GWETTOP,1996,-1.0,35.625,0.5,0.54,0.54,0.63,0.55,0.56,0.55,0.51,0.52,0.48,0.49,0.5,0.53
GWETTOP,1996,-1.0,36.25,0.39,0.42,0.42,0.51,0.47,0.5,0.51,0.46,0.45,0.39,0.41,0.39,0.44
GWETTOP,1996,-1.0,36.875,0.53,0.53,0.53,0.57,0.53,0.52,0.51,0.47,0.41,0.39,0.53,0.53,0.5
GWETTOP,1996,-1.0,37.5,0.53,0.53,0.54,0.58,0.55,0.54,0.54,0.48,0.45,0.43,0.54,0.52,0.52
GWETTOP,1996,-1.0,38.125,0.45,0.42,0.55,0.5,0.43,0.4,0.37,0.34,0.34,0.31,0.6,0.49,0.43
GWETTOP,1996,-1.0,38.75,0.39,0.35,0.51,0.46,0.39,0.36,0.34,0.31,0.31,0.29,0.58,0.44,0.39
GWETTOP,1996,-1.0,39.375,0.32,0.28,0.44,0.47,0.47,0.39,0.37,0.32,0.36,0.33,0.56,0.42,0.39
GWETTOP,1996,-1.0,40.0,0.39,0.33,0.48,0.54,0.52,0.47,0.42,0.38,0.4,0.38,0.59,0.51,0.45
GWETTOP,1996,-1.0,40.625,0.4,0.31,0.44,0.5,0.55,0.57,0.54,0.5,0.52,0.48,0.57,0.55,0.49
GWETTOP,1996,-1.0,41.25,0.43,0.33,0.43,0.49,0.55,0.56,0.53,0.5,0.52,0.49,0.57,0.55,0.5
GWETTOP,1996,-1.0,41.875,0.35,0.28,0.35,0.4,0.46,0.49,0.45,0.43,0.44,0.4,0.45,0.42,0.41
GWETTOP,1996,-1.5,34.375,0.63,0.65,0.64,0.7,0.58,0.51,0.41,0.4,0.59,0.46,0.4,0.59,0.55
GWETTOP,1996,-1.5,35.0,0.59,0.66,0.64,0.74,0.6,0.56,0.48,0.42,0.51,0.38,0.43,0.54,0.55
GWETTOP,1996,-1.5,35.625,0.5,0.56,0.56,0.7,0.57,0.54,0.51,0.48,0.45,0.35,0.44,0.47,0.51
GWETTOP,1996,-1.5,36.25,0.38,0.4,0.4,0.45,0.43,0.42,0.4,0.36,0.33,0.26,0.37,0.33,0.38
GWETTOP,1996,-1.5,36.875,0.61,0.62,0.62,0.64,0.62,0.58,0.51,0.35,0.4,0.39,0.6,0.59,0.54
GWETTOP,1996,-1.5,37.5,0.51,0.5,0.53,0.57,0.5,0.48,0.46,0.39,0.37,0.38,0.52,0.53,0.48
GWETTOP,1996,-1.5,38.125,0.46,0.44,0.51,0.52,0.46,0.44,0.43,0.42,0.4,0.37,0.52,0.49,0.45
GWETTOP,1996,-1.5,38.75,0.4,0.37,0.5,0.5,0.43,0.37,0.36,0.33,0.34,0.33,0.55,0.46,0.41
GWETTOP,1996,-1.5,39.375,0.35,0.31,0.47,0.5,0.47,0.4,0.38,0.33,0.35,0.34,0.54,0.43,0.41
GWETTOP,1996,-1.5,40.0,0.4,0.33,0.51,0.59,0.58,0.56,0.53,0.46,0.5,0.45,0.62,0.55,0.51
GWETTOP,1996,-1.5,40.625,0.43,0.34,0.48,0.53,0.57,0.59,0.56,0.52,0.55,0.51,0.59,0.57,0.52
GWETTOP,1996,-1.5,41.25,0.46,0.34,0.46,0.51,0.56,0.59,0.54,0.51,0.53,0.5,0.58,0.58,0.51
GWETTOP,1996,-1.5,41.875,0.63,0.61,0.63,0.65,0.69,0.71,0.67,0.66,0.67,0.65,0.68,0.67,0.66
GWETTOP,1996,-1.7975103014118005e-13,34.375,0.55,0.51,0.59,0.76,0.78,0.77,0.72,0.64,0.71,0.69,0.65,0.62,0.67
GWETTOP,1996,-1.7975103014118005e-13,35.0,0.61,0.54,0.59,0.7,0.72,0.75,0.75,0.74,0.79,0.76,0.71,0.68,0.7
GWETTOP,1996,-1.7975103014118005e-13,35.625,0.6,0.54,0.52,0.57,0.58,0.64,0.66,0.67,0.7,0.66,0.63,0.6,0.61
GWETTOP,1996,-1.7975103014118005e-13,36.25,0.43,0.43,0.4,0.46,0.46,0.55,0.57,0.57,0.56,0.48,0.48,0.45,0.49
GWETTOP,1996,-1.7975103014118005e-13,36.875,0.46,0.48,0.47,0.52,0.49,0.54,0.54,0.52,0.49,0.44,0.49,0.46,0.49
GWETTOP,1996,-1.7975103014118005e-13,37.5,0.53,0.51,0.52,0.57,0.53,0.57,0.56,0.54,0.52,0.47,0.56,0.55,0.54
GWETTOP,1996,-1.7975103014118005e-13,38.125,0.45,0.4,0.45,0.45,0.39,0.4,0.35,0.3,0.29,0.26,0.5,0.49,0.39
GWETTOP,1996,-1.7975103014118005e-13,38.75,0.37,0.32,0.36,0.38,0.35,0.35,0.3,0.25,0.25,0.22,0.43,0.4,0.33
GWETTOP,1996,-1.7975103014118005e-13,39.375,0.33,0.26,0.31,0.37,0.37,0.34,0.31,0.25,0.26,0.23,0.38,0.35,0.31
GWETTOP,1996,-1.7975103014118005e-13,40.0,0.35,0.28,0.32,0.38,0.4,0.37,0.35,0.31,0.3,0.26,0.39,0.38,0.34
GWETTOP,1996,-1.7975103014118005e-13,40.625,0.35,0.26,0.36,0.45,0.48,0.46,0.42,0.38,0.39,0.34,0.45,0.43,0.4
GWETTOP,1996,-1.7975103014118005e-13,41.25,0.35,0.27,0.39,0.48,0.5,0.48,0.44,0.4,0.42,0.38,0.48,0.44,0.42
GWETTOP,1996,-1.7975103014118005e-13,41.875,0.39,0.27,0.42,0.51,0.54,0.54,0.49,0.46,0.46,0.41,0.51,0.48,0.46
GWETTOP,1996,-2.0,34.375,0.64,0.67,0.65,0.7,0.56,0.45,0.37,0.36,0.52,0.35,0.34,0.56,0.51
GWETTOP,1996,-2.0,35.0,0.58,0.67,0.64,0.76,0.62,0.57,0.45,0.36,0.41,0.33,0.45,0.52,0.53
GWETTOP,1996,-2.0,35.625,0.5,0.57,0.58,0.72,0.6,0.56,0.52,0.41,0.36,0.31,0.45,0.49,0.51
GWETTOP,1996,-2.0,36.25,0.32,0.34,0.33,0.39,0.35,0.3,0.26,0.18,0.19,0.17,0.29,0.28,0.28
GWETTOP,1996,-2.0,36.875,0.57,0.59,0.6,0.63,0.59,0.47,0.38,0.28,0.32,0.34,0.55,0.57,0.49
GWETTOP,1996,-2.0,37.5,0.5,0.51,0.52,0.57,0.5,0.45,0.37,0.29,0.32,0.33,0.5,0.53,0.45
GWETTOP,1996,-2.0,38.125,0.43,0.42,0.47,0.49,0.44,0.41,0.38,0.36,0.34,0.34,0.47,0.47,0.42
GWETTOP,1996,-2.0,38.75,0.41,0.39,0.52,0.54,0.48,0.4,0.38,0.37,0.35,0.36,0.55,0.48,0.44
GWETTOP,1996,-2.0,39.375,0.4,0.36,0.53,0.58,0.55,0.49,0.46,0.41,0.41,0.4,0.57,0.49,0.47
GWETTOP,1996,-2.0,40.0,0.37,0.33,0.51,0.56,0.56,0.52,0.5,0.45,0.47,0.43,0.56,0.51,0.48
GWETTOP,1996,-2.0,40.625,0.42,0.35,0.49,0.54,0.58,0.58,0.55,0.51,0.53,0.49,0.58,0.55,0.51
GWETTOP,1996,-2.0,41.25,0.45,0.39,0.46,0.49,0.53,0.54,0.51,0.49,0.51,0.48,0.53,0.5,0.49
GWETTOP,1996,-2.0,41.875,0.67,0.65,0.67,0.69,0.72,0.72,0.7,0.69,0.7,0.68,0.71,0.69,0.69
GWETTOP,1996,-2.5,34.375,0.52,0.59,0.57,0.63,0.51,0.44,0.31,0.27,0.39,0.26,0.31,0.5,0.44
GWETTOP,1996,-2.5,35.0,0.49,0.57,0.57,0.69,0.56,0.51,0.41,0.26,0.3,0.24,0.38,0.5,0.46
GWETTOP,1996,-2.5,35.625,0.43,0.5,0.52,0.62,0.53,0.5,0.37,0.23,0.22,0.2,0.37,0.47,0.41
GWETTOP,1996,-2.5,36.25,0.35,0.38,0.39,0.46,0.42,0.34,0.28,0.18,0.16,0.15,0.3,0.38,0.32
GWETTOP,1996,-2.5,36.875,0.5,0.54,0.56,0.61,0.56,0.45,0.34,0.23,0.23,0.24,0.48,0.6,0.44
GWETTOP,1996,-2.5,37.5,0.51,0.52,0.55,0.59,0.56,0.5,0.37,0.29,0.26,0.25,0.49,0.59,0.46
GWETTOP,1996,-2.5,38.125,0.5,0.47,0.52,0.54,0.53,0.48,0.4,0.37,0.32,0.31,0.5,0.54,0.46
GWETTOP,1996,-2.5,38.75,0.43,0.43,0.54,0.56,0.53,0.45,0.39,0.39,0.35,0.34,0.54,0.51,0.45
GWETTOP,1996,-2.5,39.375,0.48,0.45,0.61,0.68,0.68,0.63,0.59,0.54,0.49,0.45,0.63,0.58,0.57
GWETTOP,1996,-2.5,40.0,0.37,0.35,0.45,0.49,0.54,0.47,0.44,0.4,0.39,0.36,0.46,0.41,0.43
GWETTOP,1996,-2.5,40.625,0.51,0.48,0.54,0.57,0.65,0.62,0.58,0.54,0.55,0.52,0.58,0.54,0.56
GWETTOP,1996,-2.5,41.25,1.0,1.0,1.0,1.0,1.0,1.0,1.0,1.0,1.0,1.0,1.0,1.0,1.0
GWETTOP,1996,-2.5,41.875,1.0,1.0,1.0,1.0,1.0,1.0,1.0,1.0,1.0,1.0,1.0,1.0,1.0
GWETTOP,1996,-3.0,34.375,0.5,0.59,0.58,0.63,0.52,0.47,0.32,0.22,0.33,0.2,0.32,0.49,0.43
GWETTOP,1996,-3.0,35.0,0.47,0.56,0.57,0.68,0.55,0.5,0.43,0.23,0.26,0.19,0.34,0.49,0.44
GWETTOP,1996,-3.0,35.625,0.44,0.53,0.56,0.7,0.61,0.55,0.5,0.45,0.29,0.21,0.37,0.49,0.47
GWETTOP,1996,-3.0,36.25,0.42,0.49,0.57,0.62,0.6,0.57,0.47,0.24,0.2,0.17,0.33,0.54,0.43
GWETTOP,1996,-3.0,36.875,0.57,0.59,0.61,0.67,0.69,0.66,0.61,0.54,0.34,0.24,0.49,0.66,0.56
GWETTOP,1996,-3.0,37.5,0.47,0.48,0.51,0.56,0.59,0.57,0.51,0.46,0.39,0.24,0.4,0.54,0.48
GWETTOP,1996,-3.0,38.125,0.49,0.48,0.51,0.52,0.54,0.49,0.45,0.43,0.35,0.29,0.45,0.52,0.46
GWETTOP,1996,-3.0,38.75,0.4,0.43,0.52,0.55,0.56,0.47,0.4,0.43,0.34,0.31,0.5,0.49,0.45
GWETTOP,1996,-3.0,39.375,0.46,0.47,0.6,0.67,0.71,0.64,0.6,0.57,0.47,0.41,0.59,0.52,0.56
GWETTOP,1996,-3.0,40.0,0.37,0.36,0.42,0.47,0.55,0.47,0.44,0.39,0.37,0.33,0.41,0.37,0.41
GWETTOP,1996,-3.0,40.625,0.76,0.76,0.77,0.8,0.85,0.84,0.81,0.77,0.76,0.75,0.77,0.76,0.78
GWETTOP,1996,-3.0,41.25,1.0,1.0,1.0,1.0,1.0,1.0,1.0,1.0,1.0,1.0,1.0,1.0,1.0
GWETTOP,1996,-3.0,41.875,1.0,1.0,1.0,1.0,1.0,1.0,1.0,1.0,1.0,1.0,1.0,1.0,1.0
GWETTOP,1996,-3.5,34.375,0.51,0.6,0.57,0.62,0.5,0.43,0.26,0.18,0.27,0.18,0.31,0.48,0.41
GWETTOP,1996,-3.5,35.0,0.47,0.56,0.55,0.63,0.52,0.47,0.39,0.23,0.23,0.18,0.33,0.45,0.42
GWETTOP,1996,-3.5,35.625,0.41,0.51,0.53,0.62,0.55,0.51,0.49,0.41,0.29,0.21,0.36,0.45,0.44
GWETTOP,1996,-3.5,36.25,0.35,0.42,0.52,0.58,0.55,0.51,0.45,0.26,0.19,0.16,0.34,0.44,0.4
GWETTOP,1996,-3.5,36.875,0.32,0.4,0.49,0.57,0.59,0.55,0.51,0.45,0.27,0.2,0.38,0.47,0.43
GWETTOP,1996,-3.5,37.5,0.32,0.38,0.46,0.52,0.55,0.52,0.5,0.46,0.32,0.22,0.38,0.44,0.42
GWETTOP,1996,-3.5,38.125,0.38,0.41,0.49,0.53,0.55,0.47,0.44,0.44,0.35,0.29,0.45,0.45,0.44
GWETTOP,1996,-3.5,38.75,0.41,0.43,0.52,0.56,0.57,0.49,0.46,0.48,0.41,0.35,0.48,0.48,0.47
GWETTOP,1996,-3.5,39.375,0.4,0.43,0.58,0.66,0.7,0.63,0.61,0.58,0.47,0.39,0.56,0.46,0.54
GWETTOP,1996,-3.5,40.0,0.49,0.5,0.58,0.63,0.67,0.61,0.58,0.56,0.51,0.47,0.56,0.52,0.56
GWETTOP,1996,-3.5,40.625,0.92,0.92,0.92,0.93,0.95,0.95,0.94,0.93,0.92,0.92,0.92,0.92,0.93
GWETTOP,1996,-3.5,41.25,1.0,1.0,1.0,1.0,1.0,1.0,1.0,1.0,1.0,1.0,1.0,1.0,1.0
GWETTOP,1996,-3.5,41.875,1.0,1.0,1.0,1.0,1.0,1.0,1.0,1.0,1.0,1.0,1.0,1.0,1.0
GWETTOP,1996,-4.0,34.375,0.51,0.6,0.55,0.58,0.49,0.41,0.28,0.2,0.24,0.19,0.28,0.47,0.4
GWETTOP,1996,-4.0,35.0,0.54,0.62,0.59,0.66,0.57,0.51,0.43,0.3,0.27,0.25,0.36,0.48,0.46
GWETTOP,1996,-4.0,35.625,0.46,0.54,0.55,0.62,0.56,0.53,0.51,0.45,0.37,0.29,0.39,0.44,0.48
GWETTOP,1996,-4.0,36.25,0.38,0.45,0.5,0.56,0.53,0.49,0.46,0.32,0.24,0.2,0.36,0.38,0.41
GWETTOP,1996,-4.0,36.875,0.38,0.43,0.5,0.56,0.56,0.51,0.49,0.43,0.3,0.24,0.4,0.43,0.44
GWETTOP,1996,-4.0,37.5,0.35,0.42,0.51,0.56,0.56,0.51,0.49,0.42,0.32,0.27,0.42,0.42,0.44
GWETTOP,1996,-4.0,38.125,0.33,0.42,0.56,0.61,0.61,0.51,0.47,0.48,0.36,0.3,0.48,0.44,0.46
GWETTOP,1996,-4.0,38.75,0.34,0.41,0.56,0.6,0.61,0.49,0.48,0.49,0.4,0.33,0.49,0.42,0.47
GWETTOP,1996,-4.0,39.375,0.32,0.35,0.49,0.59,0.62,0.53,0.5,0.45,0.4,0.34,0.45,0.36,0.45
GWETTOP,1996,-4.0,40.0,0.5,0.51,0.6,0.63,0.65,0.58,0.55,0.54,0.51,0.49,0.55,0.51,0.55
GWETTOP,1996,-4.0,40.625,1.0,1.0,1.0,1.0,1.0,1.0,1.0,1.0,1.0,1.0,1.0,1.0,1.0
GWETTOP,1996,-4.0,41.25,1.0,1.0,1.0,1.0,1.0,1.0,1.0,1.0,1.0,1.0,1.0,1.0,1.0
GWETTOP,1996,-4.0,41.875,1.0,1.0,1.0,1.0,1.0,1.0,1.0,1.0,1.0,1.0,1.0,1.0,1.0
GWETTOP,1996,-4.5,34.375,0.47,0.55,0.5,0.53,0.46,0.39,0.35,0.29,0.26,0.26,0.27,0.43,0.4
GWETTOP,1996,-4.5,35.0,0.5,0.62,0.55,0.62,0.53,0.46,0.42,0.35,0.32,0.31,0.34,0.43,0.45
GWETTOP,1996,-4.5,35.625,0.42,0.52,0.49,0.58,0.5,0.45,0.43,0.4,0.34,0.29,0.35,0.37,0.43
GWETTOP,1996,-4.5,36.25,0.41,0.48,0.49,0.55,0.51,0.47,0.45,0.33,0.28,0.25,0.37,0.36,0.41
GWETTOP,1996,-4.5,36.875,0.42,0.46,0.51,0.57,0.55,0.49,0.48,0.42,0.34,0.3,0.41,0.43,0.45
GWETTOP,1996,-4.5,37.5,0.4,0.45,0.52,0.58,0.56,0.51,0.5,0.45,0.36,0.31,0.42,0.42,0.46
GWETTOP,1996,-4.5,38.125,0.43,0.49,0.65,0.69,0.7,0.66,0.62,0.6,0.5,0.41,0.53,0.5,0.57
GWETTOP,1996,-4.5,38.75,0.42,0.47,0.63,0.68,0.69,0.64,0.6,0.59,0.51,0.42,0.52,0.49,0.56
GWETTOP,1996,-4.5,39.375,0.36,0.37,0.49,0.54,0.56,0.47,0.44,0.42,0.39,0.36,0.41,0.37,0.43
GWETTOP,1996,-4.5,40.0,0.95,0.95,0.95,0.96,0.96,0.95,0.95,0.95,0.95,0.95,0.95,0.95,0.95
GWETTOP,1996,-4.5,40.625,1.0,1.0,1.0,1.0,1.0,1.0,1.0,1.0,1.0,1.0,1.0,1.0,1.0
GWETTOP,1996,-4.5,41.25,1.0,1.0,1.0,1.0,1.0,1.0,1.0,1.0,1.0,1.0,1.0,1.0,1.0
GWETTOP,1996,-4.5,41.875,1.0,1.0,1.0,1.0,1.0,1.0,1.0,1.0,1.0,1.0,1.0,1.0,1.0
GWETTOP,1996,0.5,34.375,0.55,0.5,0.54,0.62,0.65,0.66,0.63,0.65,0.7,0.69,0.65,0.58,0.62
GWETTOP,1996,0.5,35.0,0.65,0.57,0.55,0.6,0.65,0.71,0.72,0.75,0.8,0.78,0.73,0.66,0.68
GWETTOP,1996,0.5,35.625,0.45,0.41,0.42,0.47,0.53,0.61,0.63,0.66,0.7,0.62,0.55,0.46,0.54
GWETTOP,1996,0.5,36.25,0.34,0.33,0.31,0.35,0.38,0.5,0.54,0.57,0.54,0.43,0.41,0.36,0.42
GWETTOP,1996,0.5,36.875,0.51,0.49,0.47,0.49,0.44,0.58,0.6,0.6,0.56,0.43,0.51,0.51,0.52
GWETTOP,1996,0.5,37.5,0.4,0.39,0.39,0.4,0.35,0.42,0.41,0.4,0.36,0.29,0.41,0.41,0.39
GWETTOP,1996,0.5,38.125,0.38,0.34,0.35,0.37,0.34,0.35,0.33,0.27,0.25,0.22,0.41,0.4,0.33
GWETTOP,1996,0.5,38.75,0.37,0.31,0.32,0.36,0.34,0.33,0.27,0.2,0.21,0.19,0.38,0.38,0.3
GWETTOP,1996,0.5,39.375,0.35,0.25,0.29,0.4,0.39,0.35,0.29,0.21,0.24,0.21,0.37,0.38,0.31
GWETTOP,1996,0.5,40.0,0.34,0.22,0.29,0.42,0.41,0.38,0.33,0.25,0.26,0.21,0.35,0.37,0.32
GWETTOP,1996,0.5,40.625,0.33,0.21,0.32,0.45,0.45,0.4,0.35,0.3,0.29,0.24,0.36,0.37,0.34
GWETTOP,1996,0.5,41.25,0.34,0.28,0.36,0.46,0.46,0.43,0.38,0.35,0.35,0.31,0.41,0.37,0.38
GWETTOP,1996,0.5,41.875,0.35,0.26,0.39,0.49,0.5,0.48,0.42,0.39,0.37,0.31,0.43,0.4,0.4
GWETTOP,1996,1.0,34.375,0.72,0.65,0.64,0.68,0.72,0.77,0.76,0.78,0.83,0.84,0.8,0.75,0.75
GWETTOP,1996,1.0,35.0,0.69,0.56,0.55,0.58,0.66,0.77,0.79,0.82,0.84,0.82,0.77,0.69,0.71
GWETTOP,1996,1.0,35.625,0.37,0.31,0.35,0.42,0.48,0.61,0.63,0.67,0.65,0.48,0.43,0.39,0.48
GWETTOP,1996,1.0,36.25,0.32,0.3,0.28,0.27,0.29,0.4,0.46,0.48,0.44,0.33,0.36,0.33,0.36
GWETTOP,1996,1.0,36.875,0.38,0.37,0.37,0.36,0.34,0.4,0.44,0.45,0.41,0.35,0.39,0.38,0.39
GWETTOP,1996,1.0,37.5,0.39,0.36,0.38,0.38,0.33,0.36,0.37,0.34,0.28,0.21,0.38,0.38,0.35
GWETTOP,1996,1.0,38.125,0.35,0.31,0.33,0.34,0.29,0.31,0.28,0.21,0.18,0.15,0.37,0.35,0.29
GWETTOP,1996,1.0,38.75,0.36,0.29,0.32,0.36,0.33,0.3,0.23,0.18,0.18,0.17,0.38,0.36,0.29
GWETTOP,1996,1.0,39.375,0.36,0.22,0.3,0.41,0.38,0.33,0.25,0.18,0.22,0.21,0.37,0.38,0.3
GWETTOP,1996,1.0,40.0,0.34,0.2,0.3,0.43,0.4,0.36,0.32,0.22,0.24,0.21,0.34,0.36,0.31
GWETTOP,1996,1.0,40.625,0.34,0.19,0.33,0.47,0.45,0.41,0.34,0.27,0.25,0.21,0.35,0.39,0.33
GWETTOP,1996,1.0,41.25,0.39,0.24,0.37,0.5,0.5,0.47,0.41,0.33,0.31,0.26,0.41,0.43,0.39
GWETTOP,1996,1.0,41.875,0.31,0.19,0.34,0.44,0.46,0.44,0.37,0.32,0.31,0.26,0.39,0.38,0.35
GWETTOP,1996,1.5,34.375,0.41,0.35,0.43,0.47,0.57,0.65,0.6,0.61,0.64,0.59,0.52,0.42,0.52
GWETTOP,1996,1.5,35.0,0.4,0.33,0.39,0.43,0.51,0.64,0.62,0.62,0.59,0.51,0.46,0.4,0.49
GWETTOP,1996,1.5,35.625,0.27,0.2,0.29,0.34,0.38,0.44,0.46,0.45,0.41,0.33,0.33,0.28,0.35
GWETTOP,1996,1.5,36.25,0.24,0.22,0.27,0.23,0.25,0.36,0.39,0.38,0.32,0.2,0.29,0.25,0.28
GWETTOP,1996,1.5,36.875,0.38,0.37,0.39,0.41,0.36,0.37,0.38,0.36,0.31,0.23,0.37,0.37,0.36
GWETTOP,1996,1.5,37.5,0.36,0.33,0.35,0.37,0.31,0.34,0.34,0.31,0.25,0.18,0.36,0.35,0.32
GWETTOP,1996,1.5,38.125,0.35,0.3,0.36,0.36,0.32,0.31,0.26,0.21,0.18,0.17,0.4,0.35,0.3
GWETTOP,1996,1.5,38.75,0.4,0.27,0.39,0.43,0.35,0.35,0.27,0.22,0.22,0.21,0.47,0.41,0.33
GWETTOP,1996,1.5,39.375,0.37,0.25,0.34,0.45,0.4,0.35,0.3,0.21,0.22,0.21,0.38,0.38,0.32
GWETTOP,1996,1.5,40.0,0.37,0.21,0.33,0.45,0.41,0.36,0.28,0.2,0.22,0.22,0.38,0.39,0.32
GWETTOP,1996,1.5,40.625,0.38,0.2,0.38,0.55,0.49,0.45,0.33,0.26,0.25,0.22,0.4,0.44,0.36
GWETTOP,1996,1.5,41.25,0.33,0.18,0.3,0.41,0.4,0.39,0.34,0.29,0.25,0.21,0.35,0.36,0.32
GWETTOP,1996,1.5,41.875,0.27,0.14,0.33,0.43,0.44,0.43,0.35,0.29,0.28,0.25,0.39,0.39,0.33
GWETTOP,1996,2.0,34.375,0.31,0.26,0.36,0.34,0.47,0.54,0.5,0.51,0.5,0.43,0.41,0.29,0.41
GWETTOP,1996,2.0,35.0,0.32,0.22,0.34,0.36,0.42,0.5,0.48,0.46,0.43,0.36,0.37,0.29,0.38
GWETTOP,1996,2.0,35.625,0.21,0.17,0.27,0.31,0.32,0.38,0.39,0.36,0.32,0.21,0.28,0.22,0.29
GWETTOP,1996,2.0,36.25,0.23,0.19,0.29,0.26,0.23,0.33,0.33,0.26,0.2,0.14,0.28,0.22,0.25
GWETTOP,1996,2.0,36.875,0.36,0.33,0.38,0.41,0.35,0.34,0.33,0.27,0.21,0.17,0.37,0.35,0.32
GWETTOP,1996,2.0,37.5,0.36,0.32,0.37,0.4,0.34,0.33,0.29,0.21,0.18,0.17,0.36,0.35,0.31
GWETTOP,1996,2.0,38.125,0.4,0.3,0.4,0.43,0.37,0.33,0.28,0.21,0.2,0.21,0.43,0.4,0.33
GWETTOP,1996,2.0,38.75,0.39,0.29,0.4,0.42,0.37,0.35,0.3,0.22,0.21,0.21,0.42,0.38,0.33
GWETTOP,1996,2.0,39.375,0.36,0.24,0.37,0.46,0.41,0.36,0.32,0.21,0.21,0.23,0.38,0.36,0.33
GWETTOP,1996,2.0,40.0,0.38,0.24,0.39,0.49,0.44,0.39,0.32,0.22,0.23,0.24,0.4,0.39,0.34
GWETTOP,1996,2.0,40.625,0.38,0.2,0.51,0.65,0.59,0.51,0.32,0.3,0.31,0.29,0.51,0.52,0.42
GWETTOP,1996,2.0,41.25,0.35,0.19,0.42,0.52,0.47,0.42,0.32,0.27,0.25,0.23,0.4,0.41,0.35
GWETTOP,1996,2.0,41.875,0.27,0.17,0.4,0.52,0.52,0.51,0.32,0.29,0.29,0.27,0.47,0.41,0.37
GWETTOP,1996,2.5,34.375,0.33,0.25,0.36,0.34,0.44,0.53,0.47,0.45,0.39,0.35,0.37,0.28,0.38
GWETTOP,1996,2.5,35.0,0.3,0.21,0.32,0.34,0.38,0.46,0.46,0.42,0.39,0.34,0.35,0.26,0.35
GWETTOP,1996,2.5,35.625,0.21,0.16,0.26,0.29,0.3,0.38,0.39,0.36,0.34,0.22,0.27,0.2,0.28
GWETTOP,1996,2.5,36.25,0.23,0.18,0.29,0.29,0.22,0.34,0.31,0.2,0.19,0.14,0.27,0.2,0.24
GWETTOP,1996,2.5,36.875,0.31,0.25,0.36,0.37,0.32,0.31,0.27,0.18,0.17,0.15,0.32,0.29,0.27
GWETTOP,1996,2.5,37.5,0.33,0.25,0.39,0.42,0.34,0.31,0.24,0.17,0.17,0.18,0.36,0.31,0.29
GWETTOP,1996,2.5,38.125,0.36,0.23,0.42,0.44,0.39,0.36,0.29,0.2,0.21,0.22,0.39,0.35,0.32
GWETTOP,1996,2.5,38.75,0.34,0.22,0.41,0.44,0.4,0.36,0.29,0.2,0.2,0.23,0.39,0.33,0.32
GWETTOP,1996,2.5,39.375,0.33,0.18,0.39,0.47,0.42,0.37,0.33,0.23,0.22,0.26,0.37,0.33,0.33
GWETTOP,1996,2.5,40.0,0.34,0.2,0.42,0.53,0.48,0.42,0.34,0.28,0.24,0.28,0.39,0.35,0.36
GWETTOP,1996,2.5,40.625,0.31,0.19,0.47,0.57,0.53,0.44,0.29,0.26,0.27,0.29,0.45,0.4,0.37
GWETTOP,1996,2.5,41.25,0.2,0.15,0.31,0.36,0.33,0.26,0.2,0.19,0.19,0.21,0.3,0.21,0.24
GWETTOP,1996,2.5,41.875,0.21,0.15,0.28,0.35,0.36,0.32,0.25,0.21,0.21,0.23,0.33,0.24,0.26
GWETTOP,1996,3.0,34.375,0.35,0.25,0.41,0.44,0.48,0.58,0.56,0.5,0.44,0.37,0.4,0.29,0.42
GWETTOP,1996,3.0,35.0,0.29,0.17,0.31,0.34,0.37,0.46,0.45,0.38,0.33,0.26,0.31,0.26,0.33
GWETTOP,1996,3.0,35.625,0.22,0.15,0.25,0.27,0.27,0.38,0.37,0.3,0.22,0.17,0.24,0.19,0.25
GWETTOP,1996,3.0,36.25,0.25,0.16,0.3,0.31,0.25,0.32,0.25,0.14,0.13,0.14,0.25,0.19,0.22
GWETTOP,1996,3.0,36.875,0.26,0.17,0.33,0.34,0.29,0.3,0.23,0.14,0.13,0.15,0.27,0.21,0.24
GWETTOP,1996,3.0,37.5,0.24,0.15,0.36,0.36,0.3,0.27,0.17,0.13,0.13,0.16,0.29,0.2,0.23
GWETTOP,1996,3.0,38.125,0.28,0.16,0.42,0.46,0.42,0.37,0.31,0.2,0.2,0.23,0.35,0.28,0.31
GWETTOP,1996,3.0,38.75,0.28,0.16,0.46,0.51,0.48,0.42,0.33,0.23,0.23,0.27,0.38,0.28,0.34
GWETTOP,1996,3.0,39.375,0.27,0.14,0.39,0.47,0.45,0.39,0.34,0.28,0.25,0.29,0.35,0.27,0.32
GWETTOP,1996,3.0,40.0,0.28,0.15,0.41,0.52,0.49,0.42,0.34,0.29,0.27,0.31,0.37,0.3,0.35
GWETTOP,1996,3.0,40.625,0.24,0.18,0.39,0.47,0.45,0.37,0.26,0.22,0.23,0.28,0.36,0.28,0.31
GWETTOP,1996,3.0,41.25,0.2,0.15,0.31,0.37,0.36,0.27,0.21,0.19,0.2,0.24,0.3,0.22,0.25
GWETTOP,1996,3.0,41.875,0.2,0.12,0.27,0.33,0.34,0.29,0.25,0.17,0.17,0.23,0.29,0.23,0.24
GWETTOP,1996,3.5,34.375,0.35,0.28,0.39,0.44,0.44,0.54,0.51,0.42,0.35,0.34,0.37,0.34,0.4
GWETTOP,1996,3.5,35.0,0.28,0.16,0.34,0.38,0.37,0.45,0.42,0.35,0.28,0.24,0.32,0.27,0.32
GWETTOP,1996,3.5,35.625,0.22,0.14,0.29,0.32,0.29,0.37,0.35,0.23,0.2,0.18,0.25,0.19,0.25
GWETTOP,1996,3.5,36.25,0.23,0.15,0.32,0.34,0.3,0.33,0.25,0.15,0.14,0.17,0.26,0.18,0.24
GWETTOP,1996,3.5,36.875,0.24,0.15,0.36,0.37,0.35,0.34,0.26,0.16,0.15,0.19,0.28,0.19,0.25
GWETTOP,1996,3.5,37.5,0.26,0.16,0.4,0.44,0.39,0.37,0.3,0.2,0.19,0.23,0.32,0.21,0.29
GWETTOP,1996,3.5,38.125,0.25,0.14,0.42,0.49,0.49,0.43,0.37,0.32,0.28,0.3,0.34,0.25,0.34
GWETTOP,1996,3.5,38.75,0.25,0.14,0.41,0.49,0.5,0.44,0.38,0.34,0.33,0.34,0.36,0.25,0.35
GWETTOP,1996,3.5,39.375,0.29,0.15,0.42,0.53,0.54,0.47,0.42,0.37,0.36,0.38,0.4,0.31,0.39
GWETTOP,1996,3.5,40.0,0.26,0.15,0.4,0.51,0.49,0.42,0.34,0.3,0.29,0.34,0.39,0.3,0.35
GWETTOP,1996,3.5,40.625,0.26,0.19,0.47,0.59,0.56,0.44,0.27,0.22,0.26,0.36,0.46,0.32,0.37
GWETTOP,1996,3.5,41.25,0.21,0.17,0.34,0.4,0.39,0.28,0.21,0.19,0.2,0.27,0.33,0.24,0.27
GWETTOP,1996,3.5,41.875,0.16,0.11,0.25,0.3,0.3,0.23,0.17,0.13,0.13,0.2,0.26,0.17,0.2
GWETTOP,1996,4.0,34.375,0.4,0.3,0.49,0.59,0.54,0.59,0.54,0.46,0.33,0.38,0.48,0.37,0.46
GWETTOP,1996,4.0,35.0,0.31,0.19,0.42,0.5,0.47,0.52,0.48,0.34,0.29,0.26,0.39,0.27,0.37
GWETTOP,1996,4.0,35.625,0.22,0.15,0.32,0.37,0.35,0.39,0.36,0.29,0.24,0.21,0.27,0.21,0.28
GWETTOP,1996,4.0,36.25,0.2,0.14,0.33,0.36,0.34,0.35,0.29,0.18,0.17,0.21,0.25,0.16,0.25
GWETTOP,1996,4.0,36.875,0.21,0.14,0.35,0.39,0.38,0.38,0.34,0.24,0.2,0.25,0.27,0.17,0.28
GWETTOP,1996,4.0,37.5,0.22,0.14,0.38,0.42,0.42,0.41,0.35,0.26,0.23,0.28,0.3,0.18,0.3
GWETTOP,1996,4.0,38.125,0.28,0.16,0.43,0.51,0.54,0.5,0.45,0.38,0.39,0.41,0.41,0.29,0.4
GWETTOP,1996,4.0,38.75,0.32,0.21,0.54,0.65,0.66,0.63,0.59,0.43,0.47,0.5,0.51,0.31,0.49
GWETTOP,1996,4.0,39.375,0.32,0.21,0.53,0.66,0.67,0.63,0.55,0.41,0.46,0.52,0.58,0.38,0.49
GWETTOP,1996,4.0,40.0,0.27,0.16,0.45,0.55,0.55,0.48,0.39,0.27,0.32,0.41,0.46,0.32,0.39
GWETTOP,1996,4.0,40.625,0.28,0.19,0.47,0.6,0.57,0.46,0.29,0.22,0.27,0.4,0.49,0.36,0.38
GWETTOP,1996,4.0,41.25,0.23,0.14,0.34,0.41,0.4,0.33,0.25,0.17,0.18,0.28,0.35,0.27,0.28
GWETTOP,1996,4.0,41.875,0.18,0.12,0.29,0.36,0.36,0.31,0.23,0.15,0.13,0.23,0.3,0.21,0.24
GWETTOP,1996,4.5,34.375,0.45,0.3,0.59,0.71,0.62,0.66,0.54,0.46,0.34,0.42,0.56,0.38,0.5
GWETTOP,1996,4.5,35.0,0.33,0.22,0.46,0.59,0.54,0.57,0.53,0.41,0.36,0.31,0.44,0.29,0.42
GWETTOP,1996,4.5,35.625,0.22,0.15,0.33,0.4,0.38,0.42,0.4,0.36,0.32,0.25,0.27,0.21,0.31
GWETTOP,1996,4.5,36.25,0.2,0.14,0.33,0.39,0.37,0.4,0.36,0.29,0.25,0.25,0.25,0.16,0.28
GWETTOP,1996,4.5,36.875,0.2,0.13,0.33,0.38,0.39,0.42,0.38,0.34,0.31,0.31,0.26,0.15,0.3
GWETTOP,1996,4.5,37.5,0.26,0.18,0.43,0.53,0.55,0.56,0.49,0.41,0.44,0.41,0.35,0.21,0.4
GWETTOP,1996,4.5,38.125,0.32,0.21,0.51,0.61,0.64,0.62,0.58,0.43,0.47,0.51,0.51,0.33,0.48
GWETTOP,1996,4.5,38.75,0.31,0.2,0.47,0.59,0.61,0.59,0.54,0.38,0.44,0.49,0.48,0.32,0.45
GWETTOP,1996,4.5,39.375,0.28,0.17,0.42,0.53,0.55,0.5,0.43,0.31,0.34,0.43,0.46,0.31,0.39
GWETTOP,1996,4.5,40.0,0.27,0.15,0.37,0.47,0.48,0.44,0.37,0.28,0.29,0.38,0.41,0.3,0.35
GWETTOP,1996,4.5,40.625,0.26,0.14,0.37,0.47,0.47,0.4,0.32,0.2,0.24,0.35,0.4,0.32,0.33
GWETTOP,1996,4.5,41.25,0.28,0.14,0.35,0.43,0.44,0.37,0.32,0.21,0.19,0.31,0.37,0.32,0.31
GWETTOP,1996,4.5,41.875,0.18,0.12,0.31,0.41,0.42,0.35,0.25,0.15,0.14,0.27,0.33,0.22,0.26
GWETTOP,1997,-0.5,34.375,0.55,0.34,0.51,0.89,0.91,0.78,0.7,0.62,0.51,0.53,0.78,0.91,0.67
GWETTOP,1997,-0.5,35.0,0.51,0.38,0.42,0.8,0.82,0.73,0.68,0.65,0.57,0.55,0.71,0.81,0.64
GWETTOP,1997,-0.5,35.625,0.46,0.39,0.39,0.66,0.65,0.59,0.6,0.59,0.52,0.54,0.64,0.68,0.56
GWETTOP,1997,-0.5,36.25,0.4,0.34,0.35,0.59,0.56,0.5,0.53,0.51,0.43,0.5,0.6,0.62,0.5
GWETTOP,1997,-0.5,36.875,0.43,0.35,0.37,0.59,0.58,0.53,0.53,0.48,0.4,0.56,0.7,0.73,0.52
GWETTOP,1997,-0.5,37.5,0.48,0.38,0.37,0.6,0.62,0.53,0.53,0.5,0.44,0.57,0.75,0.79,0.55
GWETTOP,1997,-0.5,38.125,0.41,0.33,0.34,0.56,0.48,0.38,0.34,0.29,0.25,0.53,0.7,0.73,0.45
GWETTOP,1997,-0.5,38.75,0.31,0.26,0.3,0.53,0.43,0.33,0.3,0.26,0.23,0.5,0.66,0.66,0.4
GWETTOP,1997,-0.5,39.375,0.27,0.22,0.28,0.52,0.43,0.4,0.37,0.31,0.26,0.51,0.64,0.64,0.41
GWETTOP,1997,-0.5,40.0,0.31,0.26,0.31,0.56,0.5,0.47,0.44,0.37,0.32,0.56,0.69,0.71,0.46
GWETTOP,1997,-0.5,40.625,0.36,0.29,0.34,0.57,0.53,0.6,0.59,0.5,0.43,0.64,0.73,0.77,0.53
GWETTOP,1997,-0.5,41.25,0.36,0.3,0.35,0.58,0.54,0.61,0.59,0.5,0.44,0.65,0.74,0.77,0.54
GWETTOP,1997,-0.5,41.875,0.34,0.26,0.31,0.53,0.55,0.65,0.65,0.54,0.46,0.6,0.69,0.74,0.53
GWETTOP,1997,-1.0,34.375,0.51,0.47,0.49,0.75,0.79,0.66,0.56,0.51,0.45,0.43,0.61,0.78,0.58
GWETTOP,1997,-1.0,35.0,0.54,0.5,0.47,0.74,0.8,0.72,0.66,0.6,0.54,0.53,0.66,0.81,0.63
GWETTOP,1997,-1.0,35.625,0.48,0.39,0.31,0.67,0.74,0.66,0.62,0.56,0.49,0.51,0.64,0.74,0.57
GWETTOP,1997,-1.0,36.25,0.36,0.29,0.25,0.58,0.66,0.58,0.55,0.47,0.38,0.46,0.63,0.67,0.49
GWETTOP,1997,-1.0,36.875,0.46,0.27,0.26,0.6,0.66,0.54,0.5,0.44,0.32,0.52,0.77,0.83,0.52
GWETTOP,1997,-1.0,37.5,0.46,0.31,0.3,0.61,0.66,0.56,0.52,0.45,0.38,0.54,0.77,0.81,0.53
GWETTOP,1997,-1.0,38.125,0.37,0.3,0.34,0.61,0.49,0.39,0.35,0.3,0.24,0.55,0.74,0.75,0.45
GWETTOP,1997,-1.0,38.75,0.28,0.24,0.3,0.6,0.45,0.33,0.31,0.27,0.23,0.53,0.71,0.7,0.41
GWETTOP,1997,-1.0,39.375,0.24,0.21,0.31,0.63,0.47,0.46,0.4,0.31,0.25,0.61,0.75,0.71,0.45
GWETTOP,1997,-1.0,40.0,0.31,0.26,0.35,0.68,0.58,0.54,0.49,0.39,0.34,0.65,0.78,0.78,0.51
GWETTOP,1997,-1.0,40.625,0.39,0.32,0.37,0.6,0.58,0.65,0.65,0.55,0.48,0.66,0.75,0.78,0.57
GWETTOP,1997,-1.0,41.25,0.42,0.33,0.37,0.58,0.57,0.65,0.66,0.55,0.48,0.65,0.75,0.8,0.57
GWETTOP,1997,-1.0,41.875,0.34,0.27,0.29,0.46,0.5,0.6,0.59,0.48,0.41,0.52,0.61,0.66,0.48
GWETTOP,1997,-1.5,34.375,0.53,0.51,0.47,0.78,0.79,0.62,0.48,0.39,0.36,0.36,0.62,0.79,0.56
GWETTOP,1997,-1.5,35.0,0.49,0.48,0.34,0.76,0.83,0.67,0.57,0.45,0.37,0.45,0.68,0.83,0.58
GWETTOP,1997,-1.5,35.625,0.41,0.31,0.24,0.68,0.83,0.72,0.59,0.5,0.4,0.46,0.68,0.81,0.55
GWETTOP,1997,-1.5,36.25,0.25,0.15,0.17,0.53,0.64,0.49,0.42,0.35,0.24,0.4,0.58,0.59,0.4
GWETTOP,1997,-1.5,36.875,0.38,0.22,0.25,0.71,0.74,0.62,0.49,0.33,0.31,0.61,0.82,0.85,0.53
GWETTOP,1997,-1.5,37.5,0.42,0.25,0.27,0.58,0.61,0.5,0.45,0.33,0.29,0.51,0.74,0.81,0.48
GWETTOP,1997,-1.5,38.125,0.42,0.36,0.36,0.53,0.5,0.44,0.42,0.37,0.32,0.49,0.66,0.7,0.46
GWETTOP,1997,-1.5,38.75,0.31,0.26,0.33,0.6,0.5,0.39,0.35,0.3,0.26,0.55,0.69,0.69,0.44
GWETTOP,1997,-1.5,39.375,0.27,0.23,0.31,0.63,0.52,0.46,0.41,0.33,0.27,0.59,0.7,0.69,0.45
GWETTOP,1997,-1.5,40.0,0.35,0.29,0.39,0.7,0.64,0.64,0.62,0.5,0.41,0.69,0.78,0.79,0.57
GWETTOP,1997,-1.5,40.625,0.42,0.34,0.4,0.63,0.62,0.68,0.68,0.59,0.51,0.67,0.75,0.79,0.59
GWETTOP,1997,-1.5,41.25,0.46,0.33,0.39,0.62,0.64,0.7,0.72,0.6,0.49,0.66,0.77,0.83,0.6
GWETTOP,1997,-1.5,41.875,0.63,0.59,0.59,0.69,0.73,0.78,0.76,0.68,0.64,0.72,0.8,0.84,0.7
GWETTOP,1997,-1.7975103014118005e-13,34.375,0.51,0.36,0.42,0.78,0.79,0.71,0.67,0.66,0.56,0.61,0.72,0.77,0.63
GWETTOP,1997,-1.7975103014118005e-13,35.0,0.57,0.43,0.46,0.8,0.8,0.75,0.76,0.77,0.69,0.7,0.79,0.81,0.7
GWETTOP,1997,-1.7975103014118005e-13,35.625,0.53,0.43,0.44,0.72,0.74,0.7,0.72,0.73,0.66,0.68,0.74,0.77,0.66
GWETTOP,1997,-1.7975103014118005e-13,36.25,0.4,0.31,0.3,0.63,0.59,0.51,0.58,0.58,0.46,0.5,0.59,0.6,0.51
GWETTOP,1997,-1.7975103014118005e-13,36.875,0.39,0.33,0.33,0.54,0.56,0.48,0.51,0.48,0.38,0.51,0.63,0.68,0.49
GWETTOP,1997,-1.7975103014118005e-13,37.5,0.45,0.38,0.37,0.57,0.61,0.52,0.53,0.5,0.42,0.57,0.75,0.81,0.54
GWETTOP,1997,-1.7975103014118005e-13,38.125,0.4,0.33,0.33,0.5,0.47,0.37,0.33,0.28,0.22,0.51,0.69,0.75,0.43
GWETTOP,1997,-1.7975103014118005e-13,38.75,0.33,0.25,0.27,0.45,0.4,0.34,0.29,0.24,0.19,0.47,0.62,0.66,0.38
GWETTOP,1997,-1.7975103014118005e-13,39.375,0.28,0.19,0.24,0.47,0.42,0.36,0.33,0.27,0.21,0.49,0.63,0.67,0.38
GWETTOP,1997,-1.7975103014118005e-13,40.0,0.31,0.21,0.25,0.49,0.46,0.41,0.37,0.33,0.26,0.52,0.68,0.74,0.42
GWETTOP,1997,-1.7975103014118005e-13,40.625,0.31,0.23,0.28,0.55,0.5,0.49,0.46,0.39,0.32,0.59,0.74,0.79,0.47
GWETTOP,1997,-1.7975103014118005e-13,41.25,0.29,0.25,0.32,0.56,0.5,0.52,0.49,0.41,0.36,0.62,0.73,0.75,0.48
GWETTOP,1997,-1.7975103014118005e-13,41.875,0.32,0.24,0.31,0.57,0.56,0.58,0.56,0.47,0.39,0.65,0.79,0.82,0.52
GWETTOP,1997,-2.0,34.375,0.49,0.53,0.4,0.77,0.73,0.59,0.36,0.34,0.33,0.33,0.61,0.76,0.52
GWETTOP,1997,-2.0,35.0,0.45,0.46,0.32,0.76,0.82,0.65,0.54,0.35,0.3,0.48,0.7,0.82,0.55
GWETTOP,1997,-2.0,35.625,0.38,0.3,0.28,0.69,0.82,0.7,0.57,0.48,0.32,0.48,0.68,0.8,0.54
GWETTOP,1997,-2.0,36.25,0.2,0.13,0.17,0.44,0.49,0.39,0.32,0.21,0.15,0.33,0.44,0.45,0.31
GWETTOP,1997,-2.0,36.875,0.36,0.21,0.32,0.67,0.71,0.61,0.4,0.27,0.27,0.57,0.74,0.8,0.5
GWETTOP,1997,-2.0,37.5,0.38,0.21,0.31,0.6,0.63,0.52,0.4,0.26,0.25,0.51,0.7,0.76,0.46
GWETTOP,1997,-2.0,38.125,0.39,0.31,0.34,0.51,0.5,0.43,0.39,0.34,0.29,0.47,0.64,0.69,0.44
GWETTOP,1997,-2.0,38.75,0.32,0.27,0.34,0.61,0.55,0.44,0.38,0.33,0.29,0.58,0.7,0.7,0.46
GWETTOP,1997,-2.0,39.375,0.31,0.26,0.37,0.66,0.61,0.55,0.52,0.43,0.35,0.63,0.73,0.74,0.51
GWETTOP,1997,-2.0,40.0,0.34,0.28,0.39,0.66,0.62,0.6,0.58,0.48,0.41,0.64,0.73,0.75,0.54
GWETTOP,1997,-2.0,40.625,0.43,0.34,0.42,0.63,0.66,0.69,0.69,0.59,0.5,0.67,0.76,0.8,0.6
GWETTOP,1997,-2.0,41.25,0.44,0.39,0.42,0.54,0.62,0.63,0.61,0.51,0.47,0.58,0.67,0.69,0.55
GWETTOP,1997,-2.0,41.875,0.67,0.65,0.65,0.71,0.77,0.78,0.75,0.69,0.67,0.74,0.82,0.84,0.73
GWETTOP,1997,-2.5,34.375,0.45,0.5,0.41,0.66,0.63,0.51,0.36,0.31,0.26,0.3,0.56,0.68,0.47
GWETTOP,1997,-2.5,35.0,0.41,0.42,0.33,0.68,0.75,0.59,0.49,0.33,0.24,0.38,0.58,0.72,0.49
GWETTOP,1997,-2.5,35.625,0.3,0.28,0.31,0.63,0.73,0.59,0.5,0.31,0.19,0.38,0.55,0.64,0.45
GWETTOP,1997,-2.5,36.25,0.26,0.18,0.28,0.52,0.56,0.47,0.4,0.28,0.17,0.33,0.47,0.5,0.37
GWETTOP,1997,-2.5,36.875,0.37,0.22,0.51,0.69,0.73,0.62,0.45,0.25,0.2,0.47,0.65,0.71,0.49
GWETTOP,1997,-2.5,37.5,0.38,0.23,0.52,0.71,0.73,0.59,0.46,0.27,0.21,0.5,0.68,0.75,0.5
GWETTOP,1997,-2.5,38.125,0.41,0.3,0.38,0.59,0.61,0.52,0.46,0.36,0.28,0.55,0.7,0.74,0.49
GWETTOP,1997,-2.5,38.75,0.32,0.28,0.4,0.62,0.62,0.51,0.42,0.37,0.33,0.6,0.71,0.72,0.49
GWETTOP,1997,-2.5,39.375,0.36,0.31,0.51,0.73,0.74,0.7,0.66,0.59,0.5,0.73,0.82,0.84,0.63
GWETTOP,1997,-2.5,40.0,0.3,0.24,0.37,0.57,0.58,0.55,0.52,0.43,0.39,0.6,0.69,0.7,0.5
GWETTOP,1997,-2.5,40.625,0.49,0.42,0.48,0.63,0.69,0.7,0.69,0.59,0.54,0.71,0.79,0.8,0.63
GWETTOP,1997,-2.5,41.25,1.0,1.0,1.0,1.0,1.0,1.0,1.0,1.0,1.0,1.0,1.0,1.0,1.0
GWETTOP,1997,-2.5,41.875,1.0,1.0,1.0,1.0,1.0,1.0,1.0,1.0,1.0,1.0,1.0,1.0,1.0
GWETTOP,1997,-3.0,34.375,0.47,0.52,0.47,0.64,0.65,0.51,0.41,0.28,0.22,0.29,0.57,0.7,0.48
GWETTOP,1997,-3.0,35.0,0.4,0.46,0.42,0.69,0.77,0.63,0.51,0.39,0.22,0.32,0.54,0.66,0.5
GWETTOP,1997,-3.0,35.625,0.42,0.4,0.42,0.72,0.85,0.78,0.66,0.52,0.44,0.41,0.55,0.64,0.57
GWETTOP,1997,-3.0,36.25,0.29,0.28,0.31,0.71,0.8,0.7,0.6,0.48,0.23,0.37,0.58,0.61,0.5
GWETTOP,1997,-3.0,36.875,0.49,0.31,0.67,0.85,0.91,0.83,0.72,0.59,0.36,0.48,0.67,0.73,0.64
GWETTOP,1997,-3.0,37.5,0.44,0.28,0.52,0.73,0.83,0.76,0.66,0.52,0.44,0.5,0.61,0.66,0.58
GWETTOP,1997,-3.0,38.125,0.4,0.31,0.43,0.58,0.63,0.56,0.5,0.45,0.37,0.55,0.67,0.7,0.51
GWETTOP,1997,-3.0,38.75,0.3,0.27,0.44,0.62,0.64,0.54,0.46,0.39,0.35,0.61,0.71,0.71,0.5
GWETTOP,1997,-3.0,39.375,0.33,0.3,0.55,0.72,0.75,0.71,0.68,0.6,0.53,0.75,0.82,0.83,0.63
GWETTOP,1997,-3.0,40.0,0.29,0.24,0.39,0.54,0.58,0.54,0.51,0.43,0.39,0.6,0.68,0.68,0.49
GWETTOP,1997,-3.0,40.625,0.74,0.72,0.76,0.83,0.86,0.86,0.86,0.81,0.78,0.88,0.92,0.92,0.83
GWETTOP,1997,-3.0,41.25,1.0,1.0,1.0,1.0,1.0,1.0,1.0,1.0,1.0,1.0,1.0,1.0,1.0
GWETTOP,1997,-3.0,41.875,1.0,1.0,1.0,1.0,1.0,1.0,1.0,1.0,1.0,1.0,1.0,1.0,1.0
GWETTOP,1997,-3.5,34.375,0.46,0.52,0.45,0.65,0.63,0.5,0.37,0.25,0.19,0.28,0.55,0.69,0.46
GWETTOP,1997,-3.5,35.0,0.38,0.46,0.45,0.68,0.72,0.6,0.49,0.41,0.24,0.3,0.52,0.61,0.49
GWETTOP,1997,-3.5,35.625,0.34,0.39,0.47,0.67,0.75,0.68,0.58,0.51,0.46,0.43,0.52,0.56,0.53
GWETTOP,1997,-3.5,36.25,0.25,0.28,0.47,0.68,0.79,0.69,0.56,0.46,0.26,0.35,0.51,0.55,0.49
GWETTOP,1997,-3.5,36.875,0.25,0.22,0.53,0.74,0.85,0.79,0.67,0.53,0.42,0.41,0.53,0.57,0.54
GWETTOP,1997,-3.5,37.5,0.28,0.22,0.47,0.66,0.74,0.68,0.59,0.5,0.42,0.46,0.54,0.54,0.51
GWETTOP,1997,-3.5,38.125,0.3,0.25,0.44,0.6,0.63,0.55,0.48,0.43,0.36,0.57,0.66,0.66,0.5
GWETTOP,1997,-3.5,38.75,0.33,0.29,0.47,0.62,0.63,0.57,0.5,0.46,0.42,0.6,0.68,0.67,0.52
GWETTOP,1997,-3.5,39.375,0.31,0.28,0.55,0.71,0.73,0.7,0.68,0.6,0.52,0.74,0.8,0.79,0.62
GWETTOP,1997,-3.5,40.0,0.43,0.4,0.56,0.67,0.69,0.66,0.62,0.57,0.52,0.69,0.76,0.75,0.61
GWETTOP,1997,-3.5,40.625,0.91,0.91,0.92,0.95,0.96,0.96,0.96,0.94,0.93,0.96,0.98,0.98,0.95
GWETTOP,1997,-3.5,41.25,1.0,1.0,1.0,1.0,1.0,1.0,1.0,1.0,1.0,1.0,1.0,1.0,1.0
GWETTOP,1997,-3.5,41.875,1.0,1.0,1.0,1.0,1.0,1.0,1.0,1.0,1.0,1.0,1.0,1.0,1.0
GWETTOP,1997,-4.0,34.375,0.48,0.52,0.44,0.62,0.57,0.47,0.37,0.27,0.19,0.27,0.51,0.63,0.44
GWETTOP,1997,-4.0,35.0,0.42,0.53,0.55,0.71,0.71,0.62,0.55,0.47,0.35,0.39,0.56,0.64,0.54
GWETTOP,1997,-4.0,35.625,0.35,0.44,0.56,0.69,0.75,0.69,0.62,0.55,0.5,0.49,0.54,0.59,0.56
GWETTOP,1997,-4.0,36.25,0.26,0.35,0.55,0.68,0.74,0.67,0.57,0.5,0.41,0.4,0.5,0.55,0.52
GWETTOP,1997,-4.0,36.875,0.29,0.32,0.6,0.72,0.77,0.72,0.64,0.54,0.47,0.47,0.53,0.58,0.56
GWETTOP,1997,-4.0,37.5,0.29,0.29,0.56,0.67,0.69,0.64,0.57,0.51,0.42,0.49,0.57,0.59,0.53
GWETTOP,1997,-4.0,38.125,0.28,0.24,0.5,0.68,0.67,0.6,0.52,0.44,0.36,0.6,0.69,0.68,0.52
GWETTOP,1997,-4.0,38.75,0.28,0.24,0.5,0.67,0.66,0.61,0.52,0.46,0.41,0.62,0.71,0.68,0.53
GWETTOP,1997,-4.0,39.375,0.26,0.24,0.45,0.64,0.63,0.61,0.57,0.46,0.41,0.64,0.68,0.67,0.52
GWETTOP,1997,-4.0,40.0,0.48,0.46,0.57,0.68,0.68,0.64,0.59,0.55,0.52,0.66,0.71,0.7,0.6
GWETTOP,1997,-4.0,40.625,1.0,1.0,1.0,1.0,1.0,1.0,1.0,1.0,1.0,1.0,1.0,1.0,1.0
GWETTOP,1997,-4.0,41.25,1.0,1.0,1.0,1.0,1.0,1.0,1.0,1.0,1.0,1.0,1.0,1.0,1.0
GWETTOP,1997,-4.0,41.875,1.0,1.0,1.0,1.0,1.0,1.0,1.0,1.0,1.0,1.0,1.0,1.0,1.0
GWETTOP,1997,-4.5,34.375,0.44,0.5,0.41,0.56,0.49,0.41,0.39,0.35,0.27,0.3,0.48,0.56,0.43
GWETTOP,1997,-4.5,35.0,0.42,0.52,0.52,0.67,0.62,0.53,0.49,0.44,0.36,0.39,0.53,0.61,0.51
GWETTOP,1997,-4.5,35.625,0.33,0.43,0.54,0.65,0.66,0.6,0.55,0.48,0.43,0.43,0.49,0.56,0.51
GWETTOP,1997,-4.5,36.25,0.28,0.39,0.56,0.67,0.68,0.61,0.55,0.49,0.44,0.44,0.51,0.57,0.52
GWETTOP,1997,-4.5,36.875,0.3,0.37,0.62,0.69,0.71,0.65,0.59,0.53,0.47,0.49,0.56,0.61,0.55
GWETTOP,1997,-4.5,37.5,0.3,0.34,0.6,0.68,0.7,0.65,0.6,0.55,0.48,0.52,0.58,0.62,0.55
GWETTOP,1997,-4.5,38.125,0.33,0.29,0.59,0.74,0.76,0.73,0.68,0.63,0.51,0.68,0.76,0.76,0.62
GWETTOP,1997,-4.5,38.75,0.33,0.28,0.57,0.73,0.76,0.73,0.66,0.6,0.52,0.68,0.76,0.77,0.62
GWETTOP,1997,-4.5,39.375,0.3,0.27,0.44,0.59,0.58,0.54,0.49,0.43,0.4,0.55,0.61,0.6,0.48
GWETTOP,1997,-4.5,40.0,0.94,0.94,0.95,0.96,0.96,0.96,0.95,0.95,0.95,0.96,0.96,0.96,0.95
GWETTOP,1997,-4.5,40.625,1.0,1.0,1.0,1.0,1.0,1.0,1.0,1.0,1.0,1.0,1.0,1.0,1.0
GWETTOP,1997,-4.5,41.25,1.0,1.0,1.0,1.0,1.0,1.0,1.0,1.0,1.0,1.0,1.0,1.0,1.0
GWETTOP,1997,-4.5,41.875,1.0,1.0,1.0,1.0,1.0,1.0,1.0,1.0,1.0,1.0,1.0,1.0,1.0
GWETTOP,1997,0.5,34.375,0.49,0.4,0.42,0.68,0.62,0.59,0.6,0.63,0.52,0.58,0.61,0.6,0.56
GWETTOP,1997,0.5,35.0,0.56,0.46,0.45,0.74,0.73,0.71,0.75,0.78,0.69,0.73,0.78,0.76,0.68
GWETTOP,1997,0.5,35.625,0.41,0.31,0.29,0.67,0.71,0.65,0.71,0.72,0.61,0.63,0.72,0.71,0.6
GWETTOP,1997,0.5,36.25,0.27,0.17,0.18,0.55,0.51,0.45,0.54,0.54,0.41,0.45,0.52,0.52,0.43
GWETTOP,1997,0.5,36.875,0.39,0.26,0.27,0.61,0.6,0.5,0.58,0.56,0.41,0.53,0.68,0.74,0.51
GWETTOP,1997,0.5,37.5,0.34,0.22,0.23,0.44,0.44,0.38,0.39,0.34,0.23,0.42,0.61,0.7,0.4
GWETTOP,1997,0.5,38.125,0.34,0.25,0.26,0.43,0.42,0.34,0.31,0.22,0.16,0.47,0.67,0.74,0.39
GWETTOP,1997,0.5,38.75,0.33,0.22,0.23,0.43,0.43,0.35,0.3,0.21,0.15,0.47,0.67,0.73,0.38
GWETTOP,1997,0.5,39.375,0.29,0.16,0.22,0.52,0.52,0.39,0.32,0.22,0.16,0.55,0.76,0.82,0.41
GWETTOP,1997,0.5,40.0,0.27,0.14,0.22,0.58,0.55,0.4,0.34,0.24,0.17,0.56,0.8,0.86,0.43
GWETTOP,1997,0.5,40.625,0.26,0.15,0.23,0.57,0.5,0.4,0.35,0.26,0.21,0.57,0.81,0.86,0.43
GWETTOP,1997,0.5,41.25,0.28,0.22,0.28,0.53,0.47,0.43,0.4,0.34,0.3,0.58,0.74,0.78,0.45
GWETTOP,1997,0.5,41.875,0.27,0.22,0.28,0.55,0.51,0.45,0.42,0.34,0.3,0.64,0.81,0.86,0.47
GWETTOP,1997,1.0,34.375,0.66,0.55,0.51,0.71,0.67,0.65,0.69,0.72,0.64,0.66,0.68,0.68,0.65
GWETTOP,1997,1.0,35.0,0.55,0.43,0.38,0.71,0.72,0.67,0.75,0.79,0.67,0.71,0.8,0.8,0.67
GWETTOP,1997,1.0,35.625,0.31,0.15,0.19,0.59,0.6,0.48,0.61,0.61,0.41,0.55,0.71,0.7,0.49
GWETTOP,1997,1.0,36.25,0.2,0.12,0.15,0.42,0.39,0.35,0.42,0.42,0.3,0.37,0.47,0.49,0.34
GWETTOP,1997,1.0,36.875,0.33,0.22,0.2,0.42,0.41,0.37,0.41,0.39,0.33,0.4,0.57,0.64,0.39
GWETTOP,1997,1.0,37.5,0.32,0.21,0.21,0.41,0.41,0.34,0.33,0.27,0.16,0.39,0.63,0.72,0.37
GWETTOP,1997,1.0,38.125,0.29,0.2,0.23,0.4,0.37,0.32,0.27,0.19,0.14,0.39,0.58,0.62,0.33
GWETTOP,1997,1.0,38.75,0.28,0.19,0.23,0.44,0.42,0.35,0.3,0.22,0.17,0.45,0.62,0.66,0.36
GWETTOP,1997,1.0,39.375,0.24,0.13,0.2,0.54,0.54,0.39,0.29,0.18,0.15,0.54,0.77,0.81,0.4
GWETTOP,1997,1.0,40.0,0.24,0.12,0.2,0.59,0.55,0.38,0.32,0.19,0.15,0.55,0.83,0.88,0.42
GWETTOP,1997,1.0,40.625,0.25,0.12,0.2,0.59,0.54,0.4,0.33,0.21,0.17,0.57,0.87,0.91,0.43
GWETTOP,1997,1.0,41.25,0.29,0.18,0.23,0.56,0.54,0.45,0.39,0.27,0.23,0.62,0.86,0.91,0.46
GWETTOP,1997,1.0,41.875,0.23,0.15,0.22,0.5,0.48,0.4,0.33,0.24,0.23,0.61,0.85,0.89,0.43
GWETTOP,1997,1.5,34.375,0.3,0.21,0.24,0.58,0.5,0.5,0.56,0.59,0.44,0.51,0.54,0.52,0.46
GWETTOP,1997,1.5,35.0,0.28,0.15,0.2,0.55,0.52,0.46,0.54,0.58,0.42,0.49,0.61,0.59,0.45
GWETTOP,1997,1.5,35.625,0.17,0.11,0.16,0.42,0.4,0.35,0.42,0.42,0.3,0.39,0.51,0.47,0.34
GWETTOP,1997,1.5,36.25,0.14,0.1,0.14,0.37,0.3,0.26,0.37,0.34,0.17,0.3,0.41,0.4,0.28
GWETTOP,1997,1.5,36.875,0.32,0.19,0.2,0.41,0.41,0.35,0.36,0.33,0.2,0.35,0.57,0.62,0.36
GWETTOP,1997,1.5,37.5,0.26,0.17,0.2,0.4,0.38,0.33,0.33,0.27,0.15,0.35,0.53,0.58,0.33
GWETTOP,1997,1.5,38.125,0.28,0.21,0.25,0.45,0.39,0.33,0.3,0.24,0.19,0.44,0.6,0.61,0.36
GWETTOP,1997,1.5,38.75,0.27,0.21,0.29,0.54,0.49,0.39,0.32,0.26,0.22,0.52,0.69,0.7,0.41
GWETTOP,1997,1.5,39.375,0.26,0.13,0.2,0.58,0.57,0.41,0.34,0.23,0.16,0.53,0.79,0.84,0.42
GWETTOP,1997,1.5,40.0,0.23,0.12,0.19,0.56,0.6,0.43,0.33,0.2,0.15,0.55,0.83,0.87,0.42
GWETTOP,1997,1.5,40.625,0.24,0.12,0.19,0.6,0.59,0.44,0.32,0.2,0.18,0.6,0.92,0.93,0.45
GWETTOP,1997,1.5,41.25,0.24,0.11,0.16,0.46,0.45,0.36,0.32,0.2,0.18,0.55,0.9,0.91,0.4
GWETTOP,1997,1.5,41.875,0.18,0.11,0.18,0.51,0.49,0.38,0.29,0.18,0.21,0.63,0.92,0.91,0.42
GWETTOP,1997,2.0,34.375,0.22,0.17,0.21,0.5,0.38,0.39,0.5,0.49,0.3,0.43,0.49,0.45,0.38
GWETTOP,1997,2.0,35.0,0.17,0.13,0.19,0.45,0.4,0.37,0.45,0.44,0.3,0.4,0.5,0.48,0.36
GWETTOP,1997,2.0,35.625,0.13,0.11,0.16,0.37,0.34,0.28,0.36,0.34,0.17,0.33,0.44,0.41,0.29
GWETTOP,1997,2.0,36.25,0.12,0.09,0.17,0.37,0.25,0.22,0.31,0.25,0.12,0.27,0.42,0.4,0.25
GWETTOP,1997,2.0,36.875,0.26,0.15,0.21,0.41,0.39,0.33,0.32,0.26,0.15,0.33,0.51,0.54,0.32
GWETTOP,1997,2.0,37.5,0.26,0.14,0.21,0.42,0.4,0.33,0.29,0.2,0.13,0.35,0.56,0.61,0.33
GWETTOP,1997,2.0,38.125,0.3,0.19,0.26,0.5,0.47,0.38,0.31,0.22,0.17,0.48,0.68,0.71,0.39
GWETTOP,1997,2.0,38.75,0.28,0.18,0.25,0.51,0.48,0.39,0.33,0.26,0.2,0.49,0.69,0.71,0.4
GWETTOP,1997,2.0,39.375,0.24,0.12,0.18,0.54,0.55,0.4,0.34,0.22,0.16,0.53,0.8,0.84,0.41
GWETTOP,1997,2.0,40.0,0.23,0.12,0.18,0.58,0.62,0.43,0.34,0.24,0.16,0.57,0.86,0.88,0.44
GWETTOP,1997,2.0,40.625,0.22,0.15,0.21,0.71,0.68,0.47,0.31,0.22,0.23,0.72,0.97,0.95,0.49
GWETTOP,1997,2.0,41.25,0.22,0.12,0.17,0.54,0.52,0.39,0.3,0.19,0.19,0.61,0.91,0.92,0.42
GWETTOP,1997,2.0,41.875,0.2,0.14,0.2,0.68,0.63,0.4,0.3,0.21,0.27,0.71,0.95,0.93,0.47
GWETTOP,1997,2.5,34.375,0.22,0.18,0.25,0.48,0.35,0.35,0.5,0.46,0.28,0.43,0.5,0.44,0.37
GWETTOP,1997,2.5,35.0,0.16,0.12,0.21,0.41,0.37,0.34,0.42,0.4,0.27,0.38,0.5,0.47,0.34
GWETTOP,1997,2.5,35.625,0.12,0.11,0.15,0.37,0.34,0.26,0.35,0.28,0.13,0.31,0.45,0.42,0.28
GWETTOP,1997,2.5,36.25,0.12,0.1,0.18,0.38,0.28,0.2,0.26,0.2,0.11,0.27,0.44,0.42,0.25
GWETTOP,1997,2.5,36.875,0.17,0.11,0.21,0.4,0.37,0.31,0.25,0.19,0.13,0.31,0.49,0.51,0.29
GWETTOP,1997,2.5,37.5,0.18,0.11,0.22,0.46,0.43,0.31,0.23,0.18,0.13,0.37,0.62,0.64,0.32
GWETTOP,1997,2.5,38.125,0.22,0.13,0.25,0.49,0.47,0.37,0.28,0.18,0.15,0.47,0.75,0.76,0.38
GWETTOP,1997,2.5,38.75,0.2,0.12,0.22,0.5,0.48,0.37,0.29,0.2,0.15,0.5,0.76,0.77,0.38
GWETTOP,1997,2.5,39.375,0.18,0.1,0.17,0.52,0.54,0.39,0.34,0.22,0.17,0.55,0.84,0.85,0.41
GWETTOP,1997,2.5,40.0,0.18,0.11,0.17,0.58,0.6,0.43,0.34,0.25,0.18,0.6,0.89,0.88,0.44
GWETTOP,1997,2.5,40.625,0.2,0.15,0.18,0.63,0.61,0.44,0.29,0.21,0.23,0.67,0.93,0.91,0.46
GWETTOP,1997,2.5,41.25,0.16,0.13,0.15,0.44,0.36,0.26,0.21,0.17,0.18,0.54,0.78,0.8,0.35
GWETTOP,1997,2.5,41.875,0.16,0.13,0.14,0.49,0.43,0.31,0.25,0.2,0.23,0.58,0.82,0.83,0.38
GWETTOP,1997,3.0,34.375,0.19,0.13,0.27,0.54,0.49,0.43,0.56,0.54,0.38,0.5,0.61,0.56,0.44
GWETTOP,1997,3.0,35.0,0.14,0.1,0.21,0.42,0.4,0.35,0.41,0.38,0.25,0.37,0.58,0.54,0.35
GWETTOP,1997,3.0,35.625,0.12,0.1,0.13,0.38,0.35,0.26,0.32,0.17,0.11,0.3,0.49,0.47,0.27
GWETTOP,1997,3.0,36.25,0.12,0.09,0.14,0.4,0.36,0.23,0.22,0.14,0.1,0.31,0.53,0.52,0.26
GWETTOP,1997,3.0,36.875,0.12,0.09,0.15,0.41,0.38,0.32,0.22,0.15,0.11,0.33,0.54,0.54,0.28
GWETTOP,1997,3.0,37.5,0.1,0.07,0.14,0.45,0.39,0.26,0.18,0.13,0.1,0.37,0.64,0.59,0.29
GWETTOP,1997,3.0,38.125,0.14,0.1,0.18,0.47,0.47,0.37,0.3,0.18,0.15,0.46,0.77,0.76,0.36
GWETTOP,1997,3.0,38.75,0.14,0.1,0.18,0.53,0.54,0.42,0.32,0.2,0.18,0.56,0.84,0.82,0.4
GWETTOP,1997,3.0,39.375,0.13,0.1,0.15,0.51,0.53,0.39,0.34,0.25,0.19,0.57,0.86,0.84,0.41
GWETTOP,1997,3.0,40.0,0.15,0.11,0.15,0.55,0.57,0.42,0.34,0.26,0.21,0.61,0.9,0.87,0.43
GWETTOP,1997,3.0,40.625,0.18,0.14,0.16,0.53,0.51,0.38,0.27,0.2,0.22,0.6,0.87,0.84,0.41
GWETTOP,1997,3.0,41.25,0.16,0.13,0.14,0.45,0.38,0.29,0.22,0.18,0.2,0.55,0.75,0.73,0.35
GWETTOP,1997,3.0,41.875,0.13,0.09,0.11,0.43,0.39,0.31,0.27,0.18,0.21,0.53,0.79,0.78,0.35
GWETTOP,1997,3.5,34.375,0.19,0.11,0.25,0.51,0.48,0.39,0.49,0.46,0.33,0.44,0.63,0.58,0.41
GWETTOP,1997,3.5,35.0,0.14,0.1,0.21,0.46,0.44,0.36,0.4,0.36,0.22,0.38,0.62,0.59,0.36
GWETTOP,1997,3.5,35.625,0.11,0.09,0.13,0.43,0.4,0.32,0.33,0.17,0.11,0.34,0.56,0.53,0.29
GWETTOP,1997,3.5,36.25,0.11,0.09,0.14,0.45,0.42,0.32,0.24,0.15,0.11,0.34,0.56,0.53,0.29
GWETTOP,1997,3.5,36.875,0.11,0.08,0.14,0.47,0.47,0.36,0.32,0.18,0.13,0.37,0.6,0.58,0.32
GWETTOP,1997,3.5,37.5,0.12,0.09,0.16,0.54,0.51,0.38,0.3,0.2,0.15,0.45,0.69,0.64,0.35
GWETTOP,1997,3.5,38.125,0.12,0.09,0.17,0.49,0.53,0.41,0.36,0.28,0.2,0.53,0.81,0.76,0.4
GWETTOP,1997,3.5,38.75,0.13,0.1,0.15,0.51,0.55,0.42,0.37,0.3,0.24,0.59,0.83,0.77,0.41
GWETTOP,1997,3.5,39.375,0.17,0.11,0.16,0.54,0.6,0.46,0.42,0.33,0.28,0.65,0.89,0.84,0.46
GWETTOP,1997,3.5,40.0,0.16,0.11,0.16,0.53,0.56,0.41,0.34,0.26,0.23,0.63,0.9,0.85,0.43
GWETTOP,1997,3.5,40.625,0.21,0.15,0.18,0.61,0.6,0.42,0.28,0.21,0.26,0.69,0.92,0.88,0.45
GWETTOP,1997,3.5,41.25,0.18,0.14,0.15,0.44,0.41,0.29,0.23,0.19,0.21,0.56,0.77,0.76,0.36
GWETTOP,1997,3.5,41.875,0.12,0.09,0.09,0.39,0.33,0.25,0.2,0.14,0.18,0.5,0.72,0.7,0.31
GWETTOP,1997,4.0,34.375,0.21,0.14,0.27,0.6,0.59,0.48,0.54,0.49,0.29,0.52,0.7,0.65,0.46
GWETTOP,1997,4.0,35.0,0.15,0.11,0.21,0.57,0.56,0.42,0.47,0.37,0.2,0.47,0.71,0.68,0.41
GWETTOP,1997,4.0,35.625,0.12,0.1,0.14,0.48,0.48,0.37,0.37,0.26,0.15,0.38,0.63,0.6,0.34
GWETTOP,1997,4.0,36.25,0.1,0.09,0.13,0.48,0.48,0.35,0.31,0.17,0.13,0.38,0.61,0.55,0.32
GWETTOP,1997,4.0,36.875,0.1,0.09,0.14,0.51,0.53,0.39,0.35,0.26,0.17,0.41,0.61,0.56,0.34
GWETTOP,1997,4.0,37.5,0.11,0.09,0.15,0.54,0.55,0.41,0.37,0.26,0.19,0.46,0.66,0.6,0.37
GWETTOP,1997,4.0,38.125,0.17,0.12,0.17,0.56,0.59,0.47,0.44,0.33,0.3,0.64,0.8,0.72,0.44
GWETTOP,1997,4.0,38.75,0.19,0.15,0.21,0.69,0.72,0.62,0.56,0.35,0.3,0.72,0.89,0.84,0.52
GWETTOP,1997,4.0,39.375,0.2,0.15,0.22,0.69,0.73,0.62,0.54,0.33,0.31,0.77,0.95,0.91,0.54
GWETTOP,1997,4.0,40.0,0.17,0.13,0.19,0.57,0.58,0.46,0.37,0.23,0.26,0.7,0.92,0.86,0.45
GWETTOP,1997,4.0,40.625,0.2,0.15,0.2,0.6,0.59,0.41,0.29,0.2,0.24,0.71,0.93,0.88,0.45
GWETTOP,1997,4.0,41.25,0.16,0.12,0.15,0.43,0.41,0.33,0.24,0.15,0.19,0.56,0.82,0.8,0.36
GWETTOP,1997,4.0,41.875,0.13,0.1,0.11,0.42,0.4,0.31,0.23,0.15,0.18,0.53,0.79,0.76,0.34
GWETTOP,1997,4.5,34.375,0.22,0.16,0.27,0.72,0.67,0.46,0.61,0.47,0.27,0.64,0.74,0.64,0.49
GWETTOP,1997,4.5,35.0,0.18,0.14,0.2,0.63,0.66,0.5,0.53,0.4,0.22,0.54,0.76,0.74,0.46
GWETTOP,1997,4.5,35.625,0.13,0.11,0.15,0.51,0.55,0.41,0.4,0.33,0.18,0.42,0.68,0.64,0.38
GWETTOP,1997,4.5,36.25,0.12,0.1,0.14,0.51,0.54,0.39,0.36,0.25,0.17,0.42,0.63,0.57,0.35
GWETTOP,1997,4.5,36.875,0.12,0.1,0.14,0.52,0.56,0.42,0.39,0.34,0.26,0.43,0.58,0.52,0.37
GWETTOP,1997,4.5,37.5,0.17,0.15,0.18,0.67,0.68,0.55,0.51,0.39,0.3,0.6,0.73,0.65,0.47
GWETTOP,1997,4.5,38.125,0.2,0.16,0.22,0.7,0.72,0.61,0.58,0.4,0.31,0.72,0.87,0.82,0.53
GWETTOP,1997,4.5,38.75,0.19,0.15,0.2,0.67,0.68,0.58,0.53,0.35,0.29,0.7,0.86,0.81,0.5
GWETTOP,1997,4.5,39.375,0.18,0.13,0.2,0.59,0.58,0.49,0.41,0.26,0.25,0.67,0.83,0.78,0.45
GWETTOP,1997,4.5,40.0,0.16,0.12,0.18,0.53,0.52,0.42,0.34,0.25,0.23,0.62,0.79,0.74,0.41
GWETTOP,1997,4.5,40.625,0.16,0.12,0.18,0.47,0.46,0.37,0.27,0.17,0.22,0.62,0.87,0.83,0.4
GWETTOP,1997,4.5,41.25,0.18,0.11,0.16,0.44,0.43,0.34,0.29,0.16,0.2,0.59,0.86,0.83,0.38
GWETTOP,1997,4.5,41.875,0.12,0.1,0.12,0.44,0.44,0.33,0.22,0.14,0.18,0.56,0.83,0.78,0.36
GWETTOP,1998,-0.5,34.375,0.88,0.81,0.65,0.61,0.75,0.71,0.62,0.54,0.43,0.56,0.52,0.3,0.61
GWETTOP,1998,-0.5,35.0,0.83,0.82,0.74,0.7,0.8,0.8,0.76,0.66,0.57,0.59,0.55,0.4,0.68
GWETTOP,1998,-0.5,35.625,0.74,0.76,0.72,0.72,0.79,0.81,0.79,0.76,0.72,0.71,0.68,0.6,0.73
GWETTOP,1998,-0.5,36.25,0.66,0.65,0.6,0.61,0.69,0.68,0.67,0.64,0.59,0.58,0.56,0.48,0.62
GWETTOP,1998,-0.5,36.875,0.79,0.77,0.72,0.72,0.77,0.77,0.74,0.7,0.65,0.6,0.62,0.54,0.7
GWETTOP,1998,-0.5,37.5,0.83,0.79,0.72,0.7,0.75,0.72,0.67,0.6,0.54,0.52,0.57,0.5,0.66
GWETTOP,1998,-0.5,38.125,0.77,0.72,0.64,0.61,0.62,0.54,0.47,0.41,0.34,0.3,0.52,0.44,0.53
GWETTOP,1998,-0.5,38.75,0.7,0.62,0.54,0.53,0.56,0.46,0.41,0.37,0.32,0.28,0.49,0.38,0.47
GWETTOP,1998,-0.5,39.375,0.67,0.6,0.52,0.55,0.55,0.45,0.42,0.38,0.33,0.3,0.41,0.33,0.46
GWETTOP,1998,-0.5,40.0,0.75,0.7,0.63,0.65,0.65,0.57,0.53,0.48,0.42,0.37,0.46,0.37,0.55
GWETTOP,1998,-0.5,40.625,0.79,0.73,0.62,0.65,0.64,0.55,0.52,0.47,0.39,0.35,0.47,0.38,0.55
GWETTOP,1998,-0.5,41.25,0.8,0.73,0.62,0.65,0.63,0.52,0.5,0.46,0.38,0.35,0.47,0.39,0.54
GWETTOP,1998,-0.5,41.875,0.78,0.67,0.54,0.57,0.56,0.47,0.45,0.39,0.3,0.28,0.43,0.36,0.48
GWETTOP,1998,-1.0,34.375,0.81,0.8,0.7,0.63,0.66,0.59,0.51,0.47,0.36,0.46,0.4,0.29,0.56
GWETTOP,1998,-1.0,35.0,0.87,0.89,0.83,0.79,0.84,0.82,0.76,0.68,0.59,0.56,0.52,0.42,0.71
GWETTOP,1998,-1.0,35.625,0.83,0.88,0.83,0.8,0.86,0.87,0.83,0.77,0.68,0.61,0.54,0.46,0.75
GWETTOP,1998,-1.0,36.25,0.72,0.74,0.67,0.63,0.75,0.77,0.74,0.66,0.57,0.47,0.43,0.35,0.62
GWETTOP,1998,-1.0,36.875,0.88,0.84,0.74,0.7,0.75,0.74,0.64,0.53,0.47,0.33,0.49,0.45,0.63
GWETTOP,1998,-1.0,37.5,0.86,0.82,0.73,0.69,0.76,0.73,0.66,0.56,0.5,0.44,0.5,0.45,0.64
GWETTOP,1998,-1.0,38.125,0.78,0.65,0.56,0.58,0.63,0.5,0.43,0.39,0.34,0.28,0.53,0.43,0.51
GWETTOP,1998,-1.0,38.75,0.72,0.63,0.51,0.54,0.59,0.46,0.4,0.35,0.3,0.27,0.51,0.38,0.47
GWETTOP,1998,-1.0,39.375,0.71,0.56,0.45,0.59,0.58,0.42,0.4,0.34,0.29,0.27,0.47,0.32,0.45
GWETTOP,1998,-1.0,40.0,0.8,0.75,0.66,0.7,0.71,0.6,0.57,0.5,0.43,0.37,0.54,0.39,0.58
GWETTOP,1998,-1.0,40.625,0.8,0.74,0.65,0.67,0.67,0.57,0.54,0.49,0.42,0.37,0.49,0.4,0.57
GWETTOP,1998,-1.0,41.25,0.82,0.76,0.63,0.65,0.64,0.53,0.5,0.46,0.37,0.33,0.47,0.39,0.54
GWETTOP,1998,-1.0,41.875,0.7,0.59,0.46,0.5,0.49,0.41,0.39,0.35,0.27,0.25,0.36,0.32,0.42
GWETTOP,1998,-1.5,34.375,0.79,0.78,0.66,0.62,0.66,0.62,0.44,0.33,0.32,0.42,0.35,0.3,0.52
GWETTOP,1998,-1.5,35.0,0.87,0.89,0.78,0.71,0.79,0.73,0.61,0.47,0.37,0.37,0.36,0.27,0.6
GWETTOP,1998,-1.5,35.625,0.86,0.89,0.8,0.73,0.83,0.83,0.72,0.57,0.48,0.38,0.39,0.24,0.64
GWETTOP,1998,-1.5,36.25,0.59,0.58,0.45,0.46,0.64,0.62,0.5,0.4,0.33,0.24,0.31,0.19,0.44
GWETTOP,1998,-1.5,36.875,0.87,0.8,0.65,0.68,0.8,0.73,0.62,0.42,0.36,0.3,0.53,0.36,0.59
GWETTOP,1998,-1.5,37.5,0.86,0.81,0.69,0.66,0.73,0.66,0.53,0.46,0.36,0.29,0.47,0.42,0.58
GWETTOP,1998,-1.5,38.125,0.75,0.72,0.65,0.63,0.66,0.61,0.54,0.49,0.44,0.4,0.49,0.44,0.57
GWETTOP,1998,-1.5,38.75,0.71,0.67,0.62,0.63,0.64,0.53,0.48,0.43,0.36,0.32,0.5,0.38,0.52
GWETTOP,1998,-1.5,39.375,0.72,0.67,0.61,0.64,0.65,0.52,0.49,0.42,0.35,0.31,0.49,0.34,0.52
GWETTOP,1998,-1.5,40.0,0.81,0.76,0.69,0.72,0.74,0.65,0.6,0.54,0.43,0.38,0.55,0.39,0.6
GWETTOP,1998,-1.5,40.625,0.82,0.76,0.65,0.68,0.68,0.57,0.53,0.49,0.41,0.37,0.48,0.4,0.57
GWETTOP,1998,-1.5,41.25,0.85,0.77,0.62,0.63,0.65,0.52,0.49,0.44,0.33,0.3,0.47,0.39,0.54
GWETTOP,1998,-1.5,41.875,0.87,0.81,0.71,0.72,0.71,0.65,0.64,0.62,0.58,0.54,0.62,0.61,0.67
GWETTOP,1998,-1.7975103014118005e-13,34.375,0.76,0.69,0.56,0.55,0.68,0.66,0.61,0.55,0.51,0.56,0.52,0.37,0.58
GWETTOP,1998,-1.7975103014118005e-13,35.0,0.82,0.81,0.73,0.71,0.82,0.83,0.83,0.79,0.72,0.73,0.7,0.55,0.75
GWETTOP,1998,-1.7975103014118005e-13,35.625,0.79,0.82,0.78,0.76,0.84,0.86,0.87,0.85,0.81,0.79,0.78,0.69,0.8
GWETTOP,1998,-1.7975103014118005e-13,36.25,0.63,0.63,0.56,0.56,0.66,0.64,0.66,0.63,0.57,0.56,0.54,0.45,0.59
GWETTOP,1998,-1.7975103014118005e-13,36.875,0.74,0.73,0.67,0.65,0.69,0.66,0.64,0.61,0.54,0.51,0.53,0.44,0.62
GWETTOP,1998,-1.7975103014118005e-13,37.5,0.86,0.83,0.75,0.73,0.77,0.73,0.69,0.64,0.57,0.52,0.58,0.49,0.68
GWETTOP,1998,-1.7975103014118005e-13,38.125,0.8,0.75,0.67,0.61,0.6,0.52,0.44,0.38,0.31,0.27,0.46,0.4,0.52
GWETTOP,1998,-1.7975103014118005e-13,38.75,0.71,0.66,0.57,0.53,0.51,0.43,0.38,0.34,0.28,0.23,0.39,0.32,0.44
GWETTOP,1998,-1.7975103014118005e-13,39.375,0.71,0.65,0.54,0.52,0.51,0.41,0.37,0.34,0.28,0.23,0.34,0.27,0.43
GWETTOP,1998,-1.7975103014118005e-13,40.0,0.77,0.72,0.62,0.6,0.6,0.5,0.43,0.38,0.32,0.26,0.36,0.29,0.49
GWETTOP,1998,-1.7975103014118005e-13,40.625,0.81,0.73,0.6,0.61,0.6,0.49,0.44,0.39,0.31,0.26,0.38,0.3,0.49
GWETTOP,1998,-1.7975103014118005e-13,41.25,0.77,0.7,0.59,0.62,0.61,0.5,0.47,0.43,0.36,0.33,0.41,0.34,0.51
GWETTOP,1998,-1.7975103014118005e-13,41.875,0.84,0.75,0.61,0.63,0.63,0.52,0.47,0.41,0.32,0.29,0.43,0.34,0.52
GWETTOP,1998,-2.0,34.375,0.74,0.75,0.65,0.62,0.65,0.58,0.34,0.28,0.3,0.35,0.31,0.3,0.49
GWETTOP,1998,-2.0,35.0,0.84,0.86,0.74,0.71,0.78,0.67,0.55,0.35,0.31,0.3,0.37,0.28,0.56
GWETTOP,1998,-2.0,35.625,0.83,0.85,0.73,0.72,0.81,0.75,0.61,0.5,0.38,0.28,0.39,0.27,0.59
GWETTOP,1998,-2.0,36.25,0.47,0.47,0.38,0.42,0.5,0.44,0.36,0.26,0.18,0.15,0.22,0.17,0.33
GWETTOP,1998,-2.0,36.875,0.83,0.76,0.63,0.68,0.76,0.67,0.52,0.29,0.3,0.25,0.46,0.35,0.54
GWETTOP,1998,-2.0,37.5,0.8,0.74,0.62,0.63,0.7,0.6,0.47,0.35,0.29,0.24,0.45,0.39,0.52
GWETTOP,1998,-2.0,38.125,0.74,0.72,0.66,0.64,0.65,0.58,0.5,0.44,0.38,0.34,0.45,0.42,0.54
GWETTOP,1998,-2.0,38.75,0.73,0.7,0.65,0.66,0.67,0.6,0.54,0.48,0.42,0.37,0.52,0.43,0.56
GWETTOP,1998,-2.0,39.375,0.77,0.75,0.69,0.71,0.72,0.64,0.6,0.53,0.46,0.39,0.54,0.41,0.6
GWETTOP,1998,-2.0,40.0,0.77,0.73,0.66,0.68,0.7,0.61,0.55,0.48,0.41,0.36,0.49,0.37,0.57
GWETTOP,1998,-2.0,40.625,0.82,0.73,0.61,0.64,0.66,0.55,0.51,0.46,0.39,0.34,0.46,0.38,0.54
GWETTOP,1998,-2.0,41.25,0.72,0.61,0.49,0.54,0.56,0.48,0.47,0.45,0.41,0.36,0.44,0.41,0.49
GWETTOP,1998,-2.0,41.875,0.87,0.81,0.72,0.73,0.74,0.69,0.67,0.66,0.64,0.6,0.65,0.64,0.7
GWETTOP,1998,-2.5,34.375,0.65,0.67,0.55,0.55,0.54,0.47,0.26,0.2,0.22,0.22,0.28,0.29,0.41
GWETTOP,1998,-2.5,35.0,0.74,0.78,0.66,0.64,0.66,0.54,0.44,0.24,0.23,0.19,0.29,0.28,0.47
GWETTOP,1998,-2.5,35.625,0.69,0.74,0.59,0.6,0.64,0.55,0.43,0.26,0.21,0.17,0.28,0.26,0.45
GWETTOP,1998,-2.5,36.25,0.55,0.55,0.46,0.5,0.53,0.45,0.34,0.24,0.17,0.14,0.21,0.22,0.36
GWETTOP,1998,-2.5,36.875,0.78,0.74,0.63,0.65,0.7,0.61,0.37,0.23,0.22,0.18,0.36,0.36,0.48
GWETTOP,1998,-2.5,37.5,0.82,0.77,0.64,0.66,0.7,0.57,0.37,0.25,0.25,0.21,0.4,0.43,0.5
GWETTOP,1998,-2.5,38.125,0.8,0.8,0.73,0.71,0.72,0.63,0.55,0.47,0.42,0.34,0.48,0.5,0.59
GWETTOP,1998,-2.5,38.75,0.76,0.74,0.68,0.7,0.71,0.63,0.58,0.52,0.46,0.41,0.53,0.49,0.6
GWETTOP,1998,-2.5,39.375,0.87,0.86,0.8,0.81,0.83,0.76,0.72,0.65,0.58,0.5,0.6,0.54,0.71
GWETTOP,1998,-2.5,40.0,0.72,0.68,0.59,0.61,0.62,0.53,0.48,0.42,0.38,0.35,0.43,0.38,0.51
GWETTOP,1998,-2.5,40.625,0.8,0.72,0.61,0.64,0.67,0.58,0.55,0.52,0.49,0.46,0.53,0.5,0.59
GWETTOP,1998,-2.5,41.25,1.0,1.0,1.0,1.0,1.0,1.0,1.0,1.0,1.0,1.0,1.0,1.0,1.0
GWETTOP,1998,-2.5,41.875,1.0,1.0,1.0,1.0,1.0,1.0,1.0,1.0,1.0,1.0,1.0,1.0,1.0
GWETTOP,1998,-3.0,34.375,0.65,0.67,0.54,0.55,0.51,0.42,0.21,0.17,0.19,0.15,0.26,0.31,0.38
GWETTOP,1998,-3.0,35.0,0.68,0.73,0.6,0.58,0.58,0.5,0.35,0.2,0.19,0.15,0.24,0.29,0.42
GWETTOP,1998,-3.0,35.625,0.72,0.77,0.65,0.65,0.68,0.55,0.48,0.41,0.26,0.19,0.24,0.31,0.49
GWETTOP,1998,-3.0,36.25,0.66,0.7,0.59,0.62,0.64,0.57,0.37,0.23,0.19,0.16,0.21,0.27,0.43
GWETTOP,1998,-3.0,36.875,0.83,0.82,0.68,0.69,0.76,0.63,0.56,0.34,0.27,0.24,0.37,0.43,0.55
GWETTOP,1998,-3.0,37.5,0.75,0.77,0.65,0.64,0.71,0.59,0.49,0.44,0.36,0.23,0.31,0.4,0.53
GWETTOP,1998,-3.0,38.125,0.77,0.78,0.71,0.7,0.71,0.62,0.56,0.5,0.46,0.41,0.46,0.5,0.6
GWETTOP,1998,-3.0,38.75,0.76,0.75,0.66,0.68,0.69,0.6,0.55,0.5,0.45,0.4,0.49,0.5,0.58
GWETTOP,1998,-3.0,39.375,0.85,0.84,0.76,0.77,0.79,0.72,0.68,0.62,0.55,0.48,0.55,0.55,0.68
GWETTOP,1998,-3.0,40.0,0.7,0.66,0.55,0.58,0.6,0.51,0.45,0.4,0.38,0.36,0.4,0.38,0.5
GWETTOP,1998,-3.0,40.625,0.92,0.89,0.83,0.84,0.86,0.81,0.79,0.77,0.76,0.75,0.77,0.76,0.81
GWETTOP,1998,-3.0,41.25,1.0,1.0,1.0,1.0,1.0,1.0,1.0,1.0,1.0,1.0,1.0,1.0,1.0
GWETTOP,1998,-3.0,41.875,1.0,1.0,1.0,1.0,1.0,1.0,1.0,1.0,1.0,1.0,1.0,1.0,1.0
GWETTOP,1998,-3.5,34.375,0.63,0.63,0.52,0.52,0.48,0.33,0.18,0.15,0.16,0.14,0.25,0.31,0.36
GWETTOP,1998,-3.5,35.0,0.61,0.66,0.54,0.54,0.51,0.45,0.3,0.2,0.18,0.15,0.22,0.28,0.38
GWETTOP,1998,-3.5,35.625,0.6,0.64,0.54,0.57,0.56,0.5,0.46,0.35,0.25,0.19,0.22,0.28,0.43
GWETTOP,1998,-3.5,36.25,0.6,0.63,0.52,0.54,0.55,0.47,0.3,0.2,0.17,0.15,0.22,0.25,0.38
GWETTOP,1998,-3.5,36.875,0.64,0.64,0.52,0.54,0.61,0.5,0.45,0.26,0.21,0.18,0.28,0.28,0.42
GWETTOP,1998,-3.5,37.5,0.6,0.59,0.5,0.55,0.6,0.51,0.47,0.36,0.27,0.22,0.31,0.35,0.44
GWETTOP,1998,-3.5,38.125,0.71,0.7,0.62,0.63,0.66,0.55,0.5,0.44,0.42,0.36,0.43,0.46,0.54
GWETTOP,1998,-3.5,38.75,0.73,0.73,0.66,0.68,0.7,0.62,0.57,0.52,0.49,0.45,0.5,0.5,0.59
GWETTOP,1998,-3.5,39.375,0.8,0.78,0.71,0.73,0.77,0.7,0.65,0.59,0.52,0.46,0.51,0.5,0.64
GWETTOP,1998,-3.5,40.0,0.77,0.75,0.68,0.7,0.73,0.65,0.6,0.56,0.53,0.5,0.53,0.52,0.63
GWETTOP,1998,-3.5,40.625,0.97,0.97,0.95,0.95,0.96,0.94,0.93,0.92,0.92,0.92,0.92,0.92,0.94
GWETTOP,1998,-3.5,41.25,1.0,1.0,1.0,1.0,1.0,1.0,1.0,1.0,1.0,1.0,1.0,1.0,1.0
GWETTOP,1998,-3.5,41.875,1.0,1.0,1.0,1.0,1.0,1.0,1.0,1.0,1.0,1.0,1.0,1.0,1.0
GWETTOP,1998,-4.0,34.375,0.59,0.6,0.51,0.53,0.47,0.33,0.23,0.18,0.17,0.14,0.25,0.32,0.36
GWETTOP,1998,-4.0,35.0,0.65,0.68,0.58,0.61,0.56,0.48,0.36,0.29,0.25,0.2,0.27,0.31,0.44
GWETTOP,1998,-4.0,35.625,0.63,0.66,0.58,0.59,0.57,0.52,0.48,0.43,0.33,0.26,0.27,0.29,0.47
GWETTOP,1998,-4.0,36.25,0.6,0.61,0.51,0.53,0.52,0.47,0.36,0.26,0.21,0.18,0.23,0.26,0.39
GWETTOP,1998,-4.0,36.875,0.63,0.62,0.51,0.55,0.56,0.48,0.44,0.32,0.26,0.22,0.3,0.31,0.43
GWETTOP,1998,-4.0,37.5,0.63,0.63,0.53,0.57,0.58,0.51,0.47,0.37,0.32,0.27,0.34,0.36,0.46
GWETTOP,1998,-4.0,38.125,0.72,0.72,0.58,0.65,0.66,0.55,0.49,0.4,0.39,0.34,0.43,0.45,0.53
GWETTOP,1998,-4.0,38.75,0.71,0.69,0.56,0.65,0.66,0.56,0.49,0.43,0.44,0.37,0.44,0.43,0.53
GWETTOP,1998,-4.0,39.375,0.68,0.62,0.51,0.61,0.66,0.58,0.51,0.45,0.41,0.38,0.41,0.38,0.52
GWETTOP,1998,-4.0,40.0,0.72,0.7,0.63,0.69,0.73,0.64,0.58,0.54,0.53,0.51,0.52,0.51,0.61
GWETTOP,1998,-4.0,40.625,1.0,1.0,1.0,1.0,1.0,1.0,1.0,1.0,1.0,1.0,1.0,1.0,1.0
GWETTOP,1998,-4.0,41.25,1.0,1.0,1.0,1.0,1.0,1.0,1.0,1.0,1.0,1.0,1.0,1.0,1.0
GWETTOP,1998,-4.0,41.875,1.0,1.0,1.0,1.0,1.0,1.0,1.0,1.0,1.0,1.0,1.0,1.0,1.0
GWETTOP,1998,-4.5,34.375,0.53,0.55,0.47,0.51,0.44,0.37,0.34,0.29,0.25,0.21,0.26,0.3,0.38
GWETTOP,1998,-4.5,35.0,0.6,0.64,0.53,0.59,0.53,0.44,0.4,0.35,0.31,0.26,0.29,0.29,0.43
GWETTOP,1998,-4.5,35.625,0.58,0.61,0.51,0.55,0.51,0.44,0.42,0.39,0.33,0.27,0.28,0.26,0.43
GWETTOP,1998,-4.5,36.25,0.58,0.6,0.49,0.53,0.51,0.46,0.39,0.32,0.28,0.24,0.27,0.27,0.41
GWETTOP,1998,-4.5,36.875,0.63,0.62,0.51,0.56,0.54,0.48,0.45,0.37,0.33,0.28,0.33,0.32,0.45
GWETTOP,1998,-4.5,37.5,0.64,0.64,0.55,0.58,0.58,0.5,0.48,0.42,0.37,0.32,0.35,0.35,0.48
GWETTOP,1998,-4.5,38.125,0.79,0.79,0.71,0.73,0.77,0.69,0.64,0.56,0.51,0.46,0.49,0.52,0.64
GWETTOP,1998,-4.5,38.75,0.78,0.78,0.69,0.72,0.77,0.68,0.62,0.54,0.5,0.45,0.49,0.5,0.63
GWETTOP,1998,-4.5,39.375,0.61,0.57,0.48,0.57,0.61,0.52,0.46,0.42,0.4,0.38,0.39,0.38,0.48
GWETTOP,1998,-4.5,40.0,0.96,0.96,0.95,0.96,0.97,0.96,0.95,0.95,0.95,0.95,0.95,0.95,0.95
GWETTOP,1998,-4.5,40.625,1.0,1.0,1.0,1.0,1.0,1.0,1.0,1.0,1.0,1.0,1.0,1.0,1.0
GWETTOP,1998,-4.5,41.25,1.0,1.0,1.0,1.0,1.0,1.0,1.0,1.0,1.0,1.0,1.0,1.0,1.0
GWETTOP,1998,-4.5,41.875,1.0,1.0,1.0,1.0,1.0,1.0,1.0,1.0,1.0,1.0,1.0,1.0,1.0
GWETTOP,1998,0.5,34.375,0.61,0.55,0.45,0.51,0.6,0.57,0.58,0.57,0.54,0.58,0.53,0.39,0.54
GWETTOP,1998,0.5,35.0,0.76,0.73,0.64,0.65,0.75,0.76,0.8,0.8,0.76,0.77,0.74,0.63,0.73
GWETTOP,1998,0.5,35.625,0.71,0.67,0.56,0.55,0.69,0.72,0.77,0.79,0.74,0.72,0.67,0.53,0.68
GWETTOP,1998,0.5,36.25,0.55,0.5,0.43,0.42,0.51,0.51,0.58,0.58,0.49,0.47,0.45,0.35,0.49
GWETTOP,1998,0.5,36.875,0.8,0.75,0.64,0.59,0.63,0.59,0.61,0.6,0.53,0.49,0.54,0.42,0.6
GWETTOP,1998,0.5,37.5,0.77,0.71,0.58,0.5,0.51,0.47,0.45,0.42,0.36,0.31,0.4,0.34,0.48
GWETTOP,1998,0.5,38.125,0.79,0.74,0.62,0.52,0.49,0.41,0.36,0.33,0.24,0.19,0.37,0.33,0.45
GWETTOP,1998,0.5,38.75,0.79,0.75,0.64,0.55,0.52,0.41,0.36,0.3,0.23,0.17,0.34,0.28,0.44
GWETTOP,1998,0.5,39.375,0.84,0.78,0.64,0.55,0.55,0.42,0.35,0.29,0.21,0.16,0.33,0.23,0.44
GWETTOP,1998,0.5,40.0,0.86,0.78,0.61,0.53,0.56,0.42,0.36,0.3,0.22,0.17,0.32,0.22,0.44
GWETTOP,1998,0.5,40.625,0.84,0.72,0.53,0.52,0.55,0.41,0.36,0.3,0.22,0.17,0.3,0.22,0.43
GWETTOP,1998,0.5,41.25,0.8,0.72,0.61,0.62,0.63,0.53,0.47,0.42,0.36,0.32,0.36,0.29,0.51
GWETTOP,1998,0.5,41.875,0.86,0.77,0.64,0.64,0.65,0.53,0.47,0.42,0.35,0.3,0.37,0.28,0.52
GWETTOP,1998,1.0,34.375,0.68,0.63,0.53,0.54,0.64,0.63,0.67,0.69,0.68,0.71,0.69,0.59,0.64
GWETTOP,1998,1.0,35.0,0.8,0.7,0.58,0.56,0.7,0.71,0.77,0.83,0.8,0.79,0.78,0.65,0.72
GWETTOP,1998,1.0,35.625,0.67,0.49,0.38,0.4,0.57,0.58,0.67,0.7,0.6,0.53,0.49,0.38,0.54
GWETTOP,1998,1.0,36.25,0.53,0.42,0.35,0.32,0.39,0.4,0.45,0.46,0.4,0.38,0.37,0.26,0.39
GWETTOP,1998,1.0,36.875,0.7,0.61,0.46,0.41,0.43,0.41,0.44,0.44,0.39,0.36,0.39,0.34,0.45
GWETTOP,1998,1.0,37.5,0.79,0.72,0.57,0.48,0.45,0.4,0.37,0.34,0.28,0.23,0.37,0.32,0.44
GWETTOP,1998,1.0,38.125,0.68,0.61,0.5,0.43,0.41,0.36,0.33,0.28,0.2,0.15,0.34,0.28,0.38
GWETTOP,1998,1.0,38.75,0.71,0.65,0.56,0.52,0.49,0.4,0.35,0.29,0.23,0.18,0.34,0.25,0.41
GWETTOP,1998,1.0,39.375,0.83,0.77,0.61,0.51,0.52,0.4,0.32,0.24,0.18,0.15,0.34,0.22,0.42
GWETTOP,1998,1.0,40.0,0.86,0.75,0.52,0.44,0.48,0.37,0.33,0.24,0.18,0.15,0.32,0.21,0.4
GWETTOP,1998,1.0,40.625,0.87,0.73,0.51,0.47,0.51,0.39,0.32,0.25,0.17,0.14,0.29,0.21,0.4
GWETTOP,1998,1.0,41.25,0.89,0.78,0.65,0.62,0.64,0.53,0.46,0.38,0.27,0.2,0.33,0.23,0.5
GWETTOP,1998,1.0,41.875,0.87,0.73,0.55,0.52,0.56,0.43,0.35,0.33,0.25,0.2,0.32,0.21,0.44
GWETTOP,1998,1.5,34.375,0.5,0.43,0.29,0.35,0.52,0.51,0.56,0.58,0.54,0.56,0.53,0.4,0.48
GWETTOP,1998,1.5,35.0,0.56,0.45,0.35,0.35,0.49,0.49,0.56,0.62,0.55,0.52,0.52,0.4,0.49
GWETTOP,1998,1.5,35.625,0.45,0.35,0.26,0.28,0.39,0.41,0.46,0.47,0.4,0.37,0.37,0.27,0.37
GWETTOP,1998,1.5,36.25,0.41,0.31,0.2,0.22,0.31,0.35,0.39,0.38,0.31,0.27,0.31,0.16,0.3
GWETTOP,1998,1.5,36.875,0.69,0.6,0.49,0.43,0.42,0.4,0.39,0.37,0.32,0.26,0.36,0.32,0.42
GWETTOP,1998,1.5,37.5,0.63,0.53,0.46,0.42,0.39,0.37,0.35,0.33,0.26,0.2,0.35,0.27,0.38
GWETTOP,1998,1.5,38.125,0.66,0.58,0.52,0.5,0.48,0.4,0.35,0.32,0.27,0.23,0.36,0.28,0.41
GWETTOP,1998,1.5,38.75,0.76,0.69,0.62,0.6,0.58,0.5,0.45,0.37,0.29,0.24,0.44,0.29,0.48
GWETTOP,1998,1.5,39.375,0.85,0.77,0.63,0.55,0.53,0.42,0.36,0.29,0.2,0.15,0.36,0.25,0.44
GWETTOP,1998,1.5,40.0,0.87,0.77,0.59,0.5,0.52,0.41,0.33,0.25,0.18,0.15,0.37,0.25,0.43
GWETTOP,1998,1.5,40.625,0.89,0.76,0.53,0.49,0.54,0.4,0.31,0.25,0.18,0.15,0.33,0.23,0.42
GWETTOP,1998,1.5,41.25,0.87,0.7,0.46,0.42,0.47,0.37,0.33,0.27,0.17,0.13,0.29,0.19,0.39
GWETTOP,1998,1.5,41.875,0.87,0.68,0.42,0.41,0.53,0.39,0.29,0.26,0.18,0.15,0.31,0.19,0.39
GWETTOP,1998,2.0,34.375,0.42,0.31,0.22,0.25,0.44,0.43,0.49,0.51,0.44,0.45,0.42,0.27,0.39
GWETTOP,1998,2.0,35.0,0.47,0.37,0.25,0.25,0.39,0.4,0.44,0.47,0.42,0.4,0.4,0.27,0.38
GWETTOP,1998,2.0,35.625,0.4,0.33,0.18,0.21,0.32,0.35,0.37,0.37,0.32,0.27,0.32,0.17,0.3
GWETTOP,1998,2.0,36.25,0.4,0.27,0.18,0.2,0.25,0.33,0.33,0.3,0.2,0.19,0.29,0.16,0.26
GWETTOP,1998,2.0,36.875,0.59,0.48,0.41,0.4,0.37,0.36,0.33,0.3,0.24,0.2,0.36,0.28,0.36
GWETTOP,1998,2.0,37.5,0.66,0.53,0.44,0.42,0.39,0.36,0.32,0.26,0.19,0.16,0.36,0.28,0.36
GWETTOP,1998,2.0,38.125,0.75,0.67,0.58,0.55,0.52,0.44,0.39,0.31,0.23,0.19,0.41,0.32,0.45
GWETTOP,1998,2.0,38.75,0.75,0.69,0.61,0.58,0.55,0.46,0.41,0.36,0.27,0.22,0.41,0.31,0.47
GWETTOP,1998,2.0,39.375,0.83,0.74,0.59,0.52,0.52,0.4,0.35,0.29,0.2,0.16,0.37,0.31,0.44
GWETTOP,1998,2.0,40.0,0.86,0.75,0.54,0.5,0.53,0.4,0.34,0.29,0.19,0.16,0.4,0.32,0.44
GWETTOP,1998,2.0,40.625,0.9,0.72,0.48,0.55,0.64,0.42,0.31,0.31,0.23,0.19,0.44,0.28,0.45
GWETTOP,1998,2.0,41.25,0.86,0.68,0.44,0.45,0.5,0.36,0.3,0.26,0.19,0.15,0.34,0.22,0.39
GWETTOP,1998,2.0,41.875,0.86,0.65,0.33,0.47,0.66,0.42,0.29,0.3,0.21,0.18,0.38,0.23,0.41
GWETTOP,1998,2.5,34.375,0.43,0.31,0.25,0.27,0.4,0.41,0.47,0.46,0.34,0.4,0.37,0.24,0.36
GWETTOP,1998,2.5,35.0,0.46,0.37,0.27,0.24,0.35,0.38,0.41,0.42,0.36,0.35,0.35,0.21,0.35
GWETTOP,1998,2.5,35.625,0.41,0.34,0.21,0.19,0.28,0.34,0.36,0.36,0.3,0.24,0.29,0.16,0.29
GWETTOP,1998,2.5,36.25,0.41,0.3,0.21,0.21,0.23,0.32,0.26,0.25,0.17,0.17,0.28,0.16,0.25
GWETTOP,1998,2.5,36.875,0.52,0.42,0.37,0.36,0.34,0.32,0.24,0.21,0.16,0.16,0.33,0.22,0.3
GWETTOP,1998,2.5,37.5,0.63,0.5,0.41,0.41,0.38,0.34,0.25,0.21,0.16,0.16,0.35,0.24,0.34
GWETTOP,1998,2.5,38.125,0.76,0.64,0.5,0.5,0.49,0.4,0.35,0.27,0.19,0.18,0.39,0.32,0.41
GWETTOP,1998,2.5,38.75,0.76,0.65,0.51,0.51,0.51,0.4,0.34,0.28,0.19,0.18,0.38,0.32,0.42
GWETTOP,1998,2.5,39.375,0.81,0.67,0.48,0.48,0.51,0.39,0.35,0.3,0.19,0.18,0.38,0.32,0.42
GWETTOP,1998,2.5,40.0,0.83,0.68,0.46,0.49,0.55,0.41,0.36,0.33,0.21,0.19,0.4,0.32,0.43
GWETTOP,1998,2.5,40.625,0.84,0.67,0.46,0.51,0.59,0.41,0.3,0.3,0.23,0.22,0.41,0.26,0.43
GWETTOP,1998,2.5,41.25,0.73,0.55,0.37,0.38,0.39,0.26,0.22,0.21,0.18,0.17,0.25,0.18,0.32
GWETTOP,1998,2.5,41.875,0.76,0.59,0.38,0.38,0.49,0.33,0.26,0.24,0.2,0.19,0.27,0.18,0.35
GWETTOP,1998,3.0,34.375,0.52,0.42,0.28,0.31,0.41,0.46,0.51,0.49,0.37,0.43,0.38,0.22,0.4
GWETTOP,1998,3.0,35.0,0.48,0.37,0.28,0.25,0.33,0.37,0.39,0.38,0.31,0.27,0.32,0.17,0.33
GWETTOP,1998,3.0,35.625,0.43,0.35,0.25,0.21,0.26,0.33,0.34,0.3,0.18,0.19,0.27,0.16,0.27
GWETTOP,1998,3.0,36.25,0.47,0.37,0.3,0.27,0.25,0.28,0.18,0.18,0.13,0.13,0.27,0.17,0.25
GWETTOP,1998,3.0,36.875,0.5,0.4,0.35,0.35,0.32,0.28,0.18,0.17,0.13,0.13,0.28,0.19,0.27
GWETTOP,1998,3.0,37.5,0.53,0.4,0.33,0.37,0.34,0.29,0.17,0.15,0.11,0.14,0.28,0.2,0.27
GWETTOP,1998,3.0,38.125,0.69,0.55,0.44,0.48,0.5,0.4,0.34,0.28,0.16,0.18,0.34,0.28,0.39
GWETTOP,1998,3.0,38.75,0.76,0.6,0.46,0.53,0.57,0.44,0.38,0.28,0.18,0.21,0.39,0.3,0.42
GWETTOP,1998,3.0,39.375,0.75,0.56,0.39,0.47,0.53,0.39,0.36,0.33,0.21,0.21,0.35,0.29,0.4
GWETTOP,1998,3.0,40.0,0.78,0.59,0.4,0.48,0.55,0.41,0.35,0.34,0.23,0.23,0.37,0.29,0.42
GWETTOP,1998,3.0,40.625,0.75,0.57,0.37,0.43,0.5,0.37,0.27,0.26,0.21,0.22,0.34,0.23,0.38
GWETTOP,1998,3.0,41.25,0.65,0.47,0.31,0.37,0.41,0.29,0.23,0.23,0.19,0.19,0.27,0.19,0.32
GWETTOP,1998,3.0,41.875,0.7,0.55,0.37,0.36,0.44,0.32,0.28,0.25,0.17,0.18,0.26,0.17,0.34
GWETTOP,1998,3.5,34.375,0.49,0.38,0.32,0.32,0.37,0.39,0.42,0.41,0.32,0.36,0.37,0.24,0.37
GWETTOP,1998,3.5,35.0,0.5,0.38,0.32,0.3,0.34,0.37,0.37,0.35,0.24,0.23,0.33,0.19,0.33
GWETTOP,1998,3.5,35.625,0.47,0.38,0.3,0.28,0.3,0.33,0.31,0.24,0.17,0.18,0.29,0.16,0.28
GWETTOP,1998,3.5,36.25,0.47,0.38,0.32,0.32,0.31,0.29,0.19,0.17,0.13,0.14,0.3,0.17,0.26
GWETTOP,1998,3.5,36.875,0.51,0.41,0.36,0.38,0.37,0.34,0.25,0.17,0.13,0.16,0.32,0.2,0.3
GWETTOP,1998,3.5,37.5,0.56,0.44,0.37,0.42,0.42,0.36,0.27,0.22,0.16,0.18,0.35,0.22,0.33
GWETTOP,1998,3.5,38.125,0.65,0.5,0.41,0.49,0.57,0.45,0.39,0.35,0.26,0.23,0.35,0.28,0.41
GWETTOP,1998,3.5,38.75,0.63,0.47,0.38,0.47,0.57,0.44,0.4,0.36,0.29,0.27,0.36,0.28,0.41
GWETTOP,1998,3.5,39.375,0.75,0.57,0.42,0.51,0.62,0.47,0.43,0.41,0.31,0.31,0.39,0.31,0.46
GWETTOP,1998,3.5,40.0,0.75,0.56,0.37,0.47,0.55,0.41,0.35,0.34,0.23,0.26,0.37,0.27,0.41
GWETTOP,1998,3.5,40.625,0.76,0.59,0.36,0.51,0.6,0.44,0.29,0.31,0.23,0.27,0.42,0.27,0.42
GWETTOP,1998,3.5,41.25,0.67,0.53,0.35,0.39,0.45,0.32,0.24,0.23,0.19,0.2,0.29,0.21,0.34
GWETTOP,1998,3.5,41.875,0.61,0.45,0.28,0.31,0.38,0.26,0.2,0.18,0.13,0.15,0.24,0.16,0.28
GWETTOP,1998,4.0,34.375,0.57,0.45,0.37,0.42,0.45,0.47,0.47,0.42,0.27,0.4,0.43,0.24,0.41
GWETTOP,1998,4.0,35.0,0.58,0.46,0.35,0.39,0.42,0.44,0.4,0.35,0.22,0.25,0.38,0.2,0.37
GWETTOP,1998,4.0,35.625,0.52,0.42,0.35,0.35,0.37,0.36,0.34,0.28,0.18,0.2,0.32,0.18,0.32
GWETTOP,1998,4.0,36.25,0.48,0.4,0.34,0.35,0.37,0.33,0.23,0.18,0.13,0.19,0.31,0.16,0.29
GWETTOP,1998,4.0,36.875,0.5,0.43,0.36,0.39,0.41,0.37,0.32,0.21,0.14,0.22,0.33,0.19,0.32
GWETTOP,1998,4.0,37.5,0.54,0.45,0.37,0.41,0.44,0.4,0.33,0.24,0.16,0.24,0.35,0.2,0.34
GWETTOP,1998,4.0,38.125,0.64,0.55,0.44,0.49,0.57,0.5,0.46,0.4,0.29,0.35,0.42,0.29,0.45
GWETTOP,1998,4.0,38.75,0.79,0.71,0.6,0.6,0.69,0.63,0.6,0.48,0.29,0.38,0.55,0.35,0.55
GWETTOP,1998,4.0,39.375,0.86,0.74,0.6,0.62,0.72,0.62,0.56,0.45,0.28,0.39,0.57,0.37,0.56
GWETTOP,1998,4.0,40.0,0.77,0.59,0.44,0.51,0.59,0.47,0.4,0.33,0.22,0.31,0.44,0.28,0.45
GWETTOP,1998,4.0,40.625,0.78,0.6,0.4,0.51,0.61,0.45,0.31,0.3,0.22,0.29,0.45,0.28,0.43
GWETTOP,1998,4.0,41.25,0.7,0.54,0.37,0.39,0.45,0.35,0.27,0.21,0.15,0.2,0.32,0.21,0.35
GWETTOP,1998,4.0,41.875,0.65,0.47,0.32,0.33,0.41,0.32,0.25,0.17,0.13,0.16,0.28,0.17,0.3
GWETTOP,1998,4.5,34.375,0.56,0.42,0.41,0.52,0.53,0.53,0.51,0.41,0.24,0.45,0.46,0.23,0.44
GWETTOP,1998,4.5,35.0,0.65,0.54,0.42,0.48,0.51,0.5,0.44,0.35,0.24,0.31,0.42,0.21,0.42
GWETTOP,1998,4.5,35.625,0.54,0.45,0.37,0.39,0.42,0.4,0.37,0.33,0.2,0.24,0.33,0.18,0.35
GWETTOP,1998,4.5,36.25,0.48,0.42,0.34,0.37,0.42,0.37,0.31,0.22,0.16,0.27,0.31,0.15,0.32
GWETTOP,1998,4.5,36.875,0.48,0.45,0.37,0.38,0.44,0.4,0.36,0.29,0.19,0.32,0.33,0.17,0.35
GWETTOP,1998,4.5,37.5,0.62,0.59,0.47,0.48,0.57,0.54,0.46,0.34,0.24,0.45,0.44,0.22,0.45
GWETTOP,1998,4.5,38.125,0.8,0.75,0.61,0.59,0.65,0.61,0.56,0.43,0.28,0.45,0.53,0.32,0.55
GWETTOP,1998,4.5,38.75,0.77,0.71,0.57,0.56,0.61,0.58,0.52,0.4,0.26,0.41,0.5,0.31,0.52
GWETTOP,1998,4.5,39.375,0.7,0.58,0.46,0.48,0.56,0.49,0.42,0.33,0.23,0.34,0.45,0.28,0.44
GWETTOP,1998,4.5,40.0,0.65,0.5,0.39,0.42,0.49,0.43,0.35,0.3,0.2,0.3,0.4,0.26,0.39
GWETTOP,1998,4.5,40.625,0.71,0.52,0.38,0.41,0.47,0.39,0.3,0.24,0.19,0.28,0.37,0.23,0.37
GWETTOP,1998,4.5,41.25,0.72,0.55,0.37,0.39,0.47,0.36,0.32,0.24,0.16,0.25,0.33,0.22,0.36
GWETTOP,1998,4.5,41.875,0.64,0.44,0.31,0.34,0.45,0.35,0.25,0.18,0.13,0.19,0.31,0.17,0.31
GWETTOP,1999,-0.5,34.375,0.5,0.3,0.66,0.78,0.71,0.56,0.48,0.54,0.4,0.5,0.62,0.69,0.56
GWETTOP,1999,-0.5,35.0,0.45,0.28,0.62,0.68,0.6,0.5,0.47,0.5,0.47,0.5,0.56,0.6,0.52
GWETTOP,1999,-0.5,35.625,0.53,0.44,0.56,0.57,0.53,0.47,0.46,0.49,0.48,0.45,0.51,0.51,0.5
GWETTOP,1999,-0.5,36.25,0.42,0.36,0.47,0.49,0.45,0.39,0.41,0.44,0.42,0.39,0.47,0.47,0.43
GWETTOP,1999,-0.5,36.875,0.46,0.37,0.47,0.5,0.47,0.39,0.4,0.41,0.39,0.37,0.51,0.53,0.44
GWETTOP,1999,-0.5,37.5,0.44,0.34,0.47,0.51,0.5,0.44,0.42,0.44,0.42,0.37,0.55,0.59,0.46
GWETTOP,1999,-0.5,38.125,0.34,0.28,0.47,0.46,0.41,0.31,0.29,0.26,0.25,0.28,0.58,0.62,0.38
GWETTOP,1999,-0.5,38.75,0.28,0.24,0.44,0.4,0.37,0.28,0.27,0.25,0.24,0.26,0.55,0.56,0.35
GWETTOP,1999,-0.5,39.375,0.25,0.21,0.39,0.4,0.4,0.33,0.3,0.29,0.26,0.25,0.46,0.46,0.33
GWETTOP,1999,-0.5,40.0,0.29,0.24,0.41,0.44,0.46,0.37,0.33,0.33,0.3,0.27,0.48,0.51,0.37
GWETTOP,1999,-0.5,40.625,0.27,0.24,0.29,0.4,0.49,0.43,0.36,0.42,0.32,0.27,0.43,0.48,0.37
GWETTOP,1999,-0.5,41.25,0.27,0.25,0.27,0.4,0.5,0.44,0.36,0.43,0.32,0.28,0.43,0.49,0.37
GWETTOP,1999,-0.5,41.875,0.24,0.2,0.24,0.38,0.47,0.4,0.35,0.43,0.32,0.27,0.4,0.46,0.35
GWETTOP,1999,-1.0,34.375,0.49,0.37,0.58,0.59,0.51,0.42,0.36,0.4,0.32,0.4,0.52,0.55,0.46
GWETTOP,1999,-1.0,35.0,0.49,0.36,0.59,0.62,0.55,0.5,0.45,0.46,0.42,0.39,0.52,0.57,0.49
GWETTOP,1999,-1.0,35.625,0.41,0.26,0.52,0.57,0.51,0.47,0.44,0.45,0.43,0.35,0.49,0.53,0.45
GWETTOP,1999,-1.0,36.25,0.32,0.21,0.4,0.46,0.44,0.38,0.37,0.38,0.36,0.35,0.41,0.45,0.38
GWETTOP,1999,-1.0,36.875,0.34,0.23,0.44,0.52,0.5,0.41,0.34,0.35,0.35,0.31,0.54,0.64,0.42
GWETTOP,1999,-1.0,37.5,0.36,0.25,0.45,0.53,0.51,0.42,0.39,0.39,0.38,0.32,0.55,0.62,0.43
GWETTOP,1999,-1.0,38.125,0.33,0.27,0.49,0.46,0.41,0.31,0.28,0.26,0.27,0.28,0.63,0.63,0.39
GWETTOP,1999,-1.0,38.75,0.28,0.24,0.47,0.42,0.37,0.27,0.26,0.25,0.26,0.27,0.6,0.6,0.36
GWETTOP,1999,-1.0,39.375,0.25,0.2,0.41,0.46,0.45,0.33,0.3,0.32,0.29,0.26,0.56,0.52,0.36
GWETTOP,1999,-1.0,40.0,0.31,0.26,0.48,0.52,0.53,0.39,0.35,0.36,0.34,0.29,0.59,0.61,0.42
GWETTOP,1999,-1.0,40.625,0.29,0.26,0.3,0.43,0.51,0.45,0.37,0.45,0.34,0.28,0.45,0.5,0.39
GWETTOP,1999,-1.0,41.25,0.27,0.25,0.26,0.41,0.5,0.46,0.38,0.45,0.35,0.28,0.44,0.49,0.38
GWETTOP,1999,-1.0,41.875,0.24,0.22,0.22,0.35,0.41,0.36,0.31,0.37,0.29,0.24,0.35,0.4,0.31
GWETTOP,1999,-1.5,34.375,0.57,0.35,0.64,0.65,0.5,0.3,0.3,0.35,0.3,0.36,0.54,0.61,0.46
GWETTOP,1999,-1.5,35.0,0.48,0.31,0.61,0.66,0.55,0.37,0.29,0.34,0.33,0.29,0.5,0.6,0.45
GWETTOP,1999,-1.5,35.625,0.33,0.22,0.52,0.62,0.53,0.47,0.34,0.35,0.33,0.28,0.47,0.56,0.42
GWETTOP,1999,-1.5,36.25,0.2,0.14,0.37,0.45,0.41,0.32,0.27,0.28,0.25,0.22,0.4,0.45,0.31
GWETTOP,1999,-1.5,36.875,0.32,0.25,0.52,0.63,0.57,0.33,0.32,0.34,0.35,0.31,0.61,0.7,0.44
GWETTOP,1999,-1.5,37.5,0.33,0.26,0.44,0.5,0.47,0.35,0.29,0.32,0.33,0.29,0.53,0.64,0.4
GWETTOP,1999,-1.5,38.125,0.4,0.34,0.44,0.45,0.42,0.36,0.33,0.32,0.32,0.29,0.52,0.57,0.4
GWETTOP,1999,-1.5,38.75,0.3,0.26,0.48,0.47,0.41,0.31,0.29,0.29,0.3,0.27,0.56,0.59,0.38
GWETTOP,1999,-1.5,39.375,0.27,0.23,0.45,0.49,0.46,0.34,0.32,0.32,0.31,0.26,0.55,0.55,0.38
GWETTOP,1999,-1.5,40.0,0.31,0.27,0.44,0.53,0.57,0.45,0.38,0.42,0.37,0.3,0.56,0.58,0.43
GWETTOP,1999,-1.5,40.625,0.28,0.26,0.3,0.44,0.52,0.46,0.39,0.47,0.36,0.28,0.46,0.51,0.39
GWETTOP,1999,-1.5,41.25,0.27,0.24,0.25,0.42,0.51,0.48,0.41,0.46,0.36,0.27,0.43,0.49,0.38
GWETTOP,1999,-1.5,41.875,0.56,0.53,0.53,0.61,0.65,0.63,0.61,0.63,0.6,0.55,0.62,0.65,0.6
GWETTOP,1999,-1.7975103014118005e-13,34.375,0.43,0.31,0.55,0.63,0.63,0.51,0.51,0.5,0.44,0.5,0.53,0.58,0.51
GWETTOP,1999,-1.7975103014118005e-13,35.0,0.54,0.39,0.63,0.68,0.68,0.61,0.61,0.61,0.59,0.62,0.62,0.61,0.6
GWETTOP,1999,-1.7975103014118005e-13,35.625,0.61,0.51,0.59,0.61,0.6,0.56,0.55,0.56,0.55,0.54,0.55,0.53,0.56
GWETTOP,1999,-1.7975103014118005e-13,36.25,0.39,0.31,0.46,0.48,0.45,0.42,0.46,0.47,0.46,0.44,0.47,0.47,0.44
GWETTOP,1999,-1.7975103014118005e-13,36.875,0.39,0.33,0.43,0.44,0.41,0.37,0.38,0.39,0.37,0.36,0.43,0.46,0.4
GWETTOP,1999,-1.7975103014118005e-13,37.5,0.43,0.36,0.45,0.48,0.45,0.4,0.41,0.4,0.37,0.36,0.49,0.56,0.43
GWETTOP,1999,-1.7975103014118005e-13,38.125,0.32,0.27,0.42,0.43,0.39,0.32,0.3,0.25,0.21,0.25,0.49,0.55,0.35
GWETTOP,1999,-1.7975103014118005e-13,38.75,0.25,0.2,0.38,0.38,0.37,0.3,0.27,0.23,0.19,0.22,0.43,0.46,0.31
GWETTOP,1999,-1.7975103014118005e-13,39.375,0.2,0.16,0.35,0.37,0.38,0.33,0.3,0.25,0.21,0.23,0.38,0.4,0.3
GWETTOP,1999,-1.7975103014118005e-13,40.0,0.22,0.17,0.34,0.37,0.4,0.35,0.33,0.3,0.24,0.24,0.37,0.4,0.31
GWETTOP,1999,-1.7975103014118005e-13,40.625,0.2,0.17,0.26,0.34,0.42,0.38,0.35,0.34,0.25,0.27,0.38,0.41,0.32
GWETTOP,1999,-1.7975103014118005e-13,41.25,0.25,0.23,0.27,0.36,0.44,0.39,0.36,0.36,0.28,0.29,0.4,0.43,0.34
GWETTOP,1999,-1.7975103014118005e-13,41.875,0.22,0.2,0.3,0.38,0.48,0.41,0.39,0.39,0.29,0.32,0.42,0.46,0.36
GWETTOP,1999,-2.0,34.375,0.58,0.34,0.67,0.66,0.44,0.28,0.27,0.31,0.28,0.28,0.52,0.63,0.44
GWETTOP,1999,-2.0,35.0,0.5,0.31,0.63,0.7,0.58,0.37,0.28,0.3,0.31,0.25,0.52,0.63,0.45
GWETTOP,1999,-2.0,35.625,0.38,0.26,0.55,0.67,0.57,0.49,0.35,0.31,0.31,0.25,0.5,0.6,0.44
GWETTOP,1999,-2.0,36.25,0.19,0.13,0.33,0.39,0.34,0.22,0.17,0.16,0.17,0.14,0.34,0.39,0.25
GWETTOP,1999,-2.0,36.875,0.32,0.25,0.52,0.62,0.54,0.3,0.26,0.26,0.29,0.26,0.58,0.66,0.41
GWETTOP,1999,-2.0,37.5,0.32,0.24,0.46,0.53,0.47,0.29,0.24,0.25,0.28,0.25,0.52,0.62,0.37
GWETTOP,1999,-2.0,38.125,0.36,0.31,0.43,0.44,0.41,0.35,0.31,0.3,0.3,0.26,0.48,0.54,0.37
GWETTOP,1999,-2.0,38.75,0.33,0.3,0.5,0.51,0.44,0.35,0.32,0.32,0.32,0.29,0.56,0.59,0.4
GWETTOP,1999,-2.0,39.375,0.32,0.28,0.49,0.55,0.53,0.42,0.37,0.38,0.35,0.29,0.56,0.59,0.43
GWETTOP,1999,-2.0,40.0,0.29,0.25,0.42,0.5,0.53,0.43,0.37,0.41,0.36,0.29,0.51,0.53,0.41
GWETTOP,1999,-2.0,40.625,0.27,0.26,0.3,0.45,0.52,0.47,0.41,0.46,0.38,0.3,0.45,0.48,0.4
GWETTOP,1999,-2.0,41.25,0.33,0.31,0.31,0.43,0.49,0.46,0.45,0.46,0.42,0.35,0.43,0.46,0.41
GWETTOP,1999,-2.0,41.875,0.6,0.59,0.59,0.66,0.69,0.67,0.66,0.67,0.64,0.59,0.65,0.68,0.64
GWETTOP,1999,-2.5,34.375,0.5,0.36,0.61,0.59,0.46,0.27,0.23,0.24,0.2,0.17,0.44,0.53,0.38
GWETTOP,1999,-2.5,35.0,0.44,0.32,0.59,0.69,0.56,0.44,0.26,0.24,0.22,0.17,0.46,0.58,0.41
GWETTOP,1999,-2.5,35.625,0.35,0.23,0.52,0.63,0.56,0.46,0.26,0.2,0.21,0.17,0.46,0.57,0.39
GWETTOP,1999,-2.5,36.25,0.23,0.17,0.4,0.48,0.45,0.33,0.24,0.17,0.16,0.13,0.39,0.44,0.3
GWETTOP,1999,-2.5,36.875,0.33,0.25,0.52,0.62,0.6,0.38,0.24,0.21,0.22,0.2,0.54,0.63,0.4
GWETTOP,1999,-2.5,37.5,0.33,0.27,0.5,0.6,0.58,0.42,0.27,0.23,0.26,0.23,0.55,0.63,0.41
GWETTOP,1999,-2.5,38.125,0.39,0.35,0.48,0.52,0.5,0.41,0.33,0.29,0.3,0.26,0.54,0.6,0.41
GWETTOP,1999,-2.5,38.75,0.37,0.37,0.52,0.56,0.52,0.41,0.36,0.34,0.34,0.3,0.57,0.6,0.44
GWETTOP,1999,-2.5,39.375,0.4,0.4,0.56,0.66,0.68,0.6,0.51,0.49,0.46,0.37,0.63,0.67,0.54
GWETTOP,1999,-2.5,40.0,0.32,0.29,0.38,0.47,0.52,0.46,0.4,0.39,0.38,0.32,0.46,0.45,0.4
GWETTOP,1999,-2.5,40.625,0.44,0.42,0.44,0.55,0.63,0.58,0.53,0.53,0.52,0.48,0.53,0.53,0.52
GWETTOP,1999,-2.5,41.25,1.0,1.0,1.0,1.0,1.0,1.0,1.0,1.0,1.0,1.0,1.0,1.0,1.0
GWETTOP,1999,-2.5,41.875,1.0,1.0,1.0,1.0,1.0,1.0,1.0,1.0,1.0,1.0,1.0,1.0,1.0
GWETTOP,1999,-3.0,34.375,0.5,0.42,0.59,0.61,0.49,0.32,0.22,0.2,0.14,0.12,0.38,0.49,0.37
GWETTOP,1999,-3.0,35.0,0.44,0.33,0.59,0.73,0.64,0.49,0.35,0.21,0.18,0.15,0.4,0.53,0.42
GWETTOP,1999,-3.0,35.625,0.38,0.3,0.57,0.76,0.78,0.62,0.51,0.46,0.33,0.22,0.46,0.56,0.5
GWETTOP,1999,-3.0,36.25,0.32,0.21,0.55,0.68,0.69,0.58,0.45,0.24,0.21,0.18,0.47,0.57,0.43
GWETTOP,1999,-3.0,36.875,0.35,0.28,0.56,0.72,0.84,0.69,0.58,0.43,0.34,0.27,0.58,0.65,0.53
GWETTOP,1999,-3.0,37.5,0.34,0.27,0.47,0.61,0.73,0.6,0.49,0.45,0.39,0.25,0.48,0.55,0.47
GWETTOP,1999,-3.0,38.125,0.44,0.4,0.48,0.53,0.53,0.48,0.43,0.37,0.34,0.29,0.52,0.55,0.45
GWETTOP,1999,-3.0,38.75,0.39,0.41,0.5,0.57,0.56,0.46,0.39,0.36,0.35,0.31,0.57,0.58,0.45
GWETTOP,1999,-3.0,39.375,0.44,0.45,0.55,0.67,0.72,0.66,0.58,0.56,0.53,0.43,0.62,0.64,0.57
GWETTOP,1999,-3.0,40.0,0.34,0.32,0.38,0.48,0.55,0.49,0.42,0.4,0.39,0.35,0.45,0.43,0.42
GWETTOP,1999,-3.0,40.625,0.75,0.75,0.75,0.8,0.86,0.84,0.8,0.78,0.77,0.76,0.77,0.77,0.78
GWETTOP,1999,-3.0,41.25,1.0,1.0,1.0,1.0,1.0,1.0,1.0,1.0,1.0,1.0,1.0,1.0,1.0
GWETTOP,1999,-3.0,41.875,1.0,1.0,1.0,1.0,1.0,1.0,1.0,1.0,1.0,1.0,1.0,1.0,1.0
GWETTOP,1999,-3.5,34.375,0.53,0.44,0.57,0.58,0.48,0.28,0.21,0.17,0.13,0.12,0.36,0.46,0.36
GWETTOP,1999,-3.5,35.0,0.45,0.35,0.56,0.65,0.58,0.46,0.36,0.23,0.18,0.15,0.38,0.47,0.4
GWETTOP,1999,-3.5,35.625,0.36,0.26,0.52,0.66,0.66,0.54,0.5,0.45,0.34,0.23,0.43,0.49,0.45
GWETTOP,1999,-3.5,36.25,0.28,0.18,0.49,0.65,0.69,0.54,0.45,0.28,0.22,0.18,0.42,0.47,0.41
GWETTOP,1999,-3.5,36.875,0.26,0.2,0.46,0.64,0.79,0.64,0.52,0.44,0.3,0.22,0.45,0.49,0.45
GWETTOP,1999,-3.5,37.5,0.29,0.26,0.45,0.58,0.67,0.57,0.5,0.45,0.34,0.24,0.44,0.47,0.44
GWETTOP,1999,-3.5,38.125,0.36,0.38,0.48,0.56,0.55,0.48,0.44,0.4,0.37,0.3,0.52,0.51,0.45
GWETTOP,1999,-3.5,38.75,0.42,0.44,0.51,0.59,0.57,0.51,0.47,0.44,0.43,0.37,0.55,0.54,0.49
GWETTOP,1999,-3.5,39.375,0.41,0.45,0.53,0.66,0.71,0.67,0.6,0.58,0.56,0.43,0.6,0.61,0.57
GWETTOP,1999,-3.5,40.0,0.48,0.48,0.55,0.63,0.67,0.62,0.57,0.55,0.54,0.49,0.6,0.59,0.56
GWETTOP,1999,-3.5,40.625,0.92,0.92,0.92,0.93,0.96,0.96,0.94,0.93,0.92,0.92,0.92,0.92,0.93
GWETTOP,1999,-3.5,41.25,1.0,1.0,1.0,1.0,1.0,1.0,1.0,1.0,1.0,1.0,1.0,1.0,1.0
GWETTOP,1999,-3.5,41.875,1.0,1.0,1.0,1.0,1.0,1.0,1.0,1.0,1.0,1.0,1.0,1.0,1.0
GWETTOP,1999,-4.0,34.375,0.52,0.43,0.55,0.54,0.45,0.3,0.25,0.19,0.15,0.13,0.32,0.41,0.35
GWETTOP,1999,-4.0,35.0,0.51,0.36,0.59,0.66,0.59,0.51,0.43,0.33,0.27,0.22,0.42,0.48,0.45
GWETTOP,1999,-4.0,35.625,0.38,0.27,0.52,0.65,0.65,0.56,0.53,0.49,0.44,0.33,0.45,0.5,0.48
GWETTOP,1999,-4.0,36.25,0.3,0.2,0.49,0.62,0.63,0.52,0.48,0.39,0.3,0.22,0.43,0.44,0.42
GWETTOP,1999,-4.0,36.875,0.31,0.24,0.48,0.63,0.68,0.57,0.5,0.46,0.38,0.27,0.46,0.47,0.46
GWETTOP,1999,-4.0,37.5,0.33,0.3,0.5,0.61,0.62,0.54,0.5,0.44,0.37,0.3,0.49,0.49,0.46
GWETTOP,1999,-4.0,38.125,0.37,0.4,0.56,0.64,0.6,0.53,0.48,0.42,0.39,0.33,0.55,0.56,0.49
GWETTOP,1999,-4.0,38.75,0.36,0.39,0.53,0.63,0.6,0.53,0.49,0.46,0.43,0.35,0.57,0.53,0.49
GWETTOP,1999,-4.0,39.375,0.34,0.37,0.43,0.58,0.64,0.56,0.48,0.46,0.44,0.36,0.5,0.48,0.47
GWETTOP,1999,-4.0,40.0,0.5,0.52,0.55,0.63,0.65,0.59,0.55,0.53,0.52,0.5,0.6,0.57,0.56
GWETTOP,1999,-4.0,40.625,1.0,1.0,1.0,1.0,1.0,1.0,1.0,1.0,1.0,1.0,1.0,1.0,1.0
GWETTOP,1999,-4.0,41.25,1.0,1.0,1.0,1.0,1.0,1.0,1.0,1.0,1.0,1.0,1.0,1.0,1.0
GWETTOP,1999,-4.0,41.875,1.0,1.0,1.0,1.0,1.0,1.0,1.0,1.0,1.0,1.0,1.0,1.0,1.0
GWETTOP,1999,-4.5,34.375,0.48,0.35,0.51,0.49,0.39,0.34,0.32,0.26,0.22,0.19,0.3,0.36,0.35
GWETTOP,1999,-4.5,35.0,0.46,0.32,0.57,0.62,0.51,0.43,0.4,0.35,0.31,0.25,0.38,0.4,0.42
GWETTOP,1999,-4.5,35.625,0.34,0.24,0.49,0.61,0.56,0.47,0.44,0.42,0.39,0.32,0.4,0.41,0.43
GWETTOP,1999,-4.5,36.25,0.33,0.22,0.5,0.61,0.57,0.49,0.47,0.4,0.35,0.27,0.43,0.41,0.42
GWETTOP,1999,-4.5,36.875,0.35,0.26,0.51,0.62,0.59,0.51,0.48,0.45,0.4,0.32,0.47,0.45,0.45
GWETTOP,1999,-4.5,37.5,0.36,0.31,0.51,0.61,0.6,0.52,0.51,0.47,0.42,0.34,0.49,0.47,0.47
GWETTOP,1999,-4.5,38.125,0.44,0.45,0.62,0.7,0.7,0.66,0.66,0.58,0.52,0.45,0.6,0.62,0.58
GWETTOP,1999,-4.5,38.75,0.43,0.44,0.59,0.69,0.69,0.64,0.64,0.58,0.53,0.44,0.6,0.6,0.57
GWETTOP,1999,-4.5,39.375,0.36,0.36,0.43,0.54,0.55,0.49,0.46,0.42,0.41,0.37,0.47,0.44,0.44
GWETTOP,1999,-4.5,40.0,0.95,0.95,0.95,0.96,0.96,0.95,0.95,0.95,0.95,0.95,0.95,0.95,0.95
GWETTOP,1999,-4.5,40.625,1.0,1.0,1.0,1.0,1.0,1.0,1.0,1.0,1.0,1.0,1.0,1.0,1.0
GWETTOP,1999,-4.5,41.25,1.0,1.0,1.0,1.0,1.0,1.0,1.0,1.0,1.0,1.0,1.0,1.0,1.0
GWETTOP,1999,-4.5,41.875,1.0,1.0,1.0,1.0,1.0,1.0,1.0,1.0,1.0,1.0,1.0,1.0,1.0
GWETTOP,1999,0.5,34.375,0.42,0.31,0.47,0.5,0.58,0.53,0.6,0.57,0.52,0.59,0.53,0.5,0.51
GWETTOP,1999,0.5,35.0,0.55,0.45,0.55,0.58,0.67,0.67,0.7,0.69,0.66,0.7,0.65,0.6,0.62
GWETTOP,1999,0.5,35.625,0.44,0.36,0.47,0.51,0.58,0.55,0.55,0.54,0.48,0.5,0.46,0.44,0.49
GWETTOP,1999,0.5,36.25,0.27,0.17,0.37,0.42,0.41,0.39,0.44,0.45,0.41,0.42,0.4,0.41,0.38
GWETTOP,1999,0.5,36.875,0.36,0.28,0.48,0.52,0.46,0.38,0.49,0.51,0.4,0.41,0.47,0.55,0.44
GWETTOP,1999,0.5,37.5,0.28,0.22,0.37,0.38,0.35,0.28,0.31,0.29,0.23,0.24,0.37,0.44,0.31
GWETTOP,1999,0.5,38.125,0.25,0.2,0.37,0.38,0.37,0.32,0.27,0.2,0.17,0.21,0.37,0.42,0.29
GWETTOP,1999,0.5,38.75,0.19,0.16,0.38,0.4,0.39,0.33,0.27,0.2,0.16,0.2,0.35,0.41,0.29
GWETTOP,1999,0.5,39.375,0.16,0.13,0.39,0.42,0.43,0.34,0.29,0.22,0.18,0.22,0.36,0.43,0.3
GWETTOP,1999,0.5,40.0,0.15,0.12,0.34,0.38,0.41,0.34,0.31,0.24,0.18,0.23,0.34,0.41,0.29
GWETTOP,1999,0.5,40.625,0.14,0.14,0.26,0.3,0.37,0.33,0.33,0.27,0.18,0.26,0.34,0.38,0.28
GWETTOP,1999,0.5,41.25,0.22,0.2,0.26,0.31,0.38,0.35,0.35,0.31,0.23,0.29,0.36,0.38,0.3
GWETTOP,1999,0.5,41.875,0.2,0.18,0.29,0.34,0.43,0.37,0.38,0.33,0.24,0.32,0.39,0.4,0.32
GWETTOP,1999,1.0,34.375,0.54,0.45,0.51,0.53,0.65,0.65,0.74,0.73,0.73,0.77,0.73,0.68,0.64
GWETTOP,1999,1.0,35.0,0.54,0.43,0.5,0.55,0.71,0.75,0.81,0.81,0.79,0.81,0.77,0.7,0.68
GWETTOP,1999,1.0,35.625,0.29,0.15,0.37,0.44,0.58,0.56,0.56,0.53,0.46,0.47,0.42,0.4,0.44
GWETTOP,1999,1.0,36.25,0.21,0.14,0.33,0.36,0.35,0.31,0.38,0.39,0.33,0.34,0.32,0.36,0.32
GWETTOP,1999,1.0,36.875,0.32,0.22,0.37,0.38,0.37,0.34,0.37,0.37,0.34,0.33,0.35,0.4,0.35
GWETTOP,1999,1.0,37.5,0.27,0.2,0.38,0.38,0.36,0.3,0.29,0.25,0.18,0.21,0.35,0.43,0.3
GWETTOP,1999,1.0,38.125,0.19,0.16,0.36,0.36,0.35,0.29,0.24,0.17,0.14,0.18,0.34,0.38,0.26
GWETTOP,1999,1.0,38.75,0.18,0.15,0.38,0.39,0.39,0.33,0.27,0.2,0.16,0.19,0.35,0.4,0.28
GWETTOP,1999,1.0,39.375,0.16,0.13,0.41,0.43,0.43,0.32,0.25,0.2,0.17,0.22,0.37,0.45,0.3
GWETTOP,1999,1.0,40.0,0.14,0.13,0.34,0.37,0.38,0.32,0.27,0.22,0.17,0.23,0.34,0.41,0.28
GWETTOP,1999,1.0,40.625,0.12,0.13,0.28,0.3,0.37,0.32,0.32,0.24,0.16,0.26,0.35,0.4,0.27
GWETTOP,1999,1.0,41.25,0.15,0.14,0.28,0.31,0.41,0.35,0.37,0.3,0.19,0.3,0.4,0.42,0.3
GWETTOP,1999,1.0,41.875,0.14,0.13,0.29,0.31,0.4,0.36,0.37,0.3,0.2,0.31,0.38,0.38,0.3
GWETTOP,1999,1.5,34.375,0.35,0.22,0.36,0.37,0.58,0.57,0.67,0.63,0.59,0.63,0.54,0.47,0.5
GWETTOP,1999,1.5,35.0,0.32,0.16,0.37,0.42,0.58,0.6,0.65,0.62,0.56,0.58,0.49,0.44,0.48
GWETTOP,1999,1.5,35.625,0.2,0.12,0.3,0.35,0.42,0.41,0.42,0.4,0.37,0.38,0.34,0.31,0.34
GWETTOP,1999,1.5,36.25,0.18,0.12,0.3,0.31,0.3,0.24,0.35,0.34,0.25,0.29,0.26,0.27,0.27
GWETTOP,1999,1.5,36.875,0.27,0.19,0.4,0.4,0.36,0.32,0.32,0.29,0.21,0.25,0.34,0.4,0.31
GWETTOP,1999,1.5,37.5,0.23,0.17,0.38,0.38,0.35,0.28,0.29,0.25,0.2,0.23,0.33,0.38,0.29
GWETTOP,1999,1.5,38.125,0.21,0.18,0.39,0.38,0.36,0.31,0.28,0.22,0.19,0.21,0.37,0.39,0.29
GWETTOP,1999,1.5,38.75,0.22,0.19,0.46,0.47,0.44,0.34,0.29,0.24,0.21,0.24,0.43,0.48,0.34
GWETTOP,1999,1.5,39.375,0.15,0.13,0.39,0.42,0.42,0.34,0.28,0.22,0.17,0.23,0.37,0.43,0.3
GWETTOP,1999,1.5,40.0,0.15,0.13,0.41,0.44,0.43,0.33,0.26,0.21,0.17,0.23,0.38,0.45,0.3
GWETTOP,1999,1.5,40.625,0.13,0.14,0.33,0.34,0.4,0.32,0.32,0.25,0.17,0.28,0.4,0.45,0.3
GWETTOP,1999,1.5,41.25,0.11,0.11,0.26,0.27,0.34,0.31,0.32,0.24,0.16,0.26,0.35,0.36,0.26
GWETTOP,1999,1.5,41.875,0.12,0.11,0.29,0.3,0.41,0.34,0.35,0.27,0.18,0.31,0.4,0.39,0.29
GWETTOP,1999,2.0,34.375,0.26,0.18,0.29,0.28,0.52,0.48,0.56,0.52,0.5,0.51,0.44,0.38,0.41
GWETTOP,1999,2.0,35.0,0.21,0.14,0.32,0.33,0.47,0.46,0.5,0.47,0.44,0.45,0.41,0.37,0.38
GWETTOP,1999,2.0,35.625,0.16,0.11,0.28,0.3,0.37,0.34,0.36,0.33,0.28,0.32,0.28,0.25,0.28
GWETTOP,1999,2.0,36.25,0.16,0.12,0.31,0.29,0.26,0.2,0.3,0.25,0.2,0.24,0.27,0.26,0.24
GWETTOP,1999,2.0,36.875,0.25,0.18,0.4,0.41,0.36,0.29,0.29,0.23,0.2,0.24,0.35,0.38,0.3
GWETTOP,1999,2.0,37.5,0.22,0.17,0.41,0.41,0.36,0.28,0.24,0.19,0.17,0.21,0.34,0.38,0.28
GWETTOP,1999,2.0,38.125,0.22,0.18,0.44,0.45,0.42,0.34,0.28,0.2,0.16,0.22,0.39,0.43,0.31
GWETTOP,1999,2.0,38.75,0.22,0.18,0.43,0.45,0.43,0.35,0.3,0.23,0.18,0.22,0.39,0.42,0.32
GWETTOP,1999,2.0,39.375,0.17,0.13,0.38,0.41,0.4,0.34,0.28,0.23,0.17,0.23,0.36,0.41,0.29
GWETTOP,1999,2.0,40.0,0.17,0.14,0.41,0.44,0.43,0.35,0.31,0.23,0.18,0.25,0.39,0.45,0.31
GWETTOP,1999,2.0,40.625,0.17,0.15,0.42,0.42,0.46,0.35,0.39,0.31,0.23,0.35,0.54,0.57,0.36
GWETTOP,1999,2.0,41.25,0.13,0.12,0.31,0.32,0.36,0.29,0.34,0.26,0.18,0.28,0.43,0.43,0.29
GWETTOP,1999,2.0,41.875,0.15,0.13,0.37,0.37,0.5,0.42,0.39,0.29,0.22,0.37,0.53,0.5,0.35
GWETTOP,1999,2.5,34.375,0.23,0.18,0.31,0.31,0.48,0.41,0.54,0.46,0.38,0.42,0.37,0.35,0.37
GWETTOP,1999,2.5,35.0,0.18,0.13,0.3,0.32,0.43,0.4,0.47,0.42,0.37,0.38,0.35,0.33,0.34
GWETTOP,1999,2.5,35.625,0.15,0.11,0.27,0.27,0.35,0.31,0.34,0.29,0.23,0.31,0.27,0.25,0.26
GWETTOP,1999,2.5,36.25,0.15,0.12,0.3,0.28,0.25,0.18,0.26,0.19,0.18,0.23,0.27,0.25,0.22
GWETTOP,1999,2.5,36.875,0.2,0.15,0.35,0.37,0.33,0.21,0.23,0.17,0.17,0.2,0.32,0.34,0.25
GWETTOP,1999,2.5,37.5,0.2,0.16,0.4,0.42,0.34,0.22,0.21,0.16,0.15,0.19,0.35,0.37,0.26
GWETTOP,1999,2.5,38.125,0.21,0.17,0.41,0.43,0.4,0.31,0.24,0.17,0.15,0.22,0.37,0.39,0.29
GWETTOP,1999,2.5,38.75,0.2,0.16,0.39,0.42,0.4,0.31,0.25,0.19,0.16,0.23,0.37,0.39,0.29
GWETTOP,1999,2.5,39.375,0.18,0.14,0.37,0.4,0.4,0.34,0.28,0.22,0.18,0.28,0.37,0.39,0.3
GWETTOP,1999,2.5,40.0,0.19,0.15,0.38,0.42,0.43,0.35,0.32,0.25,0.2,0.3,0.41,0.42,0.32
GWETTOP,1999,2.5,40.625,0.17,0.15,0.41,0.42,0.43,0.32,0.34,0.29,0.23,0.37,0.49,0.48,0.34
GWETTOP,1999,2.5,41.25,0.13,0.11,0.25,0.27,0.27,0.22,0.23,0.21,0.18,0.25,0.31,0.28,0.23
GWETTOP,1999,2.5,41.875,0.13,0.1,0.28,0.31,0.34,0.3,0.27,0.23,0.2,0.3,0.35,0.32,0.26
GWETTOP,1999,3.0,34.375,0.2,0.15,0.36,0.43,0.5,0.46,0.59,0.52,0.41,0.38,0.35,0.34,0.39
GWETTOP,1999,3.0,35.0,0.15,0.11,0.28,0.35,0.4,0.37,0.44,0.39,0.31,0.32,0.3,0.3,0.31
GWETTOP,1999,3.0,35.625,0.14,0.11,0.23,0.27,0.33,0.25,0.32,0.21,0.2,0.27,0.27,0.23,0.24
GWETTOP,1999,3.0,36.25,0.15,0.11,0.27,0.3,0.23,0.16,0.2,0.13,0.14,0.18,0.27,0.25,0.2
GWETTOP,1999,3.0,36.875,0.16,0.12,0.28,0.33,0.26,0.16,0.19,0.13,0.13,0.17,0.29,0.28,0.21
GWETTOP,1999,3.0,37.5,0.15,0.13,0.3,0.33,0.26,0.13,0.17,0.12,0.11,0.16,0.3,0.28,0.2
GWETTOP,1999,3.0,38.125,0.18,0.16,0.35,0.38,0.38,0.3,0.2,0.16,0.15,0.23,0.35,0.35,0.27
GWETTOP,1999,3.0,38.75,0.19,0.16,0.38,0.43,0.43,0.3,0.23,0.19,0.17,0.27,0.4,0.37,0.29
GWETTOP,1999,3.0,39.375,0.18,0.14,0.35,0.39,0.4,0.34,0.28,0.22,0.19,0.31,0.36,0.35,0.29
GWETTOP,1999,3.0,40.0,0.18,0.15,0.38,0.41,0.42,0.34,0.32,0.26,0.21,0.35,0.4,0.38,0.32
GWETTOP,1999,3.0,40.625,0.16,0.14,0.38,0.38,0.39,0.27,0.28,0.25,0.22,0.34,0.41,0.37,0.3
GWETTOP,1999,3.0,41.25,0.14,0.12,0.31,0.31,0.31,0.23,0.24,0.22,0.19,0.29,0.33,0.29,0.25
GWETTOP,1999,3.0,41.875,0.11,0.09,0.29,0.32,0.33,0.29,0.27,0.21,0.17,0.3,0.32,0.3,0.25
GWETTOP,1999,3.5,34.375,0.17,0.13,0.32,0.42,0.43,0.39,0.51,0.45,0.33,0.32,0.31,0.35,0.35
GWETTOP,1999,3.5,35.0,0.15,0.11,0.3,0.37,0.38,0.35,0.4,0.35,0.24,0.28,0.3,0.32,0.3
GWETTOP,1999,3.5,35.625,0.15,0.11,0.26,0.3,0.3,0.23,0.29,0.19,0.18,0.25,0.28,0.27,0.24
GWETTOP,1999,3.5,36.25,0.15,0.11,0.27,0.32,0.25,0.16,0.2,0.14,0.14,0.21,0.28,0.26,0.21
GWETTOP,1999,3.5,36.875,0.15,0.12,0.3,0.35,0.32,0.19,0.2,0.14,0.13,0.2,0.3,0.28,0.22
GWETTOP,1999,3.5,37.5,0.17,0.13,0.34,0.39,0.34,0.23,0.23,0.16,0.15,0.24,0.33,0.31,0.25
GWETTOP,1999,3.5,38.125,0.17,0.11,0.35,0.4,0.41,0.34,0.29,0.2,0.18,0.28,0.35,0.32,0.28
GWETTOP,1999,3.5,38.75,0.18,0.12,0.36,0.41,0.43,0.35,0.31,0.25,0.21,0.33,0.37,0.32,0.3
GWETTOP,1999,3.5,39.375,0.19,0.14,0.39,0.44,0.48,0.39,0.35,0.32,0.25,0.38,0.41,0.37,0.34
GWETTOP,1999,3.5,40.0,0.17,0.14,0.4,0.43,0.44,0.34,0.32,0.26,0.22,0.37,0.41,0.37,0.32
GWETTOP,1999,3.5,40.625,0.19,0.16,0.51,0.52,0.51,0.31,0.32,0.29,0.25,0.44,0.52,0.43,0.37
GWETTOP,1999,3.5,41.25,0.16,0.13,0.36,0.36,0.34,0.24,0.24,0.22,0.2,0.31,0.36,0.3,0.27
GWETTOP,1999,3.5,41.875,0.11,0.08,0.27,0.29,0.28,0.23,0.2,0.16,0.15,0.25,0.28,0.25,0.21
GWETTOP,1999,4.0,34.375,0.2,0.15,0.39,0.52,0.49,0.4,0.53,0.45,0.27,0.33,0.36,0.42,0.38
GWETTOP,1999,4.0,35.0,0.18,0.13,0.37,0.46,0.41,0.34,0.42,0.32,0.21,0.31,0.34,0.38,0.32
GWETTOP,1999,4.0,35.625,0.17,0.11,0.29,0.33,0.32,0.24,0.28,0.2,0.19,0.28,0.29,0.31,0.25
GWETTOP,1999,4.0,36.25,0.16,0.1,0.28,0.34,0.28,0.17,0.21,0.15,0.15,0.25,0.26,0.26,0.22
GWETTOP,1999,4.0,36.875,0.16,0.1,0.31,0.36,0.34,0.24,0.22,0.16,0.15,0.26,0.28,0.25,0.24
GWETTOP,1999,4.0,37.5,0.17,0.11,0.33,0.39,0.38,0.28,0.24,0.18,0.17,0.29,0.31,0.26,0.26
GWETTOP,1999,4.0,38.125,0.19,0.13,0.4,0.45,0.48,0.39,0.34,0.3,0.26,0.4,0.4,0.31,0.34
GWETTOP,1999,4.0,38.75,0.23,0.18,0.52,0.56,0.63,0.5,0.37,0.32,0.31,0.49,0.52,0.37,0.42
GWETTOP,1999,4.0,39.375,0.22,0.17,0.52,0.56,0.64,0.51,0.37,0.33,0.31,0.51,0.58,0.43,0.43
GWETTOP,1999,4.0,40.0,0.17,0.14,0.47,0.49,0.51,0.39,0.31,0.27,0.24,0.43,0.47,0.37,0.36
GWETTOP,1999,4.0,40.625,0.18,0.15,0.54,0.54,0.52,0.33,0.3,0.27,0.23,0.44,0.53,0.43,0.37
GWETTOP,1999,4.0,41.25,0.14,0.12,0.39,0.38,0.37,0.28,0.22,0.19,0.17,0.32,0.37,0.34,0.28
GWETTOP,1999,4.0,41.875,0.12,0.1,0.32,0.35,0.34,0.28,0.19,0.15,0.14,0.28,0.33,0.3,0.24
GWETTOP,1999,4.5,34.375,0.22,0.17,0.41,0.61,0.5,0.41,0.59,0.39,0.25,0.38,0.41,0.49,0.4
GWETTOP,1999,4.5,35.0,0.21,0.15,0.39,0.5,0.45,0.33,0.43,0.3,0.21,0.35,0.36,0.43,0.34
GWETTOP,1999,4.5,35.625,0.18,0.11,0.3,0.35,0.35,0.25,0.27,0.21,0.19,0.3,0.28,0.33,0.26
GWETTOP,1999,4.5,36.25,0.17,0.1,0.3,0.35,0.32,0.21,0.24,0.18,0.16,0.28,0.26,0.27,0.24
GWETTOP,1999,4.5,36.875,0.17,0.1,0.32,0.36,0.36,0.28,0.25,0.2,0.18,0.3,0.28,0.24,0.25
GWETTOP,1999,4.5,37.5,0.22,0.15,0.45,0.49,0.51,0.34,0.34,0.27,0.26,0.43,0.36,0.3,0.34
GWETTOP,1999,4.5,38.125,0.23,0.17,0.51,0.54,0.6,0.44,0.38,0.32,0.32,0.53,0.48,0.35,0.41
GWETTOP,1999,4.5,38.75,0.22,0.16,0.48,0.51,0.57,0.42,0.36,0.3,0.3,0.5,0.46,0.33,0.39
GWETTOP,1999,4.5,39.375,0.17,0.13,0.44,0.46,0.51,0.38,0.32,0.26,0.25,0.43,0.43,0.32,0.34
GWETTOP,1999,4.5,40.0,0.16,0.12,0.39,0.41,0.44,0.34,0.3,0.23,0.23,0.38,0.38,0.3,0.31
GWETTOP,1999,4.5,40.625,0.14,0.12,0.42,0.42,0.42,0.32,0.27,0.22,0.2,0.37,0.4,0.34,0.3
GWETTOP,1999,4.5,41.25,0.13,0.11,0.39,0.39,0.39,0.33,0.26,0.2,0.17,0.32,0.37,0.34,0.28
GWETTOP,1999,4.5,41.875,0.12,0.1,0.35,0.38,0.38,0.3,0.19,0.16,0.14,0.31,0.36,0.31,0.26
GWETTOP,2000,-0.5,34.375,0.51,0.38,0.46,0.54,0.57,0.45,0.45,0.5,0.52,0.62,0.71,0.8,0.54
GWETTOP,2000,-0.5,35.0,0.47,0.37,0.45,0.5,0.5,0.46,0.48,0.5,0.51,0.54,0.61,0.68,0.51
GWETTOP,2000,-0.5,35.625,0.41,0.38,0.4,0.44,0.42,0.42,0.44,0.47,0.47,0.46,0.51,0.5,0.44
GWETTOP,2000,-0.5,36.25,0.36,0.33,0.33,0.39,0.38,0.38,0.41,0.45,0.43,0.41,0.45,0.41,0.39
GWETTOP,2000,-0.5,36.875,0.41,0.35,0.35,0.4,0.38,0.37,0.39,0.41,0.4,0.38,0.47,0.44,0.4
GWETTOP,2000,-0.5,37.5,0.49,0.4,0.39,0.46,0.41,0.37,0.39,0.45,0.44,0.4,0.51,0.51,0.44
GWETTOP,2000,-0.5,38.125,0.49,0.4,0.37,0.43,0.34,0.29,0.26,0.27,0.26,0.25,0.51,0.55,0.37
GWETTOP,2000,-0.5,38.75,0.4,0.32,0.32,0.4,0.32,0.29,0.26,0.26,0.25,0.24,0.47,0.5,0.34
GWETTOP,2000,-0.5,39.375,0.31,0.24,0.26,0.39,0.33,0.31,0.26,0.27,0.26,0.28,0.41,0.42,0.31
GWETTOP,2000,-0.5,40.0,0.36,0.28,0.29,0.42,0.38,0.34,0.29,0.31,0.29,0.31,0.43,0.46,0.35
GWETTOP,2000,-0.5,40.625,0.29,0.21,0.26,0.39,0.44,0.41,0.34,0.38,0.32,0.4,0.42,0.41,0.36
GWETTOP,2000,-0.5,41.25,0.28,0.21,0.26,0.38,0.45,0.41,0.34,0.39,0.34,0.42,0.43,0.41,0.36
GWETTOP,2000,-0.5,41.875,0.28,0.2,0.24,0.37,0.44,0.4,0.34,0.38,0.34,0.41,0.41,0.39,0.35
GWETTOP,2000,-1.0,34.375,0.47,0.46,0.47,0.48,0.44,0.36,0.36,0.41,0.42,0.49,0.59,0.72,0.47
GWETTOP,2000,-1.0,35.0,0.48,0.46,0.51,0.52,0.5,0.44,0.44,0.46,0.47,0.46,0.61,0.72,0.51
GWETTOP,2000,-1.0,35.625,0.42,0.33,0.41,0.48,0.46,0.43,0.44,0.46,0.46,0.41,0.55,0.58,0.45
GWETTOP,2000,-1.0,36.25,0.35,0.3,0.3,0.37,0.36,0.36,0.37,0.4,0.39,0.36,0.44,0.42,0.37
GWETTOP,2000,-1.0,36.875,0.5,0.38,0.32,0.46,0.4,0.32,0.32,0.41,0.35,0.32,0.49,0.51,0.4
GWETTOP,2000,-1.0,37.5,0.5,0.39,0.37,0.47,0.43,0.37,0.34,0.4,0.4,0.35,0.49,0.52,0.42
GWETTOP,2000,-1.0,38.125,0.43,0.34,0.36,0.45,0.34,0.29,0.26,0.28,0.27,0.26,0.55,0.58,0.37
GWETTOP,2000,-1.0,38.75,0.37,0.29,0.32,0.43,0.32,0.29,0.27,0.28,0.27,0.25,0.53,0.55,0.35
GWETTOP,2000,-1.0,39.375,0.27,0.21,0.27,0.44,0.37,0.34,0.28,0.31,0.29,0.31,0.5,0.46,0.34
GWETTOP,2000,-1.0,40.0,0.36,0.28,0.33,0.51,0.42,0.38,0.33,0.36,0.34,0.35,0.52,0.54,0.39
GWETTOP,2000,-1.0,40.625,0.29,0.22,0.28,0.42,0.46,0.43,0.37,0.42,0.34,0.42,0.45,0.43,0.38
GWETTOP,2000,-1.0,41.25,0.32,0.24,0.28,0.41,0.47,0.44,0.38,0.42,0.35,0.43,0.45,0.44,0.39
GWETTOP,2000,-1.0,41.875,0.29,0.22,0.25,0.35,0.39,0.36,0.32,0.34,0.3,0.35,0.36,0.35,0.32
GWETTOP,2000,-1.5,34.375,0.45,0.5,0.51,0.52,0.41,0.32,0.33,0.39,0.35,0.46,0.63,0.75,0.47
GWETTOP,2000,-1.5,35.0,0.43,0.39,0.48,0.53,0.43,0.32,0.32,0.37,0.35,0.4,0.59,0.74,0.45
GWETTOP,2000,-1.5,35.625,0.44,0.26,0.41,0.48,0.47,0.36,0.33,0.4,0.35,0.35,0.5,0.6,0.41
GWETTOP,2000,-1.5,36.25,0.32,0.18,0.25,0.39,0.35,0.28,0.28,0.33,0.27,0.25,0.37,0.42,0.31
GWETTOP,2000,-1.5,36.875,0.52,0.26,0.33,0.55,0.42,0.33,0.31,0.4,0.36,0.34,0.56,0.62,0.42
GWETTOP,2000,-1.5,37.5,0.49,0.32,0.31,0.46,0.37,0.3,0.28,0.35,0.32,0.3,0.48,0.53,0.38
GWETTOP,2000,-1.5,38.125,0.46,0.41,0.39,0.43,0.38,0.34,0.31,0.32,0.3,0.26,0.46,0.5,0.38
GWETTOP,2000,-1.5,38.75,0.4,0.31,0.34,0.45,0.35,0.32,0.29,0.3,0.29,0.27,0.51,0.54,0.36
GWETTOP,2000,-1.5,39.375,0.32,0.26,0.31,0.46,0.37,0.34,0.29,0.31,0.3,0.3,0.5,0.48,0.35
GWETTOP,2000,-1.5,40.0,0.33,0.26,0.34,0.52,0.48,0.44,0.37,0.42,0.36,0.41,0.52,0.5,0.41
GWETTOP,2000,-1.5,40.625,0.31,0.23,0.29,0.45,0.48,0.45,0.4,0.44,0.37,0.43,0.46,0.45,0.4
GWETTOP,2000,-1.5,41.25,0.35,0.25,0.28,0.44,0.48,0.46,0.41,0.45,0.37,0.45,0.47,0.45,0.41
GWETTOP,2000,-1.5,41.875,0.61,0.56,0.55,0.63,0.65,0.63,0.62,0.62,0.6,0.63,0.63,0.62,0.61
GWETTOP,2000,-1.7975103014118005e-13,34.375,0.4,0.33,0.39,0.51,0.57,0.48,0.46,0.47,0.49,0.58,0.59,0.6,0.49
GWETTOP,2000,-1.7975103014118005e-13,35.0,0.47,0.39,0.44,0.53,0.59,0.55,0.56,0.58,0.6,0.63,0.61,0.59,0.55
GWETTOP,2000,-1.7975103014118005e-13,35.625,0.44,0.4,0.4,0.47,0.48,0.47,0.5,0.54,0.54,0.54,0.53,0.48,0.48
GWETTOP,2000,-1.7975103014118005e-13,36.25,0.37,0.29,0.29,0.41,0.41,0.41,0.46,0.5,0.48,0.46,0.46,0.42,0.41
GWETTOP,2000,-1.7975103014118005e-13,36.875,0.36,0.32,0.31,0.37,0.36,0.34,0.37,0.41,0.39,0.37,0.41,0.39,0.37
GWETTOP,2000,-1.7975103014118005e-13,37.5,0.44,0.37,0.35,0.4,0.38,0.34,0.36,0.42,0.4,0.37,0.46,0.45,0.4
GWETTOP,2000,-1.7975103014118005e-13,38.125,0.44,0.37,0.32,0.36,0.29,0.23,0.21,0.23,0.23,0.23,0.43,0.46,0.32
GWETTOP,2000,-1.7975103014118005e-13,38.75,0.36,0.29,0.26,0.33,0.26,0.22,0.2,0.21,0.21,0.21,0.38,0.39,0.28
GWETTOP,2000,-1.7975103014118005e-13,39.375,0.31,0.22,0.2,0.33,0.28,0.25,0.2,0.22,0.24,0.25,0.34,0.35,0.27
GWETTOP,2000,-1.7975103014118005e-13,40.0,0.32,0.23,0.2,0.33,0.31,0.28,0.22,0.24,0.26,0.29,0.34,0.35,0.28
GWETTOP,2000,-1.7975103014118005e-13,40.625,0.28,0.19,0.19,0.32,0.36,0.33,0.26,0.29,0.3,0.37,0.37,0.34,0.3
GWETTOP,2000,-1.7975103014118005e-13,41.25,0.25,0.19,0.22,0.33,0.38,0.35,0.28,0.31,0.32,0.39,0.39,0.34,0.31
GWETTOP,2000,-1.7975103014118005e-13,41.875,0.27,0.19,0.22,0.36,0.43,0.38,0.3,0.33,0.36,0.45,0.44,0.38,0.34
GWETTOP,2000,-2.0,34.375,0.4,0.51,0.53,0.49,0.39,0.27,0.29,0.33,0.29,0.41,0.58,0.73,0.43
GWETTOP,2000,-2.0,35.0,0.44,0.38,0.49,0.54,0.42,0.29,0.28,0.34,0.31,0.37,0.53,0.69,0.42
GWETTOP,2000,-2.0,35.625,0.48,0.29,0.42,0.51,0.47,0.33,0.28,0.34,0.3,0.32,0.48,0.59,0.4
GWETTOP,2000,-2.0,36.25,0.25,0.15,0.23,0.33,0.25,0.19,0.17,0.2,0.17,0.18,0.3,0.37,0.23
GWETTOP,2000,-2.0,36.875,0.48,0.24,0.33,0.53,0.41,0.29,0.25,0.32,0.3,0.31,0.52,0.62,0.38
GWETTOP,2000,-2.0,37.5,0.46,0.27,0.3,0.47,0.37,0.28,0.24,0.3,0.29,0.28,0.47,0.56,0.36
GWETTOP,2000,-2.0,38.125,0.43,0.36,0.34,0.41,0.36,0.34,0.29,0.3,0.29,0.26,0.43,0.49,0.36
GWETTOP,2000,-2.0,38.75,0.4,0.31,0.35,0.48,0.39,0.36,0.3,0.33,0.32,0.3,0.51,0.56,0.38
GWETTOP,2000,-2.0,39.375,0.36,0.28,0.35,0.52,0.45,0.42,0.35,0.37,0.36,0.35,0.52,0.54,0.41
GWETTOP,2000,-2.0,40.0,0.32,0.25,0.33,0.48,0.46,0.43,0.38,0.4,0.35,0.38,0.49,0.46,0.39
GWETTOP,2000,-2.0,40.625,0.32,0.24,0.3,0.45,0.48,0.46,0.42,0.44,0.38,0.43,0.46,0.44,0.4
GWETTOP,2000,-2.0,41.25,0.39,0.32,0.33,0.45,0.47,0.46,0.45,0.45,0.42,0.45,0.45,0.43,0.42
GWETTOP,2000,-2.0,41.875,0.66,0.61,0.61,0.67,0.68,0.67,0.66,0.66,0.64,0.66,0.66,0.65,0.65
GWETTOP,2000,-2.5,34.375,0.38,0.42,0.51,0.44,0.3,0.21,0.22,0.26,0.24,0.32,0.49,0.65,0.37
GWETTOP,2000,-2.5,35.0,0.45,0.35,0.46,0.47,0.36,0.24,0.22,0.26,0.25,0.29,0.43,0.6,0.37
GWETTOP,2000,-2.5,35.625,0.43,0.27,0.35,0.47,0.37,0.26,0.21,0.23,0.21,0.24,0.39,0.52,0.33
GWETTOP,2000,-2.5,36.25,0.3,0.21,0.25,0.38,0.32,0.23,0.18,0.2,0.17,0.18,0.32,0.42,0.26
GWETTOP,2000,-2.5,36.875,0.46,0.26,0.3,0.5,0.41,0.3,0.24,0.28,0.26,0.25,0.45,0.61,0.36
GWETTOP,2000,-2.5,37.5,0.47,0.25,0.3,0.5,0.47,0.37,0.26,0.31,0.32,0.28,0.46,0.61,0.38
GWETTOP,2000,-2.5,38.125,0.49,0.38,0.36,0.47,0.44,0.41,0.3,0.33,0.35,0.29,0.47,0.59,0.41
GWETTOP,2000,-2.5,38.75,0.41,0.32,0.37,0.51,0.5,0.45,0.34,0.37,0.4,0.33,0.51,0.6,0.43
GWETTOP,2000,-2.5,39.375,0.44,0.33,0.43,0.62,0.65,0.61,0.49,0.5,0.52,0.46,0.57,0.66,0.52
GWETTOP,2000,-2.5,40.0,0.33,0.26,0.33,0.43,0.5,0.46,0.4,0.39,0.39,0.38,0.44,0.44,0.4
GWETTOP,2000,-2.5,40.625,0.46,0.4,0.43,0.53,0.59,0.57,0.53,0.52,0.51,0.53,0.53,0.53,0.51
GWETTOP,2000,-2.5,41.25,1.0,1.0,1.0,1.0,1.0,1.0,1.0,1.0,1.0,1.0,1.0,1.0,1.0
GWETTOP,2000,-2.5,41.875,1.0,1.0,1.0,1.0,1.0,1.0,1.0,1.0,1.0,1.0,1.0,1.0,1.0
GWETTOP,2000,-3.0,34.375,0.35,0.36,0.54,0.47,0.28,0.21,0.19,0.23,0.21,0.29,0.45,0.68,0.36
GWETTOP,2000,-3.0,35.0,0.42,0.33,0.48,0.48,0.38,0.26,0.21,0.25,0.23,0.26,0.39,0.59,0.36
GWETTOP,2000,-3.0,35.625,0.48,0.43,0.41,0.5,0.48,0.45,0.3,0.3,0.26,0.26,0.37,0.52,0.4
GWETTOP,2000,-3.0,36.25,0.37,0.29,0.3,0.55,0.47,0.34,0.25,0.29,0.25,0.22,0.37,0.53,0.35
GWETTOP,2000,-3.0,36.875,0.55,0.32,0.31,0.58,0.6,0.57,0.49,0.48,0.43,0.3,0.45,0.63,0.48
GWETTOP,2000,-3.0,37.5,0.48,0.33,0.3,0.49,0.5,0.48,0.43,0.42,0.37,0.29,0.38,0.54,0.42
GWETTOP,2000,-3.0,38.125,0.48,0.38,0.38,0.47,0.49,0.48,0.4,0.4,0.42,0.33,0.44,0.58,0.44
GWETTOP,2000,-3.0,38.75,0.38,0.3,0.37,0.5,0.54,0.51,0.38,0.41,0.47,0.34,0.48,0.61,0.44
GWETTOP,2000,-3.0,39.375,0.42,0.34,0.44,0.61,0.71,0.68,0.59,0.58,0.61,0.53,0.56,0.67,0.56
GWETTOP,2000,-3.0,40.0,0.35,0.29,0.34,0.42,0.54,0.5,0.42,0.4,0.42,0.39,0.43,0.44,0.41
GWETTOP,2000,-3.0,40.625,0.75,0.73,0.74,0.77,0.84,0.83,0.79,0.77,0.77,0.77,0.77,0.78,0.78
GWETTOP,2000,-3.0,41.25,1.0,1.0,1.0,1.0,1.0,1.0,1.0,1.0,1.0,1.0,1.0,1.0,1.0
GWETTOP,2000,-3.0,41.875,1.0,1.0,1.0,1.0,1.0,1.0,1.0,1.0,1.0,1.0,1.0,1.0,1.0
GWETTOP,2000,-3.5,34.375,0.34,0.36,0.53,0.45,0.26,0.2,0.17,0.2,0.17,0.27,0.45,0.69,0.34
GWETTOP,2000,-3.5,35.0,0.37,0.33,0.49,0.47,0.35,0.26,0.2,0.22,0.2,0.25,0.38,0.58,0.34
GWETTOP,2000,-3.5,35.625,0.43,0.35,0.39,0.49,0.45,0.36,0.25,0.27,0.24,0.24,0.36,0.51,0.36
GWETTOP,2000,-3.5,36.25,0.3,0.27,0.29,0.49,0.41,0.32,0.23,0.28,0.25,0.22,0.34,0.49,0.32
GWETTOP,2000,-3.5,36.875,0.32,0.24,0.26,0.47,0.47,0.44,0.3,0.35,0.33,0.25,0.35,0.48,0.36
GWETTOP,2000,-3.5,37.5,0.32,0.23,0.27,0.43,0.47,0.47,0.36,0.37,0.37,0.27,0.35,0.47,0.37
GWETTOP,2000,-3.5,38.125,0.38,0.29,0.35,0.47,0.5,0.5,0.41,0.43,0.47,0.35,0.45,0.58,0.43
GWETTOP,2000,-3.5,38.75,0.41,0.33,0.4,0.5,0.53,0.53,0.46,0.47,0.51,0.4,0.48,0.6,0.47
GWETTOP,2000,-3.5,39.375,0.39,0.33,0.44,0.6,0.72,0.69,0.61,0.6,0.62,0.53,0.54,0.65,0.56
GWETTOP,2000,-3.5,40.0,0.5,0.45,0.5,0.58,0.67,0.64,0.58,0.57,0.59,0.54,0.56,0.61,0.57
GWETTOP,2000,-3.5,40.625,0.92,0.91,0.92,0.92,0.96,0.95,0.93,0.93,0.92,0.92,0.93,0.93,0.93
GWETTOP,2000,-3.5,41.25,1.0,1.0,1.0,1.0,1.0,1.0,1.0,1.0,1.0,1.0,1.0,1.0,1.0
GWETTOP,2000,-3.5,41.875,1.0,1.0,1.0,1.0,1.0,1.0,1.0,1.0,1.0,1.0,1.0,1.0,1.0
GWETTOP,2000,-4.0,34.375,0.36,0.38,0.52,0.42,0.27,0.22,0.18,0.18,0.15,0.27,0.44,0.65,0.34
GWETTOP,2000,-4.0,35.0,0.42,0.42,0.54,0.51,0.38,0.32,0.25,0.25,0.22,0.3,0.42,0.62,0.39
GWETTOP,2000,-4.0,35.625,0.44,0.4,0.46,0.51,0.45,0.38,0.29,0.3,0.26,0.27,0.38,0.53,0.39
GWETTOP,2000,-4.0,36.25,0.34,0.3,0.34,0.46,0.38,0.32,0.23,0.28,0.25,0.23,0.35,0.49,0.33
GWETTOP,2000,-4.0,36.875,0.37,0.29,0.33,0.46,0.44,0.4,0.29,0.34,0.32,0.26,0.36,0.5,0.36
GWETTOP,2000,-4.0,37.5,0.36,0.29,0.34,0.47,0.46,0.44,0.33,0.37,0.38,0.28,0.39,0.53,0.39
GWETTOP,2000,-4.0,38.125,0.37,0.29,0.4,0.53,0.55,0.56,0.44,0.46,0.52,0.37,0.49,0.64,0.47
GWETTOP,2000,-4.0,38.75,0.36,0.29,0.39,0.53,0.57,0.58,0.48,0.49,0.54,0.41,0.5,0.62,0.48
GWETTOP,2000,-4.0,39.375,0.33,0.28,0.39,0.5,0.63,0.59,0.48,0.47,0.49,0.41,0.46,0.52,0.46
GWETTOP,2000,-4.0,40.0,0.5,0.49,0.53,0.57,0.64,0.61,0.55,0.55,0.58,0.52,0.56,0.6,0.56
GWETTOP,2000,-4.0,40.625,1.0,1.0,1.0,1.0,1.0,1.0,1.0,1.0,1.0,1.0,1.0,1.0,1.0
GWETTOP,2000,-4.0,41.25,1.0,1.0,1.0,1.0,1.0,1.0,1.0,1.0,1.0,1.0,1.0,1.0,1.0
GWETTOP,2000,-4.0,41.875,1.0,1.0,1.0,1.0,1.0,1.0,1.0,1.0,1.0,1.0,1.0,1.0,1.0
GWETTOP,2000,-4.5,34.375,0.36,0.37,0.48,0.37,0.29,0.26,0.23,0.22,0.18,0.29,0.41,0.57,0.34
GWETTOP,2000,-4.5,35.0,0.39,0.41,0.51,0.46,0.36,0.33,0.28,0.27,0.23,0.32,0.41,0.58,0.38
GWETTOP,2000,-4.5,35.625,0.39,0.38,0.42,0.44,0.38,0.35,0.28,0.28,0.24,0.25,0.35,0.48,0.35
GWETTOP,2000,-4.5,36.25,0.35,0.34,0.38,0.45,0.35,0.32,0.25,0.28,0.25,0.24,0.36,0.5,0.34
GWETTOP,2000,-4.5,36.875,0.38,0.33,0.38,0.47,0.42,0.4,0.31,0.35,0.34,0.27,0.39,0.52,0.38
GWETTOP,2000,-4.5,37.5,0.37,0.32,0.38,0.49,0.47,0.46,0.38,0.4,0.4,0.31,0.42,0.54,0.41
GWETTOP,2000,-4.5,38.125,0.47,0.36,0.47,0.61,0.66,0.67,0.62,0.6,0.64,0.51,0.57,0.7,0.57
GWETTOP,2000,-4.5,38.75,0.47,0.36,0.45,0.61,0.66,0.67,0.61,0.6,0.63,0.53,0.56,0.68,0.57
GWETTOP,2000,-4.5,39.375,0.37,0.32,0.39,0.47,0.53,0.51,0.44,0.43,0.45,0.4,0.44,0.49,0.44
GWETTOP,2000,-4.5,40.0,0.95,0.94,0.95,0.95,0.96,0.95,0.95,0.95,0.95,0.95,0.95,0.95,0.95
GWETTOP,2000,-4.5,40.625,1.0,1.0,1.0,1.0,1.0,1.0,1.0,1.0,1.0,1.0,1.0,1.0,1.0
GWETTOP,2000,-4.5,41.25,1.0,1.0,1.0,1.0,1.0,1.0,1.0,1.0,1.0,1.0,1.0,1.0,1.0
GWETTOP,2000,-4.5,41.875,1.0,1.0,1.0,1.0,1.0,1.0,1.0,1.0,1.0,1.0,1.0,1.0,1.0
GWETTOP,2000,0.5,34.375,0.38,0.34,0.38,0.5,0.57,0.51,0.51,0.54,0.56,0.6,0.54,0.49,0.49
GWETTOP,2000,0.5,35.0,0.49,0.42,0.41,0.5,0.6,0.56,0.6,0.63,0.65,0.68,0.61,0.55,0.56
GWETTOP,2000,0.5,35.625,0.37,0.27,0.26,0.41,0.48,0.44,0.5,0.54,0.56,0.55,0.46,0.41,0.44
GWETTOP,2000,0.5,36.25,0.27,0.18,0.19,0.34,0.38,0.38,0.45,0.51,0.49,0.45,0.42,0.35,0.37
GWETTOP,2000,0.5,36.875,0.45,0.29,0.29,0.38,0.42,0.41,0.51,0.56,0.53,0.46,0.49,0.47,0.44
GWETTOP,2000,0.5,37.5,0.35,0.26,0.23,0.27,0.27,0.24,0.3,0.34,0.3,0.26,0.37,0.36,0.3
GWETTOP,2000,0.5,38.125,0.35,0.27,0.21,0.27,0.22,0.18,0.19,0.21,0.21,0.21,0.36,0.36,0.25
GWETTOP,2000,0.5,38.75,0.34,0.25,0.18,0.28,0.22,0.18,0.17,0.18,0.2,0.2,0.33,0.35,0.24
GWETTOP,2000,0.5,39.375,0.33,0.19,0.14,0.32,0.25,0.22,0.17,0.2,0.26,0.26,0.33,0.34,0.25
GWETTOP,2000,0.5,40.0,0.31,0.16,0.12,0.3,0.27,0.23,0.18,0.21,0.27,0.3,0.32,0.32,0.25
GWETTOP,2000,0.5,40.625,0.26,0.14,0.12,0.27,0.3,0.27,0.2,0.22,0.29,0.36,0.34,0.29,0.26
GWETTOP,2000,0.5,41.25,0.25,0.19,0.18,0.28,0.32,0.29,0.23,0.24,0.31,0.37,0.36,0.29,0.28
GWETTOP,2000,0.5,41.875,0.24,0.19,0.18,0.3,0.37,0.32,0.25,0.25,0.34,0.43,0.42,0.31,0.3
GWETTOP,2000,1.0,34.375,0.58,0.49,0.47,0.52,0.63,0.61,0.63,0.69,0.71,0.75,0.72,0.67,0.62
GWETTOP,2000,1.0,35.0,0.55,0.43,0.38,0.46,0.59,0.58,0.64,0.71,0.75,0.78,0.74,0.65,0.61
GWETTOP,2000,1.0,35.625,0.3,0.15,0.19,0.35,0.44,0.42,0.49,0.57,0.57,0.52,0.44,0.38,0.4
GWETTOP,2000,1.0,36.25,0.23,0.13,0.17,0.25,0.29,0.33,0.41,0.49,0.44,0.38,0.36,0.31,0.32
GWETTOP,2000,1.0,36.875,0.35,0.27,0.24,0.28,0.31,0.32,0.38,0.44,0.41,0.37,0.38,0.37,0.34
GWETTOP,2000,1.0,37.5,0.36,0.28,0.23,0.25,0.25,0.23,0.28,0.33,0.27,0.23,0.37,0.36,0.29
GWETTOP,2000,1.0,38.125,0.32,0.23,0.18,0.23,0.17,0.16,0.18,0.19,0.17,0.18,0.34,0.34,0.22
GWETTOP,2000,1.0,38.75,0.32,0.22,0.17,0.28,0.2,0.17,0.15,0.15,0.18,0.2,0.33,0.34,0.23
GWETTOP,2000,1.0,39.375,0.33,0.17,0.13,0.31,0.24,0.21,0.17,0.18,0.24,0.24,0.34,0.35,0.24
GWETTOP,2000,1.0,40.0,0.31,0.14,0.11,0.28,0.25,0.23,0.17,0.19,0.27,0.3,0.32,0.31,0.24
GWETTOP,2000,1.0,40.625,0.27,0.13,0.1,0.26,0.3,0.25,0.19,0.2,0.3,0.36,0.35,0.28,0.25
GWETTOP,2000,1.0,41.25,0.26,0.16,0.13,0.27,0.34,0.29,0.22,0.22,0.34,0.42,0.41,0.29,0.28
GWETTOP,2000,1.0,41.875,0.22,0.14,0.12,0.26,0.36,0.32,0.22,0.21,0.33,0.43,0.4,0.3,0.28
GWETTOP,2000,1.5,34.375,0.33,0.23,0.28,0.33,0.52,0.52,0.53,0.61,0.59,0.63,0.54,0.46,0.47
GWETTOP,2000,1.5,35.0,0.32,0.17,0.22,0.32,0.47,0.46,0.5,0.6,0.6,0.58,0.5,0.43,0.43
GWETTOP,2000,1.5,35.625,0.17,0.11,0.15,0.24,0.35,0.33,0.38,0.45,0.42,0.39,0.36,0.31,0.31
GWETTOP,2000,1.5,36.25,0.16,0.12,0.15,0.19,0.22,0.28,0.36,0.42,0.37,0.3,0.32,0.26,0.26
GWETTOP,2000,1.5,36.875,0.34,0.27,0.25,0.26,0.23,0.26,0.32,0.37,0.33,0.27,0.37,0.37,0.3
GWETTOP,2000,1.5,37.5,0.3,0.21,0.22,0.24,0.21,0.24,0.28,0.33,0.27,0.24,0.36,0.35,0.27
GWETTOP,2000,1.5,38.125,0.31,0.24,0.21,0.27,0.2,0.17,0.16,0.16,0.16,0.19,0.36,0.34,0.23
GWETTOP,2000,1.5,38.75,0.32,0.23,0.21,0.31,0.23,0.2,0.18,0.18,0.19,0.22,0.43,0.39,0.26
GWETTOP,2000,1.5,39.375,0.34,0.18,0.13,0.3,0.25,0.22,0.17,0.18,0.24,0.27,0.35,0.34,0.25
GWETTOP,2000,1.5,40.0,0.34,0.16,0.13,0.31,0.25,0.21,0.18,0.18,0.24,0.27,0.36,0.34,0.25
GWETTOP,2000,1.5,40.625,0.27,0.13,0.1,0.27,0.32,0.26,0.2,0.21,0.32,0.39,0.39,0.3,0.26
GWETTOP,2000,1.5,41.25,0.24,0.11,0.09,0.24,0.31,0.26,0.19,0.19,0.29,0.37,0.36,0.3,0.25
GWETTOP,2000,1.5,41.875,0.19,0.11,0.09,0.25,0.37,0.31,0.2,0.2,0.34,0.45,0.41,0.3,0.27
GWETTOP,2000,2.0,34.375,0.26,0.2,0.23,0.23,0.42,0.43,0.47,0.53,0.49,0.5,0.45,0.34,0.38
GWETTOP,2000,2.0,35.0,0.22,0.14,0.18,0.22,0.38,0.37,0.42,0.48,0.46,0.44,0.42,0.36,0.34
GWETTOP,2000,2.0,35.625,0.14,0.1,0.13,0.17,0.27,0.26,0.33,0.39,0.36,0.31,0.33,0.26,0.25
GWETTOP,2000,2.0,36.25,0.15,0.11,0.15,0.17,0.18,0.24,0.29,0.37,0.29,0.21,0.33,0.27,0.23
GWETTOP,2000,2.0,36.875,0.31,0.21,0.25,0.26,0.2,0.25,0.27,0.34,0.28,0.24,0.38,0.37,0.28
GWETTOP,2000,2.0,37.5,0.32,0.19,0.22,0.25,0.19,0.21,0.22,0.28,0.21,0.21,0.36,0.36,0.25
GWETTOP,2000,2.0,38.125,0.34,0.23,0.19,0.29,0.2,0.17,0.16,0.17,0.18,0.23,0.41,0.37,0.24
GWETTOP,2000,2.0,38.75,0.32,0.22,0.19,0.3,0.22,0.18,0.16,0.17,0.19,0.23,0.4,0.36,0.24
GWETTOP,2000,2.0,39.375,0.32,0.17,0.13,0.29,0.25,0.21,0.17,0.19,0.23,0.28,0.36,0.33,0.24
GWETTOP,2000,2.0,40.0,0.33,0.17,0.13,0.31,0.27,0.22,0.19,0.2,0.26,0.31,0.39,0.34,0.26
GWETTOP,2000,2.0,40.625,0.26,0.16,0.13,0.33,0.4,0.3,0.24,0.26,0.39,0.5,0.51,0.34,0.32
GWETTOP,2000,2.0,41.25,0.25,0.13,0.11,0.27,0.33,0.26,0.2,0.21,0.31,0.4,0.41,0.3,0.27
GWETTOP,2000,2.0,41.875,0.22,0.14,0.12,0.31,0.46,0.33,0.24,0.23,0.4,0.57,0.52,0.31,0.32
GWETTOP,2000,2.5,34.375,0.24,0.2,0.2,0.22,0.37,0.37,0.41,0.48,0.4,0.44,0.39,0.31,0.34
GWETTOP,2000,2.5,35.0,0.2,0.13,0.15,0.19,0.31,0.32,0.34,0.42,0.39,0.38,0.37,0.31,0.29
GWETTOP,2000,2.5,35.625,0.14,0.1,0.12,0.17,0.21,0.22,0.26,0.37,0.35,0.27,0.31,0.26,0.23
GWETTOP,2000,2.5,36.25,0.15,0.11,0.14,0.17,0.16,0.2,0.21,0.35,0.27,0.2,0.32,0.26,0.21
GWETTOP,2000,2.5,36.875,0.23,0.14,0.2,0.23,0.16,0.19,0.19,0.31,0.23,0.22,0.35,0.33,0.23
GWETTOP,2000,2.5,37.5,0.25,0.15,0.2,0.25,0.17,0.17,0.17,0.26,0.18,0.23,0.37,0.33,0.23
GWETTOP,2000,2.5,38.125,0.31,0.18,0.16,0.27,0.2,0.16,0.16,0.18,0.2,0.26,0.38,0.35,0.23
GWETTOP,2000,2.5,38.75,0.3,0.17,0.14,0.27,0.21,0.17,0.16,0.18,0.21,0.27,0.38,0.33,0.23
GWETTOP,2000,2.5,39.375,0.3,0.14,0.12,0.28,0.28,0.2,0.18,0.21,0.25,0.33,0.37,0.33,0.25
GWETTOP,2000,2.5,40.0,0.3,0.15,0.12,0.29,0.32,0.23,0.2,0.23,0.28,0.38,0.4,0.34,0.27
GWETTOP,2000,2.5,40.625,0.24,0.17,0.14,0.29,0.42,0.27,0.23,0.25,0.33,0.51,0.49,0.32,0.31
GWETTOP,2000,2.5,41.25,0.18,0.14,0.12,0.2,0.27,0.2,0.18,0.18,0.21,0.33,0.31,0.21,0.21
GWETTOP,2000,2.5,41.875,0.19,0.14,0.12,0.23,0.34,0.26,0.21,0.19,0.26,0.43,0.37,0.25,0.25
GWETTOP,2000,3.0,34.375,0.18,0.14,0.12,0.23,0.39,0.4,0.42,0.48,0.45,0.46,0.39,0.3,0.33
GWETTOP,2000,3.0,35.0,0.15,0.11,0.1,0.19,0.26,0.27,0.27,0.38,0.36,0.35,0.32,0.26,0.25
GWETTOP,2000,3.0,35.625,0.14,0.11,0.11,0.15,0.15,0.18,0.18,0.36,0.34,0.26,0.27,0.23,0.21
GWETTOP,2000,3.0,36.25,0.15,0.11,0.13,0.17,0.12,0.14,0.14,0.3,0.26,0.22,0.27,0.25,0.19
GWETTOP,2000,3.0,36.875,0.17,0.11,0.13,0.2,0.13,0.14,0.14,0.27,0.23,0.23,0.28,0.26,0.19
GWETTOP,2000,3.0,37.5,0.17,0.1,0.11,0.21,0.14,0.12,0.12,0.2,0.15,0.22,0.29,0.25,0.17
GWETTOP,2000,3.0,38.125,0.24,0.14,0.12,0.23,0.19,0.15,0.15,0.2,0.22,0.3,0.35,0.31,0.22
GWETTOP,2000,3.0,38.75,0.24,0.15,0.12,0.25,0.24,0.17,0.17,0.22,0.26,0.35,0.38,0.32,0.24
GWETTOP,2000,3.0,39.375,0.25,0.13,0.1,0.25,0.31,0.2,0.2,0.25,0.28,0.37,0.36,0.32,0.25
GWETTOP,2000,3.0,40.0,0.26,0.13,0.1,0.26,0.36,0.23,0.21,0.27,0.31,0.42,0.4,0.33,0.27
GWETTOP,2000,3.0,40.625,0.22,0.17,0.14,0.25,0.38,0.24,0.21,0.23,0.28,0.46,0.42,0.28,0.27
GWETTOP,2000,3.0,41.25,0.19,0.15,0.13,0.21,0.32,0.22,0.19,0.2,0.23,0.39,0.34,0.23,0.23
GWETTOP,2000,3.0,41.875,0.19,0.1,0.08,0.21,0.34,0.27,0.2,0.17,0.24,0.41,0.34,0.28,0.24
GWETTOP,2000,3.5,34.375,0.19,0.12,0.11,0.28,0.34,0.34,0.34,0.42,0.38,0.38,0.36,0.33,0.3
GWETTOP,2000,3.5,35.0,0.16,0.11,0.1,0.25,0.23,0.26,0.24,0.36,0.34,0.33,0.31,0.25,0.25
GWETTOP,2000,3.5,35.625,0.15,0.11,0.11,0.19,0.15,0.17,0.17,0.32,0.3,0.25,0.27,0.24,0.2
GWETTOP,2000,3.5,36.25,0.15,0.11,0.12,0.21,0.15,0.15,0.14,0.28,0.24,0.25,0.28,0.24,0.19
GWETTOP,2000,3.5,36.875,0.16,0.11,0.12,0.24,0.17,0.15,0.14,0.26,0.21,0.27,0.3,0.26,0.2
GWETTOP,2000,3.5,37.5,0.18,0.12,0.13,0.26,0.19,0.16,0.16,0.28,0.25,0.31,0.33,0.28,0.22
GWETTOP,2000,3.5,38.125,0.2,0.13,0.11,0.24,0.24,0.16,0.18,0.26,0.28,0.36,0.36,0.32,0.24
GWETTOP,2000,3.5,38.75,0.21,0.13,0.1,0.24,0.29,0.19,0.22,0.3,0.32,0.39,0.38,0.32,0.26
GWETTOP,2000,3.5,39.375,0.25,0.14,0.11,0.26,0.37,0.26,0.26,0.33,0.37,0.44,0.42,0.35,0.3
GWETTOP,2000,3.5,40.0,0.23,0.13,0.1,0.25,0.38,0.25,0.22,0.28,0.32,0.44,0.42,0.34,0.28
GWETTOP,2000,3.5,40.625,0.22,0.18,0.14,0.29,0.51,0.27,0.23,0.27,0.35,0.57,0.54,0.33,0.33
GWETTOP,2000,3.5,41.25,0.19,0.16,0.14,0.22,0.36,0.23,0.2,0.2,0.24,0.42,0.38,0.26,0.25
GWETTOP,2000,3.5,41.875,0.15,0.1,0.08,0.19,0.3,0.21,0.16,0.15,0.19,0.35,0.3,0.22,0.2
GWETTOP,2000,4.0,34.375,0.21,0.15,0.12,0.38,0.37,0.38,0.35,0.46,0.4,0.45,0.41,0.35,0.34
GWETTOP,2000,4.0,35.0,0.19,0.13,0.12,0.32,0.24,0.29,0.25,0.4,0.35,0.37,0.34,0.29,0.27
GWETTOP,2000,4.0,35.625,0.16,0.11,0.11,0.24,0.18,0.19,0.17,0.31,0.3,0.28,0.3,0.26,0.22
GWETTOP,2000,4.0,36.25,0.14,0.1,0.11,0.23,0.18,0.16,0.15,0.27,0.25,0.27,0.29,0.23,0.2
GWETTOP,2000,4.0,36.875,0.14,0.1,0.11,0.25,0.21,0.16,0.15,0.28,0.28,0.31,0.32,0.25,0.21
GWETTOP,2000,4.0,37.5,0.15,0.11,0.11,0.26,0.24,0.17,0.16,0.29,0.31,0.35,0.34,0.26,0.23
GWETTOP,2000,4.0,38.125,0.2,0.14,0.11,0.24,0.33,0.22,0.25,0.36,0.4,0.47,0.45,0.36,0.29
GWETTOP,2000,4.0,38.75,0.25,0.2,0.15,0.28,0.41,0.27,0.28,0.44,0.5,0.61,0.59,0.43,0.37
GWETTOP,2000,4.0,39.375,0.25,0.2,0.15,0.29,0.49,0.29,0.3,0.41,0.48,0.6,0.6,0.46,0.38
GWETTOP,2000,4.0,40.0,0.21,0.15,0.11,0.26,0.45,0.28,0.23,0.29,0.37,0.5,0.49,0.39,0.31
GWETTOP,2000,4.0,40.625,0.23,0.16,0.13,0.28,0.52,0.31,0.22,0.26,0.34,0.56,0.56,0.39,0.33
GWETTOP,2000,4.0,41.25,0.2,0.13,0.1,0.22,0.38,0.28,0.18,0.18,0.24,0.41,0.4,0.32,0.25
GWETTOP,2000,4.0,41.875,0.17,0.11,0.09,0.22,0.35,0.28,0.18,0.15,0.21,0.39,0.36,0.29,0.23
GWETTOP,2000,4.5,34.375,0.23,0.17,0.14,0.48,0.4,0.43,0.36,0.5,0.37,0.53,0.44,0.37,0.37
GWETTOP,2000,4.5,35.0,0.21,0.15,0.13,0.39,0.29,0.3,0.25,0.42,0.33,0.41,0.38,0.32,0.3
GWETTOP,2000,4.5,35.625,0.16,0.11,0.11,0.27,0.21,0.19,0.18,0.3,0.3,0.3,0.31,0.26,0.23
GWETTOP,2000,4.5,36.25,0.13,0.09,0.1,0.26,0.21,0.17,0.16,0.29,0.29,0.3,0.3,0.23,0.21
GWETTOP,2000,4.5,36.875,0.12,0.09,0.09,0.26,0.26,0.19,0.18,0.3,0.34,0.35,0.33,0.25,0.23
GWETTOP,2000,4.5,37.5,0.17,0.14,0.12,0.3,0.36,0.24,0.23,0.43,0.47,0.52,0.45,0.31,0.31
GWETTOP,2000,4.5,38.125,0.22,0.19,0.14,0.27,0.42,0.27,0.28,0.45,0.53,0.62,0.6,0.48,0.37
GWETTOP,2000,4.5,38.75,0.22,0.18,0.14,0.25,0.4,0.25,0.26,0.41,0.5,0.59,0.57,0.44,0.35
GWETTOP,2000,4.5,39.375,0.19,0.15,0.12,0.24,0.42,0.27,0.22,0.31,0.4,0.51,0.51,0.39,0.31
GWETTOP,2000,4.5,40.0,0.18,0.14,0.11,0.22,0.38,0.25,0.2,0.28,0.36,0.45,0.45,0.36,0.28
GWETTOP,2000,4.5,40.625,0.19,0.13,0.1,0.22,0.41,0.3,0.19,0.22,0.3,0.46,0.45,0.36,0.28
GWETTOP,2000,4.5,41.25,0.22,0.12,0.1,0.23,0.38,0.32,0.21,0.19,0.25,0.43,0.42,0.35,0.27
GWETTOP,2000,4.5,41.875,0.15,0.1,0.09,0.23,0.39,0.29,0.17,0.15,0.21,0.42,0.4,0.33,0.24
GWETTOP,2001,-0.5,34.375,0.79,0.74,0.71,0.84,0.82,0.81,0.68,0.67,0.64,0.65,0.82,0.68,0.74
GWETTOP,2001,-0.5,35.0,0.71,0.69,0.64,0.76,0.76,0.72,0.65,0.66,0.63,0.63,0.75,0.63,0.69
GWETTOP,2001,-0.5,35.625,0.58,0.5,0.5,0.61,0.6,0.59,0.57,0.59,0.56,0.56,0.62,0.53,0.57
GWETTOP,2001,-0.5,36.25,0.51,0.41,0.44,0.54,0.51,0.51,0.5,0.52,0.48,0.47,0.55,0.45,0.49
GWETTOP,2001,-0.5,36.875,0.52,0.4,0.43,0.55,0.51,0.5,0.47,0.48,0.42,0.42,0.58,0.51,0.48
GWETTOP,2001,-0.5,37.5,0.56,0.48,0.48,0.57,0.54,0.52,0.5,0.51,0.46,0.45,0.62,0.57,0.52
GWETTOP,2001,-0.5,38.125,0.57,0.43,0.42,0.52,0.41,0.35,0.33,0.3,0.25,0.27,0.63,0.57,0.42
GWETTOP,2001,-0.5,38.75,0.51,0.33,0.36,0.48,0.37,0.32,0.3,0.27,0.23,0.26,0.59,0.5,0.38
GWETTOP,2001,-0.5,39.375,0.4,0.26,0.3,0.47,0.44,0.4,0.34,0.29,0.26,0.24,0.51,0.42,0.36
GWETTOP,2001,-0.5,40.0,0.42,0.27,0.31,0.51,0.51,0.48,0.4,0.34,0.31,0.28,0.54,0.47,0.4
GWETTOP,2001,-0.5,40.625,0.27,0.22,0.26,0.46,0.59,0.61,0.52,0.46,0.43,0.34,0.55,0.48,0.43
GWETTOP,2001,-0.5,41.25,0.24,0.23,0.25,0.46,0.61,0.62,0.52,0.46,0.44,0.34,0.56,0.48,0.43
GWETTOP,2001,-0.5,41.875,0.24,0.23,0.23,0.44,0.59,0.66,0.54,0.48,0.43,0.31,0.51,0.46,0.43
GWETTOP,2001,-1.0,34.375,0.74,0.71,0.66,0.71,0.65,0.59,0.51,0.52,0.52,0.53,0.66,0.56,0.61
GWETTOP,2001,-1.0,35.0,0.79,0.78,0.73,0.79,0.75,0.7,0.63,0.62,0.59,0.59,0.68,0.58,0.69
GWETTOP,2001,-1.0,35.625,0.69,0.66,0.6,0.7,0.69,0.66,0.61,0.58,0.53,0.52,0.6,0.5,0.61
GWETTOP,2001,-1.0,36.25,0.57,0.52,0.48,0.6,0.59,0.56,0.51,0.49,0.42,0.41,0.5,0.4,0.5
GWETTOP,2001,-1.0,36.875,0.62,0.54,0.5,0.56,0.54,0.5,0.48,0.44,0.34,0.38,0.61,0.57,0.51
GWETTOP,2001,-1.0,37.5,0.62,0.53,0.51,0.58,0.55,0.52,0.47,0.45,0.4,0.39,0.6,0.56,0.51
GWETTOP,2001,-1.0,38.125,0.59,0.4,0.43,0.53,0.43,0.37,0.33,0.3,0.24,0.27,0.67,0.57,0.43
GWETTOP,2001,-1.0,38.75,0.56,0.32,0.38,0.51,0.39,0.32,0.3,0.28,0.23,0.27,0.65,0.53,0.4
GWETTOP,2001,-1.0,39.375,0.44,0.24,0.34,0.56,0.54,0.45,0.34,0.28,0.26,0.25,0.6,0.46,0.4
GWETTOP,2001,-1.0,40.0,0.5,0.28,0.36,0.61,0.6,0.53,0.41,0.35,0.32,0.31,0.64,0.54,0.45
GWETTOP,2001,-1.0,40.625,0.28,0.23,0.27,0.47,0.63,0.65,0.55,0.49,0.45,0.37,0.56,0.49,0.45
GWETTOP,2001,-1.0,41.25,0.28,0.24,0.27,0.46,0.63,0.67,0.57,0.5,0.47,0.38,0.55,0.48,0.46
GWETTOP,2001,-1.0,41.875,0.25,0.22,0.23,0.38,0.54,0.61,0.49,0.42,0.39,0.3,0.43,0.38,0.39
GWETTOP,2001,-1.5,34.375,0.8,0.72,0.67,0.71,0.63,0.58,0.45,0.52,0.53,0.59,0.67,0.6,0.62
GWETTOP,2001,-1.5,35.0,0.82,0.79,0.67,0.75,0.66,0.58,0.5,0.5,0.5,0.54,0.63,0.53,0.62
GWETTOP,2001,-1.5,35.625,0.74,0.72,0.59,0.7,0.65,0.56,0.5,0.49,0.47,0.47,0.54,0.49,0.58
GWETTOP,2001,-1.5,36.25,0.56,0.48,0.42,0.49,0.47,0.43,0.39,0.38,0.32,0.31,0.44,0.37,0.42
GWETTOP,2001,-1.5,36.875,0.74,0.64,0.56,0.64,0.62,0.55,0.4,0.43,0.35,0.37,0.68,0.63,0.55
GWETTOP,2001,-1.5,37.5,0.62,0.52,0.48,0.51,0.49,0.45,0.37,0.36,0.31,0.32,0.59,0.57,0.47
GWETTOP,2001,-1.5,38.125,0.53,0.44,0.45,0.48,0.45,0.42,0.38,0.35,0.3,0.31,0.57,0.52,0.43
GWETTOP,2001,-1.5,38.75,0.54,0.36,0.39,0.53,0.44,0.36,0.32,0.29,0.26,0.27,0.61,0.52,0.41
GWETTOP,2001,-1.5,39.375,0.48,0.27,0.35,0.57,0.52,0.44,0.35,0.3,0.26,0.27,0.58,0.47,0.41
GWETTOP,2001,-1.5,40.0,0.41,0.25,0.35,0.6,0.65,0.62,0.52,0.42,0.37,0.33,0.62,0.53,0.47
GWETTOP,2001,-1.5,40.625,0.3,0.24,0.29,0.49,0.64,0.67,0.56,0.5,0.47,0.38,0.55,0.49,0.47
GWETTOP,2001,-1.5,41.25,0.3,0.25,0.26,0.46,0.63,0.72,0.62,0.51,0.47,0.35,0.52,0.48,0.47
GWETTOP,2001,-1.5,41.875,0.57,0.53,0.54,0.64,0.74,0.79,0.7,0.65,0.63,0.59,0.65,0.64,0.64
GWETTOP,2001,-1.7975103014118005e-13,34.375,0.59,0.52,0.58,0.69,0.72,0.73,0.67,0.68,0.66,0.69,0.77,0.64,0.66
GWETTOP,2001,-1.7975103014118005e-13,35.0,0.62,0.56,0.58,0.69,0.72,0.73,0.7,0.73,0.71,0.74,0.79,0.69,0.69
GWETTOP,2001,-1.7975103014118005e-13,35.625,0.54,0.47,0.49,0.59,0.6,0.61,0.6,0.63,0.62,0.62,0.67,0.59,0.59
GWETTOP,2001,-1.7975103014118005e-13,36.25,0.49,0.4,0.42,0.54,0.51,0.53,0.54,0.58,0.54,0.52,0.58,0.47,0.51
GWETTOP,2001,-1.7975103014118005e-13,36.875,0.44,0.36,0.39,0.5,0.46,0.46,0.46,0.49,0.44,0.42,0.54,0.46,0.45
GWETTOP,2001,-1.7975103014118005e-13,37.5,0.49,0.42,0.42,0.52,0.49,0.47,0.48,0.5,0.46,0.44,0.6,0.55,0.49
GWETTOP,2001,-1.7975103014118005e-13,38.125,0.47,0.39,0.37,0.45,0.38,0.33,0.3,0.28,0.22,0.25,0.55,0.5,0.37
GWETTOP,2001,-1.7975103014118005e-13,38.75,0.4,0.31,0.3,0.41,0.35,0.3,0.27,0.24,0.18,0.21,0.47,0.41,0.32
GWETTOP,2001,-1.7975103014118005e-13,39.375,0.34,0.24,0.26,0.41,0.37,0.34,0.3,0.25,0.21,0.19,0.42,0.36,0.31
GWETTOP,2001,-1.7975103014118005e-13,40.0,0.32,0.23,0.25,0.42,0.41,0.39,0.35,0.31,0.26,0.21,0.42,0.38,0.33
GWETTOP,2001,-1.7975103014118005e-13,40.625,0.23,0.2,0.23,0.42,0.48,0.48,0.41,0.36,0.33,0.25,0.47,0.42,0.36
GWETTOP,2001,-1.7975103014118005e-13,41.25,0.21,0.22,0.24,0.44,0.51,0.5,0.42,0.36,0.35,0.28,0.5,0.43,0.37
GWETTOP,2001,-1.7975103014118005e-13,41.875,0.23,0.25,0.24,0.47,0.55,0.56,0.47,0.4,0.37,0.3,0.52,0.46,0.4
GWETTOP,2001,-2.0,34.375,0.79,0.69,0.66,0.71,0.61,0.48,0.4,0.48,0.51,0.55,0.67,0.56,0.59
GWETTOP,2001,-2.0,35.0,0.8,0.73,0.64,0.72,0.62,0.55,0.41,0.43,0.46,0.51,0.63,0.55,0.59
GWETTOP,2001,-2.0,35.625,0.7,0.65,0.57,0.66,0.6,0.54,0.46,0.43,0.41,0.43,0.56,0.52,0.54
GWETTOP,2001,-2.0,36.25,0.47,0.4,0.36,0.4,0.37,0.31,0.25,0.24,0.21,0.21,0.38,0.31,0.33
GWETTOP,2001,-2.0,36.875,0.7,0.63,0.51,0.62,0.55,0.41,0.34,0.35,0.3,0.3,0.65,0.62,0.5
GWETTOP,2001,-2.0,37.5,0.63,0.54,0.47,0.53,0.48,0.4,0.32,0.31,0.27,0.28,0.59,0.56,0.45
GWETTOP,2001,-2.0,38.125,0.52,0.43,0.42,0.46,0.43,0.38,0.34,0.31,0.28,0.28,0.54,0.5,0.41
GWETTOP,2001,-2.0,38.75,0.56,0.36,0.4,0.54,0.47,0.38,0.34,0.31,0.27,0.28,0.61,0.53,0.42
GWETTOP,2001,-2.0,39.375,0.51,0.29,0.38,0.6,0.57,0.5,0.43,0.35,0.3,0.3,0.6,0.51,0.45
GWETTOP,2001,-2.0,40.0,0.4,0.25,0.34,0.55,0.59,0.56,0.48,0.4,0.35,0.31,0.56,0.47,0.44
GWETTOP,2001,-2.0,40.625,0.32,0.25,0.29,0.48,0.61,0.66,0.57,0.49,0.44,0.37,0.52,0.46,0.46
GWETTOP,2001,-2.0,41.25,0.34,0.3,0.32,0.46,0.58,0.62,0.51,0.47,0.45,0.41,0.47,0.45,0.45
GWETTOP,2001,-2.0,41.875,0.61,0.59,0.59,0.67,0.75,0.78,0.7,0.67,0.66,0.63,0.67,0.67,0.67
GWETTOP,2001,-2.5,34.375,0.73,0.62,0.57,0.61,0.5,0.37,0.3,0.33,0.36,0.38,0.56,0.49,0.48
GWETTOP,2001,-2.5,35.0,0.7,0.63,0.55,0.6,0.51,0.42,0.29,0.32,0.32,0.37,0.55,0.5,0.48
GWETTOP,2001,-2.5,35.625,0.58,0.53,0.49,0.52,0.45,0.34,0.27,0.29,0.27,0.31,0.51,0.47,0.42
GWETTOP,2001,-2.5,36.25,0.49,0.41,0.38,0.42,0.33,0.27,0.22,0.24,0.19,0.19,0.44,0.36,0.33
GWETTOP,2001,-2.5,36.875,0.64,0.57,0.45,0.53,0.39,0.33,0.28,0.28,0.22,0.23,0.61,0.6,0.43
GWETTOP,2001,-2.5,37.5,0.64,0.53,0.43,0.52,0.41,0.35,0.29,0.28,0.23,0.23,0.61,0.59,0.42
GWETTOP,2001,-2.5,38.125,0.58,0.49,0.45,0.5,0.45,0.39,0.33,0.28,0.23,0.23,0.6,0.58,0.43
GWETTOP,2001,-2.5,38.75,0.57,0.38,0.41,0.55,0.47,0.41,0.36,0.31,0.28,0.28,0.62,0.58,0.44
GWETTOP,2001,-2.5,39.375,0.59,0.35,0.42,0.66,0.65,0.61,0.55,0.42,0.37,0.34,0.67,0.63,0.52
GWETTOP,2001,-2.5,40.0,0.39,0.29,0.33,0.45,0.5,0.49,0.43,0.38,0.34,0.3,0.48,0.41,0.4
GWETTOP,2001,-2.5,40.625,0.47,0.41,0.43,0.53,0.63,0.67,0.59,0.54,0.51,0.48,0.56,0.52,0.53
GWETTOP,2001,-2.5,41.25,1.0,1.0,1.0,1.0,1.0,1.0,1.0,1.0,1.0,1.0,1.0,1.0,1.0
GWETTOP,2001,-2.5,41.875,1.0,1.0,1.0,1.0,1.0,1.0,1.0,1.0,1.0,1.0,1.0,1.0,1.0
GWETTOP,2001,-3.0,34.375,0.77,0.68,0.56,0.56,0.46,0.31,0.24,0.26,0.2,0.28,0.52,0.48,0.44
GWETTOP,2001,-3.0,35.0,0.69,0.63,0.53,0.53,0.46,0.32,0.23,0.26,0.19,0.28,0.51,0.47,0.42
GWETTOP,2001,-3.0,35.625,0.58,0.52,0.49,0.49,0.46,0.4,0.29,0.3,0.2,0.28,0.5,0.47,0.41
GWETTOP,2001,-3.0,36.25,0.59,0.47,0.43,0.45,0.35,0.32,0.25,0.29,0.19,0.2,0.5,0.41,0.37
GWETTOP,2001,-3.0,36.875,0.65,0.55,0.43,0.51,0.45,0.5,0.32,0.32,0.21,0.22,0.59,0.6,0.44
GWETTOP,2001,-3.0,37.5,0.55,0.49,0.43,0.48,0.41,0.42,0.32,0.29,0.2,0.2,0.5,0.51,0.4
GWETTOP,2001,-3.0,38.125,0.55,0.47,0.44,0.48,0.43,0.4,0.35,0.28,0.24,0.22,0.55,0.56,0.41
GWETTOP,2001,-3.0,38.75,0.54,0.36,0.39,0.51,0.43,0.42,0.36,0.3,0.27,0.27,0.6,0.58,0.42
GWETTOP,2001,-3.0,39.375,0.57,0.37,0.42,0.62,0.62,0.62,0.57,0.45,0.4,0.35,0.65,0.61,0.52
GWETTOP,2001,-3.0,40.0,0.39,0.32,0.33,0.42,0.46,0.47,0.42,0.38,0.34,0.3,0.44,0.41,0.39
GWETTOP,2001,-3.0,40.625,0.76,0.74,0.74,0.77,0.82,0.84,0.81,0.78,0.76,0.75,0.78,0.77,0.78
GWETTOP,2001,-3.0,41.25,1.0,1.0,1.0,1.0,1.0,1.0,1.0,1.0,1.0,1.0,1.0,1.0,1.0
GWETTOP,2001,-3.0,41.875,1.0,1.0,1.0,1.0,1.0,1.0,1.0,1.0,1.0,1.0,1.0,1.0,1.0
GWETTOP,2001,-3.5,34.375,0.78,0.71,0.56,0.54,0.41,0.27,0.23,0.25,0.19,0.26,0.5,0.47,0.43
GWETTOP,2001,-3.5,35.0,0.68,0.6,0.5,0.5,0.42,0.31,0.24,0.25,0.19,0.23,0.49,0.43,0.4
GWETTOP,2001,-3.5,35.625,0.55,0.49,0.48,0.48,0.42,0.35,0.26,0.27,0.19,0.21,0.48,0.42,0.38
GWETTOP,2001,-3.5,36.25,0.51,0.42,0.4,0.43,0.33,0.3,0.24,0.24,0.16,0.16,0.44,0.37,0.33
GWETTOP,2001,-3.5,36.875,0.49,0.35,0.36,0.46,0.36,0.37,0.26,0.24,0.17,0.17,0.46,0.41,0.34
GWETTOP,2001,-3.5,37.5,0.46,0.33,0.35,0.44,0.37,0.38,0.27,0.23,0.17,0.16,0.46,0.41,0.34
GWETTOP,2001,-3.5,38.125,0.52,0.38,0.38,0.48,0.42,0.41,0.36,0.29,0.24,0.24,0.54,0.53,0.4
GWETTOP,2001,-3.5,38.75,0.53,0.41,0.43,0.51,0.47,0.46,0.42,0.35,0.31,0.3,0.55,0.55,0.44
GWETTOP,2001,-3.5,39.375,0.52,0.35,0.41,0.6,0.62,0.63,0.58,0.47,0.4,0.36,0.61,0.57,0.51
GWETTOP,2001,-3.5,40.0,0.56,0.47,0.49,0.57,0.59,0.59,0.54,0.49,0.46,0.43,0.57,0.57,0.53
GWETTOP,2001,-3.5,40.625,0.92,0.91,0.91,0.92,0.94,0.95,0.94,0.93,0.92,0.91,0.93,0.92,0.93
GWETTOP,2001,-3.5,41.25,1.0,1.0,1.0,1.0,1.0,1.0,1.0,1.0,1.0,1.0,1.0,1.0,1.0
GWETTOP,2001,-3.5,41.875,1.0,1.0,1.0,1.0,1.0,1.0,1.0,1.0,1.0,1.0,1.0,1.0,1.0
GWETTOP,2001,-4.0,34.375,0.72,0.66,0.55,0.52,0.42,0.3,0.26,0.24,0.19,0.23,0.47,0.45,0.42
GWETTOP,2001,-4.0,35.0,0.69,0.62,0.56,0.55,0.47,0.39,0.32,0.3,0.23,0.25,0.52,0.46,0.45
GWETTOP,2001,-4.0,35.625,0.56,0.52,0.5,0.51,0.46,0.41,0.32,0.29,0.2,0.2,0.49,0.44,0.41
GWETTOP,2001,-4.0,36.25,0.52,0.46,0.43,0.44,0.34,0.31,0.24,0.22,0.16,0.15,0.42,0.4,0.34
GWETTOP,2001,-4.0,36.875,0.5,0.43,0.41,0.46,0.36,0.35,0.26,0.23,0.17,0.17,0.44,0.44,0.35
GWETTOP,2001,-4.0,37.5,0.52,0.38,0.4,0.47,0.38,0.37,0.29,0.25,0.19,0.18,0.47,0.48,0.36
GWETTOP,2001,-4.0,38.125,0.57,0.38,0.41,0.54,0.44,0.44,0.37,0.3,0.25,0.24,0.57,0.58,0.42
GWETTOP,2001,-4.0,38.75,0.52,0.35,0.39,0.52,0.48,0.47,0.41,0.33,0.28,0.29,0.55,0.54,0.43
GWETTOP,2001,-4.0,39.375,0.42,0.3,0.36,0.49,0.54,0.55,0.46,0.38,0.34,0.31,0.47,0.44,0.42
GWETTOP,2001,-4.0,40.0,0.54,0.49,0.52,0.55,0.56,0.54,0.51,0.5,0.48,0.47,0.54,0.54,0.52
GWETTOP,2001,-4.0,40.625,1.0,1.0,1.0,1.0,1.0,1.0,1.0,1.0,1.0,1.0,1.0,1.0,1.0
GWETTOP,2001,-4.0,41.25,1.0,1.0,1.0,1.0,1.0,1.0,1.0,1.0,1.0,1.0,1.0,1.0,1.0
GWETTOP,2001,-4.0,41.875,1.0,1.0,1.0,1.0,1.0,1.0,1.0,1.0,1.0,1.0,1.0,1.0,1.0
GWETTOP,2001,-4.5,34.375,0.62,0.55,0.5,0.48,0.4,0.37,0.35,0.3,0.25,0.25,0.4,0.41,0.41
GWETTOP,2001,-4.5,35.0,0.64,0.54,0.49,0.5,0.42,0.4,0.36,0.32,0.26,0.25,0.44,0.42,0.42
GWETTOP,2001,-4.5,35.625,0.52,0.44,0.43,0.45,0.41,0.39,0.32,0.28,0.21,0.2,0.41,0.38,0.37
GWETTOP,2001,-4.5,36.25,0.54,0.46,0.44,0.46,0.37,0.33,0.28,0.24,0.19,0.18,0.4,0.4,0.36
GWETTOP,2001,-4.5,36.875,0.53,0.45,0.44,0.48,0.39,0.37,0.29,0.26,0.2,0.2,0.42,0.45,0.37
GWETTOP,2001,-4.5,37.5,0.53,0.43,0.43,0.49,0.41,0.39,0.32,0.28,0.22,0.21,0.44,0.48,0.39
GWETTOP,2001,-4.5,38.125,0.65,0.53,0.49,0.61,0.56,0.54,0.48,0.39,0.3,0.29,0.6,0.63,0.51
GWETTOP,2001,-4.5,38.75,0.61,0.48,0.47,0.59,0.57,0.54,0.48,0.4,0.33,0.32,0.57,0.6,0.5
GWETTOP,2001,-4.5,39.375,0.42,0.36,0.39,0.44,0.46,0.44,0.4,0.37,0.33,0.31,0.4,0.42,0.4
GWETTOP,2001,-4.5,40.0,0.95,0.95,0.95,0.95,0.95,0.95,0.95,0.95,0.94,0.94,0.95,0.95,0.95
GWETTOP,2001,-4.5,40.625,1.0,1.0,1.0,1.0,1.0,1.0,1.0,1.0,1.0,1.0,1.0,1.0,1.0
GWETTOP,2001,-4.5,41.25,1.0,1.0,1.0,1.0,1.0,1.0,1.0,1.0,1.0,1.0,1.0,1.0,1.0
GWETTOP,2001,-4.5,41.875,1.0,1.0,1.0,1.0,1.0,1.0,1.0,1.0,1.0,1.0,1.0,1.0,1.0
GWETTOP,2001,0.5,34.375,0.49,0.41,0.5,0.57,0.62,0.65,0.64,0.66,0.66,0.7,0.72,0.63,0.61
GWETTOP,2001,0.5,35.0,0.54,0.46,0.49,0.58,0.64,0.66,0.67,0.71,0.7,0.73,0.76,0.66,0.63
GWETTOP,2001,0.5,35.625,0.43,0.38,0.39,0.49,0.51,0.53,0.53,0.58,0.55,0.54,0.59,0.46,0.5
GWETTOP,2001,0.5,36.25,0.4,0.3,0.31,0.46,0.45,0.48,0.5,0.55,0.5,0.46,0.5,0.42,0.44
GWETTOP,2001,0.5,36.875,0.51,0.41,0.42,0.56,0.52,0.54,0.57,0.62,0.56,0.51,0.61,0.55,0.53
GWETTOP,2001,0.5,37.5,0.38,0.31,0.31,0.4,0.37,0.35,0.36,0.4,0.34,0.32,0.46,0.42,0.37
GWETTOP,2001,0.5,38.125,0.36,0.29,0.27,0.39,0.34,0.3,0.25,0.26,0.19,0.21,0.44,0.4,0.31
GWETTOP,2001,0.5,38.75,0.35,0.26,0.24,0.39,0.35,0.31,0.24,0.2,0.16,0.17,0.41,0.38,0.29
GWETTOP,2001,0.5,39.375,0.32,0.21,0.23,0.44,0.39,0.34,0.27,0.21,0.18,0.17,0.41,0.38,0.3
GWETTOP,2001,0.5,40.0,0.25,0.18,0.22,0.43,0.4,0.35,0.29,0.23,0.19,0.17,0.4,0.38,0.29
GWETTOP,2001,0.5,40.625,0.17,0.19,0.21,0.41,0.39,0.36,0.3,0.24,0.23,0.19,0.4,0.38,0.29
GWETTOP,2001,0.5,41.25,0.2,0.22,0.22,0.42,0.4,0.38,0.33,0.28,0.27,0.23,0.42,0.38,0.31
GWETTOP,2001,0.5,41.875,0.21,0.24,0.22,0.46,0.44,0.41,0.33,0.29,0.29,0.26,0.45,0.39,0.33
GWETTOP,2001,1.0,34.375,0.64,0.56,0.57,0.61,0.67,0.71,0.73,0.77,0.77,0.81,0.83,0.78,0.71
GWETTOP,2001,1.0,35.0,0.57,0.47,0.48,0.57,0.65,0.69,0.71,0.77,0.77,0.79,0.83,0.75,0.67
GWETTOP,2001,1.0,35.625,0.38,0.28,0.31,0.43,0.46,0.49,0.49,0.55,0.49,0.47,0.52,0.42,0.44
GWETTOP,2001,1.0,36.25,0.35,0.24,0.27,0.39,0.37,0.4,0.43,0.48,0.42,0.38,0.41,0.36,0.38
GWETTOP,2001,1.0,36.875,0.38,0.34,0.35,0.4,0.37,0.4,0.42,0.47,0.41,0.38,0.45,0.41,0.4
GWETTOP,2001,1.0,37.5,0.37,0.32,0.32,0.38,0.35,0.33,0.33,0.34,0.29,0.28,0.43,0.41,0.35
GWETTOP,2001,1.0,38.125,0.34,0.24,0.24,0.36,0.31,0.25,0.22,0.21,0.16,0.18,0.4,0.36,0.27
GWETTOP,2001,1.0,38.75,0.33,0.22,0.24,0.4,0.35,0.29,0.23,0.19,0.14,0.16,0.41,0.37,0.28
GWETTOP,2001,1.0,39.375,0.3,0.19,0.24,0.47,0.41,0.32,0.23,0.19,0.17,0.17,0.43,0.4,0.29
GWETTOP,2001,1.0,40.0,0.22,0.18,0.23,0.42,0.38,0.34,0.25,0.21,0.19,0.17,0.4,0.38,0.28
GWETTOP,2001,1.0,40.625,0.16,0.19,0.22,0.42,0.39,0.34,0.26,0.2,0.21,0.19,0.41,0.4,0.28
GWETTOP,2001,1.0,41.25,0.17,0.21,0.23,0.48,0.44,0.4,0.28,0.24,0.25,0.22,0.46,0.43,0.32
GWETTOP,2001,1.0,41.875,0.17,0.2,0.19,0.43,0.4,0.35,0.28,0.25,0.25,0.24,0.42,0.38,0.3
GWETTOP,2001,1.5,34.375,0.44,0.33,0.43,0.45,0.55,0.6,0.61,0.65,0.61,0.63,0.63,0.5,0.54
GWETTOP,2001,1.5,35.0,0.41,0.31,0.39,0.44,0.49,0.54,0.57,0.64,0.58,0.57,0.61,0.49,0.5
GWETTOP,2001,1.5,35.625,0.3,0.18,0.26,0.35,0.35,0.39,0.4,0.42,0.38,0.35,0.4,0.34,0.34
GWETTOP,2001,1.5,36.25,0.29,0.18,0.24,0.33,0.27,0.37,0.38,0.39,0.32,0.28,0.37,0.27,0.31
GWETTOP,2001,1.5,36.875,0.38,0.33,0.35,0.4,0.36,0.37,0.38,0.38,0.34,0.32,0.41,0.39,0.37
GWETTOP,2001,1.5,37.5,0.35,0.28,0.31,0.37,0.33,0.34,0.34,0.32,0.27,0.27,0.4,0.37,0.33
GWETTOP,2001,1.5,38.125,0.34,0.24,0.27,0.4,0.31,0.27,0.24,0.21,0.16,0.19,0.43,0.37,0.29
GWETTOP,2001,1.5,38.75,0.38,0.23,0.28,0.49,0.35,0.28,0.25,0.23,0.18,0.21,0.52,0.45,0.32
GWETTOP,2001,1.5,39.375,0.28,0.2,0.24,0.46,0.41,0.34,0.26,0.2,0.18,0.18,0.44,0.42,0.3
GWETTOP,2001,1.5,40.0,0.28,0.19,0.24,0.48,0.43,0.35,0.25,0.19,0.18,0.18,0.45,0.43,0.3
GWETTOP,2001,1.5,40.625,0.17,0.21,0.25,0.47,0.44,0.35,0.25,0.21,0.23,0.2,0.47,0.47,0.31
GWETTOP,2001,1.5,41.25,0.15,0.17,0.19,0.39,0.36,0.34,0.27,0.2,0.21,0.19,0.39,0.39,0.27
GWETTOP,2001,1.5,41.875,0.14,0.17,0.18,0.43,0.4,0.33,0.23,0.23,0.24,0.23,0.44,0.42,0.29
GWETTOP,2001,2.0,34.375,0.34,0.25,0.37,0.35,0.46,0.52,0.53,0.54,0.5,0.52,0.53,0.41,0.44
GWETTOP,2001,2.0,35.0,0.33,0.22,0.34,0.38,0.41,0.46,0.47,0.49,0.44,0.43,0.48,0.41,0.41
GWETTOP,2001,2.0,35.625,0.25,0.17,0.25,0.33,0.3,0.35,0.36,0.36,0.29,0.26,0.36,0.29,0.3
GWETTOP,2001,2.0,36.25,0.27,0.18,0.25,0.31,0.25,0.34,0.34,0.32,0.22,0.23,0.37,0.25,0.28
GWETTOP,2001,2.0,36.875,0.37,0.31,0.35,0.4,0.35,0.35,0.35,0.32,0.26,0.26,0.42,0.38,0.34
GWETTOP,2001,2.0,37.5,0.36,0.29,0.31,0.39,0.34,0.32,0.29,0.26,0.2,0.22,0.41,0.38,0.31
GWETTOP,2001,2.0,38.125,0.37,0.26,0.28,0.45,0.37,0.3,0.24,0.21,0.16,0.2,0.48,0.43,0.31
GWETTOP,2001,2.0,38.75,0.35,0.24,0.27,0.45,0.37,0.31,0.26,0.22,0.17,0.2,0.48,0.42,0.31
GWETTOP,2001,2.0,39.375,0.27,0.2,0.24,0.45,0.4,0.34,0.26,0.21,0.18,0.19,0.44,0.42,0.3
GWETTOP,2001,2.0,40.0,0.28,0.21,0.25,0.49,0.44,0.35,0.29,0.22,0.2,0.2,0.48,0.46,0.32
GWETTOP,2001,2.0,40.625,0.21,0.25,0.3,0.6,0.52,0.35,0.27,0.27,0.28,0.25,0.62,0.61,0.38
GWETTOP,2001,2.0,41.25,0.16,0.21,0.24,0.45,0.4,0.32,0.23,0.22,0.23,0.2,0.47,0.46,0.3
GWETTOP,2001,2.0,41.875,0.17,0.19,0.21,0.52,0.43,0.33,0.26,0.27,0.29,0.29,0.55,0.5,0.33
GWETTOP,2001,2.5,34.375,0.3,0.23,0.35,0.35,0.4,0.5,0.49,0.49,0.43,0.47,0.5,0.37,0.41
GWETTOP,2001,2.5,35.0,0.28,0.2,0.31,0.36,0.38,0.42,0.42,0.43,0.38,0.37,0.43,0.37,0.36
GWETTOP,2001,2.5,35.625,0.24,0.17,0.25,0.33,0.31,0.32,0.31,0.3,0.2,0.22,0.35,0.26,0.27
GWETTOP,2001,2.5,36.25,0.27,0.18,0.26,0.32,0.27,0.28,0.27,0.24,0.16,0.19,0.36,0.25,0.25
GWETTOP,2001,2.5,36.875,0.33,0.26,0.31,0.38,0.33,0.29,0.27,0.22,0.17,0.21,0.39,0.35,0.29
GWETTOP,2001,2.5,37.5,0.34,0.27,0.31,0.43,0.35,0.27,0.23,0.2,0.15,0.2,0.43,0.36,0.29
GWETTOP,2001,2.5,38.125,0.32,0.28,0.3,0.45,0.39,0.32,0.22,0.2,0.16,0.2,0.44,0.4,0.31
GWETTOP,2001,2.5,38.75,0.3,0.26,0.29,0.46,0.4,0.32,0.23,0.2,0.17,0.2,0.44,0.39,0.3
GWETTOP,2001,2.5,39.375,0.26,0.23,0.27,0.47,0.42,0.35,0.27,0.22,0.19,0.21,0.43,0.39,0.31
GWETTOP,2001,2.5,40.0,0.25,0.24,0.28,0.51,0.46,0.35,0.3,0.25,0.21,0.22,0.46,0.43,0.33
GWETTOP,2001,2.5,40.625,0.22,0.26,0.29,0.52,0.46,0.3,0.24,0.26,0.26,0.25,0.52,0.46,0.34
GWETTOP,2001,2.5,41.25,0.17,0.18,0.2,0.33,0.27,0.21,0.18,0.19,0.18,0.19,0.34,0.25,0.22
GWETTOP,2001,2.5,41.875,0.18,0.16,0.17,0.35,0.31,0.25,0.2,0.21,0.22,0.23,0.36,0.28,0.24
GWETTOP,2001,3.0,34.375,0.28,0.19,0.36,0.42,0.43,0.54,0.53,0.55,0.48,0.51,0.55,0.45,0.44
GWETTOP,2001,3.0,35.0,0.23,0.17,0.28,0.36,0.37,0.4,0.39,0.39,0.33,0.34,0.42,0.36,0.34
GWETTOP,2001,3.0,35.625,0.22,0.18,0.24,0.33,0.31,0.23,0.23,0.23,0.15,0.18,0.34,0.22,0.24
GWETTOP,2001,3.0,36.25,0.26,0.21,0.26,0.34,0.27,0.2,0.19,0.17,0.13,0.16,0.35,0.24,0.23
GWETTOP,2001,3.0,36.875,0.28,0.24,0.27,0.36,0.31,0.2,0.19,0.16,0.13,0.17,0.35,0.28,0.24
GWETTOP,2001,3.0,37.5,0.26,0.22,0.28,0.39,0.3,0.2,0.16,0.15,0.12,0.17,0.36,0.27,0.24
GWETTOP,2001,3.0,38.125,0.25,0.28,0.3,0.46,0.42,0.34,0.25,0.19,0.16,0.2,0.4,0.36,0.3
GWETTOP,2001,3.0,38.75,0.27,0.3,0.33,0.52,0.46,0.37,0.24,0.22,0.19,0.23,0.44,0.37,0.33
GWETTOP,2001,3.0,39.375,0.23,0.26,0.29,0.49,0.43,0.35,0.29,0.24,0.2,0.22,0.4,0.34,0.31
GWETTOP,2001,3.0,40.0,0.23,0.26,0.3,0.5,0.46,0.34,0.28,0.26,0.23,0.24,0.42,0.35,0.32
GWETTOP,2001,3.0,40.625,0.21,0.24,0.27,0.44,0.39,0.26,0.21,0.23,0.23,0.25,0.4,0.3,0.29
GWETTOP,2001,3.0,41.25,0.18,0.19,0.22,0.36,0.29,0.21,0.19,0.2,0.2,0.22,0.33,0.24,0.24
GWETTOP,2001,3.0,41.875,0.18,0.14,0.17,0.33,0.31,0.25,0.17,0.19,0.2,0.22,0.32,0.25,0.23
GWETTOP,2001,3.5,34.375,0.26,0.16,0.33,0.4,0.4,0.52,0.49,0.51,0.43,0.46,0.55,0.42,0.41
GWETTOP,2001,3.5,35.0,0.22,0.17,0.29,0.38,0.38,0.41,0.39,0.38,0.34,0.35,0.42,0.36,0.34
GWETTOP,2001,3.5,35.625,0.22,0.19,0.26,0.36,0.33,0.24,0.22,0.21,0.15,0.2,0.35,0.25,0.25
GWETTOP,2001,3.5,36.25,0.24,0.21,0.27,0.37,0.32,0.21,0.2,0.18,0.15,0.19,0.36,0.26,0.25
GWETTOP,2001,3.5,36.875,0.26,0.24,0.28,0.39,0.35,0.28,0.2,0.18,0.15,0.2,0.36,0.29,0.26
GWETTOP,2001,3.5,37.5,0.28,0.26,0.31,0.45,0.38,0.29,0.24,0.21,0.17,0.22,0.4,0.3,0.29
GWETTOP,2001,3.5,38.125,0.24,0.29,0.31,0.48,0.45,0.37,0.32,0.26,0.19,0.23,0.38,0.34,0.32
GWETTOP,2001,3.5,38.75,0.24,0.28,0.31,0.51,0.46,0.37,0.32,0.29,0.23,0.25,0.4,0.33,0.33
GWETTOP,2001,3.5,39.375,0.26,0.28,0.32,0.55,0.52,0.41,0.33,0.33,0.27,0.28,0.43,0.36,0.36
GWETTOP,2001,3.5,40.0,0.23,0.25,0.29,0.5,0.46,0.34,0.28,0.27,0.24,0.28,0.41,0.33,0.32
GWETTOP,2001,3.5,40.625,0.23,0.28,0.32,0.56,0.49,0.27,0.22,0.27,0.28,0.34,0.48,0.32,0.34
GWETTOP,2001,3.5,41.25,0.2,0.21,0.24,0.38,0.31,0.22,0.2,0.21,0.21,0.25,0.33,0.24,0.25
GWETTOP,2001,3.5,41.875,0.16,0.13,0.16,0.3,0.26,0.18,0.14,0.15,0.17,0.2,0.27,0.19,0.19
GWETTOP,2001,4.0,34.375,0.27,0.19,0.4,0.51,0.5,0.59,0.55,0.56,0.5,0.54,0.64,0.52,0.48
GWETTOP,2001,4.0,35.0,0.26,0.21,0.36,0.48,0.46,0.49,0.45,0.41,0.35,0.4,0.51,0.42,0.4
GWETTOP,2001,4.0,35.625,0.22,0.22,0.28,0.39,0.36,0.31,0.26,0.23,0.17,0.23,0.37,0.3,0.28
GWETTOP,2001,4.0,36.25,0.23,0.2,0.28,0.38,0.34,0.25,0.22,0.2,0.16,0.22,0.36,0.27,0.26
GWETTOP,2001,4.0,36.875,0.24,0.22,0.29,0.4,0.37,0.32,0.26,0.23,0.17,0.24,0.36,0.28,0.28
GWETTOP,2001,4.0,37.5,0.24,0.23,0.31,0.45,0.41,0.34,0.28,0.25,0.19,0.26,0.39,0.28,0.3
GWETTOP,2001,4.0,38.125,0.27,0.28,0.33,0.54,0.51,0.43,0.34,0.36,0.29,0.33,0.45,0.34,0.37
GWETTOP,2001,4.0,38.75,0.29,0.36,0.41,0.67,0.67,0.59,0.39,0.42,0.32,0.4,0.6,0.42,0.46
GWETTOP,2001,4.0,39.375,0.29,0.34,0.39,0.68,0.66,0.56,0.34,0.39,0.32,0.41,0.61,0.47,0.45
GWETTOP,2001,4.0,40.0,0.23,0.26,0.32,0.55,0.51,0.4,0.25,0.29,0.27,0.35,0.47,0.35,0.35
GWETTOP,2001,4.0,40.625,0.25,0.26,0.32,0.56,0.49,0.3,0.22,0.26,0.28,0.37,0.48,0.34,0.34
GWETTOP,2001,4.0,41.25,0.22,0.18,0.23,0.39,0.35,0.25,0.17,0.18,0.2,0.27,0.35,0.26,0.25
GWETTOP,2001,4.0,41.875,0.2,0.14,0.18,0.34,0.31,0.22,0.15,0.16,0.18,0.23,0.31,0.2,0.22
GWETTOP,2001,4.5,34.375,0.3,0.23,0.47,0.63,0.56,0.68,0.61,0.58,0.51,0.61,0.72,0.48,0.53
GWETTOP,2001,4.5,35.0,0.28,0.25,0.4,0.55,0.53,0.52,0.47,0.44,0.37,0.43,0.57,0.46,0.44
GWETTOP,2001,4.5,35.625,0.22,0.24,0.29,0.41,0.39,0.35,0.3,0.25,0.18,0.25,0.38,0.32,0.3
GWETTOP,2001,4.5,36.25,0.23,0.21,0.29,0.4,0.37,0.31,0.26,0.23,0.18,0.26,0.37,0.27,0.28
GWETTOP,2001,4.5,36.875,0.23,0.19,0.29,0.41,0.38,0.34,0.31,0.28,0.2,0.27,0.36,0.27,0.29
GWETTOP,2001,4.5,37.5,0.28,0.26,0.39,0.57,0.54,0.42,0.36,0.38,0.27,0.37,0.49,0.3,0.39
GWETTOP,2001,4.5,38.125,0.29,0.3,0.38,0.64,0.63,0.56,0.38,0.44,0.32,0.43,0.58,0.4,0.45
GWETTOP,2001,4.5,38.75,0.27,0.28,0.36,0.61,0.6,0.52,0.34,0.42,0.3,0.4,0.55,0.37,0.42
GWETTOP,2001,4.5,39.375,0.24,0.24,0.31,0.55,0.52,0.43,0.29,0.31,0.27,0.37,0.48,0.34,0.36
GWETTOP,2001,4.5,40.0,0.23,0.21,0.27,0.49,0.46,0.38,0.28,0.28,0.25,0.33,0.41,0.32,0.33
GWETTOP,2001,4.5,40.625,0.22,0.19,0.25,0.43,0.41,0.31,0.19,0.21,0.24,0.33,0.38,0.29,0.29
GWETTOP,2001,4.5,41.25,0.25,0.17,0.22,0.39,0.36,0.31,0.19,0.19,0.22,0.29,0.34,0.28,0.27
GWETTOP,2001,4.5,41.875,0.19,0.13,0.19,0.38,0.35,0.23,0.15,0.16,0.19,0.27,0.32,0.21,0.23
GWETTOP,2002,-0.5,34.375,0.7,0.57,0.69,0.72,0.84,0.67,0.53,0.51,0.35,0.59,0.8,0.8,0.65
GWETTOP,2002,-0.5,35.0,0.61,0.51,0.59,0.61,0.76,0.64,0.56,0.55,0.46,0.55,0.72,0.71,0.61
GWETTOP,2002,-0.5,35.625,0.53,0.44,0.5,0.53,0.62,0.54,0.52,0.52,0.46,0.5,0.59,0.57,0.53
GWETTOP,2002,-0.5,36.25,0.45,0.37,0.45,0.47,0.56,0.47,0.45,0.47,0.42,0.44,0.51,0.49,0.46
GWETTOP,2002,-0.5,36.875,0.47,0.37,0.47,0.51,0.58,0.5,0.45,0.45,0.42,0.45,0.52,0.52,0.48
GWETTOP,2002,-0.5,37.5,0.52,0.44,0.51,0.55,0.63,0.53,0.5,0.49,0.47,0.49,0.55,0.56,0.52
GWETTOP,2002,-0.5,38.125,0.49,0.38,0.49,0.54,0.54,0.42,0.37,0.34,0.36,0.41,0.58,0.59,0.46
GWETTOP,2002,-0.5,38.75,0.4,0.3,0.43,0.5,0.49,0.36,0.33,0.31,0.33,0.38,0.54,0.54,0.41
GWETTOP,2002,-0.5,39.375,0.32,0.24,0.37,0.48,0.47,0.38,0.38,0.33,0.35,0.37,0.53,0.5,0.39
GWETTOP,2002,-0.5,40.0,0.36,0.28,0.4,0.51,0.53,0.46,0.45,0.38,0.4,0.41,0.58,0.55,0.44
GWETTOP,2002,-0.5,40.625,0.34,0.28,0.34,0.5,0.58,0.56,0.56,0.48,0.49,0.46,0.62,0.56,0.48
GWETTOP,2002,-0.5,41.25,0.34,0.28,0.34,0.51,0.59,0.56,0.56,0.48,0.49,0.46,0.63,0.55,0.48
GWETTOP,2002,-0.5,41.875,0.3,0.23,0.3,0.47,0.57,0.58,0.56,0.48,0.49,0.44,0.57,0.5,0.46
GWETTOP,2002,-1.0,34.375,0.61,0.51,0.61,0.59,0.7,0.53,0.47,0.47,0.32,0.52,0.68,0.69,0.56
GWETTOP,2002,-1.0,35.0,0.62,0.54,0.63,0.62,0.73,0.61,0.56,0.54,0.49,0.55,0.69,0.7,0.61
GWETTOP,2002,-1.0,35.625,0.52,0.47,0.54,0.56,0.68,0.58,0.53,0.51,0.48,0.5,0.6,0.59,0.55
GWETTOP,2002,-1.0,36.25,0.41,0.35,0.45,0.47,0.63,0.51,0.44,0.42,0.38,0.4,0.49,0.49,0.45
GWETTOP,2002,-1.0,36.875,0.52,0.46,0.51,0.53,0.63,0.51,0.45,0.37,0.38,0.42,0.54,0.57,0.49
GWETTOP,2002,-1.0,37.5,0.52,0.47,0.52,0.54,0.64,0.52,0.48,0.45,0.43,0.45,0.55,0.57,0.51
GWETTOP,2002,-1.0,38.125,0.45,0.35,0.5,0.57,0.53,0.38,0.38,0.35,0.37,0.43,0.61,0.61,0.46
GWETTOP,2002,-1.0,38.75,0.39,0.28,0.46,0.54,0.51,0.33,0.34,0.32,0.35,0.42,0.6,0.58,0.43
GWETTOP,2002,-1.0,39.375,0.3,0.22,0.41,0.58,0.53,0.38,0.4,0.34,0.38,0.43,0.61,0.56,0.43
GWETTOP,2002,-1.0,40.0,0.37,0.28,0.48,0.6,0.62,0.49,0.5,0.41,0.45,0.48,0.68,0.63,0.5
GWETTOP,2002,-1.0,40.625,0.34,0.28,0.37,0.52,0.6,0.58,0.58,0.5,0.51,0.48,0.65,0.56,0.5
GWETTOP,2002,-1.0,41.25,0.36,0.29,0.36,0.51,0.59,0.59,0.6,0.5,0.5,0.49,0.64,0.56,0.5
GWETTOP,2002,-1.0,41.875,0.28,0.23,0.28,0.42,0.5,0.52,0.49,0.42,0.42,0.39,0.5,0.44,0.41
GWETTOP,2002,-1.5,34.375,0.66,0.61,0.67,0.62,0.72,0.51,0.38,0.44,0.31,0.6,0.72,0.74,0.58
GWETTOP,2002,-1.5,35.0,0.6,0.56,0.64,0.61,0.74,0.57,0.47,0.43,0.34,0.54,0.69,0.69,0.57
GWETTOP,2002,-1.5,35.625,0.5,0.47,0.53,0.55,0.74,0.56,0.5,0.47,0.39,0.45,0.59,0.58,0.53
GWETTOP,2002,-1.5,36.25,0.39,0.33,0.42,0.42,0.56,0.43,0.37,0.31,0.29,0.33,0.44,0.44,0.39
GWETTOP,2002,-1.5,36.875,0.61,0.43,0.6,0.62,0.7,0.56,0.34,0.33,0.42,0.45,0.65,0.66,0.53
GWETTOP,2002,-1.5,37.5,0.51,0.43,0.49,0.52,0.59,0.48,0.38,0.34,0.39,0.41,0.57,0.58,0.47
GWETTOP,2002,-1.5,38.125,0.46,0.42,0.46,0.51,0.52,0.44,0.43,0.41,0.41,0.43,0.55,0.55,0.47
GWETTOP,2002,-1.5,38.75,0.41,0.3,0.49,0.56,0.5,0.35,0.37,0.35,0.38,0.42,0.6,0.58,0.44
GWETTOP,2002,-1.5,39.375,0.34,0.25,0.45,0.58,0.54,0.4,0.41,0.36,0.39,0.43,0.61,0.56,0.44
GWETTOP,2002,-1.5,40.0,0.34,0.27,0.45,0.62,0.65,0.57,0.57,0.47,0.49,0.51,0.68,0.62,0.52
GWETTOP,2002,-1.5,40.625,0.34,0.28,0.38,0.54,0.61,0.6,0.6,0.52,0.52,0.5,0.64,0.56,0.51
GWETTOP,2002,-1.5,41.25,0.36,0.26,0.36,0.52,0.6,0.62,0.61,0.5,0.5,0.49,0.66,0.57,0.51
GWETTOP,2002,-1.5,41.875,0.6,0.55,0.58,0.67,0.72,0.72,0.7,0.65,0.65,0.65,0.73,0.68,0.66
GWETTOP,2002,-1.7975103014118005e-13,34.375,0.64,0.54,0.63,0.68,0.74,0.64,0.54,0.54,0.49,0.57,0.71,0.68,0.62
GWETTOP,2002,-1.7975103014118005e-13,35.0,0.66,0.56,0.61,0.65,0.74,0.68,0.63,0.65,0.58,0.64,0.72,0.7,0.65
GWETTOP,2002,-1.7975103014118005e-13,35.625,0.56,0.47,0.51,0.55,0.64,0.58,0.56,0.58,0.51,0.56,0.6,0.59,0.56
GWETTOP,2002,-1.7975103014118005e-13,36.25,0.47,0.39,0.46,0.47,0.59,0.5,0.48,0.51,0.44,0.48,0.5,0.51,0.48
GWETTOP,2002,-1.7975103014118005e-13,36.875,0.42,0.36,0.43,0.48,0.57,0.47,0.43,0.44,0.39,0.42,0.45,0.47,0.44
GWETTOP,2002,-1.7975103014118005e-13,37.5,0.49,0.41,0.47,0.53,0.63,0.52,0.47,0.47,0.43,0.45,0.51,0.53,0.49
GWETTOP,2002,-1.7975103014118005e-13,38.125,0.44,0.36,0.43,0.5,0.51,0.4,0.35,0.31,0.32,0.37,0.49,0.53,0.42
GWETTOP,2002,-1.7975103014118005e-13,38.75,0.36,0.28,0.37,0.45,0.44,0.35,0.32,0.28,0.29,0.33,0.44,0.47,0.37
GWETTOP,2002,-1.7975103014118005e-13,39.375,0.31,0.22,0.33,0.44,0.43,0.35,0.34,0.3,0.31,0.32,0.43,0.44,0.35
GWETTOP,2002,-1.7975103014118005e-13,40.0,0.33,0.24,0.32,0.45,0.48,0.4,0.38,0.34,0.34,0.35,0.47,0.48,0.38
GWETTOP,2002,-1.7975103014118005e-13,40.625,0.31,0.22,0.27,0.47,0.54,0.47,0.46,0.39,0.39,0.38,0.51,0.48,0.41
GWETTOP,2002,-1.7975103014118005e-13,41.25,0.28,0.23,0.28,0.49,0.55,0.48,0.47,0.41,0.42,0.4,0.53,0.49,0.42
GWETTOP,2002,-1.7975103014118005e-13,41.875,0.29,0.22,0.29,0.51,0.58,0.53,0.51,0.43,0.46,0.44,0.56,0.5,0.44
GWETTOP,2002,-2.0,34.375,0.68,0.63,0.68,0.6,0.69,0.43,0.35,0.39,0.3,0.59,0.72,0.73,0.57
GWETTOP,2002,-2.0,35.0,0.61,0.58,0.64,0.61,0.73,0.56,0.39,0.37,0.35,0.54,0.69,0.69,0.56
GWETTOP,2002,-2.0,35.625,0.53,0.51,0.56,0.57,0.7,0.55,0.47,0.38,0.36,0.46,0.63,0.61,0.53
GWETTOP,2002,-2.0,36.25,0.36,0.31,0.37,0.36,0.42,0.33,0.23,0.18,0.21,0.26,0.4,0.4,0.32
GWETTOP,2002,-2.0,36.875,0.61,0.44,0.6,0.61,0.65,0.44,0.28,0.28,0.38,0.42,0.65,0.65,0.5
GWETTOP,2002,-2.0,37.5,0.53,0.42,0.51,0.53,0.57,0.43,0.31,0.29,0.37,0.39,0.59,0.59,0.46
GWETTOP,2002,-2.0,38.125,0.44,0.39,0.44,0.49,0.48,0.4,0.37,0.35,0.37,0.4,0.53,0.53,0.43
GWETTOP,2002,-2.0,38.75,0.43,0.31,0.51,0.57,0.51,0.35,0.39,0.38,0.41,0.44,0.62,0.59,0.46
GWETTOP,2002,-2.0,39.375,0.38,0.28,0.5,0.6,0.58,0.46,0.47,0.42,0.45,0.47,0.65,0.6,0.49
GWETTOP,2002,-2.0,40.0,0.33,0.26,0.44,0.57,0.59,0.51,0.51,0.45,0.46,0.48,0.64,0.57,0.49
GWETTOP,2002,-2.0,40.625,0.34,0.26,0.39,0.53,0.59,0.58,0.58,0.5,0.5,0.49,0.63,0.56,0.5
GWETTOP,2002,-2.0,41.25,0.4,0.33,0.38,0.5,0.55,0.56,0.54,0.48,0.47,0.48,0.57,0.5,0.48
GWETTOP,2002,-2.0,41.875,0.65,0.6,0.62,0.7,0.73,0.73,0.71,0.68,0.67,0.68,0.75,0.7,0.69
GWETTOP,2002,-2.5,34.375,0.61,0.55,0.59,0.52,0.55,0.35,0.25,0.3,0.22,0.45,0.63,0.64,0.47
GWETTOP,2002,-2.5,35.0,0.57,0.54,0.58,0.54,0.61,0.48,0.29,0.3,0.26,0.44,0.66,0.66,0.49
GWETTOP,2002,-2.5,35.625,0.52,0.5,0.53,0.52,0.57,0.45,0.28,0.25,0.26,0.4,0.63,0.62,0.46
GWETTOP,2002,-2.5,36.25,0.46,0.42,0.45,0.43,0.44,0.3,0.21,0.19,0.2,0.28,0.49,0.51,0.36
GWETTOP,2002,-2.5,36.875,0.62,0.54,0.6,0.57,0.56,0.29,0.21,0.25,0.3,0.37,0.65,0.66,0.47
GWETTOP,2002,-2.5,37.5,0.6,0.52,0.57,0.56,0.57,0.31,0.24,0.3,0.36,0.4,0.65,0.65,0.48
GWETTOP,2002,-2.5,38.125,0.54,0.47,0.52,0.53,0.51,0.4,0.36,0.36,0.41,0.42,0.6,0.61,0.48
GWETTOP,2002,-2.5,38.75,0.5,0.36,0.53,0.56,0.52,0.35,0.37,0.39,0.44,0.44,0.64,0.62,0.48
GWETTOP,2002,-2.5,39.375,0.51,0.33,0.6,0.66,0.66,0.55,0.54,0.5,0.55,0.54,0.74,0.7,0.57
GWETTOP,2002,-2.5,40.0,0.36,0.27,0.41,0.49,0.5,0.42,0.42,0.4,0.42,0.45,0.55,0.5,0.43
GWETTOP,2002,-2.5,40.625,0.48,0.41,0.5,0.57,0.62,0.59,0.58,0.54,0.56,0.56,0.63,0.57,0.55
GWETTOP,2002,-2.5,41.25,1.0,1.0,1.0,1.0,1.0,1.0,1.0,1.0,1.0,1.0,1.0,1.0,1.0
GWETTOP,2002,-2.5,41.875,1.0,1.0,1.0,1.0,1.0,1.0,1.0,1.0,1.0,1.0,1.0,1.0,1.0
GWETTOP,2002,-3.0,34.375,0.65,0.57,0.59,0.5,0.5,0.3,0.18,0.25,0.17,0.36,0.6,0.63,0.44
GWETTOP,2002,-3.0,35.0,0.61,0.58,0.59,0.52,0.56,0.44,0.24,0.26,0.22,0.39,0.65,0.67,0.48
GWETTOP,2002,-3.0,35.625,0.6,0.58,0.62,0.57,0.61,0.5,0.44,0.35,0.29,0.43,0.71,0.72,0.53
GWETTOP,2002,-3.0,36.25,0.62,0.6,0.61,0.59,0.58,0.36,0.22,0.27,0.26,0.38,0.67,0.67,0.49
GWETTOP,2002,-3.0,36.875,0.68,0.62,0.64,0.62,0.62,0.49,0.28,0.41,0.4,0.45,0.74,0.75,0.56
GWETTOP,2002,-3.0,37.5,0.58,0.54,0.56,0.54,0.54,0.45,0.38,0.37,0.36,0.4,0.62,0.65,0.5
GWETTOP,2002,-3.0,38.125,0.55,0.48,0.52,0.51,0.49,0.41,0.37,0.39,0.41,0.43,0.59,0.61,0.48
GWETTOP,2002,-3.0,38.75,0.54,0.38,0.52,0.53,0.5,0.34,0.36,0.39,0.44,0.43,0.63,0.62,0.47
GWETTOP,2002,-3.0,39.375,0.54,0.34,0.61,0.63,0.65,0.53,0.5,0.52,0.58,0.56,0.71,0.69,0.57
GWETTOP,2002,-3.0,40.0,0.38,0.31,0.41,0.45,0.47,0.41,0.39,0.39,0.42,0.44,0.52,0.48,0.42
GWETTOP,2002,-3.0,40.625,0.76,0.74,0.77,0.79,0.82,0.8,0.78,0.77,0.78,0.79,0.82,0.79,0.78
GWETTOP,2002,-3.0,41.25,1.0,1.0,1.0,1.0,1.0,1.0,1.0,1.0,1.0,1.0,1.0,1.0,1.0
GWETTOP,2002,-3.0,41.875,1.0,1.0,1.0,1.0,1.0,1.0,1.0,1.0,1.0,1.0,1.0,1.0,1.0
GWETTOP,2002,-3.5,34.375,0.67,0.56,0.58,0.49,0.49,0.28,0.17,0.2,0.17,0.33,0.57,0.62,0.43
GWETTOP,2002,-3.5,35.0,0.62,0.55,0.57,0.5,0.52,0.42,0.26,0.25,0.21,0.36,0.58,0.62,0.45
GWETTOP,2002,-3.5,35.625,0.56,0.53,0.57,0.54,0.54,0.47,0.4,0.34,0.27,0.38,0.58,0.61,0.48
GWETTOP,2002,-3.5,36.25,0.55,0.53,0.56,0.53,0.5,0.32,0.2,0.27,0.26,0.34,0.58,0.6,0.44
GWETTOP,2002,-3.5,36.875,0.51,0.49,0.52,0.51,0.5,0.39,0.23,0.32,0.32,0.37,0.6,0.6,0.45
GWETTOP,2002,-3.5,37.5,0.48,0.44,0.49,0.49,0.48,0.38,0.27,0.34,0.35,0.38,0.55,0.55,0.43
GWETTOP,2002,-3.5,38.125,0.52,0.42,0.49,0.5,0.48,0.36,0.37,0.4,0.43,0.42,0.59,0.6,0.47
GWETTOP,2002,-3.5,38.75,0.53,0.43,0.52,0.53,0.51,0.42,0.42,0.44,0.47,0.46,0.6,0.61,0.5
GWETTOP,2002,-3.5,39.375,0.51,0.33,0.59,0.62,0.63,0.53,0.5,0.52,0.58,0.54,0.68,0.66,0.56
GWETTOP,2002,-3.5,40.0,0.55,0.46,0.57,0.59,0.6,0.53,0.52,0.53,0.55,0.56,0.65,0.64,0.56
GWETTOP,2002,-3.5,40.625,0.92,0.91,0.92,0.93,0.94,0.93,0.93,0.92,0.93,0.93,0.94,0.93,0.93
GWETTOP,2002,-3.5,41.25,1.0,1.0,1.0,1.0,1.0,1.0,1.0,1.0,1.0,1.0,1.0,1.0,1.0
GWETTOP,2002,-3.5,41.875,1.0,1.0,1.0,1.0,1.0,1.0,1.0,1.0,1.0,1.0,1.0,1.0,1.0
GWETTOP,2002,-4.0,34.375,0.65,0.53,0.56,0.48,0.48,0.3,0.21,0.21,0.17,0.31,0.53,0.59,0.42
GWETTOP,2002,-4.0,35.0,0.66,0.57,0.61,0.56,0.55,0.41,0.32,0.32,0.27,0.39,0.6,0.63,0.49
GWETTOP,2002,-4.0,35.625,0.57,0.54,0.58,0.55,0.54,0.48,0.44,0.41,0.33,0.39,0.56,0.6,0.5
GWETTOP,2002,-4.0,36.25,0.54,0.5,0.55,0.51,0.48,0.37,0.27,0.31,0.28,0.34,0.53,0.57,0.44
GWETTOP,2002,-4.0,36.875,0.53,0.49,0.54,0.51,0.48,0.4,0.29,0.35,0.34,0.38,0.56,0.58,0.45
GWETTOP,2002,-4.0,37.5,0.54,0.48,0.54,0.52,0.49,0.37,0.32,0.38,0.37,0.39,0.56,0.58,0.46
GWETTOP,2002,-4.0,38.125,0.58,0.47,0.56,0.57,0.53,0.37,0.39,0.44,0.46,0.45,0.64,0.65,0.51
GWETTOP,2002,-4.0,38.75,0.53,0.39,0.52,0.56,0.52,0.4,0.42,0.45,0.47,0.48,0.64,0.63,0.5
GWETTOP,2002,-4.0,39.375,0.42,0.29,0.48,0.53,0.53,0.43,0.41,0.43,0.47,0.46,0.56,0.54,0.46
GWETTOP,2002,-4.0,40.0,0.53,0.49,0.55,0.58,0.57,0.51,0.51,0.52,0.54,0.56,0.64,0.63,0.55
GWETTOP,2002,-4.0,40.625,1.0,1.0,1.0,1.0,1.0,1.0,1.0,1.0,1.0,1.0,1.0,1.0,1.0
GWETTOP,2002,-4.0,41.25,1.0,1.0,1.0,1.0,1.0,1.0,1.0,1.0,1.0,1.0,1.0,1.0,1.0
GWETTOP,2002,-4.0,41.875,1.0,1.0,1.0,1.0,1.0,1.0,1.0,1.0,1.0,1.0,1.0,1.0,1.0
GWETTOP,2002,-4.5,34.375,0.58,0.46,0.5,0.43,0.42,0.33,0.29,0.27,0.22,0.3,0.48,0.52,0.4
GWETTOP,2002,-4.5,35.0,0.62,0.49,0.57,0.5,0.46,0.37,0.34,0.34,0.28,0.36,0.54,0.57,0.45
GWETTOP,2002,-4.5,35.625,0.53,0.47,0.53,0.49,0.45,0.41,0.38,0.37,0.31,0.36,0.5,0.53,0.44
GWETTOP,2002,-4.5,36.25,0.55,0.5,0.54,0.5,0.46,0.36,0.32,0.35,0.31,0.36,0.52,0.56,0.44
GWETTOP,2002,-4.5,36.875,0.55,0.49,0.54,0.51,0.47,0.38,0.34,0.39,0.36,0.39,0.54,0.58,0.46
GWETTOP,2002,-4.5,37.5,0.55,0.49,0.54,0.53,0.49,0.4,0.37,0.41,0.4,0.41,0.56,0.58,0.48
GWETTOP,2002,-4.5,38.125,0.64,0.58,0.63,0.66,0.63,0.53,0.51,0.55,0.56,0.56,0.7,0.71,0.61
GWETTOP,2002,-4.5,38.75,0.59,0.51,0.6,0.64,0.61,0.52,0.5,0.53,0.55,0.57,0.69,0.7,0.58
GWETTOP,2002,-4.5,39.375,0.42,0.35,0.44,0.49,0.46,0.4,0.39,0.4,0.42,0.44,0.52,0.51,0.44
GWETTOP,2002,-4.5,40.0,0.95,0.95,0.95,0.96,0.95,0.95,0.95,0.95,0.95,0.95,0.95,0.95,0.95
GWETTOP,2002,-4.5,40.625,1.0,1.0,1.0,1.0,1.0,1.0,1.0,1.0,1.0,1.0,1.0,1.0,1.0
GWETTOP,2002,-4.5,41.25,1.0,1.0,1.0,1.0,1.0,1.0,1.0,1.0,1.0,1.0,1.0,1.0,1.0
GWETTOP,2002,-4.5,41.875,1.0,1.0,1.0,1.0,1.0,1.0,1.0,1.0,1.0,1.0,1.0,1.0,1.0
GWETTOP,2002,0.5,34.375,0.6,0.51,0.57,0.59,0.63,0.58,0.53,0.58,0.54,0.6,0.62,0.57,0.58
GWETTOP,2002,0.5,35.0,0.62,0.52,0.55,0.59,0.67,0.61,0.59,0.64,0.59,0.65,0.65,0.62,0.61
GWETTOP,2002,0.5,35.625,0.44,0.39,0.43,0.49,0.59,0.49,0.47,0.53,0.45,0.51,0.51,0.48,0.48
GWETTOP,2002,0.5,36.25,0.4,0.31,0.4,0.41,0.54,0.45,0.44,0.48,0.4,0.43,0.42,0.44,0.43
GWETTOP,2002,0.5,36.875,0.51,0.42,0.52,0.55,0.67,0.55,0.5,0.55,0.44,0.48,0.51,0.55,0.52
GWETTOP,2002,0.5,37.5,0.38,0.33,0.38,0.43,0.51,0.4,0.36,0.36,0.28,0.34,0.38,0.43,0.38
GWETTOP,2002,0.5,38.125,0.35,0.29,0.35,0.44,0.46,0.36,0.33,0.27,0.26,0.31,0.39,0.45,0.36
GWETTOP,2002,0.5,38.75,0.34,0.25,0.34,0.45,0.46,0.36,0.32,0.26,0.27,0.29,0.4,0.46,0.35
GWETTOP,2002,0.5,39.375,0.31,0.18,0.33,0.48,0.53,0.39,0.34,0.27,0.31,0.31,0.44,0.48,0.37
GWETTOP,2002,0.5,40.0,0.3,0.16,0.29,0.47,0.57,0.41,0.36,0.3,0.3,0.31,0.43,0.46,0.36
GWETTOP,2002,0.5,40.625,0.28,0.15,0.22,0.46,0.56,0.41,0.38,0.31,0.3,0.32,0.41,0.42,0.35
GWETTOP,2002,0.5,41.25,0.27,0.21,0.24,0.48,0.51,0.43,0.42,0.35,0.36,0.36,0.43,0.43,0.37
GWETTOP,2002,0.5,41.875,0.24,0.2,0.24,0.51,0.54,0.45,0.43,0.36,0.38,0.39,0.47,0.44,0.39
GWETTOP,2002,1.0,34.375,0.72,0.64,0.65,0.64,0.7,0.66,0.63,0.68,0.66,0.7,0.71,0.67,0.67
GWETTOP,2002,1.0,35.0,0.65,0.52,0.53,0.59,0.69,0.62,0.57,0.66,0.63,0.69,0.71,0.67,0.63
GWETTOP,2002,1.0,35.625,0.39,0.33,0.38,0.47,0.57,0.43,0.41,0.48,0.43,0.47,0.47,0.44,0.44
GWETTOP,2002,1.0,36.25,0.34,0.25,0.35,0.38,0.48,0.39,0.36,0.42,0.33,0.36,0.35,0.38,0.37
GWETTOP,2002,1.0,36.875,0.39,0.35,0.39,0.43,0.53,0.41,0.37,0.41,0.35,0.37,0.38,0.42,0.4
GWETTOP,2002,1.0,37.5,0.37,0.33,0.38,0.44,0.5,0.39,0.35,0.33,0.25,0.31,0.37,0.43,0.37
GWETTOP,2002,1.0,38.125,0.32,0.24,0.34,0.41,0.42,0.34,0.32,0.25,0.22,0.28,0.37,0.42,0.33
GWETTOP,2002,1.0,38.75,0.31,0.21,0.35,0.45,0.44,0.36,0.32,0.25,0.26,0.29,0.39,0.45,0.34
GWETTOP,2002,1.0,39.375,0.3,0.16,0.35,0.51,0.54,0.39,0.32,0.24,0.29,0.31,0.45,0.49,0.36
GWETTOP,2002,1.0,40.0,0.3,0.13,0.28,0.47,0.59,0.39,0.35,0.27,0.29,0.3,0.41,0.44,0.35
GWETTOP,2002,1.0,40.625,0.28,0.13,0.21,0.47,0.62,0.43,0.38,0.28,0.27,0.3,0.41,0.44,0.35
GWETTOP,2002,1.0,41.25,0.28,0.17,0.21,0.52,0.6,0.49,0.46,0.35,0.33,0.35,0.47,0.48,0.39
GWETTOP,2002,1.0,41.875,0.24,0.15,0.19,0.48,0.56,0.42,0.38,0.29,0.32,0.36,0.45,0.43,0.36
GWETTOP,2002,1.5,34.375,0.45,0.33,0.43,0.43,0.55,0.5,0.45,0.55,0.5,0.55,0.53,0.49,0.48
GWETTOP,2002,1.5,35.0,0.42,0.32,0.39,0.45,0.52,0.45,0.42,0.51,0.47,0.51,0.52,0.48,0.46
GWETTOP,2002,1.5,35.625,0.3,0.2,0.31,0.37,0.4,0.35,0.33,0.38,0.32,0.36,0.36,0.36,0.34
GWETTOP,2002,1.5,36.25,0.26,0.19,0.3,0.34,0.4,0.35,0.28,0.36,0.21,0.29,0.29,0.33,0.3
GWETTOP,2002,1.5,36.875,0.37,0.33,0.39,0.44,0.5,0.4,0.36,0.36,0.28,0.32,0.37,0.41,0.38
GWETTOP,2002,1.5,37.5,0.35,0.29,0.36,0.41,0.45,0.37,0.34,0.33,0.22,0.3,0.36,0.4,0.35
GWETTOP,2002,1.5,38.125,0.32,0.25,0.36,0.46,0.41,0.34,0.32,0.27,0.24,0.31,0.39,0.45,0.34
GWETTOP,2002,1.5,38.75,0.33,0.24,0.43,0.54,0.5,0.4,0.34,0.28,0.27,0.37,0.49,0.53,0.39
GWETTOP,2002,1.5,39.375,0.34,0.19,0.33,0.49,0.52,0.39,0.35,0.27,0.27,0.32,0.45,0.48,0.37
GWETTOP,2002,1.5,40.0,0.32,0.16,0.33,0.51,0.55,0.41,0.35,0.25,0.27,0.32,0.47,0.5,0.37
GWETTOP,2002,1.5,40.625,0.31,0.14,0.24,0.51,0.63,0.46,0.39,0.26,0.28,0.33,0.48,0.51,0.38
GWETTOP,2002,1.5,41.25,0.3,0.14,0.18,0.43,0.54,0.39,0.37,0.3,0.27,0.3,0.41,0.43,0.34
GWETTOP,2002,1.5,41.875,0.24,0.12,0.18,0.48,0.61,0.42,0.37,0.23,0.3,0.36,0.48,0.46,0.36
GWETTOP,2002,2.0,34.375,0.36,0.26,0.35,0.35,0.49,0.43,0.35,0.5,0.39,0.47,0.45,0.42,0.4
GWETTOP,2002,2.0,35.0,0.35,0.22,0.33,0.4,0.44,0.4,0.34,0.43,0.36,0.42,0.42,0.42,0.38
GWETTOP,2002,2.0,35.625,0.22,0.16,0.28,0.35,0.37,0.34,0.26,0.32,0.22,0.3,0.32,0.33,0.29
GWETTOP,2002,2.0,36.25,0.23,0.17,0.3,0.34,0.4,0.32,0.23,0.28,0.15,0.26,0.28,0.33,0.28
GWETTOP,2002,2.0,36.875,0.35,0.3,0.39,0.43,0.46,0.39,0.33,0.31,0.2,0.31,0.37,0.41,0.35
GWETTOP,2002,2.0,37.5,0.34,0.27,0.37,0.43,0.46,0.37,0.32,0.25,0.17,0.3,0.38,0.41,0.34
GWETTOP,2002,2.0,38.125,0.35,0.26,0.4,0.49,0.46,0.38,0.33,0.25,0.22,0.34,0.45,0.49,0.37
GWETTOP,2002,2.0,38.75,0.34,0.25,0.39,0.5,0.47,0.39,0.35,0.28,0.25,0.35,0.45,0.49,0.38
GWETTOP,2002,2.0,39.375,0.34,0.19,0.32,0.48,0.5,0.38,0.35,0.27,0.25,0.33,0.46,0.48,0.36
GWETTOP,2002,2.0,40.0,0.34,0.18,0.33,0.51,0.56,0.41,0.37,0.29,0.26,0.35,0.51,0.52,0.39
GWETTOP,2002,2.0,40.625,0.31,0.16,0.3,0.63,0.72,0.52,0.43,0.25,0.33,0.44,0.63,0.65,0.45
GWETTOP,2002,2.0,41.25,0.29,0.14,0.22,0.5,0.58,0.43,0.38,0.25,0.26,0.35,0.48,0.51,0.37
GWETTOP,2002,2.0,41.875,0.24,0.14,0.21,0.57,0.67,0.45,0.38,0.23,0.32,0.48,0.65,0.6,0.41
GWETTOP,2002,2.5,34.375,0.34,0.25,0.33,0.35,0.46,0.38,0.33,0.44,0.33,0.42,0.43,0.42,0.37
GWETTOP,2002,2.5,35.0,0.31,0.21,0.31,0.37,0.41,0.37,0.32,0.36,0.29,0.37,0.39,0.4,0.34
GWETTOP,2002,2.5,35.625,0.22,0.15,0.3,0.34,0.39,0.34,0.25,0.24,0.19,0.3,0.3,0.33,0.28
GWETTOP,2002,2.5,36.25,0.23,0.16,0.32,0.35,0.42,0.32,0.2,0.2,0.14,0.27,0.27,0.34,0.27
GWETTOP,2002,2.5,36.875,0.3,0.2,0.37,0.4,0.44,0.37,0.3,0.21,0.15,0.3,0.34,0.38,0.31
GWETTOP,2002,2.5,37.5,0.29,0.19,0.41,0.45,0.47,0.36,0.24,0.17,0.16,0.32,0.37,0.42,0.32
GWETTOP,2002,2.5,38.125,0.32,0.19,0.39,0.47,0.46,0.37,0.29,0.2,0.21,0.34,0.41,0.46,0.34
GWETTOP,2002,2.5,38.75,0.31,0.18,0.37,0.48,0.45,0.36,0.29,0.21,0.22,0.34,0.42,0.46,0.34
GWETTOP,2002,2.5,39.375,0.3,0.14,0.34,0.47,0.47,0.36,0.33,0.23,0.24,0.35,0.43,0.45,0.34
GWETTOP,2002,2.5,40.0,0.3,0.16,0.34,0.51,0.53,0.4,0.35,0.26,0.26,0.38,0.47,0.5,0.37
GWETTOP,2002,2.5,40.625,0.24,0.16,0.3,0.54,0.59,0.42,0.34,0.22,0.27,0.43,0.55,0.55,0.39
GWETTOP,2002,2.5,41.25,0.17,0.14,0.2,0.38,0.35,0.24,0.22,0.18,0.2,0.29,0.34,0.36,0.26
GWETTOP,2002,2.5,41.875,0.17,0.14,0.19,0.39,0.41,0.29,0.26,0.19,0.23,0.35,0.44,0.4,0.29
GWETTOP,2002,3.0,34.375,0.36,0.22,0.35,0.37,0.49,0.44,0.38,0.44,0.36,0.44,0.46,0.45,0.4
GWETTOP,2002,3.0,35.0,0.3,0.16,0.31,0.34,0.41,0.36,0.31,0.29,0.24,0.35,0.36,0.38,0.32
GWETTOP,2002,3.0,35.625,0.23,0.13,0.32,0.33,0.41,0.34,0.22,0.16,0.18,0.3,0.24,0.34,0.27
GWETTOP,2002,3.0,36.25,0.23,0.13,0.36,0.36,0.45,0.34,0.21,0.13,0.14,0.3,0.24,0.36,0.27
GWETTOP,2002,3.0,36.875,0.24,0.13,0.36,0.37,0.44,0.35,0.26,0.14,0.14,0.31,0.26,0.36,0.28
GWETTOP,2002,3.0,37.5,0.21,0.1,0.36,0.4,0.42,0.28,0.16,0.1,0.13,0.3,0.27,0.38,0.26
GWETTOP,2002,3.0,38.125,0.26,0.12,0.38,0.46,0.45,0.37,0.29,0.17,0.19,0.34,0.37,0.43,0.32
GWETTOP,2002,3.0,38.75,0.26,0.13,0.41,0.51,0.49,0.4,0.28,0.18,0.23,0.38,0.41,0.47,0.35
GWETTOP,2002,3.0,39.375,0.25,0.11,0.35,0.46,0.45,0.36,0.31,0.2,0.24,0.36,0.38,0.43,0.33
GWETTOP,2002,3.0,40.0,0.24,0.12,0.35,0.48,0.48,0.37,0.31,0.21,0.24,0.39,0.42,0.45,0.34
GWETTOP,2002,3.0,40.625,0.2,0.15,0.28,0.44,0.45,0.33,0.24,0.2,0.22,0.39,0.44,0.44,0.32
GWETTOP,2002,3.0,41.25,0.16,0.13,0.21,0.38,0.34,0.25,0.21,0.18,0.19,0.33,0.36,0.36,0.26
GWETTOP,2002,3.0,41.875,0.14,0.09,0.19,0.35,0.35,0.28,0.24,0.16,0.19,0.34,0.38,0.36,0.26
GWETTOP,2002,3.5,34.375,0.35,0.23,0.32,0.37,0.43,0.38,0.36,0.38,0.35,0.39,0.42,0.41,0.37
GWETTOP,2002,3.5,35.0,0.3,0.15,0.33,0.36,0.42,0.36,0.32,0.27,0.23,0.35,0.37,0.38,0.32
GWETTOP,2002,3.5,35.625,0.23,0.12,0.34,0.36,0.43,0.34,0.22,0.16,0.18,0.33,0.27,0.35,0.28
GWETTOP,2002,3.5,36.25,0.23,0.12,0.36,0.38,0.46,0.35,0.23,0.14,0.16,0.33,0.27,0.36,0.28
GWETTOP,2002,3.5,36.875,0.23,0.12,0.37,0.4,0.49,0.38,0.31,0.17,0.18,0.35,0.31,0.37,0.31
GWETTOP,2002,3.5,37.5,0.25,0.13,0.41,0.46,0.54,0.4,0.27,0.18,0.2,0.39,0.33,0.42,0.33
GWETTOP,2002,3.5,38.125,0.25,0.11,0.37,0.48,0.5,0.4,0.34,0.25,0.23,0.37,0.37,0.41,0.34
GWETTOP,2002,3.5,38.75,0.24,0.11,0.37,0.5,0.5,0.39,0.33,0.26,0.26,0.39,0.38,0.42,0.35
GWETTOP,2002,3.5,39.375,0.26,0.13,0.39,0.53,0.53,0.42,0.35,0.28,0.29,0.42,0.43,0.46,0.38
GWETTOP,2002,3.5,40.0,0.22,0.12,0.35,0.49,0.48,0.37,0.29,0.2,0.24,0.41,0.44,0.45,0.34
GWETTOP,2002,3.5,40.625,0.22,0.16,0.35,0.54,0.57,0.37,0.23,0.2,0.23,0.53,0.57,0.55,0.38
GWETTOP,2002,3.5,41.25,0.18,0.14,0.24,0.4,0.38,0.27,0.2,0.18,0.19,0.38,0.41,0.39,0.28
GWETTOP,2002,3.5,41.875,0.12,0.09,0.17,0.34,0.3,0.21,0.16,0.13,0.15,0.31,0.36,0.32,0.22
GWETTOP,2002,4.0,34.375,0.41,0.26,0.39,0.48,0.52,0.44,0.38,0.43,0.37,0.49,0.52,0.51,0.43
GWETTOP,2002,4.0,35.0,0.31,0.17,0.41,0.45,0.52,0.4,0.33,0.29,0.27,0.44,0.45,0.46,0.38
GWETTOP,2002,4.0,35.625,0.25,0.13,0.36,0.38,0.46,0.37,0.29,0.19,0.21,0.37,0.33,0.38,0.31
GWETTOP,2002,4.0,36.25,0.23,0.12,0.36,0.39,0.48,0.36,0.26,0.16,0.19,0.37,0.32,0.37,0.3
GWETTOP,2002,4.0,36.875,0.24,0.12,0.37,0.42,0.52,0.39,0.33,0.22,0.22,0.39,0.35,0.39,0.33
GWETTOP,2002,4.0,37.5,0.24,0.12,0.39,0.46,0.54,0.41,0.32,0.22,0.24,0.42,0.37,0.41,0.35
GWETTOP,2002,4.0,38.125,0.26,0.13,0.4,0.54,0.55,0.46,0.37,0.29,0.31,0.46,0.43,0.47,0.39
GWETTOP,2002,4.0,38.75,0.31,0.19,0.52,0.67,0.69,0.61,0.46,0.29,0.36,0.58,0.59,0.61,0.49
GWETTOP,2002,4.0,39.375,0.3,0.18,0.52,0.68,0.68,0.59,0.39,0.27,0.37,0.59,0.61,0.62,0.48
GWETTOP,2002,4.0,40.0,0.22,0.14,0.39,0.55,0.55,0.44,0.28,0.2,0.27,0.48,0.5,0.5,0.38
GWETTOP,2002,4.0,40.625,0.21,0.15,0.35,0.55,0.59,0.4,0.25,0.19,0.22,0.54,0.59,0.55,0.38
GWETTOP,2002,4.0,41.25,0.16,0.12,0.25,0.41,0.41,0.32,0.22,0.16,0.17,0.39,0.44,0.41,0.29
GWETTOP,2002,4.0,41.875,0.13,0.1,0.2,0.37,0.37,0.3,0.2,0.14,0.16,0.35,0.42,0.37,0.26
GWETTOP,2002,4.5,34.375,0.44,0.28,0.48,0.58,0.6,0.48,0.39,0.47,0.39,0.58,0.62,0.58,0.49
GWETTOP,2002,4.5,35.0,0.36,0.2,0.46,0.53,0.57,0.45,0.32,0.33,0.31,0.51,0.51,0.52,0.42
GWETTOP,2002,4.5,35.625,0.25,0.14,0.37,0.41,0.49,0.38,0.33,0.21,0.22,0.4,0.36,0.39,0.33
GWETTOP,2002,4.5,36.25,0.24,0.13,0.37,0.41,0.49,0.37,0.29,0.19,0.22,0.4,0.36,0.39,0.32
GWETTOP,2002,4.5,36.875,0.24,0.11,0.37,0.42,0.51,0.4,0.35,0.26,0.24,0.42,0.37,0.4,0.34
GWETTOP,2002,4.5,37.5,0.3,0.16,0.48,0.56,0.64,0.52,0.36,0.28,0.33,0.57,0.47,0.5,0.43
GWETTOP,2002,4.5,38.125,0.3,0.18,0.49,0.64,0.67,0.59,0.44,0.29,0.35,0.57,0.55,0.59,0.47
GWETTOP,2002,4.5,38.75,0.28,0.17,0.45,0.61,0.63,0.55,0.39,0.27,0.33,0.52,0.52,0.56,0.44
GWETTOP,2002,4.5,39.375,0.23,0.14,0.39,0.55,0.55,0.47,0.32,0.22,0.28,0.48,0.48,0.5,0.39
GWETTOP,2002,4.5,40.0,0.22,0.13,0.35,0.49,0.5,0.41,0.29,0.21,0.25,0.42,0.43,0.44,0.35
GWETTOP,2002,4.5,40.625,0.17,0.12,0.29,0.44,0.47,0.37,0.24,0.16,0.2,0.41,0.45,0.42,0.31
GWETTOP,2002,4.5,41.25,0.16,0.11,0.26,0.4,0.43,0.35,0.27,0.16,0.18,0.38,0.45,0.4,0.3
GWETTOP,2002,4.5,41.875,0.13,0.1,0.22,0.39,0.42,0.32,0.19,0.13,0.16,0.38,0.45,0.39,0.27
GWETTOP,2003,-0.5,34.375,0.77,0.57,0.54,0.69,0.87,0.81,0.7,0.6,0.57,0.5,0.58,0.67,0.66
GWETTOP,2003,-0.5,35.0,0.69,0.55,0.49,0.64,0.79,0.76,0.67,0.63,0.61,0.55,0.6,0.62,0.63
GWETTOP,2003,-0.5,35.625,0.53,0.46,0.44,0.56,0.65,0.62,0.59,0.6,0.58,0.55,0.58,0.54,0.56
GWETTOP,2003,-0.5,36.25,0.44,0.38,0.39,0.49,0.59,0.55,0.51,0.54,0.51,0.48,0.51,0.45,0.49
GWETTOP,2003,-0.5,36.875,0.42,0.37,0.39,0.5,0.63,0.58,0.53,0.55,0.49,0.47,0.54,0.47,0.5
GWETTOP,2003,-0.5,37.5,0.5,0.43,0.39,0.54,0.68,0.62,0.54,0.55,0.51,0.5,0.57,0.53,0.53
GWETTOP,2003,-0.5,38.125,0.46,0.37,0.36,0.5,0.58,0.45,0.38,0.37,0.32,0.38,0.59,0.52,0.44
GWETTOP,2003,-0.5,38.75,0.38,0.3,0.31,0.46,0.53,0.38,0.33,0.34,0.29,0.35,0.55,0.46,0.39
GWETTOP,2003,-0.5,39.375,0.35,0.29,0.3,0.44,0.46,0.38,0.33,0.3,0.28,0.34,0.5,0.41,0.37
GWETTOP,2003,-0.5,40.0,0.43,0.33,0.34,0.47,0.51,0.46,0.4,0.35,0.32,0.37,0.54,0.48,0.42
GWETTOP,2003,-0.5,40.625,0.42,0.33,0.32,0.46,0.55,0.56,0.52,0.44,0.38,0.39,0.56,0.46,0.45
GWETTOP,2003,-0.5,41.25,0.41,0.34,0.33,0.46,0.56,0.57,0.52,0.44,0.38,0.39,0.57,0.46,0.45
GWETTOP,2003,-0.5,41.875,0.35,0.27,0.27,0.45,0.57,0.59,0.56,0.48,0.4,0.36,0.52,0.43,0.44
GWETTOP,2003,-1.0,34.375,0.71,0.55,0.54,0.6,0.72,0.64,0.54,0.52,0.51,0.48,0.52,0.59,0.58
GWETTOP,2003,-1.0,35.0,0.71,0.6,0.56,0.65,0.78,0.74,0.66,0.62,0.6,0.55,0.58,0.61,0.64
GWETTOP,2003,-1.0,35.625,0.57,0.5,0.47,0.58,0.74,0.71,0.65,0.62,0.58,0.53,0.55,0.52,0.59
GWETTOP,2003,-1.0,36.25,0.45,0.38,0.37,0.48,0.69,0.67,0.6,0.57,0.52,0.44,0.46,0.41,0.5
GWETTOP,2003,-1.0,36.875,0.51,0.43,0.34,0.53,0.76,0.7,0.58,0.52,0.48,0.43,0.53,0.51,0.53
GWETTOP,2003,-1.0,37.5,0.51,0.45,0.38,0.54,0.74,0.67,0.57,0.53,0.48,0.46,0.54,0.52,0.53
GWETTOP,2003,-1.0,38.125,0.42,0.35,0.35,0.5,0.57,0.4,0.35,0.36,0.32,0.39,0.61,0.5,0.43
GWETTOP,2003,-1.0,38.75,0.35,0.29,0.31,0.48,0.57,0.36,0.31,0.33,0.3,0.37,0.59,0.46,0.39
GWETTOP,2003,-1.0,39.375,0.31,0.24,0.29,0.49,0.53,0.42,0.34,0.29,0.29,0.38,0.58,0.42,0.38
GWETTOP,2003,-1.0,40.0,0.43,0.33,0.36,0.55,0.6,0.51,0.42,0.37,0.35,0.43,0.64,0.52,0.46
GWETTOP,2003,-1.0,40.625,0.43,0.35,0.34,0.47,0.57,0.59,0.55,0.46,0.41,0.41,0.59,0.47,0.47
GWETTOP,2003,-1.0,41.25,0.44,0.35,0.33,0.45,0.55,0.59,0.54,0.47,0.41,0.41,0.57,0.47,0.47
GWETTOP,2003,-1.0,41.875,0.34,0.27,0.26,0.4,0.49,0.53,0.49,0.41,0.35,0.34,0.44,0.37,0.39
GWETTOP,2003,-1.5,34.375,0.77,0.6,0.52,0.65,0.8,0.66,0.59,0.53,0.58,0.44,0.56,0.64,0.61
GWETTOP,2003,-1.5,35.0,0.71,0.56,0.5,0.66,0.86,0.76,0.62,0.56,0.55,0.49,0.55,0.58,0.62
GWETTOP,2003,-1.5,35.625,0.57,0.48,0.38,0.59,0.85,0.82,0.69,0.56,0.52,0.49,0.51,0.49,0.58
GWETTOP,2003,-1.5,36.25,0.42,0.34,0.27,0.45,0.76,0.66,0.49,0.43,0.38,0.35,0.4,0.35,0.44
GWETTOP,2003,-1.5,36.875,0.6,0.42,0.37,0.62,0.89,0.78,0.61,0.53,0.38,0.43,0.62,0.57,0.57
GWETTOP,2003,-1.5,37.5,0.51,0.41,0.33,0.49,0.73,0.61,0.49,0.44,0.35,0.38,0.52,0.5,0.48
GWETTOP,2003,-1.5,38.125,0.46,0.42,0.39,0.46,0.55,0.46,0.42,0.41,0.37,0.39,0.51,0.47,0.44
GWETTOP,2003,-1.5,38.75,0.4,0.33,0.34,0.48,0.54,0.39,0.32,0.33,0.31,0.39,0.56,0.47,0.41
GWETTOP,2003,-1.5,39.375,0.37,0.29,0.32,0.51,0.53,0.43,0.35,0.31,0.31,0.39,0.56,0.45,0.4
GWETTOP,2003,-1.5,40.0,0.43,0.34,0.36,0.55,0.62,0.59,0.5,0.4,0.39,0.44,0.64,0.51,0.48
GWETTOP,2003,-1.5,40.625,0.44,0.34,0.34,0.48,0.58,0.6,0.56,0.48,0.43,0.43,0.58,0.48,0.48
GWETTOP,2003,-1.5,41.25,0.45,0.33,0.29,0.44,0.55,0.6,0.56,0.48,0.42,0.4,0.57,0.49,0.47
GWETTOP,2003,-1.5,41.875,0.62,0.59,0.56,0.65,0.72,0.73,0.69,0.64,0.62,0.62,0.66,0.64,0.65
GWETTOP,2003,-1.7975103014118005e-13,34.375,0.65,0.49,0.47,0.62,0.77,0.72,0.65,0.61,0.58,0.54,0.55,0.6,0.6
GWETTOP,2003,-1.7975103014118005e-13,35.0,0.67,0.55,0.48,0.66,0.79,0.78,0.75,0.74,0.72,0.68,0.69,0.68,0.68
GWETTOP,2003,-1.7975103014118005e-13,35.625,0.55,0.47,0.45,0.58,0.71,0.7,0.68,0.69,0.67,0.64,0.65,0.61,0.62
GWETTOP,2003,-1.7975103014118005e-13,36.25,0.47,0.39,0.38,0.52,0.64,0.6,0.56,0.6,0.55,0.5,0.51,0.47,0.52
GWETTOP,2003,-1.7975103014118005e-13,36.875,0.41,0.36,0.36,0.48,0.64,0.57,0.5,0.53,0.47,0.43,0.47,0.42,0.47
GWETTOP,2003,-1.7975103014118005e-13,37.5,0.47,0.4,0.39,0.51,0.69,0.61,0.54,0.56,0.51,0.48,0.54,0.51,0.52
GWETTOP,2003,-1.7975103014118005e-13,38.125,0.44,0.37,0.34,0.46,0.55,0.44,0.36,0.36,0.3,0.34,0.52,0.48,0.41
GWETTOP,2003,-1.7975103014118005e-13,38.75,0.37,0.32,0.29,0.41,0.45,0.36,0.32,0.3,0.25,0.3,0.46,0.41,0.35
GWETTOP,2003,-1.7975103014118005e-13,39.375,0.34,0.28,0.25,0.4,0.42,0.36,0.32,0.27,0.23,0.29,0.42,0.38,0.33
GWETTOP,2003,-1.7975103014118005e-13,40.0,0.38,0.31,0.27,0.41,0.45,0.4,0.36,0.32,0.27,0.3,0.44,0.41,0.36
GWETTOP,2003,-1.7975103014118005e-13,40.625,0.36,0.27,0.25,0.44,0.52,0.51,0.44,0.38,0.33,0.33,0.47,0.43,0.39
GWETTOP,2003,-1.7975103014118005e-13,41.25,0.34,0.28,0.29,0.47,0.54,0.52,0.46,0.39,0.36,0.36,0.49,0.43,0.41
GWETTOP,2003,-1.7975103014118005e-13,41.875,0.34,0.25,0.28,0.51,0.62,0.61,0.54,0.47,0.41,0.37,0.52,0.48,0.45
GWETTOP,2003,-2.0,34.375,0.75,0.57,0.51,0.66,0.82,0.67,0.55,0.52,0.55,0.41,0.52,0.65,0.6
GWETTOP,2003,-2.0,35.0,0.7,0.56,0.47,0.66,0.88,0.75,0.59,0.55,0.51,0.47,0.55,0.58,0.61
GWETTOP,2003,-2.0,35.625,0.59,0.49,0.39,0.6,0.86,0.79,0.64,0.55,0.48,0.46,0.53,0.51,0.57
GWETTOP,2003,-2.0,36.25,0.37,0.3,0.24,0.38,0.64,0.48,0.37,0.33,0.23,0.25,0.33,0.26,0.35
GWETTOP,2003,-2.0,36.875,0.6,0.43,0.36,0.56,0.83,0.7,0.52,0.39,0.33,0.4,0.59,0.5,0.52
GWETTOP,2003,-2.0,37.5,0.52,0.41,0.32,0.48,0.72,0.58,0.44,0.37,0.3,0.36,0.51,0.48,0.46
GWETTOP,2003,-2.0,38.125,0.44,0.41,0.36,0.43,0.52,0.43,0.38,0.35,0.33,0.36,0.47,0.44,0.41
GWETTOP,2003,-2.0,38.75,0.42,0.37,0.36,0.5,0.57,0.43,0.35,0.35,0.34,0.4,0.56,0.48,0.43
GWETTOP,2003,-2.0,39.375,0.43,0.34,0.36,0.55,0.58,0.51,0.42,0.36,0.36,0.42,0.59,0.49,0.45
GWETTOP,2003,-2.0,40.0,0.41,0.32,0.34,0.51,0.56,0.53,0.46,0.39,0.38,0.41,0.57,0.46,0.45
GWETTOP,2003,-2.0,40.625,0.43,0.34,0.31,0.46,0.56,0.59,0.55,0.47,0.43,0.43,0.55,0.46,0.47
GWETTOP,2003,-2.0,41.25,0.44,0.39,0.35,0.47,0.54,0.56,0.52,0.46,0.45,0.45,0.49,0.45,0.46
GWETTOP,2003,-2.0,41.875,0.67,0.66,0.62,0.69,0.75,0.74,0.71,0.67,0.66,0.66,0.68,0.67,0.68
GWETTOP,2003,-2.5,34.375,0.67,0.51,0.48,0.54,0.7,0.54,0.43,0.4,0.36,0.35,0.42,0.54,0.5
GWETTOP,2003,-2.5,35.0,0.7,0.52,0.46,0.55,0.77,0.61,0.49,0.42,0.34,0.38,0.45,0.5,0.52
GWETTOP,2003,-2.5,35.625,0.6,0.49,0.37,0.52,0.74,0.59,0.49,0.35,0.29,0.36,0.44,0.42,0.47
GWETTOP,2003,-2.5,36.25,0.47,0.41,0.33,0.38,0.62,0.48,0.39,0.32,0.22,0.25,0.34,0.3,0.38
GWETTOP,2003,-2.5,36.875,0.63,0.5,0.36,0.47,0.73,0.62,0.39,0.28,0.25,0.32,0.49,0.44,0.46
GWETTOP,2003,-2.5,37.5,0.59,0.47,0.33,0.47,0.71,0.58,0.37,0.28,0.28,0.34,0.49,0.45,0.45
GWETTOP,2003,-2.5,38.125,0.51,0.46,0.38,0.47,0.56,0.49,0.39,0.33,0.32,0.34,0.5,0.48,0.44
GWETTOP,2003,-2.5,38.75,0.45,0.39,0.37,0.51,0.59,0.47,0.36,0.35,0.35,0.39,0.54,0.48,0.44
GWETTOP,2003,-2.5,39.375,0.54,0.41,0.43,0.62,0.67,0.63,0.54,0.43,0.47,0.47,0.65,0.57,0.54
GWETTOP,2003,-2.5,40.0,0.37,0.31,0.31,0.44,0.49,0.47,0.42,0.38,0.4,0.4,0.48,0.4,0.41
GWETTOP,2003,-2.5,40.625,0.5,0.45,0.43,0.53,0.6,0.62,0.58,0.53,0.54,0.54,0.58,0.52,0.54
GWETTOP,2003,-2.5,41.25,1.0,1.0,1.0,1.0,1.0,1.0,1.0,1.0,1.0,1.0,1.0,1.0,1.0
GWETTOP,2003,-2.5,41.875,1.0,1.0,1.0,1.0,1.0,1.0,1.0,1.0,1.0,1.0,1.0,1.0,1.0
GWETTOP,2003,-3.0,34.375,0.69,0.52,0.48,0.5,0.65,0.49,0.35,0.24,0.2,0.32,0.37,0.53,0.44
GWETTOP,2003,-3.0,35.0,0.74,0.55,0.49,0.51,0.69,0.54,0.45,0.28,0.24,0.34,0.38,0.49,0.48
GWETTOP,2003,-3.0,35.625,0.74,0.57,0.5,0.5,0.74,0.61,0.51,0.46,0.33,0.36,0.43,0.46,0.52
GWETTOP,2003,-3.0,36.25,0.67,0.58,0.43,0.45,0.72,0.61,0.51,0.3,0.23,0.29,0.37,0.38,0.46
GWETTOP,2003,-3.0,36.875,0.72,0.6,0.44,0.5,0.74,0.65,0.58,0.38,0.29,0.36,0.45,0.43,0.51
GWETTOP,2003,-3.0,37.5,0.63,0.52,0.44,0.47,0.64,0.57,0.49,0.43,0.36,0.33,0.42,0.4,0.47
GWETTOP,2003,-3.0,38.125,0.52,0.47,0.42,0.47,0.53,0.48,0.42,0.35,0.34,0.32,0.45,0.44,0.43
GWETTOP,2003,-3.0,38.75,0.44,0.37,0.36,0.48,0.58,0.48,0.38,0.34,0.35,0.34,0.47,0.44,0.42
GWETTOP,2003,-3.0,39.375,0.51,0.4,0.41,0.6,0.65,0.64,0.56,0.46,0.53,0.48,0.62,0.52,0.53
GWETTOP,2003,-3.0,40.0,0.37,0.33,0.32,0.41,0.47,0.46,0.42,0.38,0.4,0.39,0.43,0.38,0.4
GWETTOP,2003,-3.0,40.625,0.76,0.74,0.74,0.77,0.8,0.82,0.8,0.77,0.78,0.78,0.8,0.77,0.78
GWETTOP,2003,-3.0,41.25,1.0,1.0,1.0,1.0,1.0,1.0,1.0,1.0,1.0,1.0,1.0,1.0,1.0
GWETTOP,2003,-3.0,41.875,1.0,1.0,1.0,1.0,1.0,1.0,1.0,1.0,1.0,1.0,1.0,1.0,1.0
GWETTOP,2003,-3.5,34.375,0.71,0.53,0.48,0.47,0.61,0.46,0.28,0.2,0.17,0.3,0.35,0.53,0.42
GWETTOP,2003,-3.5,35.0,0.67,0.53,0.47,0.48,0.63,0.49,0.41,0.27,0.22,0.31,0.35,0.49,0.44
GWETTOP,2003,-3.5,35.625,0.61,0.52,0.48,0.49,0.63,0.52,0.48,0.42,0.3,0.33,0.36,0.42,0.46
GWETTOP,2003,-3.5,36.25,0.6,0.51,0.38,0.41,0.64,0.53,0.44,0.24,0.2,0.27,0.32,0.33,0.41
GWETTOP,2003,-3.5,36.875,0.59,0.49,0.36,0.42,0.59,0.52,0.47,0.28,0.21,0.29,0.35,0.31,0.41
GWETTOP,2003,-3.5,37.5,0.5,0.45,0.34,0.41,0.53,0.49,0.45,0.31,0.25,0.28,0.35,0.31,0.39
GWETTOP,2003,-3.5,38.125,0.45,0.4,0.37,0.46,0.54,0.47,0.41,0.34,0.35,0.31,0.41,0.4,0.41
GWETTOP,2003,-3.5,38.75,0.47,0.42,0.41,0.49,0.57,0.5,0.45,0.4,0.4,0.36,0.45,0.43,0.45
GWETTOP,2003,-3.5,39.375,0.46,0.37,0.4,0.59,0.64,0.63,0.58,0.47,0.55,0.47,0.57,0.46,0.52
GWETTOP,2003,-3.5,40.0,0.54,0.49,0.49,0.57,0.61,0.59,0.55,0.51,0.53,0.5,0.55,0.52,0.54
GWETTOP,2003,-3.5,40.625,0.92,0.91,0.91,0.92,0.94,0.95,0.94,0.93,0.93,0.93,0.93,0.92,0.93
GWETTOP,2003,-3.5,41.25,1.0,1.0,1.0,1.0,1.0,1.0,1.0,1.0,1.0,1.0,1.0,1.0,1.0
GWETTOP,2003,-3.5,41.875,1.0,1.0,1.0,1.0,1.0,1.0,1.0,1.0,1.0,1.0,1.0,1.0,1.0
GWETTOP,2003,-4.0,34.375,0.65,0.54,0.48,0.47,0.56,0.43,0.29,0.21,0.18,0.28,0.33,0.53,0.41
GWETTOP,2003,-4.0,35.0,0.65,0.58,0.52,0.53,0.62,0.51,0.42,0.31,0.27,0.35,0.37,0.54,0.47
GWETTOP,2003,-4.0,35.625,0.6,0.54,0.5,0.51,0.6,0.53,0.5,0.44,0.35,0.37,0.36,0.44,0.48
GWETTOP,2003,-4.0,36.25,0.56,0.49,0.43,0.44,0.58,0.49,0.43,0.29,0.23,0.28,0.31,0.33,0.4
GWETTOP,2003,-4.0,36.875,0.55,0.49,0.43,0.45,0.56,0.49,0.44,0.3,0.25,0.31,0.35,0.33,0.41
GWETTOP,2003,-4.0,37.5,0.51,0.47,0.4,0.46,0.56,0.5,0.41,0.32,0.29,0.31,0.37,0.34,0.41
GWETTOP,2003,-4.0,38.125,0.47,0.42,0.37,0.5,0.61,0.51,0.42,0.34,0.37,0.32,0.43,0.4,0.43
GWETTOP,2003,-4.0,38.75,0.43,0.38,0.36,0.49,0.58,0.5,0.46,0.38,0.41,0.35,0.42,0.4,0.43
GWETTOP,2003,-4.0,39.375,0.37,0.31,0.33,0.49,0.54,0.53,0.48,0.39,0.42,0.39,0.43,0.36,0.42
GWETTOP,2003,-4.0,40.0,0.53,0.5,0.52,0.56,0.59,0.56,0.53,0.51,0.51,0.51,0.52,0.51,0.53
GWETTOP,2003,-4.0,40.625,1.0,1.0,1.0,1.0,1.0,1.0,1.0,1.0,1.0,1.0,1.0,1.0,1.0
GWETTOP,2003,-4.0,41.25,1.0,1.0,1.0,1.0,1.0,1.0,1.0,1.0,1.0,1.0,1.0,1.0,1.0
GWETTOP,2003,-4.0,41.875,1.0,1.0,1.0,1.0,1.0,1.0,1.0,1.0,1.0,1.0,1.0,1.0,1.0
GWETTOP,2003,-4.5,34.375,0.54,0.47,0.43,0.44,0.49,0.38,0.35,0.28,0.24,0.29,0.31,0.48,0.39
GWETTOP,2003,-4.5,35.0,0.56,0.49,0.45,0.48,0.57,0.43,0.39,0.34,0.29,0.33,0.34,0.49,0.43
GWETTOP,2003,-4.5,35.625,0.52,0.46,0.43,0.44,0.53,0.44,0.41,0.37,0.31,0.33,0.32,0.39,0.41
GWETTOP,2003,-4.5,36.25,0.53,0.49,0.43,0.46,0.55,0.46,0.39,0.31,0.27,0.32,0.31,0.35,0.41
GWETTOP,2003,-4.5,36.875,0.52,0.49,0.44,0.47,0.55,0.47,0.41,0.32,0.29,0.35,0.35,0.36,0.42
GWETTOP,2003,-4.5,37.5,0.52,0.47,0.42,0.47,0.55,0.48,0.42,0.34,0.31,0.35,0.37,0.37,0.42
GWETTOP,2003,-4.5,38.125,0.6,0.52,0.45,0.58,0.65,0.61,0.56,0.46,0.45,0.39,0.49,0.45,0.52
GWETTOP,2003,-4.5,38.75,0.57,0.49,0.43,0.56,0.62,0.59,0.55,0.47,0.47,0.4,0.48,0.44,0.51
GWETTOP,2003,-4.5,39.375,0.4,0.37,0.37,0.43,0.48,0.45,0.42,0.38,0.38,0.37,0.38,0.37,0.4
GWETTOP,2003,-4.5,40.0,0.95,0.95,0.94,0.95,0.95,0.95,0.95,0.95,0.95,0.94,0.95,0.95,0.95
GWETTOP,2003,-4.5,40.625,1.0,1.0,1.0,1.0,1.0,1.0,1.0,1.0,1.0,1.0,1.0,1.0,1.0
GWETTOP,2003,-4.5,41.25,1.0,1.0,1.0,1.0,1.0,1.0,1.0,1.0,1.0,1.0,1.0,1.0,1.0
GWETTOP,2003,-4.5,41.875,1.0,1.0,1.0,1.0,1.0,1.0,1.0,1.0,1.0,1.0,1.0,1.0,1.0
GWETTOP,2003,0.5,34.375,0.54,0.42,0.44,0.57,0.68,0.65,0.65,0.68,0.66,0.63,0.58,0.59,0.59
GWETTOP,2003,0.5,35.0,0.59,0.47,0.46,0.61,0.75,0.75,0.76,0.79,0.77,0.75,0.72,0.68,0.68
GWETTOP,2003,0.5,35.625,0.45,0.38,0.35,0.54,0.7,0.69,0.67,0.67,0.62,0.55,0.54,0.48,0.55
GWETTOP,2003,0.5,36.25,0.42,0.3,0.27,0.48,0.62,0.56,0.54,0.59,0.52,0.44,0.44,0.41,0.47
GWETTOP,2003,0.5,36.875,0.53,0.39,0.36,0.58,0.74,0.65,0.59,0.64,0.57,0.48,0.52,0.5,0.55
GWETTOP,2003,0.5,37.5,0.39,0.33,0.29,0.42,0.58,0.46,0.41,0.43,0.37,0.34,0.4,0.39,0.4
GWETTOP,2003,0.5,38.125,0.38,0.33,0.29,0.4,0.48,0.37,0.33,0.32,0.25,0.29,0.43,0.41,0.36
GWETTOP,2003,0.5,38.75,0.39,0.32,0.28,0.39,0.45,0.37,0.32,0.27,0.21,0.27,0.42,0.41,0.34
GWETTOP,2003,0.5,39.375,0.4,0.29,0.23,0.42,0.48,0.4,0.33,0.24,0.2,0.28,0.44,0.43,0.35
GWETTOP,2003,0.5,40.0,0.37,0.26,0.21,0.41,0.5,0.42,0.35,0.27,0.21,0.27,0.42,0.43,0.34
GWETTOP,2003,0.5,40.625,0.32,0.2,0.2,0.44,0.54,0.49,0.38,0.32,0.28,0.27,0.39,0.41,0.35
GWETTOP,2003,0.5,41.25,0.31,0.25,0.26,0.47,0.54,0.51,0.44,0.39,0.36,0.35,0.42,0.42,0.39
GWETTOP,2003,0.5,41.875,0.29,0.22,0.25,0.52,0.62,0.59,0.5,0.43,0.39,0.36,0.46,0.45,0.42
GWETTOP,2003,1.0,34.375,0.65,0.53,0.51,0.61,0.71,0.73,0.75,0.81,0.81,0.8,0.76,0.74,0.7
GWETTOP,2003,1.0,35.0,0.62,0.46,0.44,0.59,0.76,0.78,0.81,0.85,0.84,0.79,0.76,0.72,0.7
GWETTOP,2003,1.0,35.625,0.4,0.28,0.24,0.52,0.68,0.63,0.59,0.59,0.51,0.43,0.46,0.42,0.48
GWETTOP,2003,1.0,36.25,0.34,0.19,0.22,0.41,0.52,0.47,0.49,0.53,0.46,0.37,0.37,0.34,0.39
GWETTOP,2003,1.0,36.875,0.39,0.33,0.29,0.42,0.56,0.47,0.47,0.51,0.44,0.38,0.4,0.39,0.42
GWETTOP,2003,1.0,37.5,0.38,0.32,0.28,0.4,0.52,0.41,0.37,0.38,0.33,0.32,0.4,0.4,0.38
GWETTOP,2003,1.0,38.125,0.35,0.3,0.27,0.38,0.42,0.34,0.31,0.29,0.22,0.26,0.4,0.38,0.33
GWETTOP,2003,1.0,38.75,0.38,0.3,0.27,0.4,0.43,0.36,0.31,0.25,0.19,0.27,0.42,0.4,0.33
GWETTOP,2003,1.0,39.375,0.41,0.25,0.22,0.44,0.51,0.41,0.3,0.22,0.18,0.28,0.46,0.46,0.35
GWETTOP,2003,1.0,40.0,0.36,0.21,0.2,0.42,0.51,0.43,0.34,0.25,0.19,0.26,0.4,0.43,0.33
GWETTOP,2003,1.0,40.625,0.34,0.18,0.2,0.46,0.59,0.53,0.39,0.31,0.24,0.24,0.4,0.44,0.36
GWETTOP,2003,1.0,41.25,0.34,0.21,0.23,0.52,0.65,0.62,0.52,0.44,0.37,0.33,0.45,0.48,0.43
GWETTOP,2003,1.0,41.875,0.28,0.18,0.22,0.5,0.64,0.6,0.46,0.37,0.34,0.3,0.42,0.44,0.4
GWETTOP,2003,1.5,34.375,0.44,0.29,0.31,0.47,0.59,0.63,0.65,0.7,0.67,0.61,0.53,0.52,0.54
GWETTOP,2003,1.5,35.0,0.44,0.31,0.27,0.48,0.59,0.61,0.65,0.71,0.67,0.54,0.49,0.48,0.52
GWETTOP,2003,1.5,35.625,0.31,0.16,0.2,0.4,0.46,0.44,0.45,0.47,0.41,0.36,0.37,0.34,0.37
GWETTOP,2003,1.5,36.25,0.25,0.12,0.2,0.36,0.43,0.41,0.43,0.46,0.4,0.32,0.34,0.29,0.34
GWETTOP,2003,1.5,36.875,0.37,0.31,0.28,0.4,0.52,0.45,0.43,0.44,0.39,0.36,0.4,0.39,0.4
GWETTOP,2003,1.5,37.5,0.35,0.24,0.26,0.39,0.47,0.4,0.38,0.39,0.34,0.31,0.38,0.37,0.36
GWETTOP,2003,1.5,38.125,0.35,0.3,0.3,0.43,0.44,0.35,0.32,0.3,0.24,0.29,0.44,0.4,0.35
GWETTOP,2003,1.5,38.75,0.42,0.3,0.31,0.5,0.52,0.43,0.34,0.31,0.26,0.34,0.53,0.49,0.4
GWETTOP,2003,1.5,39.375,0.4,0.28,0.24,0.45,0.53,0.44,0.35,0.27,0.19,0.28,0.46,0.5,0.37
GWETTOP,2003,1.5,40.0,0.41,0.25,0.22,0.46,0.57,0.46,0.36,0.25,0.18,0.28,0.48,0.51,0.37
GWETTOP,2003,1.5,40.625,0.38,0.2,0.22,0.51,0.67,0.62,0.45,0.32,0.25,0.26,0.46,0.55,0.41
GWETTOP,2003,1.5,41.25,0.33,0.19,0.19,0.47,0.63,0.57,0.41,0.34,0.3,0.24,0.37,0.43,0.37
GWETTOP,2003,1.5,41.875,0.3,0.14,0.2,0.52,0.7,0.63,0.43,0.32,0.28,0.25,0.42,0.46,0.39
GWETTOP,2003,2.0,34.375,0.33,0.2,0.27,0.4,0.5,0.53,0.55,0.62,0.56,0.5,0.47,0.46,0.45
GWETTOP,2003,2.0,35.0,0.36,0.2,0.25,0.4,0.46,0.48,0.51,0.58,0.52,0.44,0.43,0.42,0.42
GWETTOP,2003,2.0,35.625,0.24,0.12,0.2,0.34,0.39,0.39,0.39,0.41,0.37,0.31,0.34,0.29,0.32
GWETTOP,2003,2.0,36.25,0.21,0.11,0.22,0.34,0.41,0.38,0.39,0.39,0.31,0.25,0.33,0.27,0.3
GWETTOP,2003,2.0,36.875,0.35,0.26,0.28,0.41,0.48,0.42,0.4,0.39,0.33,0.31,0.4,0.38,0.37
GWETTOP,2003,2.0,37.5,0.36,0.25,0.26,0.4,0.48,0.4,0.36,0.34,0.26,0.27,0.4,0.38,0.35
GWETTOP,2003,2.0,38.125,0.4,0.31,0.3,0.46,0.49,0.41,0.33,0.29,0.22,0.3,0.49,0.46,0.37
GWETTOP,2003,2.0,38.75,0.4,0.31,0.3,0.46,0.49,0.41,0.34,0.3,0.23,0.31,0.5,0.46,0.38
GWETTOP,2003,2.0,39.375,0.39,0.28,0.23,0.44,0.55,0.43,0.35,0.27,0.19,0.28,0.48,0.51,0.37
GWETTOP,2003,2.0,40.0,0.41,0.27,0.23,0.47,0.61,0.49,0.38,0.29,0.2,0.29,0.52,0.55,0.39
GWETTOP,2003,2.0,40.625,0.42,0.19,0.26,0.62,0.77,0.71,0.51,0.31,0.3,0.33,0.6,0.69,0.48
GWETTOP,2003,2.0,41.25,0.36,0.19,0.22,0.5,0.65,0.59,0.44,0.32,0.27,0.26,0.45,0.55,0.4
GWETTOP,2003,2.0,41.875,0.34,0.18,0.23,0.58,0.74,0.69,0.48,0.31,0.31,0.29,0.56,0.62,0.45
GWETTOP,2003,2.5,34.375,0.32,0.22,0.29,0.4,0.46,0.46,0.49,0.56,0.46,0.4,0.42,0.42,0.41
GWETTOP,2003,2.5,35.0,0.34,0.21,0.26,0.38,0.42,0.42,0.43,0.47,0.42,0.36,0.38,0.37,0.37
GWETTOP,2003,2.5,35.625,0.24,0.11,0.21,0.34,0.37,0.36,0.35,0.34,0.27,0.23,0.32,0.26,0.28
GWETTOP,2003,2.5,36.25,0.22,0.12,0.22,0.35,0.39,0.34,0.29,0.3,0.21,0.2,0.32,0.25,0.27
GWETTOP,2003,2.5,36.875,0.32,0.17,0.26,0.39,0.44,0.39,0.35,0.31,0.22,0.23,0.37,0.34,0.32
GWETTOP,2003,2.5,37.5,0.34,0.18,0.27,0.43,0.48,0.39,0.28,0.26,0.19,0.24,0.42,0.37,0.32
GWETTOP,2003,2.5,38.125,0.38,0.26,0.27,0.42,0.46,0.38,0.3,0.23,0.18,0.26,0.47,0.45,0.34
GWETTOP,2003,2.5,38.75,0.37,0.25,0.26,0.41,0.46,0.38,0.3,0.23,0.17,0.26,0.47,0.44,0.33
GWETTOP,2003,2.5,39.375,0.37,0.24,0.23,0.41,0.5,0.4,0.34,0.25,0.17,0.26,0.46,0.46,0.34
GWETTOP,2003,2.5,40.0,0.38,0.24,0.23,0.45,0.57,0.47,0.36,0.29,0.19,0.27,0.49,0.52,0.37
GWETTOP,2003,2.5,40.625,0.36,0.19,0.24,0.53,0.65,0.58,0.4,0.27,0.25,0.28,0.52,0.59,0.41
GWETTOP,2003,2.5,41.25,0.21,0.16,0.18,0.38,0.44,0.36,0.25,0.2,0.19,0.2,0.33,0.36,0.27
GWETTOP,2003,2.5,41.875,0.25,0.17,0.18,0.42,0.49,0.44,0.31,0.26,0.22,0.22,0.37,0.41,0.31
GWETTOP,2003,3.0,34.375,0.39,0.25,0.3,0.46,0.53,0.49,0.49,0.54,0.47,0.37,0.42,0.43,0.43
GWETTOP,2003,3.0,35.0,0.34,0.2,0.24,0.37,0.44,0.4,0.37,0.39,0.33,0.25,0.33,0.35,0.34
GWETTOP,2003,3.0,35.625,0.25,0.11,0.2,0.35,0.36,0.34,0.24,0.25,0.17,0.15,0.32,0.26,0.25
GWETTOP,2003,3.0,36.25,0.27,0.12,0.22,0.37,0.4,0.34,0.21,0.2,0.14,0.14,0.33,0.28,0.25
GWETTOP,2003,3.0,36.875,0.29,0.13,0.23,0.37,0.41,0.35,0.27,0.2,0.14,0.15,0.34,0.32,0.27
GWETTOP,2003,3.0,37.5,0.26,0.11,0.23,0.37,0.42,0.3,0.18,0.16,0.12,0.15,0.36,0.32,0.25
GWETTOP,2003,3.0,38.125,0.36,0.23,0.24,0.38,0.43,0.37,0.29,0.2,0.15,0.19,0.41,0.42,0.31
GWETTOP,2003,3.0,38.75,0.38,0.2,0.25,0.42,0.48,0.41,0.29,0.21,0.16,0.22,0.46,0.46,0.33
GWETTOP,2003,3.0,39.375,0.35,0.21,0.22,0.39,0.46,0.38,0.33,0.24,0.15,0.2,0.42,0.42,0.31
GWETTOP,2003,3.0,40.0,0.35,0.21,0.22,0.42,0.5,0.42,0.34,0.26,0.17,0.21,0.44,0.46,0.33
GWETTOP,2003,3.0,40.625,0.29,0.18,0.21,0.42,0.49,0.43,0.29,0.22,0.2,0.21,0.42,0.46,0.32
GWETTOP,2003,3.0,41.25,0.22,0.16,0.17,0.37,0.4,0.32,0.25,0.2,0.18,0.18,0.34,0.36,0.26
GWETTOP,2003,3.0,41.875,0.27,0.15,0.15,0.36,0.41,0.34,0.28,0.25,0.19,0.16,0.34,0.36,0.27
GWETTOP,2003,3.5,34.375,0.38,0.29,0.27,0.41,0.46,0.41,0.41,0.45,0.4,0.33,0.37,0.4,0.38
GWETTOP,2003,3.5,35.0,0.35,0.22,0.25,0.38,0.43,0.39,0.36,0.36,0.3,0.21,0.33,0.36,0.33
GWETTOP,2003,3.5,35.625,0.27,0.11,0.21,0.36,0.39,0.35,0.25,0.23,0.16,0.15,0.33,0.29,0.26
GWETTOP,2003,3.5,36.25,0.29,0.12,0.22,0.39,0.44,0.36,0.26,0.21,0.14,0.15,0.34,0.31,0.27
GWETTOP,2003,3.5,36.875,0.32,0.15,0.24,0.4,0.48,0.39,0.32,0.22,0.14,0.17,0.35,0.34,0.29
GWETTOP,2003,3.5,37.5,0.33,0.16,0.26,0.44,0.52,0.41,0.29,0.23,0.16,0.19,0.4,0.36,0.31
GWETTOP,2003,3.5,38.125,0.36,0.24,0.24,0.39,0.47,0.4,0.34,0.29,0.17,0.2,0.4,0.41,0.33
GWETTOP,2003,3.5,38.75,0.35,0.23,0.25,0.41,0.48,0.41,0.34,0.3,0.2,0.21,0.41,0.41,0.33
GWETTOP,2003,3.5,39.375,0.39,0.25,0.25,0.44,0.52,0.45,0.38,0.32,0.22,0.22,0.44,0.45,0.36
GWETTOP,2003,3.5,40.0,0.35,0.21,0.22,0.42,0.5,0.42,0.33,0.26,0.17,0.2,0.43,0.46,0.33
GWETTOP,2003,3.5,40.625,0.34,0.19,0.23,0.49,0.58,0.5,0.27,0.23,0.21,0.21,0.51,0.57,0.36
GWETTOP,2003,3.5,41.25,0.25,0.18,0.19,0.37,0.41,0.33,0.23,0.2,0.18,0.18,0.36,0.4,0.27
GWETTOP,2003,3.5,41.875,0.22,0.13,0.14,0.32,0.34,0.26,0.2,0.17,0.14,0.13,0.3,0.31,0.22
GWETTOP,2003,4.0,34.375,0.46,0.32,0.33,0.51,0.53,0.49,0.44,0.51,0.4,0.34,0.44,0.51,0.44
GWETTOP,2003,4.0,35.0,0.41,0.24,0.29,0.48,0.52,0.44,0.36,0.4,0.28,0.24,0.4,0.45,0.38
GWETTOP,2003,4.0,35.625,0.32,0.15,0.22,0.39,0.43,0.37,0.3,0.26,0.17,0.17,0.34,0.33,0.29
GWETTOP,2003,4.0,36.25,0.31,0.14,0.22,0.4,0.48,0.37,0.28,0.22,0.15,0.16,0.33,0.3,0.28
GWETTOP,2003,4.0,36.875,0.34,0.19,0.24,0.43,0.54,0.41,0.34,0.26,0.15,0.18,0.34,0.33,0.31
GWETTOP,2003,4.0,37.5,0.35,0.18,0.26,0.45,0.55,0.42,0.34,0.27,0.17,0.19,0.38,0.36,0.33
GWETTOP,2003,4.0,38.125,0.4,0.24,0.26,0.47,0.53,0.47,0.4,0.34,0.26,0.25,0.45,0.45,0.38
GWETTOP,2003,4.0,38.75,0.53,0.24,0.31,0.58,0.67,0.62,0.53,0.38,0.27,0.29,0.58,0.62,0.47
GWETTOP,2003,4.0,39.375,0.56,0.25,0.3,0.59,0.67,0.62,0.47,0.34,0.24,0.28,0.58,0.62,0.46
GWETTOP,2003,4.0,40.0,0.41,0.19,0.24,0.48,0.54,0.48,0.34,0.26,0.2,0.23,0.48,0.5,0.36
GWETTOP,2003,4.0,40.625,0.38,0.21,0.23,0.49,0.58,0.49,0.29,0.23,0.21,0.22,0.51,0.58,0.37
GWETTOP,2003,4.0,41.25,0.32,0.19,0.18,0.36,0.42,0.36,0.28,0.18,0.16,0.17,0.38,0.42,0.29
GWETTOP,2003,4.0,41.875,0.29,0.17,0.15,0.34,0.39,0.34,0.27,0.18,0.14,0.15,0.34,0.37,0.26
GWETTOP,2003,4.5,34.375,0.49,0.33,0.41,0.59,0.6,0.49,0.46,0.59,0.39,0.36,0.52,0.61,0.49
GWETTOP,2003,4.5,35.0,0.47,0.28,0.32,0.55,0.59,0.48,0.38,0.43,0.28,0.27,0.45,0.5,0.42
GWETTOP,2003,4.5,35.625,0.35,0.18,0.23,0.4,0.46,0.38,0.33,0.27,0.17,0.19,0.34,0.34,0.3
GWETTOP,2003,4.5,36.25,0.35,0.17,0.23,0.41,0.5,0.38,0.3,0.25,0.17,0.17,0.33,0.32,0.3
GWETTOP,2003,4.5,36.875,0.36,0.23,0.24,0.43,0.55,0.42,0.35,0.3,0.18,0.18,0.33,0.32,0.32
GWETTOP,2003,4.5,37.5,0.46,0.24,0.32,0.57,0.66,0.54,0.39,0.35,0.24,0.24,0.47,0.43,0.41
GWETTOP,2003,4.5,38.125,0.53,0.26,0.3,0.56,0.65,0.6,0.49,0.4,0.27,0.28,0.55,0.59,0.46
GWETTOP,2003,4.5,38.75,0.5,0.25,0.28,0.53,0.61,0.57,0.44,0.37,0.25,0.26,0.53,0.57,0.43
GWETTOP,2003,4.5,39.375,0.42,0.21,0.24,0.48,0.54,0.49,0.36,0.29,0.22,0.24,0.47,0.49,0.37
GWETTOP,2003,4.5,40.0,0.38,0.2,0.23,0.43,0.47,0.43,0.33,0.27,0.2,0.22,0.41,0.44,0.33
GWETTOP,2003,4.5,40.625,0.36,0.18,0.19,0.39,0.45,0.4,0.3,0.21,0.19,0.19,0.4,0.44,0.31
GWETTOP,2003,4.5,41.25,0.34,0.21,0.18,0.35,0.42,0.37,0.32,0.21,0.16,0.17,0.37,0.43,0.29
GWETTOP,2003,4.5,41.875,0.3,0.14,0.15,0.36,0.43,0.37,0.28,0.17,0.14,0.16,0.36,0.41,0.27
GWETTOP,2004,-0.5,34.375,0.64,0.58,0.6,0.73,0.8,0.64,0.52,0.51,0.52,0.52,0.59,0.66,0.61
GWETTOP,2004,-0.5,35.0,0.59,0.54,0.54,0.7,0.73,0.62,0.53,0.53,0.55,0.53,0.56,0.58,0.58
GWETTOP,2004,-0.5,35.625,0.5,0.47,0.45,0.59,0.58,0.53,0.49,0.49,0.51,0.47,0.5,0.48,0.5
GWETTOP,2004,-0.5,36.25,0.42,0.4,0.38,0.52,0.51,0.46,0.43,0.43,0.44,0.42,0.45,0.41,0.44
GWETTOP,2004,-0.5,36.875,0.45,0.4,0.39,0.54,0.52,0.46,0.42,0.4,0.4,0.42,0.47,0.43,0.44
GWETTOP,2004,-0.5,37.5,0.51,0.47,0.43,0.55,0.55,0.49,0.47,0.43,0.43,0.46,0.51,0.5,0.48
GWETTOP,2004,-0.5,38.125,0.52,0.45,0.38,0.5,0.41,0.32,0.3,0.26,0.25,0.39,0.52,0.51,0.4
GWETTOP,2004,-0.5,38.75,0.46,0.37,0.32,0.45,0.36,0.28,0.27,0.24,0.24,0.36,0.48,0.45,0.36
GWETTOP,2004,-0.5,39.375,0.38,0.31,0.28,0.43,0.31,0.31,0.28,0.23,0.22,0.34,0.44,0.4,0.33
GWETTOP,2004,-0.5,40.0,0.42,0.34,0.31,0.47,0.34,0.36,0.32,0.26,0.24,0.37,0.48,0.45,0.36
GWETTOP,2004,-0.5,40.625,0.38,0.29,0.27,0.43,0.33,0.45,0.39,0.3,0.26,0.39,0.52,0.48,0.37
GWETTOP,2004,-0.5,41.25,0.38,0.29,0.27,0.43,0.33,0.46,0.4,0.31,0.27,0.4,0.53,0.49,0.38
GWETTOP,2004,-0.5,41.875,0.34,0.25,0.23,0.39,0.32,0.45,0.41,0.33,0.26,0.37,0.5,0.46,0.36
GWETTOP,2004,-1.0,34.375,0.57,0.53,0.53,0.58,0.61,0.5,0.45,0.46,0.49,0.47,0.53,0.61,0.53
GWETTOP,2004,-1.0,35.0,0.59,0.57,0.57,0.66,0.68,0.58,0.52,0.52,0.55,0.52,0.55,0.61,0.58
GWETTOP,2004,-1.0,35.625,0.5,0.5,0.5,0.62,0.65,0.56,0.5,0.48,0.5,0.48,0.49,0.5,0.52
GWETTOP,2004,-1.0,36.25,0.39,0.39,0.38,0.52,0.58,0.48,0.4,0.38,0.4,0.38,0.39,0.38,0.42
GWETTOP,2004,-1.0,36.875,0.5,0.49,0.46,0.54,0.57,0.48,0.4,0.29,0.37,0.42,0.49,0.5,0.46
GWETTOP,2004,-1.0,37.5,0.5,0.49,0.47,0.55,0.57,0.49,0.43,0.36,0.39,0.43,0.49,0.5,0.47
GWETTOP,2004,-1.0,38.125,0.53,0.43,0.38,0.52,0.39,0.32,0.29,0.25,0.26,0.4,0.53,0.5,0.4
GWETTOP,2004,-1.0,38.75,0.49,0.36,0.32,0.49,0.34,0.27,0.26,0.24,0.25,0.38,0.51,0.47,0.36
GWETTOP,2004,-1.0,39.375,0.39,0.3,0.28,0.5,0.3,0.34,0.29,0.24,0.24,0.38,0.51,0.43,0.35
GWETTOP,2004,-1.0,40.0,0.46,0.36,0.34,0.57,0.36,0.38,0.34,0.29,0.28,0.43,0.56,0.5,0.41
GWETTOP,2004,-1.0,40.625,0.39,0.31,0.29,0.45,0.33,0.47,0.41,0.33,0.28,0.4,0.53,0.49,0.39
GWETTOP,2004,-1.0,41.25,0.4,0.3,0.28,0.43,0.31,0.46,0.41,0.32,0.28,0.39,0.53,0.5,0.38
GWETTOP,2004,-1.0,41.875,0.32,0.24,0.22,0.33,0.27,0.39,0.35,0.3,0.25,0.32,0.43,0.4,0.32
GWETTOP,2004,-1.5,34.375,0.63,0.6,0.58,0.62,0.65,0.5,0.36,0.48,0.53,0.47,0.6,0.66,0.56
GWETTOP,2004,-1.5,35.0,0.57,0.57,0.58,0.65,0.68,0.55,0.39,0.41,0.51,0.43,0.52,0.61,0.54
GWETTOP,2004,-1.5,35.625,0.49,0.5,0.5,0.62,0.67,0.53,0.47,0.38,0.45,0.4,0.46,0.49,0.5
GWETTOP,2004,-1.5,36.25,0.35,0.4,0.36,0.46,0.5,0.4,0.32,0.27,0.33,0.3,0.35,0.37,0.37
GWETTOP,2004,-1.5,36.875,0.54,0.59,0.44,0.63,0.64,0.45,0.32,0.3,0.39,0.43,0.55,0.59,0.49
GWETTOP,2004,-1.5,37.5,0.48,0.47,0.41,0.51,0.5,0.41,0.3,0.27,0.34,0.38,0.46,0.48,0.42
GWETTOP,2004,-1.5,38.125,0.47,0.44,0.41,0.47,0.42,0.38,0.34,0.31,0.31,0.38,0.44,0.45,0.4
GWETTOP,2004,-1.5,38.75,0.48,0.39,0.34,0.52,0.33,0.3,0.29,0.25,0.27,0.38,0.48,0.46,0.37
GWETTOP,2004,-1.5,39.375,0.43,0.33,0.31,0.53,0.32,0.33,0.3,0.26,0.25,0.38,0.49,0.44,0.36
GWETTOP,2004,-1.5,40.0,0.43,0.34,0.33,0.57,0.37,0.44,0.38,0.32,0.29,0.44,0.58,0.51,0.42
GWETTOP,2004,-1.5,40.625,0.4,0.31,0.29,0.47,0.34,0.47,0.42,0.34,0.29,0.4,0.53,0.49,0.4
GWETTOP,2004,-1.5,41.25,0.41,0.29,0.26,0.45,0.31,0.46,0.42,0.34,0.28,0.39,0.53,0.51,0.39
GWETTOP,2004,-1.5,41.875,0.61,0.56,0.53,0.61,0.57,0.64,0.62,0.6,0.56,0.6,0.66,0.65,0.6
GWETTOP,2004,-1.7975103014118005e-13,34.375,0.55,0.48,0.51,0.69,0.71,0.6,0.49,0.52,0.52,0.49,0.53,0.54,0.55
GWETTOP,2004,-1.7975103014118005e-13,35.0,0.63,0.57,0.55,0.73,0.74,0.68,0.61,0.64,0.63,0.61,0.64,0.6,0.64
GWETTOP,2004,-1.7975103014118005e-13,35.625,0.56,0.49,0.47,0.63,0.62,0.58,0.54,0.56,0.54,0.52,0.57,0.51,0.55
GWETTOP,2004,-1.7975103014118005e-13,36.25,0.44,0.39,0.37,0.51,0.52,0.48,0.47,0.49,0.48,0.46,0.49,0.45,0.46
GWETTOP,2004,-1.7975103014118005e-13,36.875,0.39,0.36,0.35,0.47,0.48,0.42,0.4,0.4,0.39,0.4,0.45,0.41,0.41
GWETTOP,2004,-1.7975103014118005e-13,37.5,0.47,0.42,0.39,0.51,0.53,0.45,0.43,0.42,0.39,0.43,0.5,0.48,0.45
GWETTOP,2004,-1.7975103014118005e-13,38.125,0.46,0.41,0.36,0.45,0.41,0.33,0.3,0.24,0.22,0.35,0.47,0.46,0.37
GWETTOP,2004,-1.7975103014118005e-13,38.75,0.39,0.34,0.3,0.4,0.35,0.29,0.26,0.21,0.19,0.31,0.41,0.39,0.32
GWETTOP,2004,-1.7975103014118005e-13,39.375,0.35,0.3,0.26,0.39,0.32,0.29,0.23,0.18,0.17,0.3,0.4,0.37,0.3
GWETTOP,2004,-1.7975103014118005e-13,40.0,0.36,0.31,0.26,0.39,0.34,0.33,0.27,0.2,0.18,0.32,0.42,0.4,0.31
GWETTOP,2004,-1.7975103014118005e-13,40.625,0.34,0.25,0.22,0.4,0.34,0.38,0.33,0.24,0.2,0.37,0.46,0.45,0.33
GWETTOP,2004,-1.7975103014118005e-13,41.25,0.33,0.26,0.24,0.42,0.34,0.41,0.35,0.27,0.24,0.41,0.48,0.45,0.35
GWETTOP,2004,-1.7975103014118005e-13,41.875,0.35,0.25,0.22,0.44,0.4,0.46,0.39,0.3,0.24,0.42,0.52,0.49,0.37
GWETTOP,2004,-2.0,34.375,0.63,0.59,0.58,0.64,0.64,0.41,0.32,0.45,0.52,0.43,0.6,0.68,0.54
GWETTOP,2004,-2.0,35.0,0.57,0.58,0.59,0.67,0.66,0.53,0.31,0.38,0.5,0.4,0.54,0.62,0.53
GWETTOP,2004,-2.0,35.625,0.49,0.53,0.54,0.63,0.64,0.53,0.43,0.33,0.43,0.37,0.49,0.53,0.49
GWETTOP,2004,-2.0,36.25,0.32,0.36,0.32,0.39,0.39,0.3,0.19,0.18,0.24,0.21,0.29,0.33,0.29
GWETTOP,2004,-2.0,36.875,0.53,0.59,0.46,0.59,0.57,0.33,0.27,0.26,0.33,0.38,0.52,0.56,0.45
GWETTOP,2004,-2.0,37.5,0.49,0.51,0.41,0.52,0.48,0.32,0.26,0.24,0.29,0.36,0.46,0.49,0.4
GWETTOP,2004,-2.0,38.125,0.46,0.43,0.39,0.45,0.39,0.35,0.31,0.28,0.28,0.36,0.42,0.43,0.38
GWETTOP,2004,-2.0,38.75,0.49,0.42,0.35,0.54,0.35,0.33,0.31,0.27,0.29,0.41,0.49,0.47,0.39
GWETTOP,2004,-2.0,39.375,0.47,0.38,0.33,0.58,0.37,0.38,0.34,0.29,0.28,0.42,0.53,0.48,0.4
GWETTOP,2004,-2.0,40.0,0.41,0.32,0.31,0.52,0.36,0.41,0.36,0.31,0.28,0.41,0.51,0.46,0.39
GWETTOP,2004,-2.0,40.625,0.4,0.3,0.27,0.47,0.35,0.46,0.41,0.35,0.3,0.4,0.51,0.48,0.39
GWETTOP,2004,-2.0,41.25,0.42,0.34,0.31,0.44,0.38,0.46,0.45,0.41,0.36,0.41,0.48,0.47,0.41
GWETTOP,2004,-2.0,41.875,0.66,0.62,0.59,0.65,0.62,0.67,0.66,0.65,0.61,0.64,0.69,0.68,0.65
GWETTOP,2004,-2.5,34.375,0.53,0.53,0.53,0.57,0.52,0.34,0.24,0.33,0.43,0.33,0.5,0.62,0.46
GWETTOP,2004,-2.5,35.0,0.52,0.56,0.57,0.62,0.56,0.47,0.26,0.28,0.41,0.32,0.47,0.57,0.47
GWETTOP,2004,-2.5,35.625,0.47,0.54,0.54,0.59,0.54,0.44,0.24,0.22,0.31,0.29,0.43,0.51,0.43
GWETTOP,2004,-2.5,36.25,0.4,0.48,0.43,0.45,0.41,0.3,0.21,0.18,0.21,0.23,0.33,0.4,0.34
GWETTOP,2004,-2.5,36.875,0.55,0.62,0.55,0.58,0.48,0.26,0.23,0.2,0.24,0.34,0.46,0.55,0.42
GWETTOP,2004,-2.5,37.5,0.55,0.6,0.53,0.57,0.46,0.28,0.27,0.22,0.25,0.39,0.48,0.55,0.43
GWETTOP,2004,-2.5,38.125,0.55,0.53,0.47,0.53,0.43,0.37,0.33,0.25,0.25,0.42,0.5,0.53,0.43
GWETTOP,2004,-2.5,38.75,0.55,0.51,0.39,0.58,0.37,0.38,0.35,0.3,0.29,0.46,0.52,0.53,0.44
GWETTOP,2004,-2.5,39.375,0.6,0.51,0.41,0.67,0.46,0.51,0.47,0.36,0.34,0.55,0.63,0.6,0.51
GWETTOP,2004,-2.5,40.0,0.4,0.36,0.31,0.47,0.36,0.41,0.38,0.32,0.29,0.42,0.46,0.43,0.38
GWETTOP,2004,-2.5,40.625,0.5,0.45,0.41,0.54,0.48,0.54,0.52,0.5,0.47,0.54,0.57,0.54,0.51
GWETTOP,2004,-2.5,41.25,1.0,1.0,1.0,1.0,1.0,1.0,1.0,1.0,1.0,1.0,1.0,1.0,1.0
GWETTOP,2004,-2.5,41.875,1.0,1.0,1.0,1.0,1.0,1.0,1.0,1.0,1.0,1.0,1.0,1.0,1.0
GWETTOP,2004,-3.0,34.375,0.53,0.55,0.56,0.58,0.49,0.32,0.21,0.2,0.37,0.27,0.45,0.66,0.43
GWETTOP,2004,-3.0,35.0,0.53,0.6,0.62,0.64,0.54,0.45,0.24,0.19,0.33,0.29,0.43,0.59,0.45
GWETTOP,2004,-3.0,35.625,0.53,0.63,0.66,0.69,0.59,0.5,0.45,0.29,0.27,0.34,0.46,0.54,0.5
GWETTOP,2004,-3.0,36.25,0.54,0.64,0.61,0.62,0.57,0.37,0.25,0.19,0.21,0.32,0.41,0.57,0.44
GWETTOP,2004,-3.0,36.875,0.6,0.71,0.63,0.66,0.6,0.46,0.35,0.22,0.26,0.44,0.52,0.6,0.5
GWETTOP,2004,-3.0,37.5,0.53,0.61,0.54,0.57,0.51,0.45,0.41,0.25,0.23,0.39,0.46,0.52,0.46
GWETTOP,2004,-3.0,38.125,0.55,0.55,0.49,0.54,0.46,0.44,0.4,0.3,0.27,0.44,0.5,0.54,0.46
GWETTOP,2004,-3.0,38.75,0.58,0.55,0.41,0.58,0.37,0.41,0.4,0.3,0.28,0.48,0.52,0.56,0.45
GWETTOP,2004,-3.0,39.375,0.6,0.56,0.43,0.68,0.47,0.57,0.55,0.39,0.35,0.58,0.63,0.61,0.53
GWETTOP,2004,-3.0,40.0,0.42,0.39,0.35,0.47,0.37,0.42,0.39,0.35,0.3,0.43,0.45,0.43,0.4
GWETTOP,2004,-3.0,40.625,0.77,0.75,0.74,0.78,0.76,0.79,0.77,0.76,0.75,0.79,0.79,0.78,0.77
GWETTOP,2004,-3.0,41.25,1.0,1.0,1.0,1.0,1.0,1.0,1.0,1.0,1.0,1.0,1.0,1.0,1.0
GWETTOP,2004,-3.0,41.875,1.0,1.0,1.0,1.0,1.0,1.0,1.0,1.0,1.0,1.0,1.0,1.0,1.0
GWETTOP,2004,-3.5,34.375,0.55,0.57,0.56,0.56,0.45,0.24,0.17,0.17,0.33,0.25,0.43,0.67,0.41
GWETTOP,2004,-3.5,35.0,0.52,0.6,0.6,0.6,0.49,0.4,0.26,0.19,0.3,0.27,0.4,0.59,0.43
GWETTOP,2004,-3.5,35.625,0.5,0.59,0.58,0.61,0.53,0.48,0.43,0.3,0.25,0.3,0.4,0.52,0.46
GWETTOP,2004,-3.5,36.25,0.48,0.57,0.54,0.56,0.5,0.35,0.23,0.17,0.19,0.3,0.37,0.49,0.4
GWETTOP,2004,-3.5,36.875,0.47,0.54,0.51,0.55,0.49,0.41,0.27,0.19,0.21,0.36,0.41,0.46,0.41
GWETTOP,2004,-3.5,37.5,0.46,0.5,0.47,0.51,0.46,0.39,0.31,0.2,0.2,0.37,0.42,0.43,0.39
GWETTOP,2004,-3.5,38.125,0.53,0.52,0.43,0.55,0.4,0.42,0.41,0.29,0.25,0.44,0.49,0.53,0.44
GWETTOP,2004,-3.5,38.75,0.56,0.53,0.45,0.58,0.43,0.46,0.45,0.36,0.32,0.48,0.51,0.54,0.47
GWETTOP,2004,-3.5,39.375,0.57,0.51,0.41,0.67,0.46,0.59,0.57,0.4,0.36,0.57,0.6,0.57,0.52
GWETTOP,2004,-3.5,40.0,0.57,0.56,0.51,0.64,0.52,0.56,0.54,0.48,0.44,0.57,0.59,0.58,0.55
GWETTOP,2004,-3.5,40.625,0.92,0.92,0.91,0.93,0.92,0.93,0.93,0.92,0.92,0.93,0.94,0.93,0.92
GWETTOP,2004,-3.5,41.25,1.0,1.0,1.0,1.0,1.0,1.0,1.0,1.0,1.0,1.0,1.0,1.0,1.0
GWETTOP,2004,-3.5,41.875,1.0,1.0,1.0,1.0,1.0,1.0,1.0,1.0,1.0,1.0,1.0,1.0,1.0
GWETTOP,2004,-4.0,34.375,0.54,0.57,0.53,0.52,0.41,0.26,0.21,0.17,0.3,0.23,0.4,0.64,0.4
GWETTOP,2004,-4.0,35.0,0.57,0.65,0.62,0.62,0.52,0.42,0.33,0.27,0.32,0.3,0.42,0.63,0.47
GWETTOP,2004,-4.0,35.625,0.52,0.59,0.58,0.6,0.53,0.5,0.46,0.38,0.31,0.33,0.41,0.53,0.48
GWETTOP,2004,-4.0,36.25,0.47,0.54,0.51,0.54,0.47,0.39,0.28,0.21,0.21,0.3,0.37,0.49,0.4
GWETTOP,2004,-4.0,36.875,0.48,0.53,0.5,0.54,0.47,0.41,0.31,0.23,0.23,0.35,0.41,0.48,0.41
GWETTOP,2004,-4.0,37.5,0.51,0.54,0.5,0.55,0.45,0.4,0.36,0.27,0.24,0.38,0.43,0.49,0.43
GWETTOP,2004,-4.0,38.125,0.57,0.57,0.46,0.62,0.42,0.43,0.43,0.3,0.27,0.47,0.53,0.56,0.47
GWETTOP,2004,-4.0,38.75,0.54,0.52,0.43,0.61,0.41,0.45,0.46,0.33,0.29,0.48,0.53,0.53,0.46
GWETTOP,2004,-4.0,39.375,0.46,0.4,0.35,0.58,0.4,0.48,0.44,0.34,0.3,0.47,0.48,0.46,0.43
GWETTOP,2004,-4.0,40.0,0.57,0.54,0.52,0.64,0.51,0.53,0.52,0.49,0.48,0.55,0.56,0.56,0.54
GWETTOP,2004,-4.0,40.625,1.0,1.0,1.0,1.0,1.0,1.0,1.0,1.0,1.0,1.0,1.0,1.0,1.0
GWETTOP,2004,-4.0,41.25,1.0,1.0,1.0,1.0,1.0,1.0,1.0,1.0,1.0,1.0,1.0,1.0,1.0
GWETTOP,2004,-4.0,41.875,1.0,1.0,1.0,1.0,1.0,1.0,1.0,1.0,1.0,1.0,1.0,1.0,1.0
GWETTOP,2004,-4.5,34.375,0.48,0.52,0.48,0.47,0.37,0.32,0.28,0.23,0.3,0.25,0.37,0.58,0.39
GWETTOP,2004,-4.5,35.0,0.52,0.61,0.56,0.56,0.44,0.39,0.35,0.3,0.34,0.31,0.4,0.59,0.45
GWETTOP,2004,-4.5,35.625,0.47,0.54,0.52,0.55,0.44,0.42,0.4,0.35,0.3,0.32,0.37,0.48,0.43
GWETTOP,2004,-4.5,36.25,0.48,0.54,0.5,0.53,0.44,0.38,0.33,0.27,0.25,0.32,0.38,0.5,0.41
GWETTOP,2004,-4.5,36.875,0.51,0.53,0.5,0.54,0.45,0.41,0.35,0.28,0.27,0.36,0.42,0.5,0.43
GWETTOP,2004,-4.5,37.5,0.51,0.54,0.5,0.56,0.46,0.42,0.39,0.3,0.28,0.39,0.44,0.51,0.44
GWETTOP,2004,-4.5,38.125,0.61,0.64,0.57,0.69,0.57,0.54,0.55,0.41,0.34,0.53,0.61,0.64,0.56
GWETTOP,2004,-4.5,38.75,0.58,0.6,0.54,0.68,0.56,0.53,0.54,0.42,0.36,0.53,0.6,0.62,0.55
GWETTOP,2004,-4.5,39.375,0.44,0.42,0.39,0.55,0.41,0.42,0.41,0.37,0.33,0.42,0.44,0.44,0.42
GWETTOP,2004,-4.5,40.0,0.95,0.95,0.95,0.96,0.95,0.95,0.95,0.95,0.94,0.95,0.95,0.95,0.95
GWETTOP,2004,-4.5,40.625,1.0,1.0,1.0,1.0,1.0,1.0,1.0,1.0,1.0,1.0,1.0,1.0,1.0
GWETTOP,2004,-4.5,41.25,1.0,1.0,1.0,1.0,1.0,1.0,1.0,1.0,1.0,1.0,1.0,1.0,1.0
GWETTOP,2004,-4.5,41.875,1.0,1.0,1.0,1.0,1.0,1.0,1.0,1.0,1.0,1.0,1.0,1.0,1.0
GWETTOP,2004,0.5,34.375,0.52,0.46,0.48,0.65,0.62,0.59,0.53,0.61,0.58,0.55,0.55,0.5,0.55
GWETTOP,2004,0.5,35.0,0.61,0.53,0.5,0.68,0.67,0.64,0.6,0.66,0.63,0.61,0.62,0.56,0.61
GWETTOP,2004,0.5,35.625,0.43,0.38,0.37,0.55,0.55,0.49,0.45,0.5,0.46,0.45,0.52,0.44,0.47
GWETTOP,2004,0.5,36.25,0.35,0.28,0.29,0.44,0.48,0.45,0.44,0.5,0.45,0.43,0.46,0.42,0.42
GWETTOP,2004,0.5,36.875,0.46,0.4,0.37,0.54,0.58,0.51,0.5,0.57,0.5,0.49,0.56,0.53,0.5
GWETTOP,2004,0.5,37.5,0.36,0.33,0.29,0.41,0.42,0.36,0.34,0.34,0.29,0.33,0.41,0.4,0.36
GWETTOP,2004,0.5,38.125,0.38,0.34,0.3,0.39,0.39,0.33,0.28,0.21,0.18,0.3,0.4,0.39,0.32
GWETTOP,2004,0.5,38.75,0.38,0.34,0.3,0.39,0.36,0.3,0.24,0.17,0.15,0.29,0.4,0.39,0.31
GWETTOP,2004,0.5,39.375,0.37,0.31,0.25,0.41,0.36,0.29,0.21,0.16,0.14,0.32,0.44,0.42,0.31
GWETTOP,2004,0.5,40.0,0.35,0.26,0.21,0.4,0.36,0.32,0.21,0.16,0.14,0.33,0.44,0.43,0.3
GWETTOP,2004,0.5,40.625,0.31,0.2,0.17,0.38,0.36,0.35,0.27,0.18,0.14,0.36,0.43,0.43,0.3
GWETTOP,2004,0.5,41.25,0.32,0.26,0.22,0.4,0.36,0.38,0.33,0.27,0.21,0.39,0.44,0.44,0.34
GWETTOP,2004,0.5,41.875,0.32,0.24,0.21,0.42,0.4,0.42,0.34,0.27,0.22,0.42,0.48,0.47,0.35
GWETTOP,2004,1.0,34.375,0.69,0.62,0.59,0.7,0.71,0.72,0.69,0.76,0.75,0.73,0.73,0.68,0.7
GWETTOP,2004,1.0,35.0,0.63,0.51,0.48,0.66,0.69,0.66,0.63,0.72,0.69,0.67,0.68,0.6,0.64
GWETTOP,2004,1.0,35.625,0.38,0.29,0.32,0.51,0.54,0.44,0.42,0.48,0.42,0.42,0.47,0.41,0.43
GWETTOP,2004,1.0,36.25,0.3,0.25,0.26,0.39,0.42,0.38,0.39,0.47,0.39,0.36,0.4,0.37,0.37
GWETTOP,2004,1.0,36.875,0.37,0.35,0.34,0.4,0.44,0.38,0.39,0.45,0.38,0.37,0.43,0.41,0.39
GWETTOP,2004,1.0,37.5,0.38,0.34,0.32,0.4,0.41,0.35,0.32,0.32,0.26,0.32,0.4,0.4,0.35
GWETTOP,2004,1.0,38.125,0.36,0.32,0.28,0.38,0.36,0.31,0.25,0.2,0.16,0.28,0.38,0.37,0.3
GWETTOP,2004,1.0,38.75,0.37,0.32,0.29,0.41,0.36,0.3,0.23,0.17,0.15,0.29,0.41,0.39,0.31
GWETTOP,2004,1.0,39.375,0.38,0.29,0.24,0.44,0.39,0.28,0.2,0.15,0.14,0.32,0.47,0.44,0.31
GWETTOP,2004,1.0,40.0,0.35,0.23,0.2,0.4,0.37,0.32,0.2,0.15,0.13,0.33,0.45,0.44,0.3
GWETTOP,2004,1.0,40.625,0.32,0.18,0.15,0.39,0.39,0.36,0.26,0.16,0.12,0.37,0.46,0.47,0.3
GWETTOP,2004,1.0,41.25,0.34,0.22,0.17,0.42,0.44,0.43,0.32,0.22,0.16,0.41,0.51,0.53,0.35
GWETTOP,2004,1.0,41.875,0.3,0.18,0.15,0.39,0.41,0.4,0.32,0.22,0.16,0.39,0.47,0.47,0.32
GWETTOP,2004,1.5,34.375,0.46,0.35,0.38,0.56,0.57,0.57,0.55,0.65,0.59,0.55,0.54,0.47,0.52
GWETTOP,2004,1.5,35.0,0.43,0.34,0.35,0.51,0.55,0.5,0.49,0.61,0.52,0.49,0.51,0.45,0.48
GWETTOP,2004,1.5,35.625,0.31,0.2,0.25,0.4,0.41,0.36,0.35,0.4,0.35,0.33,0.37,0.34,0.34
GWETTOP,2004,1.5,36.25,0.26,0.21,0.23,0.36,0.37,0.32,0.3,0.4,0.32,0.27,0.35,0.3,0.31
GWETTOP,2004,1.5,36.875,0.37,0.35,0.34,0.41,0.43,0.36,0.36,0.38,0.33,0.33,0.39,0.39,0.37
GWETTOP,2004,1.5,37.5,0.35,0.31,0.3,0.4,0.4,0.34,0.33,0.34,0.27,0.3,0.38,0.37,0.34
GWETTOP,2004,1.5,38.125,0.38,0.33,0.32,0.44,0.39,0.32,0.29,0.24,0.2,0.3,0.41,0.38,0.33
GWETTOP,2004,1.5,38.75,0.44,0.35,0.32,0.52,0.46,0.34,0.3,0.24,0.21,0.36,0.51,0.47,0.38
GWETTOP,2004,1.5,39.375,0.4,0.32,0.24,0.45,0.41,0.34,0.24,0.16,0.14,0.33,0.49,0.48,0.33
GWETTOP,2004,1.5,40.0,0.41,0.3,0.23,0.47,0.43,0.34,0.23,0.16,0.14,0.34,0.5,0.49,0.34
GWETTOP,2004,1.5,40.625,0.38,0.21,0.16,0.44,0.45,0.38,0.26,0.16,0.13,0.41,0.54,0.57,0.34
GWETTOP,2004,1.5,41.25,0.32,0.18,0.12,0.37,0.39,0.36,0.31,0.18,0.12,0.36,0.45,0.49,0.3
GWETTOP,2004,1.5,41.875,0.29,0.14,0.12,0.39,0.43,0.4,0.3,0.17,0.13,0.4,0.49,0.5,0.31
GWETTOP,2004,2.0,34.375,0.39,0.27,0.33,0.49,0.49,0.49,0.46,0.57,0.5,0.47,0.48,0.4,0.45
GWETTOP,2004,2.0,35.0,0.37,0.25,0.3,0.45,0.46,0.43,0.41,0.5,0.44,0.42,0.43,0.4,0.41
GWETTOP,2004,2.0,35.625,0.26,0.19,0.22,0.38,0.38,0.34,0.29,0.36,0.29,0.26,0.35,0.3,0.3
GWETTOP,2004,2.0,36.25,0.26,0.22,0.23,0.37,0.35,0.26,0.26,0.35,0.23,0.23,0.34,0.28,0.28
GWETTOP,2004,2.0,36.875,0.36,0.34,0.33,0.43,0.42,0.35,0.33,0.34,0.27,0.29,0.39,0.38,0.35
GWETTOP,2004,2.0,37.5,0.36,0.33,0.31,0.42,0.42,0.34,0.3,0.27,0.21,0.28,0.39,0.38,0.33
GWETTOP,2004,2.0,38.125,0.42,0.36,0.32,0.5,0.46,0.37,0.3,0.22,0.17,0.32,0.46,0.44,0.36
GWETTOP,2004,2.0,38.75,0.42,0.35,0.31,0.5,0.45,0.37,0.32,0.23,0.19,0.33,0.47,0.44,0.36
GWETTOP,2004,2.0,39.375,0.39,0.32,0.24,0.46,0.42,0.35,0.26,0.16,0.14,0.32,0.47,0.46,0.33
GWETTOP,2004,2.0,40.0,0.41,0.31,0.23,0.49,0.46,0.37,0.29,0.17,0.14,0.34,0.52,0.51,0.35
GWETTOP,2004,2.0,40.625,0.41,0.21,0.19,0.55,0.55,0.44,0.29,0.2,0.16,0.48,0.65,0.67,0.4
GWETTOP,2004,2.0,41.25,0.36,0.2,0.15,0.43,0.43,0.38,0.28,0.17,0.14,0.39,0.51,0.54,0.33
GWETTOP,2004,2.0,41.875,0.33,0.17,0.14,0.45,0.49,0.48,0.34,0.2,0.16,0.46,0.61,0.6,0.37
GWETTOP,2004,2.5,34.375,0.35,0.26,0.3,0.47,0.45,0.41,0.39,0.53,0.43,0.4,0.44,0.37,0.4
GWETTOP,2004,2.5,35.0,0.31,0.23,0.26,0.42,0.43,0.38,0.35,0.43,0.38,0.36,0.4,0.37,0.36
GWETTOP,2004,2.5,35.625,0.24,0.2,0.21,0.37,0.37,0.31,0.24,0.31,0.2,0.25,0.35,0.3,0.28
GWETTOP,2004,2.5,36.25,0.25,0.23,0.23,0.38,0.35,0.22,0.21,0.26,0.17,0.22,0.37,0.3,0.27
GWETTOP,2004,2.5,36.875,0.32,0.28,0.28,0.41,0.39,0.33,0.26,0.25,0.17,0.25,0.39,0.36,0.31
GWETTOP,2004,2.5,37.5,0.35,0.29,0.28,0.46,0.43,0.3,0.22,0.21,0.16,0.28,0.43,0.39,0.32
GWETTOP,2004,2.5,38.125,0.39,0.32,0.27,0.47,0.43,0.34,0.24,0.17,0.14,0.31,0.44,0.41,0.33
GWETTOP,2004,2.5,38.75,0.38,0.3,0.26,0.47,0.42,0.33,0.25,0.17,0.14,0.31,0.44,0.41,0.32
GWETTOP,2004,2.5,39.375,0.36,0.29,0.21,0.45,0.4,0.34,0.25,0.15,0.13,0.31,0.45,0.42,0.31
GWETTOP,2004,2.5,40.0,0.38,0.29,0.21,0.48,0.43,0.35,0.28,0.17,0.14,0.34,0.5,0.47,0.34
GWETTOP,2004,2.5,40.625,0.36,0.23,0.19,0.5,0.43,0.35,0.25,0.19,0.16,0.4,0.55,0.55,0.35
GWETTOP,2004,2.5,41.25,0.21,0.17,0.15,0.33,0.22,0.24,0.19,0.16,0.14,0.28,0.35,0.33,0.23
GWETTOP,2004,2.5,41.875,0.25,0.18,0.15,0.34,0.29,0.3,0.24,0.18,0.16,0.32,0.41,0.37,0.27
GWETTOP,2004,3.0,34.375,0.31,0.21,0.25,0.49,0.51,0.43,0.38,0.52,0.47,0.43,0.47,0.41,0.41
GWETTOP,2004,3.0,35.0,0.28,0.18,0.21,0.4,0.42,0.35,0.3,0.38,0.31,0.32,0.38,0.35,0.32
GWETTOP,2004,3.0,35.625,0.22,0.19,0.2,0.36,0.36,0.25,0.18,0.23,0.15,0.22,0.36,0.33,0.25
GWETTOP,2004,3.0,36.25,0.24,0.21,0.23,0.39,0.37,0.23,0.16,0.18,0.13,0.22,0.39,0.34,0.26
GWETTOP,2004,3.0,36.875,0.26,0.21,0.24,0.39,0.37,0.29,0.18,0.17,0.13,0.24,0.39,0.35,0.27
GWETTOP,2004,3.0,37.5,0.27,0.2,0.21,0.41,0.34,0.2,0.14,0.14,0.11,0.25,0.4,0.33,0.25
GWETTOP,2004,3.0,38.125,0.36,0.29,0.22,0.42,0.39,0.32,0.19,0.15,0.13,0.3,0.42,0.39,0.3
GWETTOP,2004,3.0,38.75,0.38,0.27,0.23,0.47,0.42,0.3,0.2,0.16,0.14,0.33,0.47,0.42,0.32
GWETTOP,2004,3.0,39.375,0.34,0.25,0.2,0.42,0.37,0.33,0.22,0.15,0.13,0.3,0.43,0.38,0.29
GWETTOP,2004,3.0,40.0,0.35,0.25,0.2,0.45,0.38,0.33,0.24,0.16,0.14,0.33,0.46,0.41,0.31
GWETTOP,2004,3.0,40.625,0.29,0.22,0.19,0.42,0.31,0.27,0.22,0.18,0.15,0.33,0.45,0.4,0.29
GWETTOP,2004,3.0,41.25,0.23,0.18,0.15,0.34,0.23,0.24,0.19,0.17,0.14,0.28,0.37,0.31,0.24
GWETTOP,2004,3.0,41.875,0.26,0.15,0.11,0.32,0.27,0.28,0.22,0.14,0.12,0.28,0.38,0.33,0.24
GWETTOP,2004,3.5,34.375,0.35,0.26,0.22,0.43,0.46,0.37,0.35,0.44,0.4,0.37,0.42,0.4,0.37
GWETTOP,2004,3.5,35.0,0.31,0.19,0.21,0.41,0.42,0.35,0.29,0.36,0.3,0.3,0.4,0.37,0.33
GWETTOP,2004,3.5,35.625,0.23,0.19,0.21,0.39,0.38,0.27,0.18,0.21,0.14,0.24,0.39,0.35,0.27
GWETTOP,2004,3.5,36.25,0.25,0.2,0.23,0.4,0.38,0.26,0.17,0.18,0.13,0.25,0.4,0.36,0.27
GWETTOP,2004,3.5,36.875,0.29,0.21,0.23,0.41,0.39,0.32,0.2,0.17,0.13,0.27,0.42,0.37,0.28
GWETTOP,2004,3.5,37.5,0.31,0.24,0.25,0.47,0.43,0.3,0.21,0.19,0.15,0.3,0.47,0.4,0.31
GWETTOP,2004,3.5,38.125,0.35,0.3,0.23,0.42,0.39,0.34,0.26,0.16,0.14,0.31,0.43,0.38,0.31
GWETTOP,2004,3.5,38.75,0.35,0.28,0.23,0.44,0.39,0.33,0.27,0.18,0.15,0.33,0.44,0.38,0.31
GWETTOP,2004,3.5,39.375,0.37,0.28,0.23,0.47,0.42,0.35,0.28,0.19,0.16,0.35,0.48,0.42,0.33
GWETTOP,2004,3.5,40.0,0.34,0.24,0.19,0.45,0.37,0.32,0.22,0.17,0.14,0.34,0.47,0.41,0.3
GWETTOP,2004,3.5,40.625,0.34,0.25,0.2,0.53,0.37,0.3,0.25,0.2,0.16,0.41,0.57,0.49,0.34
GWETTOP,2004,3.5,41.25,0.26,0.2,0.17,0.37,0.24,0.24,0.21,0.17,0.15,0.3,0.41,0.34,0.25
GWETTOP,2004,3.5,41.875,0.21,0.14,0.11,0.3,0.22,0.22,0.17,0.13,0.1,0.26,0.35,0.28,0.21
GWETTOP,2004,4.0,34.375,0.43,0.28,0.26,0.53,0.54,0.42,0.35,0.52,0.45,0.4,0.52,0.5,0.43
GWETTOP,2004,4.0,35.0,0.35,0.23,0.25,0.51,0.51,0.37,0.29,0.41,0.3,0.34,0.51,0.47,0.38
GWETTOP,2004,4.0,35.625,0.26,0.19,0.23,0.42,0.41,0.32,0.22,0.22,0.15,0.29,0.43,0.39,0.29
GWETTOP,2004,4.0,36.25,0.25,0.2,0.22,0.42,0.4,0.29,0.18,0.19,0.14,0.27,0.43,0.37,0.28
GWETTOP,2004,4.0,36.875,0.28,0.22,0.23,0.43,0.41,0.33,0.23,0.19,0.15,0.3,0.44,0.38,0.3
GWETTOP,2004,4.0,37.5,0.3,0.23,0.24,0.46,0.42,0.32,0.23,0.2,0.16,0.32,0.47,0.39,0.31
GWETTOP,2004,4.0,38.125,0.37,0.31,0.27,0.49,0.45,0.35,0.29,0.22,0.18,0.39,0.5,0.43,0.35
GWETTOP,2004,4.0,38.75,0.47,0.35,0.32,0.63,0.6,0.4,0.3,0.25,0.22,0.5,0.63,0.58,0.44
GWETTOP,2004,4.0,39.375,0.47,0.32,0.3,0.63,0.57,0.36,0.29,0.23,0.2,0.49,0.65,0.61,0.43
GWETTOP,2004,4.0,40.0,0.37,0.25,0.21,0.5,0.43,0.3,0.23,0.18,0.16,0.4,0.53,0.47,0.34
GWETTOP,2004,4.0,40.625,0.37,0.25,0.2,0.53,0.39,0.3,0.24,0.19,0.16,0.42,0.58,0.51,0.35
GWETTOP,2004,4.0,41.25,0.31,0.2,0.15,0.38,0.29,0.24,0.18,0.15,0.13,0.31,0.42,0.37,0.26
GWETTOP,2004,4.0,41.875,0.28,0.16,0.12,0.35,0.28,0.23,0.18,0.14,0.12,0.29,0.4,0.34,0.24
GWETTOP,2004,4.5,34.375,0.45,0.32,0.3,0.65,0.59,0.4,0.37,0.59,0.46,0.44,0.65,0.54,0.48
GWETTOP,2004,4.5,35.0,0.41,0.26,0.28,0.56,0.56,0.39,0.29,0.43,0.31,0.39,0.58,0.53,0.42
GWETTOP,2004,4.5,35.625,0.28,0.19,0.23,0.43,0.43,0.34,0.23,0.23,0.16,0.32,0.47,0.41,0.31
GWETTOP,2004,4.5,36.25,0.24,0.2,0.21,0.44,0.42,0.32,0.2,0.21,0.16,0.3,0.46,0.39,0.3
GWETTOP,2004,4.5,36.875,0.25,0.22,0.21,0.44,0.42,0.34,0.25,0.21,0.17,0.32,0.44,0.38,0.3
GWETTOP,2004,4.5,37.5,0.32,0.31,0.27,0.58,0.52,0.35,0.26,0.28,0.23,0.43,0.58,0.49,0.38
GWETTOP,2004,4.5,38.125,0.44,0.37,0.3,0.6,0.55,0.34,0.28,0.25,0.24,0.51,0.62,0.58,0.42
GWETTOP,2004,4.5,38.75,0.41,0.33,0.28,0.57,0.5,0.32,0.26,0.23,0.21,0.48,0.59,0.55,0.39
GWETTOP,2004,4.5,39.375,0.36,0.26,0.24,0.51,0.43,0.3,0.22,0.19,0.17,0.41,0.53,0.48,0.34
GWETTOP,2004,4.5,40.0,0.34,0.24,0.22,0.44,0.38,0.28,0.21,0.17,0.16,0.36,0.47,0.42,0.31
GWETTOP,2004,4.5,40.625,0.33,0.21,0.17,0.41,0.35,0.26,0.19,0.15,0.14,0.34,0.45,0.4,0.28
GWETTOP,2004,4.5,41.25,0.34,0.22,0.15,0.38,0.33,0.27,0.19,0.15,0.13,0.32,0.43,0.38,0.27
GWETTOP,2004,4.5,41.875,0.31,0.16,0.12,0.38,0.31,0.24,0.18,0.14,0.12,0.32,0.44,0.38,0.26
GWETTOP,2005,-0.5,34.375,0.67,0.62,0.66,0.77,0.8,0.7,0.56,0.51,0.51,0.45,0.53,0.41,0.6
GWETTOP,2005,-0.5,35.0,0.56,0.5,0.57,0.63,0.7,0.66,0.56,0.55,0.54,0.5,0.52,0.39,0.56
GWETTOP,2005,-0.5,35.625,0.42,0.39,0.46,0.48,0.56,0.52,0.49,0.52,0.49,0.47,0.46,0.39,0.47
GWETTOP,2005,-0.5,36.25,0.36,0.34,0.39,0.44,0.5,0.46,0.44,0.47,0.45,0.42,0.41,0.35,0.42
GWETTOP,2005,-0.5,36.875,0.36,0.34,0.38,0.44,0.5,0.47,0.43,0.46,0.42,0.41,0.41,0.35,0.41
GWETTOP,2005,-0.5,37.5,0.41,0.36,0.42,0.48,0.51,0.5,0.48,0.49,0.46,0.44,0.47,0.37,0.45
GWETTOP,2005,-0.5,38.125,0.38,0.32,0.34,0.39,0.43,0.35,0.31,0.32,0.25,0.32,0.48,0.32,0.35
GWETTOP,2005,-0.5,38.75,0.3,0.26,0.29,0.35,0.4,0.32,0.29,0.29,0.22,0.3,0.43,0.27,0.31
GWETTOP,2005,-0.5,39.375,0.26,0.22,0.27,0.34,0.43,0.35,0.34,0.3,0.23,0.28,0.39,0.24,0.3
GWETTOP,2005,-0.5,40.0,0.28,0.25,0.3,0.36,0.48,0.41,0.4,0.34,0.26,0.31,0.43,0.26,0.34
GWETTOP,2005,-0.5,40.625,0.29,0.26,0.3,0.36,0.56,0.49,0.54,0.43,0.34,0.33,0.47,0.3,0.39
GWETTOP,2005,-0.5,41.25,0.29,0.27,0.31,0.37,0.57,0.49,0.55,0.43,0.35,0.33,0.48,0.31,0.4
GWETTOP,2005,-0.5,41.875,0.27,0.25,0.28,0.34,0.55,0.5,0.55,0.45,0.34,0.29,0.44,0.27,0.38
GWETTOP,2005,-1.0,34.375,0.61,0.55,0.61,0.66,0.68,0.59,0.49,0.48,0.5,0.45,0.49,0.43,0.54
GWETTOP,2005,-1.0,35.0,0.6,0.56,0.63,0.67,0.7,0.66,0.57,0.55,0.55,0.51,0.54,0.45,0.58
GWETTOP,2005,-1.0,35.625,0.46,0.4,0.52,0.56,0.62,0.61,0.54,0.52,0.5,0.48,0.48,0.37,0.51
GWETTOP,2005,-1.0,36.25,0.35,0.32,0.39,0.47,0.55,0.56,0.49,0.47,0.42,0.39,0.39,0.34,0.43
GWETTOP,2005,-1.0,36.875,0.43,0.3,0.39,0.5,0.53,0.52,0.48,0.45,0.36,0.37,0.46,0.32,0.43
GWETTOP,2005,-1.0,37.5,0.41,0.33,0.41,0.5,0.53,0.52,0.45,0.45,0.4,0.4,0.46,0.33,0.43
GWETTOP,2005,-1.0,38.125,0.36,0.31,0.35,0.41,0.45,0.35,0.3,0.35,0.25,0.34,0.49,0.33,0.36
GWETTOP,2005,-1.0,38.75,0.29,0.25,0.3,0.36,0.42,0.32,0.29,0.32,0.23,0.32,0.46,0.27,0.32
GWETTOP,2005,-1.0,39.375,0.23,0.21,0.29,0.37,0.52,0.37,0.37,0.33,0.23,0.31,0.45,0.24,0.33
GWETTOP,2005,-1.0,40.0,0.27,0.25,0.33,0.41,0.58,0.45,0.43,0.39,0.28,0.36,0.5,0.27,0.38
GWETTOP,2005,-1.0,40.625,0.27,0.25,0.31,0.37,0.59,0.5,0.57,0.45,0.36,0.35,0.49,0.31,0.4
GWETTOP,2005,-1.0,41.25,0.33,0.28,0.32,0.37,0.58,0.5,0.58,0.47,0.41,0.35,0.49,0.32,0.42
GWETTOP,2005,-1.0,41.875,0.28,0.24,0.27,0.3,0.49,0.43,0.49,0.4,0.32,0.28,0.37,0.25,0.34
GWETTOP,2005,-1.5,34.375,0.68,0.64,0.68,0.71,0.69,0.63,0.44,0.46,0.53,0.42,0.49,0.36,0.56
GWETTOP,2005,-1.5,35.0,0.61,0.57,0.63,0.68,0.67,0.63,0.52,0.46,0.47,0.4,0.49,0.31,0.54
GWETTOP,2005,-1.5,35.625,0.46,0.4,0.51,0.57,0.61,0.63,0.52,0.49,0.44,0.37,0.45,0.28,0.48
GWETTOP,2005,-1.5,36.25,0.24,0.23,0.37,0.46,0.49,0.5,0.42,0.37,0.32,0.29,0.33,0.21,0.35
GWETTOP,2005,-1.5,36.875,0.35,0.31,0.45,0.63,0.63,0.62,0.46,0.38,0.35,0.41,0.47,0.33,0.45
GWETTOP,2005,-1.5,37.5,0.4,0.3,0.36,0.47,0.48,0.47,0.39,0.36,0.31,0.37,0.45,0.34,0.39
GWETTOP,2005,-1.5,38.125,0.39,0.34,0.35,0.4,0.42,0.38,0.34,0.38,0.3,0.35,0.44,0.37,0.37
GWETTOP,2005,-1.5,38.75,0.29,0.27,0.33,0.39,0.44,0.34,0.29,0.35,0.24,0.33,0.47,0.29,0.34
GWETTOP,2005,-1.5,39.375,0.25,0.23,0.31,0.39,0.5,0.38,0.35,0.36,0.24,0.33,0.45,0.25,0.34
GWETTOP,2005,-1.5,40.0,0.27,0.25,0.34,0.42,0.62,0.51,0.52,0.44,0.32,0.38,0.53,0.29,0.41
GWETTOP,2005,-1.5,40.625,0.29,0.26,0.32,0.38,0.59,0.51,0.57,0.47,0.38,0.36,0.49,0.3,0.41
GWETTOP,2005,-1.5,41.25,0.37,0.28,0.31,0.38,0.58,0.52,0.59,0.48,0.41,0.33,0.47,0.31,0.42
GWETTOP,2005,-1.5,41.875,0.61,0.56,0.56,0.6,0.7,0.66,0.69,0.64,0.61,0.57,0.62,0.55,0.61
GWETTOP,2005,-1.7975103014118005e-13,34.375,0.52,0.46,0.53,0.59,0.63,0.55,0.49,0.47,0.46,0.43,0.45,0.34,0.49
GWETTOP,2005,-1.7975103014118005e-13,35.0,0.55,0.49,0.56,0.59,0.68,0.64,0.6,0.6,0.59,0.56,0.56,0.42,0.57
GWETTOP,2005,-1.7975103014118005e-13,35.625,0.45,0.42,0.45,0.49,0.59,0.56,0.53,0.57,0.55,0.52,0.51,0.43,0.51
GWETTOP,2005,-1.7975103014118005e-13,36.25,0.39,0.34,0.37,0.44,0.53,0.49,0.47,0.52,0.51,0.47,0.45,0.38,0.45
GWETTOP,2005,-1.7975103014118005e-13,36.875,0.36,0.33,0.35,0.41,0.46,0.42,0.4,0.44,0.43,0.39,0.39,0.34,0.39
GWETTOP,2005,-1.7975103014118005e-13,37.5,0.41,0.37,0.38,0.43,0.49,0.46,0.44,0.46,0.45,0.42,0.44,0.38,0.43
GWETTOP,2005,-1.7975103014118005e-13,38.125,0.37,0.32,0.31,0.37,0.41,0.35,0.32,0.29,0.23,0.28,0.43,0.34,0.34
GWETTOP,2005,-1.7975103014118005e-13,38.75,0.32,0.26,0.25,0.33,0.37,0.32,0.28,0.24,0.19,0.25,0.37,0.28,0.29
GWETTOP,2005,-1.7975103014118005e-13,39.375,0.29,0.22,0.22,0.32,0.38,0.34,0.31,0.26,0.18,0.23,0.35,0.24,0.28
GWETTOP,2005,-1.7975103014118005e-13,40.0,0.32,0.25,0.23,0.32,0.4,0.36,0.35,0.31,0.23,0.25,0.35,0.26,0.3
GWETTOP,2005,-1.7975103014118005e-13,40.625,0.32,0.26,0.25,0.33,0.46,0.41,0.43,0.34,0.26,0.25,0.39,0.27,0.33
GWETTOP,2005,-1.7975103014118005e-13,41.25,0.29,0.27,0.28,0.36,0.49,0.42,0.45,0.34,0.27,0.27,0.41,0.27,0.34
GWETTOP,2005,-1.7975103014118005e-13,41.875,0.31,0.28,0.29,0.38,0.53,0.47,0.5,0.38,0.28,0.27,0.43,0.29,0.37
GWETTOP,2005,-2.0,34.375,0.69,0.64,0.68,0.71,0.67,0.59,0.36,0.42,0.49,0.39,0.47,0.33,0.54
GWETTOP,2005,-2.0,35.0,0.63,0.58,0.64,0.69,0.65,0.61,0.49,0.4,0.42,0.39,0.48,0.3,0.52
GWETTOP,2005,-2.0,35.625,0.5,0.46,0.53,0.61,0.61,0.61,0.53,0.44,0.36,0.37,0.44,0.29,0.48
GWETTOP,2005,-2.0,36.25,0.23,0.22,0.32,0.42,0.4,0.38,0.31,0.22,0.2,0.21,0.26,0.19,0.28
GWETTOP,2005,-2.0,36.875,0.35,0.35,0.46,0.64,0.61,0.54,0.32,0.3,0.28,0.38,0.46,0.34,0.42
GWETTOP,2005,-2.0,37.5,0.36,0.32,0.38,0.52,0.49,0.46,0.31,0.31,0.26,0.35,0.45,0.34,0.38
GWETTOP,2005,-2.0,38.125,0.37,0.33,0.35,0.4,0.4,0.37,0.31,0.34,0.28,0.32,0.42,0.36,0.35
GWETTOP,2005,-2.0,38.75,0.3,0.28,0.35,0.44,0.45,0.37,0.31,0.37,0.26,0.36,0.49,0.31,0.36
GWETTOP,2005,-2.0,39.375,0.28,0.26,0.35,0.46,0.54,0.45,0.41,0.4,0.28,0.37,0.5,0.29,0.38
GWETTOP,2005,-2.0,40.0,0.27,0.24,0.33,0.41,0.56,0.47,0.48,0.42,0.32,0.36,0.47,0.28,0.38
GWETTOP,2005,-2.0,40.625,0.32,0.26,0.32,0.39,0.57,0.5,0.56,0.46,0.4,0.36,0.47,0.3,0.41
GWETTOP,2005,-2.0,41.25,0.4,0.34,0.35,0.4,0.53,0.48,0.53,0.46,0.45,0.4,0.44,0.35,0.43
GWETTOP,2005,-2.0,41.875,0.66,0.63,0.62,0.64,0.72,0.68,0.71,0.67,0.66,0.63,0.65,0.61,0.66
GWETTOP,2005,-2.5,34.375,0.64,0.57,0.59,0.62,0.57,0.49,0.31,0.29,0.37,0.31,0.39,0.3,0.45
GWETTOP,2005,-2.5,35.0,0.6,0.58,0.59,0.71,0.61,0.54,0.44,0.29,0.34,0.32,0.43,0.31,0.48
GWETTOP,2005,-2.5,35.625,0.49,0.5,0.53,0.68,0.58,0.53,0.41,0.25,0.26,0.3,0.37,0.29,0.43
GWETTOP,2005,-2.5,36.25,0.33,0.35,0.41,0.57,0.49,0.44,0.33,0.23,0.21,0.22,0.29,0.24,0.34
GWETTOP,2005,-2.5,36.875,0.4,0.46,0.47,0.69,0.61,0.5,0.27,0.23,0.27,0.32,0.42,0.35,0.41
GWETTOP,2005,-2.5,37.5,0.42,0.45,0.45,0.65,0.57,0.48,0.26,0.26,0.28,0.33,0.45,0.37,0.41
GWETTOP,2005,-2.5,38.125,0.43,0.4,0.4,0.51,0.48,0.42,0.31,0.33,0.27,0.34,0.49,0.41,0.4
GWETTOP,2005,-2.5,38.75,0.36,0.35,0.41,0.54,0.48,0.41,0.33,0.36,0.3,0.37,0.51,0.37,0.4
GWETTOP,2005,-2.5,39.375,0.38,0.34,0.45,0.64,0.63,0.58,0.5,0.45,0.36,0.42,0.59,0.38,0.48
GWETTOP,2005,-2.5,40.0,0.31,0.27,0.33,0.43,0.48,0.42,0.41,0.37,0.31,0.33,0.42,0.3,0.37
GWETTOP,2005,-2.5,40.625,0.48,0.42,0.44,0.51,0.59,0.55,0.57,0.52,0.49,0.47,0.53,0.45,0.5
GWETTOP,2005,-2.5,41.25,1.0,1.0,1.0,1.0,1.0,1.0,1.0,1.0,1.0,1.0,1.0,1.0,1.0
GWETTOP,2005,-2.5,41.875,1.0,1.0,1.0,1.0,1.0,1.0,1.0,1.0,1.0,1.0,1.0,1.0,1.0
GWETTOP,2005,-3.0,34.375,0.7,0.59,0.59,0.65,0.56,0.47,0.28,0.23,0.29,0.26,0.34,0.29,0.44
GWETTOP,2005,-3.0,35.0,0.65,0.65,0.64,0.79,0.67,0.54,0.44,0.26,0.31,0.29,0.37,0.31,0.49
GWETTOP,2005,-3.0,35.625,0.57,0.63,0.64,0.85,0.78,0.67,0.54,0.48,0.41,0.35,0.41,0.36,0.56
GWETTOP,2005,-3.0,36.25,0.54,0.58,0.6,0.81,0.69,0.6,0.49,0.28,0.3,0.29,0.35,0.32,0.49
GWETTOP,2005,-3.0,36.875,0.54,0.6,0.56,0.84,0.75,0.66,0.54,0.34,0.46,0.38,0.44,0.38,0.54
GWETTOP,2005,-3.0,37.5,0.49,0.49,0.5,0.75,0.68,0.59,0.48,0.42,0.43,0.37,0.42,0.37,0.5
GWETTOP,2005,-3.0,38.125,0.48,0.45,0.44,0.56,0.5,0.47,0.39,0.35,0.33,0.34,0.47,0.42,0.43
GWETTOP,2005,-3.0,38.75,0.39,0.38,0.42,0.58,0.5,0.44,0.34,0.33,0.33,0.35,0.49,0.39,0.41
GWETTOP,2005,-3.0,39.375,0.42,0.39,0.47,0.67,0.65,0.6,0.52,0.42,0.41,0.41,0.59,0.4,0.5
GWETTOP,2005,-3.0,40.0,0.35,0.31,0.35,0.45,0.47,0.41,0.4,0.36,0.33,0.32,0.4,0.32,0.37
GWETTOP,2005,-3.0,40.625,0.76,0.74,0.75,0.77,0.8,0.78,0.78,0.76,0.75,0.75,0.77,0.75,0.76
GWETTOP,2005,-3.0,41.25,1.0,1.0,1.0,1.0,1.0,1.0,1.0,1.0,1.0,1.0,1.0,1.0,1.0
GWETTOP,2005,-3.0,41.875,1.0,1.0,1.0,1.0,1.0,1.0,1.0,1.0,1.0,1.0,1.0,1.0,1.0
GWETTOP,2005,-3.5,34.375,0.72,0.61,0.6,0.66,0.53,0.42,0.21,0.18,0.24,0.25,0.32,0.29,0.42
GWETTOP,2005,-3.5,35.0,0.63,0.63,0.63,0.75,0.62,0.5,0.41,0.27,0.27,0.27,0.34,0.3,0.47
GWETTOP,2005,-3.5,35.625,0.55,0.57,0.61,0.76,0.66,0.56,0.5,0.46,0.38,0.33,0.34,0.33,0.5
GWETTOP,2005,-3.5,36.25,0.46,0.51,0.54,0.76,0.61,0.52,0.42,0.25,0.28,0.26,0.31,0.3,0.43
GWETTOP,2005,-3.5,36.875,0.38,0.46,0.48,0.76,0.65,0.55,0.48,0.34,0.35,0.3,0.34,0.28,0.45
GWETTOP,2005,-3.5,37.5,0.35,0.39,0.42,0.63,0.56,0.51,0.46,0.35,0.35,0.31,0.36,0.29,0.41
GWETTOP,2005,-3.5,38.125,0.41,0.39,0.43,0.57,0.49,0.45,0.37,0.33,0.34,0.33,0.45,0.36,0.41
GWETTOP,2005,-3.5,38.75,0.44,0.42,0.45,0.59,0.52,0.48,0.42,0.38,0.39,0.37,0.48,0.39,0.44
GWETTOP,2005,-3.5,39.375,0.4,0.38,0.47,0.66,0.64,0.6,0.52,0.42,0.42,0.4,0.56,0.37,0.49
GWETTOP,2005,-3.5,40.0,0.5,0.48,0.52,0.63,0.61,0.57,0.53,0.49,0.49,0.48,0.54,0.46,0.53
GWETTOP,2005,-3.5,40.625,0.92,0.91,0.92,0.93,0.94,0.93,0.93,0.92,0.92,0.91,0.92,0.92,0.92
GWETTOP,2005,-3.5,41.25,1.0,1.0,1.0,1.0,1.0,1.0,1.0,1.0,1.0,1.0,1.0,1.0,1.0
GWETTOP,2005,-3.5,41.875,1.0,1.0,1.0,1.0,1.0,1.0,1.0,1.0,1.0,1.0,1.0,1.0,1.0
GWETTOP,2005,-4.0,34.375,0.67,0.57,0.57,0.59,0.49,0.38,0.25,0.2,0.22,0.24,0.31,0.31,0.4
GWETTOP,2005,-4.0,35.0,0.65,0.64,0.65,0.73,0.62,0.53,0.46,0.35,0.32,0.32,0.36,0.34,0.5
GWETTOP,2005,-4.0,35.625,0.57,0.59,0.61,0.74,0.64,0.57,0.52,0.49,0.45,0.39,0.37,0.35,0.52
GWETTOP,2005,-4.0,36.25,0.48,0.5,0.54,0.69,0.57,0.5,0.46,0.34,0.31,0.28,0.3,0.3,0.44
GWETTOP,2005,-4.0,36.875,0.44,0.49,0.51,0.68,0.59,0.51,0.47,0.38,0.36,0.32,0.34,0.32,0.45
GWETTOP,2005,-4.0,37.5,0.42,0.45,0.48,0.63,0.55,0.51,0.44,0.37,0.36,0.33,0.37,0.32,0.44
GWETTOP,2005,-4.0,38.125,0.43,0.41,0.47,0.63,0.55,0.48,0.37,0.33,0.35,0.34,0.46,0.36,0.43
GWETTOP,2005,-4.0,38.75,0.42,0.37,0.46,0.62,0.54,0.48,0.41,0.36,0.38,0.36,0.46,0.34,0.43
GWETTOP,2005,-4.0,39.375,0.34,0.31,0.41,0.56,0.56,0.47,0.43,0.36,0.35,0.34,0.42,0.31,0.41
GWETTOP,2005,-4.0,40.0,0.51,0.5,0.55,0.64,0.6,0.55,0.52,0.5,0.5,0.5,0.52,0.49,0.53
GWETTOP,2005,-4.0,40.625,1.0,1.0,1.0,1.0,1.0,1.0,1.0,1.0,1.0,1.0,1.0,1.0,1.0
GWETTOP,2005,-4.0,41.25,1.0,1.0,1.0,1.0,1.0,1.0,1.0,1.0,1.0,1.0,1.0,1.0,1.0
GWETTOP,2005,-4.0,41.875,1.0,1.0,1.0,1.0,1.0,1.0,1.0,1.0,1.0,1.0,1.0,1.0,1.0
GWETTOP,2005,-4.5,34.375,0.57,0.48,0.49,0.5,0.42,0.37,0.33,0.28,0.25,0.25,0.3,0.31,0.38
GWETTOP,2005,-4.5,35.0,0.59,0.55,0.58,0.64,0.52,0.46,0.42,0.37,0.34,0.32,0.34,0.33,0.45
GWETTOP,2005,-4.5,35.625,0.51,0.53,0.55,0.66,0.56,0.5,0.45,0.42,0.41,0.37,0.34,0.33,0.47
GWETTOP,2005,-4.5,36.25,0.49,0.5,0.54,0.65,0.53,0.48,0.46,0.38,0.35,0.33,0.31,0.31,0.44
GWETTOP,2005,-4.5,36.875,0.48,0.48,0.53,0.65,0.54,0.5,0.46,0.41,0.4,0.36,0.36,0.34,0.46
GWETTOP,2005,-4.5,37.5,0.45,0.46,0.51,0.63,0.55,0.51,0.46,0.4,0.4,0.36,0.38,0.34,0.45
GWETTOP,2005,-4.5,38.125,0.54,0.51,0.54,0.69,0.64,0.61,0.51,0.45,0.43,0.41,0.52,0.41,0.52
GWETTOP,2005,-4.5,38.75,0.51,0.48,0.51,0.68,0.63,0.59,0.5,0.44,0.44,0.42,0.51,0.4,0.51
GWETTOP,2005,-4.5,39.375,0.38,0.36,0.41,0.53,0.5,0.43,0.41,0.38,0.37,0.36,0.38,0.33,0.4
GWETTOP,2005,-4.5,40.0,0.95,0.95,0.95,0.95,0.96,0.95,0.95,0.95,0.94,0.94,0.95,0.94,0.95
GWETTOP,2005,-4.5,40.625,1.0,1.0,1.0,1.0,1.0,1.0,1.0,1.0,1.0,1.0,1.0,1.0,1.0
GWETTOP,2005,-4.5,41.25,1.0,1.0,1.0,1.0,1.0,1.0,1.0,1.0,1.0,1.0,1.0,1.0,1.0
GWETTOP,2005,-4.5,41.875,1.0,1.0,1.0,1.0,1.0,1.0,1.0,1.0,1.0,1.0,1.0,1.0,1.0
GWETTOP,2005,0.5,34.375,0.46,0.42,0.47,0.49,0.57,0.51,0.55,0.53,0.52,0.49,0.47,0.35,0.49
GWETTOP,2005,0.5,35.0,0.5,0.46,0.48,0.51,0.63,0.6,0.61,0.63,0.62,0.59,0.57,0.45,0.55
GWETTOP,2005,0.5,35.625,0.39,0.36,0.38,0.42,0.56,0.54,0.49,0.54,0.51,0.47,0.45,0.38,0.46
GWETTOP,2005,0.5,36.25,0.33,0.25,0.26,0.39,0.51,0.49,0.47,0.51,0.51,0.44,0.41,0.3,0.41
GWETTOP,2005,0.5,36.875,0.45,0.37,0.34,0.48,0.57,0.54,0.52,0.56,0.57,0.49,0.46,0.35,0.48
GWETTOP,2005,0.5,37.5,0.35,0.3,0.25,0.35,0.4,0.37,0.34,0.36,0.34,0.31,0.35,0.28,0.33
GWETTOP,2005,0.5,38.125,0.34,0.3,0.22,0.33,0.37,0.34,0.31,0.25,0.2,0.24,0.37,0.33,0.3
GWETTOP,2005,0.5,38.75,0.34,0.28,0.2,0.32,0.36,0.34,0.29,0.21,0.16,0.22,0.36,0.29,0.28
GWETTOP,2005,0.5,39.375,0.33,0.23,0.18,0.32,0.4,0.37,0.31,0.23,0.15,0.22,0.36,0.25,0.28
GWETTOP,2005,0.5,40.0,0.33,0.22,0.17,0.31,0.39,0.37,0.33,0.25,0.16,0.21,0.34,0.24,0.28
GWETTOP,2005,0.5,40.625,0.32,0.23,0.18,0.3,0.37,0.35,0.31,0.24,0.16,0.18,0.31,0.27,0.27
GWETTOP,2005,0.5,41.25,0.33,0.3,0.26,0.33,0.4,0.35,0.34,0.27,0.21,0.21,0.32,0.26,0.3
GWETTOP,2005,0.5,41.875,0.33,0.29,0.26,0.35,0.43,0.39,0.37,0.28,0.21,0.22,0.35,0.28,0.31
GWETTOP,2005,1.0,34.375,0.63,0.57,0.57,0.58,0.65,0.63,0.68,0.69,0.7,0.67,0.65,0.53,0.63
GWETTOP,2005,1.0,35.0,0.51,0.46,0.46,0.51,0.66,0.66,0.67,0.72,0.71,0.67,0.64,0.49,0.6
GWETTOP,2005,1.0,35.625,0.36,0.28,0.31,0.38,0.57,0.58,0.49,0.54,0.5,0.44,0.42,0.34,0.44
GWETTOP,2005,1.0,36.25,0.29,0.23,0.22,0.33,0.44,0.44,0.43,0.46,0.45,0.37,0.31,0.21,0.35
GWETTOP,2005,1.0,36.875,0.37,0.34,0.31,0.35,0.42,0.41,0.41,0.43,0.43,0.37,0.36,0.32,0.38
GWETTOP,2005,1.0,37.5,0.36,0.32,0.27,0.34,0.37,0.35,0.32,0.32,0.3,0.27,0.35,0.29,0.32
GWETTOP,2005,1.0,38.125,0.32,0.28,0.21,0.3,0.34,0.31,0.25,0.21,0.18,0.21,0.35,0.27,0.27
GWETTOP,2005,1.0,38.75,0.33,0.27,0.2,0.32,0.35,0.31,0.25,0.19,0.15,0.21,0.36,0.25,0.27
GWETTOP,2005,1.0,39.375,0.33,0.23,0.17,0.33,0.41,0.38,0.28,0.2,0.14,0.22,0.37,0.24,0.28
GWETTOP,2005,1.0,40.0,0.33,0.21,0.16,0.3,0.38,0.37,0.32,0.22,0.14,0.2,0.33,0.24,0.27
GWETTOP,2005,1.0,40.625,0.34,0.23,0.17,0.29,0.36,0.34,0.28,0.21,0.14,0.17,0.3,0.27,0.26
GWETTOP,2005,1.0,41.25,0.4,0.3,0.22,0.32,0.39,0.37,0.31,0.24,0.16,0.18,0.32,0.3,0.29
GWETTOP,2005,1.0,41.875,0.32,0.26,0.21,0.3,0.38,0.37,0.32,0.25,0.16,0.18,0.3,0.28,0.28
GWETTOP,2005,1.5,34.375,0.41,0.35,0.4,0.44,0.56,0.52,0.58,0.59,0.59,0.53,0.5,0.35,0.49
GWETTOP,2005,1.5,35.0,0.39,0.31,0.35,0.41,0.54,0.53,0.54,0.6,0.59,0.5,0.47,0.36,0.47
GWETTOP,2005,1.5,35.625,0.25,0.2,0.23,0.3,0.47,0.45,0.41,0.45,0.42,0.36,0.33,0.21,0.34
GWETTOP,2005,1.5,36.25,0.2,0.19,0.19,0.29,0.43,0.41,0.41,0.42,0.4,0.32,0.25,0.17,0.31
GWETTOP,2005,1.5,36.875,0.36,0.33,0.31,0.36,0.4,0.38,0.37,0.38,0.36,0.33,0.34,0.27,0.35
GWETTOP,2005,1.5,37.5,0.33,0.29,0.26,0.33,0.38,0.35,0.34,0.33,0.31,0.28,0.32,0.24,0.31
GWETTOP,2005,1.5,38.125,0.33,0.29,0.24,0.34,0.36,0.3,0.25,0.22,0.18,0.22,0.36,0.26,0.28
GWETTOP,2005,1.5,38.75,0.35,0.3,0.23,0.39,0.43,0.35,0.28,0.24,0.21,0.27,0.44,0.27,0.31
GWETTOP,2005,1.5,39.375,0.36,0.27,0.18,0.32,0.4,0.38,0.32,0.23,0.15,0.22,0.37,0.26,0.29
GWETTOP,2005,1.5,40.0,0.37,0.24,0.17,0.33,0.42,0.41,0.31,0.22,0.15,0.22,0.37,0.25,0.29
GWETTOP,2005,1.5,40.625,0.39,0.26,0.19,0.31,0.39,0.37,0.29,0.22,0.15,0.18,0.33,0.29,0.28
GWETTOP,2005,1.5,41.25,0.34,0.26,0.17,0.25,0.33,0.33,0.29,0.21,0.13,0.15,0.27,0.26,0.25
GWETTOP,2005,1.5,41.875,0.3,0.22,0.19,0.28,0.37,0.38,0.31,0.24,0.15,0.17,0.3,0.28,0.27
GWETTOP,2005,2.0,34.375,0.32,0.28,0.31,0.37,0.51,0.48,0.53,0.53,0.53,0.47,0.43,0.28,0.42
GWETTOP,2005,2.0,35.0,0.3,0.24,0.28,0.36,0.48,0.47,0.48,0.5,0.5,0.43,0.4,0.26,0.39
GWETTOP,2005,2.0,35.625,0.19,0.19,0.21,0.29,0.43,0.43,0.4,0.4,0.38,0.32,0.26,0.16,0.31
GWETTOP,2005,2.0,36.25,0.2,0.2,0.2,0.3,0.43,0.41,0.38,0.37,0.33,0.24,0.24,0.17,0.29
GWETTOP,2005,2.0,36.875,0.33,0.32,0.3,0.38,0.41,0.38,0.36,0.35,0.32,0.28,0.33,0.25,0.33
GWETTOP,2005,2.0,37.5,0.33,0.3,0.26,0.36,0.39,0.36,0.33,0.28,0.26,0.24,0.33,0.25,0.31
GWETTOP,2005,2.0,38.125,0.36,0.31,0.24,0.37,0.42,0.36,0.29,0.23,0.19,0.24,0.41,0.29,0.31
GWETTOP,2005,2.0,38.75,0.36,0.31,0.24,0.37,0.42,0.36,0.31,0.25,0.19,0.25,0.41,0.29,0.31
GWETTOP,2005,2.0,39.375,0.35,0.26,0.2,0.32,0.41,0.39,0.33,0.24,0.15,0.21,0.36,0.28,0.29
GWETTOP,2005,2.0,40.0,0.36,0.27,0.2,0.34,0.44,0.43,0.34,0.26,0.16,0.22,0.38,0.3,0.31
GWETTOP,2005,2.0,40.625,0.38,0.27,0.3,0.38,0.5,0.46,0.33,0.29,0.19,0.21,0.43,0.35,0.34
GWETTOP,2005,2.0,41.25,0.35,0.25,0.24,0.3,0.37,0.35,0.28,0.23,0.15,0.16,0.33,0.3,0.28
GWETTOP,2005,2.0,41.875,0.29,0.26,0.28,0.33,0.47,0.46,0.37,0.29,0.18,0.19,0.38,0.33,0.32
GWETTOP,2005,2.5,34.375,0.3,0.27,0.27,0.35,0.52,0.44,0.48,0.46,0.47,0.39,0.37,0.26,0.38
GWETTOP,2005,2.5,35.0,0.28,0.26,0.25,0.34,0.47,0.46,0.44,0.42,0.42,0.37,0.33,0.22,0.36
GWETTOP,2005,2.5,35.625,0.2,0.21,0.21,0.32,0.44,0.47,0.39,0.36,0.34,0.25,0.24,0.16,0.3
GWETTOP,2005,2.5,36.25,0.21,0.22,0.21,0.33,0.43,0.41,0.33,0.27,0.26,0.19,0.23,0.16,0.27
GWETTOP,2005,2.5,36.875,0.3,0.28,0.26,0.36,0.4,0.37,0.33,0.26,0.24,0.21,0.29,0.19,0.29
GWETTOP,2005,2.5,37.5,0.29,0.27,0.25,0.39,0.42,0.35,0.27,0.21,0.21,0.21,0.33,0.21,0.28
GWETTOP,2005,2.5,38.125,0.34,0.27,0.22,0.36,0.43,0.38,0.3,0.2,0.17,0.22,0.39,0.28,0.3
GWETTOP,2005,2.5,38.75,0.32,0.25,0.21,0.35,0.43,0.38,0.3,0.21,0.15,0.21,0.38,0.27,0.29
GWETTOP,2005,2.5,39.375,0.33,0.22,0.23,0.32,0.42,0.39,0.33,0.23,0.15,0.2,0.37,0.27,0.29
GWETTOP,2005,2.5,40.0,0.33,0.23,0.25,0.34,0.46,0.42,0.34,0.27,0.16,0.21,0.39,0.28,0.31
GWETTOP,2005,2.5,40.625,0.3,0.23,0.31,0.34,0.48,0.41,0.28,0.25,0.18,0.19,0.39,0.28,0.3
GWETTOP,2005,2.5,41.25,0.19,0.17,0.2,0.23,0.3,0.22,0.21,0.18,0.15,0.15,0.25,0.17,0.2
GWETTOP,2005,2.5,41.875,0.23,0.19,0.22,0.24,0.36,0.3,0.27,0.22,0.17,0.18,0.27,0.21,0.24
GWETTOP,2005,3.0,34.375,0.33,0.27,0.22,0.35,0.57,0.51,0.5,0.46,0.46,0.38,0.38,0.21,0.39
GWETTOP,2005,3.0,35.0,0.3,0.24,0.21,0.32,0.48,0.48,0.4,0.35,0.35,0.3,0.28,0.14,0.32
GWETTOP,2005,3.0,35.625,0.23,0.22,0.21,0.33,0.46,0.47,0.36,0.27,0.26,0.19,0.22,0.14,0.28
GWETTOP,2005,3.0,36.25,0.25,0.26,0.22,0.35,0.41,0.37,0.28,0.15,0.2,0.17,0.22,0.14,0.25
GWETTOP,2005,3.0,36.875,0.29,0.26,0.22,0.35,0.39,0.35,0.27,0.15,0.19,0.17,0.24,0.15,0.25
GWETTOP,2005,3.0,37.5,0.23,0.19,0.19,0.35,0.39,0.29,0.18,0.11,0.15,0.16,0.27,0.14,0.22
GWETTOP,2005,3.0,38.125,0.31,0.22,0.22,0.35,0.46,0.4,0.32,0.2,0.14,0.18,0.36,0.22,0.28
GWETTOP,2005,3.0,38.75,0.29,0.22,0.24,0.38,0.5,0.43,0.33,0.19,0.14,0.2,0.4,0.23,0.3
GWETTOP,2005,3.0,39.375,0.3,0.19,0.25,0.33,0.44,0.39,0.33,0.22,0.14,0.18,0.36,0.24,0.28
GWETTOP,2005,3.0,40.0,0.3,0.19,0.28,0.34,0.47,0.41,0.33,0.24,0.15,0.18,0.37,0.25,0.29
GWETTOP,2005,3.0,40.625,0.24,0.2,0.26,0.3,0.42,0.34,0.25,0.21,0.17,0.17,0.33,0.21,0.26
GWETTOP,2005,3.0,41.25,0.2,0.17,0.22,0.24,0.34,0.25,0.22,0.19,0.16,0.15,0.26,0.18,0.22
GWETTOP,2005,3.0,41.875,0.25,0.16,0.2,0.22,0.35,0.28,0.26,0.18,0.13,0.15,0.26,0.19,0.22
GWETTOP,2005,3.5,34.375,0.36,0.3,0.21,0.3,0.49,0.45,0.42,0.39,0.39,0.35,0.36,0.22,0.35
GWETTOP,2005,3.5,35.0,0.34,0.25,0.21,0.32,0.47,0.46,0.39,0.34,0.33,0.27,0.29,0.14,0.32
GWETTOP,2005,3.5,35.625,0.27,0.22,0.21,0.33,0.45,0.44,0.35,0.21,0.26,0.2,0.23,0.14,0.28
GWETTOP,2005,3.5,36.25,0.27,0.26,0.21,0.35,0.42,0.38,0.3,0.15,0.22,0.18,0.23,0.14,0.26
GWETTOP,2005,3.5,36.875,0.32,0.28,0.23,0.36,0.42,0.37,0.31,0.17,0.19,0.18,0.25,0.14,0.27
GWETTOP,2005,3.5,37.5,0.29,0.28,0.26,0.4,0.48,0.41,0.29,0.19,0.21,0.2,0.3,0.16,0.29
GWETTOP,2005,3.5,38.125,0.32,0.25,0.27,0.37,0.51,0.44,0.36,0.29,0.18,0.19,0.35,0.22,0.31
GWETTOP,2005,3.5,38.75,0.3,0.22,0.28,0.39,0.54,0.44,0.36,0.29,0.19,0.2,0.37,0.22,0.32
GWETTOP,2005,3.5,39.375,0.32,0.23,0.31,0.4,0.57,0.48,0.39,0.3,0.2,0.21,0.4,0.26,0.34
GWETTOP,2005,3.5,40.0,0.3,0.19,0.3,0.36,0.5,0.41,0.33,0.24,0.15,0.18,0.37,0.24,0.3
GWETTOP,2005,3.5,40.625,0.26,0.21,0.34,0.37,0.55,0.4,0.28,0.23,0.19,0.19,0.41,0.24,0.31
GWETTOP,2005,3.5,41.25,0.22,0.18,0.24,0.28,0.38,0.27,0.23,0.2,0.17,0.16,0.29,0.19,0.23
GWETTOP,2005,3.5,41.875,0.2,0.14,0.18,0.21,0.31,0.22,0.19,0.15,0.12,0.14,0.24,0.15,0.19
GWETTOP,2005,4.0,34.375,0.43,0.31,0.24,0.34,0.56,0.51,0.49,0.41,0.43,0.35,0.43,0.22,0.39
GWETTOP,2005,4.0,35.0,0.4,0.28,0.26,0.37,0.54,0.52,0.43,0.33,0.36,0.28,0.34,0.15,0.36
GWETTOP,2005,4.0,35.625,0.34,0.27,0.24,0.35,0.45,0.44,0.35,0.24,0.27,0.22,0.25,0.14,0.3
GWETTOP,2005,4.0,36.25,0.31,0.25,0.23,0.35,0.43,0.39,0.3,0.16,0.23,0.19,0.23,0.13,0.27
GWETTOP,2005,4.0,36.875,0.33,0.29,0.26,0.37,0.44,0.39,0.33,0.21,0.22,0.2,0.25,0.13,0.28
GWETTOP,2005,4.0,37.5,0.31,0.28,0.28,0.4,0.48,0.42,0.34,0.22,0.22,0.21,0.28,0.14,0.3
GWETTOP,2005,4.0,38.125,0.32,0.27,0.35,0.43,0.6,0.52,0.43,0.33,0.26,0.25,0.39,0.21,0.36
GWETTOP,2005,4.0,38.75,0.36,0.33,0.44,0.51,0.73,0.68,0.6,0.37,0.24,0.29,0.51,0.26,0.44
GWETTOP,2005,4.0,39.375,0.39,0.3,0.43,0.51,0.74,0.66,0.54,0.31,0.21,0.28,0.56,0.28,0.43
GWETTOP,2005,4.0,40.0,0.32,0.22,0.36,0.41,0.57,0.48,0.38,0.23,0.17,0.21,0.43,0.23,0.33
GWETTOP,2005,4.0,40.625,0.3,0.22,0.37,0.39,0.57,0.43,0.31,0.23,0.18,0.19,0.41,0.25,0.32
GWETTOP,2005,4.0,41.25,0.28,0.17,0.27,0.29,0.39,0.32,0.25,0.17,0.14,0.14,0.3,0.19,0.24
GWETTOP,2005,4.0,41.875,0.27,0.16,0.2,0.24,0.35,0.3,0.23,0.15,0.12,0.16,0.26,0.16,0.22
GWETTOP,2005,4.5,34.375,0.45,0.32,0.29,0.4,0.67,0.52,0.52,0.42,0.45,0.36,0.47,0.23,0.43
GWETTOP,2005,4.5,35.0,0.46,0.31,0.3,0.42,0.58,0.54,0.43,0.33,0.35,0.29,0.38,0.17,0.38
GWETTOP,2005,4.5,35.625,0.36,0.3,0.27,0.36,0.46,0.43,0.35,0.24,0.26,0.22,0.26,0.13,0.3
GWETTOP,2005,4.5,36.25,0.33,0.26,0.27,0.37,0.44,0.39,0.31,0.18,0.24,0.22,0.23,0.11,0.28
GWETTOP,2005,4.5,36.875,0.34,0.28,0.3,0.38,0.45,0.41,0.34,0.24,0.24,0.22,0.23,0.11,0.29
GWETTOP,2005,4.5,37.5,0.33,0.34,0.4,0.48,0.61,0.55,0.41,0.27,0.3,0.29,0.32,0.17,0.37
GWETTOP,2005,4.5,38.125,0.38,0.34,0.45,0.48,0.71,0.66,0.57,0.38,0.27,0.31,0.47,0.24,0.44
GWETTOP,2005,4.5,38.75,0.36,0.31,0.42,0.45,0.68,0.63,0.54,0.34,0.24,0.28,0.45,0.24,0.41
GWETTOP,2005,4.5,39.375,0.34,0.24,0.38,0.42,0.59,0.52,0.44,0.28,0.19,0.24,0.41,0.22,0.36
GWETTOP,2005,4.5,40.0,0.31,0.23,0.34,0.38,0.53,0.46,0.38,0.27,0.18,0.22,0.37,0.21,0.32
GWETTOP,2005,4.5,40.625,0.3,0.18,0.33,0.35,0.45,0.39,0.32,0.2,0.15,0.17,0.33,0.19,0.28
GWETTOP,2005,4.5,41.25,0.32,0.19,0.28,0.31,0.41,0.35,0.31,0.19,0.14,0.16,0.3,0.19,0.26
GWETTOP,2005,4.5,41.875,0.28,0.14,0.21,0.27,0.4,0.34,0.24,0.15,0.12,0.17,0.27,0.15,0.23
GWETTOP,2006,-0.5,34.375,0.38,0.5,0.6,0.78,0.83,0.75,0.59,0.5,0.46,0.53,0.8,0.93,0.64
GWETTOP,2006,-0.5,35.0,0.39,0.41,0.57,0.68,0.74,0.67,0.58,0.53,0.53,0.54,0.76,0.84,0.6
GWETTOP,2006,-0.5,35.625,0.39,0.35,0.47,0.55,0.58,0.51,0.49,0.5,0.49,0.48,0.64,0.65,0.51
GWETTOP,2006,-0.5,36.25,0.35,0.32,0.42,0.51,0.5,0.44,0.43,0.45,0.43,0.42,0.55,0.53,0.45
GWETTOP,2006,-0.5,36.875,0.36,0.33,0.41,0.53,0.54,0.44,0.42,0.43,0.41,0.43,0.58,0.54,0.45
GWETTOP,2006,-0.5,37.5,0.38,0.3,0.47,0.54,0.57,0.49,0.47,0.48,0.45,0.47,0.61,0.6,0.49
GWETTOP,2006,-0.5,38.125,0.32,0.25,0.44,0.52,0.5,0.34,0.32,0.36,0.32,0.45,0.66,0.65,0.43
GWETTOP,2006,-0.5,38.75,0.27,0.22,0.38,0.48,0.44,0.29,0.28,0.32,0.29,0.42,0.63,0.59,0.39
GWETTOP,2006,-0.5,39.375,0.24,0.2,0.32,0.49,0.45,0.37,0.32,0.32,0.31,0.42,0.58,0.55,0.38
GWETTOP,2006,-0.5,40.0,0.26,0.21,0.33,0.53,0.51,0.44,0.37,0.36,0.35,0.46,0.62,0.61,0.42
GWETTOP,2006,-0.5,40.625,0.32,0.24,0.28,0.55,0.53,0.55,0.49,0.46,0.42,0.5,0.64,0.61,0.47
GWETTOP,2006,-0.5,41.25,0.33,0.25,0.28,0.55,0.54,0.56,0.49,0.46,0.43,0.51,0.65,0.6,0.47
GWETTOP,2006,-0.5,41.875,0.31,0.22,0.26,0.53,0.52,0.57,0.51,0.48,0.44,0.48,0.59,0.56,0.46
GWETTOP,2006,-1.0,34.375,0.42,0.51,0.56,0.64,0.65,0.55,0.49,0.45,0.45,0.46,0.69,0.88,0.56
GWETTOP,2006,-1.0,35.0,0.47,0.51,0.61,0.69,0.73,0.65,0.57,0.54,0.53,0.53,0.72,0.87,0.62
GWETTOP,2006,-1.0,35.625,0.41,0.37,0.54,0.65,0.7,0.63,0.56,0.52,0.51,0.49,0.65,0.74,0.57
GWETTOP,2006,-1.0,36.25,0.35,0.33,0.42,0.58,0.63,0.54,0.47,0.44,0.42,0.4,0.56,0.62,0.48
GWETTOP,2006,-1.0,36.875,0.39,0.31,0.5,0.58,0.63,0.51,0.47,0.41,0.36,0.42,0.63,0.66,0.49
GWETTOP,2006,-1.0,37.5,0.38,0.3,0.5,0.59,0.63,0.51,0.47,0.45,0.4,0.45,0.62,0.65,0.5
GWETTOP,2006,-1.0,38.125,0.33,0.26,0.47,0.55,0.52,0.36,0.34,0.34,0.34,0.48,0.71,0.68,0.45
GWETTOP,2006,-1.0,38.75,0.27,0.22,0.42,0.54,0.49,0.29,0.29,0.31,0.31,0.46,0.69,0.65,0.41
GWETTOP,2006,-1.0,39.375,0.26,0.2,0.36,0.6,0.52,0.41,0.33,0.33,0.34,0.5,0.7,0.64,0.43
GWETTOP,2006,-1.0,40.0,0.28,0.23,0.41,0.63,0.6,0.48,0.4,0.38,0.4,0.56,0.73,0.7,0.48
GWETTOP,2006,-1.0,40.625,0.33,0.25,0.3,0.56,0.56,0.59,0.51,0.48,0.45,0.52,0.66,0.62,0.49
GWETTOP,2006,-1.0,41.25,0.33,0.25,0.29,0.55,0.56,0.59,0.51,0.49,0.47,0.51,0.65,0.62,0.49
GWETTOP,2006,-1.0,41.875,0.27,0.21,0.24,0.45,0.47,0.52,0.45,0.41,0.39,0.41,0.51,0.48,0.4
GWETTOP,2006,-1.5,34.375,0.44,0.62,0.65,0.7,0.67,0.59,0.41,0.42,0.44,0.44,0.72,0.94,0.59
GWETTOP,2006,-1.5,35.0,0.45,0.56,0.63,0.74,0.74,0.61,0.49,0.43,0.42,0.42,0.71,0.91,0.59
GWETTOP,2006,-1.5,35.625,0.39,0.39,0.54,0.7,0.77,0.64,0.52,0.49,0.46,0.41,0.64,0.81,0.56
GWETTOP,2006,-1.5,36.25,0.28,0.24,0.44,0.54,0.58,0.44,0.38,0.35,0.31,0.32,0.5,0.6,0.42
GWETTOP,2006,-1.5,36.875,0.41,0.33,0.63,0.69,0.73,0.58,0.35,0.39,0.36,0.47,0.71,0.76,0.54
GWETTOP,2006,-1.5,37.5,0.37,0.29,0.48,0.55,0.62,0.48,0.39,0.35,0.33,0.42,0.62,0.67,0.47
GWETTOP,2006,-1.5,38.125,0.35,0.3,0.43,0.49,0.52,0.43,0.41,0.39,0.37,0.44,0.61,0.63,0.45
GWETTOP,2006,-1.5,38.75,0.28,0.23,0.46,0.56,0.54,0.36,0.33,0.33,0.35,0.49,0.66,0.66,0.44
GWETTOP,2006,-1.5,39.375,0.26,0.21,0.41,0.58,0.55,0.42,0.36,0.34,0.36,0.51,0.67,0.66,0.45
GWETTOP,2006,-1.5,40.0,0.31,0.25,0.4,0.65,0.63,0.58,0.49,0.44,0.44,0.58,0.72,0.7,0.52
GWETTOP,2006,-1.5,40.625,0.33,0.24,0.32,0.57,0.59,0.61,0.53,0.5,0.48,0.53,0.66,0.63,0.5
GWETTOP,2006,-1.5,41.25,0.33,0.23,0.28,0.55,0.6,0.63,0.53,0.49,0.47,0.51,0.65,0.65,0.49
GWETTOP,2006,-1.5,41.875,0.56,0.52,0.55,0.68,0.72,0.73,0.67,0.65,0.64,0.65,0.73,0.72,0.65
GWETTOP,2006,-1.7975103014118005e-13,34.375,0.33,0.38,0.52,0.71,0.7,0.63,0.52,0.47,0.47,0.5,0.71,0.78,0.56
GWETTOP,2006,-1.7975103014118005e-13,35.0,0.4,0.4,0.56,0.69,0.71,0.67,0.61,0.6,0.6,0.62,0.77,0.8,0.62
GWETTOP,2006,-1.7975103014118005e-13,35.625,0.41,0.37,0.46,0.58,0.6,0.54,0.52,0.55,0.54,0.54,0.68,0.7,0.54
GWETTOP,2006,-1.7975103014118005e-13,36.25,0.34,0.28,0.42,0.51,0.49,0.45,0.46,0.5,0.49,0.47,0.59,0.58,0.47
GWETTOP,2006,-1.7975103014118005e-13,36.875,0.34,0.3,0.37,0.48,0.48,0.4,0.4,0.43,0.4,0.4,0.52,0.51,0.42
GWETTOP,2006,-1.7975103014118005e-13,37.5,0.37,0.33,0.41,0.52,0.53,0.44,0.43,0.46,0.43,0.44,0.59,0.59,0.46
GWETTOP,2006,-1.7975103014118005e-13,38.125,0.32,0.28,0.38,0.47,0.45,0.35,0.31,0.35,0.3,0.4,0.59,0.59,0.4
GWETTOP,2006,-1.7975103014118005e-13,38.75,0.26,0.22,0.32,0.42,0.4,0.31,0.28,0.3,0.26,0.37,0.53,0.52,0.35
GWETTOP,2006,-1.7975103014118005e-13,39.375,0.22,0.18,0.27,0.45,0.41,0.34,0.31,0.28,0.25,0.37,0.51,0.5,0.34
GWETTOP,2006,-1.7975103014118005e-13,40.0,0.23,0.18,0.26,0.47,0.45,0.38,0.35,0.32,0.29,0.38,0.53,0.54,0.37
GWETTOP,2006,-1.7975103014118005e-13,40.625,0.26,0.21,0.23,0.51,0.46,0.45,0.4,0.36,0.33,0.44,0.59,0.55,0.4
GWETTOP,2006,-1.7975103014118005e-13,41.25,0.29,0.23,0.25,0.52,0.47,0.47,0.41,0.38,0.35,0.47,0.6,0.53,0.41
GWETTOP,2006,-1.7975103014118005e-13,41.875,0.31,0.24,0.27,0.57,0.53,0.52,0.47,0.42,0.39,0.49,0.65,0.59,0.46
GWETTOP,2006,-2.0,34.375,0.43,0.64,0.68,0.72,0.67,0.52,0.34,0.41,0.4,0.4,0.71,0.93,0.57
GWETTOP,2006,-2.0,35.0,0.46,0.58,0.64,0.76,0.74,0.59,0.43,0.39,0.38,0.4,0.7,0.9,0.58
GWETTOP,2006,-2.0,35.625,0.42,0.4,0.56,0.72,0.76,0.6,0.51,0.44,0.38,0.4,0.65,0.8,0.55
GWETTOP,2006,-2.0,36.25,0.25,0.22,0.39,0.44,0.45,0.36,0.27,0.24,0.2,0.25,0.43,0.53,0.34
GWETTOP,2006,-2.0,36.875,0.41,0.33,0.62,0.67,0.69,0.53,0.3,0.32,0.3,0.44,0.67,0.75,0.5
GWETTOP,2006,-2.0,37.5,0.36,0.28,0.53,0.58,0.63,0.47,0.32,0.31,0.29,0.42,0.62,0.69,0.46
GWETTOP,2006,-2.0,38.125,0.33,0.28,0.43,0.49,0.51,0.42,0.37,0.34,0.34,0.42,0.58,0.64,0.43
GWETTOP,2006,-2.0,38.75,0.29,0.24,0.5,0.58,0.57,0.39,0.35,0.35,0.37,0.52,0.67,0.67,0.46
GWETTOP,2006,-2.0,39.375,0.29,0.23,0.48,0.62,0.6,0.5,0.43,0.4,0.4,0.55,0.69,0.69,0.49
GWETTOP,2006,-2.0,40.0,0.3,0.23,0.4,0.6,0.6,0.53,0.47,0.44,0.42,0.53,0.67,0.66,0.49
GWETTOP,2006,-2.0,40.625,0.32,0.23,0.32,0.55,0.6,0.61,0.53,0.49,0.46,0.51,0.65,0.64,0.49
GWETTOP,2006,-2.0,41.25,0.36,0.29,0.34,0.51,0.56,0.58,0.5,0.47,0.46,0.48,0.57,0.54,0.47
GWETTOP,2006,-2.0,41.875,0.61,0.59,0.61,0.71,0.75,0.74,0.69,0.68,0.67,0.68,0.74,0.73,0.68
GWETTOP,2006,-2.5,34.375,0.38,0.54,0.62,0.66,0.58,0.46,0.28,0.32,0.28,0.31,0.61,0.86,0.49
GWETTOP,2006,-2.5,35.0,0.41,0.51,0.61,0.71,0.64,0.51,0.37,0.31,0.29,0.33,0.6,0.84,0.51
GWETTOP,2006,-2.5,35.625,0.4,0.36,0.55,0.64,0.6,0.5,0.33,0.29,0.27,0.33,0.57,0.73,0.46
GWETTOP,2006,-2.5,36.25,0.31,0.28,0.47,0.5,0.48,0.37,0.28,0.23,0.2,0.28,0.49,0.6,0.37
GWETTOP,2006,-2.5,36.875,0.41,0.34,0.62,0.64,0.64,0.46,0.25,0.25,0.25,0.41,0.63,0.74,0.47
GWETTOP,2006,-2.5,37.5,0.38,0.31,0.59,0.62,0.62,0.46,0.26,0.28,0.29,0.46,0.64,0.76,0.47
GWETTOP,2006,-2.5,38.125,0.35,0.27,0.51,0.56,0.57,0.48,0.39,0.35,0.35,0.5,0.64,0.72,0.48
GWETTOP,2006,-2.5,38.75,0.32,0.26,0.53,0.59,0.59,0.41,0.36,0.37,0.38,0.55,0.67,0.71,0.48
GWETTOP,2006,-2.5,39.375,0.35,0.28,0.58,0.69,0.7,0.62,0.56,0.51,0.49,0.67,0.75,0.78,0.58
GWETTOP,2006,-2.5,40.0,0.28,0.22,0.39,0.52,0.55,0.48,0.41,0.4,0.4,0.5,0.59,0.61,0.45
GWETTOP,2006,-2.5,40.625,0.43,0.37,0.44,0.59,0.65,0.64,0.56,0.54,0.54,0.59,0.66,0.66,0.56
GWETTOP,2006,-2.5,41.25,1.0,1.0,1.0,1.0,1.0,1.0,1.0,1.0,1.0,1.0,1.0,1.0,1.0
GWETTOP,2006,-2.5,41.875,1.0,1.0,1.0,1.0,1.0,1.0,1.0,1.0,1.0,1.0,1.0,1.0,1.0
GWETTOP,2006,-3.0,34.375,0.39,0.53,0.67,0.69,0.57,0.46,0.25,0.26,0.19,0.28,0.56,0.85,0.47
GWETTOP,2006,-3.0,35.0,0.42,0.5,0.65,0.73,0.62,0.49,0.34,0.26,0.24,0.32,0.56,0.83,0.5
GWETTOP,2006,-3.0,35.625,0.45,0.46,0.62,0.73,0.66,0.53,0.47,0.39,0.31,0.37,0.58,0.78,0.53
GWETTOP,2006,-3.0,36.25,0.41,0.39,0.64,0.66,0.62,0.53,0.31,0.25,0.25,0.39,0.61,0.76,0.49
GWETTOP,2006,-3.0,36.875,0.44,0.36,0.67,0.68,0.69,0.6,0.46,0.31,0.34,0.5,0.66,0.81,0.54
GWETTOP,2006,-3.0,37.5,0.39,0.33,0.56,0.59,0.6,0.52,0.45,0.4,0.32,0.44,0.57,0.73,0.49
GWETTOP,2006,-3.0,38.125,0.37,0.28,0.5,0.54,0.54,0.48,0.43,0.38,0.37,0.5,0.6,0.7,0.48
GWETTOP,2006,-3.0,38.75,0.33,0.26,0.52,0.58,0.57,0.44,0.36,0.37,0.38,0.56,0.65,0.72,0.48
GWETTOP,2006,-3.0,39.375,0.35,0.28,0.57,0.69,0.7,0.63,0.57,0.55,0.53,0.68,0.73,0.77,0.59
GWETTOP,2006,-3.0,40.0,0.29,0.23,0.39,0.5,0.54,0.48,0.41,0.4,0.4,0.49,0.56,0.6,0.44
GWETTOP,2006,-3.0,40.625,0.74,0.71,0.75,0.8,0.85,0.83,0.79,0.78,0.77,0.82,0.85,0.86,0.8
GWETTOP,2006,-3.0,41.25,1.0,1.0,1.0,1.0,1.0,1.0,1.0,1.0,1.0,1.0,1.0,1.0,1.0
GWETTOP,2006,-3.0,41.875,1.0,1.0,1.0,1.0,1.0,1.0,1.0,1.0,1.0,1.0,1.0,1.0,1.0
GWETTOP,2006,-3.5,34.375,0.41,0.53,0.66,0.65,0.54,0.41,0.21,0.22,0.17,0.26,0.55,0.83,0.45
GWETTOP,2006,-3.5,35.0,0.43,0.49,0.62,0.65,0.55,0.46,0.34,0.25,0.22,0.3,0.55,0.77,0.47
GWETTOP,2006,-3.5,35.625,0.44,0.43,0.59,0.62,0.56,0.5,0.46,0.36,0.29,0.35,0.55,0.69,0.49
GWETTOP,2006,-3.5,36.25,0.37,0.35,0.59,0.61,0.55,0.47,0.3,0.21,0.21,0.36,0.53,0.7,0.44
GWETTOP,2006,-3.5,36.875,0.33,0.3,0.57,0.59,0.57,0.5,0.41,0.24,0.26,0.41,0.52,0.68,0.45
GWETTOP,2006,-3.5,37.5,0.29,0.24,0.51,0.52,0.53,0.48,0.43,0.3,0.29,0.44,0.52,0.6,0.43
GWETTOP,2006,-3.5,38.125,0.32,0.24,0.52,0.55,0.55,0.47,0.41,0.38,0.38,0.53,0.62,0.69,0.47
GWETTOP,2006,-3.5,38.75,0.35,0.28,0.53,0.58,0.57,0.49,0.44,0.44,0.43,0.55,0.63,0.7,0.5
GWETTOP,2006,-3.5,39.375,0.34,0.28,0.56,0.68,0.69,0.64,0.58,0.56,0.53,0.67,0.71,0.74,0.58
GWETTOP,2006,-3.5,40.0,0.44,0.39,0.57,0.64,0.66,0.6,0.56,0.54,0.53,0.62,0.68,0.71,0.58
GWETTOP,2006,-3.5,40.625,0.91,0.9,0.92,0.94,0.95,0.95,0.93,0.93,0.92,0.94,0.95,0.96,0.93
GWETTOP,2006,-3.5,41.25,1.0,1.0,1.0,1.0,1.0,1.0,1.0,1.0,1.0,1.0,1.0,1.0,1.0
GWETTOP,2006,-3.5,41.875,1.0,1.0,1.0,1.0,1.0,1.0,1.0,1.0,1.0,1.0,1.0,1.0,1.0
GWETTOP,2006,-4.0,34.375,0.41,0.52,0.62,0.58,0.5,0.38,0.25,0.22,0.17,0.24,0.53,0.74,0.43
GWETTOP,2006,-4.0,35.0,0.47,0.54,0.65,0.64,0.56,0.49,0.37,0.31,0.27,0.34,0.59,0.74,0.5
GWETTOP,2006,-4.0,35.625,0.47,0.45,0.58,0.6,0.56,0.51,0.48,0.42,0.35,0.39,0.54,0.65,0.5
GWETTOP,2006,-4.0,36.25,0.38,0.35,0.58,0.58,0.52,0.47,0.38,0.26,0.25,0.36,0.51,0.65,0.44
GWETTOP,2006,-4.0,36.875,0.36,0.32,0.58,0.57,0.53,0.48,0.42,0.3,0.29,0.41,0.52,0.65,0.45
GWETTOP,2006,-4.0,37.5,0.34,0.29,0.58,0.56,0.54,0.49,0.4,0.33,0.33,0.45,0.55,0.65,0.46
GWETTOP,2006,-4.0,38.125,0.33,0.24,0.6,0.62,0.6,0.52,0.42,0.4,0.4,0.58,0.67,0.76,0.51
GWETTOP,2006,-4.0,38.75,0.33,0.24,0.58,0.62,0.6,0.52,0.45,0.45,0.44,0.58,0.67,0.73,0.52
GWETTOP,2006,-4.0,39.375,0.29,0.23,0.48,0.59,0.61,0.55,0.46,0.45,0.44,0.55,0.62,0.64,0.49
GWETTOP,2006,-4.0,40.0,0.49,0.45,0.57,0.64,0.64,0.59,0.54,0.53,0.53,0.6,0.66,0.68,0.58
GWETTOP,2006,-4.0,40.625,1.0,1.0,1.0,1.0,1.0,1.0,1.0,1.0,1.0,1.0,1.0,1.0,1.0
GWETTOP,2006,-4.0,41.25,1.0,1.0,1.0,1.0,1.0,1.0,1.0,1.0,1.0,1.0,1.0,1.0,1.0
GWETTOP,2006,-4.0,41.875,1.0,1.0,1.0,1.0,1.0,1.0,1.0,1.0,1.0,1.0,1.0,1.0,1.0
GWETTOP,2006,-4.5,34.375,0.38,0.47,0.55,0.52,0.43,0.37,0.33,0.28,0.23,0.26,0.49,0.64,0.41
GWETTOP,2006,-4.5,35.0,0.43,0.48,0.63,0.6,0.5,0.42,0.39,0.34,0.3,0.34,0.53,0.68,0.47
GWETTOP,2006,-4.5,35.625,0.42,0.39,0.55,0.56,0.48,0.43,0.42,0.38,0.33,0.36,0.48,0.58,0.45
GWETTOP,2006,-4.5,36.25,0.38,0.34,0.6,0.57,0.5,0.47,0.41,0.33,0.31,0.38,0.5,0.63,0.45
GWETTOP,2006,-4.5,36.875,0.37,0.33,0.6,0.57,0.51,0.48,0.43,0.35,0.35,0.43,0.52,0.65,0.47
GWETTOP,2006,-4.5,37.5,0.36,0.31,0.59,0.57,0.53,0.49,0.45,0.39,0.38,0.46,0.55,0.66,0.48
GWETTOP,2006,-4.5,38.125,0.39,0.29,0.64,0.69,0.69,0.65,0.6,0.53,0.52,0.65,0.72,0.8,0.6
GWETTOP,2006,-4.5,38.75,0.38,0.28,0.61,0.68,0.7,0.64,0.59,0.55,0.52,0.63,0.72,0.77,0.59
GWETTOP,2006,-4.5,39.375,0.32,0.26,0.47,0.54,0.55,0.5,0.43,0.42,0.41,0.48,0.55,0.58,0.46
GWETTOP,2006,-4.5,40.0,0.94,0.94,0.95,0.96,0.96,0.95,0.95,0.95,0.95,0.95,0.96,0.96,0.95
GWETTOP,2006,-4.5,40.625,1.0,1.0,1.0,1.0,1.0,1.0,1.0,1.0,1.0,1.0,1.0,1.0,1.0
GWETTOP,2006,-4.5,41.25,1.0,1.0,1.0,1.0,1.0,1.0,1.0,1.0,1.0,1.0,1.0,1.0,1.0
GWETTOP,2006,-4.5,41.875,1.0,1.0,1.0,1.0,1.0,1.0,1.0,1.0,1.0,1.0,1.0,1.0,1.0
GWETTOP,2006,0.5,34.375,0.34,0.36,0.5,0.62,0.57,0.54,0.52,0.5,0.53,0.52,0.64,0.63,0.52
GWETTOP,2006,0.5,35.0,0.42,0.39,0.49,0.63,0.62,0.59,0.58,0.59,0.61,0.61,0.72,0.73,0.58
GWETTOP,2006,0.5,35.625,0.33,0.26,0.4,0.55,0.52,0.46,0.45,0.49,0.5,0.51,0.64,0.65,0.48
GWETTOP,2006,0.5,36.25,0.23,0.19,0.35,0.46,0.43,0.42,0.44,0.5,0.49,0.46,0.54,0.52,0.42
GWETTOP,2006,0.5,36.875,0.32,0.3,0.46,0.57,0.53,0.46,0.51,0.57,0.53,0.48,0.61,0.62,0.5
GWETTOP,2006,0.5,37.5,0.27,0.25,0.34,0.42,0.4,0.34,0.32,0.37,0.32,0.33,0.47,0.5,0.36
GWETTOP,2006,0.5,38.125,0.29,0.25,0.32,0.4,0.39,0.33,0.28,0.31,0.25,0.35,0.5,0.51,0.35
GWETTOP,2006,0.5,38.75,0.24,0.21,0.3,0.42,0.41,0.34,0.28,0.28,0.22,0.35,0.5,0.53,0.34
GWETTOP,2006,0.5,39.375,0.21,0.18,0.26,0.51,0.48,0.37,0.29,0.25,0.22,0.38,0.56,0.57,0.36
GWETTOP,2006,0.5,40.0,0.2,0.17,0.23,0.51,0.48,0.37,0.31,0.24,0.22,0.38,0.58,0.57,0.36
GWETTOP,2006,0.5,40.625,0.22,0.18,0.21,0.49,0.42,0.36,0.3,0.24,0.23,0.4,0.6,0.53,0.35
GWETTOP,2006,0.5,41.25,0.25,0.21,0.22,0.5,0.42,0.38,0.34,0.31,0.29,0.43,0.57,0.51,0.37
GWETTOP,2006,0.5,41.875,0.27,0.22,0.24,0.56,0.48,0.42,0.36,0.31,0.3,0.47,0.65,0.59,0.41
GWETTOP,2006,1.0,34.375,0.48,0.45,0.53,0.62,0.61,0.61,0.6,0.62,0.63,0.62,0.68,0.69,0.6
GWETTOP,2006,1.0,35.0,0.42,0.37,0.46,0.61,0.6,0.58,0.57,0.61,0.61,0.61,0.72,0.75,0.58
GWETTOP,2006,1.0,35.625,0.23,0.2,0.38,0.49,0.47,0.42,0.41,0.46,0.47,0.47,0.6,0.58,0.43
GWETTOP,2006,1.0,36.25,0.2,0.2,0.31,0.39,0.37,0.36,0.39,0.45,0.42,0.38,0.43,0.43,0.36
GWETTOP,2006,1.0,36.875,0.28,0.24,0.35,0.41,0.4,0.36,0.38,0.43,0.4,0.39,0.47,0.48,0.38
GWETTOP,2006,1.0,37.5,0.26,0.24,0.34,0.41,0.38,0.33,0.3,0.33,0.28,0.31,0.47,0.51,0.35
GWETTOP,2006,1.0,38.125,0.25,0.22,0.29,0.38,0.36,0.3,0.24,0.28,0.21,0.32,0.45,0.45,0.31
GWETTOP,2006,1.0,38.75,0.23,0.2,0.28,0.43,0.4,0.33,0.27,0.27,0.21,0.35,0.49,0.5,0.33
GWETTOP,2006,1.0,39.375,0.21,0.18,0.25,0.53,0.5,0.36,0.26,0.24,0.21,0.4,0.6,0.6,0.36
GWETTOP,2006,1.0,40.0,0.2,0.18,0.22,0.51,0.46,0.35,0.27,0.21,0.21,0.4,0.63,0.58,0.35
GWETTOP,2006,1.0,40.625,0.21,0.18,0.21,0.53,0.44,0.35,0.27,0.21,0.21,0.42,0.69,0.63,0.36
GWETTOP,2006,1.0,41.25,0.24,0.19,0.22,0.58,0.49,0.42,0.33,0.26,0.24,0.46,0.7,0.66,0.4
GWETTOP,2006,1.0,41.875,0.23,0.18,0.21,0.55,0.45,0.37,0.3,0.25,0.25,0.45,0.69,0.63,0.38
GWETTOP,2006,1.5,34.375,0.29,0.27,0.41,0.49,0.48,0.5,0.51,0.53,0.53,0.5,0.56,0.54,0.47
GWETTOP,2006,1.5,35.0,0.26,0.22,0.39,0.46,0.46,0.45,0.46,0.5,0.5,0.49,0.57,0.58,0.45
GWETTOP,2006,1.5,35.625,0.17,0.17,0.3,0.37,0.36,0.33,0.34,0.38,0.39,0.38,0.43,0.44,0.34
GWETTOP,2006,1.5,36.25,0.17,0.18,0.28,0.34,0.3,0.3,0.34,0.39,0.37,0.32,0.39,0.39,0.31
GWETTOP,2006,1.5,36.875,0.26,0.24,0.35,0.42,0.4,0.36,0.35,0.37,0.34,0.34,0.44,0.48,0.36
GWETTOP,2006,1.5,37.5,0.24,0.22,0.33,0.4,0.37,0.33,0.31,0.34,0.29,0.31,0.43,0.46,0.34
GWETTOP,2006,1.5,38.125,0.25,0.22,0.28,0.42,0.37,0.3,0.26,0.29,0.23,0.35,0.49,0.49,0.33
GWETTOP,2006,1.5,38.75,0.26,0.24,0.31,0.52,0.46,0.33,0.28,0.33,0.25,0.42,0.59,0.58,0.38
GWETTOP,2006,1.5,39.375,0.21,0.19,0.23,0.55,0.5,0.37,0.3,0.26,0.22,0.41,0.64,0.63,0.38
GWETTOP,2006,1.5,40.0,0.21,0.18,0.24,0.57,0.54,0.4,0.29,0.26,0.22,0.42,0.66,0.66,0.39
GWETTOP,2006,1.5,40.625,0.22,0.18,0.23,0.63,0.52,0.39,0.27,0.23,0.23,0.47,0.8,0.77,0.41
GWETTOP,2006,1.5,41.25,0.19,0.15,0.2,0.53,0.42,0.35,0.29,0.21,0.21,0.43,0.76,0.7,0.37
GWETTOP,2006,1.5,41.875,0.2,0.16,0.21,0.59,0.45,0.35,0.24,0.22,0.24,0.48,0.8,0.72,0.39
GWETTOP,2006,2.0,34.375,0.26,0.25,0.34,0.4,0.4,0.44,0.47,0.49,0.47,0.41,0.49,0.46,0.41
GWETTOP,2006,2.0,35.0,0.21,0.21,0.34,0.39,0.39,0.38,0.41,0.45,0.44,0.41,0.47,0.48,0.38
GWETTOP,2006,2.0,35.625,0.17,0.18,0.27,0.33,0.32,0.28,0.32,0.37,0.35,0.33,0.38,0.4,0.31
GWETTOP,2006,2.0,36.25,0.17,0.19,0.28,0.34,0.27,0.27,0.3,0.39,0.32,0.27,0.39,0.4,0.3
GWETTOP,2006,2.0,36.875,0.25,0.25,0.36,0.43,0.4,0.35,0.33,0.38,0.32,0.3,0.44,0.47,0.36
GWETTOP,2006,2.0,37.5,0.23,0.23,0.33,0.42,0.39,0.34,0.28,0.34,0.26,0.29,0.45,0.49,0.34
GWETTOP,2006,2.0,38.125,0.26,0.23,0.3,0.47,0.43,0.34,0.28,0.3,0.23,0.38,0.54,0.55,0.36
GWETTOP,2006,2.0,38.75,0.24,0.22,0.29,0.49,0.45,0.35,0.3,0.32,0.25,0.39,0.55,0.55,0.37
GWETTOP,2006,2.0,39.375,0.2,0.18,0.23,0.55,0.5,0.37,0.31,0.27,0.23,0.4,0.62,0.62,0.37
GWETTOP,2006,2.0,40.0,0.21,0.19,0.24,0.6,0.56,0.4,0.32,0.29,0.24,0.43,0.69,0.68,0.41
GWETTOP,2006,2.0,40.625,0.25,0.22,0.28,0.76,0.63,0.39,0.26,0.28,0.28,0.56,0.9,0.84,0.47
GWETTOP,2006,2.0,41.25,0.22,0.17,0.23,0.6,0.48,0.35,0.26,0.22,0.23,0.47,0.8,0.74,0.4
GWETTOP,2006,2.0,41.875,0.24,0.19,0.25,0.69,0.57,0.36,0.27,0.27,0.29,0.56,0.89,0.81,0.45
GWETTOP,2006,2.5,34.375,0.26,0.26,0.34,0.39,0.39,0.4,0.46,0.47,0.42,0.37,0.47,0.44,0.39
GWETTOP,2006,2.5,35.0,0.21,0.24,0.32,0.37,0.37,0.36,0.39,0.44,0.41,0.38,0.44,0.46,0.37
GWETTOP,2006,2.5,35.625,0.16,0.22,0.29,0.34,0.32,0.27,0.33,0.4,0.36,0.33,0.38,0.42,0.32
GWETTOP,2006,2.5,36.25,0.16,0.21,0.3,0.36,0.29,0.25,0.29,0.41,0.31,0.26,0.4,0.43,0.31
GWETTOP,2006,2.5,36.875,0.19,0.25,0.33,0.41,0.38,0.33,0.3,0.38,0.32,0.29,0.42,0.46,0.34
GWETTOP,2006,2.5,37.5,0.2,0.25,0.35,0.46,0.41,0.31,0.26,0.37,0.25,0.3,0.48,0.52,0.35
GWETTOP,2006,2.5,38.125,0.21,0.25,0.32,0.47,0.43,0.35,0.27,0.31,0.23,0.36,0.52,0.54,0.36
GWETTOP,2006,2.5,38.75,0.19,0.23,0.3,0.49,0.44,0.35,0.28,0.3,0.24,0.37,0.53,0.53,0.35
GWETTOP,2006,2.5,39.375,0.17,0.2,0.27,0.54,0.48,0.37,0.32,0.31,0.25,0.4,0.58,0.55,0.37
GWETTOP,2006,2.5,40.0,0.19,0.21,0.29,0.61,0.55,0.39,0.33,0.33,0.27,0.43,0.66,0.63,0.41
GWETTOP,2006,2.5,40.625,0.22,0.21,0.29,0.66,0.57,0.38,0.29,0.31,0.29,0.51,0.79,0.72,0.44
GWETTOP,2006,2.5,41.25,0.16,0.15,0.2,0.45,0.33,0.23,0.21,0.22,0.21,0.39,0.59,0.49,0.3
GWETTOP,2006,2.5,41.875,0.18,0.14,0.19,0.49,0.39,0.29,0.27,0.25,0.25,0.44,0.65,0.58,0.34
GWETTOP,2006,3.0,34.375,0.16,0.23,0.37,0.45,0.44,0.42,0.49,0.55,0.48,0.44,0.5,0.49,0.42
GWETTOP,2006,3.0,35.0,0.13,0.23,0.32,0.37,0.37,0.36,0.38,0.48,0.39,0.36,0.42,0.46,0.36
GWETTOP,2006,3.0,35.625,0.13,0.23,0.3,0.36,0.34,0.28,0.32,0.44,0.35,0.32,0.39,0.45,0.33
GWETTOP,2006,3.0,36.25,0.12,0.21,0.31,0.41,0.35,0.28,0.27,0.4,0.31,0.27,0.42,0.49,0.32
GWETTOP,2006,3.0,36.875,0.13,0.22,0.31,0.41,0.37,0.32,0.28,0.37,0.31,0.28,0.41,0.48,0.32
GWETTOP,2006,3.0,37.5,0.12,0.22,0.31,0.44,0.37,0.26,0.22,0.32,0.19,0.28,0.44,0.47,0.3
GWETTOP,2006,3.0,38.125,0.15,0.24,0.33,0.47,0.44,0.36,0.31,0.32,0.23,0.35,0.48,0.5,0.35
GWETTOP,2006,3.0,38.75,0.16,0.24,0.34,0.54,0.5,0.4,0.32,0.34,0.27,0.4,0.54,0.54,0.38
GWETTOP,2006,3.0,39.375,0.15,0.21,0.3,0.53,0.48,0.36,0.34,0.34,0.29,0.4,0.54,0.5,0.37
GWETTOP,2006,3.0,40.0,0.16,0.21,0.31,0.57,0.51,0.38,0.35,0.35,0.31,0.43,0.6,0.54,0.39
GWETTOP,2006,3.0,40.625,0.18,0.18,0.28,0.53,0.47,0.34,0.28,0.29,0.27,0.43,0.62,0.56,0.37
GWETTOP,2006,3.0,41.25,0.16,0.14,0.23,0.45,0.37,0.26,0.24,0.24,0.23,0.39,0.52,0.43,0.31
GWETTOP,2006,3.0,41.875,0.15,0.12,0.21,0.44,0.37,0.29,0.29,0.26,0.24,0.4,0.54,0.46,0.32
GWETTOP,2006,3.5,34.375,0.14,0.2,0.35,0.39,0.4,0.39,0.43,0.49,0.41,0.38,0.45,0.47,0.38
GWETTOP,2006,3.5,35.0,0.12,0.21,0.33,0.4,0.39,0.37,0.38,0.43,0.36,0.35,0.43,0.48,0.35
GWETTOP,2006,3.5,35.625,0.12,0.21,0.32,0.41,0.38,0.32,0.32,0.4,0.31,0.29,0.41,0.48,0.33
GWETTOP,2006,3.5,36.25,0.12,0.2,0.32,0.45,0.39,0.32,0.29,0.38,0.29,0.28,0.42,0.5,0.33
GWETTOP,2006,3.5,36.875,0.12,0.2,0.32,0.48,0.43,0.35,0.33,0.37,0.3,0.3,0.42,0.49,0.34
GWETTOP,2006,3.5,37.5,0.13,0.22,0.36,0.54,0.47,0.36,0.33,0.41,0.3,0.35,0.48,0.54,0.37
GWETTOP,2006,3.5,38.125,0.14,0.22,0.34,0.5,0.48,0.39,0.36,0.36,0.32,0.38,0.47,0.48,0.37
GWETTOP,2006,3.5,38.75,0.14,0.22,0.34,0.53,0.49,0.38,0.37,0.38,0.34,0.42,0.5,0.47,0.38
GWETTOP,2006,3.5,39.375,0.16,0.23,0.35,0.58,0.54,0.42,0.41,0.41,0.37,0.46,0.59,0.53,0.42
GWETTOP,2006,3.5,40.0,0.16,0.21,0.33,0.55,0.5,0.37,0.35,0.36,0.32,0.44,0.6,0.53,0.39
GWETTOP,2006,3.5,40.625,0.2,0.22,0.36,0.62,0.57,0.38,0.32,0.35,0.31,0.52,0.7,0.63,0.43
GWETTOP,2006,3.5,41.25,0.17,0.16,0.25,0.46,0.4,0.28,0.25,0.25,0.24,0.41,0.52,0.47,0.32
GWETTOP,2006,3.5,41.875,0.13,0.11,0.19,0.41,0.33,0.23,0.22,0.21,0.2,0.36,0.47,0.4,0.27
GWETTOP,2006,4.0,34.375,0.16,0.21,0.43,0.5,0.51,0.48,0.5,0.51,0.42,0.42,0.55,0.57,0.44
GWETTOP,2006,4.0,35.0,0.14,0.23,0.4,0.5,0.5,0.44,0.44,0.47,0.37,0.39,0.53,0.61,0.42
GWETTOP,2006,4.0,35.625,0.12,0.22,0.35,0.44,0.42,0.36,0.35,0.4,0.32,0.33,0.45,0.55,0.36
GWETTOP,2006,4.0,36.25,0.11,0.2,0.34,0.48,0.42,0.34,0.32,0.37,0.27,0.3,0.42,0.53,0.34
GWETTOP,2006,4.0,36.875,0.11,0.2,0.34,0.51,0.46,0.37,0.35,0.38,0.31,0.33,0.42,0.49,0.36
GWETTOP,2006,4.0,37.5,0.12,0.21,0.36,0.54,0.48,0.37,0.36,0.4,0.32,0.37,0.45,0.51,0.38
GWETTOP,2006,4.0,38.125,0.15,0.24,0.37,0.54,0.51,0.43,0.41,0.44,0.38,0.48,0.52,0.51,0.42
GWETTOP,2006,4.0,38.75,0.19,0.3,0.47,0.67,0.65,0.59,0.51,0.56,0.44,0.59,0.66,0.65,0.52
GWETTOP,2006,4.0,39.375,0.2,0.29,0.46,0.68,0.66,0.57,0.49,0.54,0.44,0.6,0.73,0.69,0.53
GWETTOP,2006,4.0,40.0,0.18,0.23,0.38,0.57,0.54,0.44,0.37,0.37,0.32,0.5,0.64,0.58,0.43
GWETTOP,2006,4.0,40.625,0.21,0.23,0.38,0.61,0.57,0.39,0.32,0.34,0.3,0.53,0.69,0.63,0.43
GWETTOP,2006,4.0,41.25,0.16,0.16,0.27,0.46,0.41,0.33,0.27,0.24,0.22,0.4,0.53,0.48,0.33
GWETTOP,2006,4.0,41.875,0.14,0.13,0.22,0.44,0.38,0.31,0.26,0.22,0.2,0.37,0.51,0.45,0.3
GWETTOP,2006,4.5,34.375,0.19,0.24,0.53,0.63,0.63,0.53,0.56,0.54,0.44,0.48,0.69,0.65,0.51
GWETTOP,2006,4.5,35.0,0.15,0.27,0.46,0.58,0.58,0.49,0.48,0.52,0.39,0.43,0.6,0.7,0.47
GWETTOP,2006,4.5,35.625,0.12,0.24,0.37,0.47,0.46,0.38,0.37,0.41,0.34,0.35,0.47,0.6,0.38
GWETTOP,2006,4.5,36.25,0.11,0.22,0.36,0.5,0.46,0.36,0.35,0.38,0.29,0.33,0.43,0.56,0.36
GWETTOP,2006,4.5,36.875,0.1,0.2,0.36,0.51,0.47,0.38,0.38,0.4,0.34,0.35,0.41,0.49,0.37
GWETTOP,2006,4.5,37.5,0.14,0.26,0.49,0.64,0.58,0.46,0.47,0.52,0.39,0.48,0.56,0.59,0.47
GWETTOP,2006,4.5,38.125,0.18,0.3,0.46,0.64,0.62,0.55,0.5,0.54,0.41,0.57,0.64,0.64,0.51
GWETTOP,2006,4.5,38.75,0.18,0.28,0.43,0.61,0.59,0.49,0.46,0.5,0.4,0.54,0.62,0.6,0.48
GWETTOP,2006,4.5,39.375,0.17,0.23,0.36,0.54,0.53,0.43,0.37,0.39,0.33,0.49,0.59,0.55,0.42
GWETTOP,2006,4.5,40.0,0.15,0.2,0.33,0.48,0.46,0.39,0.34,0.35,0.3,0.44,0.54,0.5,0.37
GWETTOP,2006,4.5,40.625,0.16,0.19,0.32,0.46,0.43,0.36,0.29,0.27,0.24,0.43,0.54,0.49,0.35
GWETTOP,2006,4.5,41.25,0.16,0.17,0.29,0.45,0.42,0.35,0.31,0.25,0.22,0.41,0.54,0.48,0.34
GWETTOP,2006,4.5,41.875,0.14,0.14,0.25,0.48,0.44,0.34,0.27,0.22,0.21,0.39,0.53,0.46,0.32
GWETTOP,2007,-0.5,34.375,0.89,0.83,0.76,0.74,0.76,0.7,0.61,0.61,0.62,0.57,0.58,0.61,0.69
GWETTOP,2007,-0.5,35.0,0.84,0.81,0.74,0.73,0.77,0.74,0.69,0.7,0.69,0.65,0.61,0.61,0.71
GWETTOP,2007,-0.5,35.625,0.65,0.63,0.58,0.6,0.63,0.62,0.62,0.64,0.63,0.6,0.57,0.55,0.61
GWETTOP,2007,-0.5,36.25,0.5,0.47,0.43,0.49,0.52,0.51,0.52,0.55,0.54,0.5,0.47,0.44,0.5
GWETTOP,2007,-0.5,36.875,0.48,0.42,0.4,0.48,0.52,0.5,0.5,0.53,0.5,0.49,0.49,0.45,0.48
GWETTOP,2007,-0.5,37.5,0.54,0.49,0.46,0.51,0.53,0.51,0.52,0.55,0.53,0.53,0.53,0.5,0.52
GWETTOP,2007,-0.5,38.125,0.58,0.48,0.45,0.47,0.46,0.39,0.36,0.38,0.32,0.44,0.53,0.5,0.45
GWETTOP,2007,-0.5,38.75,0.51,0.39,0.38,0.42,0.43,0.37,0.33,0.35,0.29,0.41,0.48,0.45,0.4
GWETTOP,2007,-0.5,39.375,0.47,0.35,0.35,0.41,0.48,0.4,0.34,0.38,0.33,0.42,0.46,0.41,0.4
GWETTOP,2007,-0.5,40.0,0.54,0.44,0.41,0.44,0.54,0.48,0.41,0.44,0.39,0.46,0.5,0.47,0.46
GWETTOP,2007,-0.5,40.625,0.48,0.38,0.34,0.41,0.62,0.56,0.5,0.52,0.5,0.52,0.55,0.49,0.49
GWETTOP,2007,-0.5,41.25,0.47,0.38,0.35,0.42,0.63,0.57,0.5,0.52,0.51,0.52,0.55,0.49,0.49
GWETTOP,2007,-0.5,41.875,0.44,0.32,0.29,0.39,0.6,0.59,0.53,0.51,0.5,0.5,0.51,0.46,0.47
GWETTOP,2007,-1.0,34.375,0.89,0.86,0.8,0.75,0.71,0.64,0.55,0.56,0.59,0.51,0.53,0.57,0.66
GWETTOP,2007,-1.0,35.0,0.91,0.88,0.84,0.82,0.82,0.79,0.74,0.73,0.71,0.64,0.6,0.64,0.76
GWETTOP,2007,-1.0,35.625,0.81,0.78,0.72,0.72,0.76,0.74,0.7,0.7,0.67,0.61,0.55,0.56,0.69
GWETTOP,2007,-1.0,36.25,0.66,0.6,0.51,0.54,0.63,0.6,0.57,0.6,0.57,0.49,0.44,0.42,0.55
GWETTOP,2007,-1.0,36.875,0.6,0.51,0.48,0.51,0.55,0.51,0.5,0.52,0.5,0.5,0.51,0.5,0.52
GWETTOP,2007,-1.0,37.5,0.61,0.52,0.49,0.53,0.58,0.52,0.5,0.53,0.5,0.5,0.52,0.5,0.53
GWETTOP,2007,-1.0,38.125,0.54,0.41,0.42,0.49,0.48,0.4,0.36,0.4,0.33,0.47,0.55,0.51,0.45
GWETTOP,2007,-1.0,38.75,0.53,0.36,0.38,0.45,0.47,0.37,0.33,0.38,0.32,0.45,0.52,0.48,0.42
GWETTOP,2007,-1.0,39.375,0.45,0.29,0.34,0.46,0.58,0.42,0.34,0.43,0.36,0.48,0.52,0.46,0.43
GWETTOP,2007,-1.0,40.0,0.61,0.46,0.45,0.53,0.64,0.54,0.44,0.5,0.42,0.55,0.59,0.54,0.52
GWETTOP,2007,-1.0,40.625,0.49,0.39,0.36,0.43,0.66,0.6,0.54,0.55,0.53,0.53,0.56,0.51,0.51
GWETTOP,2007,-1.0,41.25,0.49,0.41,0.35,0.41,0.65,0.6,0.53,0.54,0.52,0.52,0.56,0.5,0.51
GWETTOP,2007,-1.0,41.875,0.39,0.31,0.27,0.33,0.56,0.55,0.47,0.45,0.44,0.42,0.43,0.4,0.42
GWETTOP,2007,-1.5,34.375,0.92,0.84,0.74,0.68,0.64,0.62,0.52,0.58,0.62,0.55,0.52,0.63,0.65
GWETTOP,2007,-1.5,35.0,0.92,0.87,0.78,0.76,0.75,0.66,0.59,0.59,0.6,0.56,0.53,0.61,0.68
GWETTOP,2007,-1.5,35.625,0.89,0.83,0.71,0.69,0.76,0.66,0.57,0.57,0.53,0.51,0.49,0.53,0.64
GWETTOP,2007,-1.5,36.25,0.69,0.53,0.44,0.48,0.53,0.46,0.42,0.45,0.42,0.39,0.38,0.38,0.46
GWETTOP,2007,-1.5,36.875,0.76,0.63,0.57,0.58,0.65,0.59,0.48,0.6,0.51,0.49,0.6,0.6,0.59
GWETTOP,2007,-1.5,37.5,0.64,0.5,0.46,0.48,0.51,0.47,0.41,0.46,0.41,0.44,0.5,0.5,0.48
GWETTOP,2007,-1.5,38.125,0.59,0.49,0.45,0.47,0.48,0.44,0.42,0.43,0.38,0.44,0.48,0.47,0.46
GWETTOP,2007,-1.5,38.75,0.59,0.46,0.45,0.49,0.52,0.4,0.36,0.4,0.33,0.47,0.52,0.5,0.46
GWETTOP,2007,-1.5,39.375,0.57,0.41,0.42,0.49,0.58,0.45,0.38,0.44,0.36,0.49,0.51,0.48,0.47
GWETTOP,2007,-1.5,40.0,0.6,0.44,0.43,0.52,0.69,0.6,0.51,0.57,0.5,0.57,0.59,0.54,0.55
GWETTOP,2007,-1.5,40.625,0.51,0.41,0.37,0.44,0.67,0.63,0.56,0.57,0.55,0.53,0.55,0.52,0.53
GWETTOP,2007,-1.5,41.25,0.52,0.43,0.34,0.4,0.67,0.65,0.55,0.54,0.52,0.51,0.54,0.51,0.52
GWETTOP,2007,-1.5,41.875,0.65,0.61,0.58,0.6,0.76,0.77,0.7,0.67,0.67,0.66,0.67,0.65,0.67
GWETTOP,2007,-1.7975103014118005e-13,34.375,0.73,0.69,0.64,0.66,0.71,0.68,0.62,0.61,0.63,0.59,0.54,0.54,0.64
GWETTOP,2007,-1.7975103014118005e-13,35.0,0.77,0.76,0.7,0.73,0.78,0.78,0.75,0.76,0.77,0.75,0.7,0.65,0.74
GWETTOP,2007,-1.7975103014118005e-13,35.625,0.68,0.67,0.6,0.64,0.68,0.67,0.68,0.7,0.7,0.69,0.65,0.6,0.66
GWETTOP,2007,-1.7975103014118005e-13,36.25,0.52,0.5,0.43,0.51,0.53,0.55,0.58,0.61,0.62,0.54,0.48,0.45,0.53
GWETTOP,2007,-1.7975103014118005e-13,36.875,0.45,0.41,0.38,0.46,0.47,0.47,0.49,0.52,0.51,0.46,0.43,0.4,0.45
GWETTOP,2007,-1.7975103014118005e-13,37.5,0.52,0.45,0.42,0.48,0.5,0.49,0.51,0.54,0.52,0.51,0.5,0.47,0.49
GWETTOP,2007,-1.7975103014118005e-13,38.125,0.52,0.43,0.4,0.41,0.4,0.35,0.32,0.34,0.27,0.38,0.45,0.43,0.39
GWETTOP,2007,-1.7975103014118005e-13,38.75,0.45,0.37,0.34,0.36,0.37,0.32,0.28,0.3,0.23,0.35,0.4,0.37,0.34
GWETTOP,2007,-1.7975103014118005e-13,39.375,0.42,0.33,0.31,0.35,0.38,0.34,0.3,0.3,0.25,0.36,0.38,0.36,0.34
GWETTOP,2007,-1.7975103014118005e-13,40.0,0.46,0.37,0.33,0.36,0.43,0.39,0.34,0.34,0.3,0.38,0.41,0.38,0.37
GWETTOP,2007,-1.7975103014118005e-13,40.625,0.44,0.35,0.3,0.37,0.49,0.44,0.39,0.41,0.39,0.45,0.47,0.42,0.41
GWETTOP,2007,-1.7975103014118005e-13,41.25,0.42,0.34,0.32,0.4,0.53,0.47,0.41,0.43,0.42,0.48,0.49,0.42,0.43
GWETTOP,2007,-1.7975103014118005e-13,41.875,0.48,0.36,0.32,0.43,0.57,0.54,0.48,0.48,0.46,0.52,0.52,0.47,0.47
GWETTOP,2007,-2.0,34.375,0.91,0.85,0.74,0.67,0.64,0.59,0.43,0.51,0.61,0.52,0.49,0.6,0.63
GWETTOP,2007,-2.0,35.0,0.91,0.86,0.74,0.72,0.7,0.6,0.54,0.54,0.54,0.55,0.53,0.59,0.65
GWETTOP,2007,-2.0,35.625,0.87,0.79,0.65,0.68,0.71,0.59,0.54,0.53,0.48,0.49,0.52,0.54,0.61
GWETTOP,2007,-2.0,36.25,0.62,0.47,0.4,0.41,0.41,0.36,0.31,0.33,0.28,0.28,0.3,0.33,0.37
GWETTOP,2007,-2.0,36.875,0.8,0.65,0.6,0.58,0.62,0.45,0.37,0.5,0.38,0.44,0.58,0.59,0.55
GWETTOP,2007,-2.0,37.5,0.71,0.55,0.49,0.49,0.52,0.44,0.35,0.44,0.35,0.42,0.5,0.52,0.48
GWETTOP,2007,-2.0,38.125,0.61,0.49,0.45,0.46,0.47,0.42,0.39,0.4,0.34,0.41,0.46,0.47,0.45
GWETTOP,2007,-2.0,38.75,0.61,0.49,0.49,0.52,0.56,0.45,0.4,0.44,0.36,0.5,0.54,0.53,0.49
GWETTOP,2007,-2.0,39.375,0.63,0.5,0.49,0.54,0.63,0.53,0.47,0.51,0.43,0.54,0.56,0.54,0.53
GWETTOP,2007,-2.0,40.0,0.57,0.43,0.42,0.48,0.64,0.55,0.48,0.52,0.46,0.51,0.53,0.5,0.51
GWETTOP,2007,-2.0,40.625,0.51,0.42,0.37,0.43,0.66,0.62,0.54,0.55,0.52,0.51,0.53,0.5,0.51
GWETTOP,2007,-2.0,41.25,0.46,0.43,0.38,0.42,0.61,0.59,0.51,0.5,0.5,0.48,0.49,0.47,0.49
GWETTOP,2007,-2.0,41.875,0.68,0.66,0.65,0.65,0.78,0.77,0.7,0.69,0.69,0.68,0.69,0.68,0.69
GWETTOP,2007,-2.5,34.375,0.87,0.84,0.76,0.62,0.56,0.5,0.35,0.35,0.44,0.33,0.41,0.52,0.54
GWETTOP,2007,-2.5,35.0,0.88,0.85,0.76,0.68,0.61,0.53,0.45,0.39,0.4,0.38,0.45,0.51,0.57
GWETTOP,2007,-2.5,35.625,0.8,0.71,0.58,0.59,0.57,0.51,0.38,0.37,0.32,0.35,0.43,0.48,0.51
GWETTOP,2007,-2.5,36.25,0.66,0.58,0.5,0.49,0.46,0.4,0.31,0.3,0.24,0.26,0.33,0.42,0.41
GWETTOP,2007,-2.5,36.875,0.8,0.68,0.62,0.59,0.58,0.41,0.3,0.37,0.29,0.36,0.49,0.58,0.51
GWETTOP,2007,-2.5,37.5,0.8,0.63,0.57,0.54,0.57,0.48,0.34,0.4,0.31,0.4,0.5,0.57,0.51
GWETTOP,2007,-2.5,38.125,0.68,0.58,0.53,0.52,0.56,0.5,0.44,0.44,0.36,0.47,0.52,0.56,0.51
GWETTOP,2007,-2.5,38.75,0.63,0.52,0.53,0.55,0.6,0.52,0.44,0.47,0.4,0.53,0.56,0.59,0.53
GWETTOP,2007,-2.5,39.375,0.73,0.62,0.61,0.64,0.74,0.68,0.61,0.63,0.58,0.65,0.66,0.67,0.65
GWETTOP,2007,-2.5,40.0,0.52,0.4,0.41,0.43,0.59,0.51,0.43,0.46,0.43,0.46,0.47,0.46,0.46
GWETTOP,2007,-2.5,40.625,0.57,0.5,0.48,0.51,0.69,0.66,0.57,0.57,0.57,0.57,0.57,0.55,0.57
GWETTOP,2007,-2.5,41.25,1.0,1.0,1.0,1.0,1.0,1.0,1.0,1.0,1.0,1.0,1.0,1.0,1.0
GWETTOP,2007,-2.5,41.875,1.0,1.0,1.0,1.0,1.0,1.0,1.0,1.0,1.0,1.0,1.0,1.0,1.0
GWETTOP,2007,-3.0,34.375,0.89,0.9,0.85,0.71,0.59,0.49,0.35,0.26,0.28,0.16,0.37,0.5,0.53
GWETTOP,2007,-3.0,35.0,0.88,0.86,0.81,0.73,0.62,0.53,0.45,0.33,0.29,0.23,0.39,0.49,0.55
GWETTOP,2007,-3.0,35.625,0.85,0.82,0.77,0.75,0.67,0.59,0.51,0.48,0.4,0.31,0.41,0.5,0.59
GWETTOP,2007,-3.0,36.25,0.8,0.74,0.68,0.65,0.61,0.58,0.41,0.34,0.28,0.26,0.38,0.52,0.52
GWETTOP,2007,-3.0,36.875,0.85,0.75,0.67,0.63,0.65,0.63,0.56,0.52,0.37,0.39,0.48,0.6,0.59
GWETTOP,2007,-3.0,37.5,0.8,0.69,0.63,0.58,0.59,0.57,0.49,0.48,0.43,0.37,0.43,0.51,0.55
GWETTOP,2007,-3.0,38.125,0.65,0.56,0.54,0.52,0.57,0.53,0.48,0.47,0.43,0.48,0.5,0.56,0.52
GWETTOP,2007,-3.0,38.75,0.6,0.49,0.53,0.53,0.61,0.54,0.47,0.48,0.42,0.53,0.54,0.6,0.53
GWETTOP,2007,-3.0,39.375,0.69,0.57,0.6,0.62,0.75,0.7,0.63,0.64,0.6,0.66,0.65,0.67,0.65
GWETTOP,2007,-3.0,40.0,0.5,0.4,0.41,0.43,0.59,0.53,0.44,0.45,0.42,0.45,0.44,0.46,0.46
GWETTOP,2007,-3.0,40.625,0.82,0.77,0.77,0.77,0.86,0.86,0.8,0.8,0.79,0.8,0.79,0.79,0.8
GWETTOP,2007,-3.0,41.25,1.0,1.0,1.0,1.0,1.0,1.0,1.0,1.0,1.0,1.0,1.0,1.0,1.0
GWETTOP,2007,-3.0,41.875,1.0,1.0,1.0,1.0,1.0,1.0,1.0,1.0,1.0,1.0,1.0,1.0,1.0
GWETTOP,2007,-3.5,34.375,0.87,0.88,0.83,0.69,0.55,0.46,0.27,0.23,0.23,0.15,0.37,0.5,0.5
GWETTOP,2007,-3.5,35.0,0.82,0.82,0.77,0.7,0.58,0.5,0.41,0.32,0.25,0.2,0.36,0.48,0.52
GWETTOP,2007,-3.5,35.625,0.73,0.69,0.65,0.63,0.56,0.52,0.48,0.44,0.32,0.26,0.37,0.48,0.51
GWETTOP,2007,-3.5,36.25,0.76,0.67,0.62,0.58,0.53,0.49,0.33,0.29,0.23,0.23,0.35,0.46,0.46
GWETTOP,2007,-3.5,36.875,0.73,0.61,0.57,0.55,0.53,0.51,0.45,0.37,0.26,0.29,0.38,0.46,0.48
GWETTOP,2007,-3.5,37.5,0.56,0.5,0.49,0.49,0.52,0.5,0.47,0.44,0.33,0.35,0.39,0.45,0.46
GWETTOP,2007,-3.5,38.125,0.59,0.49,0.51,0.5,0.59,0.53,0.47,0.48,0.43,0.49,0.49,0.56,0.51
GWETTOP,2007,-3.5,38.75,0.59,0.5,0.54,0.54,0.63,0.57,0.51,0.52,0.48,0.53,0.53,0.59,0.54
GWETTOP,2007,-3.5,39.375,0.64,0.49,0.57,0.6,0.74,0.71,0.64,0.64,0.6,0.64,0.62,0.64,0.63
GWETTOP,2007,-3.5,40.0,0.63,0.55,0.58,0.59,0.7,0.66,0.59,0.6,0.57,0.6,0.59,0.61,0.61
GWETTOP,2007,-3.5,40.625,0.95,0.93,0.92,0.92,0.96,0.96,0.94,0.93,0.93,0.94,0.93,0.93,0.94
GWETTOP,2007,-3.5,41.25,1.0,1.0,1.0,1.0,1.0,1.0,1.0,1.0,1.0,1.0,1.0,1.0,1.0
GWETTOP,2007,-3.5,41.875,1.0,1.0,1.0,1.0,1.0,1.0,1.0,1.0,1.0,1.0,1.0,1.0,1.0
GWETTOP,2007,-4.0,34.375,0.78,0.8,0.75,0.64,0.52,0.45,0.32,0.26,0.22,0.16,0.35,0.47,0.47
GWETTOP,2007,-4.0,35.0,0.78,0.78,0.75,0.7,0.61,0.55,0.46,0.4,0.31,0.26,0.4,0.52,0.54
GWETTOP,2007,-4.0,35.625,0.68,0.66,0.64,0.63,0.56,0.54,0.5,0.47,0.38,0.32,0.39,0.49,0.52
GWETTOP,2007,-4.0,36.25,0.68,0.64,0.6,0.56,0.51,0.48,0.4,0.33,0.24,0.24,0.34,0.46,0.46
GWETTOP,2007,-4.0,36.875,0.66,0.6,0.58,0.55,0.51,0.49,0.44,0.39,0.28,0.29,0.38,0.47,0.47
GWETTOP,2007,-4.0,37.5,0.61,0.56,0.56,0.54,0.54,0.51,0.45,0.43,0.33,0.36,0.42,0.51,0.48
GWETTOP,2007,-4.0,38.125,0.6,0.5,0.56,0.56,0.65,0.57,0.51,0.51,0.43,0.53,0.53,0.6,0.55
GWETTOP,2007,-4.0,38.75,0.55,0.44,0.53,0.54,0.66,0.58,0.51,0.53,0.47,0.53,0.52,0.58,0.54
GWETTOP,2007,-4.0,39.375,0.48,0.37,0.47,0.5,0.67,0.63,0.52,0.53,0.48,0.51,0.48,0.51,0.51
GWETTOP,2007,-4.0,40.0,0.6,0.54,0.58,0.59,0.7,0.66,0.59,0.6,0.56,0.58,0.56,0.59,0.6
GWETTOP,2007,-4.0,40.625,1.0,1.0,1.0,1.0,1.0,1.0,1.0,1.0,1.0,1.0,1.0,1.0,1.0
GWETTOP,2007,-4.0,41.25,1.0,1.0,1.0,1.0,1.0,1.0,1.0,1.0,1.0,1.0,1.0,1.0,1.0
GWETTOP,2007,-4.0,41.875,1.0,1.0,1.0,1.0,1.0,1.0,1.0,1.0,1.0,1.0,1.0,1.0,1.0
GWETTOP,2007,-4.5,34.375,0.66,0.66,0.64,0.55,0.49,0.44,0.39,0.35,0.3,0.25,0.35,0.45,0.46
GWETTOP,2007,-4.5,35.0,0.68,0.66,0.65,0.6,0.53,0.48,0.42,0.39,0.34,0.3,0.38,0.5,0.49
GWETTOP,2007,-4.5,35.625,0.58,0.56,0.56,0.55,0.48,0.46,0.42,0.41,0.35,0.3,0.36,0.45,0.46
GWETTOP,2007,-4.5,36.25,0.63,0.61,0.59,0.55,0.49,0.48,0.43,0.38,0.29,0.28,0.36,0.47,0.46
GWETTOP,2007,-4.5,36.875,0.63,0.6,0.59,0.55,0.51,0.48,0.45,0.42,0.33,0.33,0.4,0.49,0.48
GWETTOP,2007,-4.5,37.5,0.62,0.58,0.58,0.56,0.55,0.51,0.47,0.46,0.38,0.39,0.43,0.51,0.5
GWETTOP,2007,-4.5,38.125,0.74,0.65,0.66,0.66,0.73,0.7,0.65,0.64,0.58,0.62,0.61,0.66,0.66
GWETTOP,2007,-4.5,38.75,0.71,0.6,0.62,0.64,0.73,0.71,0.64,0.63,0.58,0.61,0.6,0.63,0.64
GWETTOP,2007,-4.5,39.375,0.48,0.4,0.47,0.48,0.61,0.57,0.48,0.48,0.44,0.45,0.44,0.47,0.48
GWETTOP,2007,-4.5,40.0,0.95,0.95,0.95,0.96,0.96,0.96,0.95,0.95,0.95,0.95,0.95,0.95,0.95
GWETTOP,2007,-4.5,40.625,1.0,1.0,1.0,1.0,1.0,1.0,1.0,1.0,1.0,1.0,1.0,1.0,1.0
GWETTOP,2007,-4.5,41.25,1.0,1.0,1.0,1.0,1.0,1.0,1.0,1.0,1.0,1.0,1.0,1.0,1.0
GWETTOP,2007,-4.5,41.875,1.0,1.0,1.0,1.0,1.0,1.0,1.0,1.0,1.0,1.0,1.0,1.0,1.0
GWETTOP,2007,0.5,34.375,0.56,0.55,0.52,0.56,0.63,0.63,0.64,0.65,0.69,0.66,0.57,0.52,0.6
GWETTOP,2007,0.5,35.0,0.68,0.66,0.59,0.63,0.72,0.73,0.74,0.76,0.8,0.79,0.72,0.64,0.71
GWETTOP,2007,0.5,35.625,0.57,0.53,0.45,0.53,0.61,0.59,0.59,0.62,0.61,0.59,0.5,0.44,0.55
GWETTOP,2007,0.5,36.25,0.45,0.43,0.34,0.4,0.47,0.5,0.56,0.61,0.61,0.5,0.43,0.36,0.47
GWETTOP,2007,0.5,36.875,0.55,0.51,0.43,0.49,0.54,0.56,0.61,0.65,0.63,0.54,0.49,0.47,0.54
GWETTOP,2007,0.5,37.5,0.43,0.38,0.35,0.36,0.37,0.38,0.39,0.41,0.38,0.36,0.37,0.37,0.38
GWETTOP,2007,0.5,38.125,0.43,0.35,0.32,0.34,0.34,0.31,0.27,0.3,0.23,0.32,0.37,0.35,0.33
GWETTOP,2007,0.5,38.75,0.46,0.36,0.32,0.34,0.34,0.3,0.24,0.26,0.19,0.32,0.37,0.35,0.32
GWETTOP,2007,0.5,39.375,0.47,0.35,0.29,0.35,0.39,0.34,0.26,0.26,0.2,0.36,0.4,0.36,0.34
GWETTOP,2007,0.5,40.0,0.44,0.33,0.26,0.34,0.39,0.36,0.29,0.28,0.22,0.37,0.4,0.37,0.34
GWETTOP,2007,0.5,40.625,0.39,0.3,0.25,0.34,0.4,0.36,0.3,0.3,0.27,0.4,0.42,0.37,0.34
GWETTOP,2007,0.5,41.25,0.42,0.35,0.33,0.4,0.43,0.39,0.33,0.35,0.32,0.42,0.43,0.38,0.38
GWETTOP,2007,0.5,41.875,0.47,0.37,0.33,0.43,0.48,0.44,0.37,0.38,0.35,0.46,0.47,0.41,0.41
GWETTOP,2007,1.0,34.375,0.63,0.6,0.56,0.58,0.66,0.7,0.72,0.76,0.81,0.82,0.76,0.69,0.69
GWETTOP,2007,1.0,35.0,0.69,0.61,0.53,0.58,0.7,0.74,0.76,0.8,0.84,0.83,0.76,0.65,0.71
GWETTOP,2007,1.0,35.625,0.47,0.41,0.37,0.42,0.55,0.5,0.5,0.56,0.54,0.5,0.44,0.39,0.47
GWETTOP,2007,1.0,36.25,0.37,0.35,0.3,0.31,0.39,0.43,0.48,0.54,0.51,0.41,0.36,0.32,0.4
GWETTOP,2007,1.0,36.875,0.42,0.39,0.36,0.37,0.4,0.42,0.47,0.51,0.48,0.4,0.39,0.38,0.42
GWETTOP,2007,1.0,37.5,0.44,0.38,0.36,0.35,0.34,0.34,0.35,0.36,0.32,0.32,0.37,0.37,0.36
GWETTOP,2007,1.0,38.125,0.39,0.33,0.31,0.32,0.29,0.27,0.23,0.26,0.2,0.28,0.35,0.33,0.3
GWETTOP,2007,1.0,38.75,0.44,0.36,0.33,0.35,0.34,0.29,0.22,0.24,0.17,0.31,0.37,0.34,0.31
GWETTOP,2007,1.0,39.375,0.48,0.34,0.27,0.36,0.39,0.33,0.22,0.25,0.19,0.36,0.41,0.37,0.33
GWETTOP,2007,1.0,40.0,0.42,0.31,0.23,0.33,0.38,0.35,0.26,0.25,0.2,0.36,0.4,0.36,0.32
GWETTOP,2007,1.0,40.625,0.44,0.31,0.23,0.34,0.4,0.35,0.26,0.27,0.24,0.39,0.43,0.38,0.34
GWETTOP,2007,1.0,41.25,0.54,0.42,0.34,0.41,0.46,0.4,0.29,0.32,0.28,0.43,0.48,0.43,0.4
GWETTOP,2007,1.0,41.875,0.47,0.33,0.27,0.38,0.43,0.4,0.32,0.33,0.3,0.42,0.44,0.38,0.37
GWETTOP,2007,1.5,34.375,0.45,0.42,0.37,0.41,0.55,0.59,0.62,0.67,0.71,0.65,0.53,0.45,0.54
GWETTOP,2007,1.5,35.0,0.48,0.43,0.38,0.41,0.52,0.55,0.58,0.64,0.7,0.64,0.49,0.41,0.52
GWETTOP,2007,1.5,35.625,0.38,0.34,0.28,0.31,0.4,0.39,0.4,0.45,0.44,0.4,0.36,0.31,0.37
GWETTOP,2007,1.5,36.25,0.34,0.28,0.24,0.28,0.35,0.39,0.41,0.45,0.43,0.36,0.31,0.27,0.34
GWETTOP,2007,1.5,36.875,0.44,0.4,0.38,0.38,0.38,0.39,0.41,0.42,0.4,0.36,0.38,0.39,0.39
GWETTOP,2007,1.5,37.5,0.41,0.37,0.34,0.34,0.35,0.36,0.36,0.37,0.33,0.32,0.36,0.35,0.35
GWETTOP,2007,1.5,38.125,0.42,0.35,0.34,0.36,0.33,0.3,0.26,0.26,0.2,0.31,0.37,0.34,0.32
GWETTOP,2007,1.5,38.75,0.51,0.41,0.37,0.41,0.37,0.33,0.28,0.29,0.22,0.37,0.46,0.37,0.37
GWETTOP,2007,1.5,39.375,0.5,0.37,0.3,0.36,0.39,0.34,0.24,0.25,0.19,0.36,0.42,0.38,0.34
GWETTOP,2007,1.5,40.0,0.51,0.36,0.28,0.36,0.41,0.35,0.24,0.26,0.19,0.37,0.43,0.39,0.35
GWETTOP,2007,1.5,40.625,0.58,0.37,0.26,0.38,0.45,0.35,0.26,0.28,0.24,0.4,0.49,0.43,0.37
GWETTOP,2007,1.5,41.25,0.49,0.34,0.25,0.32,0.38,0.35,0.28,0.27,0.24,0.35,0.41,0.36,0.34
GWETTOP,2007,1.5,41.875,0.48,0.28,0.2,0.36,0.43,0.39,0.28,0.32,0.28,0.41,0.46,0.38,0.36
GWETTOP,2007,2.0,34.375,0.35,0.33,0.29,0.35,0.47,0.53,0.56,0.58,0.63,0.54,0.47,0.38,0.46
GWETTOP,2007,2.0,35.0,0.42,0.36,0.3,0.35,0.44,0.46,0.49,0.53,0.58,0.49,0.42,0.35,0.43
GWETTOP,2007,2.0,35.625,0.37,0.32,0.25,0.29,0.35,0.36,0.37,0.41,0.4,0.36,0.33,0.24,0.34
GWETTOP,2007,2.0,36.25,0.35,0.28,0.26,0.29,0.34,0.38,0.38,0.41,0.38,0.29,0.28,0.25,0.32
GWETTOP,2007,2.0,36.875,0.43,0.4,0.39,0.4,0.39,0.39,0.38,0.39,0.37,0.33,0.37,0.37,0.38
GWETTOP,2007,2.0,37.5,0.44,0.38,0.37,0.38,0.36,0.36,0.33,0.33,0.29,0.29,0.36,0.36,0.35
GWETTOP,2007,2.0,38.125,0.47,0.39,0.36,0.4,0.36,0.32,0.26,0.27,0.2,0.34,0.42,0.37,0.35
GWETTOP,2007,2.0,38.75,0.47,0.39,0.36,0.39,0.37,0.33,0.27,0.27,0.2,0.34,0.42,0.36,0.35
GWETTOP,2007,2.0,39.375,0.47,0.35,0.28,0.35,0.38,0.34,0.24,0.25,0.19,0.34,0.41,0.36,0.33
GWETTOP,2007,2.0,40.0,0.5,0.34,0.28,0.38,0.42,0.36,0.27,0.27,0.2,0.37,0.45,0.39,0.35
GWETTOP,2007,2.0,40.625,0.63,0.3,0.26,0.47,0.56,0.38,0.28,0.35,0.3,0.48,0.62,0.5,0.43
GWETTOP,2007,2.0,41.25,0.51,0.32,0.23,0.37,0.43,0.34,0.25,0.29,0.25,0.38,0.48,0.41,0.36
GWETTOP,2007,2.0,41.875,0.57,0.26,0.22,0.44,0.55,0.44,0.33,0.38,0.33,0.49,0.59,0.43,0.42
GWETTOP,2007,2.5,34.375,0.34,0.31,0.29,0.34,0.45,0.51,0.53,0.52,0.57,0.47,0.39,0.36,0.42
GWETTOP,2007,2.5,35.0,0.4,0.36,0.3,0.33,0.41,0.45,0.46,0.48,0.5,0.44,0.39,0.33,0.4
GWETTOP,2007,2.5,35.625,0.38,0.34,0.26,0.29,0.36,0.39,0.38,0.41,0.39,0.35,0.32,0.22,0.34
GWETTOP,2007,2.5,36.25,0.38,0.32,0.27,0.31,0.35,0.38,0.36,0.39,0.34,0.25,0.28,0.24,0.32
GWETTOP,2007,2.5,36.875,0.42,0.38,0.37,0.38,0.38,0.38,0.36,0.36,0.32,0.26,0.34,0.32,0.36
GWETTOP,2007,2.5,37.5,0.44,0.39,0.36,0.4,0.39,0.36,0.3,0.32,0.26,0.28,0.37,0.32,0.35
GWETTOP,2007,2.5,38.125,0.44,0.36,0.33,0.39,0.38,0.33,0.24,0.27,0.21,0.32,0.4,0.34,0.33
GWETTOP,2007,2.5,38.75,0.42,0.34,0.32,0.38,0.38,0.32,0.24,0.26,0.2,0.33,0.4,0.33,0.33
GWETTOP,2007,2.5,39.375,0.4,0.32,0.28,0.37,0.39,0.34,0.25,0.26,0.21,0.34,0.4,0.34,0.33
GWETTOP,2007,2.5,40.0,0.44,0.32,0.29,0.39,0.43,0.36,0.29,0.29,0.23,0.37,0.44,0.37,0.35
GWETTOP,2007,2.5,40.625,0.52,0.29,0.28,0.42,0.49,0.34,0.25,0.31,0.27,0.42,0.53,0.39,0.38
GWETTOP,2007,2.5,41.25,0.29,0.2,0.2,0.29,0.3,0.23,0.19,0.22,0.2,0.28,0.34,0.23,0.25
GWETTOP,2007,2.5,41.875,0.39,0.24,0.21,0.31,0.36,0.31,0.24,0.27,0.23,0.34,0.39,0.28,0.3
GWETTOP,2007,3.0,34.375,0.41,0.34,0.3,0.36,0.48,0.54,0.55,0.56,0.57,0.51,0.44,0.39,0.45
GWETTOP,2007,3.0,35.0,0.38,0.35,0.27,0.31,0.4,0.45,0.45,0.46,0.45,0.41,0.36,0.31,0.38
GWETTOP,2007,3.0,35.625,0.38,0.35,0.24,0.29,0.37,0.42,0.39,0.41,0.37,0.33,0.28,0.17,0.33
GWETTOP,2007,3.0,36.25,0.4,0.36,0.27,0.31,0.37,0.39,0.36,0.36,0.28,0.22,0.29,0.18,0.32
GWETTOP,2007,3.0,36.875,0.4,0.37,0.31,0.33,0.37,0.37,0.35,0.34,0.24,0.23,0.3,0.19,0.32
GWETTOP,2007,3.0,37.5,0.36,0.31,0.26,0.35,0.34,0.3,0.23,0.25,0.2,0.24,0.31,0.19,0.28
GWETTOP,2007,3.0,38.125,0.41,0.36,0.32,0.39,0.39,0.35,0.26,0.27,0.22,0.31,0.38,0.3,0.33
GWETTOP,2007,3.0,38.75,0.42,0.34,0.32,0.43,0.44,0.36,0.25,0.29,0.24,0.36,0.42,0.3,0.35
GWETTOP,2007,3.0,39.375,0.36,0.3,0.28,0.39,0.4,0.35,0.28,0.28,0.24,0.34,0.39,0.32,0.33
GWETTOP,2007,3.0,40.0,0.39,0.3,0.29,0.4,0.43,0.36,0.29,0.3,0.26,0.37,0.43,0.34,0.35
GWETTOP,2007,3.0,40.625,0.38,0.26,0.28,0.37,0.41,0.3,0.22,0.27,0.24,0.35,0.43,0.3,0.32
GWETTOP,2007,3.0,41.25,0.28,0.21,0.22,0.31,0.33,0.25,0.2,0.23,0.21,0.3,0.35,0.24,0.26
GWETTOP,2007,3.0,41.875,0.31,0.24,0.2,0.28,0.33,0.29,0.23,0.23,0.2,0.31,0.36,0.28,0.27
GWETTOP,2007,3.5,34.375,0.39,0.37,0.34,0.36,0.43,0.48,0.51,0.52,0.5,0.46,0.38,0.37,0.43
GWETTOP,2007,3.5,35.0,0.39,0.37,0.32,0.34,0.41,0.46,0.45,0.46,0.43,0.4,0.35,0.31,0.39
GWETTOP,2007,3.5,35.625,0.4,0.37,0.27,0.32,0.39,0.42,0.39,0.4,0.36,0.32,0.28,0.17,0.34
GWETTOP,2007,3.5,36.25,0.41,0.37,0.28,0.33,0.38,0.39,0.35,0.37,0.29,0.25,0.28,0.17,0.32
GWETTOP,2007,3.5,36.875,0.42,0.37,0.32,0.36,0.39,0.38,0.35,0.33,0.24,0.26,0.29,0.17,0.32
GWETTOP,2007,3.5,37.5,0.43,0.38,0.29,0.41,0.43,0.4,0.34,0.36,0.27,0.29,0.33,0.21,0.34
GWETTOP,2007,3.5,38.125,0.39,0.34,0.31,0.41,0.42,0.37,0.33,0.33,0.26,0.34,0.36,0.28,0.34
GWETTOP,2007,3.5,38.75,0.36,0.31,0.3,0.42,0.43,0.37,0.33,0.34,0.29,0.37,0.38,0.28,0.35
GWETTOP,2007,3.5,39.375,0.4,0.32,0.31,0.44,0.47,0.41,0.34,0.36,0.32,0.4,0.43,0.34,0.38
GWETTOP,2007,3.5,40.0,0.38,0.29,0.29,0.42,0.44,0.36,0.29,0.3,0.26,0.38,0.43,0.33,0.35
GWETTOP,2007,3.5,40.625,0.44,0.29,0.36,0.47,0.53,0.34,0.23,0.31,0.28,0.45,0.56,0.35,0.38
GWETTOP,2007,3.5,41.25,0.33,0.24,0.26,0.35,0.36,0.26,0.2,0.24,0.22,0.33,0.39,0.26,0.29
GWETTOP,2007,3.5,41.875,0.25,0.18,0.18,0.27,0.29,0.24,0.17,0.19,0.17,0.28,0.32,0.23,0.23
GWETTOP,2007,4.0,34.375,0.5,0.47,0.4,0.46,0.54,0.56,0.57,0.57,0.55,0.53,0.44,0.43,0.5
GWETTOP,2007,4.0,35.0,0.49,0.46,0.37,0.44,0.52,0.55,0.52,0.53,0.49,0.45,0.38,0.35,0.46
GWETTOP,2007,4.0,35.625,0.44,0.41,0.32,0.38,0.41,0.44,0.4,0.42,0.37,0.34,0.32,0.19,0.37
GWETTOP,2007,4.0,36.25,0.42,0.38,0.29,0.35,0.39,0.39,0.36,0.37,0.31,0.27,0.27,0.16,0.33
GWETTOP,2007,4.0,36.875,0.41,0.37,0.32,0.38,0.4,0.38,0.35,0.35,0.29,0.28,0.29,0.15,0.33
GWETTOP,2007,4.0,37.5,0.41,0.36,0.3,0.4,0.43,0.39,0.35,0.36,0.3,0.32,0.31,0.17,0.34
GWETTOP,2007,4.0,38.125,0.42,0.34,0.32,0.46,0.49,0.44,0.37,0.4,0.36,0.43,0.42,0.27,0.39
GWETTOP,2007,4.0,38.75,0.57,0.38,0.4,0.57,0.63,0.58,0.41,0.47,0.41,0.54,0.57,0.31,0.49
GWETTOP,2007,4.0,39.375,0.58,0.36,0.4,0.58,0.64,0.57,0.37,0.43,0.36,0.54,0.6,0.37,0.48
GWETTOP,2007,4.0,40.0,0.45,0.29,0.33,0.48,0.5,0.43,0.27,0.33,0.28,0.44,0.49,0.34,0.39
GWETTOP,2007,4.0,40.625,0.46,0.31,0.37,0.5,0.54,0.37,0.24,0.3,0.27,0.47,0.56,0.39,0.4
GWETTOP,2007,4.0,41.25,0.36,0.28,0.27,0.37,0.38,0.31,0.2,0.22,0.2,0.34,0.41,0.32,0.31
GWETTOP,2007,4.0,41.875,0.33,0.24,0.22,0.32,0.35,0.31,0.21,0.2,0.18,0.31,0.38,0.31,0.28
GWETTOP,2007,4.5,34.375,0.51,0.52,0.48,0.58,0.64,0.65,0.63,0.63,0.61,0.56,0.45,0.46,0.56
GWETTOP,2007,4.5,35.0,0.56,0.54,0.43,0.52,0.59,0.6,0.56,0.56,0.52,0.49,0.43,0.39,0.52
GWETTOP,2007,4.5,35.625,0.46,0.44,0.35,0.42,0.44,0.45,0.41,0.42,0.38,0.36,0.34,0.19,0.39
GWETTOP,2007,4.5,36.25,0.44,0.39,0.31,0.38,0.41,0.4,0.37,0.38,0.34,0.3,0.27,0.15,0.34
GWETTOP,2007,4.5,36.875,0.42,0.38,0.32,0.38,0.4,0.39,0.37,0.37,0.33,0.32,0.28,0.14,0.34
GWETTOP,2007,4.5,37.5,0.49,0.41,0.33,0.49,0.54,0.48,0.43,0.47,0.41,0.43,0.36,0.2,0.42
GWETTOP,2007,4.5,38.125,0.56,0.41,0.34,0.54,0.61,0.57,0.42,0.47,0.45,0.53,0.53,0.28,0.48
GWETTOP,2007,4.5,38.75,0.53,0.38,0.33,0.51,0.58,0.52,0.38,0.43,0.41,0.51,0.51,0.28,0.45
GWETTOP,2007,4.5,39.375,0.46,0.32,0.31,0.47,0.51,0.45,0.32,0.34,0.3,0.44,0.47,0.29,0.39
GWETTOP,2007,4.5,40.0,0.4,0.3,0.29,0.42,0.45,0.4,0.3,0.31,0.28,0.39,0.42,0.29,0.35
GWETTOP,2007,4.5,40.625,0.38,0.27,0.29,0.41,0.42,0.36,0.23,0.26,0.22,0.38,0.43,0.33,0.33
GWETTOP,2007,4.5,41.25,0.36,0.29,0.27,0.39,0.4,0.35,0.26,0.24,0.21,0.36,0.41,0.34,0.32
GWETTOP,2007,4.5,41.875,0.34,0.22,0.24,0.37,0.41,0.34,0.22,0.2,0.18,0.35,0.42,0.34,0.3
GWETTOP,2008,-0.5,34.375,0.55,0.57,0.63,0.8,0.71,0.66,0.56,0.54,0.54,0.7,0.81,0.65,0.64
GWETTOP,2008,-0.5,35.0,0.53,0.53,0.58,0.73,0.68,0.66,0.59,0.57,0.57,0.7,0.76,0.63,0.63
GWETTOP,2008,-0.5,35.625,0.48,0.45,0.51,0.58,0.55,0.54,0.52,0.51,0.51,0.58,0.59,0.49,0.53
GWETTOP,2008,-0.5,36.25,0.4,0.38,0.43,0.51,0.46,0.46,0.46,0.45,0.44,0.5,0.51,0.39,0.45
GWETTOP,2008,-0.5,36.875,0.41,0.37,0.41,0.5,0.46,0.43,0.44,0.42,0.4,0.5,0.49,0.38,0.43
GWETTOP,2008,-0.5,37.5,0.47,0.42,0.43,0.53,0.49,0.48,0.48,0.46,0.42,0.51,0.54,0.46,0.47
GWETTOP,2008,-0.5,38.125,0.47,0.34,0.38,0.5,0.4,0.35,0.34,0.3,0.25,0.44,0.53,0.39,0.39
GWETTOP,2008,-0.5,38.75,0.4,0.27,0.34,0.46,0.35,0.32,0.31,0.27,0.23,0.4,0.48,0.31,0.35
GWETTOP,2008,-0.5,39.375,0.36,0.26,0.33,0.44,0.41,0.39,0.31,0.29,0.23,0.34,0.43,0.28,0.34
GWETTOP,2008,-0.5,40.0,0.4,0.29,0.36,0.48,0.47,0.46,0.36,0.33,0.27,0.35,0.47,0.3,0.38
GWETTOP,2008,-0.5,40.625,0.44,0.32,0.36,0.49,0.53,0.56,0.49,0.44,0.35,0.33,0.48,0.3,0.42
GWETTOP,2008,-0.5,41.25,0.45,0.31,0.36,0.49,0.55,0.57,0.49,0.45,0.34,0.32,0.49,0.3,0.43
GWETTOP,2008,-0.5,41.875,0.42,0.28,0.32,0.46,0.54,0.59,0.53,0.48,0.36,0.3,0.45,0.28,0.42
GWETTOP,2008,-1.0,34.375,0.52,0.54,0.62,0.69,0.58,0.54,0.51,0.5,0.5,0.61,0.7,0.58,0.57
GWETTOP,2008,-1.0,35.0,0.57,0.58,0.65,0.75,0.68,0.65,0.6,0.57,0.57,0.66,0.72,0.62,0.63
GWETTOP,2008,-1.0,35.625,0.5,0.49,0.55,0.68,0.64,0.61,0.57,0.53,0.52,0.58,0.6,0.5,0.56
GWETTOP,2008,-1.0,36.25,0.37,0.37,0.45,0.59,0.56,0.52,0.48,0.45,0.43,0.49,0.52,0.39,0.47
GWETTOP,2008,-1.0,36.875,0.48,0.46,0.45,0.54,0.51,0.48,0.45,0.38,0.37,0.5,0.54,0.47,0.47
GWETTOP,2008,-1.0,37.5,0.49,0.47,0.46,0.55,0.52,0.48,0.45,0.42,0.39,0.5,0.54,0.47,0.48
GWETTOP,2008,-1.0,38.125,0.47,0.33,0.42,0.53,0.41,0.39,0.34,0.31,0.26,0.44,0.53,0.37,0.4
GWETTOP,2008,-1.0,38.75,0.41,0.26,0.37,0.51,0.36,0.34,0.31,0.29,0.24,0.41,0.51,0.3,0.36
GWETTOP,2008,-1.0,39.375,0.37,0.23,0.38,0.53,0.47,0.43,0.32,0.3,0.24,0.37,0.47,0.26,0.36
GWETTOP,2008,-1.0,40.0,0.44,0.28,0.42,0.59,0.56,0.52,0.38,0.36,0.29,0.42,0.53,0.3,0.42
GWETTOP,2008,-1.0,40.625,0.45,0.32,0.38,0.51,0.57,0.6,0.52,0.47,0.38,0.36,0.48,0.3,0.45
GWETTOP,2008,-1.0,41.25,0.46,0.32,0.36,0.49,0.57,0.61,0.52,0.48,0.4,0.34,0.47,0.31,0.44
GWETTOP,2008,-1.0,41.875,0.37,0.26,0.3,0.4,0.5,0.54,0.46,0.41,0.34,0.28,0.38,0.26,0.38
GWETTOP,2008,-1.5,34.375,0.58,0.63,0.67,0.73,0.61,0.55,0.51,0.51,0.57,0.67,0.75,0.63,0.62
GWETTOP,2008,-1.5,35.0,0.56,0.58,0.64,0.78,0.65,0.59,0.53,0.5,0.53,0.63,0.69,0.56,0.6
GWETTOP,2008,-1.5,35.625,0.49,0.48,0.53,0.72,0.64,0.56,0.5,0.47,0.47,0.53,0.58,0.49,0.54
GWETTOP,2008,-1.5,36.25,0.34,0.35,0.39,0.51,0.45,0.41,0.38,0.35,0.35,0.42,0.44,0.33,0.39
GWETTOP,2008,-1.5,36.875,0.52,0.47,0.49,0.64,0.6,0.45,0.39,0.38,0.39,0.57,0.63,0.44,0.5
GWETTOP,2008,-1.5,37.5,0.48,0.43,0.41,0.51,0.48,0.43,0.36,0.34,0.32,0.45,0.5,0.43,0.43
GWETTOP,2008,-1.5,38.125,0.45,0.4,0.41,0.47,0.43,0.42,0.39,0.36,0.31,0.41,0.47,0.4,0.41
GWETTOP,2008,-1.5,38.75,0.43,0.29,0.4,0.52,0.41,0.38,0.32,0.3,0.25,0.41,0.51,0.32,0.38
GWETTOP,2008,-1.5,39.375,0.38,0.25,0.4,0.53,0.48,0.44,0.34,0.32,0.25,0.4,0.48,0.28,0.38
GWETTOP,2008,-1.5,40.0,0.43,0.29,0.42,0.6,0.61,0.59,0.47,0.42,0.33,0.42,0.53,0.3,0.45
GWETTOP,2008,-1.5,40.625,0.45,0.31,0.38,0.52,0.59,0.62,0.55,0.5,0.41,0.37,0.49,0.31,0.46
GWETTOP,2008,-1.5,41.25,0.46,0.3,0.35,0.49,0.59,0.64,0.55,0.49,0.41,0.32,0.47,0.31,0.45
GWETTOP,2008,-1.5,41.875,0.63,0.59,0.59,0.65,0.71,0.75,0.69,0.65,0.62,0.58,0.64,0.59,0.64
GWETTOP,2008,-1.7975103014118005e-13,34.375,0.47,0.52,0.57,0.68,0.64,0.63,0.55,0.55,0.56,0.67,0.7,0.53,0.59
GWETTOP,2008,-1.7975103014118005e-13,35.0,0.57,0.58,0.6,0.73,0.71,0.72,0.68,0.67,0.68,0.77,0.8,0.69,0.68
GWETTOP,2008,-1.7975103014118005e-13,35.625,0.53,0.49,0.51,0.61,0.58,0.59,0.57,0.58,0.56,0.63,0.66,0.56,0.57
GWETTOP,2008,-1.7975103014118005e-13,36.25,0.39,0.37,0.38,0.5,0.46,0.48,0.49,0.5,0.48,0.54,0.56,0.45,0.47
GWETTOP,2008,-1.7975103014118005e-13,36.875,0.38,0.35,0.36,0.43,0.4,0.39,0.41,0.4,0.39,0.45,0.47,0.37,0.4
GWETTOP,2008,-1.7975103014118005e-13,37.5,0.44,0.39,0.38,0.47,0.44,0.42,0.44,0.43,0.4,0.48,0.51,0.43,0.44
GWETTOP,2008,-1.7975103014118005e-13,38.125,0.41,0.33,0.34,0.43,0.36,0.32,0.31,0.26,0.22,0.39,0.48,0.38,0.35
GWETTOP,2008,-1.7975103014118005e-13,38.75,0.36,0.28,0.3,0.38,0.33,0.29,0.25,0.21,0.19,0.34,0.42,0.33,0.31
GWETTOP,2008,-1.7975103014118005e-13,39.375,0.34,0.27,0.28,0.38,0.35,0.33,0.26,0.23,0.18,0.29,0.42,0.31,0.3
GWETTOP,2008,-1.7975103014118005e-13,40.0,0.37,0.31,0.29,0.39,0.38,0.37,0.33,0.28,0.22,0.29,0.43,0.33,0.33
GWETTOP,2008,-1.7975103014118005e-13,40.625,0.4,0.3,0.3,0.43,0.44,0.46,0.4,0.35,0.26,0.26,0.49,0.34,0.37
GWETTOP,2008,-1.7975103014118005e-13,41.25,0.41,0.3,0.31,0.46,0.47,0.49,0.42,0.37,0.28,0.28,0.51,0.32,0.38
GWETTOP,2008,-1.7975103014118005e-13,41.875,0.45,0.32,0.33,0.5,0.52,0.56,0.5,0.43,0.32,0.3,0.55,0.37,0.43
GWETTOP,2008,-2.0,34.375,0.57,0.64,0.67,0.72,0.58,0.46,0.46,0.45,0.55,0.69,0.74,0.62,0.6
GWETTOP,2008,-2.0,35.0,0.57,0.59,0.64,0.74,0.62,0.56,0.46,0.42,0.5,0.61,0.65,0.55,0.58
GWETTOP,2008,-2.0,35.625,0.52,0.5,0.53,0.68,0.6,0.54,0.47,0.39,0.44,0.53,0.56,0.47,0.52
GWETTOP,2008,-2.0,36.25,0.3,0.31,0.34,0.41,0.36,0.3,0.24,0.21,0.25,0.33,0.37,0.24,0.3
GWETTOP,2008,-2.0,36.875,0.53,0.48,0.48,0.63,0.56,0.37,0.3,0.3,0.34,0.49,0.6,0.4,0.46
GWETTOP,2008,-2.0,37.5,0.49,0.43,0.42,0.53,0.49,0.4,0.3,0.3,0.29,0.43,0.52,0.41,0.42
GWETTOP,2008,-2.0,38.125,0.44,0.39,0.4,0.46,0.42,0.41,0.36,0.34,0.3,0.37,0.45,0.39,0.39
GWETTOP,2008,-2.0,38.75,0.46,0.32,0.43,0.54,0.46,0.43,0.35,0.34,0.28,0.42,0.52,0.34,0.41
GWETTOP,2008,-2.0,39.375,0.44,0.3,0.45,0.58,0.55,0.52,0.42,0.38,0.3,0.43,0.53,0.32,0.44
GWETTOP,2008,-2.0,40.0,0.41,0.28,0.41,0.55,0.56,0.54,0.46,0.42,0.33,0.4,0.48,0.3,0.43
GWETTOP,2008,-2.0,40.625,0.44,0.31,0.38,0.5,0.59,0.61,0.53,0.48,0.41,0.37,0.47,0.31,0.45
GWETTOP,2008,-2.0,41.25,0.45,0.39,0.39,0.48,0.56,0.59,0.51,0.47,0.45,0.4,0.46,0.37,0.46
GWETTOP,2008,-2.0,41.875,0.67,0.66,0.65,0.68,0.74,0.76,0.7,0.68,0.66,0.63,0.67,0.65,0.68
GWETTOP,2008,-2.5,34.375,0.51,0.58,0.63,0.64,0.5,0.39,0.32,0.32,0.39,0.54,0.61,0.53,0.5
GWETTOP,2008,-2.5,35.0,0.51,0.55,0.6,0.7,0.59,0.5,0.38,0.32,0.38,0.48,0.53,0.49,0.5
GWETTOP,2008,-2.5,35.625,0.49,0.48,0.5,0.63,0.57,0.49,0.32,0.25,0.34,0.42,0.5,0.4,0.45
GWETTOP,2008,-2.5,36.25,0.38,0.42,0.44,0.5,0.45,0.35,0.27,0.21,0.25,0.29,0.4,0.31,0.36
GWETTOP,2008,-2.5,36.875,0.54,0.54,0.54,0.63,0.59,0.39,0.26,0.24,0.28,0.36,0.56,0.46,0.45
GWETTOP,2008,-2.5,37.5,0.54,0.52,0.51,0.62,0.57,0.47,0.31,0.29,0.3,0.37,0.56,0.49,0.46
GWETTOP,2008,-2.5,38.125,0.51,0.46,0.47,0.55,0.51,0.49,0.42,0.36,0.3,0.37,0.53,0.48,0.45
GWETTOP,2008,-2.5,38.75,0.49,0.38,0.47,0.59,0.53,0.5,0.4,0.37,0.33,0.4,0.56,0.41,0.45
GWETTOP,2008,-2.5,39.375,0.56,0.4,0.56,0.69,0.69,0.67,0.58,0.52,0.41,0.48,0.63,0.44,0.55
GWETTOP,2008,-2.5,40.0,0.39,0.31,0.41,0.49,0.51,0.49,0.42,0.4,0.35,0.37,0.43,0.34,0.41
GWETTOP,2008,-2.5,40.625,0.51,0.46,0.51,0.56,0.63,0.64,0.57,0.54,0.5,0.49,0.53,0.46,0.53
GWETTOP,2008,-2.5,41.25,1.0,1.0,1.0,1.0,1.0,1.0,1.0,1.0,1.0,1.0,1.0,1.0,1.0
GWETTOP,2008,-2.5,41.875,1.0,1.0,1.0,1.0,1.0,1.0,1.0,1.0,1.0,1.0,1.0,1.0,1.0
GWETTOP,2008,-3.0,34.375,0.52,0.65,0.66,0.65,0.5,0.37,0.23,0.25,0.28,0.44,0.52,0.49,0.46
GWETTOP,2008,-3.0,35.0,0.5,0.59,0.63,0.74,0.63,0.5,0.38,0.26,0.3,0.39,0.49,0.48,0.49
GWETTOP,2008,-3.0,35.625,0.49,0.54,0.61,0.78,0.77,0.63,0.52,0.47,0.4,0.39,0.49,0.48,0.55
GWETTOP,2008,-3.0,36.25,0.51,0.59,0.63,0.73,0.68,0.58,0.45,0.26,0.29,0.31,0.51,0.44,0.5
GWETTOP,2008,-3.0,36.875,0.58,0.61,0.65,0.77,0.77,0.65,0.57,0.44,0.34,0.37,0.59,0.57,0.58
GWETTOP,2008,-3.0,37.5,0.5,0.53,0.55,0.68,0.68,0.58,0.49,0.46,0.4,0.34,0.5,0.49,0.52
GWETTOP,2008,-3.0,38.125,0.5,0.47,0.5,0.56,0.53,0.52,0.47,0.44,0.38,0.35,0.53,0.49,0.48
GWETTOP,2008,-3.0,38.75,0.48,0.39,0.5,0.6,0.55,0.53,0.45,0.41,0.36,0.36,0.57,0.45,0.47
GWETTOP,2008,-3.0,39.375,0.55,0.42,0.59,0.69,0.7,0.69,0.61,0.57,0.47,0.46,0.63,0.48,0.57
GWETTOP,2008,-3.0,40.0,0.39,0.35,0.42,0.49,0.51,0.5,0.43,0.4,0.37,0.36,0.43,0.36,0.42
GWETTOP,2008,-3.0,40.625,0.77,0.75,0.77,0.79,0.83,0.83,0.79,0.78,0.76,0.75,0.77,0.76,0.78
GWETTOP,2008,-3.0,41.25,1.0,1.0,1.0,1.0,1.0,1.0,1.0,1.0,1.0,1.0,1.0,1.0,1.0
GWETTOP,2008,-3.0,41.875,1.0,1.0,1.0,1.0,1.0,1.0,1.0,1.0,1.0,1.0,1.0,1.0,1.0
GWETTOP,2008,-3.5,34.375,0.52,0.65,0.63,0.58,0.46,0.29,0.19,0.21,0.22,0.36,0.49,0.49,0.42
GWETTOP,2008,-3.5,35.0,0.49,0.57,0.6,0.66,0.54,0.45,0.34,0.24,0.25,0.32,0.46,0.46,0.45
GWETTOP,2008,-3.5,35.625,0.48,0.51,0.57,0.66,0.59,0.52,0.48,0.43,0.32,0.32,0.47,0.47,0.48
GWETTOP,2008,-3.5,36.25,0.45,0.52,0.56,0.65,0.58,0.5,0.36,0.22,0.22,0.26,0.46,0.41,0.43
GWETTOP,2008,-3.5,36.875,0.41,0.48,0.52,0.64,0.62,0.52,0.47,0.33,0.25,0.29,0.47,0.43,0.45
GWETTOP,2008,-3.5,37.5,0.38,0.42,0.47,0.58,0.56,0.51,0.48,0.42,0.31,0.29,0.47,0.42,0.44
GWETTOP,2008,-3.5,38.125,0.46,0.41,0.48,0.57,0.52,0.52,0.47,0.44,0.38,0.34,0.53,0.45,0.46
GWETTOP,2008,-3.5,38.75,0.48,0.43,0.52,0.61,0.56,0.55,0.5,0.48,0.44,0.41,0.56,0.47,0.5
GWETTOP,2008,-3.5,39.375,0.5,0.39,0.58,0.69,0.69,0.68,0.61,0.59,0.48,0.44,0.6,0.46,0.56
GWETTOP,2008,-3.5,40.0,0.54,0.48,0.58,0.65,0.66,0.64,0.58,0.57,0.52,0.5,0.58,0.52,0.57
GWETTOP,2008,-3.5,40.625,0.92,0.92,0.93,0.93,0.95,0.95,0.93,0.93,0.92,0.92,0.92,0.92,0.93
GWETTOP,2008,-3.5,41.25,1.0,1.0,1.0,1.0,1.0,1.0,1.0,1.0,1.0,1.0,1.0,1.0,1.0
GWETTOP,2008,-3.5,41.875,1.0,1.0,1.0,1.0,1.0,1.0,1.0,1.0,1.0,1.0,1.0,1.0,1.0
GWETTOP,2008,-4.0,34.375,0.51,0.58,0.58,0.52,0.43,0.3,0.21,0.2,0.19,0.27,0.47,0.48,0.39
GWETTOP,2008,-4.0,35.0,0.54,0.59,0.63,0.64,0.55,0.49,0.38,0.31,0.27,0.3,0.49,0.51,0.47
GWETTOP,2008,-4.0,35.625,0.5,0.53,0.57,0.63,0.57,0.53,0.5,0.46,0.36,0.34,0.47,0.5,0.5
GWETTOP,2008,-4.0,36.25,0.44,0.5,0.54,0.59,0.52,0.48,0.41,0.28,0.24,0.26,0.45,0.43,0.43
GWETTOP,2008,-4.0,36.875,0.44,0.5,0.52,0.59,0.54,0.49,0.46,0.34,0.28,0.3,0.48,0.46,0.45
GWETTOP,2008,-4.0,37.5,0.44,0.49,0.51,0.59,0.53,0.51,0.47,0.38,0.33,0.32,0.51,0.46,0.46
GWETTOP,2008,-4.0,38.125,0.48,0.43,0.53,0.65,0.57,0.58,0.52,0.46,0.39,0.35,0.59,0.47,0.5
GWETTOP,2008,-4.0,38.75,0.45,0.38,0.53,0.65,0.58,0.58,0.51,0.49,0.43,0.38,0.56,0.44,0.5
GWETTOP,2008,-4.0,39.375,0.4,0.33,0.49,0.62,0.61,0.58,0.5,0.47,0.39,0.36,0.48,0.38,0.47
GWETTOP,2008,-4.0,40.0,0.53,0.5,0.58,0.67,0.66,0.63,0.58,0.57,0.53,0.51,0.57,0.52,0.57
GWETTOP,2008,-4.0,40.625,1.0,1.0,1.0,1.0,1.0,1.0,1.0,1.0,1.0,1.0,1.0,1.0,1.0
GWETTOP,2008,-4.0,41.25,1.0,1.0,1.0,1.0,1.0,1.0,1.0,1.0,1.0,1.0,1.0,1.0,1.0
GWETTOP,2008,-4.0,41.875,1.0,1.0,1.0,1.0,1.0,1.0,1.0,1.0,1.0,1.0,1.0,1.0,1.0
GWETTOP,2008,-4.5,34.375,0.46,0.5,0.52,0.46,0.38,0.35,0.3,0.27,0.22,0.24,0.41,0.43,0.38
GWETTOP,2008,-4.5,35.0,0.47,0.52,0.59,0.59,0.47,0.42,0.38,0.34,0.29,0.29,0.45,0.46,0.44
GWETTOP,2008,-4.5,35.625,0.43,0.45,0.52,0.57,0.48,0.44,0.42,0.4,0.33,0.31,0.42,0.44,0.43
GWETTOP,2008,-4.5,36.25,0.44,0.5,0.53,0.57,0.49,0.46,0.4,0.33,0.28,0.29,0.44,0.43,0.43
GWETTOP,2008,-4.5,36.875,0.45,0.52,0.54,0.58,0.5,0.47,0.45,0.37,0.33,0.33,0.49,0.46,0.46
GWETTOP,2008,-4.5,37.5,0.46,0.51,0.53,0.6,0.53,0.5,0.47,0.42,0.37,0.35,0.51,0.47,0.48
GWETTOP,2008,-4.5,38.125,0.58,0.54,0.61,0.72,0.68,0.68,0.65,0.62,0.53,0.47,0.64,0.58,0.61
GWETTOP,2008,-4.5,38.75,0.55,0.47,0.58,0.72,0.69,0.68,0.63,0.61,0.53,0.46,0.62,0.55,0.59
GWETTOP,2008,-4.5,39.375,0.4,0.37,0.46,0.59,0.55,0.52,0.47,0.44,0.4,0.38,0.45,0.4,0.45
GWETTOP,2008,-4.5,40.0,0.95,0.95,0.95,0.96,0.96,0.95,0.95,0.95,0.95,0.95,0.95,0.95,0.95
GWETTOP,2008,-4.5,40.625,1.0,1.0,1.0,1.0,1.0,1.0,1.0,1.0,1.0,1.0,1.0,1.0,1.0
GWETTOP,2008,-4.5,41.25,1.0,1.0,1.0,1.0,1.0,1.0,1.0,1.0,1.0,1.0,1.0,1.0,1.0
GWETTOP,2008,-4.5,41.875,1.0,1.0,1.0,1.0,1.0,1.0,1.0,1.0,1.0,1.0,1.0,1.0,1.0
GWETTOP,2008,0.5,34.375,0.44,0.52,0.55,0.59,0.58,0.63,0.6,0.62,0.64,0.68,0.69,0.55,0.59
GWETTOP,2008,0.5,35.0,0.55,0.55,0.56,0.65,0.66,0.7,0.68,0.7,0.71,0.76,0.79,0.68,0.67
GWETTOP,2008,0.5,35.625,0.4,0.38,0.39,0.52,0.53,0.52,0.48,0.52,0.48,0.57,0.59,0.45,0.49
GWETTOP,2008,0.5,36.25,0.28,0.24,0.25,0.4,0.42,0.44,0.46,0.49,0.46,0.49,0.51,0.41,0.4
GWETTOP,2008,0.5,36.875,0.41,0.33,0.32,0.46,0.45,0.48,0.52,0.54,0.49,0.53,0.57,0.45,0.46
GWETTOP,2008,0.5,37.5,0.34,0.27,0.26,0.34,0.33,0.3,0.32,0.32,0.28,0.37,0.41,0.34,0.32
GWETTOP,2008,0.5,38.125,0.35,0.29,0.27,0.35,0.33,0.27,0.25,0.21,0.19,0.34,0.41,0.35,0.3
GWETTOP,2008,0.5,38.75,0.35,0.29,0.27,0.35,0.32,0.26,0.21,0.18,0.16,0.31,0.41,0.34,0.29
GWETTOP,2008,0.5,39.375,0.36,0.3,0.26,0.38,0.35,0.3,0.2,0.19,0.16,0.29,0.48,0.37,0.3
GWETTOP,2008,0.5,40.0,0.36,0.3,0.24,0.38,0.36,0.34,0.26,0.21,0.16,0.26,0.52,0.38,0.31
GWETTOP,2008,0.5,40.625,0.37,0.31,0.25,0.4,0.38,0.38,0.33,0.26,0.18,0.21,0.53,0.36,0.33
GWETTOP,2008,0.5,41.25,0.39,0.32,0.3,0.44,0.4,0.41,0.36,0.32,0.25,0.25,0.52,0.36,0.36
GWETTOP,2008,0.5,41.875,0.41,0.31,0.3,0.48,0.45,0.48,0.42,0.34,0.26,0.27,0.56,0.39,0.39
GWETTOP,2008,1.0,34.375,0.6,0.62,0.61,0.64,0.66,0.71,0.71,0.74,0.78,0.81,0.83,0.75,0.71
GWETTOP,2008,1.0,35.0,0.52,0.5,0.5,0.6,0.63,0.7,0.69,0.72,0.73,0.78,0.81,0.69,0.66
GWETTOP,2008,1.0,35.625,0.34,0.25,0.29,0.46,0.47,0.48,0.43,0.47,0.44,0.5,0.53,0.39,0.42
GWETTOP,2008,1.0,36.25,0.26,0.18,0.2,0.3,0.32,0.37,0.38,0.42,0.38,0.4,0.4,0.29,0.33
GWETTOP,2008,1.0,36.875,0.36,0.32,0.28,0.33,0.34,0.35,0.37,0.39,0.37,0.39,0.4,0.35,0.35
GWETTOP,2008,1.0,37.5,0.36,0.31,0.27,0.32,0.3,0.26,0.29,0.29,0.24,0.34,0.38,0.33,0.31
GWETTOP,2008,1.0,38.125,0.33,0.27,0.25,0.32,0.27,0.21,0.23,0.19,0.17,0.3,0.37,0.31,0.27
GWETTOP,2008,1.0,38.75,0.34,0.28,0.26,0.35,0.3,0.23,0.19,0.17,0.14,0.29,0.41,0.33,0.27
GWETTOP,2008,1.0,39.375,0.36,0.28,0.25,0.39,0.35,0.26,0.18,0.18,0.15,0.29,0.5,0.38,0.3
GWETTOP,2008,1.0,40.0,0.36,0.3,0.23,0.38,0.36,0.33,0.22,0.19,0.15,0.26,0.54,0.38,0.31
GWETTOP,2008,1.0,40.625,0.38,0.32,0.23,0.41,0.39,0.37,0.31,0.22,0.15,0.2,0.59,0.41,0.33
GWETTOP,2008,1.0,41.25,0.42,0.34,0.27,0.46,0.44,0.45,0.38,0.28,0.19,0.22,0.6,0.46,0.38
GWETTOP,2008,1.0,41.875,0.37,0.29,0.23,0.43,0.42,0.43,0.4,0.3,0.21,0.23,0.56,0.39,0.35
GWETTOP,2008,1.5,34.375,0.35,0.41,0.42,0.48,0.53,0.59,0.58,0.61,0.64,0.66,0.63,0.48,0.53
GWETTOP,2008,1.5,35.0,0.34,0.31,0.33,0.44,0.49,0.55,0.52,0.56,0.57,0.6,0.63,0.44,0.48
GWETTOP,2008,1.5,35.625,0.25,0.18,0.22,0.34,0.36,0.38,0.36,0.4,0.37,0.4,0.41,0.3,0.33
GWETTOP,2008,1.5,36.25,0.23,0.16,0.18,0.26,0.26,0.33,0.34,0.39,0.32,0.34,0.34,0.19,0.28
GWETTOP,2008,1.5,36.875,0.38,0.33,0.32,0.33,0.3,0.29,0.32,0.34,0.29,0.34,0.36,0.31,0.33
GWETTOP,2008,1.5,37.5,0.34,0.26,0.26,0.31,0.27,0.27,0.3,0.3,0.26,0.33,0.35,0.27,0.29
GWETTOP,2008,1.5,38.125,0.35,0.28,0.29,0.35,0.28,0.23,0.23,0.19,0.15,0.3,0.39,0.29,0.28
GWETTOP,2008,1.5,38.75,0.4,0.28,0.3,0.43,0.31,0.26,0.25,0.22,0.18,0.36,0.48,0.32,0.32
GWETTOP,2008,1.5,39.375,0.38,0.31,0.26,0.4,0.36,0.31,0.21,0.19,0.16,0.29,0.5,0.37,0.31
GWETTOP,2008,1.5,40.0,0.37,0.3,0.25,0.4,0.38,0.3,0.2,0.19,0.16,0.3,0.49,0.38,0.31
GWETTOP,2008,1.5,40.625,0.41,0.34,0.23,0.46,0.45,0.4,0.31,0.22,0.16,0.22,0.65,0.48,0.36
GWETTOP,2008,1.5,41.25,0.36,0.3,0.2,0.38,0.37,0.37,0.35,0.28,0.15,0.18,0.56,0.39,0.32
GWETTOP,2008,1.5,41.875,0.34,0.27,0.18,0.42,0.42,0.43,0.4,0.26,0.17,0.22,0.6,0.39,0.34
GWETTOP,2008,2.0,34.375,0.31,0.33,0.35,0.39,0.43,0.51,0.52,0.54,0.55,0.56,0.53,0.39,0.45
GWETTOP,2008,2.0,35.0,0.28,0.22,0.26,0.36,0.41,0.45,0.45,0.47,0.47,0.49,0.5,0.38,0.4
GWETTOP,2008,2.0,35.625,0.23,0.15,0.2,0.28,0.33,0.32,0.31,0.36,0.31,0.35,0.35,0.2,0.28
GWETTOP,2008,2.0,36.25,0.25,0.16,0.19,0.25,0.24,0.29,0.29,0.34,0.25,0.3,0.3,0.16,0.25
GWETTOP,2008,2.0,36.875,0.37,0.31,0.31,0.33,0.28,0.28,0.3,0.32,0.25,0.32,0.35,0.26,0.31
GWETTOP,2008,2.0,37.5,0.36,0.3,0.28,0.32,0.28,0.24,0.26,0.26,0.21,0.31,0.35,0.25,0.28
GWETTOP,2008,2.0,38.125,0.38,0.31,0.31,0.4,0.33,0.25,0.23,0.2,0.16,0.35,0.43,0.32,0.31
GWETTOP,2008,2.0,38.75,0.38,0.29,0.3,0.4,0.33,0.27,0.23,0.2,0.16,0.35,0.43,0.32,0.3
GWETTOP,2008,2.0,39.375,0.36,0.29,0.25,0.4,0.37,0.32,0.22,0.19,0.16,0.31,0.45,0.35,0.31
GWETTOP,2008,2.0,40.0,0.38,0.31,0.25,0.43,0.41,0.35,0.24,0.21,0.17,0.33,0.5,0.38,0.33
GWETTOP,2008,2.0,40.625,0.46,0.36,0.25,0.58,0.57,0.46,0.37,0.27,0.2,0.29,0.75,0.53,0.42
GWETTOP,2008,2.0,41.25,0.39,0.32,0.21,0.47,0.45,0.4,0.34,0.25,0.16,0.21,0.62,0.43,0.35
GWETTOP,2008,2.0,41.875,0.41,0.29,0.22,0.55,0.55,0.53,0.45,0.29,0.2,0.28,0.71,0.46,0.41
GWETTOP,2008,2.5,34.375,0.3,0.28,0.3,0.38,0.39,0.45,0.48,0.46,0.49,0.5,0.47,0.33,0.4
GWETTOP,2008,2.5,35.0,0.27,0.19,0.23,0.33,0.38,0.39,0.4,0.4,0.4,0.43,0.44,0.33,0.35
GWETTOP,2008,2.5,35.625,0.23,0.15,0.19,0.29,0.35,0.29,0.26,0.3,0.28,0.33,0.35,0.19,0.27
GWETTOP,2008,2.5,36.25,0.24,0.16,0.2,0.28,0.28,0.23,0.24,0.27,0.23,0.28,0.3,0.15,0.24
GWETTOP,2008,2.5,36.875,0.31,0.23,0.26,0.33,0.29,0.23,0.24,0.25,0.22,0.28,0.34,0.21,0.27
GWETTOP,2008,2.5,37.5,0.33,0.24,0.28,0.36,0.29,0.2,0.22,0.22,0.19,0.3,0.37,0.23,0.27
GWETTOP,2008,2.5,38.125,0.34,0.28,0.29,0.39,0.35,0.23,0.21,0.19,0.18,0.35,0.42,0.33,0.3
GWETTOP,2008,2.5,38.75,0.33,0.26,0.28,0.39,0.35,0.25,0.2,0.19,0.18,0.34,0.42,0.32,0.29
GWETTOP,2008,2.5,39.375,0.32,0.25,0.25,0.4,0.37,0.32,0.21,0.21,0.18,0.33,0.44,0.33,0.3
GWETTOP,2008,2.5,40.0,0.36,0.27,0.26,0.45,0.42,0.35,0.27,0.24,0.2,0.34,0.5,0.36,0.33
GWETTOP,2008,2.5,40.625,0.39,0.28,0.23,0.52,0.49,0.38,0.33,0.3,0.23,0.31,0.64,0.41,0.38
GWETTOP,2008,2.5,41.25,0.25,0.18,0.17,0.36,0.28,0.26,0.23,0.22,0.18,0.21,0.43,0.23,0.25
GWETTOP,2008,2.5,41.875,0.27,0.19,0.17,0.38,0.35,0.35,0.3,0.26,0.21,0.26,0.48,0.28,0.29
GWETTOP,2008,3.0,34.375,0.27,0.22,0.22,0.41,0.39,0.44,0.49,0.43,0.47,0.51,0.51,0.38,0.4
GWETTOP,2008,3.0,35.0,0.23,0.14,0.18,0.33,0.36,0.34,0.34,0.31,0.35,0.38,0.41,0.31,0.31
GWETTOP,2008,3.0,35.625,0.2,0.14,0.19,0.31,0.35,0.24,0.2,0.22,0.27,0.31,0.35,0.17,0.25
GWETTOP,2008,3.0,36.25,0.21,0.15,0.21,0.33,0.31,0.17,0.18,0.19,0.21,0.26,0.33,0.15,0.23
GWETTOP,2008,3.0,36.875,0.23,0.16,0.23,0.35,0.32,0.19,0.18,0.18,0.19,0.26,0.34,0.18,0.23
GWETTOP,2008,3.0,37.5,0.24,0.15,0.24,0.36,0.26,0.14,0.17,0.17,0.17,0.26,0.34,0.17,0.22
GWETTOP,2008,3.0,38.125,0.29,0.23,0.27,0.39,0.35,0.24,0.19,0.19,0.19,0.33,0.41,0.31,0.28
GWETTOP,2008,3.0,38.75,0.31,0.22,0.3,0.44,0.39,0.26,0.21,0.21,0.22,0.37,0.46,0.31,0.31
GWETTOP,2008,3.0,39.375,0.28,0.21,0.25,0.41,0.36,0.32,0.22,0.23,0.21,0.34,0.43,0.31,0.3
GWETTOP,2008,3.0,40.0,0.31,0.23,0.25,0.44,0.4,0.34,0.26,0.27,0.22,0.35,0.48,0.34,0.32
GWETTOP,2008,3.0,40.625,0.31,0.22,0.2,0.43,0.39,0.3,0.26,0.28,0.22,0.31,0.51,0.32,0.31
GWETTOP,2008,3.0,41.25,0.25,0.18,0.16,0.36,0.29,0.26,0.24,0.25,0.19,0.25,0.42,0.24,0.26
GWETTOP,2008,3.0,41.875,0.26,0.17,0.12,0.34,0.32,0.3,0.29,0.27,0.2,0.28,0.42,0.28,0.27
GWETTOP,2008,3.5,34.375,0.3,0.17,0.19,0.36,0.35,0.37,0.41,0.38,0.41,0.45,0.46,0.34,0.35
GWETTOP,2008,3.5,35.0,0.23,0.14,0.2,0.34,0.35,0.32,0.34,0.28,0.34,0.38,0.39,0.29,0.3
GWETTOP,2008,3.5,35.625,0.21,0.14,0.21,0.35,0.35,0.22,0.19,0.22,0.27,0.32,0.35,0.17,0.25
GWETTOP,2008,3.5,36.25,0.21,0.14,0.23,0.38,0.35,0.21,0.18,0.19,0.23,0.29,0.34,0.15,0.24
GWETTOP,2008,3.5,36.875,0.22,0.16,0.25,0.4,0.37,0.3,0.21,0.19,0.2,0.3,0.35,0.18,0.26
GWETTOP,2008,3.5,37.5,0.24,0.17,0.27,0.45,0.4,0.27,0.23,0.21,0.23,0.33,0.39,0.2,0.28
GWETTOP,2008,3.5,38.125,0.26,0.2,0.27,0.42,0.38,0.33,0.28,0.23,0.24,0.35,0.41,0.3,0.31
GWETTOP,2008,3.5,38.75,0.27,0.18,0.27,0.44,0.38,0.33,0.29,0.26,0.26,0.38,0.42,0.3,0.32
GWETTOP,2008,3.5,39.375,0.31,0.22,0.28,0.47,0.43,0.36,0.32,0.31,0.28,0.4,0.47,0.34,0.35
GWETTOP,2008,3.5,40.0,0.3,0.22,0.23,0.45,0.41,0.34,0.27,0.28,0.24,0.37,0.48,0.33,0.33
GWETTOP,2008,3.5,40.625,0.37,0.24,0.21,0.51,0.5,0.33,0.28,0.33,0.26,0.4,0.62,0.39,0.37
GWETTOP,2008,3.5,41.25,0.28,0.2,0.17,0.38,0.33,0.26,0.23,0.25,0.21,0.29,0.45,0.3,0.28
GWETTOP,2008,3.5,41.875,0.21,0.14,0.12,0.33,0.27,0.24,0.22,0.21,0.17,0.26,0.4,0.24,0.23
GWETTOP,2008,4.0,34.375,0.32,0.19,0.23,0.43,0.37,0.42,0.49,0.41,0.47,0.53,0.52,0.33,0.39
GWETTOP,2008,4.0,35.0,0.26,0.16,0.25,0.43,0.4,0.35,0.38,0.32,0.4,0.46,0.45,0.26,0.34
GWETTOP,2008,4.0,35.625,0.22,0.15,0.23,0.4,0.39,0.3,0.22,0.23,0.29,0.34,0.36,0.21,0.28
GWETTOP,2008,4.0,36.25,0.2,0.13,0.23,0.41,0.38,0.27,0.19,0.2,0.24,0.32,0.34,0.15,0.26
GWETTOP,2008,4.0,36.875,0.2,0.14,0.25,0.43,0.4,0.33,0.26,0.2,0.24,0.33,0.36,0.19,0.28
GWETTOP,2008,4.0,37.5,0.22,0.15,0.26,0.46,0.42,0.32,0.28,0.23,0.26,0.37,0.39,0.21,0.3
GWETTOP,2008,4.0,38.125,0.28,0.19,0.28,0.48,0.43,0.34,0.35,0.33,0.36,0.45,0.48,0.32,0.36
GWETTOP,2008,4.0,38.75,0.36,0.24,0.36,0.61,0.6,0.41,0.39,0.38,0.45,0.59,0.63,0.4,0.45
GWETTOP,2008,4.0,39.375,0.4,0.26,0.33,0.62,0.61,0.43,0.34,0.35,0.38,0.57,0.63,0.4,0.44
GWETTOP,2008,4.0,40.0,0.33,0.22,0.23,0.51,0.48,0.37,0.28,0.31,0.27,0.43,0.54,0.36,0.36
GWETTOP,2008,4.0,40.625,0.38,0.25,0.19,0.52,0.52,0.34,0.28,0.32,0.25,0.42,0.63,0.42,0.38
GWETTOP,2008,4.0,41.25,0.3,0.2,0.14,0.37,0.37,0.3,0.22,0.23,0.18,0.31,0.48,0.35,0.29
GWETTOP,2008,4.0,41.875,0.27,0.16,0.13,0.36,0.35,0.3,0.23,0.2,0.17,0.29,0.47,0.33,0.27
GWETTOP,2008,4.5,34.375,0.34,0.23,0.29,0.52,0.39,0.47,0.57,0.44,0.55,0.64,0.52,0.29,0.44
GWETTOP,2008,4.5,35.0,0.3,0.18,0.28,0.51,0.44,0.36,0.41,0.34,0.45,0.51,0.5,0.25,0.38
GWETTOP,2008,4.5,35.625,0.22,0.15,0.24,0.42,0.41,0.34,0.25,0.24,0.31,0.35,0.37,0.22,0.29
GWETTOP,2008,4.5,36.25,0.19,0.13,0.23,0.42,0.4,0.31,0.22,0.22,0.26,0.34,0.36,0.17,0.27
GWETTOP,2008,4.5,36.875,0.18,0.14,0.23,0.42,0.41,0.34,0.29,0.23,0.27,0.35,0.37,0.22,0.29
GWETTOP,2008,4.5,37.5,0.25,0.19,0.31,0.55,0.5,0.34,0.36,0.32,0.39,0.5,0.52,0.26,0.37
GWETTOP,2008,4.5,38.125,0.33,0.23,0.31,0.56,0.54,0.34,0.41,0.39,0.49,0.58,0.62,0.4,0.43
GWETTOP,2008,4.5,38.75,0.32,0.22,0.29,0.53,0.5,0.33,0.38,0.37,0.45,0.55,0.59,0.39,0.41
GWETTOP,2008,4.5,39.375,0.31,0.2,0.23,0.5,0.47,0.34,0.29,0.3,0.33,0.45,0.52,0.35,0.36
GWETTOP,2008,4.5,40.0,0.28,0.19,0.21,0.44,0.42,0.32,0.27,0.26,0.3,0.4,0.46,0.32,0.32
GWETTOP,2008,4.5,40.625,0.29,0.19,0.15,0.41,0.41,0.33,0.25,0.27,0.23,0.37,0.48,0.35,0.31
GWETTOP,2008,4.5,41.25,0.32,0.2,0.13,0.38,0.38,0.33,0.27,0.24,0.19,0.33,0.47,0.35,0.3
GWETTOP,2008,4.5,41.875,0.27,0.15,0.12,0.39,0.4,0.31,0.23,0.21,0.16,0.33,0.5,0.36,0.29
GWETTOP,2009,-0.5,34.375,0.51,0.52,0.44,0.77,0.84,0.79,0.65,0.55,0.56,0.59,0.64,0.76,0.64
GWETTOP,2009,-0.5,35.0,0.52,0.5,0.42,0.68,0.75,0.7,0.61,0.55,0.55,0.57,0.61,0.68,0.6
GWETTOP,2009,-0.5,35.625,0.46,0.43,0.4,0.54,0.57,0.51,0.47,0.45,0.46,0.49,0.51,0.55,0.49
GWETTOP,2009,-0.5,36.25,0.38,0.37,0.35,0.45,0.48,0.41,0.38,0.38,0.38,0.43,0.44,0.47,0.41
GWETTOP,2009,-0.5,36.875,0.38,0.37,0.35,0.45,0.47,0.4,0.37,0.36,0.35,0.43,0.45,0.49,0.41
GWETTOP,2009,-0.5,37.5,0.43,0.41,0.34,0.48,0.49,0.45,0.38,0.35,0.33,0.47,0.5,0.53,0.43
GWETTOP,2009,-0.5,38.125,0.42,0.36,0.28,0.42,0.38,0.3,0.23,0.2,0.18,0.41,0.49,0.55,0.35
GWETTOP,2009,-0.5,38.75,0.36,0.3,0.24,0.38,0.35,0.28,0.22,0.2,0.18,0.4,0.44,0.5,0.32
GWETTOP,2009,-0.5,39.375,0.29,0.23,0.2,0.37,0.37,0.34,0.26,0.22,0.19,0.4,0.42,0.45,0.31
GWETTOP,2009,-0.5,40.0,0.31,0.24,0.21,0.4,0.41,0.38,0.3,0.25,0.21,0.44,0.48,0.5,0.34
GWETTOP,2009,-0.5,40.625,0.29,0.24,0.21,0.41,0.44,0.49,0.43,0.35,0.26,0.51,0.52,0.51,0.39
GWETTOP,2009,-0.5,41.25,0.29,0.24,0.22,0.42,0.45,0.5,0.44,0.35,0.27,0.52,0.53,0.51,0.4
GWETTOP,2009,-0.5,41.875,0.26,0.22,0.19,0.4,0.44,0.49,0.46,0.36,0.26,0.48,0.51,0.49,0.38
GWETTOP,2009,-1.0,34.375,0.51,0.52,0.49,0.64,0.69,0.64,0.52,0.49,0.51,0.53,0.58,0.68,0.57
GWETTOP,2009,-1.0,35.0,0.56,0.57,0.52,0.67,0.71,0.68,0.59,0.55,0.56,0.57,0.63,0.69,0.61
GWETTOP,2009,-1.0,35.625,0.48,0.48,0.43,0.58,0.63,0.58,0.51,0.48,0.48,0.49,0.54,0.59,0.52
GWETTOP,2009,-1.0,36.25,0.36,0.36,0.34,0.46,0.53,0.49,0.4,0.38,0.37,0.4,0.43,0.49,0.42
GWETTOP,2009,-1.0,36.875,0.41,0.43,0.33,0.49,0.51,0.48,0.37,0.27,0.27,0.43,0.49,0.53,0.42
GWETTOP,2009,-1.0,37.5,0.43,0.44,0.34,0.5,0.52,0.46,0.38,0.32,0.3,0.44,0.5,0.54,0.43
GWETTOP,2009,-1.0,38.125,0.41,0.36,0.28,0.45,0.41,0.32,0.24,0.21,0.19,0.44,0.49,0.58,0.37
GWETTOP,2009,-1.0,38.75,0.36,0.3,0.24,0.42,0.37,0.3,0.22,0.2,0.18,0.43,0.45,0.55,0.34
GWETTOP,2009,-1.0,39.375,0.29,0.24,0.21,0.43,0.42,0.39,0.29,0.25,0.21,0.49,0.44,0.53,0.35
GWETTOP,2009,-1.0,40.0,0.34,0.28,0.25,0.48,0.48,0.43,0.33,0.28,0.24,0.52,0.55,0.59,0.4
GWETTOP,2009,-1.0,40.625,0.29,0.25,0.23,0.43,0.47,0.52,0.47,0.38,0.28,0.53,0.54,0.52,0.41
GWETTOP,2009,-1.0,41.25,0.28,0.23,0.21,0.41,0.46,0.52,0.48,0.41,0.3,0.53,0.54,0.52,0.41
GWETTOP,2009,-1.0,41.875,0.24,0.21,0.19,0.34,0.39,0.43,0.41,0.35,0.27,0.44,0.43,0.42,0.34
GWETTOP,2009,-1.5,34.375,0.47,0.62,0.53,0.7,0.72,0.65,0.46,0.47,0.51,0.59,0.64,0.7,0.59
GWETTOP,2009,-1.5,35.0,0.49,0.59,0.53,0.69,0.71,0.63,0.49,0.44,0.46,0.55,0.61,0.65,0.57
GWETTOP,2009,-1.5,35.625,0.42,0.49,0.42,0.59,0.64,0.58,0.49,0.41,0.38,0.46,0.52,0.56,0.5
GWETTOP,2009,-1.5,36.25,0.26,0.33,0.25,0.45,0.47,0.44,0.34,0.26,0.25,0.35,0.4,0.43,0.35
GWETTOP,2009,-1.5,36.875,0.38,0.46,0.36,0.61,0.62,0.56,0.3,0.26,0.28,0.49,0.58,0.63,0.46
GWETTOP,2009,-1.5,37.5,0.37,0.4,0.31,0.47,0.47,0.43,0.28,0.25,0.25,0.41,0.48,0.52,0.39
GWETTOP,2009,-1.5,38.125,0.39,0.37,0.31,0.42,0.4,0.34,0.29,0.26,0.22,0.39,0.45,0.49,0.36
GWETTOP,2009,-1.5,38.75,0.35,0.31,0.26,0.45,0.39,0.31,0.24,0.22,0.2,0.43,0.48,0.54,0.35
GWETTOP,2009,-1.5,39.375,0.31,0.26,0.23,0.45,0.42,0.37,0.28,0.24,0.21,0.46,0.47,0.53,0.35
GWETTOP,2009,-1.5,40.0,0.33,0.27,0.25,0.51,0.52,0.52,0.41,0.34,0.27,0.55,0.56,0.59,0.43
GWETTOP,2009,-1.5,40.625,0.3,0.25,0.23,0.45,0.49,0.53,0.49,0.41,0.31,0.54,0.54,0.54,0.42
GWETTOP,2009,-1.5,41.25,0.27,0.21,0.17,0.42,0.47,0.52,0.49,0.44,0.32,0.53,0.58,0.54,0.41
GWETTOP,2009,-1.5,41.875,0.55,0.52,0.5,0.61,0.65,0.67,0.65,0.63,0.59,0.68,0.68,0.66,0.62
GWETTOP,2009,-1.7975103014118005e-13,34.375,0.46,0.48,0.42,0.69,0.73,0.66,0.58,0.51,0.53,0.52,0.55,0.61,0.56
GWETTOP,2009,-1.7975103014118005e-13,35.0,0.58,0.52,0.45,0.7,0.74,0.7,0.66,0.63,0.62,0.64,0.64,0.65,0.63
GWETTOP,2009,-1.7975103014118005e-13,35.625,0.5,0.45,0.42,0.56,0.6,0.55,0.53,0.51,0.5,0.54,0.53,0.55,0.52
GWETTOP,2009,-1.7975103014118005e-13,36.25,0.41,0.37,0.31,0.46,0.49,0.43,0.43,0.43,0.41,0.46,0.45,0.47,0.43
GWETTOP,2009,-1.7975103014118005e-13,36.875,0.37,0.35,0.33,0.4,0.42,0.36,0.35,0.35,0.33,0.4,0.4,0.44,0.38
GWETTOP,2009,-1.7975103014118005e-13,37.5,0.41,0.39,0.35,0.43,0.45,0.4,0.36,0.33,0.31,0.43,0.46,0.49,0.4
GWETTOP,2009,-1.7975103014118005e-13,38.125,0.39,0.35,0.28,0.38,0.35,0.28,0.21,0.18,0.16,0.38,0.44,0.47,0.32
GWETTOP,2009,-1.7975103014118005e-13,38.75,0.33,0.28,0.22,0.34,0.32,0.25,0.18,0.15,0.14,0.35,0.38,0.41,0.28
GWETTOP,2009,-1.7975103014118005e-13,39.375,0.3,0.22,0.17,0.33,0.33,0.28,0.2,0.17,0.15,0.34,0.37,0.39,0.27
GWETTOP,2009,-1.7975103014118005e-13,40.0,0.31,0.22,0.17,0.34,0.35,0.33,0.24,0.2,0.17,0.37,0.41,0.41,0.29
GWETTOP,2009,-1.7975103014118005e-13,40.625,0.3,0.22,0.17,0.38,0.39,0.4,0.34,0.27,0.2,0.44,0.47,0.45,0.34
GWETTOP,2009,-1.7975103014118005e-13,41.25,0.3,0.25,0.22,0.41,0.41,0.43,0.36,0.29,0.23,0.48,0.47,0.46,0.36
GWETTOP,2009,-1.7975103014118005e-13,41.875,0.31,0.24,0.2,0.46,0.46,0.46,0.4,0.31,0.24,0.5,0.54,0.51,0.39
GWETTOP,2009,-2.0,34.375,0.45,0.65,0.57,0.72,0.68,0.6,0.33,0.43,0.48,0.55,0.65,0.69,0.57
GWETTOP,2009,-2.0,35.0,0.46,0.61,0.56,0.7,0.67,0.59,0.4,0.37,0.41,0.53,0.61,0.65,0.55
GWETTOP,2009,-2.0,35.625,0.42,0.52,0.46,0.6,0.61,0.56,0.44,0.32,0.33,0.45,0.54,0.58,0.49
GWETTOP,2009,-2.0,36.25,0.22,0.29,0.23,0.39,0.37,0.33,0.2,0.16,0.17,0.28,0.33,0.38,0.28
GWETTOP,2009,-2.0,36.875,0.36,0.45,0.36,0.59,0.57,0.45,0.25,0.22,0.23,0.45,0.54,0.63,0.42
GWETTOP,2009,-2.0,37.5,0.34,0.4,0.3,0.5,0.48,0.39,0.24,0.21,0.21,0.41,0.49,0.54,0.38
GWETTOP,2009,-2.0,38.125,0.36,0.35,0.3,0.41,0.38,0.34,0.28,0.24,0.2,0.37,0.43,0.47,0.34
GWETTOP,2009,-2.0,38.75,0.35,0.32,0.28,0.48,0.41,0.35,0.27,0.24,0.22,0.45,0.48,0.55,0.37
GWETTOP,2009,-2.0,39.375,0.34,0.3,0.27,0.51,0.49,0.44,0.34,0.29,0.24,0.5,0.51,0.57,0.4
GWETTOP,2009,-2.0,40.0,0.31,0.26,0.24,0.47,0.48,0.47,0.4,0.34,0.26,0.5,0.5,0.54,0.4
GWETTOP,2009,-2.0,40.625,0.28,0.23,0.21,0.44,0.48,0.51,0.48,0.42,0.34,0.53,0.53,0.54,0.42
GWETTOP,2009,-2.0,41.25,0.33,0.29,0.27,0.43,0.48,0.5,0.48,0.46,0.43,0.51,0.51,0.49,0.43
GWETTOP,2009,-2.0,41.875,0.61,0.58,0.57,0.66,0.69,0.7,0.68,0.67,0.65,0.7,0.71,0.69,0.66
GWETTOP,2009,-2.5,34.375,0.49,0.6,0.55,0.66,0.56,0.47,0.25,0.32,0.33,0.4,0.58,0.6,0.48
GWETTOP,2009,-2.5,35.0,0.45,0.57,0.53,0.63,0.56,0.49,0.29,0.28,0.29,0.41,0.55,0.61,0.47
GWETTOP,2009,-2.5,35.625,0.37,0.5,0.44,0.54,0.51,0.4,0.24,0.2,0.21,0.37,0.51,0.57,0.4
GWETTOP,2009,-2.5,36.25,0.26,0.37,0.28,0.44,0.36,0.29,0.18,0.15,0.14,0.29,0.42,0.49,0.31
GWETTOP,2009,-2.5,36.875,0.34,0.46,0.35,0.56,0.44,0.34,0.22,0.18,0.17,0.4,0.56,0.63,0.39
GWETTOP,2009,-2.5,37.5,0.34,0.44,0.33,0.54,0.46,0.36,0.24,0.2,0.19,0.43,0.55,0.62,0.39
GWETTOP,2009,-2.5,38.125,0.39,0.37,0.3,0.49,0.43,0.39,0.27,0.23,0.2,0.44,0.52,0.57,0.38
GWETTOP,2009,-2.5,38.75,0.35,0.35,0.32,0.53,0.45,0.42,0.31,0.28,0.25,0.49,0.53,0.59,0.41
GWETTOP,2009,-2.5,39.375,0.38,0.37,0.36,0.62,0.6,0.57,0.43,0.37,0.31,0.58,0.65,0.68,0.49
GWETTOP,2009,-2.5,40.0,0.29,0.26,0.25,0.42,0.42,0.43,0.38,0.33,0.28,0.47,0.47,0.49,0.37
GWETTOP,2009,-2.5,40.625,0.41,0.38,0.37,0.51,0.55,0.56,0.53,0.51,0.48,0.59,0.61,0.57,0.51
GWETTOP,2009,-2.5,41.25,1.0,1.0,1.0,1.0,1.0,1.0,1.0,1.0,1.0,1.0,1.0,1.0,1.0
GWETTOP,2009,-2.5,41.875,1.0,1.0,1.0,1.0,1.0,1.0,1.0,1.0,1.0,1.0,1.0,1.0,1.0
GWETTOP,2009,-3.0,34.375,0.53,0.69,0.61,0.67,0.52,0.41,0.2,0.23,0.22,0.27,0.57,0.6,0.46
GWETTOP,2009,-3.0,35.0,0.47,0.62,0.56,0.63,0.52,0.45,0.23,0.22,0.2,0.33,0.57,0.62,0.45
GWETTOP,2009,-3.0,35.625,0.48,0.54,0.51,0.58,0.52,0.48,0.39,0.25,0.21,0.38,0.57,0.66,0.46
GWETTOP,2009,-3.0,36.25,0.34,0.56,0.41,0.58,0.48,0.32,0.22,0.19,0.16,0.37,0.59,0.65,0.4
GWETTOP,2009,-3.0,36.875,0.36,0.52,0.38,0.59,0.56,0.44,0.29,0.23,0.2,0.47,0.64,0.72,0.45
GWETTOP,2009,-3.0,37.5,0.38,0.45,0.35,0.5,0.48,0.44,0.31,0.23,0.19,0.4,0.54,0.61,0.41
GWETTOP,2009,-3.0,38.125,0.41,0.4,0.35,0.5,0.46,0.45,0.33,0.28,0.24,0.46,0.51,0.58,0.41
GWETTOP,2009,-3.0,38.75,0.33,0.36,0.34,0.54,0.45,0.46,0.34,0.3,0.26,0.51,0.54,0.6,0.42
GWETTOP,2009,-3.0,39.375,0.37,0.39,0.39,0.63,0.59,0.6,0.47,0.4,0.33,0.6,0.66,0.68,0.51
GWETTOP,2009,-3.0,40.0,0.31,0.3,0.29,0.42,0.41,0.42,0.38,0.35,0.29,0.47,0.47,0.48,0.38
GWETTOP,2009,-3.0,40.625,0.74,0.73,0.72,0.77,0.78,0.79,0.77,0.76,0.75,0.81,0.82,0.8,0.77
GWETTOP,2009,-3.0,41.25,1.0,1.0,1.0,1.0,1.0,1.0,1.0,1.0,1.0,1.0,1.0,1.0,1.0
GWETTOP,2009,-3.0,41.875,1.0,1.0,1.0,1.0,1.0,1.0,1.0,1.0,1.0,1.0,1.0,1.0,1.0
GWETTOP,2009,-3.5,34.375,0.53,0.67,0.59,0.61,0.48,0.33,0.18,0.19,0.19,0.24,0.54,0.59,0.43
GWETTOP,2009,-3.5,35.0,0.49,0.59,0.53,0.58,0.48,0.39,0.24,0.2,0.18,0.28,0.53,0.59,0.42
GWETTOP,2009,-3.5,35.625,0.44,0.52,0.49,0.53,0.49,0.44,0.33,0.24,0.2,0.32,0.52,0.58,0.42
GWETTOP,2009,-3.5,36.25,0.3,0.49,0.38,0.51,0.42,0.28,0.2,0.17,0.15,0.31,0.51,0.57,0.36
GWETTOP,2009,-3.5,36.875,0.25,0.41,0.33,0.49,0.46,0.33,0.23,0.19,0.16,0.36,0.5,0.55,0.35
GWETTOP,2009,-3.5,37.5,0.28,0.34,0.29,0.48,0.45,0.38,0.26,0.2,0.17,0.38,0.48,0.5,0.35
GWETTOP,2009,-3.5,38.125,0.33,0.37,0.34,0.52,0.45,0.46,0.36,0.31,0.25,0.48,0.49,0.56,0.41
GWETTOP,2009,-3.5,38.75,0.38,0.4,0.38,0.54,0.48,0.49,0.42,0.37,0.3,0.51,0.52,0.58,0.45
GWETTOP,2009,-3.5,39.375,0.35,0.38,0.39,0.62,0.59,0.6,0.48,0.41,0.34,0.58,0.62,0.65,0.5
GWETTOP,2009,-3.5,40.0,0.46,0.47,0.47,0.59,0.57,0.57,0.51,0.48,0.43,0.59,0.6,0.63,0.53
GWETTOP,2009,-3.5,40.625,0.91,0.91,0.91,0.92,0.93,0.93,0.92,0.92,0.91,0.94,0.94,0.93,0.92
GWETTOP,2009,-3.5,41.25,1.0,1.0,1.0,1.0,1.0,1.0,1.0,1.0,1.0,1.0,1.0,1.0,1.0
GWETTOP,2009,-3.5,41.875,1.0,1.0,1.0,1.0,1.0,1.0,1.0,1.0,1.0,1.0,1.0,1.0,1.0
GWETTOP,2009,-4.0,34.375,0.52,0.6,0.55,0.56,0.45,0.32,0.22,0.19,0.17,0.21,0.49,0.56,0.4
GWETTOP,2009,-4.0,35.0,0.54,0.62,0.57,0.6,0.51,0.41,0.32,0.26,0.22,0.3,0.54,0.61,0.46
GWETTOP,2009,-4.0,35.625,0.48,0.54,0.51,0.54,0.51,0.46,0.37,0.3,0.24,0.32,0.51,0.57,0.45
GWETTOP,2009,-4.0,36.25,0.34,0.49,0.42,0.49,0.42,0.3,0.23,0.19,0.16,0.3,0.48,0.55,0.36
GWETTOP,2009,-4.0,36.875,0.34,0.47,0.38,0.49,0.44,0.34,0.25,0.21,0.18,0.36,0.48,0.54,0.37
GWETTOP,2009,-4.0,37.5,0.34,0.44,0.35,0.52,0.44,0.38,0.3,0.24,0.2,0.39,0.49,0.54,0.39
GWETTOP,2009,-4.0,38.125,0.34,0.39,0.37,0.59,0.48,0.5,0.39,0.33,0.25,0.51,0.52,0.61,0.44
GWETTOP,2009,-4.0,38.75,0.33,0.38,0.37,0.57,0.48,0.51,0.43,0.37,0.28,0.53,0.51,0.6,0.45
GWETTOP,2009,-4.0,39.375,0.3,0.33,0.34,0.52,0.48,0.48,0.41,0.35,0.29,0.5,0.47,0.52,0.42
GWETTOP,2009,-4.0,40.0,0.49,0.5,0.51,0.58,0.55,0.55,0.51,0.5,0.48,0.59,0.57,0.6,0.54
GWETTOP,2009,-4.0,40.625,1.0,1.0,1.0,1.0,1.0,1.0,1.0,1.0,1.0,1.0,1.0,1.0,1.0
GWETTOP,2009,-4.0,41.25,1.0,1.0,1.0,1.0,1.0,1.0,1.0,1.0,1.0,1.0,1.0,1.0,1.0
GWETTOP,2009,-4.0,41.875,1.0,1.0,1.0,1.0,1.0,1.0,1.0,1.0,1.0,1.0,1.0,1.0,1.0
GWETTOP,2009,-4.5,34.375,0.48,0.53,0.49,0.5,0.4,0.36,0.32,0.27,0.22,0.23,0.44,0.49,0.39
GWETTOP,2009,-4.5,35.0,0.49,0.57,0.5,0.56,0.44,0.39,0.35,0.3,0.26,0.29,0.49,0.55,0.43
GWETTOP,2009,-4.5,35.625,0.42,0.49,0.44,0.49,0.43,0.4,0.36,0.29,0.24,0.3,0.44,0.51,0.4
GWETTOP,2009,-4.5,36.25,0.36,0.49,0.44,0.5,0.42,0.33,0.28,0.24,0.21,0.31,0.46,0.54,0.38
GWETTOP,2009,-4.5,36.875,0.36,0.49,0.43,0.51,0.44,0.35,0.3,0.26,0.23,0.37,0.47,0.54,0.4
GWETTOP,2009,-4.5,37.5,0.36,0.48,0.41,0.52,0.46,0.4,0.33,0.29,0.24,0.39,0.48,0.54,0.41
GWETTOP,2009,-4.5,38.125,0.44,0.5,0.46,0.64,0.59,0.59,0.52,0.44,0.32,0.54,0.6,0.65,0.52
GWETTOP,2009,-4.5,38.75,0.42,0.46,0.45,0.62,0.58,0.58,0.53,0.45,0.34,0.55,0.59,0.64,0.52
GWETTOP,2009,-4.5,39.375,0.35,0.37,0.38,0.47,0.44,0.44,0.4,0.37,0.31,0.45,0.43,0.48,0.41
GWETTOP,2009,-4.5,40.0,0.95,0.95,0.95,0.95,0.95,0.95,0.95,0.94,0.94,0.95,0.95,0.95,0.95
GWETTOP,2009,-4.5,40.625,1.0,1.0,1.0,1.0,1.0,1.0,1.0,1.0,1.0,1.0,1.0,1.0,1.0
GWETTOP,2009,-4.5,41.25,1.0,1.0,1.0,1.0,1.0,1.0,1.0,1.0,1.0,1.0,1.0,1.0,1.0
GWETTOP,2009,-4.5,41.875,1.0,1.0,1.0,1.0,1.0,1.0,1.0,1.0,1.0,1.0,1.0,1.0,1.0
GWETTOP,2009,0.5,34.375,0.5,0.48,0.42,0.61,0.62,0.54,0.54,0.53,0.56,0.52,0.5,0.51,0.53
GWETTOP,2009,0.5,35.0,0.59,0.51,0.46,0.62,0.66,0.6,0.61,0.61,0.6,0.62,0.58,0.56,0.59
GWETTOP,2009,0.5,35.625,0.41,0.36,0.29,0.49,0.55,0.48,0.48,0.47,0.44,0.5,0.47,0.46,0.45
GWETTOP,2009,0.5,36.25,0.34,0.27,0.19,0.39,0.43,0.39,0.42,0.42,0.37,0.42,0.39,0.39,0.37
GWETTOP,2009,0.5,36.875,0.43,0.41,0.29,0.46,0.48,0.38,0.43,0.43,0.35,0.47,0.49,0.52,0.43
GWETTOP,2009,0.5,37.5,0.34,0.34,0.25,0.34,0.33,0.24,0.26,0.24,0.21,0.34,0.37,0.4,0.3
GWETTOP,2009,0.5,38.125,0.35,0.32,0.23,0.33,0.31,0.24,0.17,0.15,0.13,0.34,0.37,0.38,0.28
GWETTOP,2009,0.5,38.75,0.33,0.28,0.19,0.32,0.31,0.22,0.15,0.13,0.12,0.32,0.37,0.38,0.26
GWETTOP,2009,0.5,39.375,0.33,0.23,0.15,0.35,0.34,0.25,0.16,0.15,0.14,0.34,0.41,0.39,0.27
GWETTOP,2009,0.5,40.0,0.32,0.19,0.13,0.34,0.35,0.28,0.18,0.16,0.14,0.35,0.42,0.39,0.27
GWETTOP,2009,0.5,40.625,0.3,0.19,0.13,0.36,0.35,0.32,0.23,0.18,0.15,0.39,0.43,0.4,0.29
GWETTOP,2009,0.5,41.25,0.32,0.27,0.22,0.39,0.38,0.35,0.29,0.23,0.19,0.42,0.42,0.43,0.33
GWETTOP,2009,0.5,41.875,0.32,0.25,0.21,0.44,0.43,0.37,0.3,0.25,0.21,0.47,0.49,0.47,0.35
GWETTOP,2009,1.0,34.375,0.66,0.59,0.52,0.64,0.68,0.62,0.63,0.63,0.66,0.64,0.61,0.6,0.62
GWETTOP,2009,1.0,35.0,0.55,0.46,0.42,0.55,0.64,0.58,0.58,0.58,0.6,0.62,0.58,0.57,0.56
GWETTOP,2009,1.0,35.625,0.33,0.26,0.21,0.44,0.51,0.43,0.43,0.43,0.41,0.48,0.44,0.42,0.4
GWETTOP,2009,1.0,36.25,0.29,0.25,0.17,0.32,0.36,0.31,0.36,0.37,0.3,0.34,0.3,0.34,0.31
GWETTOP,2009,1.0,36.875,0.35,0.35,0.28,0.35,0.36,0.33,0.34,0.35,0.29,0.34,0.35,0.38,0.34
GWETTOP,2009,1.0,37.5,0.33,0.34,0.25,0.33,0.31,0.22,0.23,0.21,0.18,0.32,0.35,0.38,0.29
GWETTOP,2009,1.0,38.125,0.31,0.28,0.19,0.31,0.26,0.2,0.15,0.13,0.12,0.3,0.33,0.35,0.24
GWETTOP,2009,1.0,38.75,0.32,0.25,0.18,0.33,0.29,0.21,0.15,0.13,0.12,0.3,0.35,0.36,0.25
GWETTOP,2009,1.0,39.375,0.31,0.21,0.14,0.36,0.34,0.23,0.16,0.14,0.14,0.34,0.41,0.38,0.26
GWETTOP,2009,1.0,40.0,0.31,0.18,0.12,0.34,0.34,0.26,0.16,0.15,0.14,0.34,0.4,0.38,0.26
GWETTOP,2009,1.0,40.625,0.31,0.17,0.12,0.37,0.36,0.3,0.19,0.16,0.15,0.38,0.45,0.41,0.28
GWETTOP,2009,1.0,41.25,0.36,0.23,0.16,0.44,0.41,0.33,0.24,0.19,0.17,0.43,0.5,0.48,0.33
GWETTOP,2009,1.0,41.875,0.28,0.19,0.15,0.41,0.4,0.33,0.26,0.2,0.18,0.43,0.49,0.44,0.31
GWETTOP,2009,1.5,34.375,0.4,0.32,0.29,0.49,0.54,0.47,0.5,0.51,0.54,0.52,0.48,0.47,0.46
GWETTOP,2009,1.5,35.0,0.37,0.29,0.23,0.43,0.48,0.43,0.44,0.45,0.47,0.49,0.45,0.45,0.42
GWETTOP,2009,1.5,35.625,0.24,0.21,0.16,0.34,0.37,0.33,0.35,0.35,0.32,0.37,0.34,0.35,0.31
GWETTOP,2009,1.5,36.25,0.23,0.22,0.16,0.28,0.31,0.24,0.31,0.3,0.23,0.28,0.24,0.29,0.26
GWETTOP,2009,1.5,36.875,0.31,0.34,0.26,0.35,0.34,0.26,0.27,0.25,0.21,0.31,0.34,0.38,0.3
GWETTOP,2009,1.5,37.5,0.29,0.31,0.21,0.33,0.31,0.22,0.24,0.23,0.19,0.3,0.32,0.36,0.28
GWETTOP,2009,1.5,38.125,0.31,0.27,0.2,0.33,0.28,0.21,0.16,0.14,0.12,0.3,0.33,0.37,0.25
GWETTOP,2009,1.5,38.75,0.35,0.27,0.2,0.4,0.33,0.24,0.18,0.15,0.14,0.37,0.39,0.42,0.29
GWETTOP,2009,1.5,39.375,0.33,0.21,0.15,0.37,0.35,0.26,0.16,0.14,0.14,0.34,0.4,0.4,0.27
GWETTOP,2009,1.5,40.0,0.3,0.2,0.14,0.38,0.36,0.26,0.17,0.15,0.14,0.34,0.43,0.41,0.27
GWETTOP,2009,1.5,40.625,0.33,0.19,0.13,0.44,0.4,0.31,0.21,0.17,0.16,0.4,0.52,0.48,0.31
GWETTOP,2009,1.5,41.25,0.3,0.15,0.11,0.37,0.36,0.32,0.22,0.16,0.15,0.36,0.44,0.4,0.28
GWETTOP,2009,1.5,41.875,0.22,0.15,0.12,0.42,0.41,0.33,0.23,0.18,0.17,0.42,0.51,0.43,0.3
GWETTOP,2009,2.0,34.375,0.34,0.31,0.25,0.41,0.44,0.36,0.43,0.42,0.44,0.44,0.36,0.39,0.38
GWETTOP,2009,2.0,35.0,0.29,0.27,0.19,0.37,0.39,0.34,0.37,0.37,0.36,0.41,0.36,0.39,0.34
GWETTOP,2009,2.0,35.625,0.21,0.2,0.14,0.3,0.31,0.26,0.29,0.28,0.23,0.32,0.27,0.31,0.26
GWETTOP,2009,2.0,36.25,0.23,0.22,0.15,0.27,0.28,0.2,0.26,0.23,0.18,0.25,0.23,0.3,0.23
GWETTOP,2009,2.0,36.875,0.3,0.32,0.24,0.36,0.33,0.23,0.25,0.22,0.2,0.3,0.33,0.39,0.29
GWETTOP,2009,2.0,37.5,0.29,0.3,0.2,0.34,0.3,0.2,0.2,0.18,0.16,0.29,0.33,0.37,0.26
GWETTOP,2009,2.0,38.125,0.33,0.27,0.2,0.38,0.33,0.24,0.16,0.14,0.13,0.34,0.39,0.4,0.28
GWETTOP,2009,2.0,38.75,0.32,0.25,0.19,0.38,0.34,0.25,0.17,0.14,0.13,0.35,0.38,0.4,0.28
GWETTOP,2009,2.0,39.375,0.29,0.19,0.16,0.37,0.36,0.28,0.17,0.15,0.14,0.34,0.4,0.4,0.27
GWETTOP,2009,2.0,40.0,0.3,0.2,0.16,0.42,0.4,0.31,0.19,0.16,0.15,0.36,0.45,0.43,0.29
GWETTOP,2009,2.0,40.625,0.29,0.22,0.18,0.6,0.54,0.33,0.25,0.21,0.2,0.51,0.64,0.58,0.38
GWETTOP,2009,2.0,41.25,0.29,0.18,0.14,0.47,0.43,0.32,0.23,0.17,0.16,0.4,0.5,0.47,0.31
GWETTOP,2009,2.0,41.875,0.25,0.19,0.16,0.56,0.52,0.35,0.27,0.21,0.19,0.5,0.63,0.52,0.36
GWETTOP,2009,2.5,34.375,0.32,0.32,0.24,0.41,0.41,0.3,0.36,0.35,0.36,0.41,0.31,0.37,0.35
GWETTOP,2009,2.5,35.0,0.28,0.27,0.18,0.36,0.35,0.28,0.3,0.28,0.28,0.36,0.3,0.35,0.3
GWETTOP,2009,2.5,35.625,0.2,0.19,0.14,0.28,0.28,0.22,0.23,0.21,0.21,0.29,0.23,0.3,0.23
GWETTOP,2009,2.5,36.25,0.21,0.2,0.15,0.27,0.25,0.18,0.2,0.17,0.17,0.24,0.22,0.31,0.21
GWETTOP,2009,2.5,36.875,0.26,0.25,0.18,0.33,0.27,0.18,0.19,0.17,0.16,0.27,0.28,0.36,0.24
GWETTOP,2009,2.5,37.5,0.27,0.25,0.19,0.36,0.29,0.19,0.16,0.14,0.13,0.29,0.31,0.39,0.25
GWETTOP,2009,2.5,38.125,0.3,0.26,0.19,0.4,0.36,0.25,0.16,0.13,0.13,0.33,0.38,0.38,0.27
GWETTOP,2009,2.5,38.75,0.3,0.24,0.18,0.4,0.36,0.26,0.17,0.13,0.13,0.33,0.38,0.37,0.27
GWETTOP,2009,2.5,39.375,0.27,0.21,0.17,0.4,0.37,0.32,0.19,0.15,0.14,0.35,0.39,0.38,0.28
GWETTOP,2009,2.5,40.0,0.3,0.22,0.18,0.44,0.42,0.33,0.23,0.16,0.15,0.38,0.44,0.42,0.31
GWETTOP,2009,2.5,40.625,0.28,0.23,0.2,0.52,0.47,0.29,0.23,0.19,0.18,0.47,0.56,0.49,0.34
GWETTOP,2009,2.5,41.25,0.2,0.17,0.15,0.34,0.28,0.21,0.18,0.16,0.14,0.36,0.32,0.31,0.24
GWETTOP,2009,2.5,41.875,0.22,0.17,0.16,0.39,0.35,0.27,0.21,0.18,0.16,0.39,0.4,0.34,0.27
GWETTOP,2009,3.0,34.375,0.31,0.29,0.18,0.47,0.44,0.32,0.35,0.3,0.35,0.45,0.34,0.39,0.35
GWETTOP,2009,3.0,35.0,0.22,0.22,0.14,0.35,0.34,0.28,0.23,0.21,0.23,0.32,0.26,0.31,0.26
GWETTOP,2009,3.0,35.625,0.16,0.16,0.12,0.24,0.25,0.19,0.16,0.16,0.16,0.25,0.19,0.29,0.19
GWETTOP,2009,3.0,36.25,0.16,0.16,0.12,0.25,0.22,0.15,0.13,0.12,0.11,0.23,0.19,0.32,0.18
GWETTOP,2009,3.0,36.875,0.18,0.18,0.13,0.29,0.23,0.15,0.13,0.12,0.11,0.24,0.22,0.33,0.19
GWETTOP,2009,3.0,37.5,0.2,0.17,0.13,0.33,0.26,0.14,0.1,0.09,0.08,0.25,0.24,0.32,0.19
GWETTOP,2009,3.0,38.125,0.27,0.24,0.18,0.41,0.37,0.29,0.17,0.13,0.12,0.31,0.36,0.35,0.27
GWETTOP,2009,3.0,38.75,0.28,0.24,0.19,0.46,0.42,0.3,0.19,0.14,0.14,0.36,0.4,0.37,0.29
GWETTOP,2009,3.0,39.375,0.26,0.22,0.18,0.41,0.38,0.33,0.23,0.15,0.15,0.35,0.38,0.35,0.28
GWETTOP,2009,3.0,40.0,0.27,0.23,0.19,0.44,0.41,0.33,0.24,0.16,0.16,0.39,0.43,0.38,0.3
GWETTOP,2009,3.0,40.625,0.25,0.22,0.2,0.42,0.37,0.25,0.2,0.18,0.16,0.41,0.46,0.38,0.29
GWETTOP,2009,3.0,41.25,0.21,0.18,0.17,0.34,0.29,0.21,0.19,0.16,0.15,0.38,0.36,0.3,0.25
GWETTOP,2009,3.0,41.875,0.23,0.14,0.14,0.34,0.32,0.27,0.19,0.13,0.13,0.36,0.38,0.31,0.25
GWETTOP,2009,3.5,34.375,0.28,0.3,0.17,0.41,0.41,0.35,0.33,0.26,0.31,0.38,0.34,0.37,0.33
GWETTOP,2009,3.5,35.0,0.21,0.24,0.14,0.36,0.35,0.28,0.22,0.19,0.22,0.32,0.26,0.34,0.26
GWETTOP,2009,3.5,35.625,0.16,0.17,0.12,0.26,0.25,0.18,0.15,0.15,0.14,0.27,0.2,0.32,0.2
GWETTOP,2009,3.5,36.25,0.16,0.17,0.13,0.28,0.24,0.16,0.14,0.12,0.12,0.26,0.2,0.33,0.19
GWETTOP,2009,3.5,36.875,0.18,0.18,0.14,0.33,0.26,0.16,0.13,0.12,0.12,0.28,0.25,0.34,0.21
GWETTOP,2009,3.5,37.5,0.2,0.2,0.16,0.36,0.31,0.22,0.16,0.14,0.13,0.31,0.29,0.37,0.24
GWETTOP,2009,3.5,38.125,0.25,0.22,0.18,0.42,0.4,0.34,0.27,0.16,0.15,0.35,0.37,0.35,0.29
GWETTOP,2009,3.5,38.75,0.25,0.22,0.19,0.45,0.42,0.35,0.28,0.18,0.17,0.38,0.37,0.35,0.3
GWETTOP,2009,3.5,39.375,0.28,0.24,0.2,0.47,0.45,0.38,0.3,0.2,0.19,0.41,0.43,0.39,0.33
GWETTOP,2009,3.5,40.0,0.26,0.23,0.2,0.45,0.41,0.33,0.24,0.16,0.16,0.42,0.45,0.38,0.31
GWETTOP,2009,3.5,40.625,0.29,0.25,0.24,0.53,0.44,0.27,0.22,0.18,0.17,0.52,0.59,0.46,0.35
GWETTOP,2009,3.5,41.25,0.24,0.2,0.19,0.36,0.3,0.22,0.19,0.17,0.15,0.4,0.41,0.34,0.26
GWETTOP,2009,3.5,41.875,0.2,0.14,0.14,0.3,0.28,0.2,0.15,0.12,0.11,0.35,0.34,0.27,0.22
GWETTOP,2009,4.0,34.375,0.3,0.36,0.21,0.52,0.51,0.4,0.35,0.29,0.35,0.44,0.37,0.46,0.38
GWETTOP,2009,4.0,35.0,0.24,0.28,0.18,0.46,0.43,0.29,0.25,0.21,0.24,0.37,0.3,0.43,0.31
GWETTOP,2009,4.0,35.625,0.17,0.2,0.14,0.29,0.28,0.19,0.17,0.16,0.17,0.3,0.25,0.35,0.22
GWETTOP,2009,4.0,36.25,0.15,0.18,0.13,0.29,0.25,0.16,0.15,0.14,0.14,0.28,0.21,0.34,0.2
GWETTOP,2009,4.0,36.875,0.16,0.17,0.14,0.34,0.3,0.18,0.15,0.15,0.14,0.31,0.27,0.34,0.22
GWETTOP,2009,4.0,37.5,0.18,0.19,0.15,0.38,0.34,0.23,0.17,0.16,0.16,0.35,0.3,0.35,0.25
GWETTOP,2009,4.0,38.125,0.28,0.21,0.2,0.49,0.47,0.39,0.29,0.23,0.22,0.46,0.42,0.37,0.34
GWETTOP,2009,4.0,38.75,0.31,0.27,0.25,0.64,0.62,0.53,0.31,0.23,0.25,0.57,0.58,0.45,0.42
GWETTOP,2009,4.0,39.375,0.33,0.28,0.25,0.64,0.62,0.49,0.28,0.22,0.23,0.57,0.61,0.5,0.42
GWETTOP,2009,4.0,40.0,0.28,0.23,0.22,0.5,0.47,0.34,0.21,0.17,0.18,0.5,0.51,0.44,0.34
GWETTOP,2009,4.0,40.625,0.3,0.25,0.24,0.53,0.45,0.28,0.21,0.17,0.17,0.55,0.61,0.5,0.36
GWETTOP,2009,4.0,41.25,0.28,0.19,0.18,0.37,0.34,0.22,0.16,0.14,0.14,0.41,0.45,0.37,0.27
GWETTOP,2009,4.0,41.875,0.27,0.16,0.16,0.35,0.32,0.22,0.15,0.13,0.12,0.38,0.43,0.35,0.25
GWETTOP,2009,4.5,34.375,0.37,0.39,0.27,0.67,0.58,0.4,0.38,0.32,0.4,0.5,0.42,0.56,0.44
GWETTOP,2009,4.5,35.0,0.27,0.32,0.21,0.52,0.48,0.35,0.28,0.23,0.29,0.42,0.35,0.49,0.35
GWETTOP,2009,4.5,35.625,0.17,0.21,0.16,0.32,0.3,0.19,0.18,0.18,0.2,0.32,0.28,0.36,0.24
GWETTOP,2009,4.5,36.25,0.16,0.19,0.15,0.32,0.29,0.17,0.17,0.17,0.18,0.31,0.23,0.35,0.22
GWETTOP,2009,4.5,36.875,0.16,0.17,0.14,0.35,0.32,0.2,0.18,0.18,0.2,0.34,0.27,0.33,0.24
GWETTOP,2009,4.5,37.5,0.23,0.22,0.19,0.51,0.45,0.28,0.24,0.24,0.27,0.5,0.36,0.4,0.32
GWETTOP,2009,4.5,38.125,0.32,0.27,0.22,0.6,0.59,0.47,0.29,0.25,0.28,0.59,0.56,0.44,0.41
GWETTOP,2009,4.5,38.75,0.32,0.26,0.21,0.58,0.57,0.43,0.28,0.22,0.26,0.56,0.53,0.41,0.39
GWETTOP,2009,4.5,39.375,0.29,0.24,0.2,0.51,0.49,0.35,0.23,0.18,0.2,0.5,0.49,0.4,0.34
GWETTOP,2009,4.5,40.0,0.26,0.22,0.19,0.45,0.43,0.33,0.23,0.17,0.19,0.44,0.44,0.37,0.31
GWETTOP,2009,4.5,40.625,0.26,0.2,0.19,0.41,0.39,0.26,0.18,0.14,0.16,0.45,0.47,0.4,0.29
GWETTOP,2009,4.5,41.25,0.3,0.19,0.18,0.37,0.35,0.28,0.17,0.14,0.14,0.43,0.47,0.38,0.28
GWETTOP,2009,4.5,41.875,0.27,0.16,0.16,0.38,0.35,0.23,0.15,0.12,0.12,0.41,0.47,0.38,0.27
GWETTOP,2010,-0.5,34.375,0.85,0.7,0.81,0.85,0.91,0.84,0.69,0.58,0.63,0.7,0.71,0.68,0.75
GWETTOP,2010,-0.5,35.0,0.78,0.69,0.78,0.82,0.86,0.82,0.72,0.66,0.7,0.74,0.73,0.69,0.75
GWETTOP,2010,-0.5,35.625,0.6,0.56,0.64,0.67,0.72,0.69,0.66,0.65,0.68,0.69,0.69,0.65,0.66
GWETTOP,2010,-0.5,36.25,0.51,0.47,0.54,0.56,0.6,0.55,0.53,0.55,0.57,0.58,0.57,0.52,0.55
GWETTOP,2010,-0.5,36.875,0.47,0.45,0.53,0.57,0.58,0.53,0.49,0.5,0.51,0.5,0.53,0.46,0.51
GWETTOP,2010,-0.5,37.5,0.53,0.5,0.55,0.59,0.61,0.53,0.5,0.52,0.53,0.52,0.55,0.5,0.54
GWETTOP,2010,-0.5,38.125,0.46,0.42,0.52,0.54,0.48,0.36,0.34,0.32,0.28,0.29,0.49,0.41,0.41
GWETTOP,2010,-0.5,38.75,0.38,0.35,0.47,0.49,0.44,0.31,0.31,0.28,0.24,0.26,0.45,0.35,0.36
GWETTOP,2010,-0.5,39.375,0.33,0.29,0.41,0.5,0.48,0.38,0.36,0.31,0.28,0.28,0.41,0.31,0.36
GWETTOP,2010,-0.5,40.0,0.38,0.32,0.44,0.55,0.55,0.47,0.44,0.37,0.34,0.32,0.45,0.34,0.41
GWETTOP,2010,-0.5,40.625,0.37,0.31,0.42,0.62,0.65,0.61,0.58,0.51,0.45,0.39,0.47,0.38,0.48
GWETTOP,2010,-0.5,41.25,0.38,0.32,0.43,0.64,0.67,0.62,0.59,0.5,0.45,0.4,0.48,0.39,0.49
GWETTOP,2010,-0.5,41.875,0.35,0.27,0.4,0.61,0.67,0.64,0.6,0.51,0.44,0.36,0.44,0.34,0.47
GWETTOP,2010,-1.0,34.375,0.77,0.66,0.74,0.75,0.81,0.73,0.59,0.53,0.56,0.61,0.59,0.59,0.66
GWETTOP,2010,-1.0,35.0,0.79,0.73,0.79,0.82,0.85,0.8,0.72,0.66,0.66,0.68,0.65,0.64,0.73
GWETTOP,2010,-1.0,35.625,0.68,0.62,0.69,0.72,0.77,0.73,0.66,0.61,0.61,0.62,0.6,0.56,0.66
GWETTOP,2010,-1.0,36.25,0.61,0.53,0.58,0.62,0.68,0.64,0.57,0.52,0.53,0.54,0.52,0.46,0.57
GWETTOP,2010,-1.0,36.875,0.56,0.5,0.55,0.58,0.61,0.52,0.48,0.44,0.46,0.44,0.51,0.49,0.51
GWETTOP,2010,-1.0,37.5,0.56,0.51,0.55,0.59,0.62,0.54,0.48,0.46,0.44,0.44,0.52,0.49,0.52
GWETTOP,2010,-1.0,38.125,0.44,0.42,0.54,0.56,0.48,0.37,0.36,0.32,0.27,0.29,0.51,0.43,0.42
GWETTOP,2010,-1.0,38.75,0.37,0.35,0.5,0.53,0.47,0.31,0.31,0.29,0.25,0.27,0.48,0.37,0.38
GWETTOP,2010,-1.0,39.375,0.31,0.28,0.46,0.61,0.56,0.42,0.39,0.3,0.28,0.29,0.48,0.34,0.39
GWETTOP,2010,-1.0,40.0,0.39,0.33,0.53,0.66,0.64,0.52,0.48,0.39,0.35,0.36,0.54,0.39,0.47
GWETTOP,2010,-1.0,40.625,0.38,0.32,0.43,0.65,0.68,0.65,0.61,0.53,0.47,0.42,0.5,0.43,0.51
GWETTOP,2010,-1.0,41.25,0.41,0.33,0.42,0.65,0.7,0.67,0.63,0.53,0.47,0.41,0.49,0.42,0.51
GWETTOP,2010,-1.0,41.875,0.32,0.26,0.35,0.55,0.62,0.59,0.52,0.43,0.38,0.32,0.38,0.33,0.42
GWETTOP,2010,-1.5,34.375,0.81,0.65,0.78,0.73,0.75,0.64,0.48,0.43,0.59,0.63,0.62,0.65,0.65
GWETTOP,2010,-1.5,35.0,0.79,0.66,0.78,0.76,0.76,0.65,0.52,0.45,0.53,0.57,0.58,0.6,0.64
GWETTOP,2010,-1.5,35.625,0.7,0.58,0.67,0.71,0.73,0.62,0.51,0.47,0.48,0.49,0.52,0.51,0.58
GWETTOP,2010,-1.5,36.25,0.52,0.43,0.46,0.49,0.54,0.45,0.38,0.35,0.37,0.38,0.41,0.37,0.43
GWETTOP,2010,-1.5,36.875,0.65,0.58,0.62,0.64,0.66,0.57,0.34,0.4,0.43,0.43,0.6,0.51,0.54
GWETTOP,2010,-1.5,37.5,0.51,0.47,0.5,0.53,0.55,0.47,0.37,0.34,0.36,0.35,0.48,0.46,0.45
GWETTOP,2010,-1.5,38.125,0.44,0.42,0.46,0.5,0.49,0.43,0.42,0.37,0.32,0.33,0.45,0.43,0.42
GWETTOP,2010,-1.5,38.75,0.39,0.35,0.5,0.55,0.49,0.36,0.35,0.31,0.27,0.3,0.49,0.39,0.4
GWETTOP,2010,-1.5,39.375,0.34,0.31,0.48,0.59,0.56,0.44,0.41,0.33,0.29,0.31,0.5,0.36,0.41
GWETTOP,2010,-1.5,40.0,0.38,0.33,0.51,0.7,0.69,0.61,0.58,0.48,0.41,0.39,0.57,0.45,0.51
GWETTOP,2010,-1.5,40.625,0.4,0.33,0.45,0.66,0.7,0.67,0.63,0.54,0.48,0.43,0.51,0.45,0.52
GWETTOP,2010,-1.5,41.25,0.42,0.31,0.42,0.66,0.74,0.71,0.65,0.53,0.47,0.38,0.48,0.44,0.52
GWETTOP,2010,-1.5,41.875,0.62,0.58,0.62,0.76,0.81,0.79,0.73,0.66,0.63,0.6,0.64,0.62,0.67
GWETTOP,2010,-1.7975103014118005e-13,34.375,0.65,0.54,0.66,0.72,0.79,0.74,0.65,0.57,0.61,0.65,0.64,0.59,0.65
GWETTOP,2010,-1.7975103014118005e-13,35.0,0.71,0.64,0.73,0.78,0.84,0.82,0.77,0.74,0.76,0.78,0.78,0.71,0.76
GWETTOP,2010,-1.7975103014118005e-13,35.625,0.62,0.58,0.66,0.7,0.75,0.72,0.71,0.71,0.72,0.73,0.72,0.66,0.69
GWETTOP,2010,-1.7975103014118005e-13,36.25,0.54,0.49,0.56,0.58,0.59,0.54,0.55,0.58,0.59,0.57,0.54,0.47,0.55
GWETTOP,2010,-1.7975103014118005e-13,36.875,0.45,0.42,0.48,0.52,0.53,0.45,0.45,0.49,0.48,0.47,0.47,0.4,0.47
GWETTOP,2010,-1.7975103014118005e-13,37.5,0.49,0.45,0.51,0.57,0.56,0.48,0.48,0.5,0.5,0.48,0.51,0.45,0.5
GWETTOP,2010,-1.7975103014118005e-13,38.125,0.42,0.39,0.46,0.48,0.44,0.34,0.32,0.29,0.23,0.26,0.43,0.37,0.37
GWETTOP,2010,-1.7975103014118005e-13,38.75,0.36,0.32,0.39,0.42,0.38,0.31,0.29,0.25,0.19,0.23,0.38,0.31,0.32
GWETTOP,2010,-1.7975103014118005e-13,39.375,0.33,0.28,0.36,0.42,0.41,0.34,0.32,0.26,0.21,0.22,0.35,0.26,0.31
GWETTOP,2010,-1.7975103014118005e-13,40.0,0.35,0.3,0.36,0.45,0.47,0.4,0.37,0.33,0.27,0.26,0.35,0.28,0.35
GWETTOP,2010,-1.7975103014118005e-13,40.625,0.36,0.29,0.39,0.54,0.56,0.5,0.46,0.4,0.34,0.3,0.38,0.29,0.4
GWETTOP,2010,-1.7975103014118005e-13,41.25,0.36,0.29,0.42,0.57,0.58,0.52,0.48,0.43,0.38,0.34,0.41,0.32,0.43
GWETTOP,2010,-1.7975103014118005e-13,41.875,0.4,0.29,0.45,0.62,0.64,0.59,0.54,0.49,0.41,0.36,0.44,0.31,0.46
GWETTOP,2010,-2.0,34.375,0.81,0.66,0.77,0.71,0.69,0.6,0.35,0.38,0.54,0.6,0.6,0.66,0.61
GWETTOP,2010,-2.0,35.0,0.77,0.64,0.76,0.73,0.7,0.6,0.44,0.38,0.45,0.54,0.59,0.6,0.6
GWETTOP,2010,-2.0,35.625,0.68,0.57,0.65,0.68,0.69,0.57,0.49,0.4,0.39,0.44,0.54,0.53,0.55
GWETTOP,2010,-2.0,36.25,0.44,0.37,0.39,0.4,0.41,0.35,0.24,0.22,0.22,0.24,0.34,0.31,0.33
GWETTOP,2010,-2.0,36.875,0.66,0.56,0.59,0.62,0.63,0.45,0.26,0.29,0.33,0.34,0.58,0.48,0.48
GWETTOP,2010,-2.0,37.5,0.55,0.48,0.5,0.53,0.54,0.43,0.28,0.28,0.29,0.3,0.5,0.45,0.43
GWETTOP,2010,-2.0,38.125,0.43,0.4,0.43,0.47,0.46,0.4,0.36,0.32,0.29,0.3,0.43,0.41,0.39
GWETTOP,2010,-2.0,38.75,0.42,0.36,0.5,0.56,0.53,0.39,0.37,0.32,0.28,0.32,0.51,0.42,0.42
GWETTOP,2010,-2.0,39.375,0.4,0.34,0.51,0.63,0.63,0.52,0.49,0.42,0.35,0.36,0.54,0.43,0.47
GWETTOP,2010,-2.0,40.0,0.36,0.32,0.46,0.65,0.66,0.57,0.53,0.45,0.39,0.37,0.51,0.42,0.47
GWETTOP,2010,-2.0,40.625,0.4,0.33,0.44,0.65,0.7,0.66,0.61,0.51,0.46,0.41,0.48,0.45,0.51
GWETTOP,2010,-2.0,41.25,0.44,0.38,0.43,0.6,0.65,0.6,0.54,0.47,0.45,0.42,0.46,0.44,0.49
GWETTOP,2010,-2.0,41.875,0.67,0.65,0.66,0.77,0.82,0.77,0.72,0.68,0.67,0.65,0.67,0.66,0.7
GWETTOP,2010,-2.5,34.375,0.76,0.59,0.68,0.61,0.57,0.49,0.29,0.3,0.39,0.48,0.5,0.59,0.52
GWETTOP,2010,-2.5,35.0,0.76,0.6,0.68,0.66,0.63,0.52,0.4,0.31,0.34,0.44,0.53,0.57,0.54
GWETTOP,2010,-2.5,35.625,0.67,0.54,0.59,0.59,0.6,0.51,0.36,0.25,0.25,0.32,0.52,0.53,0.48
GWETTOP,2010,-2.5,36.25,0.54,0.46,0.47,0.47,0.49,0.4,0.29,0.22,0.18,0.21,0.42,0.4,0.38
GWETTOP,2010,-2.5,36.875,0.7,0.6,0.59,0.61,0.63,0.48,0.27,0.23,0.24,0.27,0.58,0.53,0.48
GWETTOP,2010,-2.5,37.5,0.67,0.54,0.56,0.58,0.63,0.5,0.3,0.26,0.26,0.28,0.56,0.54,0.47
GWETTOP,2010,-2.5,38.125,0.54,0.48,0.51,0.53,0.54,0.47,0.4,0.31,0.27,0.27,0.51,0.49,0.44
GWETTOP,2010,-2.5,38.75,0.5,0.38,0.53,0.57,0.58,0.45,0.4,0.34,0.31,0.32,0.55,0.47,0.45
GWETTOP,2010,-2.5,39.375,0.54,0.41,0.62,0.71,0.75,0.67,0.62,0.55,0.46,0.43,0.64,0.57,0.58
GWETTOP,2010,-2.5,40.0,0.37,0.33,0.41,0.55,0.6,0.51,0.46,0.4,0.37,0.34,0.44,0.39,0.43
GWETTOP,2010,-2.5,40.625,0.5,0.46,0.51,0.65,0.71,0.65,0.6,0.53,0.52,0.49,0.53,0.51,0.56
GWETTOP,2010,-2.5,41.25,1.0,1.0,1.0,1.0,1.0,1.0,1.0,1.0,1.0,1.0,1.0,1.0,1.0
GWETTOP,2010,-2.5,41.875,1.0,1.0,1.0,1.0,1.0,1.0,1.0,1.0,1.0,1.0,1.0,1.0,1.0
GWETTOP,2010,-3.0,34.375,0.79,0.6,0.64,0.57,0.53,0.46,0.27,0.26,0.3,0.35,0.44,0.57,0.48
GWETTOP,2010,-3.0,35.0,0.8,0.62,0.66,0.63,0.63,0.52,0.41,0.28,0.29,0.35,0.49,0.58,0.52
GWETTOP,2010,-3.0,35.625,0.79,0.66,0.69,0.71,0.75,0.62,0.51,0.46,0.34,0.34,0.53,0.59,0.58
GWETTOP,2010,-3.0,36.25,0.75,0.62,0.62,0.63,0.66,0.58,0.44,0.26,0.22,0.27,0.53,0.58,0.51
GWETTOP,2010,-3.0,36.875,0.82,0.65,0.65,0.71,0.83,0.73,0.59,0.49,0.35,0.36,0.63,0.62,0.62
GWETTOP,2010,-3.0,37.5,0.72,0.58,0.57,0.6,0.72,0.63,0.51,0.46,0.41,0.32,0.52,0.52,0.55
GWETTOP,2010,-3.0,38.125,0.56,0.48,0.52,0.53,0.57,0.51,0.47,0.4,0.34,0.3,0.51,0.5,0.47
GWETTOP,2010,-3.0,38.75,0.53,0.38,0.54,0.56,0.6,0.5,0.43,0.35,0.33,0.31,0.55,0.47,0.46
GWETTOP,2010,-3.0,39.375,0.57,0.43,0.62,0.69,0.76,0.69,0.64,0.56,0.5,0.43,0.64,0.56,0.59
GWETTOP,2010,-3.0,40.0,0.39,0.35,0.41,0.51,0.6,0.51,0.45,0.39,0.38,0.35,0.42,0.39,0.43
GWETTOP,2010,-3.0,40.625,0.76,0.75,0.76,0.83,0.87,0.84,0.81,0.77,0.76,0.75,0.77,0.76,0.79
GWETTOP,2010,-3.0,41.25,1.0,1.0,1.0,1.0,1.0,1.0,1.0,1.0,1.0,1.0,1.0,1.0,1.0
GWETTOP,2010,-3.0,41.875,1.0,1.0,1.0,1.0,1.0,1.0,1.0,1.0,1.0,1.0,1.0,1.0,1.0
GWETTOP,2010,-3.5,34.375,0.79,0.6,0.63,0.53,0.5,0.38,0.2,0.19,0.23,0.25,0.41,0.54,0.44
GWETTOP,2010,-3.5,35.0,0.74,0.6,0.62,0.56,0.55,0.46,0.35,0.24,0.22,0.26,0.44,0.54,0.46
GWETTOP,2010,-3.5,35.625,0.66,0.57,0.59,0.57,0.6,0.51,0.47,0.4,0.28,0.27,0.47,0.54,0.49
GWETTOP,2010,-3.5,36.25,0.67,0.54,0.53,0.54,0.57,0.5,0.36,0.23,0.2,0.23,0.47,0.52,0.45
GWETTOP,2010,-3.5,36.875,0.64,0.51,0.49,0.53,0.64,0.55,0.48,0.35,0.25,0.28,0.49,0.51,0.48
GWETTOP,2010,-3.5,37.5,0.52,0.46,0.44,0.51,0.59,0.52,0.48,0.41,0.28,0.27,0.47,0.47,0.45
GWETTOP,2010,-3.5,38.125,0.51,0.41,0.5,0.52,0.59,0.5,0.46,0.39,0.34,0.29,0.5,0.46,0.46
GWETTOP,2010,-3.5,38.75,0.53,0.42,0.52,0.55,0.62,0.53,0.49,0.44,0.42,0.36,0.52,0.49,0.49
GWETTOP,2010,-3.5,39.375,0.53,0.39,0.57,0.67,0.76,0.68,0.64,0.56,0.51,0.42,0.61,0.52,0.57
GWETTOP,2010,-3.5,40.0,0.56,0.5,0.58,0.64,0.72,0.65,0.6,0.55,0.53,0.49,0.59,0.54,0.58
GWETTOP,2010,-3.5,40.625,0.92,0.91,0.92,0.94,0.96,0.95,0.94,0.93,0.92,0.92,0.92,0.92,0.93
GWETTOP,2010,-3.5,41.25,1.0,1.0,1.0,1.0,1.0,1.0,1.0,1.0,1.0,1.0,1.0,1.0,1.0
GWETTOP,2010,-3.5,41.875,1.0,1.0,1.0,1.0,1.0,1.0,1.0,1.0,1.0,1.0,1.0,1.0,1.0
GWETTOP,2010,-4.0,34.375,0.72,0.6,0.61,0.51,0.48,0.35,0.23,0.19,0.18,0.18,0.36,0.51,0.41
GWETTOP,2010,-4.0,35.0,0.71,0.64,0.67,0.59,0.59,0.5,0.39,0.3,0.26,0.26,0.46,0.57,0.49
GWETTOP,2010,-4.0,35.625,0.63,0.58,0.6,0.57,0.59,0.53,0.49,0.44,0.35,0.3,0.47,0.54,0.51
GWETTOP,2010,-4.0,36.25,0.61,0.52,0.52,0.52,0.54,0.48,0.4,0.28,0.23,0.24,0.45,0.5,0.44
GWETTOP,2010,-4.0,36.875,0.59,0.5,0.51,0.53,0.58,0.5,0.46,0.36,0.28,0.28,0.48,0.51,0.46
GWETTOP,2010,-4.0,37.5,0.55,0.47,0.51,0.53,0.58,0.51,0.45,0.36,0.3,0.29,0.49,0.5,0.46
GWETTOP,2010,-4.0,38.125,0.54,0.41,0.53,0.57,0.65,0.55,0.49,0.38,0.34,0.29,0.54,0.49,0.48
GWETTOP,2010,-4.0,38.75,0.5,0.38,0.52,0.57,0.68,0.57,0.51,0.44,0.41,0.33,0.54,0.47,0.49
GWETTOP,2010,-4.0,39.375,0.4,0.32,0.46,0.59,0.69,0.6,0.53,0.44,0.42,0.36,0.48,0.41,0.48
GWETTOP,2010,-4.0,40.0,0.55,0.51,0.57,0.63,0.73,0.65,0.6,0.55,0.53,0.5,0.58,0.54,0.58
GWETTOP,2010,-4.0,40.625,1.0,1.0,1.0,1.0,1.0,1.0,1.0,1.0,1.0,1.0,1.0,1.0,1.0
GWETTOP,2010,-4.0,41.25,1.0,1.0,1.0,1.0,1.0,1.0,1.0,1.0,1.0,1.0,1.0,1.0,1.0
GWETTOP,2010,-4.0,41.875,1.0,1.0,1.0,1.0,1.0,1.0,1.0,1.0,1.0,1.0,1.0,1.0,1.0
GWETTOP,2010,-4.5,34.375,0.6,0.52,0.55,0.45,0.43,0.37,0.34,0.28,0.24,0.21,0.33,0.46,0.4
GWETTOP,2010,-4.5,35.0,0.62,0.57,0.61,0.53,0.53,0.43,0.39,0.34,0.29,0.27,0.39,0.5,0.46
GWETTOP,2010,-4.5,35.625,0.55,0.51,0.54,0.49,0.52,0.44,0.42,0.38,0.31,0.27,0.4,0.47,0.44
GWETTOP,2010,-4.5,36.25,0.58,0.5,0.51,0.5,0.52,0.45,0.38,0.32,0.27,0.26,0.44,0.49,0.43
GWETTOP,2010,-4.5,36.875,0.57,0.49,0.51,0.52,0.55,0.48,0.43,0.37,0.31,0.3,0.48,0.51,0.46
GWETTOP,2010,-4.5,37.5,0.56,0.48,0.51,0.53,0.56,0.49,0.45,0.38,0.33,0.31,0.49,0.51,0.47
GWETTOP,2010,-4.5,38.125,0.63,0.53,0.6,0.64,0.73,0.66,0.63,0.53,0.47,0.38,0.59,0.59,0.58
GWETTOP,2010,-4.5,38.75,0.59,0.49,0.58,0.63,0.76,0.68,0.62,0.56,0.49,0.41,0.58,0.56,0.58
GWETTOP,2010,-4.5,39.375,0.42,0.37,0.44,0.53,0.65,0.54,0.48,0.43,0.41,0.38,0.45,0.41,0.46
GWETTOP,2010,-4.5,40.0,0.95,0.95,0.95,0.96,0.96,0.95,0.95,0.95,0.95,0.95,0.95,0.95,0.95
GWETTOP,2010,-4.5,40.625,1.0,1.0,1.0,1.0,1.0,1.0,1.0,1.0,1.0,1.0,1.0,1.0,1.0
GWETTOP,2010,-4.5,41.25,1.0,1.0,1.0,1.0,1.0,1.0,1.0,1.0,1.0,1.0,1.0,1.0,1.0
GWETTOP,2010,-4.5,41.875,1.0,1.0,1.0,1.0,1.0,1.0,1.0,1.0,1.0,1.0,1.0,1.0,1.0
GWETTOP,2010,0.5,34.375,0.51,0.48,0.57,0.62,0.72,0.67,0.64,0.64,0.68,0.69,0.66,0.58,0.62
GWETTOP,2010,0.5,35.0,0.62,0.58,0.66,0.71,0.81,0.79,0.79,0.79,0.81,0.81,0.79,0.71,0.74
GWETTOP,2010,0.5,35.625,0.55,0.48,0.57,0.62,0.68,0.62,0.63,0.63,0.63,0.6,0.55,0.45,0.58
GWETTOP,2010,0.5,36.25,0.47,0.43,0.48,0.5,0.52,0.47,0.53,0.57,0.57,0.49,0.44,0.34,0.48
GWETTOP,2010,0.5,36.875,0.55,0.5,0.55,0.58,0.58,0.5,0.57,0.61,0.59,0.53,0.48,0.37,0.53
GWETTOP,2010,0.5,37.5,0.39,0.36,0.4,0.43,0.41,0.35,0.36,0.4,0.36,0.33,0.37,0.29,0.37
GWETTOP,2010,0.5,38.125,0.36,0.34,0.38,0.41,0.37,0.31,0.27,0.25,0.18,0.22,0.36,0.32,0.31
GWETTOP,2010,0.5,38.75,0.35,0.31,0.37,0.4,0.37,0.31,0.26,0.2,0.15,0.19,0.35,0.28,0.29
GWETTOP,2010,0.5,39.375,0.35,0.28,0.38,0.44,0.43,0.34,0.3,0.2,0.16,0.19,0.35,0.24,0.31
GWETTOP,2010,0.5,40.0,0.35,0.26,0.36,0.45,0.47,0.37,0.34,0.24,0.17,0.2,0.33,0.23,0.31
GWETTOP,2010,0.5,40.625,0.35,0.24,0.38,0.49,0.5,0.4,0.36,0.31,0.22,0.22,0.32,0.23,0.34
GWETTOP,2010,0.5,41.25,0.36,0.29,0.41,0.51,0.51,0.44,0.41,0.37,0.32,0.3,0.35,0.27,0.38
GWETTOP,2010,0.5,41.875,0.39,0.28,0.44,0.57,0.56,0.49,0.44,0.42,0.33,0.32,0.37,0.26,0.41
GWETTOP,2010,1.0,34.375,0.61,0.57,0.65,0.68,0.79,0.79,0.79,0.8,0.84,0.85,0.83,0.77,0.75
GWETTOP,2010,1.0,35.0,0.64,0.57,0.7,0.74,0.86,0.85,0.84,0.85,0.87,0.85,0.81,0.71,0.78
GWETTOP,2010,1.0,35.625,0.47,0.41,0.53,0.57,0.68,0.57,0.56,0.6,0.61,0.5,0.44,0.37,0.53
GWETTOP,2010,1.0,36.25,0.35,0.32,0.38,0.41,0.44,0.4,0.47,0.52,0.51,0.41,0.36,0.25,0.4
GWETTOP,2010,1.0,36.875,0.38,0.37,0.4,0.44,0.44,0.39,0.44,0.49,0.47,0.4,0.37,0.34,0.41
GWETTOP,2010,1.0,37.5,0.37,0.35,0.39,0.41,0.38,0.32,0.32,0.35,0.3,0.28,0.35,0.29,0.34
GWETTOP,2010,1.0,38.125,0.32,0.3,0.36,0.37,0.34,0.27,0.23,0.23,0.16,0.18,0.34,0.25,0.28
GWETTOP,2010,1.0,38.75,0.33,0.29,0.38,0.4,0.36,0.28,0.23,0.18,0.15,0.17,0.34,0.24,0.28
GWETTOP,2010,1.0,39.375,0.35,0.27,0.4,0.46,0.44,0.32,0.26,0.18,0.15,0.18,0.34,0.22,0.3
GWETTOP,2010,1.0,40.0,0.35,0.25,0.37,0.46,0.45,0.35,0.32,0.2,0.15,0.18,0.31,0.21,0.3
GWETTOP,2010,1.0,40.625,0.37,0.24,0.4,0.52,0.51,0.39,0.34,0.27,0.17,0.19,0.31,0.22,0.33
GWETTOP,2010,1.0,41.25,0.42,0.28,0.45,0.57,0.57,0.48,0.43,0.38,0.26,0.25,0.33,0.24,0.39
GWETTOP,2010,1.0,41.875,0.36,0.23,0.41,0.55,0.53,0.43,0.39,0.37,0.29,0.26,0.32,0.21,0.36
GWETTOP,2010,1.5,34.375,0.47,0.45,0.55,0.56,0.7,0.66,0.63,0.65,0.68,0.64,0.56,0.47,0.59
GWETTOP,2010,1.5,35.0,0.49,0.44,0.55,0.56,0.72,0.67,0.63,0.65,0.68,0.6,0.51,0.41,0.58
GWETTOP,2010,1.5,35.625,0.35,0.33,0.4,0.42,0.5,0.43,0.44,0.47,0.47,0.39,0.34,0.25,0.4
GWETTOP,2010,1.5,36.25,0.26,0.27,0.36,0.37,0.4,0.37,0.4,0.43,0.42,0.35,0.29,0.2,0.34
GWETTOP,2010,1.5,36.875,0.37,0.36,0.4,0.44,0.41,0.36,0.38,0.39,0.37,0.34,0.36,0.33,0.38
GWETTOP,2010,1.5,37.5,0.34,0.32,0.38,0.4,0.37,0.33,0.33,0.34,0.3,0.29,0.34,0.28,0.34
GWETTOP,2010,1.5,38.125,0.33,0.31,0.39,0.41,0.34,0.29,0.25,0.23,0.18,0.21,0.35,0.26,0.3
GWETTOP,2010,1.5,38.75,0.36,0.32,0.47,0.49,0.4,0.29,0.27,0.24,0.19,0.24,0.42,0.26,0.33
GWETTOP,2010,1.5,39.375,0.37,0.31,0.41,0.5,0.46,0.35,0.31,0.2,0.15,0.19,0.34,0.23,0.32
GWETTOP,2010,1.5,40.0,0.38,0.28,0.41,0.51,0.48,0.37,0.3,0.19,0.15,0.19,0.35,0.23,0.32
GWETTOP,2010,1.5,40.625,0.43,0.26,0.47,0.6,0.56,0.44,0.34,0.28,0.18,0.2,0.32,0.23,0.36
GWETTOP,2010,1.5,41.25,0.36,0.24,0.38,0.52,0.49,0.39,0.35,0.33,0.22,0.19,0.28,0.19,0.33
GWETTOP,2010,1.5,41.875,0.34,0.16,0.43,0.59,0.53,0.42,0.37,0.34,0.25,0.23,0.3,0.19,0.35
GWETTOP,2010,2.0,34.375,0.37,0.38,0.48,0.48,0.6,0.54,0.53,0.56,0.59,0.53,0.48,0.38,0.49
GWETTOP,2010,2.0,35.0,0.39,0.36,0.44,0.46,0.57,0.51,0.49,0.52,0.54,0.47,0.42,0.33,0.46
GWETTOP,2010,2.0,35.625,0.29,0.26,0.36,0.37,0.43,0.39,0.39,0.4,0.4,0.34,0.28,0.18,0.34
GWETTOP,2010,2.0,36.25,0.24,0.25,0.35,0.35,0.39,0.33,0.33,0.37,0.34,0.26,0.25,0.2,0.31
GWETTOP,2010,2.0,36.875,0.37,0.35,0.41,0.43,0.39,0.34,0.33,0.34,0.31,0.29,0.35,0.31,0.35
GWETTOP,2010,2.0,37.5,0.36,0.33,0.39,0.41,0.37,0.32,0.27,0.27,0.23,0.25,0.35,0.29,0.32
GWETTOP,2010,2.0,38.125,0.36,0.33,0.43,0.46,0.39,0.31,0.26,0.21,0.16,0.24,0.4,0.3,0.32
GWETTOP,2010,2.0,38.75,0.35,0.33,0.43,0.47,0.4,0.32,0.29,0.22,0.17,0.25,0.39,0.28,0.32
GWETTOP,2010,2.0,39.375,0.37,0.31,0.39,0.5,0.45,0.35,0.32,0.2,0.15,0.2,0.34,0.24,0.32
GWETTOP,2010,2.0,40.0,0.4,0.31,0.43,0.54,0.5,0.38,0.34,0.22,0.16,0.22,0.36,0.26,0.34
GWETTOP,2010,2.0,40.625,0.49,0.23,0.61,0.74,0.65,0.47,0.37,0.33,0.22,0.26,0.38,0.29,0.42
GWETTOP,2010,2.0,41.25,0.41,0.24,0.47,0.6,0.53,0.42,0.34,0.3,0.19,0.21,0.3,0.23,0.35
GWETTOP,2010,2.0,41.875,0.37,0.18,0.55,0.7,0.62,0.49,0.38,0.42,0.28,0.28,0.37,0.23,0.41
GWETTOP,2010,2.5,34.375,0.35,0.34,0.43,0.43,0.56,0.47,0.47,0.49,0.49,0.45,0.39,0.31,0.43
GWETTOP,2010,2.5,35.0,0.36,0.31,0.4,0.41,0.51,0.45,0.43,0.44,0.44,0.4,0.36,0.26,0.4
GWETTOP,2010,2.5,35.625,0.32,0.24,0.35,0.36,0.41,0.38,0.36,0.36,0.35,0.28,0.25,0.18,0.32
GWETTOP,2010,2.5,36.25,0.29,0.23,0.36,0.36,0.37,0.31,0.26,0.28,0.25,0.22,0.25,0.19,0.28
GWETTOP,2010,2.5,36.875,0.36,0.32,0.39,0.4,0.37,0.32,0.25,0.26,0.21,0.23,0.31,0.24,0.3
GWETTOP,2010,2.5,37.5,0.38,0.31,0.42,0.43,0.37,0.27,0.21,0.22,0.17,0.22,0.34,0.24,0.3
GWETTOP,2010,2.5,38.125,0.32,0.31,0.42,0.46,0.4,0.32,0.23,0.18,0.15,0.24,0.36,0.25,0.3
GWETTOP,2010,2.5,38.75,0.31,0.3,0.41,0.46,0.4,0.31,0.25,0.18,0.14,0.23,0.35,0.23,0.3
GWETTOP,2010,2.5,39.375,0.34,0.28,0.4,0.49,0.43,0.35,0.3,0.2,0.15,0.22,0.33,0.2,0.31
GWETTOP,2010,2.5,40.0,0.37,0.29,0.45,0.55,0.49,0.37,0.33,0.24,0.17,0.23,0.33,0.21,0.34
GWETTOP,2010,2.5,40.625,0.39,0.23,0.55,0.66,0.57,0.39,0.31,0.29,0.21,0.26,0.32,0.24,0.37
GWETTOP,2010,2.5,41.25,0.22,0.17,0.37,0.46,0.35,0.25,0.22,0.21,0.17,0.19,0.2,0.16,0.25
GWETTOP,2010,2.5,41.875,0.25,0.17,0.38,0.5,0.41,0.32,0.28,0.29,0.22,0.23,0.24,0.17,0.29
GWETTOP,2010,3.0,34.375,0.43,0.37,0.45,0.46,0.58,0.5,0.49,0.48,0.46,0.44,0.35,0.23,0.44
GWETTOP,2010,3.0,35.0,0.37,0.29,0.37,0.38,0.48,0.43,0.39,0.38,0.36,0.32,0.26,0.16,0.35
GWETTOP,2010,3.0,35.625,0.36,0.25,0.36,0.36,0.4,0.37,0.33,0.28,0.27,0.2,0.19,0.15,0.29
GWETTOP,2010,3.0,36.25,0.37,0.26,0.37,0.37,0.36,0.28,0.19,0.21,0.15,0.16,0.21,0.15,0.26
GWETTOP,2010,3.0,36.875,0.36,0.29,0.38,0.37,0.36,0.29,0.18,0.2,0.15,0.17,0.22,0.16,0.26
GWETTOP,2010,3.0,37.5,0.31,0.23,0.4,0.38,0.33,0.21,0.13,0.17,0.13,0.18,0.23,0.15,0.24
GWETTOP,2010,3.0,38.125,0.26,0.28,0.42,0.46,0.4,0.33,0.24,0.17,0.14,0.22,0.3,0.17,0.28
GWETTOP,2010,3.0,38.75,0.28,0.29,0.46,0.5,0.44,0.33,0.24,0.19,0.16,0.24,0.31,0.17,0.3
GWETTOP,2010,3.0,39.375,0.29,0.25,0.41,0.49,0.41,0.34,0.3,0.21,0.16,0.23,0.29,0.15,0.29
GWETTOP,2010,3.0,40.0,0.31,0.26,0.45,0.54,0.46,0.35,0.32,0.24,0.18,0.24,0.29,0.17,0.32
GWETTOP,2010,3.0,40.625,0.27,0.23,0.47,0.56,0.47,0.32,0.25,0.25,0.2,0.25,0.25,0.19,0.31
GWETTOP,2010,3.0,41.25,0.21,0.18,0.39,0.47,0.37,0.26,0.22,0.22,0.18,0.22,0.2,0.16,0.26
GWETTOP,2010,3.0,41.875,0.25,0.16,0.36,0.45,0.37,0.29,0.27,0.26,0.19,0.2,0.23,0.13,0.26
GWETTOP,2010,3.5,34.375,0.38,0.34,0.38,0.4,0.53,0.45,0.42,0.41,0.4,0.38,0.35,0.25,0.39
GWETTOP,2010,3.5,35.0,0.39,0.31,0.37,0.4,0.47,0.42,0.38,0.36,0.34,0.28,0.26,0.16,0.35
GWETTOP,2010,3.5,35.625,0.41,0.31,0.38,0.39,0.41,0.36,0.31,0.25,0.23,0.2,0.2,0.15,0.3
GWETTOP,2010,3.5,36.25,0.42,0.31,0.39,0.39,0.38,0.31,0.21,0.22,0.16,0.18,0.22,0.15,0.28
GWETTOP,2010,3.5,36.875,0.39,0.32,0.4,0.41,0.38,0.33,0.22,0.21,0.15,0.2,0.23,0.15,0.28
GWETTOP,2010,3.5,37.5,0.41,0.31,0.46,0.47,0.42,0.32,0.24,0.24,0.17,0.22,0.27,0.16,0.31
GWETTOP,2010,3.5,38.125,0.27,0.29,0.43,0.48,0.44,0.36,0.32,0.25,0.17,0.25,0.32,0.17,0.31
GWETTOP,2010,3.5,38.75,0.26,0.28,0.44,0.49,0.44,0.36,0.33,0.27,0.2,0.27,0.32,0.17,0.32
GWETTOP,2010,3.5,39.375,0.3,0.28,0.47,0.55,0.48,0.4,0.36,0.31,0.24,0.29,0.35,0.19,0.35
GWETTOP,2010,3.5,40.0,0.29,0.25,0.47,0.55,0.46,0.35,0.31,0.25,0.2,0.27,0.33,0.16,0.32
GWETTOP,2010,3.5,40.625,0.28,0.25,0.59,0.66,0.57,0.35,0.26,0.28,0.22,0.3,0.35,0.21,0.36
GWETTOP,2010,3.5,41.25,0.23,0.21,0.43,0.5,0.4,0.28,0.22,0.23,0.19,0.24,0.25,0.18,0.28
GWETTOP,2010,3.5,41.875,0.2,0.14,0.34,0.43,0.32,0.23,0.19,0.19,0.14,0.18,0.2,0.13,0.22
GWETTOP,2010,4.0,34.375,0.46,0.34,0.46,0.5,0.58,0.52,0.48,0.46,0.45,0.41,0.38,0.24,0.44
GWETTOP,2010,4.0,35.0,0.5,0.35,0.46,0.5,0.55,0.49,0.41,0.39,0.36,0.3,0.3,0.19,0.4
GWETTOP,2010,4.0,35.625,0.47,0.35,0.41,0.44,0.44,0.38,0.34,0.29,0.25,0.23,0.23,0.16,0.33
GWETTOP,2010,4.0,36.25,0.45,0.33,0.4,0.42,0.39,0.33,0.23,0.23,0.18,0.22,0.22,0.14,0.29
GWETTOP,2010,4.0,36.875,0.4,0.33,0.42,0.44,0.4,0.34,0.27,0.24,0.18,0.24,0.25,0.15,0.3
GWETTOP,2010,4.0,37.5,0.4,0.31,0.45,0.47,0.43,0.35,0.28,0.26,0.19,0.27,0.28,0.15,0.32
GWETTOP,2010,4.0,38.125,0.3,0.31,0.5,0.54,0.51,0.42,0.37,0.34,0.28,0.35,0.37,0.21,0.38
GWETTOP,2010,4.0,38.75,0.32,0.37,0.64,0.67,0.65,0.57,0.43,0.38,0.3,0.42,0.49,0.25,0.46
GWETTOP,2010,4.0,39.375,0.31,0.34,0.65,0.69,0.64,0.52,0.39,0.35,0.29,0.42,0.5,0.24,0.45
GWETTOP,2010,4.0,40.0,0.26,0.27,0.54,0.61,0.52,0.42,0.3,0.28,0.22,0.32,0.42,0.19,0.36
GWETTOP,2010,4.0,40.625,0.3,0.27,0.61,0.67,0.57,0.37,0.26,0.27,0.21,0.31,0.43,0.23,0.38
GWETTOP,2010,4.0,41.25,0.28,0.21,0.44,0.51,0.42,0.32,0.24,0.2,0.16,0.22,0.31,0.17,0.29
GWETTOP,2010,4.0,41.875,0.27,0.17,0.38,0.47,0.39,0.31,0.24,0.19,0.14,0.19,0.26,0.14,0.26
GWETTOP,2010,4.5,34.375,0.5,0.38,0.56,0.58,0.67,0.53,0.51,0.52,0.48,0.43,0.41,0.24,0.48
GWETTOP,2010,4.5,35.0,0.58,0.39,0.52,0.58,0.59,0.51,0.44,0.41,0.39,0.33,0.34,0.21,0.44
GWETTOP,2010,4.5,35.625,0.51,0.37,0.43,0.49,0.47,0.39,0.35,0.31,0.27,0.26,0.25,0.16,0.35
GWETTOP,2010,4.5,36.25,0.48,0.35,0.43,0.46,0.42,0.35,0.27,0.25,0.22,0.26,0.24,0.15,0.32
GWETTOP,2010,4.5,36.875,0.42,0.34,0.43,0.45,0.42,0.36,0.31,0.28,0.24,0.29,0.26,0.14,0.33
GWETTOP,2010,4.5,37.5,0.5,0.36,0.57,0.58,0.55,0.44,0.32,0.37,0.32,0.4,0.35,0.2,0.41
GWETTOP,2010,4.5,38.125,0.37,0.35,0.63,0.65,0.63,0.56,0.41,0.41,0.33,0.45,0.47,0.25,0.46
GWETTOP,2010,4.5,38.75,0.33,0.33,0.59,0.62,0.6,0.5,0.38,0.38,0.31,0.42,0.45,0.24,0.43
GWETTOP,2010,4.5,39.375,0.27,0.27,0.53,0.58,0.53,0.43,0.33,0.29,0.24,0.36,0.41,0.22,0.37
GWETTOP,2010,4.5,40.0,0.26,0.25,0.47,0.52,0.47,0.38,0.3,0.27,0.21,0.32,0.38,0.2,0.34
GWETTOP,2010,4.5,40.625,0.27,0.23,0.47,0.55,0.46,0.37,0.25,0.23,0.18,0.28,0.39,0.23,0.33
GWETTOP,2010,4.5,41.25,0.31,0.22,0.43,0.53,0.44,0.35,0.29,0.22,0.16,0.24,0.35,0.24,0.32
GWETTOP,2010,4.5,41.875,0.27,0.17,0.41,0.52,0.44,0.34,0.24,0.19,0.14,0.21,0.31,0.14,0.28
GWETTOP,2011,-0.5,34.375,0.6,0.53,0.6,0.8,0.78,0.69,0.61,0.67,0.73,0.75,0.88,0.88,0.71
GWETTOP,2011,-0.5,35.0,0.61,0.53,0.57,0.67,0.73,0.67,0.63,0.65,0.69,0.67,0.81,0.82,0.67
GWETTOP,2011,-0.5,35.625,0.56,0.51,0.51,0.53,0.59,0.57,0.55,0.58,0.59,0.58,0.68,0.65,0.58
GWETTOP,2011,-0.5,36.25,0.44,0.41,0.44,0.46,0.51,0.5,0.49,0.54,0.53,0.54,0.6,0.56,0.5
GWETTOP,2011,-0.5,36.875,0.38,0.37,0.41,0.45,0.48,0.48,0.46,0.51,0.5,0.55,0.6,0.56,0.48
GWETTOP,2011,-0.5,37.5,0.44,0.39,0.42,0.48,0.51,0.5,0.49,0.53,0.52,0.57,0.64,0.59,0.51
GWETTOP,2011,-0.5,38.125,0.33,0.31,0.32,0.41,0.38,0.3,0.28,0.32,0.29,0.46,0.6,0.52,0.38
GWETTOP,2011,-0.5,38.75,0.27,0.26,0.28,0.36,0.36,0.28,0.26,0.29,0.26,0.43,0.55,0.45,0.34
GWETTOP,2011,-0.5,39.375,0.24,0.22,0.23,0.37,0.41,0.28,0.29,0.26,0.26,0.43,0.51,0.44,0.33
GWETTOP,2011,-0.5,40.0,0.25,0.23,0.23,0.4,0.46,0.32,0.33,0.3,0.28,0.46,0.55,0.51,0.36
GWETTOP,2011,-0.5,40.625,0.31,0.24,0.22,0.38,0.5,0.4,0.43,0.39,0.33,0.52,0.57,0.53,0.4
GWETTOP,2011,-0.5,41.25,0.32,0.25,0.23,0.38,0.51,0.41,0.44,0.4,0.33,0.54,0.57,0.54,0.41
GWETTOP,2011,-0.5,41.875,0.27,0.21,0.18,0.36,0.49,0.44,0.44,0.4,0.32,0.5,0.55,0.53,0.39
GWETTOP,2011,-1.0,34.375,0.54,0.5,0.59,0.66,0.62,0.54,0.51,0.61,0.64,0.6,0.76,0.83,0.62
GWETTOP,2011,-1.0,35.0,0.58,0.55,0.61,0.66,0.68,0.62,0.59,0.63,0.66,0.63,0.76,0.81,0.65
GWETTOP,2011,-1.0,35.625,0.5,0.48,0.5,0.54,0.61,0.57,0.54,0.56,0.57,0.57,0.65,0.66,0.56
GWETTOP,2011,-1.0,36.25,0.38,0.37,0.41,0.44,0.53,0.5,0.48,0.52,0.53,0.53,0.6,0.58,0.49
GWETTOP,2011,-1.0,36.875,0.43,0.36,0.43,0.5,0.5,0.49,0.48,0.5,0.49,0.54,0.64,0.59,0.5
GWETTOP,2011,-1.0,37.5,0.44,0.39,0.44,0.5,0.5,0.48,0.45,0.51,0.47,0.56,0.65,0.6,0.5
GWETTOP,2011,-1.0,38.125,0.35,0.33,0.34,0.44,0.41,0.3,0.28,0.34,0.28,0.49,0.63,0.5,0.39
GWETTOP,2011,-1.0,38.75,0.29,0.28,0.29,0.39,0.38,0.27,0.26,0.3,0.26,0.48,0.62,0.46,0.36
GWETTOP,2011,-1.0,39.375,0.24,0.23,0.24,0.44,0.48,0.29,0.32,0.29,0.28,0.52,0.62,0.48,0.37
GWETTOP,2011,-1.0,40.0,0.28,0.26,0.28,0.49,0.55,0.34,0.35,0.34,0.32,0.57,0.66,0.57,0.42
GWETTOP,2011,-1.0,40.625,0.34,0.27,0.25,0.41,0.52,0.43,0.46,0.42,0.35,0.55,0.58,0.55,0.43
GWETTOP,2011,-1.0,41.25,0.34,0.25,0.23,0.38,0.51,0.45,0.46,0.43,0.36,0.54,0.57,0.55,0.42
GWETTOP,2011,-1.0,41.875,0.27,0.21,0.19,0.32,0.42,0.38,0.39,0.36,0.31,0.43,0.46,0.45,0.35
GWETTOP,2011,-1.5,34.375,0.62,0.55,0.58,0.7,0.64,0.58,0.54,0.63,0.68,0.63,0.77,0.87,0.65
GWETTOP,2011,-1.5,35.0,0.58,0.54,0.58,0.65,0.63,0.57,0.53,0.58,0.6,0.59,0.71,0.81,0.61
GWETTOP,2011,-1.5,35.625,0.49,0.45,0.46,0.55,0.59,0.53,0.5,0.51,0.5,0.52,0.61,0.64,0.53
GWETTOP,2011,-1.5,36.25,0.3,0.3,0.37,0.43,0.43,0.41,0.4,0.42,0.39,0.43,0.49,0.46,0.4
GWETTOP,2011,-1.5,36.875,0.38,0.43,0.49,0.61,0.57,0.48,0.45,0.54,0.44,0.57,0.69,0.65,0.53
GWETTOP,2011,-1.5,37.5,0.38,0.36,0.39,0.47,0.46,0.4,0.35,0.41,0.35,0.47,0.6,0.56,0.43
GWETTOP,2011,-1.5,38.125,0.39,0.36,0.36,0.41,0.4,0.33,0.31,0.34,0.29,0.44,0.54,0.49,0.39
GWETTOP,2011,-1.5,38.75,0.3,0.3,0.31,0.43,0.41,0.27,0.26,0.3,0.26,0.49,0.6,0.5,0.37
GWETTOP,2011,-1.5,39.375,0.26,0.25,0.27,0.47,0.49,0.3,0.31,0.3,0.29,0.53,0.62,0.51,0.38
GWETTOP,2011,-1.5,40.0,0.32,0.27,0.27,0.51,0.59,0.4,0.42,0.37,0.36,0.61,0.66,0.6,0.45
GWETTOP,2011,-1.5,40.625,0.34,0.27,0.24,0.43,0.53,0.45,0.47,0.43,0.37,0.57,0.59,0.56,0.44
GWETTOP,2011,-1.5,41.25,0.34,0.24,0.2,0.39,0.51,0.47,0.47,0.44,0.38,0.56,0.59,0.57,0.43
GWETTOP,2011,-1.5,41.875,0.59,0.53,0.5,0.6,0.66,0.64,0.65,0.63,0.61,0.67,0.69,0.68,0.62
GWETTOP,2011,-1.7975103014118005e-13,34.375,0.5,0.43,0.54,0.64,0.69,0.64,0.57,0.63,0.67,0.7,0.79,0.78,0.63
GWETTOP,2011,-1.7975103014118005e-13,35.0,0.64,0.54,0.6,0.66,0.75,0.73,0.71,0.73,0.76,0.77,0.86,0.83,0.72
GWETTOP,2011,-1.7975103014118005e-13,35.625,0.57,0.51,0.53,0.55,0.63,0.61,0.6,0.64,0.65,0.65,0.74,0.74,0.62
GWETTOP,2011,-1.7975103014118005e-13,36.25,0.39,0.38,0.43,0.45,0.52,0.52,0.53,0.6,0.6,0.55,0.65,0.61,0.52
GWETTOP,2011,-1.7975103014118005e-13,36.875,0.35,0.34,0.37,0.4,0.44,0.44,0.45,0.5,0.49,0.5,0.57,0.54,0.45
GWETTOP,2011,-1.7975103014118005e-13,37.5,0.39,0.36,0.39,0.43,0.47,0.46,0.47,0.51,0.51,0.55,0.63,0.61,0.48
GWETTOP,2011,-1.7975103014118005e-13,38.125,0.31,0.29,0.3,0.35,0.34,0.3,0.26,0.3,0.27,0.43,0.55,0.5,0.35
GWETTOP,2011,-1.7975103014118005e-13,38.75,0.24,0.23,0.24,0.32,0.32,0.26,0.21,0.23,0.22,0.38,0.48,0.42,0.3
GWETTOP,2011,-1.7975103014118005e-13,39.375,0.19,0.17,0.19,0.31,0.35,0.27,0.23,0.21,0.21,0.4,0.48,0.41,0.29
GWETTOP,2011,-1.7975103014118005e-13,40.0,0.21,0.18,0.17,0.32,0.37,0.31,0.28,0.24,0.22,0.42,0.51,0.47,0.31
GWETTOP,2011,-1.7975103014118005e-13,40.625,0.22,0.18,0.15,0.32,0.42,0.33,0.34,0.29,0.25,0.5,0.58,0.53,0.34
GWETTOP,2011,-1.7975103014118005e-13,41.25,0.26,0.22,0.19,0.35,0.44,0.33,0.36,0.32,0.26,0.53,0.58,0.51,0.36
GWETTOP,2011,-1.7975103014118005e-13,41.875,0.24,0.2,0.18,0.38,0.49,0.4,0.4,0.35,0.28,0.56,0.65,0.6,0.4
GWETTOP,2011,-2.0,34.375,0.64,0.55,0.6,0.69,0.61,0.49,0.48,0.62,0.64,0.63,0.74,0.86,0.63
GWETTOP,2011,-2.0,35.0,0.59,0.54,0.57,0.65,0.61,0.56,0.46,0.54,0.55,0.59,0.7,0.79,0.6
GWETTOP,2011,-2.0,35.625,0.51,0.44,0.48,0.57,0.57,0.53,0.46,0.47,0.42,0.53,0.61,0.63,0.52
GWETTOP,2011,-2.0,36.25,0.26,0.27,0.33,0.37,0.33,0.3,0.28,0.3,0.23,0.33,0.41,0.39,0.32
GWETTOP,2011,-2.0,36.875,0.39,0.43,0.49,0.6,0.49,0.39,0.36,0.42,0.3,0.53,0.66,0.63,0.47
GWETTOP,2011,-2.0,37.5,0.37,0.38,0.43,0.5,0.45,0.34,0.31,0.37,0.28,0.47,0.59,0.56,0.42
GWETTOP,2011,-2.0,38.125,0.36,0.36,0.36,0.4,0.39,0.32,0.3,0.31,0.27,0.42,0.52,0.48,0.37
GWETTOP,2011,-2.0,38.75,0.33,0.34,0.34,0.46,0.45,0.3,0.29,0.32,0.29,0.51,0.62,0.52,0.4
GWETTOP,2011,-2.0,39.375,0.31,0.3,0.31,0.52,0.55,0.37,0.35,0.34,0.34,0.57,0.65,0.57,0.43
GWETTOP,2011,-2.0,40.0,0.32,0.27,0.26,0.48,0.54,0.4,0.4,0.36,0.35,0.57,0.61,0.55,0.43
GWETTOP,2011,-2.0,40.625,0.35,0.27,0.23,0.43,0.51,0.45,0.46,0.43,0.38,0.56,0.57,0.55,0.43
GWETTOP,2011,-2.0,41.25,0.38,0.31,0.28,0.42,0.49,0.46,0.47,0.46,0.44,0.52,0.51,0.5,0.44
GWETTOP,2011,-2.0,41.875,0.63,0.59,0.57,0.64,0.69,0.68,0.68,0.67,0.66,0.7,0.71,0.71,0.66
GWETTOP,2011,-2.5,34.375,0.56,0.51,0.57,0.59,0.5,0.36,0.33,0.47,0.44,0.52,0.64,0.81,0.53
GWETTOP,2011,-2.5,35.0,0.55,0.51,0.56,0.59,0.53,0.48,0.33,0.42,0.37,0.5,0.6,0.75,0.52
GWETTOP,2011,-2.5,35.625,0.49,0.41,0.5,0.52,0.5,0.42,0.3,0.33,0.29,0.48,0.54,0.58,0.45
GWETTOP,2011,-2.5,36.25,0.32,0.35,0.43,0.42,0.38,0.32,0.26,0.26,0.2,0.37,0.46,0.48,0.35
GWETTOP,2011,-2.5,36.875,0.39,0.46,0.57,0.57,0.51,0.35,0.28,0.3,0.24,0.52,0.61,0.63,0.45
GWETTOP,2011,-2.5,37.5,0.39,0.44,0.54,0.54,0.52,0.38,0.28,0.32,0.28,0.52,0.62,0.62,0.45
GWETTOP,2011,-2.5,38.125,0.41,0.42,0.43,0.48,0.47,0.34,0.3,0.32,0.3,0.49,0.61,0.59,0.43
GWETTOP,2011,-2.5,38.75,0.37,0.42,0.4,0.51,0.51,0.34,0.32,0.33,0.33,0.53,0.65,0.58,0.44
GWETTOP,2011,-2.5,39.375,0.41,0.42,0.4,0.63,0.66,0.5,0.44,0.41,0.44,0.66,0.74,0.7,0.53
GWETTOP,2011,-2.5,40.0,0.32,0.31,0.29,0.43,0.48,0.39,0.38,0.35,0.36,0.52,0.56,0.51,0.41
GWETTOP,2011,-2.5,40.625,0.46,0.42,0.39,0.51,0.57,0.53,0.53,0.51,0.51,0.61,0.61,0.59,0.52
GWETTOP,2011,-2.5,41.25,1.0,1.0,1.0,1.0,1.0,1.0,1.0,1.0,1.0,1.0,1.0,1.0,1.0
GWETTOP,2011,-2.5,41.875,1.0,1.0,1.0,1.0,1.0,1.0,1.0,1.0,1.0,1.0,1.0,1.0,1.0
GWETTOP,2011,-3.0,34.375,0.57,0.54,0.59,0.6,0.47,0.28,0.23,0.35,0.27,0.48,0.58,0.81,0.48
GWETTOP,2011,-3.0,35.0,0.55,0.53,0.58,0.6,0.52,0.43,0.28,0.33,0.29,0.48,0.54,0.72,0.49
GWETTOP,2011,-3.0,35.625,0.52,0.52,0.57,0.59,0.56,0.5,0.46,0.38,0.33,0.5,0.54,0.66,0.51
GWETTOP,2011,-3.0,36.25,0.45,0.46,0.6,0.59,0.58,0.47,0.28,0.28,0.25,0.5,0.55,0.63,0.47
GWETTOP,2011,-3.0,36.875,0.49,0.52,0.63,0.62,0.69,0.59,0.47,0.35,0.38,0.62,0.66,0.69,0.56
GWETTOP,2011,-3.0,37.5,0.46,0.47,0.53,0.53,0.57,0.5,0.44,0.38,0.32,0.5,0.57,0.6,0.49
GWETTOP,2011,-3.0,38.125,0.43,0.47,0.47,0.49,0.5,0.42,0.37,0.35,0.35,0.49,0.61,0.59,0.46
GWETTOP,2011,-3.0,38.75,0.38,0.46,0.42,0.52,0.53,0.37,0.34,0.35,0.37,0.54,0.66,0.59,0.46
GWETTOP,2011,-3.0,39.375,0.43,0.48,0.43,0.64,0.66,0.55,0.47,0.44,0.5,0.68,0.74,0.7,0.56
GWETTOP,2011,-3.0,40.0,0.33,0.35,0.33,0.42,0.47,0.4,0.38,0.36,0.37,0.5,0.56,0.51,0.42
GWETTOP,2011,-3.0,40.625,0.75,0.75,0.74,0.77,0.79,0.77,0.77,0.76,0.76,0.81,0.83,0.82,0.78
GWETTOP,2011,-3.0,41.25,1.0,1.0,1.0,1.0,1.0,1.0,1.0,1.0,1.0,1.0,1.0,1.0,1.0
GWETTOP,2011,-3.0,41.875,1.0,1.0,1.0,1.0,1.0,1.0,1.0,1.0,1.0,1.0,1.0,1.0,1.0
GWETTOP,2011,-3.5,34.375,0.55,0.54,0.59,0.58,0.45,0.23,0.2,0.26,0.23,0.41,0.54,0.78,0.45
GWETTOP,2011,-3.5,35.0,0.51,0.52,0.56,0.57,0.48,0.4,0.26,0.27,0.24,0.42,0.49,0.67,0.45
GWETTOP,2011,-3.5,35.625,0.49,0.5,0.54,0.55,0.52,0.47,0.41,0.32,0.27,0.46,0.49,0.57,0.47
GWETTOP,2011,-3.5,36.25,0.42,0.41,0.53,0.53,0.52,0.42,0.25,0.22,0.22,0.44,0.48,0.54,0.42
GWETTOP,2011,-3.5,36.875,0.39,0.39,0.5,0.51,0.54,0.48,0.36,0.25,0.28,0.48,0.51,0.52,0.43
GWETTOP,2011,-3.5,37.5,0.34,0.39,0.47,0.48,0.51,0.46,0.35,0.28,0.3,0.47,0.51,0.49,0.42
GWETTOP,2011,-3.5,38.125,0.37,0.45,0.44,0.49,0.51,0.42,0.35,0.35,0.37,0.52,0.61,0.55,0.45
GWETTOP,2011,-3.5,38.75,0.41,0.48,0.45,0.51,0.53,0.45,0.4,0.4,0.42,0.54,0.63,0.57,0.48
GWETTOP,2011,-3.5,39.375,0.4,0.47,0.43,0.62,0.65,0.57,0.47,0.45,0.51,0.67,0.72,0.67,0.55
GWETTOP,2011,-3.5,40.0,0.48,0.52,0.5,0.59,0.62,0.55,0.51,0.5,0.53,0.64,0.69,0.65,0.57
GWETTOP,2011,-3.5,40.625,0.91,0.92,0.91,0.92,0.93,0.93,0.92,0.92,0.92,0.94,0.95,0.95,0.93
GWETTOP,2011,-3.5,41.25,1.0,1.0,1.0,1.0,1.0,1.0,1.0,1.0,1.0,1.0,1.0,1.0,1.0
GWETTOP,2011,-3.5,41.875,1.0,1.0,1.0,1.0,1.0,1.0,1.0,1.0,1.0,1.0,1.0,1.0,1.0
GWETTOP,2011,-4.0,34.375,0.52,0.53,0.58,0.55,0.44,0.28,0.23,0.22,0.19,0.34,0.5,0.71,0.42
GWETTOP,2011,-4.0,35.0,0.54,0.55,0.61,0.6,0.53,0.43,0.33,0.3,0.26,0.41,0.51,0.68,0.48
GWETTOP,2011,-4.0,35.625,0.51,0.51,0.55,0.55,0.53,0.49,0.44,0.36,0.31,0.45,0.48,0.57,0.48
GWETTOP,2011,-4.0,36.25,0.45,0.44,0.52,0.51,0.49,0.42,0.29,0.24,0.23,0.42,0.45,0.52,0.41
GWETTOP,2011,-4.0,36.875,0.44,0.44,0.51,0.51,0.51,0.46,0.35,0.28,0.28,0.47,0.48,0.5,0.44
GWETTOP,2011,-4.0,37.5,0.39,0.44,0.49,0.52,0.52,0.42,0.33,0.31,0.31,0.48,0.51,0.51,0.44
GWETTOP,2011,-4.0,38.125,0.39,0.47,0.46,0.55,0.56,0.43,0.35,0.37,0.39,0.56,0.66,0.56,0.48
GWETTOP,2011,-4.0,38.75,0.37,0.44,0.44,0.54,0.58,0.47,0.41,0.41,0.44,0.59,0.68,0.56,0.49
GWETTOP,2011,-4.0,39.375,0.33,0.39,0.37,0.51,0.57,0.46,0.4,0.39,0.42,0.57,0.62,0.52,0.46
GWETTOP,2011,-4.0,40.0,0.5,0.53,0.53,0.59,0.62,0.54,0.51,0.51,0.53,0.63,0.68,0.62,0.57
GWETTOP,2011,-4.0,40.625,1.0,1.0,1.0,1.0,1.0,1.0,1.0,1.0,1.0,1.0,1.0,1.0,1.0
GWETTOP,2011,-4.0,41.25,1.0,1.0,1.0,1.0,1.0,1.0,1.0,1.0,1.0,1.0,1.0,1.0,1.0
GWETTOP,2011,-4.0,41.875,1.0,1.0,1.0,1.0,1.0,1.0,1.0,1.0,1.0,1.0,1.0,1.0,1.0
GWETTOP,2011,-4.5,34.375,0.46,0.47,0.53,0.49,0.39,0.36,0.31,0.28,0.24,0.3,0.44,0.62,0.41
GWETTOP,2011,-4.5,35.0,0.47,0.49,0.58,0.54,0.46,0.4,0.36,0.32,0.29,0.37,0.46,0.64,0.45
GWETTOP,2011,-4.5,35.625,0.43,0.44,0.5,0.49,0.45,0.41,0.38,0.32,0.29,0.39,0.41,0.52,0.42
GWETTOP,2011,-4.5,36.25,0.44,0.45,0.52,0.5,0.48,0.39,0.32,0.28,0.27,0.41,0.44,0.52,0.42
GWETTOP,2011,-4.5,36.875,0.45,0.46,0.52,0.5,0.5,0.43,0.35,0.32,0.32,0.47,0.47,0.51,0.44
GWETTOP,2011,-4.5,37.5,0.43,0.45,0.5,0.52,0.51,0.44,0.36,0.34,0.35,0.49,0.51,0.51,0.45
GWETTOP,2011,-4.5,38.125,0.5,0.53,0.55,0.62,0.65,0.58,0.48,0.49,0.5,0.65,0.71,0.67,0.58
GWETTOP,2011,-4.5,38.75,0.47,0.51,0.52,0.61,0.65,0.59,0.5,0.49,0.52,0.66,0.72,0.67,0.58
GWETTOP,2011,-4.5,39.375,0.37,0.39,0.4,0.48,0.51,0.43,0.4,0.39,0.41,0.51,0.57,0.5,0.45
GWETTOP,2011,-4.5,40.0,0.95,0.95,0.95,0.95,0.96,0.95,0.95,0.95,0.95,0.95,0.96,0.96,0.95
GWETTOP,2011,-4.5,40.625,1.0,1.0,1.0,1.0,1.0,1.0,1.0,1.0,1.0,1.0,1.0,1.0,1.0
GWETTOP,2011,-4.5,41.25,1.0,1.0,1.0,1.0,1.0,1.0,1.0,1.0,1.0,1.0,1.0,1.0,1.0
GWETTOP,2011,-4.5,41.875,1.0,1.0,1.0,1.0,1.0,1.0,1.0,1.0,1.0,1.0,1.0,1.0,1.0
GWETTOP,2011,0.5,34.375,0.49,0.43,0.52,0.53,0.67,0.66,0.62,0.7,0.71,0.72,0.78,0.77,0.63
GWETTOP,2011,0.5,35.0,0.6,0.52,0.56,0.58,0.74,0.74,0.73,0.79,0.81,0.82,0.88,0.86,0.72
GWETTOP,2011,0.5,35.625,0.39,0.35,0.41,0.47,0.6,0.57,0.55,0.6,0.6,0.59,0.69,0.67,0.54
GWETTOP,2011,0.5,36.25,0.23,0.24,0.33,0.39,0.48,0.48,0.51,0.59,0.6,0.5,0.6,0.57,0.46
GWETTOP,2011,0.5,36.875,0.29,0.3,0.4,0.45,0.54,0.53,0.56,0.63,0.62,0.56,0.64,0.64,0.51
GWETTOP,2011,0.5,37.5,0.23,0.24,0.28,0.32,0.36,0.35,0.35,0.4,0.39,0.41,0.48,0.47,0.36
GWETTOP,2011,0.5,38.125,0.25,0.23,0.25,0.29,0.31,0.27,0.22,0.26,0.24,0.38,0.49,0.44,0.3
GWETTOP,2011,0.5,38.75,0.2,0.19,0.22,0.3,0.31,0.24,0.17,0.2,0.2,0.38,0.49,0.44,0.28
GWETTOP,2011,0.5,39.375,0.17,0.16,0.17,0.31,0.36,0.26,0.18,0.18,0.19,0.44,0.56,0.5,0.29
GWETTOP,2011,0.5,40.0,0.17,0.15,0.15,0.3,0.36,0.28,0.2,0.19,0.19,0.47,0.61,0.54,0.3
GWETTOP,2011,0.5,40.625,0.18,0.14,0.12,0.29,0.35,0.26,0.22,0.21,0.18,0.51,0.65,0.56,0.31
GWETTOP,2011,0.5,41.25,0.21,0.18,0.15,0.31,0.36,0.27,0.27,0.24,0.19,0.52,0.59,0.52,0.32
GWETTOP,2011,0.5,41.875,0.21,0.18,0.15,0.35,0.41,0.31,0.29,0.27,0.22,0.57,0.68,0.62,0.36
GWETTOP,2011,1.0,34.375,0.69,0.61,0.61,0.61,0.74,0.77,0.76,0.83,0.89,0.88,0.92,0.89,0.77
GWETTOP,2011,1.0,35.0,0.56,0.47,0.51,0.54,0.75,0.78,0.77,0.83,0.87,0.84,0.9,0.86,0.72
GWETTOP,2011,1.0,35.625,0.22,0.24,0.33,0.42,0.61,0.53,0.49,0.57,0.57,0.54,0.65,0.59,0.48
GWETTOP,2011,1.0,36.25,0.17,0.18,0.26,0.29,0.41,0.43,0.44,0.51,0.52,0.42,0.47,0.47,0.38
GWETTOP,2011,1.0,36.875,0.27,0.22,0.28,0.35,0.39,0.4,0.41,0.49,0.5,0.43,0.49,0.5,0.4
GWETTOP,2011,1.0,37.5,0.21,0.22,0.27,0.31,0.32,0.32,0.31,0.35,0.34,0.37,0.46,0.45,0.33
GWETTOP,2011,1.0,38.125,0.2,0.2,0.22,0.27,0.25,0.23,0.18,0.24,0.21,0.35,0.44,0.39,0.27
GWETTOP,2011,1.0,38.75,0.18,0.18,0.2,0.29,0.28,0.2,0.16,0.18,0.17,0.37,0.48,0.42,0.26
GWETTOP,2011,1.0,39.375,0.17,0.16,0.17,0.31,0.36,0.23,0.16,0.17,0.17,0.45,0.6,0.52,0.29
GWETTOP,2011,1.0,40.0,0.17,0.15,0.14,0.29,0.35,0.25,0.17,0.18,0.18,0.49,0.65,0.56,0.3
GWETTOP,2011,1.0,40.625,0.18,0.14,0.12,0.28,0.35,0.22,0.19,0.19,0.16,0.54,0.73,0.66,0.31
GWETTOP,2011,1.0,41.25,0.19,0.15,0.13,0.32,0.38,0.25,0.23,0.22,0.18,0.56,0.72,0.68,0.34
GWETTOP,2011,1.0,41.875,0.17,0.14,0.12,0.3,0.39,0.28,0.24,0.23,0.18,0.56,0.72,0.67,0.33
GWETTOP,2011,1.5,34.375,0.36,0.3,0.41,0.43,0.62,0.65,0.6,0.69,0.72,0.68,0.71,0.66,0.57
GWETTOP,2011,1.5,35.0,0.3,0.25,0.34,0.4,0.57,0.6,0.55,0.67,0.74,0.65,0.7,0.64,0.54
GWETTOP,2011,1.5,35.625,0.15,0.17,0.25,0.29,0.41,0.4,0.39,0.44,0.45,0.41,0.47,0.42,0.36
GWETTOP,2011,1.5,36.25,0.15,0.16,0.21,0.23,0.37,0.39,0.39,0.43,0.43,0.37,0.42,0.4,0.33
GWETTOP,2011,1.5,36.875,0.23,0.22,0.28,0.34,0.35,0.36,0.36,0.39,0.39,0.39,0.45,0.46,0.35
GWETTOP,2011,1.5,37.5,0.2,0.2,0.26,0.3,0.31,0.33,0.32,0.35,0.34,0.36,0.43,0.42,0.32
GWETTOP,2011,1.5,38.125,0.2,0.2,0.21,0.29,0.26,0.22,0.17,0.21,0.19,0.38,0.48,0.41,0.27
GWETTOP,2011,1.5,38.75,0.22,0.22,0.23,0.33,0.31,0.25,0.19,0.23,0.22,0.46,0.58,0.51,0.31
GWETTOP,2011,1.5,39.375,0.19,0.16,0.16,0.3,0.35,0.25,0.17,0.18,0.17,0.48,0.66,0.61,0.31
GWETTOP,2011,1.5,40.0,0.18,0.16,0.17,0.31,0.37,0.24,0.16,0.17,0.17,0.48,0.68,0.63,0.31
GWETTOP,2011,1.5,40.625,0.21,0.15,0.13,0.3,0.37,0.21,0.19,0.2,0.17,0.57,0.8,0.76,0.34
GWETTOP,2011,1.5,41.25,0.16,0.12,0.1,0.26,0.33,0.21,0.19,0.19,0.15,0.52,0.74,0.7,0.31
GWETTOP,2011,1.5,41.875,0.16,0.12,0.11,0.27,0.39,0.24,0.21,0.22,0.17,0.57,0.79,0.73,0.33
GWETTOP,2011,2.0,34.375,0.29,0.26,0.34,0.33,0.52,0.55,0.51,0.62,0.64,0.57,0.6,0.53,0.48
GWETTOP,2011,2.0,35.0,0.2,0.2,0.28,0.31,0.45,0.47,0.45,0.55,0.62,0.51,0.54,0.49,0.42
GWETTOP,2011,2.0,35.625,0.14,0.15,0.21,0.23,0.36,0.36,0.35,0.38,0.39,0.36,0.4,0.37,0.31
GWETTOP,2011,2.0,36.25,0.15,0.16,0.22,0.23,0.31,0.35,0.34,0.37,0.37,0.3,0.4,0.35,0.3
GWETTOP,2011,2.0,36.875,0.22,0.22,0.29,0.35,0.33,0.36,0.34,0.36,0.35,0.35,0.43,0.41,0.33
GWETTOP,2011,2.0,37.5,0.19,0.2,0.27,0.33,0.29,0.3,0.28,0.3,0.29,0.34,0.44,0.42,0.3
GWETTOP,2011,2.0,38.125,0.22,0.21,0.23,0.32,0.3,0.25,0.19,0.22,0.2,0.42,0.55,0.49,0.3
GWETTOP,2011,2.0,38.75,0.2,0.2,0.21,0.32,0.32,0.25,0.18,0.21,0.19,0.42,0.56,0.5,0.3
GWETTOP,2011,2.0,39.375,0.18,0.16,0.17,0.29,0.35,0.26,0.17,0.17,0.17,0.47,0.66,0.61,0.31
GWETTOP,2011,2.0,40.0,0.18,0.16,0.17,0.31,0.38,0.28,0.18,0.18,0.18,0.5,0.73,0.68,0.33
GWETTOP,2011,2.0,40.625,0.24,0.18,0.17,0.35,0.44,0.24,0.22,0.24,0.2,0.66,0.9,0.83,0.39
GWETTOP,2011,2.0,41.25,0.21,0.14,0.12,0.29,0.35,0.2,0.19,0.2,0.16,0.57,0.79,0.72,0.33
GWETTOP,2011,2.0,41.875,0.19,0.15,0.14,0.29,0.48,0.27,0.25,0.27,0.21,0.64,0.87,0.8,0.38
GWETTOP,2011,2.5,34.375,0.25,0.23,0.32,0.3,0.47,0.48,0.43,0.56,0.56,0.48,0.56,0.47,0.43
GWETTOP,2011,2.5,35.0,0.19,0.18,0.26,0.28,0.4,0.41,0.39,0.46,0.5,0.43,0.5,0.44,0.37
GWETTOP,2011,2.5,35.625,0.14,0.15,0.23,0.23,0.35,0.33,0.31,0.34,0.33,0.28,0.4,0.36,0.29
GWETTOP,2011,2.5,36.25,0.14,0.15,0.25,0.23,0.3,0.3,0.28,0.3,0.29,0.24,0.41,0.36,0.27
GWETTOP,2011,2.5,36.875,0.17,0.18,0.28,0.32,0.28,0.3,0.28,0.28,0.28,0.28,0.41,0.38,0.29
GWETTOP,2011,2.5,37.5,0.17,0.18,0.29,0.32,0.27,0.28,0.24,0.24,0.24,0.31,0.47,0.43,0.29
GWETTOP,2011,2.5,38.125,0.18,0.19,0.24,0.3,0.32,0.25,0.18,0.19,0.19,0.38,0.55,0.48,0.29
GWETTOP,2011,2.5,38.75,0.16,0.18,0.22,0.3,0.33,0.25,0.17,0.17,0.17,0.39,0.57,0.48,0.28
GWETTOP,2011,2.5,39.375,0.15,0.16,0.2,0.29,0.36,0.28,0.17,0.16,0.16,0.42,0.63,0.55,0.29
GWETTOP,2011,2.5,40.0,0.17,0.16,0.21,0.31,0.39,0.29,0.18,0.17,0.17,0.47,0.71,0.64,0.32
GWETTOP,2011,2.5,40.625,0.2,0.16,0.2,0.32,0.44,0.25,0.2,0.2,0.17,0.57,0.8,0.74,0.36
GWETTOP,2011,2.5,41.25,0.13,0.11,0.13,0.22,0.27,0.19,0.17,0.15,0.13,0.43,0.6,0.48,0.25
GWETTOP,2011,2.5,41.875,0.14,0.11,0.12,0.21,0.35,0.25,0.21,0.19,0.16,0.47,0.65,0.58,0.29
GWETTOP,2011,3.0,34.375,0.17,0.18,0.31,0.34,0.48,0.49,0.45,0.53,0.57,0.5,0.6,0.52,0.43
GWETTOP,2011,3.0,35.0,0.13,0.14,0.25,0.25,0.37,0.37,0.35,0.38,0.41,0.37,0.47,0.42,0.33
GWETTOP,2011,3.0,35.625,0.12,0.13,0.25,0.22,0.33,0.26,0.25,0.24,0.26,0.19,0.42,0.38,0.25
GWETTOP,2011,3.0,36.25,0.12,0.14,0.27,0.26,0.25,0.24,0.22,0.19,0.24,0.19,0.43,0.38,0.24
GWETTOP,2011,3.0,36.875,0.12,0.14,0.27,0.28,0.25,0.24,0.21,0.18,0.23,0.21,0.41,0.37,0.24
GWETTOP,2011,3.0,37.5,0.11,0.14,0.25,0.23,0.23,0.22,0.19,0.15,0.19,0.25,0.44,0.35,0.23
GWETTOP,2011,3.0,38.125,0.13,0.16,0.25,0.28,0.31,0.25,0.18,0.15,0.17,0.33,0.5,0.45,0.26
GWETTOP,2011,3.0,38.75,0.13,0.17,0.26,0.31,0.35,0.27,0.18,0.15,0.17,0.39,0.58,0.5,0.29
GWETTOP,2011,3.0,39.375,0.12,0.15,0.23,0.28,0.36,0.29,0.18,0.14,0.16,0.38,0.58,0.49,0.28
GWETTOP,2011,3.0,40.0,0.13,0.15,0.23,0.29,0.39,0.3,0.19,0.15,0.17,0.42,0.65,0.55,0.3
GWETTOP,2011,3.0,40.625,0.15,0.14,0.19,0.27,0.39,0.24,0.19,0.18,0.16,0.44,0.67,0.58,0.3
GWETTOP,2011,3.0,41.25,0.14,0.11,0.15,0.23,0.31,0.21,0.18,0.16,0.14,0.41,0.58,0.44,0.26
GWETTOP,2011,3.0,41.875,0.1,0.09,0.11,0.19,0.34,0.27,0.2,0.14,0.12,0.39,0.58,0.52,0.26
GWETTOP,2011,3.5,34.375,0.15,0.16,0.27,0.33,0.39,0.42,0.39,0.45,0.52,0.44,0.55,0.48,0.38
GWETTOP,2011,3.5,35.0,0.13,0.14,0.25,0.26,0.36,0.36,0.34,0.37,0.38,0.36,0.47,0.42,0.32
GWETTOP,2011,3.5,35.625,0.12,0.13,0.26,0.24,0.32,0.24,0.24,0.23,0.26,0.2,0.43,0.39,0.26
GWETTOP,2011,3.5,36.25,0.12,0.13,0.27,0.27,0.26,0.23,0.23,0.2,0.24,0.2,0.43,0.38,0.25
GWETTOP,2011,3.5,36.875,0.11,0.14,0.28,0.31,0.26,0.23,0.22,0.18,0.23,0.24,0.43,0.38,0.25
GWETTOP,2011,3.5,37.5,0.12,0.16,0.3,0.32,0.31,0.27,0.24,0.2,0.25,0.27,0.5,0.43,0.28
GWETTOP,2011,3.5,38.125,0.11,0.17,0.27,0.31,0.35,0.32,0.22,0.15,0.19,0.35,0.51,0.44,0.28
GWETTOP,2011,3.5,38.75,0.12,0.16,0.26,0.31,0.37,0.33,0.24,0.16,0.2,0.39,0.54,0.44,0.29
GWETTOP,2011,3.5,39.375,0.13,0.17,0.26,0.31,0.41,0.35,0.26,0.18,0.21,0.44,0.63,0.52,0.32
GWETTOP,2011,3.5,40.0,0.12,0.16,0.23,0.3,0.4,0.32,0.2,0.15,0.16,0.44,0.64,0.52,0.3
GWETTOP,2011,3.5,40.625,0.16,0.16,0.24,0.34,0.52,0.28,0.21,0.18,0.17,0.53,0.76,0.65,0.35
GWETTOP,2011,3.5,41.25,0.14,0.12,0.17,0.25,0.35,0.23,0.19,0.17,0.15,0.42,0.59,0.49,0.27
GWETTOP,2011,3.5,41.875,0.1,0.09,0.1,0.18,0.29,0.21,0.16,0.12,0.1,0.37,0.55,0.45,0.23
GWETTOP,2011,4.0,34.375,0.18,0.19,0.32,0.34,0.47,0.5,0.44,0.52,0.55,0.53,0.61,0.54,0.43
GWETTOP,2011,4.0,35.0,0.15,0.17,0.31,0.3,0.42,0.41,0.36,0.42,0.43,0.41,0.55,0.5,0.37
GWETTOP,2011,4.0,35.625,0.12,0.14,0.28,0.29,0.33,0.27,0.26,0.25,0.27,0.23,0.45,0.41,0.28
GWETTOP,2011,4.0,36.25,0.11,0.13,0.28,0.29,0.27,0.23,0.23,0.21,0.24,0.22,0.43,0.4,0.25
GWETTOP,2011,4.0,36.875,0.11,0.15,0.28,0.32,0.3,0.25,0.23,0.21,0.25,0.26,0.43,0.39,0.27
GWETTOP,2011,4.0,37.5,0.11,0.16,0.3,0.32,0.34,0.28,0.25,0.21,0.26,0.3,0.47,0.42,0.29
GWETTOP,2011,4.0,38.125,0.14,0.19,0.29,0.34,0.43,0.37,0.3,0.21,0.27,0.45,0.58,0.5,0.34
GWETTOP,2011,4.0,38.75,0.18,0.25,0.37,0.41,0.59,0.43,0.31,0.23,0.31,0.56,0.71,0.66,0.42
GWETTOP,2011,4.0,39.375,0.17,0.22,0.32,0.4,0.59,0.39,0.28,0.21,0.25,0.58,0.75,0.66,0.4
GWETTOP,2011,4.0,40.0,0.14,0.17,0.23,0.34,0.47,0.33,0.21,0.17,0.18,0.53,0.7,0.56,0.34
GWETTOP,2011,4.0,40.625,0.16,0.16,0.24,0.35,0.52,0.31,0.22,0.17,0.16,0.55,0.77,0.65,0.36
GWETTOP,2011,4.0,41.25,0.12,0.11,0.17,0.25,0.37,0.28,0.18,0.14,0.13,0.43,0.61,0.51,0.28
GWETTOP,2011,4.0,41.875,0.11,0.1,0.11,0.21,0.34,0.26,0.17,0.13,0.12,0.41,0.62,0.55,0.26
GWETTOP,2011,4.5,34.375,0.2,0.22,0.37,0.38,0.54,0.58,0.48,0.6,0.56,0.62,0.71,0.54,0.48
GWETTOP,2011,4.5,35.0,0.16,0.18,0.35,0.35,0.45,0.44,0.38,0.44,0.45,0.45,0.6,0.56,0.4
GWETTOP,2011,4.5,35.625,0.12,0.14,0.3,0.34,0.34,0.29,0.26,0.26,0.26,0.26,0.45,0.42,0.29
GWETTOP,2011,4.5,36.25,0.11,0.13,0.3,0.33,0.31,0.26,0.25,0.23,0.25,0.25,0.45,0.41,0.27
GWETTOP,2011,4.5,36.875,0.11,0.15,0.29,0.33,0.33,0.29,0.26,0.23,0.26,0.28,0.43,0.41,0.28
GWETTOP,2011,4.5,37.5,0.15,0.21,0.37,0.37,0.46,0.37,0.33,0.28,0.35,0.42,0.59,0.55,0.37
GWETTOP,2011,4.5,38.125,0.18,0.24,0.33,0.38,0.58,0.44,0.33,0.24,0.36,0.55,0.69,0.65,0.42
GWETTOP,2011,4.5,38.75,0.17,0.23,0.3,0.36,0.54,0.4,0.3,0.21,0.32,0.53,0.67,0.62,0.39
GWETTOP,2011,4.5,39.375,0.14,0.16,0.22,0.33,0.47,0.34,0.24,0.18,0.22,0.5,0.62,0.54,0.33
GWETTOP,2011,4.5,40.0,0.13,0.14,0.2,0.3,0.41,0.32,0.23,0.17,0.2,0.45,0.56,0.49,0.3
GWETTOP,2011,4.5,40.625,0.13,0.12,0.17,0.29,0.4,0.31,0.2,0.15,0.15,0.49,0.64,0.51,0.3
GWETTOP,2011,4.5,41.25,0.13,0.11,0.15,0.26,0.38,0.33,0.22,0.14,0.13,0.46,0.65,0.55,0.29
GWETTOP,2011,4.5,41.875,0.11,0.1,0.12,0.23,0.38,0.29,0.17,0.13,0.12,0.46,0.67,0.59,0.28
GWETTOP,2012,-0.5,34.375,0.66,0.42,0.47,0.68,0.84,0.84,0.77,0.62,0.61,0.61,0.81,0.78,0.68
GWETTOP,2012,-0.5,35.0,0.67,0.5,0.48,0.66,0.81,0.81,0.76,0.69,0.69,0.66,0.77,0.77,0.69
GWETTOP,2012,-0.5,35.625,0.56,0.48,0.45,0.59,0.69,0.68,0.66,0.66,0.66,0.65,0.67,0.68,0.62
GWETTOP,2012,-0.5,36.25,0.46,0.4,0.37,0.53,0.63,0.6,0.58,0.58,0.57,0.57,0.57,0.56,0.54
GWETTOP,2012,-0.5,36.875,0.45,0.38,0.36,0.52,0.63,0.58,0.56,0.55,0.52,0.53,0.56,0.56,0.52
GWETTOP,2012,-0.5,37.5,0.48,0.42,0.34,0.54,0.66,0.6,0.56,0.55,0.52,0.54,0.58,0.58,0.53
GWETTOP,2012,-0.5,38.125,0.41,0.34,0.31,0.48,0.48,0.36,0.34,0.35,0.26,0.4,0.54,0.57,0.4
GWETTOP,2012,-0.5,38.75,0.31,0.28,0.26,0.44,0.44,0.32,0.3,0.31,0.23,0.37,0.5,0.51,0.36
GWETTOP,2012,-0.5,39.375,0.3,0.26,0.24,0.37,0.41,0.35,0.3,0.3,0.22,0.36,0.45,0.46,0.34
GWETTOP,2012,-0.5,40.0,0.36,0.31,0.28,0.39,0.47,0.41,0.35,0.33,0.26,0.4,0.48,0.5,0.38
GWETTOP,2012,-0.5,40.625,0.37,0.31,0.27,0.38,0.51,0.54,0.47,0.41,0.33,0.45,0.48,0.48,0.42
GWETTOP,2012,-0.5,41.25,0.37,0.32,0.28,0.39,0.53,0.56,0.48,0.41,0.34,0.47,0.49,0.48,0.43
GWETTOP,2012,-0.5,41.875,0.37,0.28,0.24,0.39,0.52,0.56,0.5,0.43,0.32,0.44,0.46,0.45,0.41
GWETTOP,2012,-1.0,34.375,0.69,0.51,0.52,0.63,0.74,0.7,0.6,0.51,0.52,0.53,0.68,0.67,0.61
GWETTOP,2012,-1.0,35.0,0.7,0.56,0.56,0.68,0.81,0.79,0.74,0.68,0.63,0.62,0.7,0.71,0.68
GWETTOP,2012,-1.0,35.625,0.54,0.46,0.44,0.61,0.77,0.75,0.71,0.67,0.63,0.6,0.62,0.62,0.62
GWETTOP,2012,-1.0,36.25,0.42,0.35,0.34,0.53,0.75,0.74,0.7,0.66,0.61,0.55,0.56,0.52,0.56
GWETTOP,2012,-1.0,36.875,0.47,0.33,0.3,0.55,0.73,0.65,0.55,0.51,0.47,0.47,0.54,0.55,0.51
GWETTOP,2012,-1.0,37.5,0.48,0.39,0.33,0.56,0.7,0.65,0.59,0.54,0.45,0.49,0.55,0.56,0.52
GWETTOP,2012,-1.0,38.125,0.36,0.32,0.3,0.5,0.48,0.37,0.34,0.36,0.26,0.41,0.58,0.61,0.41
GWETTOP,2012,-1.0,38.75,0.29,0.26,0.26,0.47,0.47,0.33,0.31,0.33,0.24,0.4,0.56,0.57,0.37
GWETTOP,2012,-1.0,39.375,0.27,0.23,0.22,0.41,0.5,0.41,0.31,0.32,0.24,0.42,0.54,0.55,0.37
GWETTOP,2012,-1.0,40.0,0.36,0.31,0.29,0.46,0.58,0.47,0.37,0.37,0.29,0.48,0.6,0.61,0.43
GWETTOP,2012,-1.0,40.625,0.36,0.31,0.28,0.38,0.54,0.58,0.5,0.44,0.36,0.48,0.51,0.51,0.44
GWETTOP,2012,-1.0,41.25,0.41,0.33,0.28,0.36,0.53,0.57,0.5,0.46,0.37,0.48,0.5,0.5,0.44
GWETTOP,2012,-1.0,41.875,0.33,0.27,0.23,0.31,0.46,0.49,0.43,0.38,0.31,0.38,0.41,0.41,0.37
GWETTOP,2012,-1.5,34.375,0.67,0.43,0.55,0.68,0.8,0.67,0.58,0.43,0.53,0.53,0.74,0.69,0.61
GWETTOP,2012,-1.5,35.0,0.63,0.44,0.53,0.69,0.85,0.75,0.62,0.53,0.49,0.52,0.67,0.67,0.62
GWETTOP,2012,-1.5,35.625,0.51,0.36,0.43,0.61,0.84,0.78,0.66,0.55,0.5,0.49,0.56,0.58,0.57
GWETTOP,2012,-1.5,36.25,0.33,0.21,0.3,0.52,0.74,0.63,0.51,0.43,0.37,0.38,0.43,0.42,0.44
GWETTOP,2012,-1.5,36.875,0.41,0.28,0.36,0.68,0.84,0.69,0.58,0.49,0.36,0.51,0.62,0.62,0.54
GWETTOP,2012,-1.5,37.5,0.42,0.28,0.29,0.52,0.65,0.52,0.46,0.41,0.31,0.42,0.51,0.54,0.44
GWETTOP,2012,-1.5,38.125,0.42,0.37,0.34,0.45,0.48,0.43,0.4,0.39,0.31,0.4,0.5,0.52,0.42
GWETTOP,2012,-1.5,38.75,0.33,0.3,0.29,0.46,0.48,0.34,0.31,0.35,0.25,0.41,0.55,0.57,0.39
GWETTOP,2012,-1.5,39.375,0.32,0.28,0.26,0.44,0.51,0.41,0.32,0.34,0.25,0.43,0.56,0.57,0.39
GWETTOP,2012,-1.5,40.0,0.38,0.33,0.3,0.47,0.6,0.56,0.44,0.41,0.32,0.51,0.61,0.6,0.46
GWETTOP,2012,-1.5,40.625,0.39,0.33,0.29,0.39,0.56,0.59,0.51,0.46,0.38,0.49,0.53,0.53,0.45
GWETTOP,2012,-1.5,41.25,0.44,0.32,0.25,0.34,0.53,0.58,0.51,0.47,0.38,0.48,0.5,0.51,0.44
GWETTOP,2012,-1.5,41.875,0.62,0.59,0.54,0.58,0.69,0.71,0.66,0.64,0.61,0.64,0.65,0.66,0.63
GWETTOP,2012,-1.7975103014118005e-13,34.375,0.6,0.46,0.45,0.63,0.75,0.76,0.71,0.63,0.65,0.63,0.74,0.72,0.64
GWETTOP,2012,-1.7975103014118005e-13,35.0,0.69,0.53,0.54,0.7,0.82,0.83,0.82,0.79,0.81,0.78,0.85,0.83,0.75
GWETTOP,2012,-1.7975103014118005e-13,35.625,0.65,0.56,0.51,0.63,0.74,0.74,0.74,0.75,0.77,0.76,0.8,0.8,0.7
GWETTOP,2012,-1.7975103014118005e-13,36.25,0.49,0.43,0.38,0.54,0.66,0.63,0.63,0.65,0.64,0.6,0.61,0.58,0.57
GWETTOP,2012,-1.7975103014118005e-13,36.875,0.42,0.36,0.34,0.47,0.59,0.53,0.53,0.54,0.51,0.49,0.52,0.5,0.48
GWETTOP,2012,-1.7975103014118005e-13,37.5,0.48,0.41,0.35,0.49,0.63,0.56,0.55,0.55,0.53,0.52,0.57,0.57,0.52
GWETTOP,2012,-1.7975103014118005e-13,38.125,0.4,0.34,0.29,0.44,0.44,0.36,0.34,0.32,0.24,0.34,0.46,0.48,0.37
GWETTOP,2012,-1.7975103014118005e-13,38.75,0.34,0.28,0.24,0.38,0.37,0.31,0.27,0.27,0.19,0.3,0.4,0.42,0.31
GWETTOP,2012,-1.7975103014118005e-13,39.375,0.33,0.27,0.2,0.34,0.36,0.31,0.25,0.25,0.18,0.29,0.37,0.39,0.3
GWETTOP,2012,-1.7975103014118005e-13,40.0,0.36,0.31,0.23,0.35,0.38,0.35,0.31,0.28,0.2,0.31,0.38,0.39,0.32
GWETTOP,2012,-1.7975103014118005e-13,40.625,0.4,0.32,0.25,0.41,0.44,0.44,0.39,0.34,0.26,0.37,0.4,0.39,0.37
GWETTOP,2012,-1.7975103014118005e-13,41.25,0.39,0.33,0.29,0.45,0.47,0.48,0.41,0.36,0.29,0.4,0.43,0.41,0.39
GWETTOP,2012,-1.7975103014118005e-13,41.875,0.47,0.36,0.28,0.51,0.54,0.54,0.48,0.41,0.31,0.44,0.47,0.44,0.44
GWETTOP,2012,-2.0,34.375,0.68,0.44,0.57,0.69,0.76,0.65,0.48,0.37,0.46,0.51,0.74,0.69,0.59
GWETTOP,2012,-2.0,35.0,0.63,0.45,0.56,0.69,0.81,0.66,0.56,0.42,0.39,0.49,0.67,0.67,0.58
GWETTOP,2012,-2.0,35.625,0.54,0.39,0.47,0.62,0.78,0.66,0.55,0.47,0.4,0.45,0.58,0.6,0.54
GWETTOP,2012,-2.0,36.25,0.3,0.21,0.29,0.45,0.53,0.41,0.34,0.29,0.2,0.27,0.36,0.36,0.33
GWETTOP,2012,-2.0,36.875,0.42,0.29,0.38,0.64,0.75,0.61,0.38,0.35,0.29,0.46,0.57,0.6,0.48
GWETTOP,2012,-2.0,37.5,0.4,0.26,0.31,0.54,0.64,0.51,0.37,0.34,0.26,0.41,0.51,0.53,0.42
GWETTOP,2012,-2.0,38.125,0.4,0.34,0.33,0.43,0.46,0.4,0.35,0.35,0.29,0.38,0.47,0.5,0.39
GWETTOP,2012,-2.0,38.75,0.35,0.31,0.32,0.49,0.53,0.39,0.34,0.38,0.28,0.43,0.57,0.58,0.41
GWETTOP,2012,-2.0,39.375,0.39,0.32,0.31,0.49,0.57,0.49,0.39,0.39,0.29,0.47,0.6,0.61,0.44
GWETTOP,2012,-2.0,40.0,0.37,0.31,0.28,0.44,0.55,0.51,0.42,0.4,0.31,0.47,0.57,0.56,0.43
GWETTOP,2012,-2.0,40.625,0.41,0.33,0.27,0.38,0.53,0.56,0.49,0.45,0.38,0.47,0.52,0.51,0.44
GWETTOP,2012,-2.0,41.25,0.44,0.38,0.32,0.38,0.51,0.54,0.48,0.46,0.44,0.46,0.48,0.48,0.45
GWETTOP,2012,-2.0,41.875,0.67,0.66,0.61,0.63,0.72,0.72,0.69,0.67,0.65,0.67,0.68,0.68,0.67
GWETTOP,2012,-2.5,34.375,0.72,0.52,0.58,0.61,0.62,0.54,0.42,0.28,0.3,0.38,0.61,0.62,0.52
GWETTOP,2012,-2.5,35.0,0.7,0.51,0.59,0.63,0.69,0.55,0.45,0.33,0.28,0.39,0.62,0.61,0.53
GWETTOP,2012,-2.5,35.625,0.57,0.46,0.5,0.58,0.62,0.52,0.36,0.29,0.25,0.36,0.56,0.55,0.47
GWETTOP,2012,-2.5,36.25,0.45,0.35,0.42,0.51,0.52,0.44,0.32,0.27,0.19,0.27,0.42,0.42,0.38
GWETTOP,2012,-2.5,36.875,0.56,0.37,0.47,0.61,0.68,0.56,0.29,0.3,0.24,0.38,0.55,0.54,0.46
GWETTOP,2012,-2.5,37.5,0.52,0.34,0.43,0.6,0.65,0.51,0.27,0.33,0.25,0.4,0.55,0.54,0.45
GWETTOP,2012,-2.5,38.125,0.49,0.39,0.38,0.5,0.53,0.46,0.35,0.39,0.27,0.42,0.56,0.56,0.44
GWETTOP,2012,-2.5,38.75,0.41,0.35,0.39,0.52,0.57,0.43,0.36,0.41,0.31,0.46,0.6,0.59,0.45
GWETTOP,2012,-2.5,39.375,0.54,0.42,0.42,0.59,0.67,0.6,0.48,0.5,0.37,0.57,0.7,0.69,0.55
GWETTOP,2012,-2.5,40.0,0.37,0.33,0.3,0.41,0.47,0.43,0.38,0.38,0.31,0.42,0.53,0.49,0.4
GWETTOP,2012,-2.5,40.625,0.5,0.45,0.41,0.48,0.57,0.57,0.53,0.52,0.49,0.54,0.58,0.56,0.52
GWETTOP,2012,-2.5,41.25,1.0,1.0,1.0,1.0,1.0,1.0,1.0,1.0,1.0,1.0,1.0,1.0,1.0
GWETTOP,2012,-2.5,41.875,1.0,1.0,1.0,1.0,1.0,1.0,1.0,1.0,1.0,1.0,1.0,1.0,1.0
GWETTOP,2012,-3.0,34.375,0.84,0.64,0.73,0.63,0.6,0.51,0.4,0.23,0.18,0.3,0.55,0.61,0.52
GWETTOP,2012,-3.0,35.0,0.8,0.6,0.71,0.66,0.68,0.53,0.45,0.29,0.21,0.32,0.6,0.61,0.54
GWETTOP,2012,-3.0,35.625,0.75,0.58,0.66,0.68,0.73,0.58,0.49,0.46,0.31,0.37,0.59,0.6,0.57
GWETTOP,2012,-3.0,36.25,0.68,0.58,0.62,0.67,0.67,0.58,0.4,0.31,0.24,0.3,0.58,0.55,0.51
GWETTOP,2012,-3.0,36.875,0.68,0.56,0.6,0.69,0.76,0.63,0.51,0.46,0.34,0.44,0.6,0.6,0.57
GWETTOP,2012,-3.0,37.5,0.59,0.49,0.52,0.61,0.68,0.56,0.47,0.46,0.38,0.39,0.51,0.51,0.51
GWETTOP,2012,-3.0,38.125,0.51,0.45,0.45,0.52,0.52,0.47,0.39,0.43,0.32,0.43,0.55,0.53,0.46
GWETTOP,2012,-3.0,38.75,0.44,0.36,0.42,0.54,0.55,0.44,0.36,0.44,0.32,0.45,0.6,0.55,0.46
GWETTOP,2012,-3.0,39.375,0.55,0.44,0.46,0.6,0.66,0.6,0.49,0.53,0.39,0.57,0.71,0.66,0.56
GWETTOP,2012,-3.0,40.0,0.39,0.36,0.34,0.41,0.46,0.41,0.38,0.38,0.34,0.41,0.53,0.47,0.41
GWETTOP,2012,-3.0,40.625,0.77,0.75,0.74,0.76,0.79,0.79,0.77,0.76,0.75,0.77,0.81,0.79,0.77
GWETTOP,2012,-3.0,41.25,1.0,1.0,1.0,1.0,1.0,1.0,1.0,1.0,1.0,1.0,1.0,1.0,1.0
GWETTOP,2012,-3.0,41.875,1.0,1.0,1.0,1.0,1.0,1.0,1.0,1.0,1.0,1.0,1.0,1.0,1.0
GWETTOP,2012,-3.5,34.375,0.85,0.68,0.71,0.61,0.55,0.47,0.3,0.19,0.16,0.25,0.51,0.59,0.49
GWETTOP,2012,-3.5,35.0,0.76,0.61,0.67,0.63,0.6,0.49,0.4,0.28,0.2,0.27,0.53,0.57,0.5
GWETTOP,2012,-3.5,35.625,0.63,0.54,0.58,0.61,0.6,0.52,0.47,0.42,0.29,0.3,0.51,0.53,0.5
GWETTOP,2012,-3.5,36.25,0.6,0.51,0.55,0.59,0.58,0.5,0.32,0.28,0.21,0.27,0.44,0.44,0.44
GWETTOP,2012,-3.5,36.875,0.54,0.45,0.51,0.55,0.57,0.49,0.37,0.35,0.25,0.33,0.44,0.42,0.44
GWETTOP,2012,-3.5,37.5,0.45,0.34,0.43,0.49,0.52,0.47,0.39,0.39,0.27,0.35,0.45,0.42,0.41
GWETTOP,2012,-3.5,38.125,0.44,0.37,0.41,0.51,0.51,0.43,0.37,0.43,0.31,0.42,0.55,0.5,0.44
GWETTOP,2012,-3.5,38.75,0.46,0.41,0.45,0.54,0.54,0.47,0.43,0.47,0.38,0.46,0.58,0.52,0.48
GWETTOP,2012,-3.5,39.375,0.51,0.42,0.44,0.59,0.66,0.6,0.49,0.54,0.4,0.55,0.69,0.63,0.54
GWETTOP,2012,-3.5,40.0,0.56,0.51,0.51,0.58,0.61,0.57,0.51,0.54,0.48,0.55,0.67,0.61,0.56
GWETTOP,2012,-3.5,40.625,0.93,0.92,0.91,0.92,0.93,0.93,0.92,0.92,0.92,0.93,0.94,0.93,0.92
GWETTOP,2012,-3.5,41.25,1.0,1.0,1.0,1.0,1.0,1.0,1.0,1.0,1.0,1.0,1.0,1.0,1.0
GWETTOP,2012,-3.5,41.875,1.0,1.0,1.0,1.0,1.0,1.0,1.0,1.0,1.0,1.0,1.0,1.0,1.0
GWETTOP,2012,-4.0,34.375,0.76,0.65,0.66,0.6,0.52,0.45,0.29,0.22,0.17,0.22,0.48,0.56,0.46
GWETTOP,2012,-4.0,35.0,0.73,0.64,0.67,0.66,0.61,0.52,0.43,0.35,0.28,0.29,0.54,0.58,0.52
GWETTOP,2012,-4.0,35.625,0.63,0.55,0.58,0.61,0.59,0.53,0.49,0.46,0.36,0.33,0.5,0.52,0.51
GWETTOP,2012,-4.0,36.25,0.57,0.5,0.53,0.56,0.52,0.47,0.36,0.33,0.23,0.28,0.39,0.44,0.43
GWETTOP,2012,-4.0,36.875,0.53,0.47,0.51,0.54,0.51,0.46,0.35,0.36,0.27,0.34,0.41,0.44,0.43
GWETTOP,2012,-4.0,37.5,0.49,0.39,0.49,0.53,0.52,0.45,0.35,0.39,0.28,0.36,0.45,0.44,0.43
GWETTOP,2012,-4.0,38.125,0.44,0.35,0.45,0.56,0.57,0.46,0.37,0.45,0.32,0.43,0.58,0.53,0.46
GWETTOP,2012,-4.0,38.75,0.43,0.35,0.42,0.54,0.56,0.47,0.41,0.47,0.36,0.45,0.61,0.53,0.47
GWETTOP,2012,-4.0,39.375,0.38,0.33,0.35,0.5,0.59,0.5,0.41,0.44,0.35,0.44,0.59,0.51,0.45
GWETTOP,2012,-4.0,40.0,0.54,0.51,0.52,0.58,0.62,0.56,0.51,0.54,0.5,0.54,0.67,0.6,0.56
GWETTOP,2012,-4.0,40.625,1.0,1.0,1.0,1.0,1.0,1.0,1.0,1.0,1.0,1.0,1.0,1.0,1.0
GWETTOP,2012,-4.0,41.25,1.0,1.0,1.0,1.0,1.0,1.0,1.0,1.0,1.0,1.0,1.0,1.0,1.0
GWETTOP,2012,-4.0,41.875,1.0,1.0,1.0,1.0,1.0,1.0,1.0,1.0,1.0,1.0,1.0,1.0,1.0
GWETTOP,2012,-4.5,34.375,0.61,0.53,0.56,0.53,0.49,0.42,0.37,0.33,0.27,0.25,0.42,0.51,0.44
GWETTOP,2012,-4.5,35.0,0.63,0.55,0.58,0.61,0.55,0.46,0.4,0.38,0.32,0.3,0.47,0.54,0.48
GWETTOP,2012,-4.5,35.625,0.56,0.49,0.52,0.56,0.51,0.44,0.42,0.41,0.34,0.31,0.43,0.46,0.45
GWETTOP,2012,-4.5,36.25,0.58,0.49,0.53,0.56,0.5,0.46,0.37,0.36,0.28,0.31,0.39,0.45,0.44
GWETTOP,2012,-4.5,36.875,0.56,0.48,0.52,0.54,0.5,0.45,0.37,0.4,0.3,0.35,0.41,0.46,0.45
GWETTOP,2012,-4.5,37.5,0.54,0.44,0.51,0.54,0.51,0.45,0.37,0.41,0.31,0.37,0.45,0.46,0.45
GWETTOP,2012,-4.5,38.125,0.58,0.46,0.55,0.62,0.64,0.58,0.49,0.54,0.42,0.51,0.63,0.61,0.55
GWETTOP,2012,-4.5,38.75,0.56,0.45,0.5,0.59,0.63,0.58,0.5,0.54,0.44,0.52,0.65,0.61,0.55
GWETTOP,2012,-4.5,39.375,0.4,0.37,0.39,0.47,0.52,0.44,0.4,0.42,0.38,0.41,0.54,0.47,0.43
GWETTOP,2012,-4.5,40.0,0.95,0.95,0.95,0.95,0.96,0.95,0.95,0.95,0.95,0.95,0.96,0.95,0.95
GWETTOP,2012,-4.5,40.625,1.0,1.0,1.0,1.0,1.0,1.0,1.0,1.0,1.0,1.0,1.0,1.0,1.0
GWETTOP,2012,-4.5,41.25,1.0,1.0,1.0,1.0,1.0,1.0,1.0,1.0,1.0,1.0,1.0,1.0,1.0
GWETTOP,2012,-4.5,41.875,1.0,1.0,1.0,1.0,1.0,1.0,1.0,1.0,1.0,1.0,1.0,1.0,1.0
GWETTOP,2012,0.5,34.375,0.66,0.56,0.5,0.65,0.72,0.72,0.71,0.72,0.75,0.73,0.75,0.73,0.68
GWETTOP,2012,0.5,35.0,0.74,0.63,0.56,0.7,0.81,0.82,0.83,0.84,0.87,0.84,0.87,0.84,0.78
GWETTOP,2012,0.5,35.625,0.52,0.43,0.4,0.55,0.7,0.68,0.68,0.71,0.71,0.67,0.73,0.69,0.62
GWETTOP,2012,0.5,36.25,0.42,0.33,0.27,0.45,0.62,0.56,0.59,0.64,0.63,0.52,0.53,0.48,0.5
GWETTOP,2012,0.5,36.875,0.48,0.36,0.32,0.53,0.66,0.58,0.62,0.65,0.62,0.55,0.57,0.55,0.54
GWETTOP,2012,0.5,37.5,0.37,0.29,0.23,0.39,0.46,0.4,0.41,0.42,0.38,0.37,0.41,0.41,0.38
GWETTOP,2012,0.5,38.125,0.35,0.29,0.22,0.38,0.38,0.34,0.31,0.29,0.2,0.28,0.38,0.39,0.32
GWETTOP,2012,0.5,38.75,0.35,0.29,0.2,0.36,0.35,0.31,0.24,0.24,0.17,0.27,0.37,0.38,0.29
GWETTOP,2012,0.5,39.375,0.36,0.26,0.17,0.37,0.37,0.31,0.21,0.23,0.16,0.28,0.38,0.39,0.29
GWETTOP,2012,0.5,40.0,0.37,0.27,0.16,0.37,0.38,0.34,0.26,0.24,0.16,0.28,0.36,0.37,0.3
GWETTOP,2012,0.5,40.625,0.38,0.29,0.21,0.41,0.4,0.37,0.31,0.27,0.18,0.29,0.34,0.34,0.32
GWETTOP,2012,0.5,41.25,0.43,0.37,0.32,0.47,0.44,0.42,0.36,0.33,0.27,0.34,0.36,0.35,0.37
GWETTOP,2012,0.5,41.875,0.5,0.4,0.32,0.53,0.51,0.47,0.41,0.36,0.27,0.37,0.41,0.37,0.41
GWETTOP,2012,1.0,34.375,0.78,0.68,0.62,0.7,0.81,0.82,0.84,0.86,0.9,0.87,0.88,0.84,0.8
GWETTOP,2012,1.0,35.0,0.72,0.56,0.49,0.64,0.83,0.83,0.84,0.87,0.88,0.85,0.87,0.82,0.77
GWETTOP,2012,1.0,35.625,0.39,0.29,0.29,0.47,0.67,0.6,0.59,0.67,0.66,0.53,0.6,0.52,0.52
GWETTOP,2012,1.0,36.25,0.33,0.22,0.2,0.37,0.5,0.45,0.5,0.54,0.52,0.4,0.4,0.38,0.4
GWETTOP,2012,1.0,36.875,0.37,0.33,0.27,0.38,0.47,0.42,0.47,0.5,0.47,0.4,0.41,0.4,0.41
GWETTOP,2012,1.0,37.5,0.35,0.3,0.23,0.36,0.39,0.35,0.36,0.35,0.31,0.32,0.37,0.39,0.34
GWETTOP,2012,1.0,38.125,0.33,0.28,0.21,0.36,0.34,0.28,0.27,0.25,0.18,0.25,0.35,0.37,0.29
GWETTOP,2012,1.0,38.75,0.35,0.29,0.21,0.36,0.34,0.26,0.21,0.21,0.15,0.26,0.37,0.39,0.28
GWETTOP,2012,1.0,39.375,0.37,0.24,0.16,0.38,0.38,0.28,0.19,0.22,0.16,0.28,0.39,0.41,0.29
GWETTOP,2012,1.0,40.0,0.37,0.25,0.15,0.38,0.39,0.34,0.25,0.23,0.15,0.27,0.35,0.36,0.29
GWETTOP,2012,1.0,40.625,0.44,0.31,0.18,0.44,0.42,0.37,0.3,0.24,0.15,0.28,0.35,0.34,0.32
GWETTOP,2012,1.0,41.25,0.56,0.44,0.32,0.52,0.48,0.45,0.37,0.31,0.2,0.32,0.39,0.36,0.39
GWETTOP,2012,1.0,41.875,0.49,0.35,0.24,0.49,0.47,0.43,0.37,0.31,0.21,0.32,0.38,0.35,0.37
GWETTOP,2012,1.5,34.375,0.5,0.41,0.36,0.56,0.68,0.66,0.68,0.69,0.71,0.65,0.65,0.58,0.59
GWETTOP,2012,1.5,35.0,0.44,0.34,0.3,0.48,0.67,0.64,0.67,0.72,0.74,0.63,0.63,0.53,0.57
GWETTOP,2012,1.5,35.625,0.29,0.18,0.22,0.36,0.47,0.43,0.45,0.53,0.5,0.4,0.41,0.38,0.39
GWETTOP,2012,1.5,36.25,0.25,0.16,0.18,0.32,0.42,0.4,0.43,0.44,0.43,0.35,0.33,0.31,0.34
GWETTOP,2012,1.5,36.875,0.36,0.32,0.25,0.36,0.4,0.38,0.39,0.39,0.37,0.35,0.37,0.39,0.36
GWETTOP,2012,1.5,37.5,0.33,0.26,0.22,0.35,0.38,0.35,0.35,0.33,0.3,0.3,0.35,0.36,0.32
GWETTOP,2012,1.5,38.125,0.34,0.31,0.26,0.37,0.34,0.28,0.25,0.23,0.17,0.26,0.37,0.39,0.3
GWETTOP,2012,1.5,38.75,0.41,0.32,0.26,0.46,0.41,0.28,0.27,0.26,0.2,0.31,0.46,0.47,0.34
GWETTOP,2012,1.5,39.375,0.43,0.32,0.2,0.39,0.39,0.32,0.24,0.22,0.16,0.28,0.39,0.41,0.31
GWETTOP,2012,1.5,40.0,0.43,0.3,0.16,0.4,0.41,0.33,0.23,0.22,0.16,0.29,0.41,0.42,0.31
GWETTOP,2012,1.5,40.625,0.54,0.34,0.2,0.5,0.47,0.4,0.29,0.25,0.16,0.29,0.41,0.39,0.35
GWETTOP,2012,1.5,41.25,0.46,0.32,0.2,0.43,0.4,0.37,0.33,0.27,0.15,0.27,0.35,0.34,0.32
GWETTOP,2012,1.5,41.875,0.46,0.26,0.15,0.48,0.46,0.42,0.34,0.27,0.17,0.31,0.4,0.37,0.34
GWETTOP,2012,2.0,34.375,0.41,0.32,0.32,0.49,0.6,0.57,0.59,0.62,0.63,0.53,0.54,0.48,0.51
GWETTOP,2012,2.0,35.0,0.36,0.23,0.25,0.41,0.53,0.51,0.54,0.61,0.6,0.48,0.47,0.43,0.45
GWETTOP,2012,2.0,35.625,0.22,0.14,0.19,0.32,0.41,0.39,0.4,0.46,0.43,0.36,0.35,0.32,0.33
GWETTOP,2012,2.0,36.25,0.18,0.14,0.18,0.3,0.41,0.36,0.38,0.38,0.34,0.27,0.27,0.29,0.29
GWETTOP,2012,2.0,36.875,0.32,0.26,0.24,0.36,0.39,0.35,0.35,0.33,0.3,0.3,0.36,0.38,0.33
GWETTOP,2012,2.0,37.5,0.33,0.25,0.21,0.36,0.37,0.33,0.29,0.27,0.23,0.27,0.35,0.37,0.3
GWETTOP,2012,2.0,38.125,0.4,0.32,0.24,0.42,0.39,0.3,0.25,0.23,0.18,0.29,0.42,0.43,0.32
GWETTOP,2012,2.0,38.75,0.4,0.33,0.25,0.42,0.39,0.31,0.26,0.23,0.18,0.29,0.41,0.43,0.32
GWETTOP,2012,2.0,39.375,0.41,0.31,0.19,0.39,0.39,0.34,0.25,0.22,0.16,0.28,0.39,0.4,0.31
GWETTOP,2012,2.0,40.0,0.44,0.3,0.17,0.42,0.43,0.36,0.28,0.24,0.17,0.3,0.43,0.44,0.33
GWETTOP,2012,2.0,40.625,0.57,0.26,0.2,0.64,0.6,0.46,0.29,0.3,0.22,0.36,0.55,0.48,0.41
GWETTOP,2012,2.0,41.25,0.47,0.29,0.18,0.51,0.46,0.39,0.3,0.25,0.17,0.29,0.42,0.38,0.34
GWETTOP,2012,2.0,41.875,0.53,0.24,0.16,0.6,0.58,0.52,0.38,0.31,0.22,0.36,0.52,0.46,0.41
GWETTOP,2012,2.5,34.375,0.35,0.3,0.29,0.45,0.55,0.5,0.55,0.57,0.55,0.47,0.48,0.42,0.46
GWETTOP,2012,2.5,35.0,0.34,0.22,0.22,0.37,0.48,0.45,0.47,0.59,0.55,0.44,0.42,0.39,0.41
GWETTOP,2012,2.5,35.625,0.23,0.13,0.18,0.32,0.42,0.39,0.38,0.49,0.43,0.35,0.33,0.29,0.33
GWETTOP,2012,2.5,36.25,0.18,0.13,0.17,0.3,0.41,0.34,0.32,0.33,0.26,0.23,0.26,0.29,0.27
GWETTOP,2012,2.5,36.875,0.28,0.18,0.2,0.34,0.37,0.33,0.29,0.26,0.22,0.26,0.33,0.34,0.28
GWETTOP,2012,2.5,37.5,0.27,0.18,0.2,0.38,0.39,0.28,0.24,0.23,0.19,0.26,0.36,0.37,0.28
GWETTOP,2012,2.5,38.125,0.35,0.23,0.18,0.41,0.4,0.33,0.23,0.25,0.18,0.29,0.4,0.4,0.3
GWETTOP,2012,2.5,38.75,0.34,0.23,0.18,0.41,0.39,0.31,0.23,0.25,0.18,0.29,0.4,0.4,0.3
GWETTOP,2012,2.5,39.375,0.36,0.24,0.16,0.39,0.39,0.34,0.27,0.28,0.22,0.3,0.39,0.39,0.31
GWETTOP,2012,2.5,40.0,0.41,0.26,0.17,0.44,0.44,0.37,0.31,0.31,0.24,0.33,0.43,0.42,0.34
GWETTOP,2012,2.5,40.625,0.49,0.25,0.21,0.57,0.54,0.42,0.3,0.37,0.31,0.37,0.49,0.43,0.4
GWETTOP,2012,2.5,41.25,0.27,0.18,0.16,0.38,0.33,0.27,0.22,0.26,0.22,0.25,0.31,0.26,0.26
GWETTOP,2012,2.5,41.875,0.38,0.24,0.18,0.42,0.42,0.36,0.29,0.32,0.3,0.31,0.36,0.31,0.32
GWETTOP,2012,3.0,34.375,0.38,0.24,0.18,0.42,0.56,0.5,0.57,0.61,0.59,0.52,0.53,0.47,0.46
GWETTOP,2012,3.0,35.0,0.32,0.16,0.16,0.34,0.47,0.41,0.43,0.57,0.5,0.4,0.39,0.36,0.38
GWETTOP,2012,3.0,35.625,0.26,0.12,0.17,0.31,0.43,0.39,0.36,0.45,0.38,0.32,0.26,0.24,0.31
GWETTOP,2012,3.0,36.25,0.24,0.12,0.17,0.31,0.38,0.33,0.26,0.24,0.17,0.22,0.26,0.25,0.25
GWETTOP,2012,3.0,36.875,0.26,0.13,0.17,0.33,0.35,0.3,0.23,0.21,0.17,0.23,0.28,0.27,0.24
GWETTOP,2012,3.0,37.5,0.19,0.1,0.15,0.36,0.33,0.21,0.19,0.21,0.16,0.23,0.3,0.31,0.23
GWETTOP,2012,3.0,38.125,0.33,0.17,0.16,0.41,0.4,0.33,0.25,0.28,0.21,0.29,0.38,0.38,0.3
GWETTOP,2012,3.0,38.75,0.33,0.17,0.17,0.46,0.44,0.35,0.25,0.32,0.24,0.33,0.43,0.41,0.33
GWETTOP,2012,3.0,39.375,0.33,0.18,0.16,0.41,0.4,0.34,0.3,0.33,0.29,0.32,0.39,0.37,0.32
GWETTOP,2012,3.0,40.0,0.36,0.21,0.17,0.45,0.44,0.37,0.32,0.36,0.33,0.35,0.42,0.39,0.35
GWETTOP,2012,3.0,40.625,0.37,0.21,0.19,0.47,0.44,0.35,0.28,0.35,0.31,0.34,0.41,0.35,0.34
GWETTOP,2012,3.0,41.25,0.28,0.19,0.17,0.4,0.36,0.3,0.24,0.3,0.27,0.29,0.34,0.28,0.29
GWETTOP,2012,3.0,41.875,0.34,0.26,0.16,0.4,0.4,0.34,0.3,0.33,0.32,0.32,0.35,0.31,0.32
GWETTOP,2012,3.5,34.375,0.34,0.2,0.14,0.37,0.51,0.43,0.51,0.58,0.56,0.46,0.49,0.42,0.42
GWETTOP,2012,3.5,35.0,0.31,0.14,0.16,0.35,0.48,0.42,0.43,0.54,0.47,0.39,0.4,0.37,0.37
GWETTOP,2012,3.5,35.625,0.25,0.11,0.17,0.34,0.45,0.4,0.36,0.42,0.36,0.29,0.3,0.26,0.31
GWETTOP,2012,3.5,36.25,0.24,0.11,0.17,0.34,0.39,0.34,0.29,0.27,0.19,0.25,0.28,0.26,0.26
GWETTOP,2012,3.5,36.875,0.27,0.12,0.17,0.36,0.37,0.32,0.25,0.23,0.17,0.26,0.31,0.29,0.26
GWETTOP,2012,3.5,37.5,0.24,0.13,0.18,0.41,0.43,0.34,0.29,0.28,0.22,0.3,0.34,0.34,0.29
GWETTOP,2012,3.5,38.125,0.32,0.19,0.16,0.44,0.45,0.37,0.34,0.35,0.32,0.34,0.38,0.37,0.34
GWETTOP,2012,3.5,38.75,0.31,0.18,0.16,0.46,0.45,0.38,0.34,0.38,0.35,0.36,0.4,0.38,0.35
GWETTOP,2012,3.5,39.375,0.35,0.2,0.18,0.49,0.49,0.42,0.37,0.42,0.4,0.4,0.44,0.41,0.38
GWETTOP,2012,3.5,40.0,0.34,0.19,0.18,0.49,0.46,0.37,0.34,0.39,0.37,0.37,0.42,0.37,0.36
GWETTOP,2012,3.5,40.625,0.41,0.21,0.22,0.59,0.55,0.4,0.32,0.44,0.4,0.42,0.52,0.4,0.41
GWETTOP,2012,3.5,41.25,0.34,0.22,0.19,0.44,0.4,0.31,0.25,0.31,0.28,0.32,0.37,0.3,0.31
GWETTOP,2012,3.5,41.875,0.28,0.2,0.14,0.38,0.36,0.28,0.23,0.25,0.24,0.28,0.31,0.26,0.27
GWETTOP,2012,4.0,34.375,0.37,0.2,0.18,0.45,0.57,0.51,0.56,0.61,0.61,0.54,0.58,0.53,0.48
GWETTOP,2012,4.0,35.0,0.31,0.15,0.19,0.44,0.59,0.51,0.5,0.59,0.54,0.46,0.49,0.44,0.44
GWETTOP,2012,4.0,35.625,0.29,0.13,0.18,0.37,0.5,0.43,0.38,0.45,0.39,0.34,0.36,0.33,0.35
GWETTOP,2012,4.0,36.25,0.25,0.11,0.16,0.36,0.42,0.36,0.32,0.31,0.22,0.28,0.33,0.29,0.28
GWETTOP,2012,4.0,36.875,0.28,0.13,0.17,0.38,0.4,0.35,0.32,0.29,0.2,0.3,0.35,0.31,0.29
GWETTOP,2012,4.0,37.5,0.26,0.13,0.17,0.42,0.44,0.37,0.33,0.33,0.26,0.33,0.37,0.34,0.31
GWETTOP,2012,4.0,38.125,0.34,0.22,0.18,0.54,0.55,0.46,0.41,0.46,0.45,0.45,0.45,0.4,0.41
GWETTOP,2012,4.0,38.75,0.45,0.23,0.23,0.67,0.69,0.61,0.53,0.56,0.6,0.56,0.58,0.49,0.52
GWETTOP,2012,4.0,39.375,0.44,0.22,0.23,0.68,0.67,0.59,0.44,0.56,0.52,0.53,0.6,0.54,0.5
GWETTOP,2012,4.0,40.0,0.38,0.19,0.2,0.61,0.54,0.45,0.36,0.44,0.44,0.42,0.48,0.41,0.41
GWETTOP,2012,4.0,40.625,0.43,0.23,0.22,0.64,0.57,0.42,0.33,0.43,0.41,0.44,0.51,0.4,0.42
GWETTOP,2012,4.0,41.25,0.37,0.26,0.17,0.45,0.41,0.34,0.28,0.29,0.28,0.32,0.37,0.32,0.32
GWETTOP,2012,4.0,41.875,0.37,0.28,0.17,0.41,0.4,0.33,0.27,0.24,0.23,0.3,0.35,0.31,0.3
GWETTOP,2012,4.5,34.375,0.31,0.22,0.24,0.55,0.66,0.5,0.66,0.67,0.65,0.61,0.65,0.62,0.53
GWETTOP,2012,4.5,35.0,0.35,0.17,0.21,0.49,0.64,0.55,0.53,0.6,0.57,0.51,0.56,0.52,0.48
GWETTOP,2012,4.5,35.625,0.31,0.13,0.18,0.4,0.54,0.45,0.4,0.48,0.41,0.37,0.4,0.39,0.37
GWETTOP,2012,4.5,36.25,0.27,0.11,0.17,0.39,0.49,0.4,0.36,0.38,0.32,0.32,0.37,0.35,0.33
GWETTOP,2012,4.5,36.875,0.3,0.13,0.16,0.4,0.45,0.39,0.36,0.36,0.3,0.34,0.37,0.36,0.33
GWETTOP,2012,4.5,37.5,0.29,0.16,0.21,0.56,0.61,0.52,0.45,0.48,0.43,0.47,0.49,0.41,0.42
GWETTOP,2012,4.5,38.125,0.45,0.24,0.22,0.67,0.7,0.61,0.54,0.57,0.59,0.58,0.57,0.47,0.52
GWETTOP,2012,4.5,38.75,0.44,0.24,0.21,0.64,0.67,0.57,0.48,0.53,0.54,0.54,0.54,0.44,0.49
GWETTOP,2012,4.5,39.375,0.38,0.21,0.18,0.6,0.56,0.48,0.38,0.45,0.46,0.45,0.46,0.38,0.42
GWETTOP,2012,4.5,40.0,0.34,0.19,0.17,0.54,0.49,0.42,0.34,0.39,0.39,0.4,0.41,0.35,0.37
GWETTOP,2012,4.5,40.625,0.36,0.2,0.17,0.55,0.46,0.39,0.33,0.36,0.39,0.39,0.39,0.34,0.36
GWETTOP,2012,4.5,41.25,0.37,0.28,0.16,0.47,0.42,0.35,0.32,0.31,0.32,0.34,0.36,0.34,0.34
GWETTOP,2012,4.5,41.875,0.4,0.27,0.14,0.44,0.43,0.35,0.27,0.24,0.24,0.33,0.37,0.31,0.32
GWETTOP,2013,-0.5,34.375,0.77,0.61,0.6,0.91,0.89,0.74,0.57,0.5,0.54,0.55,0.6,0.68,0.66
GWETTOP,2013,-0.5,35.0,0.75,0.63,0.6,0.84,0.84,0.77,0.67,0.65,0.65,0.62,0.63,0.67,0.69
GWETTOP,2013,-0.5,35.625,0.65,0.57,0.57,0.72,0.7,0.67,0.65,0.65,0.65,0.61,0.62,0.63,0.64
GWETTOP,2013,-0.5,36.25,0.51,0.44,0.45,0.64,0.58,0.56,0.55,0.56,0.56,0.5,0.53,0.55,0.54
GWETTOP,2013,-0.5,36.875,0.49,0.39,0.43,0.62,0.56,0.54,0.52,0.52,0.49,0.43,0.51,0.53,0.5
GWETTOP,2013,-0.5,37.5,0.52,0.45,0.46,0.64,0.59,0.54,0.53,0.53,0.51,0.46,0.53,0.56,0.53
GWETTOP,2013,-0.5,38.125,0.47,0.35,0.41,0.56,0.44,0.36,0.34,0.32,0.28,0.28,0.5,0.53,0.4
GWETTOP,2013,-0.5,38.75,0.39,0.27,0.36,0.52,0.38,0.32,0.3,0.29,0.26,0.26,0.46,0.48,0.36
GWETTOP,2013,-0.5,39.375,0.34,0.23,0.33,0.47,0.44,0.34,0.32,0.32,0.26,0.28,0.43,0.42,0.35
GWETTOP,2013,-0.5,40.0,0.38,0.27,0.36,0.52,0.51,0.41,0.37,0.37,0.3,0.32,0.46,0.47,0.4
GWETTOP,2013,-0.5,40.625,0.36,0.24,0.35,0.56,0.63,0.51,0.48,0.48,0.37,0.37,0.45,0.45,0.44
GWETTOP,2013,-0.5,41.25,0.36,0.25,0.36,0.57,0.65,0.51,0.49,0.49,0.37,0.38,0.46,0.45,0.45
GWETTOP,2013,-0.5,41.875,0.33,0.23,0.33,0.55,0.67,0.53,0.5,0.49,0.35,0.34,0.41,0.41,0.43
GWETTOP,2013,-1.0,34.375,0.7,0.58,0.57,0.82,0.81,0.68,0.53,0.5,0.52,0.51,0.56,0.61,0.62
GWETTOP,2013,-1.0,35.0,0.74,0.64,0.62,0.84,0.83,0.76,0.68,0.64,0.63,0.59,0.61,0.67,0.69
GWETTOP,2013,-1.0,35.625,0.61,0.51,0.53,0.76,0.75,0.7,0.64,0.62,0.61,0.56,0.56,0.61,0.62
GWETTOP,2013,-1.0,36.25,0.49,0.39,0.42,0.71,0.71,0.65,0.59,0.58,0.55,0.48,0.47,0.54,0.55
GWETTOP,2013,-1.0,36.875,0.52,0.44,0.43,0.66,0.6,0.51,0.49,0.48,0.44,0.38,0.49,0.58,0.5
GWETTOP,2013,-1.0,37.5,0.51,0.45,0.45,0.66,0.62,0.54,0.49,0.48,0.44,0.41,0.5,0.58,0.51
GWETTOP,2013,-1.0,38.125,0.46,0.35,0.43,0.57,0.42,0.36,0.33,0.33,0.28,0.29,0.52,0.56,0.41
GWETTOP,2013,-1.0,38.75,0.39,0.26,0.39,0.56,0.38,0.31,0.3,0.31,0.27,0.28,0.5,0.53,0.37
GWETTOP,2013,-1.0,39.375,0.34,0.21,0.38,0.57,0.5,0.34,0.31,0.34,0.28,0.31,0.5,0.49,0.38
GWETTOP,2013,-1.0,40.0,0.42,0.27,0.43,0.63,0.6,0.42,0.39,0.4,0.33,0.36,0.56,0.56,0.45
GWETTOP,2013,-1.0,40.625,0.38,0.26,0.37,0.58,0.67,0.53,0.5,0.51,0.4,0.4,0.47,0.48,0.46
GWETTOP,2013,-1.0,41.25,0.39,0.28,0.37,0.57,0.68,0.55,0.51,0.51,0.42,0.4,0.46,0.46,0.47
GWETTOP,2013,-1.0,41.875,0.33,0.25,0.31,0.47,0.61,0.48,0.43,0.42,0.34,0.32,0.36,0.36,0.39
GWETTOP,2013,-1.5,34.375,0.76,0.63,0.57,0.88,0.81,0.61,0.36,0.45,0.53,0.56,0.58,0.66,0.62
GWETTOP,2013,-1.5,35.0,0.74,0.6,0.58,0.87,0.82,0.65,0.5,0.51,0.52,0.53,0.56,0.65,0.63
GWETTOP,2013,-1.5,35.625,0.61,0.5,0.5,0.79,0.78,0.63,0.52,0.51,0.5,0.49,0.5,0.59,0.58
GWETTOP,2013,-1.5,36.25,0.42,0.33,0.36,0.68,0.61,0.46,0.4,0.39,0.38,0.34,0.39,0.47,0.44
GWETTOP,2013,-1.5,36.875,0.6,0.43,0.46,0.8,0.69,0.57,0.4,0.46,0.43,0.37,0.59,0.69,0.54
GWETTOP,2013,-1.5,37.5,0.5,0.4,0.4,0.62,0.54,0.46,0.37,0.39,0.35,0.32,0.47,0.57,0.45
GWETTOP,2013,-1.5,38.125,0.46,0.41,0.43,0.52,0.46,0.43,0.39,0.38,0.33,0.33,0.44,0.5,0.42
GWETTOP,2013,-1.5,38.75,0.43,0.3,0.42,0.54,0.42,0.33,0.32,0.33,0.29,0.3,0.5,0.54,0.39
GWETTOP,2013,-1.5,39.375,0.38,0.26,0.41,0.56,0.5,0.36,0.33,0.35,0.3,0.33,0.51,0.51,0.4
GWETTOP,2013,-1.5,40.0,0.41,0.28,0.45,0.64,0.66,0.52,0.46,0.48,0.38,0.39,0.56,0.54,0.48
GWETTOP,2013,-1.5,40.625,0.39,0.28,0.4,0.59,0.68,0.55,0.52,0.52,0.43,0.4,0.48,0.48,0.48
GWETTOP,2013,-1.5,41.25,0.42,0.3,0.38,0.57,0.71,0.59,0.52,0.51,0.42,0.37,0.45,0.47,0.48
GWETTOP,2013,-1.5,41.875,0.62,0.59,0.6,0.7,0.79,0.71,0.66,0.65,0.62,0.61,0.63,0.63,0.65
GWETTOP,2013,-1.7975103014118005e-13,34.375,0.69,0.57,0.57,0.81,0.83,0.73,0.61,0.58,0.6,0.58,0.63,0.65,0.65
GWETTOP,2013,-1.7975103014118005e-13,35.0,0.79,0.7,0.66,0.85,0.87,0.81,0.75,0.75,0.76,0.74,0.74,0.73,0.76
GWETTOP,2013,-1.7975103014118005e-13,35.625,0.77,0.7,0.66,0.79,0.8,0.77,0.75,0.75,0.76,0.74,0.73,0.72,0.75
GWETTOP,2013,-1.7975103014118005e-13,36.25,0.52,0.46,0.45,0.66,0.61,0.58,0.57,0.59,0.59,0.52,0.54,0.55,0.55
GWETTOP,2013,-1.7975103014118005e-13,36.875,0.44,0.37,0.38,0.61,0.55,0.5,0.49,0.5,0.49,0.42,0.47,0.49,0.48
GWETTOP,2013,-1.7975103014118005e-13,37.5,0.51,0.43,0.42,0.64,0.59,0.52,0.51,0.52,0.51,0.45,0.5,0.53,0.51
GWETTOP,2013,-1.7975103014118005e-13,38.125,0.43,0.34,0.37,0.52,0.42,0.36,0.33,0.3,0.26,0.25,0.43,0.45,0.37
GWETTOP,2013,-1.7975103014118005e-13,38.75,0.36,0.28,0.31,0.45,0.37,0.32,0.29,0.25,0.22,0.22,0.38,0.39,0.32
GWETTOP,2013,-1.7975103014118005e-13,39.375,0.32,0.23,0.28,0.43,0.38,0.33,0.29,0.26,0.22,0.22,0.36,0.36,0.31
GWETTOP,2013,-1.7975103014118005e-13,40.0,0.33,0.24,0.28,0.45,0.44,0.36,0.34,0.31,0.26,0.25,0.37,0.37,0.33
GWETTOP,2013,-1.7975103014118005e-13,40.625,0.29,0.19,0.3,0.52,0.55,0.44,0.41,0.39,0.3,0.29,0.39,0.37,0.37
GWETTOP,2013,-1.7975103014118005e-13,41.25,0.29,0.2,0.32,0.55,0.56,0.45,0.42,0.42,0.32,0.32,0.41,0.38,0.39
GWETTOP,2013,-1.7975103014118005e-13,41.875,0.29,0.2,0.33,0.59,0.65,0.52,0.48,0.46,0.33,0.33,0.45,0.41,0.42
GWETTOP,2013,-2.0,34.375,0.76,0.63,0.59,0.87,0.77,0.52,0.27,0.41,0.49,0.49,0.57,0.68,0.59
GWETTOP,2013,-2.0,35.0,0.73,0.59,0.59,0.87,0.78,0.59,0.4,0.43,0.46,0.49,0.56,0.66,0.6
GWETTOP,2013,-2.0,35.625,0.61,0.51,0.51,0.78,0.72,0.56,0.48,0.44,0.43,0.47,0.52,0.61,0.55
GWETTOP,2013,-2.0,36.25,0.36,0.27,0.3,0.55,0.43,0.35,0.27,0.26,0.25,0.24,0.34,0.42,0.34
GWETTOP,2013,-2.0,36.875,0.57,0.41,0.44,0.75,0.65,0.45,0.29,0.36,0.36,0.33,0.57,0.68,0.49
GWETTOP,2013,-2.0,37.5,0.51,0.39,0.41,0.66,0.55,0.44,0.29,0.33,0.32,0.3,0.49,0.61,0.44
GWETTOP,2013,-2.0,38.125,0.44,0.38,0.41,0.51,0.45,0.4,0.35,0.34,0.32,0.32,0.43,0.51,0.41
GWETTOP,2013,-2.0,38.75,0.45,0.32,0.45,0.57,0.48,0.37,0.35,0.36,0.33,0.34,0.52,0.57,0.43
GWETTOP,2013,-2.0,39.375,0.44,0.3,0.47,0.6,0.58,0.45,0.41,0.42,0.37,0.39,0.55,0.55,0.46
GWETTOP,2013,-2.0,40.0,0.4,0.29,0.43,0.58,0.62,0.49,0.44,0.45,0.37,0.38,0.51,0.49,0.46
GWETTOP,2013,-2.0,40.625,0.4,0.3,0.41,0.56,0.68,0.56,0.51,0.5,0.42,0.4,0.46,0.46,0.47
GWETTOP,2013,-2.0,41.25,0.43,0.36,0.41,0.52,0.64,0.52,0.49,0.48,0.45,0.43,0.45,0.45,0.47
GWETTOP,2013,-2.0,41.875,0.67,0.65,0.64,0.72,0.8,0.71,0.69,0.68,0.66,0.65,0.66,0.67,0.68
GWETTOP,2013,-2.5,34.375,0.7,0.58,0.57,0.78,0.64,0.45,0.23,0.29,0.38,0.35,0.47,0.61,0.5
GWETTOP,2013,-2.5,35.0,0.71,0.56,0.57,0.8,0.71,0.52,0.36,0.32,0.36,0.42,0.48,0.61,0.53
GWETTOP,2013,-2.5,35.625,0.59,0.49,0.47,0.69,0.6,0.49,0.29,0.29,0.32,0.43,0.47,0.57,0.47
GWETTOP,2013,-2.5,36.25,0.45,0.36,0.38,0.56,0.48,0.39,0.28,0.24,0.26,0.32,0.38,0.51,0.38
GWETTOP,2013,-2.5,36.875,0.58,0.43,0.44,0.69,0.63,0.41,0.25,0.28,0.31,0.37,0.5,0.67,0.46
GWETTOP,2013,-2.5,37.5,0.56,0.4,0.45,0.68,0.6,0.41,0.25,0.32,0.34,0.37,0.51,0.69,0.47
GWETTOP,2013,-2.5,38.125,0.52,0.42,0.49,0.58,0.54,0.47,0.38,0.36,0.35,0.35,0.49,0.63,0.47
GWETTOP,2013,-2.5,38.75,0.49,0.34,0.51,0.61,0.55,0.43,0.38,0.39,0.4,0.39,0.54,0.63,0.47
GWETTOP,2013,-2.5,39.375,0.57,0.38,0.59,0.7,0.72,0.62,0.56,0.55,0.53,0.52,0.63,0.68,0.59
GWETTOP,2013,-2.5,40.0,0.39,0.31,0.42,0.51,0.57,0.45,0.41,0.41,0.39,0.39,0.44,0.47,0.43
GWETTOP,2013,-2.5,40.625,0.5,0.44,0.51,0.59,0.7,0.6,0.55,0.54,0.52,0.51,0.53,0.54,0.54
GWETTOP,2013,-2.5,41.25,1.0,1.0,1.0,1.0,1.0,1.0,1.0,1.0,1.0,1.0,1.0,1.0,1.0
GWETTOP,2013,-2.5,41.875,1.0,1.0,1.0,1.0,1.0,1.0,1.0,1.0,1.0,1.0,1.0,1.0,1.0
GWETTOP,2013,-3.0,34.375,0.74,0.62,0.63,0.78,0.59,0.44,0.22,0.21,0.29,0.3,0.41,0.62,0.49
GWETTOP,2013,-3.0,35.0,0.75,0.61,0.62,0.79,0.68,0.5,0.34,0.26,0.31,0.41,0.43,0.6,0.52
GWETTOP,2013,-3.0,35.625,0.71,0.58,0.57,0.76,0.72,0.54,0.48,0.41,0.37,0.48,0.48,0.63,0.56
GWETTOP,2013,-3.0,36.25,0.63,0.57,0.53,0.7,0.64,0.55,0.3,0.27,0.32,0.5,0.45,0.65,0.51
GWETTOP,2013,-3.0,36.875,0.62,0.54,0.51,0.73,0.72,0.59,0.43,0.39,0.41,0.55,0.54,0.75,0.57
GWETTOP,2013,-3.0,37.5,0.53,0.47,0.49,0.64,0.64,0.51,0.45,0.43,0.39,0.46,0.48,0.64,0.51
GWETTOP,2013,-3.0,38.125,0.51,0.43,0.5,0.56,0.55,0.49,0.45,0.42,0.42,0.41,0.48,0.63,0.49
GWETTOP,2013,-3.0,38.75,0.49,0.31,0.53,0.6,0.57,0.47,0.4,0.42,0.46,0.43,0.51,0.66,0.49
GWETTOP,2013,-3.0,39.375,0.56,0.38,0.61,0.7,0.74,0.64,0.59,0.58,0.6,0.57,0.62,0.69,0.61
GWETTOP,2013,-3.0,40.0,0.4,0.34,0.43,0.51,0.58,0.47,0.42,0.4,0.42,0.41,0.43,0.47,0.44
GWETTOP,2013,-3.0,40.625,0.77,0.75,0.77,0.81,0.87,0.83,0.79,0.78,0.77,0.77,0.78,0.79,0.79
GWETTOP,2013,-3.0,41.25,1.0,1.0,1.0,1.0,1.0,1.0,1.0,1.0,1.0,1.0,1.0,1.0,1.0
GWETTOP,2013,-3.0,41.875,1.0,1.0,1.0,1.0,1.0,1.0,1.0,1.0,1.0,1.0,1.0,1.0,1.0
GWETTOP,2013,-3.5,34.375,0.71,0.6,0.59,0.72,0.53,0.36,0.18,0.17,0.23,0.26,0.39,0.61,0.44
GWETTOP,2013,-3.5,35.0,0.68,0.58,0.57,0.71,0.58,0.45,0.32,0.24,0.27,0.36,0.39,0.58,0.48
GWETTOP,2013,-3.5,35.625,0.59,0.52,0.53,0.64,0.56,0.49,0.45,0.36,0.32,0.44,0.44,0.56,0.49
GWETTOP,2013,-3.5,36.25,0.55,0.49,0.46,0.59,0.53,0.42,0.23,0.22,0.26,0.42,0.38,0.55,0.42
GWETTOP,2013,-3.5,36.875,0.5,0.41,0.42,0.55,0.54,0.47,0.3,0.28,0.3,0.43,0.4,0.54,0.43
GWETTOP,2013,-3.5,37.5,0.42,0.3,0.42,0.52,0.53,0.47,0.39,0.33,0.35,0.38,0.39,0.53,0.42
GWETTOP,2013,-3.5,38.125,0.47,0.32,0.5,0.56,0.54,0.46,0.41,0.42,0.45,0.42,0.47,0.61,0.47
GWETTOP,2013,-3.5,38.75,0.49,0.36,0.53,0.59,0.58,0.5,0.46,0.47,0.5,0.48,0.51,0.63,0.51
GWETTOP,2013,-3.5,39.375,0.53,0.35,0.59,0.69,0.74,0.64,0.6,0.59,0.6,0.58,0.59,0.66,0.6
GWETTOP,2013,-3.5,40.0,0.56,0.48,0.6,0.66,0.7,0.61,0.58,0.57,0.58,0.58,0.59,0.62,0.59
GWETTOP,2013,-3.5,40.625,0.92,0.92,0.92,0.94,0.96,0.95,0.93,0.93,0.92,0.92,0.93,0.93,0.93
GWETTOP,2013,-3.5,41.25,1.0,1.0,1.0,1.0,1.0,1.0,1.0,1.0,1.0,1.0,1.0,1.0,1.0
GWETTOP,2013,-3.5,41.875,1.0,1.0,1.0,1.0,1.0,1.0,1.0,1.0,1.0,1.0,1.0,1.0,1.0
GWETTOP,2013,-4.0,34.375,0.63,0.57,0.55,0.64,0.48,0.36,0.23,0.2,0.21,0.21,0.36,0.6,0.42
GWETTOP,2013,-4.0,35.0,0.66,0.61,0.6,0.68,0.57,0.48,0.37,0.31,0.31,0.35,0.41,0.63,0.5
GWETTOP,2013,-4.0,35.625,0.58,0.54,0.54,0.61,0.55,0.51,0.46,0.4,0.36,0.42,0.44,0.55,0.5
GWETTOP,2013,-4.0,36.25,0.52,0.48,0.46,0.54,0.49,0.41,0.28,0.25,0.27,0.37,0.37,0.52,0.41
GWETTOP,2013,-4.0,36.875,0.49,0.41,0.44,0.52,0.49,0.41,0.3,0.29,0.31,0.38,0.39,0.52,0.41
GWETTOP,2013,-4.0,37.5,0.47,0.35,0.46,0.54,0.51,0.41,0.34,0.33,0.37,0.38,0.4,0.55,0.43
GWETTOP,2013,-4.0,38.125,0.48,0.31,0.55,0.61,0.59,0.5,0.41,0.44,0.49,0.46,0.49,0.63,0.5
GWETTOP,2013,-4.0,38.75,0.47,0.31,0.55,0.6,0.61,0.5,0.46,0.48,0.52,0.49,0.51,0.6,0.51
GWETTOP,2013,-4.0,39.375,0.42,0.3,0.5,0.61,0.68,0.54,0.49,0.47,0.49,0.47,0.48,0.53,0.5
GWETTOP,2013,-4.0,40.0,0.56,0.5,0.6,0.65,0.7,0.6,0.56,0.56,0.59,0.58,0.58,0.61,0.59
GWETTOP,2013,-4.0,40.625,1.0,1.0,1.0,1.0,1.0,1.0,1.0,1.0,1.0,1.0,1.0,1.0,1.0
GWETTOP,2013,-4.0,41.25,1.0,1.0,1.0,1.0,1.0,1.0,1.0,1.0,1.0,1.0,1.0,1.0,1.0
GWETTOP,2013,-4.0,41.875,1.0,1.0,1.0,1.0,1.0,1.0,1.0,1.0,1.0,1.0,1.0,1.0,1.0
GWETTOP,2013,-4.5,34.375,0.52,0.5,0.49,0.56,0.42,0.37,0.34,0.29,0.26,0.23,0.32,0.56,0.4
GWETTOP,2013,-4.5,35.0,0.59,0.53,0.54,0.62,0.49,0.41,0.38,0.35,0.33,0.31,0.37,0.59,0.46
GWETTOP,2013,-4.5,35.625,0.52,0.47,0.48,0.55,0.48,0.42,0.4,0.36,0.33,0.34,0.36,0.5,0.43
GWETTOP,2013,-4.5,36.25,0.52,0.48,0.47,0.54,0.47,0.38,0.32,0.3,0.3,0.34,0.35,0.52,0.42
GWETTOP,2013,-4.5,36.875,0.5,0.44,0.46,0.52,0.47,0.38,0.32,0.32,0.34,0.36,0.38,0.52,0.42
GWETTOP,2013,-4.5,37.5,0.48,0.4,0.48,0.54,0.5,0.42,0.36,0.38,0.39,0.39,0.4,0.53,0.44
GWETTOP,2013,-4.5,38.125,0.58,0.43,0.61,0.68,0.68,0.62,0.56,0.57,0.59,0.58,0.58,0.67,0.6
GWETTOP,2013,-4.5,38.75,0.56,0.41,0.6,0.67,0.7,0.61,0.56,0.58,0.58,0.6,0.59,0.65,0.59
GWETTOP,2013,-4.5,39.375,0.42,0.36,0.48,0.55,0.6,0.48,0.44,0.43,0.45,0.45,0.45,0.49,0.47
GWETTOP,2013,-4.5,40.0,0.95,0.95,0.95,0.96,0.96,0.95,0.95,0.95,0.95,0.95,0.95,0.95,0.95
GWETTOP,2013,-4.5,40.625,1.0,1.0,1.0,1.0,1.0,1.0,1.0,1.0,1.0,1.0,1.0,1.0,1.0
GWETTOP,2013,-4.5,41.25,1.0,1.0,1.0,1.0,1.0,1.0,1.0,1.0,1.0,1.0,1.0,1.0,1.0
GWETTOP,2013,-4.5,41.875,1.0,1.0,1.0,1.0,1.0,1.0,1.0,1.0,1.0,1.0,1.0,1.0,1.0
GWETTOP,2013,0.5,34.375,0.69,0.62,0.59,0.73,0.76,0.71,0.68,0.69,0.71,0.69,0.7,0.66,0.69
GWETTOP,2013,0.5,35.0,0.78,0.7,0.65,0.81,0.85,0.8,0.78,0.8,0.83,0.81,0.8,0.77,0.78
GWETTOP,2013,0.5,35.625,0.62,0.5,0.48,0.7,0.71,0.64,0.6,0.64,0.65,0.61,0.58,0.53,0.61
GWETTOP,2013,0.5,36.25,0.42,0.34,0.31,0.58,0.54,0.48,0.5,0.54,0.53,0.45,0.45,0.45,0.47
GWETTOP,2013,0.5,36.875,0.49,0.38,0.37,0.67,0.6,0.54,0.56,0.58,0.57,0.49,0.54,0.56,0.53
GWETTOP,2013,0.5,37.5,0.38,0.3,0.29,0.51,0.44,0.38,0.39,0.37,0.36,0.31,0.38,0.4,0.38
GWETTOP,2013,0.5,38.125,0.35,0.29,0.29,0.46,0.38,0.34,0.31,0.25,0.23,0.21,0.36,0.36,0.32
GWETTOP,2013,0.5,38.75,0.35,0.27,0.27,0.43,0.37,0.33,0.27,0.21,0.19,0.19,0.36,0.36,0.3
GWETTOP,2013,0.5,39.375,0.33,0.2,0.26,0.47,0.42,0.34,0.26,0.23,0.21,0.2,0.38,0.37,0.31
GWETTOP,2013,0.5,40.0,0.3,0.16,0.25,0.49,0.46,0.36,0.3,0.25,0.21,0.2,0.36,0.35,0.31
GWETTOP,2013,0.5,40.625,0.21,0.13,0.26,0.53,0.51,0.39,0.34,0.3,0.21,0.2,0.35,0.32,0.31
GWETTOP,2013,0.5,41.25,0.23,0.17,0.29,0.53,0.5,0.42,0.39,0.36,0.3,0.28,0.37,0.33,0.35
GWETTOP,2013,0.5,41.875,0.23,0.17,0.3,0.59,0.58,0.47,0.42,0.39,0.29,0.29,0.41,0.35,0.38
GWETTOP,2013,1.0,34.375,0.8,0.73,0.68,0.78,0.82,0.8,0.78,0.81,0.86,0.86,0.86,0.82,0.8
GWETTOP,2013,1.0,35.0,0.76,0.63,0.57,0.78,0.83,0.79,0.76,0.82,0.86,0.86,0.85,0.8,0.78
GWETTOP,2013,1.0,35.625,0.44,0.36,0.34,0.62,0.62,0.47,0.45,0.6,0.62,0.54,0.49,0.42,0.5
GWETTOP,2013,1.0,36.25,0.33,0.23,0.24,0.47,0.44,0.39,0.42,0.47,0.45,0.38,0.39,0.37,0.38
GWETTOP,2013,1.0,36.875,0.38,0.34,0.32,0.47,0.42,0.38,0.41,0.44,0.42,0.37,0.4,0.4,0.4
GWETTOP,2013,1.0,37.5,0.36,0.31,0.29,0.43,0.38,0.34,0.34,0.31,0.3,0.26,0.37,0.37,0.34
GWETTOP,2013,1.0,38.125,0.33,0.25,0.27,0.41,0.34,0.31,0.27,0.21,0.19,0.18,0.35,0.34,0.29
GWETTOP,2013,1.0,38.75,0.34,0.24,0.27,0.43,0.36,0.31,0.25,0.2,0.17,0.19,0.37,0.36,0.29
GWETTOP,2013,1.0,39.375,0.34,0.19,0.25,0.49,0.43,0.32,0.22,0.22,0.2,0.2,0.4,0.38,0.3
GWETTOP,2013,1.0,40.0,0.28,0.13,0.24,0.5,0.46,0.35,0.28,0.24,0.21,0.19,0.37,0.35,0.3
GWETTOP,2013,1.0,40.625,0.2,0.12,0.25,0.57,0.56,0.4,0.34,0.27,0.17,0.18,0.37,0.33,0.31
GWETTOP,2013,1.0,41.25,0.21,0.13,0.28,0.61,0.59,0.49,0.43,0.35,0.23,0.23,0.41,0.35,0.36
GWETTOP,2013,1.0,41.875,0.21,0.13,0.26,0.57,0.56,0.43,0.37,0.32,0.22,0.24,0.39,0.34,0.34
GWETTOP,2013,1.5,34.375,0.49,0.4,0.4,0.59,0.63,0.56,0.55,0.61,0.65,0.64,0.6,0.54,0.56
GWETTOP,2013,1.5,35.0,0.46,0.37,0.36,0.56,0.62,0.51,0.5,0.61,0.66,0.64,0.59,0.5,0.53
GWETTOP,2013,1.5,35.625,0.33,0.24,0.24,0.43,0.42,0.36,0.37,0.47,0.47,0.42,0.39,0.34,0.37
GWETTOP,2013,1.5,36.25,0.23,0.17,0.2,0.4,0.35,0.31,0.36,0.4,0.38,0.31,0.34,0.28,0.31
GWETTOP,2013,1.5,36.875,0.37,0.33,0.31,0.43,0.38,0.35,0.36,0.36,0.33,0.29,0.38,0.37,0.36
GWETTOP,2013,1.5,37.5,0.33,0.26,0.27,0.41,0.35,0.33,0.33,0.3,0.28,0.24,0.37,0.35,0.32
GWETTOP,2013,1.5,38.125,0.34,0.26,0.3,0.44,0.34,0.3,0.27,0.22,0.19,0.2,0.37,0.35,0.3
GWETTOP,2013,1.5,38.75,0.37,0.24,0.32,0.53,0.41,0.32,0.28,0.25,0.22,0.24,0.45,0.39,0.34
GWETTOP,2013,1.5,39.375,0.35,0.2,0.27,0.52,0.46,0.36,0.29,0.23,0.22,0.2,0.4,0.38,0.32
GWETTOP,2013,1.5,40.0,0.34,0.19,0.26,0.54,0.49,0.38,0.28,0.24,0.22,0.21,0.42,0.39,0.33
GWETTOP,2013,1.5,40.625,0.23,0.13,0.27,0.63,0.63,0.46,0.35,0.28,0.19,0.19,0.44,0.38,0.35
GWETTOP,2013,1.5,41.25,0.19,0.11,0.23,0.54,0.53,0.39,0.34,0.3,0.17,0.18,0.36,0.34,0.31
GWETTOP,2013,1.5,41.875,0.2,0.12,0.24,0.59,0.58,0.41,0.33,0.28,0.17,0.21,0.42,0.35,0.33
GWETTOP,2013,2.0,34.375,0.4,0.31,0.34,0.51,0.55,0.49,0.5,0.54,0.55,0.54,0.5,0.46,0.48
GWETTOP,2013,2.0,35.0,0.36,0.24,0.27,0.45,0.49,0.43,0.44,0.5,0.51,0.49,0.46,0.42,0.42
GWETTOP,2013,2.0,35.625,0.25,0.15,0.21,0.37,0.37,0.33,0.34,0.4,0.38,0.35,0.35,0.27,0.32
GWETTOP,2013,2.0,36.25,0.22,0.16,0.2,0.39,0.31,0.26,0.32,0.36,0.3,0.23,0.33,0.25,0.28
GWETTOP,2013,2.0,36.875,0.36,0.29,0.3,0.42,0.37,0.33,0.33,0.31,0.26,0.24,0.39,0.37,0.33
GWETTOP,2013,2.0,37.5,0.35,0.27,0.27,0.42,0.36,0.32,0.28,0.24,0.2,0.21,0.38,0.36,0.31
GWETTOP,2013,2.0,38.125,0.38,0.27,0.32,0.48,0.4,0.33,0.27,0.21,0.18,0.23,0.42,0.38,0.32
GWETTOP,2013,2.0,38.75,0.36,0.26,0.31,0.49,0.41,0.34,0.3,0.23,0.19,0.23,0.42,0.37,0.33
GWETTOP,2013,2.0,39.375,0.35,0.21,0.27,0.53,0.46,0.36,0.31,0.24,0.21,0.22,0.41,0.37,0.33
GWETTOP,2013,2.0,40.0,0.34,0.22,0.28,0.57,0.52,0.4,0.32,0.25,0.22,0.23,0.44,0.4,0.35
GWETTOP,2013,2.0,40.625,0.27,0.16,0.35,0.75,0.71,0.52,0.32,0.32,0.23,0.25,0.6,0.45,0.41
GWETTOP,2013,2.0,41.25,0.22,0.13,0.28,0.61,0.58,0.44,0.33,0.28,0.17,0.19,0.45,0.37,0.34
GWETTOP,2013,2.0,41.875,0.25,0.15,0.31,0.71,0.69,0.51,0.33,0.33,0.2,0.25,0.57,0.41,0.39
GWETTOP,2013,2.5,34.375,0.35,0.29,0.32,0.49,0.52,0.44,0.49,0.5,0.48,0.48,0.45,0.4,0.44
GWETTOP,2013,2.5,35.0,0.32,0.21,0.26,0.43,0.49,0.42,0.43,0.46,0.43,0.42,0.42,0.37,0.39
GWETTOP,2013,2.5,35.625,0.23,0.14,0.21,0.39,0.42,0.37,0.36,0.38,0.33,0.29,0.33,0.23,0.31
GWETTOP,2013,2.5,36.25,0.23,0.16,0.21,0.4,0.36,0.3,0.29,0.29,0.18,0.21,0.33,0.22,0.27
GWETTOP,2013,2.5,36.875,0.32,0.21,0.27,0.42,0.38,0.33,0.3,0.23,0.17,0.22,0.37,0.32,0.3
GWETTOP,2013,2.5,37.5,0.33,0.21,0.29,0.48,0.41,0.32,0.24,0.19,0.15,0.22,0.4,0.32,0.3
GWETTOP,2013,2.5,38.125,0.35,0.22,0.31,0.5,0.43,0.36,0.28,0.19,0.17,0.27,0.41,0.36,0.32
GWETTOP,2013,2.5,38.75,0.34,0.21,0.3,0.52,0.43,0.36,0.28,0.21,0.18,0.27,0.41,0.35,0.32
GWETTOP,2013,2.5,39.375,0.33,0.18,0.28,0.56,0.48,0.37,0.32,0.24,0.21,0.28,0.41,0.35,0.33
GWETTOP,2013,2.5,40.0,0.33,0.18,0.3,0.62,0.55,0.41,0.34,0.29,0.22,0.3,0.46,0.38,0.37
GWETTOP,2013,2.5,40.625,0.25,0.17,0.35,0.71,0.65,0.49,0.34,0.3,0.24,0.3,0.54,0.41,0.4
GWETTOP,2013,2.5,41.25,0.18,0.14,0.26,0.52,0.42,0.29,0.24,0.21,0.18,0.22,0.35,0.24,0.27
GWETTOP,2013,2.5,41.875,0.2,0.15,0.25,0.57,0.51,0.37,0.3,0.26,0.21,0.26,0.4,0.29,0.31
GWETTOP,2013,3.0,34.375,0.36,0.23,0.25,0.52,0.59,0.5,0.53,0.54,0.49,0.5,0.5,0.44,0.46
GWETTOP,2013,3.0,35.0,0.3,0.15,0.21,0.42,0.52,0.42,0.42,0.43,0.37,0.37,0.38,0.33,0.36
GWETTOP,2013,3.0,35.625,0.23,0.14,0.2,0.42,0.45,0.38,0.35,0.34,0.21,0.27,0.29,0.17,0.29
GWETTOP,2013,3.0,36.25,0.27,0.16,0.22,0.43,0.4,0.33,0.24,0.2,0.12,0.22,0.32,0.18,0.26
GWETTOP,2013,3.0,36.875,0.29,0.17,0.24,0.43,0.4,0.34,0.27,0.18,0.12,0.23,0.34,0.21,0.27
GWETTOP,2013,3.0,37.5,0.25,0.14,0.26,0.48,0.39,0.28,0.19,0.14,0.1,0.22,0.35,0.21,0.25
GWETTOP,2013,3.0,38.125,0.33,0.16,0.3,0.52,0.46,0.38,0.31,0.2,0.16,0.29,0.4,0.32,0.32
GWETTOP,2013,3.0,38.75,0.32,0.15,0.32,0.58,0.5,0.41,0.31,0.22,0.19,0.33,0.45,0.34,0.34
GWETTOP,2013,3.0,39.375,0.31,0.15,0.28,0.58,0.49,0.37,0.34,0.27,0.2,0.33,0.41,0.33,0.34
GWETTOP,2013,3.0,40.0,0.3,0.15,0.3,0.64,0.56,0.42,0.35,0.3,0.23,0.34,0.45,0.36,0.37
GWETTOP,2013,3.0,40.625,0.23,0.16,0.32,0.64,0.57,0.43,0.32,0.27,0.23,0.3,0.47,0.34,0.36
GWETTOP,2013,3.0,41.25,0.19,0.15,0.28,0.56,0.45,0.34,0.27,0.23,0.2,0.25,0.4,0.26,0.3
GWETTOP,2013,3.0,41.875,0.21,0.11,0.23,0.54,0.48,0.36,0.31,0.28,0.21,0.28,0.4,0.3,0.31
GWETTOP,2013,3.5,34.375,0.37,0.26,0.23,0.45,0.54,0.43,0.45,0.48,0.44,0.42,0.45,0.39,0.41
GWETTOP,2013,3.5,35.0,0.34,0.19,0.22,0.44,0.51,0.41,0.4,0.4,0.35,0.35,0.37,0.33,0.36
GWETTOP,2013,3.5,35.625,0.3,0.15,0.22,0.45,0.45,0.37,0.34,0.3,0.17,0.28,0.32,0.18,0.29
GWETTOP,2013,3.5,36.25,0.33,0.18,0.23,0.46,0.42,0.34,0.25,0.22,0.13,0.27,0.33,0.19,0.28
GWETTOP,2013,3.5,36.875,0.34,0.2,0.26,0.47,0.44,0.36,0.31,0.2,0.13,0.28,0.36,0.24,0.3
GWETTOP,2013,3.5,37.5,0.35,0.19,0.29,0.55,0.48,0.37,0.29,0.23,0.16,0.32,0.4,0.26,0.32
GWETTOP,2013,3.5,38.125,0.33,0.17,0.31,0.55,0.49,0.4,0.35,0.3,0.21,0.33,0.4,0.33,0.35
GWETTOP,2013,3.5,38.75,0.31,0.16,0.31,0.58,0.5,0.4,0.36,0.32,0.25,0.37,0.42,0.33,0.36
GWETTOP,2013,3.5,39.375,0.33,0.17,0.31,0.63,0.56,0.45,0.41,0.36,0.31,0.4,0.46,0.37,0.4
GWETTOP,2013,3.5,40.0,0.28,0.14,0.31,0.64,0.55,0.42,0.36,0.32,0.25,0.36,0.47,0.36,0.37
GWETTOP,2013,3.5,40.625,0.25,0.17,0.39,0.73,0.65,0.52,0.35,0.3,0.26,0.39,0.59,0.42,0.42
GWETTOP,2013,3.5,41.25,0.2,0.16,0.3,0.56,0.48,0.37,0.28,0.24,0.21,0.29,0.43,0.31,0.32
GWETTOP,2013,3.5,41.875,0.16,0.11,0.22,0.49,0.4,0.29,0.24,0.2,0.17,0.25,0.38,0.25,0.26
GWETTOP,2013,4.0,34.375,0.47,0.28,0.27,0.54,0.58,0.5,0.51,0.53,0.51,0.48,0.54,0.47,0.47
GWETTOP,2013,4.0,35.0,0.42,0.23,0.26,0.55,0.58,0.47,0.44,0.45,0.36,0.41,0.46,0.36,0.42
GWETTOP,2013,4.0,35.625,0.36,0.22,0.24,0.49,0.48,0.39,0.35,0.33,0.23,0.32,0.35,0.22,0.33
GWETTOP,2013,4.0,36.25,0.37,0.22,0.24,0.49,0.43,0.35,0.27,0.25,0.17,0.3,0.34,0.21,0.3
GWETTOP,2013,4.0,36.875,0.35,0.23,0.27,0.51,0.45,0.37,0.33,0.29,0.21,0.33,0.37,0.27,0.33
GWETTOP,2013,4.0,37.5,0.35,0.21,0.29,0.56,0.48,0.39,0.34,0.31,0.23,0.36,0.4,0.28,0.35
GWETTOP,2013,4.0,38.125,0.31,0.19,0.35,0.66,0.58,0.48,0.44,0.41,0.35,0.44,0.47,0.35,0.42
GWETTOP,2013,4.0,38.75,0.35,0.21,0.43,0.78,0.72,0.62,0.59,0.48,0.38,0.55,0.62,0.44,0.52
GWETTOP,2013,4.0,39.375,0.33,0.19,0.41,0.78,0.71,0.61,0.52,0.42,0.37,0.55,0.63,0.47,0.5
GWETTOP,2013,4.0,40.0,0.26,0.15,0.36,0.67,0.59,0.48,0.42,0.34,0.28,0.42,0.53,0.4,0.41
GWETTOP,2013,4.0,40.625,0.25,0.16,0.39,0.71,0.64,0.5,0.36,0.32,0.27,0.41,0.6,0.44,0.42
GWETTOP,2013,4.0,41.25,0.19,0.12,0.29,0.53,0.47,0.37,0.31,0.23,0.19,0.3,0.44,0.35,0.32
GWETTOP,2013,4.0,41.875,0.18,0.11,0.24,0.49,0.44,0.34,0.29,0.19,0.17,0.28,0.41,0.32,0.29
GWETTOP,2013,4.5,34.375,0.48,0.28,0.34,0.68,0.6,0.5,0.58,0.57,0.56,0.53,0.64,0.49,0.52
GWETTOP,2013,4.5,35.0,0.51,0.29,0.3,0.62,0.62,0.51,0.46,0.49,0.4,0.47,0.53,0.42,0.47
GWETTOP,2013,4.5,35.625,0.4,0.28,0.26,0.53,0.51,0.41,0.36,0.36,0.3,0.35,0.38,0.28,0.37
GWETTOP,2013,4.5,36.25,0.4,0.26,0.25,0.53,0.47,0.37,0.32,0.31,0.25,0.34,0.37,0.25,0.34
GWETTOP,2013,4.5,36.875,0.37,0.25,0.27,0.53,0.48,0.4,0.36,0.36,0.33,0.37,0.38,0.31,0.37
GWETTOP,2013,4.5,37.5,0.42,0.23,0.37,0.7,0.62,0.54,0.48,0.47,0.45,0.51,0.53,0.33,0.47
GWETTOP,2013,4.5,38.125,0.34,0.22,0.43,0.78,0.72,0.62,0.59,0.58,0.51,0.57,0.6,0.42,0.53
GWETTOP,2013,4.5,38.75,0.32,0.2,0.41,0.75,0.68,0.59,0.55,0.52,0.45,0.53,0.57,0.38,0.5
GWETTOP,2013,4.5,39.375,0.26,0.15,0.36,0.65,0.57,0.5,0.45,0.4,0.35,0.44,0.52,0.37,0.42
GWETTOP,2013,4.5,40.0,0.25,0.14,0.31,0.58,0.51,0.43,0.39,0.35,0.32,0.39,0.45,0.35,0.37
GWETTOP,2013,4.5,40.625,0.2,0.12,0.31,0.56,0.51,0.4,0.36,0.31,0.25,0.35,0.47,0.37,0.35
GWETTOP,2013,4.5,41.25,0.21,0.11,0.29,0.53,0.49,0.37,0.34,0.28,0.21,0.32,0.46,0.36,0.33
GWETTOP,2013,4.5,41.875,0.17,0.11,0.26,0.52,0.49,0.37,0.29,0.19,0.17,0.31,0.45,0.36,0.31
GWETTOP,2014,-0.5,34.375,0.56,0.45,0.53,0.69,0.66,0.61,0.46,0.54,0.58,0.63,0.66,0.65,0.59
GWETTOP,2014,-0.5,35.0,0.56,0.51,0.55,0.6,0.58,0.57,0.51,0.55,0.56,0.6,0.61,0.62,0.57
GWETTOP,2014,-0.5,35.625,0.55,0.54,0.54,0.53,0.53,0.53,0.49,0.53,0.51,0.53,0.55,0.52,0.53
GWETTOP,2014,-0.5,36.25,0.45,0.47,0.46,0.47,0.47,0.46,0.44,0.48,0.46,0.47,0.5,0.46,0.47
GWETTOP,2014,-0.5,36.875,0.4,0.44,0.44,0.49,0.48,0.45,0.42,0.46,0.44,0.45,0.53,0.47,0.46
GWETTOP,2014,-0.5,37.5,0.47,0.48,0.48,0.51,0.5,0.48,0.46,0.49,0.48,0.48,0.54,0.51,0.49
GWETTOP,2014,-0.5,38.125,0.36,0.39,0.43,0.45,0.4,0.33,0.29,0.31,0.31,0.36,0.52,0.49,0.39
GWETTOP,2014,-0.5,38.75,0.27,0.33,0.38,0.39,0.37,0.31,0.26,0.29,0.28,0.33,0.48,0.44,0.34
GWETTOP,2014,-0.5,39.375,0.25,0.26,0.34,0.39,0.46,0.38,0.3,0.3,0.27,0.32,0.45,0.41,0.34
GWETTOP,2014,-0.5,40.0,0.29,0.28,0.37,0.42,0.52,0.45,0.35,0.35,0.31,0.35,0.49,0.45,0.39
GWETTOP,2014,-0.5,40.625,0.28,0.25,0.33,0.43,0.67,0.59,0.51,0.48,0.41,0.4,0.5,0.46,0.44
GWETTOP,2014,-0.5,41.25,0.29,0.25,0.33,0.44,0.7,0.6,0.52,0.48,0.42,0.4,0.51,0.46,0.45
GWETTOP,2014,-0.5,41.875,0.26,0.21,0.29,0.42,0.69,0.65,0.55,0.49,0.4,0.37,0.49,0.43,0.44
GWETTOP,2014,-1.0,34.375,0.53,0.49,0.54,0.56,0.51,0.47,0.4,0.5,0.52,0.55,0.55,0.57,0.52
GWETTOP,2014,-1.0,35.0,0.58,0.55,0.6,0.61,0.56,0.55,0.52,0.55,0.56,0.58,0.59,0.62,0.57
GWETTOP,2014,-1.0,35.625,0.51,0.51,0.55,0.55,0.53,0.52,0.49,0.5,0.5,0.51,0.54,0.55,0.52
GWETTOP,2014,-1.0,36.25,0.41,0.43,0.46,0.46,0.46,0.45,0.41,0.43,0.44,0.44,0.47,0.45,0.44
GWETTOP,2014,-1.0,36.875,0.49,0.49,0.5,0.51,0.5,0.48,0.43,0.43,0.45,0.45,0.51,0.51,0.48
GWETTOP,2014,-1.0,37.5,0.48,0.5,0.51,0.52,0.51,0.48,0.43,0.45,0.45,0.46,0.53,0.51,0.49
GWETTOP,2014,-1.0,38.125,0.35,0.41,0.45,0.48,0.43,0.36,0.29,0.32,0.32,0.38,0.56,0.51,0.4
GWETTOP,2014,-1.0,38.75,0.26,0.35,0.41,0.43,0.39,0.33,0.27,0.31,0.3,0.35,0.54,0.47,0.37
GWETTOP,2014,-1.0,39.375,0.23,0.26,0.38,0.44,0.56,0.42,0.29,0.33,0.3,0.36,0.56,0.46,0.38
GWETTOP,2014,-1.0,40.0,0.29,0.31,0.44,0.51,0.62,0.51,0.37,0.39,0.35,0.41,0.61,0.53,0.45
GWETTOP,2014,-1.0,40.625,0.3,0.27,0.35,0.45,0.71,0.64,0.55,0.51,0.45,0.43,0.53,0.48,0.47
GWETTOP,2014,-1.0,41.25,0.31,0.26,0.34,0.44,0.72,0.67,0.57,0.5,0.46,0.43,0.51,0.47,0.47
GWETTOP,2014,-1.0,41.875,0.26,0.22,0.27,0.37,0.65,0.61,0.5,0.43,0.37,0.34,0.41,0.37,0.4
GWETTOP,2014,-1.5,34.375,0.62,0.53,0.55,0.66,0.53,0.38,0.38,0.51,0.61,0.61,0.6,0.64,0.55
GWETTOP,2014,-1.5,35.0,0.57,0.54,0.58,0.64,0.57,0.5,0.41,0.48,0.54,0.56,0.58,0.61,0.55
GWETTOP,2014,-1.5,35.625,0.5,0.49,0.54,0.57,0.53,0.5,0.47,0.45,0.47,0.48,0.51,0.54,0.5
GWETTOP,2014,-1.5,36.25,0.37,0.39,0.44,0.43,0.42,0.38,0.33,0.35,0.37,0.38,0.41,0.42,0.39
GWETTOP,2014,-1.5,36.875,0.54,0.54,0.62,0.62,0.59,0.42,0.34,0.45,0.47,0.49,0.61,0.62,0.53
GWETTOP,2014,-1.5,37.5,0.46,0.45,0.48,0.49,0.47,0.43,0.31,0.39,0.38,0.42,0.5,0.5,0.44
GWETTOP,2014,-1.5,38.125,0.41,0.42,0.43,0.45,0.43,0.41,0.35,0.37,0.34,0.39,0.47,0.46,0.41
GWETTOP,2014,-1.5,38.75,0.3,0.37,0.43,0.46,0.44,0.36,0.28,0.31,0.3,0.38,0.54,0.48,0.39
GWETTOP,2014,-1.5,39.375,0.26,0.3,0.41,0.47,0.54,0.44,0.32,0.35,0.31,0.39,0.56,0.47,0.4
GWETTOP,2014,-1.5,40.0,0.29,0.3,0.43,0.53,0.7,0.61,0.49,0.48,0.41,0.45,0.62,0.54,0.49
GWETTOP,2014,-1.5,40.625,0.3,0.27,0.36,0.47,0.74,0.68,0.59,0.54,0.47,0.46,0.54,0.49,0.49
GWETTOP,2014,-1.5,41.25,0.31,0.25,0.33,0.45,0.76,0.75,0.64,0.52,0.46,0.42,0.51,0.48,0.49
GWETTOP,2014,-1.5,41.875,0.58,0.54,0.57,0.63,0.83,0.83,0.75,0.67,0.63,0.62,0.65,0.64,0.66
GWETTOP,2014,-1.7975103014118005e-13,34.375,0.52,0.45,0.53,0.6,0.64,0.63,0.51,0.53,0.56,0.65,0.63,0.58,0.57
GWETTOP,2014,-1.7975103014118005e-13,35.0,0.63,0.58,0.6,0.64,0.66,0.68,0.62,0.65,0.65,0.7,0.71,0.68,0.65
GWETTOP,2014,-1.7975103014118005e-13,35.625,0.64,0.61,0.59,0.58,0.59,0.6,0.57,0.6,0.58,0.59,0.6,0.57,0.59
GWETTOP,2014,-1.7975103014118005e-13,36.25,0.45,0.46,0.46,0.46,0.46,0.48,0.49,0.52,0.49,0.49,0.5,0.47,0.48
GWETTOP,2014,-1.7975103014118005e-13,36.875,0.38,0.4,0.4,0.44,0.42,0.42,0.41,0.45,0.43,0.42,0.47,0.43,0.42
GWETTOP,2014,-1.7975103014118005e-13,37.5,0.44,0.43,0.43,0.48,0.46,0.45,0.44,0.47,0.46,0.45,0.51,0.48,0.46
GWETTOP,2014,-1.7975103014118005e-13,38.125,0.34,0.35,0.37,0.41,0.36,0.32,0.28,0.29,0.29,0.32,0.44,0.43,0.35
GWETTOP,2014,-1.7975103014118005e-13,38.75,0.28,0.28,0.31,0.36,0.34,0.28,0.23,0.24,0.24,0.27,0.39,0.37,0.3
GWETTOP,2014,-1.7975103014118005e-13,39.375,0.25,0.22,0.29,0.36,0.37,0.32,0.27,0.25,0.22,0.26,0.37,0.35,0.29
GWETTOP,2014,-1.7975103014118005e-13,40.0,0.27,0.22,0.28,0.36,0.42,0.37,0.34,0.3,0.26,0.28,0.38,0.37,0.32
GWETTOP,2014,-1.7975103014118005e-13,40.625,0.23,0.19,0.28,0.41,0.55,0.48,0.42,0.38,0.32,0.31,0.43,0.4,0.37
GWETTOP,2014,-1.7975103014118005e-13,41.25,0.24,0.21,0.3,0.44,0.59,0.5,0.43,0.41,0.34,0.34,0.47,0.41,0.39
GWETTOP,2014,-1.7975103014118005e-13,41.875,0.25,0.2,0.3,0.48,0.67,0.6,0.51,0.47,0.38,0.38,0.51,0.46,0.44
GWETTOP,2014,-2.0,34.375,0.63,0.54,0.56,0.66,0.45,0.35,0.36,0.48,0.58,0.59,0.57,0.66,0.54
GWETTOP,2014,-2.0,35.0,0.58,0.56,0.6,0.65,0.58,0.46,0.35,0.44,0.49,0.54,0.58,0.62,0.54
GWETTOP,2014,-2.0,35.625,0.53,0.52,0.56,0.59,0.56,0.51,0.41,0.4,0.41,0.48,0.53,0.56,0.5
GWETTOP,2014,-2.0,36.25,0.32,0.35,0.39,0.38,0.33,0.26,0.2,0.25,0.26,0.29,0.34,0.37,0.31
GWETTOP,2014,-2.0,36.875,0.52,0.54,0.61,0.61,0.53,0.34,0.27,0.38,0.39,0.45,0.59,0.61,0.49
GWETTOP,2014,-2.0,37.5,0.48,0.48,0.52,0.52,0.48,0.36,0.26,0.35,0.34,0.41,0.51,0.52,0.44
GWETTOP,2014,-2.0,38.125,0.41,0.42,0.43,0.44,0.42,0.39,0.33,0.34,0.32,0.37,0.46,0.45,0.4
GWETTOP,2014,-2.0,38.75,0.32,0.41,0.46,0.49,0.49,0.41,0.31,0.35,0.33,0.42,0.55,0.51,0.42
GWETTOP,2014,-2.0,39.375,0.3,0.35,0.46,0.53,0.61,0.53,0.42,0.43,0.38,0.46,0.6,0.52,0.47
GWETTOP,2014,-2.0,40.0,0.28,0.29,0.41,0.49,0.66,0.58,0.48,0.47,0.41,0.43,0.57,0.49,0.46
GWETTOP,2014,-2.0,40.625,0.3,0.26,0.36,0.46,0.73,0.7,0.6,0.52,0.46,0.45,0.52,0.48,0.49
GWETTOP,2014,-2.0,41.25,0.36,0.3,0.37,0.45,0.7,0.68,0.56,0.49,0.45,0.45,0.48,0.46,0.48
GWETTOP,2014,-2.0,41.875,0.63,0.59,0.62,0.67,0.84,0.83,0.74,0.69,0.67,0.66,0.68,0.67,0.69
GWETTOP,2014,-2.5,34.375,0.58,0.54,0.54,0.54,0.41,0.28,0.25,0.35,0.44,0.47,0.45,0.6,0.45
GWETTOP,2014,-2.5,35.0,0.55,0.54,0.57,0.58,0.51,0.41,0.26,0.33,0.37,0.45,0.47,0.59,0.47
GWETTOP,2014,-2.5,35.625,0.5,0.51,0.54,0.54,0.51,0.4,0.24,0.27,0.29,0.4,0.46,0.54,0.43
GWETTOP,2014,-2.5,36.25,0.4,0.47,0.47,0.45,0.4,0.3,0.22,0.24,0.24,0.3,0.36,0.46,0.36
GWETTOP,2014,-2.5,36.875,0.57,0.59,0.62,0.6,0.54,0.33,0.24,0.29,0.32,0.39,0.52,0.61,0.47
GWETTOP,2014,-2.5,37.5,0.55,0.58,0.59,0.57,0.55,0.42,0.27,0.32,0.34,0.43,0.53,0.59,0.48
GWETTOP,2014,-2.5,38.125,0.5,0.52,0.52,0.51,0.51,0.46,0.35,0.34,0.34,0.45,0.54,0.56,0.47
GWETTOP,2014,-2.5,38.75,0.39,0.49,0.51,0.54,0.54,0.47,0.36,0.38,0.37,0.48,0.58,0.57,0.47
GWETTOP,2014,-2.5,39.375,0.41,0.47,0.55,0.64,0.72,0.67,0.58,0.56,0.52,0.6,0.69,0.66,0.59
GWETTOP,2014,-2.5,40.0,0.32,0.33,0.39,0.43,0.59,0.53,0.44,0.41,0.39,0.43,0.51,0.47,0.44
GWETTOP,2014,-2.5,40.625,0.45,0.43,0.47,0.52,0.73,0.71,0.61,0.55,0.52,0.53,0.57,0.54,0.55
GWETTOP,2014,-2.5,41.25,1.0,1.0,1.0,1.0,1.0,1.0,1.0,1.0,1.0,1.0,1.0,1.0,1.0
GWETTOP,2014,-2.5,41.875,1.0,1.0,1.0,1.0,1.0,1.0,1.0,1.0,1.0,1.0,1.0,1.0,1.0
GWETTOP,2014,-3.0,34.375,0.61,0.61,0.57,0.53,0.43,0.25,0.2,0.27,0.34,0.39,0.39,0.61,0.43
GWETTOP,2014,-3.0,35.0,0.56,0.6,0.58,0.57,0.52,0.41,0.25,0.27,0.32,0.4,0.41,0.61,0.46
GWETTOP,2014,-3.0,35.625,0.56,0.64,0.64,0.63,0.6,0.51,0.47,0.38,0.34,0.43,0.46,0.61,0.52
GWETTOP,2014,-3.0,36.25,0.57,0.66,0.63,0.61,0.6,0.5,0.27,0.25,0.3,0.38,0.42,0.63,0.48
GWETTOP,2014,-3.0,36.875,0.64,0.74,0.68,0.65,0.71,0.61,0.53,0.38,0.42,0.49,0.53,0.66,0.59
GWETTOP,2014,-3.0,37.5,0.55,0.64,0.62,0.58,0.61,0.53,0.46,0.45,0.4,0.43,0.47,0.56,0.52
GWETTOP,2014,-3.0,38.125,0.51,0.55,0.53,0.52,0.54,0.5,0.45,0.41,0.4,0.47,0.53,0.58,0.5
GWETTOP,2014,-3.0,38.75,0.42,0.53,0.52,0.53,0.56,0.51,0.43,0.39,0.42,0.52,0.58,0.6,0.5
GWETTOP,2014,-3.0,39.375,0.44,0.53,0.57,0.63,0.73,0.68,0.62,0.59,0.58,0.64,0.69,0.69,0.62
GWETTOP,2014,-3.0,40.0,0.36,0.37,0.4,0.41,0.58,0.52,0.45,0.41,0.4,0.45,0.5,0.48,0.44
GWETTOP,2014,-3.0,40.625,0.76,0.75,0.76,0.77,0.88,0.87,0.82,0.79,0.77,0.78,0.81,0.8,0.8
GWETTOP,2014,-3.0,41.25,1.0,1.0,1.0,1.0,1.0,1.0,1.0,1.0,1.0,1.0,1.0,1.0,1.0
GWETTOP,2014,-3.0,41.875,1.0,1.0,1.0,1.0,1.0,1.0,1.0,1.0,1.0,1.0,1.0,1.0,1.0
GWETTOP,2014,-3.5,34.375,0.62,0.62,0.56,0.52,0.41,0.22,0.17,0.25,0.28,0.35,0.37,0.58,0.41
GWETTOP,2014,-3.5,35.0,0.55,0.59,0.57,0.54,0.49,0.4,0.25,0.26,0.27,0.35,0.38,0.57,0.43
GWETTOP,2014,-3.5,35.625,0.52,0.58,0.57,0.57,0.54,0.49,0.44,0.36,0.3,0.37,0.41,0.55,0.47
GWETTOP,2014,-3.5,36.25,0.5,0.58,0.56,0.55,0.54,0.45,0.28,0.23,0.26,0.32,0.39,0.54,0.43
GWETTOP,2014,-3.5,36.875,0.47,0.57,0.56,0.55,0.57,0.5,0.42,0.29,0.32,0.35,0.43,0.52,0.46
GWETTOP,2014,-3.5,37.5,0.43,0.54,0.52,0.52,0.55,0.5,0.46,0.37,0.35,0.39,0.45,0.5,0.46
GWETTOP,2014,-3.5,38.125,0.42,0.55,0.52,0.51,0.55,0.5,0.46,0.42,0.42,0.49,0.54,0.58,0.5
GWETTOP,2014,-3.5,38.75,0.44,0.56,0.55,0.55,0.6,0.55,0.5,0.47,0.48,0.54,0.58,0.61,0.54
GWETTOP,2014,-3.5,39.375,0.4,0.51,0.56,0.62,0.73,0.69,0.63,0.6,0.6,0.64,0.67,0.66,0.61
GWETTOP,2014,-3.5,40.0,0.5,0.53,0.57,0.59,0.69,0.65,0.6,0.58,0.58,0.62,0.65,0.64,0.6
GWETTOP,2014,-3.5,40.625,0.92,0.92,0.92,0.92,0.96,0.96,0.95,0.93,0.93,0.93,0.94,0.94,0.94
GWETTOP,2014,-3.5,41.25,1.0,1.0,1.0,1.0,1.0,1.0,1.0,1.0,1.0,1.0,1.0,1.0,1.0
GWETTOP,2014,-3.5,41.875,1.0,1.0,1.0,1.0,1.0,1.0,1.0,1.0,1.0,1.0,1.0,1.0,1.0
GWETTOP,2014,-4.0,34.375,0.61,0.61,0.56,0.51,0.43,0.28,0.22,0.25,0.23,0.31,0.36,0.56,0.41
GWETTOP,2014,-4.0,35.0,0.62,0.65,0.61,0.6,0.54,0.45,0.35,0.34,0.29,0.37,0.42,0.6,0.49
GWETTOP,2014,-4.0,35.625,0.55,0.59,0.58,0.59,0.56,0.52,0.47,0.45,0.36,0.38,0.42,0.55,0.5
GWETTOP,2014,-4.0,36.25,0.48,0.56,0.53,0.54,0.52,0.47,0.36,0.29,0.27,0.3,0.39,0.52,0.44
GWETTOP,2014,-4.0,36.875,0.46,0.58,0.54,0.55,0.54,0.48,0.43,0.34,0.32,0.34,0.43,0.52,0.46
GWETTOP,2014,-4.0,37.5,0.42,0.59,0.55,0.56,0.56,0.5,0.44,0.38,0.36,0.4,0.48,0.53,0.48
GWETTOP,2014,-4.0,38.125,0.39,0.62,0.59,0.59,0.62,0.56,0.5,0.45,0.45,0.53,0.6,0.61,0.54
GWETTOP,2014,-4.0,38.75,0.37,0.55,0.55,0.56,0.63,0.56,0.51,0.49,0.49,0.56,0.6,0.58,0.54
GWETTOP,2014,-4.0,39.375,0.33,0.42,0.48,0.51,0.68,0.61,0.54,0.49,0.49,0.53,0.56,0.53,0.51
GWETTOP,2014,-4.0,40.0,0.51,0.54,0.58,0.6,0.7,0.65,0.6,0.58,0.58,0.62,0.64,0.63,0.6
GWETTOP,2014,-4.0,40.625,1.0,1.0,1.0,1.0,1.0,1.0,1.0,1.0,1.0,1.0,1.0,1.0,1.0
GWETTOP,2014,-4.0,41.25,1.0,1.0,1.0,1.0,1.0,1.0,1.0,1.0,1.0,1.0,1.0,1.0,1.0
GWETTOP,2014,-4.0,41.875,1.0,1.0,1.0,1.0,1.0,1.0,1.0,1.0,1.0,1.0,1.0,1.0,1.0
GWETTOP,2014,-4.5,34.375,0.55,0.55,0.51,0.48,0.41,0.36,0.33,0.32,0.26,0.31,0.35,0.51,0.41
GWETTOP,2014,-4.5,35.0,0.6,0.6,0.57,0.56,0.5,0.42,0.38,0.37,0.32,0.35,0.41,0.55,0.47
GWETTOP,2014,-4.5,35.625,0.52,0.53,0.51,0.55,0.5,0.44,0.42,0.4,0.34,0.34,0.4,0.5,0.45
GWETTOP,2014,-4.5,36.25,0.49,0.55,0.52,0.54,0.5,0.46,0.38,0.34,0.3,0.32,0.4,0.53,0.44
GWETTOP,2014,-4.5,36.875,0.47,0.57,0.53,0.55,0.53,0.47,0.43,0.38,0.35,0.37,0.45,0.53,0.47
GWETTOP,2014,-4.5,37.5,0.44,0.57,0.54,0.57,0.56,0.5,0.46,0.42,0.39,0.41,0.48,0.53,0.49
GWETTOP,2014,-4.5,38.125,0.52,0.64,0.66,0.68,0.72,0.68,0.64,0.6,0.58,0.62,0.66,0.67,0.64
GWETTOP,2014,-4.5,38.75,0.49,0.6,0.63,0.66,0.73,0.68,0.64,0.61,0.59,0.63,0.66,0.65,0.63
GWETTOP,2014,-4.5,39.375,0.37,0.43,0.47,0.5,0.63,0.55,0.5,0.46,0.46,0.5,0.51,0.5,0.49
GWETTOP,2014,-4.5,40.0,0.95,0.95,0.95,0.96,0.97,0.96,0.95,0.95,0.95,0.95,0.95,0.95,0.95
GWETTOP,2014,-4.5,40.625,1.0,1.0,1.0,1.0,1.0,1.0,1.0,1.0,1.0,1.0,1.0,1.0,1.0
GWETTOP,2014,-4.5,41.25,1.0,1.0,1.0,1.0,1.0,1.0,1.0,1.0,1.0,1.0,1.0,1.0,1.0
GWETTOP,2014,-4.5,41.875,1.0,1.0,1.0,1.0,1.0,1.0,1.0,1.0,1.0,1.0,1.0,1.0,1.0
GWETTOP,2014,0.5,34.375,0.56,0.49,0.53,0.53,0.61,0.61,0.55,0.59,0.61,0.68,0.64,0.59,0.58
GWETTOP,2014,0.5,35.0,0.66,0.59,0.58,0.57,0.64,0.67,0.64,0.69,0.7,0.74,0.73,0.69,0.66
GWETTOP,2014,0.5,35.625,0.44,0.43,0.44,0.46,0.5,0.53,0.52,0.56,0.52,0.54,0.53,0.47,0.5
GWETTOP,2014,0.5,36.25,0.34,0.34,0.35,0.36,0.37,0.43,0.46,0.49,0.46,0.45,0.44,0.41,0.41
GWETTOP,2014,0.5,36.875,0.43,0.41,0.43,0.47,0.42,0.48,0.51,0.55,0.52,0.49,0.53,0.49,0.48
GWETTOP,2014,0.5,37.5,0.32,0.3,0.3,0.36,0.32,0.31,0.33,0.36,0.35,0.33,0.39,0.37,0.34
GWETTOP,2014,0.5,38.125,0.29,0.27,0.29,0.35,0.33,0.28,0.24,0.26,0.26,0.27,0.37,0.35,0.3
GWETTOP,2014,0.5,38.75,0.28,0.23,0.28,0.35,0.34,0.27,0.2,0.19,0.21,0.25,0.36,0.35,0.28
GWETTOP,2014,0.5,39.375,0.25,0.19,0.28,0.38,0.38,0.31,0.21,0.21,0.21,0.25,0.38,0.36,0.28
GWETTOP,2014,0.5,40.0,0.22,0.17,0.26,0.38,0.4,0.35,0.28,0.24,0.21,0.24,0.37,0.36,0.29
GWETTOP,2014,0.5,40.625,0.17,0.13,0.24,0.41,0.47,0.39,0.33,0.29,0.22,0.24,0.39,0.36,0.3
GWETTOP,2014,0.5,41.25,0.22,0.18,0.27,0.43,0.49,0.42,0.37,0.35,0.3,0.29,0.43,0.37,0.34
GWETTOP,2014,0.5,41.875,0.22,0.19,0.28,0.48,0.59,0.5,0.42,0.4,0.31,0.34,0.48,0.41,0.39
GWETTOP,2014,1.0,34.375,0.75,0.67,0.64,0.6,0.68,0.69,0.67,0.72,0.75,0.81,0.8,0.77,0.71
GWETTOP,2014,1.0,35.0,0.68,0.56,0.52,0.54,0.66,0.69,0.68,0.76,0.8,0.83,0.82,0.77,0.69
GWETTOP,2014,1.0,35.625,0.34,0.31,0.33,0.41,0.48,0.48,0.47,0.59,0.53,0.5,0.5,0.43,0.45
GWETTOP,2014,1.0,36.25,0.26,0.25,0.28,0.31,0.3,0.35,0.39,0.43,0.4,0.37,0.38,0.34,0.34
GWETTOP,2014,1.0,36.875,0.35,0.33,0.33,0.36,0.34,0.35,0.38,0.4,0.39,0.37,0.39,0.38,0.36
GWETTOP,2014,1.0,37.5,0.31,0.29,0.3,0.36,0.33,0.29,0.29,0.31,0.29,0.29,0.37,0.36,0.32
GWETTOP,2014,1.0,38.125,0.24,0.23,0.27,0.34,0.31,0.24,0.21,0.21,0.21,0.24,0.35,0.33,0.27
GWETTOP,2014,1.0,38.75,0.24,0.22,0.28,0.36,0.33,0.25,0.19,0.17,0.19,0.24,0.37,0.34,0.27
GWETTOP,2014,1.0,39.375,0.23,0.19,0.28,0.4,0.38,0.29,0.18,0.19,0.2,0.25,0.4,0.36,0.28
GWETTOP,2014,1.0,40.0,0.19,0.16,0.26,0.39,0.4,0.35,0.25,0.22,0.2,0.23,0.38,0.36,0.28
GWETTOP,2014,1.0,40.625,0.17,0.12,0.24,0.42,0.46,0.39,0.31,0.25,0.19,0.22,0.41,0.38,0.3
GWETTOP,2014,1.0,41.25,0.2,0.14,0.26,0.47,0.54,0.47,0.39,0.33,0.24,0.26,0.48,0.43,0.35
GWETTOP,2014,1.0,41.875,0.19,0.14,0.24,0.45,0.54,0.45,0.38,0.35,0.25,0.29,0.45,0.4,0.35
GWETTOP,2014,1.5,34.375,0.41,0.33,0.37,0.34,0.53,0.54,0.53,0.61,0.64,0.66,0.58,0.51,0.51
GWETTOP,2014,1.5,35.0,0.39,0.32,0.33,0.4,0.49,0.5,0.49,0.62,0.67,0.62,0.56,0.47,0.49
GWETTOP,2014,1.5,35.625,0.22,0.22,0.27,0.33,0.37,0.35,0.36,0.45,0.43,0.39,0.38,0.32,0.34
GWETTOP,2014,1.5,36.25,0.17,0.2,0.26,0.28,0.24,0.26,0.33,0.38,0.35,0.31,0.33,0.22,0.28
GWETTOP,2014,1.5,36.875,0.33,0.3,0.31,0.38,0.34,0.32,0.32,0.34,0.31,0.3,0.38,0.36,0.33
GWETTOP,2014,1.5,37.5,0.27,0.25,0.29,0.36,0.31,0.28,0.28,0.3,0.28,0.28,0.37,0.33,0.3
GWETTOP,2014,1.5,38.125,0.25,0.25,0.29,0.37,0.32,0.26,0.23,0.2,0.2,0.25,0.38,0.34,0.28
GWETTOP,2014,1.5,38.75,0.23,0.25,0.33,0.44,0.37,0.28,0.25,0.22,0.23,0.29,0.47,0.39,0.31
GWETTOP,2014,1.5,39.375,0.24,0.19,0.28,0.41,0.4,0.34,0.25,0.2,0.2,0.26,0.43,0.39,0.3
GWETTOP,2014,1.5,40.0,0.23,0.19,0.28,0.43,0.42,0.35,0.23,0.2,0.2,0.26,0.44,0.4,0.3
GWETTOP,2014,1.5,40.625,0.19,0.13,0.27,0.46,0.51,0.44,0.3,0.24,0.2,0.24,0.48,0.45,0.33
GWETTOP,2014,1.5,41.25,0.18,0.11,0.21,0.39,0.45,0.38,0.33,0.28,0.18,0.21,0.41,0.37,0.29
GWETTOP,2014,1.5,41.875,0.15,0.11,0.22,0.44,0.54,0.44,0.35,0.3,0.2,0.27,0.48,0.42,0.33
GWETTOP,2014,2.0,34.375,0.31,0.26,0.32,0.27,0.46,0.46,0.46,0.54,0.56,0.55,0.49,0.43,0.43
GWETTOP,2014,2.0,35.0,0.29,0.22,0.29,0.34,0.4,0.4,0.41,0.49,0.54,0.48,0.45,0.4,0.39
GWETTOP,2014,2.0,35.625,0.16,0.18,0.25,0.29,0.31,0.28,0.3,0.38,0.37,0.34,0.34,0.24,0.29
GWETTOP,2014,2.0,36.25,0.17,0.19,0.26,0.29,0.23,0.23,0.27,0.32,0.28,0.26,0.33,0.22,0.25
GWETTOP,2014,2.0,36.875,0.29,0.27,0.32,0.4,0.35,0.3,0.29,0.28,0.27,0.29,0.4,0.36,0.32
GWETTOP,2014,2.0,37.5,0.27,0.24,0.3,0.39,0.35,0.28,0.23,0.23,0.23,0.26,0.38,0.35,0.29
GWETTOP,2014,2.0,38.125,0.26,0.25,0.31,0.42,0.38,0.3,0.23,0.19,0.21,0.28,0.44,0.39,0.31
GWETTOP,2014,2.0,38.75,0.25,0.24,0.31,0.42,0.38,0.31,0.25,0.21,0.21,0.28,0.44,0.38,0.31
GWETTOP,2014,2.0,39.375,0.25,0.19,0.27,0.41,0.39,0.34,0.25,0.21,0.2,0.26,0.44,0.39,0.3
GWETTOP,2014,2.0,40.0,0.25,0.19,0.29,0.44,0.44,0.37,0.27,0.22,0.21,0.28,0.49,0.43,0.32
GWETTOP,2014,2.0,40.625,0.2,0.16,0.33,0.56,0.62,0.49,0.28,0.28,0.26,0.33,0.65,0.59,0.4
GWETTOP,2014,2.0,41.25,0.19,0.13,0.27,0.44,0.49,0.41,0.29,0.24,0.2,0.25,0.51,0.46,0.32
GWETTOP,2014,2.0,41.875,0.18,0.14,0.28,0.51,0.64,0.53,0.33,0.32,0.24,0.38,0.64,0.56,0.4
GWETTOP,2014,2.5,34.375,0.28,0.24,0.32,0.29,0.44,0.43,0.44,0.51,0.5,0.51,0.44,0.39,0.4
GWETTOP,2014,2.5,35.0,0.25,0.21,0.28,0.32,0.37,0.37,0.38,0.42,0.46,0.44,0.41,0.37,0.36
GWETTOP,2014,2.5,35.625,0.15,0.18,0.23,0.29,0.28,0.27,0.28,0.31,0.35,0.33,0.32,0.25,0.27
GWETTOP,2014,2.5,36.25,0.15,0.18,0.24,0.3,0.24,0.22,0.22,0.24,0.26,0.26,0.32,0.25,0.24
GWETTOP,2014,2.5,36.875,0.2,0.21,0.28,0.36,0.32,0.22,0.22,0.21,0.23,0.27,0.37,0.34,0.27
GWETTOP,2014,2.5,37.5,0.19,0.21,0.29,0.4,0.33,0.22,0.2,0.19,0.21,0.28,0.39,0.35,0.27
GWETTOP,2014,2.5,38.125,0.21,0.22,0.29,0.4,0.37,0.27,0.2,0.18,0.2,0.28,0.41,0.37,0.28
GWETTOP,2014,2.5,38.75,0.21,0.21,0.29,0.4,0.37,0.29,0.21,0.18,0.2,0.28,0.41,0.37,0.29
GWETTOP,2014,2.5,39.375,0.21,0.19,0.27,0.39,0.38,0.33,0.24,0.19,0.21,0.29,0.43,0.37,0.29
GWETTOP,2014,2.5,40.0,0.22,0.19,0.29,0.43,0.43,0.36,0.28,0.22,0.23,0.31,0.47,0.42,0.32
GWETTOP,2014,2.5,40.625,0.2,0.19,0.3,0.48,0.52,0.39,0.27,0.26,0.25,0.36,0.56,0.49,0.36
GWETTOP,2014,2.5,41.25,0.16,0.15,0.2,0.31,0.33,0.24,0.2,0.2,0.18,0.25,0.37,0.3,0.24
GWETTOP,2014,2.5,41.875,0.19,0.15,0.21,0.34,0.41,0.33,0.25,0.24,0.21,0.32,0.42,0.35,0.29
GWETTOP,2014,3.0,34.375,0.27,0.18,0.31,0.36,0.47,0.48,0.5,0.54,0.56,0.56,0.5,0.47,0.43
GWETTOP,2014,3.0,35.0,0.2,0.15,0.25,0.31,0.35,0.35,0.36,0.37,0.41,0.4,0.38,0.36,0.33
GWETTOP,2014,3.0,35.625,0.13,0.16,0.18,0.25,0.27,0.25,0.21,0.23,0.32,0.29,0.25,0.29,0.24
GWETTOP,2014,3.0,36.25,0.13,0.17,0.19,0.28,0.23,0.17,0.18,0.17,0.24,0.26,0.25,0.3,0.21
GWETTOP,2014,3.0,36.875,0.13,0.17,0.21,0.3,0.25,0.17,0.19,0.17,0.22,0.27,0.28,0.31,0.22
GWETTOP,2014,3.0,37.5,0.11,0.17,0.23,0.31,0.26,0.14,0.17,0.14,0.18,0.26,0.31,0.28,0.21
GWETTOP,2014,3.0,38.125,0.15,0.19,0.27,0.38,0.36,0.26,0.19,0.17,0.2,0.29,0.37,0.34,0.26
GWETTOP,2014,3.0,38.75,0.16,0.21,0.3,0.42,0.4,0.27,0.22,0.18,0.23,0.34,0.42,0.35,0.29
GWETTOP,2014,3.0,39.375,0.18,0.18,0.27,0.38,0.37,0.33,0.25,0.19,0.23,0.33,0.39,0.35,0.29
GWETTOP,2014,3.0,40.0,0.19,0.19,0.28,0.41,0.41,0.35,0.29,0.21,0.25,0.36,0.43,0.38,0.31
GWETTOP,2014,3.0,40.625,0.19,0.19,0.25,0.4,0.42,0.3,0.25,0.22,0.23,0.35,0.44,0.36,0.3
GWETTOP,2014,3.0,41.25,0.18,0.17,0.2,0.33,0.35,0.25,0.22,0.21,0.2,0.3,0.37,0.29,0.26
GWETTOP,2014,3.0,41.875,0.21,0.14,0.19,0.33,0.36,0.3,0.28,0.22,0.21,0.32,0.37,0.32,0.27
GWETTOP,2014,3.5,34.375,0.29,0.15,0.27,0.37,0.41,0.42,0.44,0.48,0.51,0.49,0.46,0.42,0.39
GWETTOP,2014,3.5,35.0,0.17,0.14,0.26,0.33,0.35,0.34,0.34,0.35,0.38,0.38,0.38,0.37,0.32
GWETTOP,2014,3.5,35.625,0.13,0.16,0.19,0.28,0.27,0.23,0.21,0.21,0.3,0.29,0.26,0.32,0.24
GWETTOP,2014,3.5,36.25,0.12,0.17,0.2,0.3,0.26,0.18,0.2,0.17,0.25,0.29,0.28,0.3,0.23
GWETTOP,2014,3.5,36.875,0.12,0.18,0.23,0.33,0.3,0.19,0.22,0.18,0.23,0.3,0.32,0.3,0.24
GWETTOP,2014,3.5,37.5,0.14,0.2,0.25,0.37,0.33,0.25,0.25,0.2,0.26,0.34,0.34,0.33,0.27
GWETTOP,2014,3.5,38.125,0.18,0.21,0.28,0.39,0.38,0.33,0.29,0.21,0.26,0.34,0.38,0.33,0.3
GWETTOP,2014,3.5,38.75,0.18,0.21,0.29,0.4,0.4,0.34,0.31,0.24,0.29,0.37,0.4,0.33,0.31
GWETTOP,2014,3.5,39.375,0.21,0.21,0.3,0.43,0.44,0.39,0.34,0.29,0.32,0.41,0.44,0.38,0.35
GWETTOP,2014,3.5,40.0,0.2,0.19,0.28,0.42,0.43,0.35,0.31,0.23,0.27,0.4,0.44,0.37,0.32
GWETTOP,2014,3.5,40.625,0.21,0.22,0.29,0.52,0.54,0.36,0.28,0.24,0.29,0.5,0.55,0.44,0.37
GWETTOP,2014,3.5,41.25,0.2,0.19,0.22,0.38,0.38,0.26,0.22,0.2,0.22,0.36,0.4,0.31,0.28
GWETTOP,2014,3.5,41.875,0.17,0.14,0.17,0.3,0.33,0.24,0.2,0.17,0.18,0.31,0.34,0.27,0.24
GWETTOP,2014,4.0,34.375,0.28,0.18,0.33,0.47,0.5,0.49,0.49,0.54,0.54,0.56,0.55,0.51,0.45
GWETTOP,2014,4.0,35.0,0.18,0.17,0.29,0.41,0.41,0.37,0.38,0.39,0.43,0.43,0.46,0.46,0.37
GWETTOP,2014,4.0,35.625,0.13,0.17,0.2,0.32,0.31,0.26,0.26,0.22,0.31,0.31,0.3,0.35,0.26
GWETTOP,2014,4.0,36.25,0.12,0.18,0.21,0.33,0.3,0.21,0.22,0.18,0.27,0.31,0.29,0.31,0.24
GWETTOP,2014,4.0,36.875,0.13,0.2,0.24,0.35,0.34,0.27,0.28,0.21,0.29,0.34,0.34,0.3,0.27
GWETTOP,2014,4.0,37.5,0.14,0.21,0.26,0.38,0.37,0.3,0.3,0.23,0.31,0.36,0.36,0.31,0.29
GWETTOP,2014,4.0,38.125,0.21,0.26,0.32,0.45,0.46,0.4,0.37,0.33,0.38,0.44,0.45,0.36,0.37
GWETTOP,2014,4.0,38.75,0.22,0.32,0.42,0.58,0.61,0.51,0.43,0.36,0.46,0.56,0.61,0.46,0.46
GWETTOP,2014,4.0,39.375,0.22,0.27,0.4,0.58,0.61,0.52,0.4,0.34,0.44,0.58,0.62,0.52,0.46
GWETTOP,2014,4.0,40.0,0.19,0.21,0.3,0.49,0.5,0.42,0.31,0.26,0.32,0.48,0.51,0.43,0.37
GWETTOP,2014,4.0,40.625,0.23,0.21,0.29,0.54,0.55,0.39,0.29,0.24,0.3,0.54,0.57,0.47,0.39
GWETTOP,2014,4.0,41.25,0.23,0.17,0.21,0.39,0.4,0.32,0.23,0.18,0.21,0.38,0.41,0.35,0.29
GWETTOP,2014,4.0,41.875,0.23,0.14,0.19,0.35,0.37,0.3,0.22,0.16,0.19,0.36,0.39,0.34,0.27
GWETTOP,2014,4.5,34.375,0.28,0.22,0.38,0.55,0.58,0.55,0.55,0.6,0.54,0.65,0.62,0.55,0.51
GWETTOP,2014,4.5,35.0,0.22,0.2,0.31,0.47,0.47,0.42,0.44,0.43,0.45,0.48,0.5,0.53,0.41
GWETTOP,2014,4.5,35.625,0.14,0.18,0.2,0.34,0.35,0.31,0.31,0.26,0.32,0.33,0.32,0.36,0.29
GWETTOP,2014,4.5,36.25,0.12,0.19,0.21,0.35,0.34,0.28,0.28,0.22,0.29,0.33,0.31,0.33,0.27
GWETTOP,2014,4.5,36.875,0.15,0.21,0.24,0.37,0.36,0.34,0.34,0.29,0.34,0.36,0.34,0.32,0.31
GWETTOP,2014,4.5,37.5,0.18,0.28,0.34,0.51,0.49,0.43,0.47,0.37,0.48,0.51,0.45,0.37,0.41
GWETTOP,2014,4.5,38.125,0.22,0.33,0.4,0.57,0.59,0.53,0.46,0.39,0.5,0.57,0.58,0.46,0.47
GWETTOP,2014,4.5,38.75,0.22,0.3,0.37,0.54,0.56,0.47,0.42,0.37,0.46,0.54,0.56,0.42,0.44
GWETTOP,2014,4.5,39.375,0.2,0.23,0.31,0.47,0.51,0.41,0.35,0.29,0.37,0.49,0.51,0.41,0.38
GWETTOP,2014,4.5,40.0,0.18,0.21,0.28,0.42,0.44,0.38,0.32,0.27,0.33,0.43,0.44,0.38,0.34
GWETTOP,2014,4.5,40.625,0.21,0.18,0.24,0.42,0.43,0.37,0.28,0.23,0.28,0.42,0.45,0.39,0.33
GWETTOP,2014,4.5,41.25,0.27,0.17,0.22,0.4,0.41,0.34,0.29,0.2,0.24,0.39,0.43,0.37,0.31
GWETTOP,2014,4.5,41.875,0.23,0.13,0.19,0.39,0.41,0.33,0.22,0.16,0.2,0.4,0.43,0.37,0.29
GWETTOP,2015,-0.5,34.375,0.53,0.34,0.35,0.86,0.92,0.85,0.65,0.5,0.55,0.66,0.91,0.93,0.67
GWETTOP,2015,-0.5,35.0,0.5,0.4,0.35,0.76,0.83,0.81,0.71,0.63,0.61,0.66,0.87,0.9,0.67
GWETTOP,2015,-0.5,35.625,0.43,0.4,0.4,0.57,0.6,0.59,0.54,0.51,0.46,0.49,0.61,0.64,0.52
GWETTOP,2015,-0.5,36.25,0.38,0.36,0.38,0.56,0.59,0.57,0.51,0.48,0.45,0.49,0.61,0.63,0.5
GWETTOP,2015,-0.5,36.875,0.38,0.37,0.39,0.59,0.62,0.59,0.55,0.51,0.42,0.53,0.62,0.62,0.52
GWETTOP,2015,-0.5,37.5,0.43,0.39,0.38,0.59,0.64,0.57,0.51,0.49,0.4,0.51,0.61,0.63,0.51
GWETTOP,2015,-0.5,38.125,0.34,0.29,0.31,0.52,0.49,0.39,0.34,0.32,0.24,0.36,0.55,0.55,0.39
GWETTOP,2015,-0.5,38.75,0.27,0.23,0.27,0.47,0.44,0.34,0.3,0.28,0.22,0.33,0.52,0.49,0.35
GWETTOP,2015,-0.5,39.375,0.28,0.21,0.25,0.42,0.43,0.36,0.33,0.3,0.23,0.34,0.47,0.41,0.34
GWETTOP,2015,-0.5,40.0,0.32,0.24,0.28,0.44,0.49,0.41,0.38,0.34,0.26,0.37,0.5,0.45,0.37
GWETTOP,2015,-0.5,40.625,0.35,0.26,0.29,0.41,0.55,0.48,0.44,0.43,0.3,0.37,0.51,0.41,0.4
GWETTOP,2015,-0.5,41.25,0.35,0.27,0.29,0.41,0.57,0.48,0.44,0.43,0.3,0.37,0.51,0.4,0.4
GWETTOP,2015,-0.5,41.875,0.31,0.23,0.26,0.41,0.56,0.51,0.48,0.48,0.34,0.38,0.5,0.41,0.41
GWETTOP,2015,-1.0,34.375,0.49,0.4,0.32,0.7,0.74,0.66,0.52,0.48,0.47,0.5,0.67,0.85,0.57
GWETTOP,2015,-1.0,35.0,0.53,0.47,0.37,0.66,0.73,0.72,0.62,0.58,0.56,0.55,0.7,0.83,0.61
GWETTOP,2015,-1.0,35.625,0.48,0.39,0.31,0.54,0.59,0.61,0.51,0.49,0.46,0.44,0.53,0.62,0.5
GWETTOP,2015,-1.0,36.25,0.37,0.33,0.32,0.44,0.53,0.53,0.44,0.39,0.36,0.37,0.44,0.5,0.42
GWETTOP,2015,-1.0,36.875,0.41,0.36,0.36,0.52,0.56,0.5,0.45,0.34,0.21,0.39,0.54,0.59,0.44
GWETTOP,2015,-1.0,37.5,0.43,0.37,0.34,0.52,0.54,0.5,0.46,0.36,0.26,0.41,0.53,0.55,0.44
GWETTOP,2015,-1.0,38.125,0.32,0.29,0.33,0.52,0.47,0.4,0.35,0.33,0.23,0.38,0.58,0.54,0.4
GWETTOP,2015,-1.0,38.75,0.26,0.23,0.29,0.51,0.44,0.35,0.31,0.3,0.22,0.36,0.57,0.51,0.36
GWETTOP,2015,-1.0,39.375,0.27,0.2,0.27,0.48,0.51,0.39,0.37,0.33,0.23,0.37,0.57,0.45,0.37
GWETTOP,2015,-1.0,40.0,0.33,0.24,0.32,0.54,0.58,0.46,0.41,0.37,0.28,0.42,0.61,0.53,0.43
GWETTOP,2015,-1.0,40.625,0.35,0.27,0.31,0.42,0.6,0.52,0.49,0.47,0.34,0.4,0.54,0.43,0.43
GWETTOP,2015,-1.0,41.25,0.35,0.27,0.3,0.4,0.59,0.51,0.49,0.48,0.36,0.39,0.52,0.43,0.43
GWETTOP,2015,-1.0,41.875,0.28,0.23,0.26,0.36,0.53,0.46,0.43,0.43,0.35,0.36,0.44,0.37,0.38
GWETTOP,2015,-1.5,34.375,0.55,0.32,0.34,0.8,0.77,0.63,0.41,0.33,0.38,0.5,0.67,0.81,0.54
GWETTOP,2015,-1.5,35.0,0.57,0.37,0.3,0.68,0.69,0.62,0.49,0.41,0.39,0.44,0.64,0.78,0.53
GWETTOP,2015,-1.5,35.625,0.55,0.45,0.32,0.58,0.68,0.66,0.53,0.48,0.39,0.46,0.57,0.69,0.53
GWETTOP,2015,-1.5,36.25,0.36,0.27,0.25,0.43,0.48,0.48,0.39,0.32,0.23,0.31,0.42,0.48,0.37
GWETTOP,2015,-1.5,36.875,0.37,0.41,0.41,0.57,0.61,0.54,0.32,0.32,0.26,0.4,0.61,0.65,0.46
GWETTOP,2015,-1.5,37.5,0.37,0.36,0.37,0.49,0.51,0.47,0.38,0.34,0.25,0.4,0.52,0.58,0.42
GWETTOP,2015,-1.5,38.125,0.38,0.34,0.34,0.45,0.45,0.42,0.4,0.37,0.29,0.39,0.5,0.51,0.4
GWETTOP,2015,-1.5,38.75,0.32,0.26,0.31,0.49,0.45,0.38,0.34,0.33,0.24,0.39,0.55,0.52,0.38
GWETTOP,2015,-1.5,39.375,0.31,0.23,0.3,0.5,0.5,0.41,0.37,0.33,0.24,0.39,0.56,0.49,0.39
GWETTOP,2015,-1.5,40.0,0.36,0.27,0.34,0.52,0.63,0.56,0.51,0.45,0.33,0.45,0.64,0.52,0.47
GWETTOP,2015,-1.5,40.625,0.35,0.27,0.31,0.43,0.63,0.56,0.53,0.51,0.41,0.43,0.56,0.46,0.46
GWETTOP,2015,-1.5,41.25,0.36,0.26,0.28,0.4,0.62,0.56,0.52,0.5,0.41,0.4,0.52,0.46,0.44
GWETTOP,2015,-1.5,41.875,0.6,0.55,0.55,0.63,0.73,0.69,0.67,0.67,0.63,0.63,0.67,0.64,0.64
GWETTOP,2015,-1.7975103014118005e-13,34.375,0.49,0.4,0.35,0.73,0.8,0.76,0.64,0.56,0.57,0.65,0.85,0.88,0.64
GWETTOP,2015,-1.7975103014118005e-13,35.0,0.56,0.46,0.43,0.75,0.83,0.84,0.78,0.75,0.74,0.76,0.9,0.91,0.73
GWETTOP,2015,-1.7975103014118005e-13,35.625,0.49,0.45,0.44,0.63,0.7,0.7,0.66,0.64,0.6,0.62,0.74,0.77,0.62
GWETTOP,2015,-1.7975103014118005e-13,36.25,0.4,0.37,0.36,0.58,0.63,0.61,0.56,0.53,0.48,0.51,0.65,0.66,0.53
GWETTOP,2015,-1.7975103014118005e-13,36.875,0.38,0.37,0.36,0.5,0.53,0.5,0.47,0.46,0.41,0.46,0.55,0.59,0.47
GWETTOP,2015,-1.7975103014118005e-13,37.5,0.43,0.4,0.39,0.56,0.61,0.55,0.49,0.48,0.41,0.49,0.62,0.65,0.51
GWETTOP,2015,-1.7975103014118005e-13,38.125,0.33,0.29,0.28,0.46,0.46,0.37,0.33,0.29,0.21,0.32,0.48,0.51,0.36
GWETTOP,2015,-1.7975103014118005e-13,38.75,0.28,0.23,0.22,0.4,0.38,0.32,0.28,0.24,0.17,0.28,0.42,0.42,0.3
GWETTOP,2015,-1.7975103014118005e-13,39.375,0.3,0.2,0.2,0.37,0.36,0.32,0.28,0.23,0.17,0.3,0.39,0.36,0.29
GWETTOP,2015,-1.7975103014118005e-13,40.0,0.33,0.23,0.2,0.36,0.39,0.35,0.32,0.28,0.2,0.31,0.4,0.37,0.31
GWETTOP,2015,-1.7975103014118005e-13,40.625,0.33,0.22,0.21,0.37,0.44,0.39,0.35,0.33,0.22,0.32,0.43,0.37,0.33
GWETTOP,2015,-1.7975103014118005e-13,41.25,0.32,0.23,0.24,0.39,0.47,0.39,0.35,0.35,0.24,0.34,0.45,0.37,0.35
GWETTOP,2015,-1.7975103014118005e-13,41.875,0.35,0.24,0.25,0.43,0.51,0.45,0.42,0.42,0.27,0.39,0.49,0.41,0.39
GWETTOP,2015,-2.0,34.375,0.6,0.34,0.33,0.78,0.7,0.51,0.28,0.26,0.32,0.5,0.7,0.74,0.51
GWETTOP,2015,-2.0,35.0,0.6,0.42,0.32,0.67,0.68,0.59,0.41,0.31,0.32,0.47,0.68,0.75,0.52
GWETTOP,2015,-2.0,35.625,0.54,0.45,0.34,0.57,0.65,0.6,0.48,0.37,0.29,0.42,0.58,0.66,0.5
GWETTOP,2015,-2.0,36.25,0.33,0.29,0.27,0.4,0.44,0.4,0.31,0.22,0.18,0.28,0.4,0.45,0.33
GWETTOP,2015,-2.0,36.875,0.35,0.43,0.46,0.59,0.62,0.52,0.32,0.32,0.24,0.41,0.62,0.68,0.46
GWETTOP,2015,-2.0,37.5,0.35,0.37,0.4,0.51,0.53,0.47,0.33,0.32,0.22,0.4,0.55,0.62,0.42
GWETTOP,2015,-2.0,38.125,0.4,0.36,0.34,0.43,0.42,0.39,0.36,0.34,0.27,0.37,0.48,0.5,0.39
GWETTOP,2015,-2.0,38.75,0.41,0.29,0.33,0.5,0.47,0.41,0.37,0.35,0.25,0.42,0.57,0.54,0.41
GWETTOP,2015,-2.0,39.375,0.4,0.27,0.34,0.53,0.56,0.49,0.43,0.38,0.28,0.44,0.6,0.53,0.44
GWETTOP,2015,-2.0,40.0,0.35,0.26,0.32,0.48,0.58,0.52,0.47,0.43,0.32,0.42,0.59,0.48,0.44
GWETTOP,2015,-2.0,40.625,0.35,0.27,0.31,0.44,0.63,0.58,0.54,0.51,0.42,0.44,0.55,0.46,0.46
GWETTOP,2015,-2.0,41.25,0.38,0.32,0.34,0.45,0.62,0.56,0.52,0.52,0.46,0.47,0.52,0.46,0.47
GWETTOP,2015,-2.0,41.875,0.65,0.6,0.61,0.67,0.76,0.71,0.69,0.69,0.67,0.67,0.7,0.67,0.67
GWETTOP,2015,-2.5,34.375,0.57,0.43,0.33,0.63,0.56,0.42,0.21,0.19,0.23,0.41,0.63,0.66,0.44
GWETTOP,2015,-2.5,35.0,0.61,0.48,0.35,0.57,0.63,0.5,0.35,0.24,0.23,0.38,0.64,0.68,0.47
GWETTOP,2015,-2.5,35.625,0.52,0.47,0.38,0.53,0.61,0.52,0.38,0.22,0.18,0.3,0.52,0.58,0.43
GWETTOP,2015,-2.5,36.25,0.44,0.38,0.35,0.5,0.54,0.46,0.36,0.26,0.18,0.28,0.49,0.53,0.4
GWETTOP,2015,-2.5,36.875,0.45,0.45,0.44,0.61,0.66,0.58,0.35,0.3,0.21,0.37,0.63,0.71,0.48
GWETTOP,2015,-2.5,37.5,0.5,0.47,0.48,0.63,0.71,0.6,0.49,0.41,0.24,0.46,0.65,0.72,0.53
GWETTOP,2015,-2.5,38.125,0.52,0.43,0.39,0.51,0.5,0.45,0.4,0.36,0.23,0.42,0.58,0.58,0.45
GWETTOP,2015,-2.5,38.75,0.47,0.33,0.38,0.53,0.51,0.45,0.4,0.37,0.27,0.45,0.61,0.57,0.45
GWETTOP,2015,-2.5,39.375,0.54,0.37,0.44,0.63,0.67,0.64,0.57,0.51,0.36,0.54,0.7,0.63,0.55
GWETTOP,2015,-2.5,40.0,0.39,0.3,0.32,0.43,0.53,0.48,0.44,0.4,0.34,0.4,0.54,0.43,0.42
GWETTOP,2015,-2.5,40.625,0.5,0.43,0.44,0.53,0.67,0.62,0.58,0.55,0.51,0.53,0.6,0.53,0.54
GWETTOP,2015,-2.5,41.25,1.0,1.0,1.0,1.0,1.0,1.0,1.0,1.0,1.0,1.0,1.0,1.0,1.0
GWETTOP,2015,-2.5,41.875,1.0,1.0,1.0,1.0,1.0,1.0,1.0,1.0,1.0,1.0,1.0,1.0,1.0
GWETTOP,2015,-3.0,34.375,0.59,0.46,0.32,0.53,0.56,0.42,0.2,0.18,0.17,0.31,0.57,0.62,0.41
GWETTOP,2015,-3.0,35.0,0.61,0.51,0.43,0.56,0.64,0.51,0.36,0.22,0.19,0.34,0.56,0.61,0.46
GWETTOP,2015,-3.0,35.625,0.7,0.64,0.59,0.81,0.88,0.81,0.68,0.54,0.46,0.49,0.69,0.76,0.67
GWETTOP,2015,-3.0,36.25,0.61,0.57,0.49,0.7,0.74,0.61,0.49,0.28,0.2,0.31,0.62,0.66,0.52
GWETTOP,2015,-3.0,36.875,0.67,0.71,0.7,0.91,0.93,0.89,0.81,0.76,0.6,0.69,0.85,0.91,0.79
GWETTOP,2015,-3.0,37.5,0.54,0.54,0.53,0.73,0.85,0.79,0.7,0.61,0.48,0.52,0.67,0.78,0.65
GWETTOP,2015,-3.0,38.125,0.53,0.47,0.45,0.52,0.54,0.5,0.48,0.44,0.33,0.45,0.56,0.56,0.49
GWETTOP,2015,-3.0,38.75,0.47,0.35,0.39,0.54,0.54,0.47,0.45,0.4,0.29,0.45,0.6,0.56,0.46
GWETTOP,2015,-3.0,39.375,0.57,0.42,0.47,0.63,0.71,0.68,0.63,0.58,0.44,0.59,0.72,0.64,0.59
GWETTOP,2015,-3.0,40.0,0.4,0.35,0.35,0.43,0.54,0.5,0.44,0.4,0.36,0.41,0.53,0.43,0.43
GWETTOP,2015,-3.0,40.625,0.78,0.75,0.75,0.77,0.84,0.82,0.8,0.77,0.76,0.77,0.82,0.78,0.78
GWETTOP,2015,-3.0,41.25,1.0,1.0,1.0,1.0,1.0,1.0,1.0,1.0,1.0,1.0,1.0,1.0,1.0
GWETTOP,2015,-3.0,41.875,1.0,1.0,1.0,1.0,1.0,1.0,1.0,1.0,1.0,1.0,1.0,1.0,1.0
GWETTOP,2015,-3.5,34.375,0.58,0.47,0.35,0.52,0.53,0.36,0.18,0.15,0.14,0.29,0.54,0.62,0.39
GWETTOP,2015,-3.5,35.0,0.58,0.49,0.45,0.54,0.59,0.47,0.34,0.25,0.19,0.3,0.51,0.55,0.44
GWETTOP,2015,-3.5,35.625,0.54,0.52,0.5,0.6,0.65,0.55,0.49,0.44,0.31,0.36,0.52,0.53,0.5
GWETTOP,2015,-3.5,36.25,0.55,0.51,0.47,0.56,0.61,0.51,0.38,0.23,0.18,0.31,0.51,0.56,0.45
GWETTOP,2015,-3.5,36.875,0.5,0.49,0.46,0.61,0.74,0.62,0.49,0.44,0.27,0.41,0.54,0.63,0.52
GWETTOP,2015,-3.5,37.5,0.42,0.39,0.37,0.5,0.53,0.48,0.43,0.34,0.21,0.34,0.49,0.51,0.42
GWETTOP,2015,-3.5,38.125,0.48,0.39,0.4,0.53,0.56,0.5,0.5,0.46,0.34,0.47,0.58,0.53,0.48
GWETTOP,2015,-3.5,38.75,0.51,0.43,0.46,0.58,0.61,0.56,0.56,0.52,0.43,0.53,0.63,0.59,0.53
GWETTOP,2015,-3.5,39.375,0.54,0.4,0.47,0.64,0.74,0.71,0.67,0.62,0.51,0.61,0.71,0.63,0.61
GWETTOP,2015,-3.5,40.0,0.56,0.5,0.53,0.6,0.68,0.64,0.6,0.57,0.51,0.58,0.67,0.59,0.59
GWETTOP,2015,-3.5,40.625,0.93,0.92,0.92,0.92,0.95,0.95,0.94,0.93,0.92,0.92,0.94,0.93,0.93
GWETTOP,2015,-3.5,41.25,1.0,1.0,1.0,1.0,1.0,1.0,1.0,1.0,1.0,1.0,1.0,1.0,1.0
GWETTOP,2015,-3.5,41.875,1.0,1.0,1.0,1.0,1.0,1.0,1.0,1.0,1.0,1.0,1.0,1.0,1.0
GWETTOP,2015,-4.0,34.375,0.58,0.48,0.42,0.54,0.5,0.37,0.24,0.18,0.15,0.3,0.54,0.63,0.41
GWETTOP,2015,-4.0,35.0,0.63,0.56,0.51,0.59,0.61,0.49,0.41,0.33,0.27,0.33,0.55,0.6,0.49
GWETTOP,2015,-4.0,35.625,0.58,0.55,0.52,0.56,0.59,0.52,0.49,0.44,0.33,0.35,0.5,0.51,0.49
GWETTOP,2015,-4.0,36.25,0.54,0.5,0.47,0.52,0.54,0.47,0.39,0.28,0.21,0.3,0.47,0.48,0.43
GWETTOP,2015,-4.0,36.875,0.5,0.46,0.4,0.48,0.5,0.43,0.35,0.29,0.21,0.31,0.46,0.46,0.4
GWETTOP,2015,-4.0,37.5,0.5,0.42,0.4,0.52,0.55,0.47,0.44,0.37,0.26,0.38,0.5,0.5,0.44
GWETTOP,2015,-4.0,38.125,0.51,0.42,0.42,0.6,0.61,0.52,0.53,0.47,0.33,0.5,0.6,0.57,0.51
GWETTOP,2015,-4.0,38.75,0.48,0.38,0.43,0.61,0.65,0.56,0.58,0.52,0.41,0.54,0.63,0.54,0.53
GWETTOP,2015,-4.0,39.375,0.42,0.33,0.41,0.53,0.68,0.61,0.56,0.5,0.41,0.5,0.62,0.49,0.51
GWETTOP,2015,-4.0,40.0,0.55,0.51,0.55,0.6,0.69,0.62,0.6,0.56,0.52,0.58,0.65,0.56,0.58
GWETTOP,2015,-4.0,40.625,1.0,1.0,1.0,1.0,1.0,1.0,1.0,1.0,1.0,1.0,1.0,1.0,1.0
GWETTOP,2015,-4.0,41.25,1.0,1.0,1.0,1.0,1.0,1.0,1.0,1.0,1.0,1.0,1.0,1.0,1.0
GWETTOP,2015,-4.0,41.875,1.0,1.0,1.0,1.0,1.0,1.0,1.0,1.0,1.0,1.0,1.0,1.0,1.0
GWETTOP,2015,-4.5,34.375,0.52,0.43,0.41,0.51,0.44,0.37,0.32,0.27,0.22,0.32,0.54,0.59,0.41
GWETTOP,2015,-4.5,35.0,0.57,0.48,0.46,0.56,0.54,0.43,0.39,0.35,0.3,0.33,0.5,0.56,0.46
GWETTOP,2015,-4.5,35.625,0.53,0.47,0.43,0.47,0.49,0.42,0.41,0.36,0.28,0.3,0.41,0.43,0.42
GWETTOP,2015,-4.5,36.25,0.55,0.5,0.47,0.51,0.54,0.45,0.41,0.34,0.28,0.33,0.46,0.47,0.44
GWETTOP,2015,-4.5,36.875,0.54,0.46,0.44,0.5,0.52,0.45,0.43,0.36,0.27,0.37,0.48,0.45,0.44
GWETTOP,2015,-4.5,37.5,0.55,0.45,0.44,0.52,0.55,0.48,0.46,0.42,0.32,0.41,0.5,0.48,0.47
GWETTOP,2015,-4.5,38.125,0.67,0.56,0.53,0.66,0.73,0.67,0.66,0.63,0.51,0.6,0.66,0.65,0.63
GWETTOP,2015,-4.5,38.75,0.61,0.49,0.5,0.64,0.73,0.66,0.64,0.6,0.48,0.58,0.64,0.62,0.6
GWETTOP,2015,-4.5,39.375,0.42,0.37,0.42,0.49,0.64,0.54,0.5,0.45,0.4,0.46,0.53,0.44,0.47
GWETTOP,2015,-4.5,40.0,0.95,0.95,0.95,0.95,0.97,0.96,0.95,0.95,0.95,0.95,0.96,0.95,0.95
GWETTOP,2015,-4.5,40.625,1.0,1.0,1.0,1.0,1.0,1.0,1.0,1.0,1.0,1.0,1.0,1.0,1.0
GWETTOP,2015,-4.5,41.25,1.0,1.0,1.0,1.0,1.0,1.0,1.0,1.0,1.0,1.0,1.0,1.0,1.0
GWETTOP,2015,-4.5,41.875,1.0,1.0,1.0,1.0,1.0,1.0,1.0,1.0,1.0,1.0,1.0,1.0,1.0
GWETTOP,2015,0.5,34.375,0.48,0.41,0.4,0.61,0.66,0.68,0.62,0.64,0.64,0.64,0.75,0.75,0.61
GWETTOP,2015,0.5,35.0,0.58,0.49,0.46,0.65,0.74,0.79,0.78,0.79,0.77,0.75,0.82,0.82,0.7
GWETTOP,2015,0.5,35.625,0.4,0.37,0.36,0.59,0.7,0.7,0.66,0.63,0.56,0.55,0.66,0.67,0.57
GWETTOP,2015,0.5,36.25,0.27,0.24,0.24,0.48,0.56,0.53,0.48,0.46,0.39,0.4,0.52,0.52,0.43
GWETTOP,2015,0.5,36.875,0.34,0.29,0.3,0.53,0.54,0.48,0.43,0.45,0.35,0.38,0.57,0.61,0.44
GWETTOP,2015,0.5,37.5,0.27,0.26,0.25,0.42,0.43,0.37,0.33,0.29,0.21,0.32,0.44,0.5,0.34
GWETTOP,2015,0.5,38.125,0.27,0.24,0.21,0.4,0.38,0.33,0.29,0.22,0.15,0.27,0.4,0.43,0.3
GWETTOP,2015,0.5,38.75,0.27,0.19,0.18,0.37,0.36,0.32,0.24,0.19,0.13,0.26,0.38,0.4,0.27
GWETTOP,2015,0.5,39.375,0.29,0.16,0.16,0.38,0.37,0.3,0.23,0.19,0.14,0.3,0.4,0.4,0.28
GWETTOP,2015,0.5,40.0,0.31,0.16,0.15,0.36,0.37,0.32,0.25,0.21,0.15,0.3,0.39,0.37,0.28
GWETTOP,2015,0.5,40.625,0.3,0.17,0.15,0.36,0.36,0.32,0.27,0.25,0.16,0.3,0.38,0.35,0.28
GWETTOP,2015,0.5,41.25,0.3,0.22,0.21,0.38,0.38,0.32,0.3,0.28,0.19,0.32,0.39,0.36,0.3
GWETTOP,2015,0.5,41.875,0.31,0.22,0.22,0.42,0.43,0.34,0.32,0.32,0.22,0.36,0.44,0.38,0.33
GWETTOP,2015,1.0,34.375,0.68,0.59,0.53,0.68,0.71,0.74,0.7,0.7,0.69,0.7,0.81,0.81,0.7
GWETTOP,2015,1.0,35.0,0.64,0.51,0.45,0.63,0.71,0.76,0.75,0.76,0.71,0.69,0.76,0.77,0.68
GWETTOP,2015,1.0,35.625,0.33,0.18,0.16,0.39,0.46,0.42,0.4,0.38,0.27,0.27,0.38,0.38,0.34
GWETTOP,2015,1.0,36.25,0.19,0.18,0.18,0.42,0.5,0.46,0.41,0.37,0.29,0.32,0.42,0.43,0.35
GWETTOP,2015,1.0,36.875,0.32,0.23,0.2,0.38,0.39,0.36,0.35,0.32,0.21,0.27,0.38,0.4,0.32
GWETTOP,2015,1.0,37.5,0.28,0.22,0.2,0.4,0.39,0.34,0.3,0.22,0.14,0.27,0.38,0.42,0.3
GWETTOP,2015,1.0,38.125,0.21,0.19,0.18,0.39,0.35,0.3,0.24,0.18,0.13,0.24,0.37,0.37,0.26
GWETTOP,2015,1.0,38.75,0.21,0.17,0.17,0.38,0.36,0.29,0.23,0.18,0.14,0.25,0.38,0.37,0.26
GWETTOP,2015,1.0,39.375,0.23,0.14,0.16,0.39,0.39,0.28,0.21,0.19,0.14,0.3,0.41,0.4,0.27
GWETTOP,2015,1.0,40.0,0.27,0.13,0.15,0.37,0.36,0.3,0.23,0.2,0.14,0.3,0.38,0.36,0.27
GWETTOP,2015,1.0,40.625,0.29,0.14,0.15,0.39,0.37,0.31,0.25,0.22,0.15,0.3,0.38,0.37,0.28
GWETTOP,2015,1.0,41.25,0.31,0.19,0.19,0.45,0.43,0.33,0.28,0.26,0.17,0.34,0.42,0.4,0.31
GWETTOP,2015,1.0,41.875,0.3,0.17,0.19,0.42,0.4,0.33,0.29,0.28,0.18,0.35,0.41,0.37,0.31
GWETTOP,2015,1.5,34.375,0.39,0.31,0.3,0.58,0.59,0.65,0.56,0.56,0.56,0.56,0.66,0.61,0.53
GWETTOP,2015,1.5,35.0,0.36,0.27,0.22,0.52,0.57,0.58,0.54,0.53,0.46,0.47,0.56,0.55,0.47
GWETTOP,2015,1.5,35.625,0.19,0.15,0.16,0.39,0.45,0.39,0.35,0.31,0.23,0.29,0.36,0.36,0.3
GWETTOP,2015,1.5,36.25,0.12,0.12,0.15,0.39,0.43,0.36,0.31,0.26,0.18,0.24,0.35,0.35,0.27
GWETTOP,2015,1.5,36.875,0.3,0.2,0.19,0.4,0.38,0.33,0.28,0.19,0.13,0.25,0.36,0.36,0.28
GWETTOP,2015,1.5,37.5,0.21,0.17,0.18,0.39,0.37,0.31,0.25,0.18,0.13,0.24,0.35,0.35,0.26
GWETTOP,2015,1.5,38.125,0.23,0.19,0.2,0.4,0.35,0.29,0.25,0.2,0.16,0.27,0.38,0.35,0.27
GWETTOP,2015,1.5,38.75,0.22,0.19,0.22,0.49,0.41,0.3,0.27,0.23,0.19,0.32,0.46,0.42,0.31
GWETTOP,2015,1.5,39.375,0.28,0.15,0.17,0.41,0.39,0.31,0.25,0.2,0.14,0.31,0.4,0.4,0.28
GWETTOP,2015,1.5,40.0,0.26,0.13,0.17,0.42,0.41,0.31,0.24,0.2,0.14,0.32,0.41,0.41,0.29
GWETTOP,2015,1.5,40.625,0.31,0.15,0.19,0.49,0.44,0.32,0.27,0.23,0.16,0.34,0.44,0.43,0.32
GWETTOP,2015,1.5,41.25,0.3,0.14,0.17,0.44,0.39,0.34,0.28,0.22,0.14,0.31,0.37,0.35,0.29
GWETTOP,2015,1.5,41.875,0.29,0.13,0.19,0.48,0.43,0.35,0.27,0.27,0.16,0.35,0.43,0.39,0.31
GWETTOP,2015,2.0,34.375,0.28,0.26,0.25,0.53,0.52,0.54,0.49,0.49,0.44,0.46,0.54,0.48,0.44
GWETTOP,2015,2.0,35.0,0.25,0.17,0.19,0.46,0.47,0.47,0.44,0.41,0.32,0.36,0.44,0.43,0.37
GWETTOP,2015,2.0,35.625,0.14,0.12,0.14,0.36,0.38,0.33,0.26,0.2,0.14,0.22,0.32,0.31,0.24
GWETTOP,2015,2.0,36.25,0.15,0.13,0.14,0.37,0.39,0.28,0.23,0.18,0.13,0.19,0.3,0.31,0.23
GWETTOP,2015,2.0,36.875,0.28,0.2,0.2,0.4,0.38,0.32,0.26,0.2,0.15,0.26,0.36,0.37,0.28
GWETTOP,2015,2.0,37.5,0.26,0.19,0.19,0.39,0.38,0.31,0.23,0.18,0.14,0.26,0.35,0.35,0.27
GWETTOP,2015,2.0,38.125,0.26,0.19,0.21,0.44,0.41,0.32,0.26,0.2,0.14,0.3,0.41,0.4,0.3
GWETTOP,2015,2.0,38.75,0.26,0.19,0.21,0.44,0.4,0.33,0.28,0.22,0.16,0.31,0.41,0.39,0.3
GWETTOP,2015,2.0,39.375,0.3,0.15,0.18,0.43,0.41,0.34,0.29,0.21,0.14,0.32,0.39,0.39,0.3
GWETTOP,2015,2.0,40.0,0.32,0.15,0.18,0.46,0.46,0.36,0.3,0.22,0.14,0.35,0.43,0.42,0.32
GWETTOP,2015,2.0,40.625,0.33,0.17,0.25,0.66,0.59,0.37,0.33,0.31,0.2,0.47,0.58,0.52,0.4
GWETTOP,2015,2.0,41.25,0.32,0.16,0.2,0.54,0.47,0.35,0.31,0.26,0.16,0.37,0.45,0.42,0.34
GWETTOP,2015,2.0,41.875,0.34,0.17,0.25,0.64,0.57,0.37,0.32,0.32,0.2,0.45,0.6,0.5,0.4
GWETTOP,2015,2.5,34.375,0.28,0.25,0.25,0.48,0.46,0.5,0.44,0.4,0.33,0.37,0.49,0.39,0.39
GWETTOP,2015,2.5,35.0,0.26,0.19,0.18,0.39,0.41,0.42,0.4,0.36,0.24,0.29,0.41,0.38,0.33
GWETTOP,2015,2.5,35.625,0.18,0.14,0.14,0.32,0.34,0.26,0.21,0.17,0.11,0.18,0.31,0.29,0.22
GWETTOP,2015,2.5,36.25,0.2,0.16,0.13,0.3,0.33,0.21,0.18,0.16,0.11,0.17,0.27,0.29,0.21
GWETTOP,2015,2.5,36.875,0.26,0.28,0.19,0.34,0.34,0.24,0.19,0.18,0.15,0.23,0.33,0.34,0.26
GWETTOP,2015,2.5,37.5,0.26,0.21,0.18,0.37,0.33,0.23,0.18,0.16,0.13,0.24,0.35,0.35,0.25
GWETTOP,2015,2.5,38.125,0.24,0.17,0.18,0.4,0.38,0.28,0.21,0.18,0.13,0.29,0.39,0.39,0.27
GWETTOP,2015,2.5,38.75,0.23,0.15,0.17,0.4,0.38,0.28,0.22,0.18,0.13,0.3,0.39,0.39,0.27
GWETTOP,2015,2.5,39.375,0.27,0.13,0.16,0.4,0.4,0.33,0.27,0.22,0.14,0.32,0.4,0.39,0.29
GWETTOP,2015,2.5,40.0,0.3,0.14,0.18,0.45,0.44,0.36,0.3,0.25,0.15,0.35,0.44,0.43,0.32
GWETTOP,2015,2.5,40.625,0.29,0.17,0.23,0.56,0.52,0.36,0.3,0.32,0.2,0.41,0.53,0.49,0.37
GWETTOP,2015,2.5,41.25,0.19,0.15,0.18,0.37,0.32,0.24,0.22,0.23,0.16,0.27,0.35,0.29,0.25
GWETTOP,2015,2.5,41.875,0.24,0.18,0.22,0.44,0.39,0.31,0.26,0.28,0.19,0.32,0.45,0.35,0.3
GWETTOP,2015,3.0,34.375,0.32,0.23,0.19,0.49,0.51,0.57,0.54,0.51,0.44,0.46,0.57,0.49,0.44
GWETTOP,2015,3.0,35.0,0.26,0.15,0.14,0.33,0.37,0.37,0.35,0.29,0.19,0.26,0.41,0.4,0.29
GWETTOP,2015,3.0,35.625,0.15,0.11,0.1,0.22,0.32,0.2,0.15,0.14,0.1,0.16,0.28,0.29,0.19
GWETTOP,2015,3.0,36.25,0.16,0.11,0.1,0.2,0.3,0.19,0.16,0.15,0.1,0.17,0.28,0.28,0.18
GWETTOP,2015,3.0,36.875,0.19,0.14,0.11,0.21,0.25,0.18,0.15,0.15,0.12,0.19,0.28,0.25,0.19
GWETTOP,2015,3.0,37.5,0.15,0.11,0.1,0.28,0.24,0.15,0.13,0.14,0.11,0.2,0.3,0.29,0.18
GWETTOP,2015,3.0,38.125,0.16,0.12,0.15,0.36,0.35,0.22,0.18,0.18,0.12,0.27,0.37,0.37,0.24
GWETTOP,2015,3.0,38.75,0.17,0.11,0.16,0.4,0.38,0.25,0.21,0.2,0.14,0.32,0.42,0.41,0.27
GWETTOP,2015,3.0,39.375,0.21,0.11,0.15,0.37,0.37,0.32,0.25,0.24,0.14,0.32,0.39,0.37,0.27
GWETTOP,2015,3.0,40.0,0.25,0.12,0.17,0.41,0.41,0.35,0.29,0.3,0.16,0.35,0.43,0.4,0.3
GWETTOP,2015,3.0,40.625,0.23,0.16,0.2,0.43,0.41,0.31,0.27,0.31,0.19,0.35,0.45,0.4,0.31
GWETTOP,2015,3.0,41.25,0.2,0.15,0.18,0.36,0.34,0.26,0.23,0.26,0.18,0.29,0.39,0.31,0.26
GWETTOP,2015,3.0,41.875,0.24,0.15,0.17,0.37,0.36,0.31,0.28,0.28,0.17,0.31,0.43,0.33,0.28
GWETTOP,2015,3.5,34.375,0.33,0.21,0.17,0.42,0.45,0.5,0.47,0.42,0.33,0.37,0.56,0.54,0.4
GWETTOP,2015,3.5,35.0,0.29,0.15,0.14,0.36,0.39,0.38,0.32,0.26,0.15,0.28,0.48,0.49,0.31
GWETTOP,2015,3.5,35.625,0.17,0.11,0.1,0.26,0.33,0.23,0.17,0.15,0.1,0.2,0.35,0.34,0.21
GWETTOP,2015,3.5,36.25,0.16,0.1,0.1,0.25,0.32,0.23,0.16,0.15,0.11,0.22,0.35,0.32,0.21
GWETTOP,2015,3.5,36.875,0.14,0.1,0.11,0.31,0.3,0.21,0.17,0.18,0.15,0.25,0.34,0.33,0.22
GWETTOP,2015,3.5,37.5,0.15,0.1,0.11,0.32,0.34,0.26,0.2,0.19,0.16,0.29,0.36,0.34,0.24
GWETTOP,2015,3.5,38.125,0.16,0.1,0.13,0.37,0.37,0.32,0.25,0.2,0.14,0.32,0.38,0.36,0.26
GWETTOP,2015,3.5,38.75,0.17,0.1,0.15,0.39,0.4,0.34,0.32,0.29,0.18,0.36,0.41,0.36,0.29
GWETTOP,2015,3.5,39.375,0.22,0.12,0.17,0.41,0.43,0.38,0.34,0.34,0.22,0.4,0.45,0.41,0.33
GWETTOP,2015,3.5,40.0,0.22,0.12,0.17,0.41,0.42,0.35,0.31,0.34,0.18,0.39,0.46,0.39,0.31
GWETTOP,2015,3.5,40.625,0.24,0.16,0.2,0.53,0.51,0.36,0.31,0.41,0.22,0.47,0.58,0.47,0.37
GWETTOP,2015,3.5,41.25,0.21,0.16,0.18,0.38,0.35,0.27,0.24,0.28,0.19,0.34,0.43,0.34,0.28
GWETTOP,2015,3.5,41.875,0.19,0.13,0.15,0.32,0.3,0.24,0.21,0.2,0.13,0.28,0.39,0.29,0.24
GWETTOP,2015,4.0,34.375,0.36,0.21,0.21,0.53,0.54,0.55,0.45,0.37,0.28,0.43,0.68,0.68,0.44
GWETTOP,2015,4.0,35.0,0.31,0.16,0.16,0.46,0.47,0.46,0.32,0.25,0.16,0.35,0.59,0.62,0.36
GWETTOP,2015,4.0,35.625,0.24,0.12,0.11,0.32,0.36,0.32,0.24,0.16,0.12,0.28,0.42,0.42,0.26
GWETTOP,2015,4.0,36.25,0.17,0.1,0.1,0.29,0.34,0.28,0.17,0.15,0.12,0.25,0.38,0.36,0.23
GWETTOP,2015,4.0,36.875,0.13,0.11,0.11,0.32,0.35,0.28,0.21,0.19,0.16,0.28,0.35,0.34,0.24
GWETTOP,2015,4.0,37.5,0.14,0.12,0.13,0.34,0.38,0.32,0.23,0.22,0.18,0.32,0.39,0.35,0.26
GWETTOP,2015,4.0,38.125,0.2,0.15,0.2,0.46,0.49,0.44,0.37,0.35,0.29,0.45,0.48,0.44,0.36
GWETTOP,2015,4.0,38.75,0.23,0.2,0.26,0.59,0.63,0.6,0.47,0.43,0.29,0.6,0.62,0.57,0.46
GWETTOP,2015,4.0,39.375,0.23,0.16,0.25,0.58,0.62,0.51,0.38,0.4,0.26,0.61,0.63,0.56,0.43
GWETTOP,2015,4.0,40.0,0.21,0.13,0.19,0.47,0.49,0.42,0.33,0.43,0.22,0.47,0.52,0.42,0.36
GWETTOP,2015,4.0,40.625,0.26,0.16,0.2,0.53,0.53,0.41,0.34,0.44,0.23,0.5,0.6,0.48,0.39
GWETTOP,2015,4.0,41.25,0.25,0.14,0.17,0.38,0.37,0.3,0.23,0.25,0.15,0.35,0.43,0.36,0.28
GWETTOP,2015,4.0,41.875,0.26,0.14,0.15,0.36,0.35,0.29,0.21,0.2,0.13,0.31,0.42,0.34,0.26
GWETTOP,2015,4.5,34.375,0.35,0.24,0.26,0.66,0.58,0.56,0.38,0.33,0.26,0.52,0.77,0.66,0.46
GWETTOP,2015,4.5,35.0,0.38,0.19,0.19,0.53,0.51,0.52,0.34,0.26,0.18,0.42,0.63,0.65,0.4
GWETTOP,2015,4.5,35.625,0.29,0.12,0.14,0.36,0.38,0.38,0.32,0.19,0.13,0.34,0.44,0.48,0.3
GWETTOP,2015,4.5,36.25,0.22,0.1,0.11,0.34,0.36,0.35,0.24,0.16,0.14,0.31,0.4,0.38,0.26
GWETTOP,2015,4.5,36.875,0.17,0.13,0.13,0.34,0.38,0.37,0.31,0.23,0.19,0.32,0.37,0.34,0.27
GWETTOP,2015,4.5,37.5,0.2,0.19,0.21,0.5,0.54,0.51,0.37,0.33,0.27,0.47,0.53,0.46,0.38
GWETTOP,2015,4.5,38.125,0.23,0.24,0.3,0.59,0.62,0.59,0.45,0.39,0.3,0.59,0.61,0.57,0.46
GWETTOP,2015,4.5,38.75,0.23,0.23,0.28,0.57,0.6,0.54,0.43,0.39,0.29,0.57,0.58,0.53,0.44
GWETTOP,2015,4.5,39.375,0.22,0.14,0.22,0.51,0.52,0.46,0.36,0.38,0.25,0.5,0.52,0.44,0.38
GWETTOP,2015,4.5,40.0,0.21,0.13,0.2,0.44,0.46,0.4,0.32,0.32,0.2,0.43,0.45,0.38,0.33
GWETTOP,2015,4.5,40.625,0.24,0.13,0.18,0.43,0.43,0.39,0.32,0.36,0.19,0.39,0.45,0.39,0.33
GWETTOP,2015,4.5,41.25,0.3,0.14,0.17,0.39,0.4,0.35,0.32,0.33,0.22,0.36,0.44,0.37,0.32
GWETTOP,2015,4.5,41.875,0.26,0.12,0.16,0.38,0.38,0.3,0.21,0.21,0.13,0.33,0.45,0.37,0.28
GWETTOP,2016,-0.5,34.375,0.85,0.66,0.55,0.71,0.84,0.66,0.52,0.38,0.42,0.55,0.64,0.55,0.61
GWETTOP,2016,-0.5,35.0,0.83,0.72,0.62,0.74,0.86,0.79,0.71,0.65,0.62,0.63,0.67,0.6,0.7
GWETTOP,2016,-0.5,35.625,0.61,0.54,0.49,0.58,0.66,0.6,0.61,0.58,0.55,0.53,0.55,0.48,0.57
GWETTOP,2016,-0.5,36.25,0.6,0.52,0.49,0.57,0.63,0.58,0.58,0.56,0.53,0.51,0.56,0.49,0.55
GWETTOP,2016,-0.5,36.875,0.6,0.52,0.5,0.59,0.63,0.59,0.57,0.54,0.47,0.44,0.57,0.51,0.54
GWETTOP,2016,-0.5,37.5,0.59,0.5,0.5,0.56,0.62,0.56,0.52,0.5,0.44,0.4,0.57,0.52,0.52
GWETTOP,2016,-0.5,38.125,0.47,0.38,0.35,0.47,0.47,0.36,0.31,0.28,0.25,0.24,0.51,0.45,0.38
GWETTOP,2016,-0.5,38.75,0.38,0.3,0.29,0.42,0.42,0.3,0.27,0.25,0.23,0.22,0.47,0.37,0.33
GWETTOP,2016,-0.5,39.375,0.29,0.24,0.22,0.35,0.38,0.31,0.27,0.27,0.21,0.2,0.38,0.28,0.28
GWETTOP,2016,-0.5,40.0,0.31,0.26,0.24,0.37,0.43,0.34,0.3,0.29,0.23,0.21,0.41,0.29,0.31
GWETTOP,2016,-0.5,40.625,0.26,0.23,0.23,0.37,0.5,0.41,0.35,0.34,0.25,0.22,0.42,0.27,0.32
GWETTOP,2016,-0.5,41.25,0.26,0.23,0.23,0.37,0.51,0.41,0.35,0.35,0.25,0.23,0.43,0.28,0.33
GWETTOP,2016,-0.5,41.875,0.25,0.21,0.22,0.35,0.56,0.47,0.42,0.37,0.26,0.22,0.4,0.27,0.33
GWETTOP,2016,-1.0,34.375,0.82,0.69,0.57,0.62,0.66,0.52,0.46,0.34,0.39,0.45,0.51,0.43,0.54
GWETTOP,2016,-1.0,35.0,0.82,0.73,0.64,0.72,0.78,0.71,0.63,0.55,0.56,0.57,0.57,0.51,0.65
GWETTOP,2016,-1.0,35.625,0.61,0.53,0.48,0.61,0.68,0.61,0.56,0.5,0.49,0.49,0.49,0.45,0.54
GWETTOP,2016,-1.0,36.25,0.5,0.41,0.38,0.47,0.56,0.49,0.45,0.41,0.38,0.37,0.43,0.38,0.44
GWETTOP,2016,-1.0,36.875,0.55,0.48,0.43,0.5,0.52,0.49,0.45,0.32,0.24,0.26,0.53,0.52,0.44
GWETTOP,2016,-1.0,37.5,0.53,0.48,0.45,0.5,0.51,0.48,0.41,0.34,0.3,0.28,0.53,0.5,0.44
GWETTOP,2016,-1.0,38.125,0.44,0.35,0.35,0.49,0.45,0.35,0.31,0.28,0.24,0.24,0.53,0.45,0.37
GWETTOP,2016,-1.0,38.75,0.37,0.28,0.29,0.47,0.42,0.31,0.26,0.26,0.23,0.23,0.51,0.39,0.33
GWETTOP,2016,-1.0,39.375,0.28,0.23,0.24,0.42,0.43,0.33,0.28,0.29,0.22,0.21,0.42,0.28,0.3
GWETTOP,2016,-1.0,40.0,0.33,0.27,0.27,0.45,0.51,0.36,0.32,0.33,0.26,0.24,0.47,0.31,0.34
GWETTOP,2016,-1.0,40.625,0.28,0.25,0.25,0.39,0.54,0.45,0.39,0.38,0.28,0.25,0.42,0.27,0.35
GWETTOP,2016,-1.0,41.25,0.29,0.25,0.25,0.39,0.53,0.47,0.41,0.39,0.28,0.24,0.42,0.27,0.35
GWETTOP,2016,-1.0,41.875,0.27,0.23,0.23,0.33,0.49,0.42,0.38,0.36,0.27,0.23,0.35,0.25,0.32
GWETTOP,2016,-1.5,34.375,0.77,0.64,0.6,0.64,0.67,0.52,0.28,0.25,0.37,0.44,0.49,0.34,0.5
GWETTOP,2016,-1.5,35.0,0.77,0.68,0.58,0.67,0.7,0.57,0.43,0.31,0.4,0.45,0.47,0.34,0.53
GWETTOP,2016,-1.5,35.625,0.69,0.63,0.53,0.63,0.7,0.55,0.49,0.43,0.37,0.4,0.49,0.47,0.53
GWETTOP,2016,-1.5,36.25,0.49,0.44,0.41,0.46,0.49,0.42,0.37,0.28,0.26,0.26,0.39,0.33,0.38
GWETTOP,2016,-1.5,36.875,0.63,0.57,0.43,0.58,0.61,0.46,0.32,0.29,0.28,0.32,0.61,0.57,0.47
GWETTOP,2016,-1.5,37.5,0.54,0.47,0.39,0.5,0.5,0.46,0.33,0.3,0.28,0.29,0.51,0.5,0.42
GWETTOP,2016,-1.5,38.125,0.46,0.43,0.39,0.47,0.45,0.42,0.37,0.34,0.31,0.29,0.48,0.45,0.4
GWETTOP,2016,-1.5,38.75,0.4,0.31,0.3,0.48,0.44,0.33,0.28,0.28,0.25,0.24,0.5,0.4,0.35
GWETTOP,2016,-1.5,39.375,0.32,0.26,0.26,0.44,0.45,0.33,0.28,0.29,0.23,0.22,0.45,0.3,0.32
GWETTOP,2016,-1.5,40.0,0.33,0.28,0.29,0.47,0.56,0.44,0.37,0.37,0.29,0.26,0.48,0.29,0.37
GWETTOP,2016,-1.5,40.625,0.31,0.27,0.27,0.42,0.57,0.5,0.45,0.43,0.32,0.28,0.43,0.28,0.38
GWETTOP,2016,-1.5,41.25,0.31,0.25,0.24,0.39,0.56,0.49,0.46,0.42,0.3,0.23,0.42,0.28,0.36
GWETTOP,2016,-1.5,41.875,0.6,0.56,0.54,0.6,0.71,0.66,0.64,0.63,0.59,0.54,0.61,0.57,0.6
GWETTOP,2016,-1.7975103014118005e-13,34.375,0.78,0.62,0.55,0.69,0.78,0.68,0.58,0.53,0.52,0.55,0.6,0.48,0.61
GWETTOP,2016,-1.7975103014118005e-13,35.0,0.83,0.73,0.66,0.77,0.87,0.83,0.81,0.79,0.76,0.76,0.76,0.68,0.77
GWETTOP,2016,-1.7975103014118005e-13,35.625,0.74,0.67,0.62,0.68,0.74,0.71,0.72,0.71,0.68,0.65,0.66,0.6,0.68
GWETTOP,2016,-1.7975103014118005e-13,36.25,0.62,0.53,0.49,0.59,0.66,0.61,0.63,0.6,0.55,0.5,0.55,0.47,0.57
GWETTOP,2016,-1.7975103014118005e-13,36.875,0.58,0.51,0.49,0.54,0.62,0.56,0.54,0.53,0.49,0.45,0.52,0.48,0.53
GWETTOP,2016,-1.7975103014118005e-13,37.5,0.63,0.53,0.5,0.57,0.65,0.58,0.53,0.51,0.46,0.42,0.55,0.52,0.54
GWETTOP,2016,-1.7975103014118005e-13,38.125,0.46,0.39,0.35,0.42,0.46,0.37,0.32,0.28,0.23,0.22,0.47,0.43,0.37
GWETTOP,2016,-1.7975103014118005e-13,38.75,0.37,0.31,0.27,0.35,0.37,0.3,0.25,0.22,0.19,0.18,0.4,0.35,0.3
GWETTOP,2016,-1.7975103014118005e-13,39.375,0.31,0.23,0.2,0.3,0.34,0.29,0.23,0.22,0.17,0.16,0.35,0.3,0.26
GWETTOP,2016,-1.7975103014118005e-13,40.0,0.31,0.23,0.2,0.31,0.36,0.32,0.26,0.24,0.18,0.16,0.35,0.31,0.27
GWETTOP,2016,-1.7975103014118005e-13,40.625,0.25,0.19,0.18,0.32,0.42,0.35,0.29,0.27,0.19,0.16,0.39,0.31,0.28
GWETTOP,2016,-1.7975103014118005e-13,41.25,0.23,0.2,0.2,0.34,0.44,0.35,0.29,0.29,0.22,0.2,0.42,0.31,0.29
GWETTOP,2016,-1.7975103014118005e-13,41.875,0.24,0.2,0.21,0.36,0.52,0.43,0.36,0.33,0.24,0.2,0.43,0.32,0.32
GWETTOP,2016,-2.0,34.375,0.7,0.63,0.63,0.65,0.66,0.42,0.24,0.21,0.29,0.37,0.47,0.35,0.47
GWETTOP,2016,-2.0,35.0,0.73,0.67,0.59,0.65,0.66,0.54,0.32,0.25,0.32,0.36,0.48,0.39,0.5
GWETTOP,2016,-2.0,35.625,0.65,0.6,0.55,0.61,0.64,0.54,0.42,0.31,0.27,0.32,0.48,0.42,0.48
GWETTOP,2016,-2.0,36.25,0.44,0.42,0.37,0.44,0.43,0.36,0.27,0.19,0.18,0.21,0.35,0.27,0.33
GWETTOP,2016,-2.0,36.875,0.65,0.6,0.41,0.64,0.63,0.5,0.29,0.27,0.25,0.31,0.58,0.55,0.47
GWETTOP,2016,-2.0,37.5,0.58,0.51,0.39,0.54,0.54,0.46,0.28,0.27,0.25,0.28,0.52,0.51,0.43
GWETTOP,2016,-2.0,38.125,0.46,0.41,0.37,0.46,0.44,0.39,0.33,0.31,0.29,0.28,0.44,0.43,0.38
GWETTOP,2016,-2.0,38.75,0.42,0.33,0.32,0.52,0.47,0.35,0.3,0.31,0.28,0.27,0.51,0.41,0.37
GWETTOP,2016,-2.0,39.375,0.36,0.29,0.3,0.5,0.51,0.38,0.31,0.33,0.27,0.25,0.48,0.33,0.36
GWETTOP,2016,-2.0,40.0,0.33,0.28,0.28,0.46,0.52,0.42,0.36,0.35,0.27,0.24,0.44,0.29,0.35
GWETTOP,2016,-2.0,40.625,0.34,0.27,0.27,0.42,0.57,0.5,0.44,0.43,0.34,0.28,0.43,0.29,0.38
GWETTOP,2016,-2.0,41.25,0.42,0.36,0.34,0.44,0.57,0.51,0.47,0.47,0.44,0.37,0.44,0.38,0.43
GWETTOP,2016,-2.0,41.875,0.66,0.63,0.61,0.66,0.73,0.69,0.67,0.67,0.65,0.6,0.65,0.63,0.65
GWETTOP,2016,-2.5,34.375,0.63,0.57,0.59,0.6,0.6,0.44,0.22,0.15,0.23,0.26,0.47,0.38,0.43
GWETTOP,2016,-2.5,35.0,0.67,0.66,0.56,0.63,0.63,0.5,0.32,0.19,0.21,0.28,0.44,0.4,0.46
GWETTOP,2016,-2.5,35.625,0.58,0.6,0.51,0.62,0.59,0.49,0.31,0.19,0.16,0.25,0.41,0.34,0.42
GWETTOP,2016,-2.5,36.25,0.53,0.51,0.44,0.58,0.53,0.44,0.34,0.23,0.17,0.23,0.39,0.31,0.39
GWETTOP,2016,-2.5,36.875,0.68,0.64,0.49,0.66,0.64,0.54,0.29,0.25,0.22,0.29,0.53,0.56,0.48
GWETTOP,2016,-2.5,37.5,0.66,0.6,0.46,0.68,0.67,0.55,0.39,0.33,0.29,0.31,0.52,0.59,0.5
GWETTOP,2016,-2.5,38.125,0.54,0.48,0.39,0.55,0.52,0.44,0.34,0.31,0.27,0.26,0.47,0.52,0.42
GWETTOP,2016,-2.5,38.75,0.46,0.36,0.34,0.56,0.51,0.38,0.32,0.33,0.31,0.29,0.5,0.47,0.4
GWETTOP,2016,-2.5,39.375,0.44,0.36,0.36,0.6,0.63,0.49,0.4,0.4,0.34,0.31,0.52,0.46,0.44
GWETTOP,2016,-2.5,40.0,0.35,0.29,0.28,0.44,0.46,0.4,0.36,0.34,0.29,0.24,0.37,0.34,0.35
GWETTOP,2016,-2.5,40.625,0.48,0.43,0.41,0.53,0.61,0.56,0.52,0.51,0.48,0.42,0.5,0.45,0.49
GWETTOP,2016,-2.5,41.25,1.0,1.0,1.0,1.0,1.0,1.0,1.0,1.0,1.0,1.0,1.0,1.0,1.0
GWETTOP,2016,-2.5,41.875,1.0,1.0,1.0,1.0,1.0,1.0,1.0,1.0,1.0,1.0,1.0,1.0,1.0
GWETTOP,2016,-3.0,34.375,0.63,0.63,0.55,0.61,0.58,0.45,0.22,0.14,0.18,0.21,0.43,0.42,0.42
GWETTOP,2016,-3.0,35.0,0.66,0.7,0.56,0.72,0.69,0.52,0.39,0.2,0.19,0.28,0.39,0.45,0.48
GWETTOP,2016,-3.0,35.625,0.82,0.84,0.75,0.9,0.88,0.78,0.65,0.53,0.46,0.46,0.49,0.54,0.67
GWETTOP,2016,-3.0,36.25,0.68,0.68,0.57,0.77,0.7,0.59,0.43,0.25,0.19,0.3,0.45,0.42,0.5
GWETTOP,2016,-3.0,36.875,0.88,0.85,0.71,0.92,0.9,0.85,0.77,0.67,0.6,0.58,0.64,0.86,0.77
GWETTOP,2016,-3.0,37.5,0.75,0.71,0.58,0.78,0.8,0.71,0.62,0.53,0.47,0.42,0.49,0.62,0.62
GWETTOP,2016,-3.0,38.125,0.52,0.48,0.4,0.56,0.53,0.48,0.4,0.37,0.34,0.29,0.42,0.52,0.44
GWETTOP,2016,-3.0,38.75,0.45,0.37,0.34,0.58,0.49,0.39,0.33,0.34,0.32,0.29,0.44,0.51,0.4
GWETTOP,2016,-3.0,39.375,0.48,0.39,0.38,0.63,0.65,0.54,0.46,0.45,0.39,0.34,0.47,0.53,0.48
GWETTOP,2016,-3.0,40.0,0.37,0.33,0.3,0.45,0.46,0.4,0.37,0.36,0.32,0.26,0.34,0.37,0.36
GWETTOP,2016,-3.0,40.625,0.76,0.74,0.73,0.78,0.81,0.78,0.76,0.76,0.75,0.73,0.75,0.76,0.76
GWETTOP,2016,-3.0,41.25,1.0,1.0,1.0,1.0,1.0,1.0,1.0,1.0,1.0,1.0,1.0,1.0,1.0
GWETTOP,2016,-3.0,41.875,1.0,1.0,1.0,1.0,1.0,1.0,1.0,1.0,1.0,1.0,1.0,1.0,1.0
GWETTOP,2016,-3.5,34.375,0.65,0.64,0.51,0.62,0.55,0.4,0.19,0.14,0.15,0.19,0.42,0.44,0.41
GWETTOP,2016,-3.5,35.0,0.61,0.62,0.51,0.73,0.63,0.49,0.38,0.26,0.2,0.26,0.36,0.44,0.46
GWETTOP,2016,-3.5,35.625,0.58,0.55,0.51,0.73,0.65,0.54,0.49,0.44,0.32,0.32,0.4,0.44,0.5
GWETTOP,2016,-3.5,36.25,0.6,0.59,0.5,0.68,0.59,0.5,0.34,0.21,0.17,0.26,0.37,0.38,0.43
GWETTOP,2016,-3.5,36.875,0.64,0.62,0.5,0.74,0.73,0.58,0.47,0.4,0.25,0.28,0.4,0.47,0.51
GWETTOP,2016,-3.5,37.5,0.51,0.5,0.41,0.58,0.52,0.48,0.4,0.28,0.22,0.22,0.33,0.4,0.4
GWETTOP,2016,-3.5,38.125,0.45,0.39,0.35,0.58,0.5,0.45,0.39,0.38,0.35,0.28,0.4,0.49,0.42
GWETTOP,2016,-3.5,38.75,0.51,0.45,0.42,0.62,0.56,0.5,0.45,0.45,0.43,0.38,0.45,0.52,0.48
GWETTOP,2016,-3.5,39.375,0.5,0.41,0.4,0.65,0.67,0.59,0.52,0.51,0.43,0.36,0.46,0.53,0.5
GWETTOP,2016,-3.5,40.0,0.53,0.48,0.48,0.62,0.62,0.56,0.51,0.51,0.48,0.44,0.5,0.54,0.52
GWETTOP,2016,-3.5,40.625,0.92,0.91,0.91,0.93,0.94,0.93,0.92,0.92,0.92,0.91,0.92,0.92,0.92
GWETTOP,2016,-3.5,41.25,1.0,1.0,1.0,1.0,1.0,1.0,1.0,1.0,1.0,1.0,1.0,1.0,1.0
GWETTOP,2016,-3.5,41.875,1.0,1.0,1.0,1.0,1.0,1.0,1.0,1.0,1.0,1.0,1.0,1.0,1.0
GWETTOP,2016,-4.0,34.375,0.68,0.67,0.54,0.63,0.52,0.42,0.27,0.2,0.17,0.2,0.41,0.45,0.43
GWETTOP,2016,-4.0,35.0,0.65,0.64,0.58,0.76,0.64,0.55,0.46,0.37,0.3,0.32,0.39,0.47,0.51
GWETTOP,2016,-4.0,35.625,0.56,0.55,0.52,0.66,0.57,0.52,0.5,0.43,0.34,0.34,0.35,0.41,0.48
GWETTOP,2016,-4.0,36.25,0.54,0.52,0.47,0.63,0.52,0.47,0.37,0.27,0.21,0.25,0.31,0.35,0.41
GWETTOP,2016,-4.0,36.875,0.49,0.51,0.43,0.57,0.49,0.45,0.33,0.26,0.21,0.23,0.31,0.37,0.39
GWETTOP,2016,-4.0,37.5,0.5,0.5,0.38,0.6,0.52,0.47,0.38,0.33,0.28,0.26,0.36,0.45,0.42
GWETTOP,2016,-4.0,38.125,0.49,0.42,0.34,0.65,0.55,0.46,0.38,0.38,0.36,0.3,0.42,0.53,0.44
GWETTOP,2016,-4.0,38.75,0.45,0.38,0.35,0.65,0.55,0.49,0.41,0.44,0.41,0.32,0.43,0.5,0.45
GWETTOP,2016,-4.0,39.375,0.39,0.34,0.34,0.58,0.59,0.48,0.42,0.42,0.37,0.31,0.38,0.42,0.42
GWETTOP,2016,-4.0,40.0,0.52,0.5,0.5,0.62,0.59,0.54,0.51,0.52,0.5,0.48,0.51,0.53,0.53
GWETTOP,2016,-4.0,40.625,1.0,1.0,1.0,1.0,1.0,1.0,1.0,1.0,1.0,1.0,1.0,1.0,1.0
GWETTOP,2016,-4.0,41.25,1.0,1.0,1.0,1.0,1.0,1.0,1.0,1.0,1.0,1.0,1.0,1.0,1.0
GWETTOP,2016,-4.0,41.875,1.0,1.0,1.0,1.0,1.0,1.0,1.0,1.0,1.0,1.0,1.0,1.0,1.0
GWETTOP,2016,-4.5,34.375,0.61,0.58,0.51,0.57,0.46,0.41,0.37,0.33,0.28,0.25,0.36,0.39,0.43
GWETTOP,2016,-4.5,35.0,0.62,0.59,0.54,0.71,0.56,0.49,0.44,0.39,0.35,0.35,0.37,0.41,0.48
GWETTOP,2016,-4.5,35.625,0.5,0.47,0.43,0.57,0.45,0.42,0.4,0.35,0.29,0.28,0.27,0.33,0.4
GWETTOP,2016,-4.5,36.25,0.54,0.51,0.46,0.63,0.51,0.45,0.4,0.34,0.29,0.29,0.31,0.36,0.42
GWETTOP,2016,-4.5,36.875,0.48,0.5,0.41,0.58,0.49,0.45,0.38,0.34,0.29,0.26,0.33,0.42,0.41
GWETTOP,2016,-4.5,37.5,0.49,0.5,0.4,0.6,0.51,0.48,0.42,0.39,0.33,0.31,0.36,0.45,0.44
GWETTOP,2016,-4.5,38.125,0.61,0.56,0.46,0.72,0.67,0.64,0.56,0.54,0.49,0.41,0.49,0.61,0.56
GWETTOP,2016,-4.5,38.75,0.56,0.48,0.43,0.68,0.64,0.6,0.5,0.49,0.46,0.4,0.47,0.57,0.52
GWETTOP,2016,-4.5,39.375,0.4,0.38,0.37,0.54,0.5,0.44,0.4,0.4,0.38,0.34,0.37,0.39,0.41
GWETTOP,2016,-4.5,40.0,0.95,0.95,0.95,0.96,0.96,0.95,0.95,0.95,0.95,0.95,0.95,0.95,0.95
GWETTOP,2016,-4.5,40.625,1.0,1.0,1.0,1.0,1.0,1.0,1.0,1.0,1.0,1.0,1.0,1.0,1.0
GWETTOP,2016,-4.5,41.25,1.0,1.0,1.0,1.0,1.0,1.0,1.0,1.0,1.0,1.0,1.0,1.0,1.0
GWETTOP,2016,-4.5,41.875,1.0,1.0,1.0,1.0,1.0,1.0,1.0,1.0,1.0,1.0,1.0,1.0,1.0
GWETTOP,2016,0.5,34.375,0.68,0.58,0.53,0.63,0.68,0.62,0.62,0.58,0.6,0.6,0.55,0.44,0.59
GWETTOP,2016,0.5,35.0,0.76,0.67,0.59,0.7,0.8,0.79,0.83,0.85,0.83,0.81,0.77,0.69,0.76
GWETTOP,2016,0.5,35.625,0.61,0.5,0.47,0.62,0.73,0.69,0.72,0.7,0.64,0.57,0.56,0.47,0.61
GWETTOP,2016,0.5,36.25,0.47,0.4,0.37,0.47,0.55,0.5,0.54,0.5,0.44,0.36,0.43,0.37,0.45
GWETTOP,2016,0.5,36.875,0.57,0.46,0.45,0.51,0.57,0.5,0.51,0.46,0.38,0.32,0.5,0.49,0.48
GWETTOP,2016,0.5,37.5,0.47,0.4,0.37,0.41,0.46,0.41,0.38,0.33,0.26,0.23,0.41,0.39,0.38
GWETTOP,2016,0.5,38.125,0.4,0.35,0.3,0.35,0.39,0.34,0.28,0.21,0.18,0.17,0.4,0.37,0.31
GWETTOP,2016,0.5,38.75,0.37,0.32,0.25,0.31,0.35,0.29,0.21,0.17,0.15,0.14,0.37,0.34,0.27
GWETTOP,2016,0.5,39.375,0.33,0.22,0.19,0.31,0.35,0.27,0.2,0.19,0.16,0.15,0.37,0.34,0.26
GWETTOP,2016,0.5,40.0,0.29,0.18,0.17,0.3,0.36,0.3,0.21,0.2,0.15,0.14,0.37,0.34,0.25
GWETTOP,2016,0.5,40.625,0.23,0.16,0.16,0.3,0.38,0.32,0.24,0.22,0.15,0.13,0.38,0.35,0.25
GWETTOP,2016,0.5,41.25,0.23,0.2,0.19,0.32,0.39,0.32,0.27,0.25,0.19,0.16,0.4,0.34,0.27
GWETTOP,2016,0.5,41.875,0.23,0.2,0.2,0.34,0.46,0.36,0.3,0.28,0.21,0.18,0.41,0.35,0.29
GWETTOP,2016,1.0,34.375,0.75,0.66,0.61,0.71,0.75,0.71,0.7,0.67,0.65,0.64,0.62,0.53,0.67
GWETTOP,2016,1.0,35.0,0.69,0.58,0.53,0.67,0.82,0.8,0.87,0.87,0.83,0.79,0.73,0.63,0.73
GWETTOP,2016,1.0,35.625,0.37,0.26,0.23,0.33,0.41,0.4,0.43,0.4,0.37,0.25,0.29,0.23,0.33
GWETTOP,2016,1.0,36.25,0.38,0.31,0.28,0.38,0.5,0.42,0.47,0.42,0.36,0.28,0.34,0.29,0.37
GWETTOP,2016,1.0,36.875,0.4,0.35,0.34,0.35,0.37,0.36,0.37,0.35,0.32,0.21,0.34,0.34,0.34
GWETTOP,2016,1.0,37.5,0.4,0.35,0.32,0.35,0.38,0.35,0.3,0.25,0.18,0.17,0.38,0.36,0.32
GWETTOP,2016,1.0,38.125,0.35,0.29,0.25,0.31,0.33,0.26,0.2,0.16,0.13,0.13,0.36,0.34,0.26
GWETTOP,2016,1.0,38.75,0.33,0.25,0.21,0.3,0.32,0.23,0.18,0.16,0.13,0.13,0.36,0.32,0.24
GWETTOP,2016,1.0,39.375,0.31,0.19,0.19,0.31,0.35,0.23,0.19,0.19,0.15,0.14,0.38,0.34,0.25
GWETTOP,2016,1.0,40.0,0.27,0.16,0.17,0.31,0.36,0.3,0.2,0.2,0.15,0.13,0.36,0.35,0.25
GWETTOP,2016,1.0,40.625,0.23,0.15,0.17,0.3,0.39,0.32,0.22,0.21,0.14,0.13,0.39,0.38,0.25
GWETTOP,2016,1.0,41.25,0.23,0.18,0.19,0.33,0.44,0.34,0.25,0.24,0.17,0.14,0.43,0.42,0.28
GWETTOP,2016,1.0,41.875,0.21,0.17,0.18,0.32,0.45,0.36,0.27,0.25,0.17,0.14,0.38,0.36,0.27
GWETTOP,2016,1.5,34.375,0.51,0.39,0.4,0.59,0.64,0.6,0.62,0.61,0.57,0.58,0.53,0.43,0.54
GWETTOP,2016,1.5,35.0,0.46,0.37,0.35,0.51,0.69,0.6,0.67,0.67,0.57,0.53,0.49,0.4,0.53
GWETTOP,2016,1.5,35.625,0.34,0.24,0.23,0.35,0.4,0.37,0.38,0.36,0.29,0.22,0.29,0.23,0.31
GWETTOP,2016,1.5,36.25,0.31,0.2,0.22,0.31,0.37,0.32,0.36,0.31,0.23,0.19,0.27,0.22,0.28
GWETTOP,2016,1.5,36.875,0.35,0.31,0.26,0.31,0.34,0.3,0.26,0.21,0.16,0.15,0.33,0.34,0.28
GWETTOP,2016,1.5,37.5,0.34,0.26,0.24,0.3,0.33,0.26,0.23,0.19,0.15,0.15,0.33,0.33,0.26
GWETTOP,2016,1.5,38.125,0.31,0.24,0.23,0.31,0.3,0.22,0.19,0.16,0.13,0.13,0.36,0.33,0.24
GWETTOP,2016,1.5,38.75,0.32,0.24,0.25,0.37,0.34,0.23,0.21,0.19,0.16,0.16,0.43,0.38,0.27
GWETTOP,2016,1.5,39.375,0.3,0.19,0.25,0.34,0.35,0.27,0.2,0.2,0.15,0.14,0.38,0.39,0.26
GWETTOP,2016,1.5,40.0,0.29,0.18,0.23,0.34,0.37,0.26,0.2,0.2,0.15,0.14,0.39,0.39,0.26
GWETTOP,2016,1.5,40.625,0.25,0.18,0.28,0.35,0.46,0.33,0.24,0.23,0.16,0.14,0.44,0.48,0.3
GWETTOP,2016,1.5,41.25,0.23,0.15,0.19,0.29,0.4,0.33,0.26,0.21,0.14,0.13,0.37,0.37,0.26
GWETTOP,2016,1.5,41.875,0.2,0.15,0.18,0.34,0.49,0.38,0.26,0.25,0.16,0.14,0.39,0.38,0.28
GWETTOP,2016,2.0,34.375,0.39,0.27,0.31,0.5,0.57,0.53,0.54,0.56,0.5,0.5,0.46,0.34,0.46
GWETTOP,2016,2.0,35.0,0.36,0.23,0.26,0.44,0.56,0.48,0.49,0.5,0.42,0.38,0.38,0.28,0.4
GWETTOP,2016,2.0,35.625,0.25,0.16,0.2,0.3,0.35,0.3,0.31,0.3,0.16,0.18,0.23,0.17,0.24
GWETTOP,2016,2.0,36.25,0.25,0.17,0.2,0.27,0.32,0.25,0.27,0.24,0.14,0.15,0.23,0.19,0.22
GWETTOP,2016,2.0,36.875,0.34,0.27,0.26,0.32,0.32,0.26,0.25,0.21,0.17,0.17,0.33,0.32,0.27
GWETTOP,2016,2.0,37.5,0.32,0.24,0.24,0.31,0.32,0.23,0.21,0.17,0.15,0.15,0.32,0.32,0.25
GWETTOP,2016,2.0,38.125,0.33,0.25,0.26,0.35,0.33,0.23,0.19,0.17,0.15,0.15,0.39,0.39,0.27
GWETTOP,2016,2.0,38.75,0.32,0.25,0.25,0.35,0.34,0.24,0.2,0.18,0.15,0.16,0.39,0.37,0.27
GWETTOP,2016,2.0,39.375,0.31,0.19,0.26,0.34,0.36,0.29,0.21,0.2,0.15,0.16,0.38,0.43,0.27
GWETTOP,2016,2.0,40.0,0.31,0.2,0.27,0.37,0.41,0.31,0.22,0.21,0.16,0.17,0.41,0.46,0.29
GWETTOP,2016,2.0,40.625,0.24,0.22,0.35,0.46,0.62,0.39,0.29,0.3,0.21,0.19,0.56,0.63,0.37
GWETTOP,2016,2.0,41.25,0.24,0.19,0.31,0.36,0.48,0.35,0.28,0.24,0.17,0.15,0.44,0.5,0.31
GWETTOP,2016,2.0,41.875,0.23,0.2,0.27,0.45,0.63,0.43,0.29,0.3,0.2,0.17,0.49,0.47,0.34
GWETTOP,2016,2.5,34.375,0.31,0.23,0.26,0.42,0.57,0.47,0.49,0.52,0.44,0.44,0.38,0.3,0.4
GWETTOP,2016,2.5,35.0,0.3,0.19,0.25,0.39,0.53,0.44,0.44,0.45,0.37,0.33,0.32,0.24,0.35
GWETTOP,2016,2.5,35.625,0.19,0.14,0.2,0.28,0.36,0.31,0.27,0.28,0.14,0.17,0.21,0.17,0.23
GWETTOP,2016,2.5,36.25,0.19,0.17,0.19,0.26,0.3,0.23,0.22,0.21,0.13,0.14,0.2,0.17,0.2
GWETTOP,2016,2.5,36.875,0.26,0.22,0.22,0.3,0.28,0.22,0.22,0.18,0.16,0.16,0.28,0.26,0.23
GWETTOP,2016,2.5,37.5,0.26,0.21,0.21,0.3,0.28,0.2,0.19,0.16,0.14,0.16,0.3,0.29,0.22
GWETTOP,2016,2.5,38.125,0.33,0.22,0.24,0.34,0.32,0.2,0.17,0.17,0.15,0.17,0.36,0.36,0.25
GWETTOP,2016,2.5,38.75,0.31,0.21,0.23,0.34,0.32,0.21,0.17,0.17,0.15,0.17,0.36,0.36,0.25
GWETTOP,2016,2.5,39.375,0.32,0.2,0.24,0.35,0.36,0.28,0.2,0.2,0.16,0.18,0.37,0.39,0.27
GWETTOP,2016,2.5,40.0,0.33,0.21,0.26,0.38,0.41,0.32,0.23,0.23,0.18,0.19,0.4,0.45,0.3
GWETTOP,2016,2.5,40.625,0.29,0.23,0.31,0.44,0.54,0.36,0.27,0.28,0.22,0.21,0.47,0.53,0.35
GWETTOP,2016,2.5,41.25,0.21,0.18,0.2,0.31,0.34,0.24,0.21,0.2,0.17,0.17,0.32,0.3,0.24
GWETTOP,2016,2.5,41.875,0.23,0.19,0.21,0.35,0.43,0.32,0.26,0.24,0.2,0.19,0.33,0.28,0.27
GWETTOP,2016,3.0,34.375,0.38,0.23,0.24,0.44,0.64,0.54,0.54,0.55,0.51,0.53,0.45,0.3,0.45
GWETTOP,2016,3.0,35.0,0.3,0.17,0.21,0.35,0.47,0.38,0.38,0.38,0.27,0.29,0.26,0.17,0.3
GWETTOP,2016,3.0,35.625,0.16,0.15,0.18,0.25,0.29,0.23,0.2,0.18,0.12,0.14,0.16,0.16,0.19
GWETTOP,2016,3.0,36.25,0.16,0.14,0.18,0.26,0.29,0.22,0.19,0.18,0.13,0.14,0.17,0.17,0.19
GWETTOP,2016,3.0,36.875,0.15,0.16,0.18,0.27,0.25,0.2,0.18,0.14,0.13,0.15,0.2,0.21,0.18
GWETTOP,2016,3.0,37.5,0.17,0.14,0.17,0.27,0.21,0.15,0.16,0.14,0.12,0.15,0.25,0.23,0.18
GWETTOP,2016,3.0,38.125,0.26,0.16,0.21,0.32,0.28,0.16,0.16,0.17,0.15,0.18,0.32,0.33,0.23
GWETTOP,2016,3.0,38.75,0.26,0.17,0.23,0.37,0.32,0.2,0.18,0.2,0.17,0.21,0.37,0.36,0.25
GWETTOP,2016,3.0,39.375,0.29,0.17,0.23,0.35,0.35,0.27,0.2,0.21,0.17,0.2,0.34,0.34,0.26
GWETTOP,2016,3.0,40.0,0.31,0.19,0.25,0.38,0.4,0.32,0.23,0.24,0.19,0.22,0.37,0.39,0.29
GWETTOP,2016,3.0,40.625,0.27,0.21,0.26,0.39,0.43,0.3,0.24,0.25,0.21,0.22,0.38,0.4,0.3
GWETTOP,2016,3.0,41.25,0.22,0.18,0.22,0.34,0.35,0.26,0.22,0.22,0.19,0.19,0.32,0.28,0.25
GWETTOP,2016,3.0,41.875,0.26,0.18,0.2,0.34,0.38,0.3,0.27,0.23,0.18,0.2,0.3,0.27,0.26
GWETTOP,2016,3.5,34.375,0.38,0.26,0.24,0.38,0.58,0.46,0.51,0.52,0.43,0.44,0.38,0.29,0.41
GWETTOP,2016,3.5,35.0,0.36,0.22,0.25,0.38,0.43,0.37,0.37,0.36,0.25,0.29,0.27,0.17,0.31
GWETTOP,2016,3.5,35.625,0.19,0.13,0.23,0.33,0.34,0.27,0.22,0.18,0.13,0.18,0.19,0.18,0.21
GWETTOP,2016,3.5,36.25,0.17,0.13,0.22,0.34,0.32,0.25,0.21,0.17,0.13,0.18,0.2,0.21,0.21
GWETTOP,2016,3.5,36.875,0.19,0.15,0.21,0.32,0.3,0.22,0.18,0.17,0.17,0.19,0.26,0.32,0.22
GWETTOP,2016,3.5,37.5,0.2,0.16,0.23,0.36,0.32,0.25,0.21,0.18,0.18,0.21,0.29,0.33,0.24
GWETTOP,2016,3.5,38.125,0.26,0.15,0.23,0.35,0.35,0.28,0.2,0.21,0.18,0.22,0.33,0.35,0.26
GWETTOP,2016,3.5,38.75,0.25,0.16,0.24,0.38,0.37,0.31,0.26,0.26,0.21,0.26,0.35,0.33,0.28
GWETTOP,2016,3.5,39.375,0.29,0.17,0.27,0.42,0.43,0.35,0.3,0.3,0.23,0.29,0.38,0.37,0.32
GWETTOP,2016,3.5,40.0,0.29,0.17,0.27,0.42,0.43,0.34,0.26,0.25,0.2,0.26,0.37,0.38,0.3
GWETTOP,2016,3.5,40.625,0.27,0.2,0.32,0.52,0.56,0.36,0.27,0.29,0.24,0.3,0.46,0.47,0.36
GWETTOP,2016,3.5,41.25,0.22,0.19,0.24,0.39,0.39,0.28,0.23,0.23,0.2,0.24,0.33,0.31,0.27
GWETTOP,2016,3.5,41.875,0.2,0.15,0.17,0.34,0.35,0.25,0.2,0.18,0.15,0.18,0.25,0.21,0.22
GWETTOP,2016,4.0,34.375,0.51,0.31,0.31,0.51,0.56,0.51,0.55,0.55,0.44,0.49,0.41,0.27,0.45
GWETTOP,2016,4.0,35.0,0.43,0.23,0.34,0.53,0.53,0.44,0.42,0.39,0.23,0.35,0.33,0.2,0.37
GWETTOP,2016,4.0,35.625,0.31,0.18,0.31,0.43,0.46,0.37,0.3,0.24,0.16,0.25,0.24,0.21,0.29
GWETTOP,2016,4.0,36.25,0.21,0.14,0.29,0.4,0.4,0.33,0.27,0.18,0.15,0.23,0.22,0.22,0.25
GWETTOP,2016,4.0,36.875,0.2,0.14,0.26,0.37,0.37,0.32,0.25,0.17,0.16,0.23,0.24,0.32,0.25
GWETTOP,2016,4.0,37.5,0.21,0.16,0.27,0.4,0.4,0.34,0.26,0.21,0.2,0.26,0.28,0.34,0.28
GWETTOP,2016,4.0,38.125,0.33,0.24,0.3,0.48,0.49,0.41,0.34,0.35,0.3,0.35,0.4,0.39,0.37
GWETTOP,2016,4.0,38.75,0.35,0.26,0.38,0.61,0.64,0.55,0.36,0.41,0.34,0.42,0.51,0.53,0.45
GWETTOP,2016,4.0,39.375,0.33,0.23,0.35,0.61,0.63,0.48,0.31,0.35,0.29,0.41,0.52,0.51,0.42
GWETTOP,2016,4.0,40.0,0.25,0.17,0.29,0.49,0.51,0.41,0.28,0.3,0.24,0.33,0.41,0.4,0.34
GWETTOP,2016,4.0,40.625,0.29,0.19,0.33,0.54,0.58,0.4,0.3,0.31,0.24,0.35,0.45,0.48,0.37
GWETTOP,2016,4.0,41.25,0.26,0.16,0.24,0.41,0.42,0.33,0.25,0.2,0.16,0.26,0.33,0.34,0.28
GWETTOP,2016,4.0,41.875,0.27,0.16,0.2,0.4,0.44,0.32,0.26,0.18,0.14,0.21,0.27,0.26,0.26
GWETTOP,2016,4.5,34.375,0.41,0.26,0.38,0.67,0.61,0.52,0.55,0.55,0.36,0.51,0.41,0.24,0.46
GWETTOP,2016,4.5,35.0,0.45,0.25,0.42,0.67,0.63,0.5,0.44,0.41,0.24,0.39,0.36,0.21,0.41
GWETTOP,2016,4.5,35.625,0.36,0.23,0.35,0.57,0.57,0.42,0.36,0.29,0.17,0.29,0.27,0.2,0.34
GWETTOP,2016,4.5,36.25,0.24,0.15,0.33,0.48,0.52,0.39,0.33,0.23,0.18,0.29,0.24,0.21,0.3
GWETTOP,2016,4.5,36.875,0.2,0.15,0.31,0.42,0.47,0.4,0.36,0.27,0.21,0.3,0.25,0.29,0.3
GWETTOP,2016,4.5,37.5,0.27,0.21,0.41,0.57,0.6,0.51,0.39,0.32,0.29,0.42,0.36,0.41,0.4
GWETTOP,2016,4.5,38.125,0.41,0.28,0.45,0.63,0.68,0.59,0.44,0.4,0.36,0.49,0.49,0.5,0.48
GWETTOP,2016,4.5,38.75,0.39,0.27,0.41,0.6,0.65,0.55,0.39,0.38,0.34,0.45,0.48,0.47,0.45
GWETTOP,2016,4.5,39.375,0.31,0.19,0.31,0.53,0.57,0.47,0.34,0.33,0.27,0.41,0.43,0.42,0.38
GWETTOP,2016,4.5,40.0,0.28,0.17,0.27,0.46,0.53,0.42,0.32,0.29,0.24,0.37,0.38,0.36,0.34
GWETTOP,2016,4.5,40.625,0.27,0.16,0.28,0.44,0.47,0.38,0.29,0.27,0.22,0.34,0.36,0.38,0.32
GWETTOP,2016,4.5,41.25,0.31,0.17,0.27,0.42,0.46,0.36,0.33,0.26,0.2,0.3,0.34,0.35,0.31
GWETTOP,2016,4.5,41.875,0.26,0.14,0.21,0.44,0.48,0.35,0.25,0.19,0.14,0.23,0.29,0.27,0.27
GWETTOP,2017,-0.5,34.375,0.24,0.42,0.6,0.73,0.89,0.8,0.64,0.53,0.56,0.57,0.78,0.67,0.62
GWETTOP,2017,-0.5,35.0,0.41,0.47,0.55,0.66,0.79,0.76,0.71,0.66,0.69,0.72,0.85,0.79,0.67
GWETTOP,2017,-0.5,35.625,0.41,0.41,0.39,0.48,0.55,0.47,0.53,0.54,0.59,0.58,0.63,0.56,0.51
GWETTOP,2017,-0.5,36.25,0.41,0.41,0.38,0.47,0.54,0.46,0.51,0.51,0.56,0.55,0.62,0.54,0.5
GWETTOP,2017,-0.5,36.875,0.42,0.42,0.38,0.49,0.58,0.51,0.5,0.52,0.53,0.57,0.64,0.57,0.51
GWETTOP,2017,-0.5,37.5,0.44,0.44,0.37,0.49,0.56,0.5,0.5,0.5,0.5,0.53,0.62,0.53,0.5
GWETTOP,2017,-0.5,38.125,0.32,0.36,0.27,0.4,0.44,0.3,0.28,0.29,0.3,0.38,0.54,0.4,0.36
GWETTOP,2017,-0.5,38.75,0.25,0.3,0.22,0.36,0.41,0.27,0.25,0.27,0.28,0.34,0.49,0.33,0.31
GWETTOP,2017,-0.5,39.375,0.19,0.23,0.17,0.33,0.44,0.36,0.27,0.29,0.26,0.28,0.44,0.26,0.29
GWETTOP,2017,-0.5,40.0,0.2,0.24,0.18,0.35,0.49,0.42,0.32,0.32,0.29,0.3,0.48,0.28,0.32
GWETTOP,2017,-0.5,40.625,0.2,0.23,0.18,0.38,0.57,0.54,0.45,0.41,0.34,0.31,0.44,0.26,0.36
GWETTOP,2017,-0.5,41.25,0.2,0.23,0.19,0.39,0.58,0.55,0.45,0.42,0.35,0.32,0.45,0.26,0.37
GWETTOP,2017,-0.5,41.875,0.19,0.22,0.18,0.38,0.59,0.61,0.52,0.48,0.4,0.32,0.42,0.25,0.38
GWETTOP,2017,-1.0,34.375,0.25,0.38,0.56,0.62,0.68,0.61,0.51,0.47,0.5,0.51,0.65,0.64,0.53
GWETTOP,2017,-1.0,35.0,0.4,0.43,0.52,0.57,0.63,0.61,0.58,0.55,0.59,0.6,0.69,0.66,0.57
GWETTOP,2017,-1.0,35.625,0.32,0.32,0.31,0.44,0.5,0.47,0.51,0.49,0.53,0.52,0.57,0.5,0.46
GWETTOP,2017,-1.0,36.25,0.33,0.32,0.28,0.35,0.44,0.38,0.41,0.41,0.45,0.43,0.47,0.38,0.39
GWETTOP,2017,-1.0,36.875,0.43,0.37,0.3,0.43,0.52,0.46,0.39,0.34,0.38,0.41,0.53,0.48,0.42
GWETTOP,2017,-1.0,37.5,0.41,0.39,0.33,0.44,0.51,0.44,0.41,0.38,0.39,0.41,0.52,0.46,0.42
GWETTOP,2017,-1.0,38.125,0.31,0.37,0.28,0.42,0.48,0.34,0.31,0.31,0.32,0.39,0.54,0.4,0.37
GWETTOP,2017,-1.0,38.75,0.24,0.32,0.24,0.4,0.47,0.3,0.27,0.29,0.3,0.37,0.53,0.33,0.34
GWETTOP,2017,-1.0,39.375,0.19,0.24,0.18,0.39,0.54,0.41,0.28,0.32,0.28,0.3,0.49,0.24,0.32
GWETTOP,2017,-1.0,40.0,0.22,0.27,0.2,0.42,0.59,0.45,0.32,0.36,0.32,0.33,0.55,0.28,0.36
GWETTOP,2017,-1.0,40.625,0.21,0.23,0.19,0.41,0.6,0.58,0.47,0.45,0.38,0.33,0.45,0.27,0.38
GWETTOP,2017,-1.0,41.25,0.2,0.22,0.18,0.4,0.59,0.58,0.49,0.47,0.4,0.33,0.44,0.27,0.38
GWETTOP,2017,-1.0,41.875,0.2,0.21,0.18,0.35,0.54,0.56,0.46,0.43,0.38,0.31,0.37,0.25,0.35
GWETTOP,2017,-1.5,34.375,0.24,0.47,0.71,0.66,0.66,0.56,0.37,0.32,0.54,0.49,0.62,0.66,0.52
GWETTOP,2017,-1.5,35.0,0.3,0.49,0.59,0.57,0.6,0.55,0.47,0.4,0.52,0.51,0.58,0.57,0.51
GWETTOP,2017,-1.5,35.625,0.33,0.45,0.43,0.49,0.58,0.51,0.49,0.48,0.47,0.47,0.55,0.5,0.48
GWETTOP,2017,-1.5,36.25,0.2,0.26,0.25,0.33,0.45,0.39,0.36,0.33,0.34,0.33,0.41,0.32,0.33
GWETTOP,2017,-1.5,36.875,0.29,0.34,0.31,0.46,0.64,0.44,0.34,0.34,0.36,0.4,0.61,0.43,0.41
GWETTOP,2017,-1.5,37.5,0.36,0.34,0.29,0.45,0.54,0.46,0.37,0.35,0.36,0.39,0.52,0.47,0.41
GWETTOP,2017,-1.5,38.125,0.39,0.39,0.34,0.42,0.48,0.42,0.39,0.36,0.37,0.39,0.49,0.45,0.41
GWETTOP,2017,-1.5,38.75,0.26,0.33,0.26,0.42,0.5,0.34,0.29,0.33,0.32,0.36,0.55,0.39,0.36
GWETTOP,2017,-1.5,39.375,0.21,0.26,0.2,0.4,0.52,0.38,0.28,0.33,0.3,0.31,0.54,0.31,0.34
GWETTOP,2017,-1.5,40.0,0.22,0.25,0.2,0.48,0.65,0.58,0.41,0.44,0.36,0.34,0.56,0.31,0.4
GWETTOP,2017,-1.5,40.625,0.22,0.23,0.2,0.43,0.63,0.62,0.52,0.5,0.44,0.38,0.47,0.3,0.41
GWETTOP,2017,-1.5,41.25,0.2,0.2,0.17,0.41,0.62,0.62,0.52,0.49,0.43,0.33,0.45,0.29,0.39
GWETTOP,2017,-1.5,41.875,0.52,0.53,0.51,0.62,0.74,0.76,0.69,0.66,0.63,0.61,0.63,0.58,0.62
GWETTOP,2017,-1.7975103014118005e-13,34.375,0.34,0.48,0.52,0.61,0.79,0.72,0.63,0.56,0.62,0.63,0.76,0.64,0.61
GWETTOP,2017,-1.7975103014118005e-13,35.0,0.5,0.58,0.6,0.66,0.8,0.77,0.77,0.79,0.85,0.86,0.9,0.82,0.74
GWETTOP,2017,-1.7975103014118005e-13,35.625,0.52,0.51,0.48,0.55,0.66,0.61,0.65,0.67,0.72,0.72,0.78,0.74,0.63
GWETTOP,2017,-1.7975103014118005e-13,36.25,0.4,0.42,0.39,0.49,0.61,0.53,0.58,0.59,0.63,0.61,0.67,0.59,0.54
GWETTOP,2017,-1.7975103014118005e-13,36.875,0.43,0.41,0.35,0.43,0.54,0.48,0.49,0.5,0.53,0.55,0.62,0.56,0.49
GWETTOP,2017,-1.7975103014118005e-13,37.5,0.43,0.42,0.39,0.48,0.6,0.52,0.5,0.52,0.55,0.57,0.69,0.62,0.52
GWETTOP,2017,-1.7975103014118005e-13,38.125,0.34,0.34,0.27,0.36,0.41,0.31,0.27,0.27,0.3,0.34,0.51,0.42,0.34
GWETTOP,2017,-1.7975103014118005e-13,38.75,0.26,0.27,0.2,0.3,0.36,0.27,0.22,0.22,0.24,0.28,0.43,0.34,0.28
GWETTOP,2017,-1.7975103014118005e-13,39.375,0.2,0.22,0.15,0.28,0.37,0.31,0.24,0.23,0.23,0.25,0.43,0.31,0.27
GWETTOP,2017,-1.7975103014118005e-13,40.0,0.2,0.21,0.15,0.29,0.4,0.36,0.31,0.27,0.25,0.25,0.44,0.33,0.29
GWETTOP,2017,-1.7975103014118005e-13,40.625,0.2,0.22,0.15,0.33,0.48,0.45,0.38,0.34,0.28,0.26,0.43,0.29,0.32
GWETTOP,2017,-1.7975103014118005e-13,41.25,0.2,0.24,0.18,0.36,0.51,0.47,0.38,0.35,0.3,0.29,0.44,0.26,0.33
GWETTOP,2017,-1.7975103014118005e-13,41.875,0.2,0.24,0.18,0.37,0.56,0.54,0.46,0.42,0.33,0.3,0.46,0.27,0.36
GWETTOP,2017,-2.0,34.375,0.26,0.51,0.73,0.65,0.62,0.4,0.27,0.27,0.45,0.49,0.61,0.65,0.49
GWETTOP,2017,-2.0,35.0,0.32,0.55,0.64,0.59,0.62,0.51,0.36,0.36,0.44,0.49,0.6,0.58,0.5
GWETTOP,2017,-2.0,35.625,0.32,0.46,0.45,0.48,0.64,0.54,0.41,0.41,0.38,0.43,0.56,0.52,0.47
GWETTOP,2017,-2.0,36.25,0.19,0.27,0.27,0.32,0.45,0.36,0.28,0.25,0.24,0.28,0.39,0.31,0.3
GWETTOP,2017,-2.0,36.875,0.28,0.34,0.31,0.53,0.68,0.56,0.33,0.35,0.35,0.42,0.62,0.53,0.44
GWETTOP,2017,-2.0,37.5,0.32,0.33,0.28,0.5,0.6,0.5,0.35,0.34,0.34,0.38,0.55,0.5,0.42
GWETTOP,2017,-2.0,38.125,0.35,0.35,0.31,0.43,0.48,0.41,0.37,0.34,0.34,0.35,0.49,0.45,0.39
GWETTOP,2017,-2.0,38.75,0.27,0.32,0.27,0.47,0.55,0.38,0.32,0.35,0.35,0.37,0.58,0.45,0.39
GWETTOP,2017,-2.0,39.375,0.23,0.28,0.23,0.46,0.58,0.46,0.33,0.38,0.33,0.33,0.57,0.38,0.38
GWETTOP,2017,-2.0,40.0,0.21,0.24,0.19,0.44,0.6,0.52,0.4,0.42,0.35,0.32,0.5,0.32,0.38
GWETTOP,2017,-2.0,40.625,0.21,0.23,0.18,0.44,0.64,0.64,0.53,0.5,0.44,0.39,0.46,0.33,0.42
GWETTOP,2017,-2.0,41.25,0.31,0.31,0.28,0.46,0.64,0.65,0.56,0.51,0.46,0.45,0.46,0.4,0.46
GWETTOP,2017,-2.0,41.875,0.59,0.59,0.58,0.67,0.78,0.77,0.7,0.69,0.67,0.66,0.67,0.65,0.67
GWETTOP,2017,-2.5,34.375,0.3,0.49,0.59,0.55,0.53,0.39,0.21,0.26,0.27,0.42,0.58,0.6,0.43
GWETTOP,2017,-2.5,35.0,0.31,0.5,0.55,0.52,0.58,0.46,0.32,0.31,0.3,0.42,0.57,0.58,0.45
GWETTOP,2017,-2.5,35.625,0.28,0.4,0.39,0.42,0.61,0.5,0.33,0.29,0.27,0.34,0.54,0.54,0.41
GWETTOP,2017,-2.5,36.25,0.25,0.34,0.33,0.41,0.54,0.44,0.34,0.3,0.25,0.3,0.51,0.48,0.37
GWETTOP,2017,-2.5,36.875,0.33,0.38,0.32,0.56,0.68,0.58,0.32,0.37,0.32,0.37,0.63,0.64,0.46
GWETTOP,2017,-2.5,37.5,0.44,0.46,0.37,0.57,0.75,0.61,0.44,0.49,0.4,0.42,0.7,0.7,0.53
GWETTOP,2017,-2.5,38.125,0.38,0.39,0.31,0.51,0.59,0.5,0.41,0.38,0.36,0.37,0.61,0.58,0.45
GWETTOP,2017,-2.5,38.75,0.29,0.35,0.3,0.52,0.61,0.44,0.35,0.38,0.37,0.38,0.62,0.54,0.43
GWETTOP,2017,-2.5,39.375,0.29,0.36,0.29,0.56,0.7,0.6,0.45,0.49,0.42,0.39,0.67,0.54,0.48
GWETTOP,2017,-2.5,40.0,0.22,0.27,0.21,0.4,0.56,0.48,0.39,0.4,0.36,0.33,0.46,0.37,0.37
GWETTOP,2017,-2.5,40.625,0.37,0.4,0.35,0.52,0.68,0.67,0.57,0.55,0.52,0.5,0.54,0.5,0.51
GWETTOP,2017,-2.5,41.25,1.0,1.0,1.0,1.0,1.0,1.0,1.0,1.0,1.0,1.0,1.0,1.0,1.0
GWETTOP,2017,-2.5,41.875,1.0,1.0,1.0,1.0,1.0,1.0,1.0,1.0,1.0,1.0,1.0,1.0,1.0
GWETTOP,2017,-3.0,34.375,0.32,0.45,0.53,0.49,0.49,0.35,0.18,0.22,0.18,0.36,0.6,0.59,0.4
GWETTOP,2017,-3.0,35.0,0.35,0.51,0.54,0.52,0.57,0.46,0.29,0.3,0.25,0.4,0.61,0.64,0.45
GWETTOP,2017,-3.0,35.625,0.51,0.59,0.64,0.66,0.86,0.75,0.59,0.55,0.5,0.51,0.75,0.81,0.64
GWETTOP,2017,-3.0,36.25,0.42,0.46,0.51,0.53,0.67,0.54,0.35,0.34,0.32,0.35,0.64,0.69,0.48
GWETTOP,2017,-3.0,36.875,0.75,0.76,0.71,0.79,0.93,0.87,0.75,0.81,0.73,0.69,0.92,0.91,0.8
GWETTOP,2017,-3.0,37.5,0.54,0.55,0.51,0.58,0.83,0.75,0.62,0.62,0.54,0.51,0.76,0.85,0.64
GWETTOP,2017,-3.0,38.125,0.38,0.42,0.35,0.5,0.63,0.53,0.48,0.47,0.42,0.4,0.6,0.61,0.48
GWETTOP,2017,-3.0,38.75,0.3,0.38,0.31,0.52,0.63,0.47,0.37,0.41,0.37,0.37,0.62,0.57,0.44
GWETTOP,2017,-3.0,39.375,0.31,0.4,0.32,0.58,0.74,0.65,0.54,0.57,0.49,0.45,0.67,0.59,0.53
GWETTOP,2017,-3.0,40.0,0.26,0.31,0.24,0.4,0.58,0.49,0.4,0.41,0.38,0.36,0.46,0.41,0.39
GWETTOP,2017,-3.0,40.625,0.72,0.73,0.7,0.77,0.85,0.84,0.79,0.78,0.76,0.76,0.78,0.77,0.77
GWETTOP,2017,-3.0,41.25,1.0,1.0,1.0,1.0,1.0,1.0,1.0,1.0,1.0,1.0,1.0,1.0,1.0
GWETTOP,2017,-3.0,41.875,1.0,1.0,1.0,1.0,1.0,1.0,1.0,1.0,1.0,1.0,1.0,1.0,1.0
GWETTOP,2017,-3.5,34.375,0.35,0.46,0.56,0.49,0.48,0.29,0.16,0.18,0.15,0.31,0.57,0.6,0.38
GWETTOP,2017,-3.5,35.0,0.35,0.49,0.52,0.5,0.53,0.41,0.29,0.28,0.22,0.33,0.56,0.55,0.42
GWETTOP,2017,-3.5,35.625,0.37,0.49,0.5,0.53,0.61,0.5,0.46,0.45,0.35,0.34,0.57,0.57,0.48
GWETTOP,2017,-3.5,36.25,0.38,0.47,0.5,0.49,0.57,0.49,0.3,0.32,0.26,0.29,0.56,0.58,0.43
GWETTOP,2017,-3.5,36.875,0.45,0.49,0.5,0.52,0.72,0.59,0.47,0.46,0.43,0.36,0.6,0.67,0.52
GWETTOP,2017,-3.5,37.5,0.3,0.36,0.35,0.45,0.56,0.49,0.42,0.4,0.31,0.3,0.5,0.5,0.41
GWETTOP,2017,-3.5,38.125,0.31,0.39,0.32,0.5,0.65,0.52,0.45,0.47,0.41,0.4,0.56,0.56,0.46
GWETTOP,2017,-3.5,38.75,0.37,0.43,0.37,0.54,0.69,0.57,0.5,0.53,0.48,0.47,0.62,0.61,0.52
GWETTOP,2017,-3.5,39.375,0.32,0.41,0.34,0.6,0.78,0.7,0.61,0.62,0.55,0.51,0.66,0.6,0.56
GWETTOP,2017,-3.5,40.0,0.43,0.48,0.43,0.57,0.71,0.63,0.56,0.57,0.53,0.52,0.62,0.59,0.55
GWETTOP,2017,-3.5,40.625,0.91,0.91,0.9,0.92,0.96,0.95,0.93,0.93,0.92,0.92,0.93,0.92,0.93
GWETTOP,2017,-3.5,41.25,1.0,1.0,1.0,1.0,1.0,1.0,1.0,1.0,1.0,1.0,1.0,1.0,1.0
GWETTOP,2017,-3.5,41.875,1.0,1.0,1.0,1.0,1.0,1.0,1.0,1.0,1.0,1.0,1.0,1.0,1.0
GWETTOP,2017,-4.0,34.375,0.39,0.49,0.58,0.49,0.47,0.3,0.21,0.2,0.15,0.33,0.57,0.65,0.4
GWETTOP,2017,-4.0,35.0,0.41,0.56,0.58,0.54,0.56,0.43,0.34,0.34,0.26,0.34,0.56,0.57,0.46
GWETTOP,2017,-4.0,35.625,0.38,0.5,0.52,0.52,0.54,0.49,0.43,0.41,0.32,0.32,0.51,0.52,0.45
GWETTOP,2017,-4.0,36.25,0.33,0.47,0.49,0.48,0.53,0.45,0.33,0.33,0.26,0.28,0.5,0.47,0.41
GWETTOP,2017,-4.0,36.875,0.31,0.43,0.47,0.45,0.53,0.46,0.34,0.34,0.28,0.29,0.49,0.46,0.4
GWETTOP,2017,-4.0,37.5,0.33,0.43,0.44,0.5,0.59,0.5,0.42,0.42,0.35,0.35,0.53,0.51,0.45
GWETTOP,2017,-4.0,38.125,0.33,0.44,0.38,0.58,0.7,0.55,0.45,0.48,0.41,0.42,0.6,0.58,0.49
GWETTOP,2017,-4.0,38.75,0.31,0.41,0.35,0.57,0.72,0.56,0.47,0.52,0.45,0.46,0.61,0.55,0.5
GWETTOP,2017,-4.0,39.375,0.27,0.34,0.3,0.52,0.71,0.61,0.49,0.51,0.44,0.43,0.56,0.47,0.47
GWETTOP,2017,-4.0,40.0,0.48,0.5,0.48,0.57,0.71,0.59,0.53,0.56,0.53,0.53,0.62,0.56,0.56
GWETTOP,2017,-4.0,40.625,1.0,1.0,1.0,1.0,1.0,1.0,1.0,1.0,1.0,1.0,1.0,1.0,1.0
GWETTOP,2017,-4.0,41.25,1.0,1.0,1.0,1.0,1.0,1.0,1.0,1.0,1.0,1.0,1.0,1.0,1.0
GWETTOP,2017,-4.0,41.875,1.0,1.0,1.0,1.0,1.0,1.0,1.0,1.0,1.0,1.0,1.0,1.0,1.0
GWETTOP,2017,-4.5,34.375,0.4,0.46,0.52,0.43,0.42,0.34,0.29,0.26,0.21,0.34,0.54,0.64,0.4
GWETTOP,2017,-4.5,35.0,0.4,0.53,0.57,0.5,0.51,0.41,0.37,0.36,0.29,0.33,0.48,0.51,0.44
GWETTOP,2017,-4.5,35.625,0.32,0.45,0.45,0.43,0.45,0.39,0.32,0.31,0.25,0.26,0.41,0.39,0.37
GWETTOP,2017,-4.5,36.25,0.35,0.47,0.5,0.48,0.52,0.43,0.35,0.36,0.29,0.3,0.47,0.43,0.41
GWETTOP,2017,-4.5,36.875,0.32,0.44,0.48,0.49,0.55,0.46,0.4,0.41,0.34,0.34,0.51,0.46,0.43
GWETTOP,2017,-4.5,37.5,0.34,0.44,0.47,0.52,0.59,0.5,0.45,0.46,0.4,0.38,0.53,0.49,0.46
GWETTOP,2017,-4.5,38.125,0.44,0.54,0.49,0.66,0.79,0.72,0.65,0.65,0.57,0.55,0.68,0.66,0.62
GWETTOP,2017,-4.5,38.75,0.41,0.5,0.43,0.63,0.78,0.69,0.62,0.62,0.54,0.53,0.66,0.62,0.59
GWETTOP,2017,-4.5,39.375,0.31,0.36,0.33,0.48,0.66,0.53,0.45,0.46,0.42,0.42,0.51,0.43,0.45
GWETTOP,2017,-4.5,40.0,0.94,0.95,0.95,0.96,0.97,0.96,0.95,0.95,0.95,0.95,0.96,0.95,0.95
GWETTOP,2017,-4.5,40.625,1.0,1.0,1.0,1.0,1.0,1.0,1.0,1.0,1.0,1.0,1.0,1.0,1.0
GWETTOP,2017,-4.5,41.25,1.0,1.0,1.0,1.0,1.0,1.0,1.0,1.0,1.0,1.0,1.0,1.0,1.0
GWETTOP,2017,-4.5,41.875,1.0,1.0,1.0,1.0,1.0,1.0,1.0,1.0,1.0,1.0,1.0,1.0,1.0
GWETTOP,2017,0.5,34.375,0.39,0.47,0.47,0.49,0.64,0.58,0.59,0.61,0.69,0.7,0.72,0.63,0.58
GWETTOP,2017,0.5,35.0,0.57,0.56,0.54,0.55,0.69,0.67,0.74,0.81,0.89,0.89,0.88,0.78,0.72
GWETTOP,2017,0.5,35.625,0.42,0.44,0.42,0.47,0.63,0.58,0.61,0.67,0.7,0.67,0.71,0.61,0.58
GWETTOP,2017,0.5,36.25,0.24,0.34,0.29,0.38,0.54,0.47,0.52,0.54,0.54,0.51,0.55,0.45,0.45
GWETTOP,2017,0.5,36.875,0.34,0.4,0.31,0.41,0.58,0.48,0.51,0.5,0.49,0.51,0.62,0.52,0.47
GWETTOP,2017,0.5,37.5,0.32,0.31,0.25,0.34,0.46,0.38,0.36,0.35,0.39,0.4,0.51,0.44,0.38
GWETTOP,2017,0.5,38.125,0.32,0.29,0.22,0.31,0.36,0.29,0.23,0.22,0.26,0.28,0.43,0.36,0.3
GWETTOP,2017,0.5,38.75,0.26,0.24,0.17,0.28,0.34,0.25,0.18,0.17,0.22,0.25,0.41,0.34,0.26
GWETTOP,2017,0.5,39.375,0.2,0.21,0.14,0.28,0.39,0.31,0.2,0.2,0.23,0.26,0.46,0.35,0.27
GWETTOP,2017,0.5,40.0,0.21,0.21,0.14,0.29,0.39,0.34,0.25,0.22,0.22,0.25,0.47,0.35,0.28
GWETTOP,2017,0.5,40.625,0.23,0.22,0.14,0.3,0.4,0.37,0.3,0.25,0.21,0.23,0.43,0.31,0.28
GWETTOP,2017,0.5,41.25,0.23,0.25,0.17,0.32,0.43,0.39,0.33,0.31,0.25,0.26,0.42,0.29,0.3
GWETTOP,2017,0.5,41.875,0.22,0.25,0.18,0.34,0.46,0.43,0.35,0.32,0.26,0.27,0.46,0.28,0.32
GWETTOP,2017,1.0,34.375,0.46,0.54,0.55,0.56,0.71,0.65,0.65,0.66,0.71,0.73,0.75,0.66,0.64
GWETTOP,2017,1.0,35.0,0.52,0.54,0.53,0.53,0.69,0.67,0.73,0.83,0.89,0.87,0.86,0.75,0.7
GWETTOP,2017,1.0,35.625,0.16,0.23,0.19,0.25,0.43,0.38,0.41,0.42,0.43,0.41,0.42,0.33,0.34
GWETTOP,2017,1.0,36.25,0.17,0.29,0.24,0.3,0.45,0.38,0.43,0.47,0.46,0.42,0.47,0.34,0.37
GWETTOP,2017,1.0,36.875,0.26,0.32,0.25,0.28,0.41,0.35,0.37,0.36,0.36,0.37,0.4,0.35,0.34
GWETTOP,2017,1.0,37.5,0.31,0.3,0.21,0.3,0.39,0.32,0.29,0.25,0.27,0.3,0.43,0.36,0.31
GWETTOP,2017,1.0,38.125,0.26,0.25,0.18,0.27,0.3,0.2,0.17,0.15,0.18,0.26,0.38,0.32,0.24
GWETTOP,2017,1.0,38.75,0.21,0.24,0.16,0.26,0.32,0.21,0.16,0.15,0.19,0.26,0.4,0.31,0.24
GWETTOP,2017,1.0,39.375,0.18,0.23,0.15,0.29,0.41,0.29,0.19,0.2,0.23,0.29,0.45,0.32,0.27
GWETTOP,2017,1.0,40.0,0.21,0.21,0.14,0.3,0.39,0.34,0.23,0.21,0.22,0.26,0.44,0.32,0.27
GWETTOP,2017,1.0,40.625,0.24,0.2,0.14,0.3,0.39,0.35,0.26,0.22,0.19,0.24,0.46,0.33,0.28
GWETTOP,2017,1.0,41.25,0.26,0.24,0.15,0.34,0.44,0.4,0.3,0.26,0.21,0.27,0.47,0.33,0.31
GWETTOP,2017,1.0,41.875,0.21,0.2,0.14,0.32,0.41,0.39,0.3,0.27,0.21,0.26,0.48,0.33,0.29
GWETTOP,2017,1.5,34.375,0.3,0.47,0.52,0.51,0.61,0.54,0.57,0.57,0.64,0.64,0.61,0.48,0.54
GWETTOP,2017,1.5,35.0,0.29,0.41,0.41,0.44,0.54,0.48,0.54,0.65,0.7,0.66,0.65,0.48,0.52
GWETTOP,2017,1.5,35.625,0.14,0.25,0.21,0.28,0.38,0.32,0.36,0.38,0.38,0.35,0.39,0.29,0.31
GWETTOP,2017,1.5,36.25,0.13,0.24,0.19,0.24,0.37,0.29,0.34,0.34,0.34,0.32,0.38,0.23,0.28
GWETTOP,2017,1.5,36.875,0.24,0.27,0.19,0.27,0.34,0.29,0.25,0.21,0.22,0.28,0.4,0.33,0.27
GWETTOP,2017,1.5,37.5,0.21,0.26,0.18,0.26,0.32,0.26,0.22,0.2,0.21,0.27,0.39,0.31,0.26
GWETTOP,2017,1.5,38.125,0.24,0.26,0.18,0.28,0.28,0.18,0.16,0.15,0.19,0.27,0.4,0.31,0.24
GWETTOP,2017,1.5,38.75,0.24,0.28,0.19,0.33,0.33,0.22,0.18,0.18,0.22,0.33,0.49,0.32,0.28
GWETTOP,2017,1.5,39.375,0.28,0.25,0.15,0.34,0.4,0.31,0.22,0.21,0.24,0.29,0.49,0.35,0.29
GWETTOP,2017,1.5,40.0,0.23,0.24,0.15,0.34,0.4,0.29,0.19,0.21,0.25,0.29,0.48,0.35,0.28
GWETTOP,2017,1.5,40.625,0.28,0.21,0.14,0.37,0.45,0.38,0.26,0.24,0.21,0.29,0.58,0.39,0.32
GWETTOP,2017,1.5,41.25,0.26,0.18,0.12,0.3,0.36,0.35,0.29,0.22,0.17,0.25,0.51,0.35,0.28
GWETTOP,2017,1.5,41.875,0.18,0.16,0.13,0.33,0.42,0.39,0.28,0.26,0.19,0.28,0.63,0.39,0.3
GWETTOP,2017,2.0,34.375,0.26,0.38,0.41,0.41,0.52,0.44,0.51,0.49,0.54,0.54,0.52,0.37,0.45
GWETTOP,2017,2.0,35.0,0.17,0.32,0.3,0.37,0.46,0.4,0.44,0.47,0.49,0.48,0.49,0.38,0.4
GWETTOP,2017,2.0,35.625,0.12,0.21,0.18,0.24,0.34,0.21,0.29,0.3,0.3,0.28,0.34,0.18,0.25
GWETTOP,2017,2.0,36.25,0.12,0.22,0.17,0.22,0.33,0.22,0.26,0.25,0.24,0.26,0.34,0.16,0.23
GWETTOP,2017,2.0,36.875,0.19,0.28,0.21,0.27,0.33,0.32,0.25,0.23,0.22,0.29,0.4,0.32,0.28
GWETTOP,2017,2.0,37.5,0.19,0.26,0.18,0.27,0.31,0.28,0.21,0.19,0.2,0.28,0.41,0.32,0.26
GWETTOP,2017,2.0,38.125,0.26,0.26,0.18,0.32,0.34,0.24,0.18,0.17,0.23,0.31,0.46,0.35,0.27
GWETTOP,2017,2.0,38.75,0.26,0.26,0.18,0.32,0.35,0.26,0.2,0.18,0.24,0.31,0.46,0.34,0.28
GWETTOP,2017,2.0,39.375,0.3,0.24,0.15,0.35,0.44,0.35,0.27,0.22,0.25,0.29,0.5,0.35,0.31
GWETTOP,2017,2.0,40.0,0.3,0.24,0.15,0.38,0.47,0.38,0.28,0.23,0.27,0.31,0.53,0.37,0.33
GWETTOP,2017,2.0,40.625,0.29,0.27,0.19,0.5,0.62,0.48,0.28,0.31,0.27,0.4,0.76,0.48,0.4
GWETTOP,2017,2.0,41.25,0.31,0.25,0.16,0.4,0.5,0.41,0.3,0.27,0.2,0.31,0.63,0.41,0.35
GWETTOP,2017,2.0,41.875,0.21,0.19,0.16,0.43,0.57,0.47,0.3,0.31,0.24,0.36,0.77,0.48,0.37
GWETTOP,2017,2.5,34.375,0.24,0.29,0.3,0.3,0.48,0.34,0.47,0.46,0.47,0.48,0.48,0.34,0.39
GWETTOP,2017,2.5,35.0,0.16,0.26,0.23,0.26,0.47,0.37,0.41,0.43,0.42,0.44,0.47,0.37,0.36
GWETTOP,2017,2.5,35.625,0.11,0.2,0.15,0.21,0.4,0.3,0.28,0.26,0.24,0.28,0.35,0.2,0.25
GWETTOP,2017,2.5,36.25,0.11,0.2,0.14,0.2,0.33,0.2,0.21,0.19,0.18,0.27,0.32,0.15,0.21
GWETTOP,2017,2.5,36.875,0.15,0.26,0.17,0.23,0.29,0.24,0.2,0.2,0.18,0.29,0.37,0.25,0.24
GWETTOP,2017,2.5,37.5,0.15,0.23,0.16,0.25,0.29,0.23,0.17,0.17,0.19,0.3,0.4,0.25,0.23
GWETTOP,2017,2.5,38.125,0.21,0.22,0.17,0.3,0.35,0.24,0.18,0.17,0.22,0.3,0.44,0.33,0.26
GWETTOP,2017,2.5,38.75,0.21,0.2,0.16,0.3,0.36,0.25,0.18,0.18,0.23,0.29,0.42,0.3,0.26
GWETTOP,2017,2.5,39.375,0.24,0.19,0.14,0.32,0.4,0.33,0.24,0.22,0.27,0.29,0.44,0.32,0.28
GWETTOP,2017,2.5,40.0,0.27,0.21,0.15,0.35,0.46,0.37,0.29,0.25,0.28,0.32,0.51,0.35,0.32
GWETTOP,2017,2.5,40.625,0.26,0.25,0.19,0.42,0.54,0.41,0.27,0.3,0.3,0.36,0.63,0.38,0.36
GWETTOP,2017,2.5,41.25,0.18,0.18,0.16,0.28,0.33,0.27,0.21,0.22,0.21,0.26,0.42,0.22,0.24
GWETTOP,2017,2.5,41.875,0.17,0.17,0.14,0.31,0.39,0.33,0.25,0.25,0.23,0.29,0.55,0.33,0.28
GWETTOP,2017,3.0,34.375,0.19,0.28,0.3,0.33,0.55,0.46,0.57,0.54,0.55,0.6,0.59,0.45,0.45
GWETTOP,2017,3.0,35.0,0.12,0.24,0.19,0.21,0.44,0.34,0.36,0.37,0.33,0.39,0.45,0.34,0.32
GWETTOP,2017,3.0,35.625,0.11,0.19,0.12,0.14,0.31,0.15,0.21,0.16,0.16,0.28,0.31,0.14,0.19
GWETTOP,2017,3.0,36.25,0.1,0.2,0.12,0.14,0.31,0.18,0.21,0.16,0.16,0.3,0.32,0.16,0.2
GWETTOP,2017,3.0,36.875,0.11,0.2,0.13,0.16,0.23,0.15,0.16,0.14,0.15,0.3,0.32,0.15,0.18
GWETTOP,2017,3.0,37.5,0.09,0.17,0.13,0.2,0.23,0.14,0.13,0.13,0.15,0.26,0.29,0.12,0.17
GWETTOP,2017,3.0,38.125,0.13,0.17,0.16,0.26,0.34,0.21,0.17,0.18,0.2,0.29,0.38,0.23,0.23
GWETTOP,2017,3.0,38.75,0.14,0.18,0.16,0.29,0.39,0.25,0.19,0.21,0.24,0.33,0.44,0.27,0.26
GWETTOP,2017,3.0,39.375,0.17,0.16,0.15,0.28,0.36,0.3,0.21,0.24,0.25,0.31,0.41,0.29,0.26
GWETTOP,2017,3.0,40.0,0.21,0.19,0.16,0.31,0.41,0.34,0.26,0.28,0.28,0.33,0.45,0.31,0.29
GWETTOP,2017,3.0,40.625,0.21,0.21,0.19,0.32,0.41,0.31,0.25,0.27,0.27,0.32,0.45,0.27,0.29
GWETTOP,2017,3.0,41.25,0.18,0.18,0.16,0.27,0.33,0.27,0.22,0.23,0.23,0.26,0.37,0.23,0.24
GWETTOP,2017,3.0,41.875,0.14,0.15,0.13,0.28,0.35,0.31,0.27,0.24,0.23,0.28,0.45,0.3,0.26
GWETTOP,2017,3.5,34.375,0.15,0.29,0.33,0.31,0.45,0.37,0.44,0.47,0.45,0.56,0.52,0.36,0.39
GWETTOP,2017,3.5,35.0,0.12,0.3,0.23,0.23,0.39,0.31,0.35,0.37,0.32,0.37,0.41,0.31,0.31
GWETTOP,2017,3.5,35.625,0.11,0.21,0.13,0.17,0.34,0.17,0.25,0.19,0.17,0.35,0.39,0.25,0.23
GWETTOP,2017,3.5,36.25,0.11,0.21,0.13,0.17,0.32,0.16,0.23,0.18,0.17,0.33,0.36,0.19,0.21
GWETTOP,2017,3.5,36.875,0.13,0.19,0.14,0.22,0.33,0.2,0.18,0.18,0.2,0.32,0.35,0.18,0.22
GWETTOP,2017,3.5,37.5,0.14,0.2,0.16,0.24,0.36,0.23,0.21,0.19,0.21,0.35,0.36,0.18,0.24
GWETTOP,2017,3.5,38.125,0.17,0.18,0.16,0.28,0.37,0.3,0.22,0.21,0.24,0.32,0.38,0.27,0.26
GWETTOP,2017,3.5,38.75,0.14,0.18,0.17,0.3,0.4,0.33,0.3,0.3,0.3,0.36,0.43,0.3,0.29
GWETTOP,2017,3.5,39.375,0.17,0.2,0.18,0.32,0.43,0.36,0.32,0.34,0.34,0.39,0.49,0.34,0.32
GWETTOP,2017,3.5,40.0,0.18,0.2,0.18,0.31,0.41,0.34,0.27,0.29,0.29,0.36,0.46,0.3,0.3
GWETTOP,2017,3.5,40.625,0.2,0.23,0.22,0.39,0.51,0.35,0.3,0.32,0.34,0.43,0.56,0.3,0.35
GWETTOP,2017,3.5,41.25,0.19,0.2,0.17,0.29,0.37,0.28,0.24,0.25,0.25,0.31,0.4,0.24,0.27
GWETTOP,2017,3.5,41.875,0.12,0.13,0.12,0.24,0.3,0.24,0.2,0.19,0.18,0.26,0.38,0.24,0.22
GWETTOP,2017,4.0,34.375,0.17,0.38,0.43,0.4,0.47,0.33,0.46,0.52,0.48,0.52,0.53,0.35,0.42
GWETTOP,2017,4.0,35.0,0.14,0.39,0.32,0.3,0.43,0.28,0.42,0.42,0.37,0.41,0.46,0.26,0.35
GWETTOP,2017,4.0,35.625,0.12,0.28,0.17,0.22,0.36,0.26,0.32,0.28,0.22,0.38,0.43,0.32,0.28
GWETTOP,2017,4.0,36.25,0.11,0.23,0.15,0.2,0.34,0.19,0.28,0.21,0.19,0.38,0.41,0.26,0.25
GWETTOP,2017,4.0,36.875,0.13,0.19,0.15,0.25,0.34,0.22,0.22,0.19,0.21,0.37,0.4,0.29,0.25
GWETTOP,2017,4.0,37.5,0.14,0.2,0.16,0.28,0.38,0.26,0.24,0.22,0.24,0.39,0.42,0.28,0.27
GWETTOP,2017,4.0,38.125,0.21,0.25,0.23,0.37,0.49,0.4,0.34,0.35,0.37,0.45,0.54,0.38,0.37
GWETTOP,2017,4.0,38.75,0.23,0.31,0.29,0.47,0.63,0.53,0.39,0.42,0.45,0.57,0.68,0.51,0.46
GWETTOP,2017,4.0,39.375,0.21,0.32,0.27,0.46,0.62,0.47,0.35,0.4,0.4,0.55,0.68,0.49,0.44
GWETTOP,2017,4.0,40.0,0.17,0.23,0.2,0.36,0.48,0.38,0.3,0.34,0.36,0.44,0.52,0.34,0.34
GWETTOP,2017,4.0,40.625,0.21,0.24,0.22,0.4,0.53,0.38,0.32,0.34,0.36,0.47,0.6,0.38,0.37
GWETTOP,2017,4.0,41.25,0.18,0.18,0.16,0.3,0.39,0.33,0.25,0.23,0.23,0.33,0.48,0.33,0.28
GWETTOP,2017,4.0,41.875,0.14,0.14,0.13,0.26,0.35,0.3,0.22,0.19,0.19,0.29,0.49,0.33,0.25
GWETTOP,2017,4.5,34.375,0.18,0.4,0.48,0.49,0.5,0.32,0.47,0.51,0.44,0.55,0.53,0.29,0.43
GWETTOP,2017,4.5,35.0,0.15,0.39,0.36,0.4,0.47,0.27,0.5,0.45,0.4,0.46,0.52,0.27,0.39
GWETTOP,2017,4.5,35.625,0.11,0.29,0.2,0.28,0.39,0.32,0.38,0.34,0.28,0.39,0.45,0.34,0.31
GWETTOP,2017,4.5,36.25,0.1,0.23,0.17,0.27,0.36,0.25,0.33,0.25,0.23,0.44,0.46,0.32,0.28
GWETTOP,2017,4.5,36.875,0.11,0.2,0.16,0.3,0.36,0.29,0.27,0.21,0.26,0.42,0.44,0.33,0.28
GWETTOP,2017,4.5,37.5,0.17,0.26,0.24,0.43,0.53,0.37,0.34,0.31,0.37,0.56,0.6,0.41,0.38
GWETTOP,2017,4.5,38.125,0.22,0.32,0.28,0.48,0.63,0.52,0.39,0.39,0.43,0.58,0.71,0.56,0.46
GWETTOP,2017,4.5,38.75,0.22,0.31,0.27,0.46,0.61,0.49,0.38,0.38,0.41,0.55,0.68,0.53,0.44
GWETTOP,2017,4.5,39.375,0.2,0.25,0.22,0.38,0.52,0.41,0.32,0.34,0.37,0.49,0.57,0.42,0.37
GWETTOP,2017,4.5,40.0,0.17,0.23,0.2,0.33,0.45,0.36,0.29,0.29,0.32,0.43,0.51,0.38,0.33
GWETTOP,2017,4.5,40.625,0.19,0.2,0.18,0.33,0.43,0.36,0.28,0.3,0.32,0.41,0.57,0.39,0.33
GWETTOP,2017,4.5,41.25,0.22,0.18,0.16,0.3,0.4,0.35,0.32,0.29,0.3,0.37,0.62,0.4,0.33
GWETTOP,2017,4.5,41.875,0.12,0.14,0.13,0.26,0.36,0.28,0.2,0.2,0.2,0.32,0.55,0.37,0.26
GWETTOP,2018,-0.5,34.375,0.52,0.38,0.84,0.92,0.93,0.87,0.74,0.62,0.59,0.62,0.71,0.78,0.71
GWETTOP,2018,-0.5,35.0,0.65,0.53,0.78,0.9,0.95,0.92,0.87,0.81,0.77,0.73,0.78,0.83,0.79
GWETTOP,2018,-0.5,35.625,0.49,0.44,0.62,0.73,0.82,0.87,0.84,0.81,0.78,0.74,0.71,0.72,0.72
GWETTOP,2018,-0.5,36.25,0.47,0.43,0.61,0.72,0.81,0.84,0.81,0.78,0.75,0.7,0.68,0.69,0.69
GWETTOP,2018,-0.5,36.875,0.47,0.43,0.62,0.76,0.84,0.82,0.78,0.74,0.69,0.65,0.64,0.65,0.68
GWETTOP,2018,-0.5,37.5,0.45,0.4,0.62,0.78,0.86,0.83,0.77,0.7,0.64,0.58,0.57,0.61,0.65
GWETTOP,2018,-0.5,38.125,0.29,0.27,0.55,0.65,0.62,0.53,0.47,0.39,0.34,0.36,0.48,0.55,0.46
GWETTOP,2018,-0.5,38.75,0.23,0.22,0.51,0.61,0.55,0.45,0.4,0.35,0.32,0.34,0.43,0.5,0.41
GWETTOP,2018,-0.5,39.375,0.21,0.19,0.43,0.5,0.46,0.4,0.37,0.31,0.29,0.32,0.33,0.37,0.35
GWETTOP,2018,-0.5,40.0,0.23,0.21,0.46,0.54,0.53,0.48,0.43,0.36,0.34,0.36,0.35,0.4,0.39
GWETTOP,2018,-0.5,40.625,0.23,0.21,0.45,0.58,0.64,0.57,0.55,0.47,0.42,0.42,0.4,0.38,0.44
GWETTOP,2018,-0.5,41.25,0.23,0.22,0.46,0.6,0.68,0.58,0.56,0.48,0.44,0.43,0.41,0.38,0.46
GWETTOP,2018,-0.5,41.875,0.2,0.19,0.37,0.56,0.76,0.65,0.6,0.5,0.45,0.4,0.38,0.35,0.45
GWETTOP,2018,-1.0,34.375,0.51,0.47,0.75,0.86,0.89,0.84,0.75,0.66,0.55,0.49,0.57,0.71,0.67
GWETTOP,2018,-1.0,35.0,0.56,0.51,0.72,0.86,0.91,0.88,0.83,0.79,0.73,0.63,0.64,0.75,0.74
GWETTOP,2018,-1.0,35.625,0.45,0.36,0.57,0.72,0.8,0.79,0.74,0.7,0.64,0.55,0.52,0.58,0.62
GWETTOP,2018,-1.0,36.25,0.34,0.3,0.53,0.65,0.77,0.76,0.71,0.65,0.57,0.49,0.45,0.48,0.56
GWETTOP,2018,-1.0,36.875,0.33,0.23,0.61,0.77,0.86,0.79,0.69,0.56,0.48,0.4,0.49,0.57,0.57
GWETTOP,2018,-1.0,37.5,0.32,0.29,0.59,0.71,0.79,0.71,0.61,0.52,0.47,0.45,0.48,0.55,0.54
GWETTOP,2018,-1.0,38.125,0.28,0.25,0.56,0.64,0.57,0.45,0.41,0.35,0.33,0.38,0.45,0.54,0.44
GWETTOP,2018,-1.0,38.75,0.22,0.21,0.54,0.63,0.56,0.42,0.38,0.32,0.31,0.36,0.43,0.51,0.41
GWETTOP,2018,-1.0,39.375,0.19,0.18,0.5,0.61,0.55,0.46,0.39,0.3,0.3,0.37,0.33,0.37,0.38
GWETTOP,2018,-1.0,40.0,0.22,0.21,0.54,0.64,0.63,0.54,0.46,0.38,0.36,0.42,0.38,0.42,0.43
GWETTOP,2018,-1.0,40.625,0.23,0.23,0.46,0.61,0.69,0.63,0.6,0.52,0.47,0.47,0.42,0.4,0.48
GWETTOP,2018,-1.0,41.25,0.22,0.21,0.44,0.61,0.71,0.65,0.61,0.51,0.47,0.46,0.42,0.39,0.48
GWETTOP,2018,-1.0,41.875,0.22,0.2,0.34,0.52,0.72,0.62,0.57,0.46,0.41,0.39,0.35,0.33,0.43
GWETTOP,2018,-1.5,34.375,0.6,0.46,0.82,0.87,0.85,0.68,0.53,0.45,0.36,0.38,0.6,0.75,0.61
GWETTOP,2018,-1.5,35.0,0.56,0.46,0.75,0.84,0.86,0.74,0.61,0.52,0.44,0.37,0.54,0.7,0.62
GWETTOP,2018,-1.5,35.625,0.48,0.4,0.64,0.78,0.88,0.81,0.69,0.57,0.51,0.48,0.49,0.54,0.61
GWETTOP,2018,-1.5,36.25,0.28,0.22,0.53,0.63,0.74,0.62,0.49,0.41,0.36,0.32,0.35,0.42,0.45
GWETTOP,2018,-1.5,36.875,0.28,0.26,0.73,0.78,0.83,0.69,0.58,0.36,0.33,0.42,0.52,0.63,0.54
GWETTOP,2018,-1.5,37.5,0.31,0.25,0.59,0.71,0.77,0.64,0.52,0.45,0.34,0.38,0.46,0.51,0.5
GWETTOP,2018,-1.5,38.125,0.37,0.32,0.5,0.6,0.6,0.52,0.48,0.44,0.41,0.4,0.44,0.48,0.46
GWETTOP,2018,-1.5,38.75,0.26,0.24,0.53,0.61,0.57,0.45,0.4,0.34,0.33,0.38,0.42,0.47,0.42
GWETTOP,2018,-1.5,39.375,0.22,0.2,0.49,0.59,0.57,0.47,0.4,0.33,0.32,0.39,0.37,0.37,0.39
GWETTOP,2018,-1.5,40.0,0.24,0.23,0.56,0.68,0.7,0.65,0.59,0.48,0.44,0.49,0.45,0.41,0.49
GWETTOP,2018,-1.5,40.625,0.25,0.23,0.47,0.64,0.74,0.7,0.67,0.58,0.52,0.51,0.47,0.41,0.52
GWETTOP,2018,-1.5,41.25,0.21,0.18,0.46,0.65,0.78,0.74,0.69,0.55,0.48,0.48,0.44,0.38,0.51
GWETTOP,2018,-1.5,41.875,0.53,0.51,0.62,0.74,0.87,0.83,0.78,0.69,0.65,0.64,0.63,0.62,0.68
GWETTOP,2018,-1.7975103014118005e-13,34.375,0.52,0.44,0.73,0.81,0.85,0.83,0.74,0.66,0.66,0.66,0.74,0.75,0.7
GWETTOP,2018,-1.7975103014118005e-13,35.0,0.7,0.56,0.78,0.88,0.95,0.95,0.91,0.89,0.87,0.82,0.83,0.82,0.83
GWETTOP,2018,-1.7975103014118005e-13,35.625,0.67,0.59,0.68,0.81,0.91,0.92,0.9,0.86,0.83,0.78,0.76,0.76,0.79
GWETTOP,2018,-1.7975103014118005e-13,36.25,0.49,0.42,0.61,0.75,0.84,0.88,0.85,0.81,0.76,0.69,0.66,0.64,0.7
GWETTOP,2018,-1.7975103014118005e-13,36.875,0.49,0.44,0.58,0.74,0.83,0.82,0.76,0.69,0.62,0.55,0.55,0.55,0.64
GWETTOP,2018,-1.7975103014118005e-13,37.5,0.51,0.43,0.61,0.79,0.88,0.85,0.8,0.71,0.64,0.57,0.58,0.58,0.66
GWETTOP,2018,-1.7975103014118005e-13,38.125,0.33,0.28,0.5,0.65,0.66,0.57,0.48,0.4,0.34,0.33,0.45,0.48,0.46
GWETTOP,2018,-1.7975103014118005e-13,38.75,0.26,0.22,0.42,0.53,0.51,0.41,0.37,0.31,0.27,0.27,0.37,0.4,0.36
GWETTOP,2018,-1.7975103014118005e-13,39.375,0.24,0.18,0.38,0.46,0.45,0.37,0.34,0.29,0.24,0.25,0.32,0.34,0.32
GWETTOP,2018,-1.7975103014118005e-13,40.0,0.26,0.18,0.38,0.48,0.5,0.42,0.39,0.34,0.29,0.29,0.34,0.33,0.35
GWETTOP,2018,-1.7975103014118005e-13,40.625,0.21,0.18,0.42,0.54,0.57,0.49,0.45,0.39,0.33,0.32,0.35,0.32,0.38
GWETTOP,2018,-1.7975103014118005e-13,41.25,0.23,0.21,0.45,0.56,0.59,0.49,0.46,0.41,0.37,0.36,0.37,0.34,0.4
GWETTOP,2018,-1.7975103014118005e-13,41.875,0.21,0.2,0.39,0.56,0.68,0.56,0.51,0.45,0.38,0.35,0.37,0.34,0.42
GWETTOP,2018,-2.0,34.375,0.66,0.53,0.82,0.85,0.8,0.61,0.36,0.38,0.36,0.38,0.61,0.75,0.59
GWETTOP,2018,-2.0,35.0,0.6,0.52,0.78,0.84,0.81,0.64,0.52,0.41,0.35,0.39,0.55,0.69,0.59
GWETTOP,2018,-2.0,35.625,0.5,0.39,0.66,0.75,0.83,0.7,0.59,0.46,0.39,0.44,0.52,0.55,0.57
GWETTOP,2018,-2.0,36.25,0.31,0.24,0.5,0.56,0.62,0.45,0.38,0.31,0.25,0.28,0.33,0.39,0.39
GWETTOP,2018,-2.0,36.875,0.35,0.26,0.71,0.79,0.83,0.68,0.58,0.35,0.33,0.43,0.54,0.63,0.54
GWETTOP,2018,-2.0,37.5,0.34,0.23,0.67,0.76,0.79,0.64,0.52,0.39,0.32,0.4,0.48,0.55,0.51
GWETTOP,2018,-2.0,38.125,0.38,0.32,0.54,0.61,0.61,0.52,0.46,0.41,0.37,0.39,0.42,0.47,0.46
GWETTOP,2018,-2.0,38.75,0.29,0.26,0.58,0.62,0.6,0.49,0.44,0.38,0.37,0.42,0.45,0.52,0.45
GWETTOP,2018,-2.0,39.375,0.24,0.23,0.54,0.62,0.64,0.55,0.49,0.41,0.39,0.45,0.44,0.44,0.45
GWETTOP,2018,-2.0,40.0,0.23,0.21,0.49,0.62,0.67,0.61,0.54,0.46,0.42,0.46,0.42,0.39,0.46
GWETTOP,2018,-2.0,40.625,0.24,0.22,0.46,0.64,0.79,0.76,0.71,0.59,0.52,0.51,0.46,0.42,0.53
GWETTOP,2018,-2.0,41.25,0.33,0.29,0.46,0.64,0.82,0.77,0.71,0.58,0.51,0.5,0.46,0.45,0.54
GWETTOP,2018,-2.0,41.875,0.61,0.59,0.66,0.77,0.89,0.83,0.77,0.69,0.68,0.68,0.67,0.67,0.71
GWETTOP,2018,-2.5,34.375,0.66,0.55,0.78,0.82,0.76,0.54,0.38,0.3,0.31,0.4,0.58,0.74,0.57
GWETTOP,2018,-2.5,35.0,0.66,0.54,0.75,0.83,0.8,0.6,0.49,0.36,0.27,0.38,0.54,0.67,0.57
GWETTOP,2018,-2.5,35.625,0.56,0.47,0.7,0.74,0.76,0.57,0.48,0.28,0.24,0.39,0.53,0.55,0.52
GWETTOP,2018,-2.5,36.25,0.5,0.38,0.61,0.65,0.66,0.51,0.43,0.35,0.26,0.36,0.46,0.49,0.47
GWETTOP,2018,-2.5,36.875,0.53,0.3,0.78,0.85,0.86,0.71,0.61,0.37,0.31,0.48,0.61,0.64,0.59
GWETTOP,2018,-2.5,37.5,0.54,0.36,0.8,0.85,0.87,0.72,0.6,0.44,0.37,0.59,0.64,0.69,0.62
GWETTOP,2018,-2.5,38.125,0.48,0.37,0.68,0.71,0.71,0.63,0.56,0.49,0.43,0.5,0.52,0.59,0.56
GWETTOP,2018,-2.5,38.75,0.35,0.3,0.66,0.66,0.66,0.57,0.51,0.44,0.43,0.53,0.53,0.59,0.52
GWETTOP,2018,-2.5,39.375,0.32,0.29,0.65,0.69,0.76,0.71,0.65,0.57,0.53,0.62,0.59,0.59,0.58
GWETTOP,2018,-2.5,40.0,0.26,0.23,0.43,0.53,0.67,0.6,0.54,0.44,0.42,0.46,0.4,0.4,0.45
GWETTOP,2018,-2.5,40.625,0.42,0.39,0.53,0.66,0.83,0.81,0.75,0.63,0.57,0.58,0.53,0.51,0.6
GWETTOP,2018,-2.5,41.25,1.0,1.0,1.0,1.0,1.0,1.0,1.0,1.0,1.0,1.0,1.0,1.0,1.0
GWETTOP,2018,-2.5,41.875,1.0,1.0,1.0,1.0,1.0,1.0,1.0,1.0,1.0,1.0,1.0,1.0,1.0
GWETTOP,2018,-3.0,34.375,0.76,0.61,0.76,0.82,0.73,0.52,0.41,0.24,0.21,0.33,0.55,0.79,0.56
GWETTOP,2018,-3.0,35.0,0.8,0.65,0.8,0.87,0.86,0.67,0.52,0.4,0.25,0.4,0.59,0.75,0.63
GWETTOP,2018,-3.0,35.625,0.91,0.82,0.91,0.94,0.92,0.83,0.71,0.57,0.5,0.64,0.81,0.87,0.79
GWETTOP,2018,-3.0,36.25,0.75,0.6,0.78,0.83,0.81,0.67,0.57,0.38,0.27,0.48,0.65,0.68,0.62
GWETTOP,2018,-3.0,36.875,0.86,0.69,0.93,0.95,0.96,0.9,0.87,0.75,0.66,0.86,0.9,0.92,0.86
GWETTOP,2018,-3.0,37.5,0.78,0.61,0.88,0.92,0.93,0.86,0.79,0.67,0.56,0.71,0.79,0.82,0.78
GWETTOP,2018,-3.0,38.125,0.51,0.43,0.71,0.7,0.73,0.65,0.6,0.53,0.49,0.58,0.57,0.62,0.59
GWETTOP,2018,-3.0,38.75,0.37,0.31,0.71,0.67,0.68,0.58,0.54,0.47,0.45,0.59,0.55,0.6,0.55
GWETTOP,2018,-3.0,39.375,0.36,0.33,0.65,0.67,0.8,0.75,0.7,0.62,0.6,0.7,0.63,0.63,0.62
GWETTOP,2018,-3.0,40.0,0.32,0.27,0.43,0.49,0.68,0.61,0.54,0.45,0.42,0.49,0.42,0.43,0.46
GWETTOP,2018,-3.0,40.625,0.75,0.73,0.77,0.81,0.92,0.91,0.88,0.82,0.79,0.8,0.78,0.77,0.81
GWETTOP,2018,-3.0,41.25,1.0,1.0,1.0,1.0,1.0,1.0,1.0,1.0,1.0,1.0,1.0,1.0,1.0
GWETTOP,2018,-3.0,41.875,1.0,1.0,1.0,1.0,1.0,1.0,1.0,1.0,1.0,1.0,1.0,1.0,1.0
GWETTOP,2018,-3.5,34.375,0.8,0.7,0.82,0.84,0.75,0.54,0.41,0.21,0.16,0.32,0.53,0.78,0.57
GWETTOP,2018,-3.5,35.0,0.76,0.62,0.78,0.83,0.81,0.67,0.52,0.42,0.31,0.4,0.53,0.71,0.61
GWETTOP,2018,-3.5,35.625,0.65,0.53,0.72,0.78,0.79,0.7,0.59,0.51,0.47,0.54,0.6,0.65,0.63
GWETTOP,2018,-3.5,36.25,0.69,0.53,0.72,0.76,0.75,0.58,0.5,0.34,0.26,0.46,0.57,0.63,0.57
GWETTOP,2018,-3.5,36.875,0.66,0.51,0.73,0.8,0.85,0.75,0.62,0.5,0.44,0.58,0.69,0.7,0.65
GWETTOP,2018,-3.5,37.5,0.5,0.37,0.71,0.73,0.74,0.63,0.55,0.48,0.4,0.5,0.49,0.52,0.55
GWETTOP,2018,-3.5,38.125,0.41,0.33,0.66,0.63,0.67,0.56,0.54,0.46,0.45,0.6,0.53,0.55,0.53
GWETTOP,2018,-3.5,38.75,0.46,0.4,0.7,0.69,0.74,0.67,0.64,0.57,0.56,0.67,0.61,0.62,0.61
GWETTOP,2018,-3.5,39.375,0.39,0.35,0.64,0.68,0.82,0.79,0.75,0.67,0.64,0.72,0.65,0.63,0.65
GWETTOP,2018,-3.5,40.0,0.48,0.45,0.59,0.64,0.76,0.69,0.63,0.57,0.56,0.65,0.6,0.6,0.6
GWETTOP,2018,-3.5,40.625,0.92,0.91,0.92,0.93,0.97,0.97,0.96,0.94,0.93,0.94,0.93,0.92,0.94
GWETTOP,2018,-3.5,41.25,1.0,1.0,1.0,1.0,1.0,1.0,1.0,1.0,1.0,1.0,1.0,1.0,1.0
GWETTOP,2018,-3.5,41.875,1.0,1.0,1.0,1.0,1.0,1.0,1.0,1.0,1.0,1.0,1.0,1.0,1.0
GWETTOP,2018,-4.0,34.375,0.77,0.72,0.8,0.83,0.76,0.61,0.49,0.36,0.27,0.33,0.51,0.7,0.6
GWETTOP,2018,-4.0,35.0,0.73,0.62,0.75,0.79,0.77,0.67,0.58,0.49,0.41,0.48,0.54,0.69,0.63
GWETTOP,2018,-4.0,35.625,0.61,0.52,0.66,0.7,0.71,0.62,0.56,0.52,0.48,0.53,0.55,0.6,0.59
GWETTOP,2018,-4.0,36.25,0.6,0.48,0.64,0.68,0.68,0.56,0.49,0.43,0.33,0.46,0.51,0.57,0.54
GWETTOP,2018,-4.0,36.875,0.54,0.44,0.64,0.67,0.68,0.57,0.51,0.46,0.37,0.47,0.5,0.53,0.53
GWETTOP,2018,-4.0,37.5,0.54,0.39,0.67,0.67,0.7,0.61,0.56,0.51,0.45,0.55,0.53,0.55,0.56
GWETTOP,2018,-4.0,38.125,0.46,0.31,0.72,0.7,0.75,0.61,0.59,0.5,0.47,0.64,0.56,0.57,0.58
GWETTOP,2018,-4.0,38.75,0.39,0.3,0.66,0.67,0.73,0.6,0.58,0.49,0.5,0.66,0.55,0.55,0.56
GWETTOP,2018,-4.0,39.375,0.33,0.29,0.53,0.62,0.75,0.71,0.66,0.59,0.54,0.62,0.54,0.5,0.56
GWETTOP,2018,-4.0,40.0,0.5,0.49,0.57,0.65,0.74,0.66,0.59,0.55,0.55,0.65,0.59,0.57,0.59
GWETTOP,2018,-4.0,40.625,1.0,1.0,1.0,1.0,1.0,1.0,1.0,1.0,1.0,1.0,1.0,1.0,1.0
GWETTOP,2018,-4.0,41.25,1.0,1.0,1.0,1.0,1.0,1.0,1.0,1.0,1.0,1.0,1.0,1.0,1.0
GWETTOP,2018,-4.0,41.875,1.0,1.0,1.0,1.0,1.0,1.0,1.0,1.0,1.0,1.0,1.0,1.0,1.0
GWETTOP,2018,-4.5,34.375,0.7,0.66,0.72,0.76,0.71,0.63,0.55,0.48,0.41,0.4,0.5,0.63,0.6
GWETTOP,2018,-4.5,35.0,0.66,0.51,0.67,0.71,0.66,0.56,0.5,0.45,0.4,0.46,0.49,0.63,0.56
GWETTOP,2018,-4.5,35.625,0.54,0.42,0.55,0.59,0.57,0.48,0.45,0.42,0.4,0.43,0.44,0.5,0.48
GWETTOP,2018,-4.5,36.25,0.59,0.45,0.62,0.64,0.63,0.53,0.49,0.46,0.4,0.48,0.5,0.55,0.53
GWETTOP,2018,-4.5,36.875,0.58,0.43,0.65,0.65,0.65,0.56,0.52,0.48,0.45,0.53,0.51,0.53,0.55
GWETTOP,2018,-4.5,37.5,0.56,0.41,0.65,0.66,0.69,0.6,0.57,0.52,0.49,0.56,0.54,0.54,0.57
GWETTOP,2018,-4.5,38.125,0.61,0.45,0.73,0.76,0.85,0.78,0.75,0.67,0.64,0.72,0.68,0.67,0.69
GWETTOP,2018,-4.5,38.75,0.52,0.39,0.66,0.72,0.82,0.73,0.69,0.61,0.57,0.69,0.64,0.64,0.64
GWETTOP,2018,-4.5,39.375,0.38,0.33,0.46,0.58,0.7,0.61,0.53,0.46,0.46,0.54,0.47,0.46,0.5
GWETTOP,2018,-4.5,40.0,0.95,0.95,0.95,0.96,0.97,0.97,0.96,0.96,0.95,0.96,0.95,0.95,0.96
GWETTOP,2018,-4.5,40.625,1.0,1.0,1.0,1.0,1.0,1.0,1.0,1.0,1.0,1.0,1.0,1.0,1.0
GWETTOP,2018,-4.5,41.25,1.0,1.0,1.0,1.0,1.0,1.0,1.0,1.0,1.0,1.0,1.0,1.0,1.0
GWETTOP,2018,-4.5,41.875,1.0,1.0,1.0,1.0,1.0,1.0,1.0,1.0,1.0,1.0,1.0,1.0,1.0
GWETTOP,2018,0.5,34.375,0.53,0.46,0.66,0.72,0.77,0.79,0.76,0.75,0.77,0.74,0.74,0.72,0.7
GWETTOP,2018,0.5,35.0,0.69,0.58,0.7,0.8,0.91,0.95,0.94,0.92,0.89,0.83,0.79,0.75,0.81
GWETTOP,2018,0.5,35.625,0.49,0.43,0.52,0.72,0.83,0.88,0.88,0.83,0.79,0.71,0.65,0.59,0.69
GWETTOP,2018,0.5,36.25,0.34,0.24,0.48,0.67,0.75,0.78,0.73,0.62,0.53,0.45,0.45,0.44,0.54
GWETTOP,2018,0.5,36.875,0.37,0.29,0.58,0.74,0.8,0.78,0.72,0.6,0.48,0.44,0.52,0.52,0.57
GWETTOP,2018,0.5,37.5,0.36,0.26,0.46,0.66,0.72,0.65,0.56,0.46,0.37,0.34,0.4,0.41,0.47
GWETTOP,2018,0.5,38.125,0.3,0.21,0.41,0.57,0.55,0.44,0.38,0.31,0.23,0.25,0.37,0.37,0.37
GWETTOP,2018,0.5,38.75,0.26,0.17,0.38,0.5,0.48,0.38,0.34,0.26,0.19,0.22,0.35,0.34,0.32
GWETTOP,2018,0.5,39.375,0.23,0.14,0.4,0.54,0.55,0.41,0.35,0.25,0.2,0.24,0.35,0.34,0.33
GWETTOP,2018,0.5,40.0,0.21,0.13,0.42,0.57,0.57,0.42,0.36,0.28,0.21,0.24,0.34,0.33,0.34
GWETTOP,2018,0.5,40.625,0.18,0.13,0.43,0.57,0.55,0.42,0.36,0.29,0.23,0.24,0.33,0.32,0.34
GWETTOP,2018,0.5,41.25,0.23,0.2,0.42,0.53,0.51,0.44,0.4,0.35,0.32,0.31,0.35,0.33,0.37
GWETTOP,2018,0.5,41.875,0.22,0.2,0.37,0.53,0.58,0.46,0.42,0.37,0.3,0.3,0.34,0.33,0.37
GWETTOP,2018,1.0,34.375,0.58,0.5,0.67,0.76,0.81,0.83,0.8,0.79,0.79,0.79,0.79,0.76,0.74
GWETTOP,2018,1.0,35.0,0.61,0.5,0.64,0.79,0.9,0.93,0.93,0.89,0.86,0.81,0.76,0.7,0.78
GWETTOP,2018,1.0,35.625,0.17,0.14,0.39,0.51,0.57,0.57,0.5,0.41,0.37,0.29,0.3,0.33,0.38
GWETTOP,2018,1.0,36.25,0.21,0.15,0.4,0.56,0.61,0.61,0.53,0.42,0.37,0.33,0.34,0.35,0.41
GWETTOP,2018,1.0,36.875,0.26,0.17,0.4,0.53,0.56,0.51,0.44,0.37,0.33,0.29,0.35,0.35,0.38
GWETTOP,2018,1.0,37.5,0.28,0.18,0.4,0.58,0.57,0.49,0.4,0.32,0.23,0.24,0.36,0.36,0.37
GWETTOP,2018,1.0,38.125,0.23,0.18,0.38,0.47,0.4,0.35,0.32,0.23,0.17,0.21,0.34,0.32,0.3
GWETTOP,2018,1.0,38.75,0.22,0.16,0.38,0.46,0.41,0.36,0.31,0.22,0.19,0.23,0.34,0.31,0.3
GWETTOP,2018,1.0,39.375,0.17,0.13,0.41,0.57,0.54,0.4,0.33,0.21,0.2,0.25,0.36,0.34,0.33
GWETTOP,2018,1.0,40.0,0.16,0.12,0.45,0.64,0.62,0.42,0.35,0.26,0.2,0.24,0.34,0.34,0.35
GWETTOP,2018,1.0,40.625,0.17,0.12,0.45,0.64,0.63,0.45,0.37,0.27,0.19,0.23,0.37,0.36,0.36
GWETTOP,2018,1.0,41.25,0.2,0.15,0.43,0.59,0.6,0.5,0.44,0.33,0.25,0.27,0.41,0.41,0.38
GWETTOP,2018,1.0,41.875,0.2,0.15,0.34,0.52,0.58,0.43,0.36,0.3,0.23,0.25,0.35,0.36,0.34
GWETTOP,2018,1.5,34.375,0.39,0.31,0.6,0.68,0.74,0.76,0.72,0.68,0.65,0.64,0.57,0.54,0.61
GWETTOP,2018,1.5,35.0,0.36,0.27,0.51,0.67,0.8,0.83,0.81,0.72,0.63,0.56,0.51,0.46,0.6
GWETTOP,2018,1.5,35.625,0.16,0.12,0.36,0.48,0.52,0.49,0.43,0.35,0.29,0.29,0.28,0.32,0.34
GWETTOP,2018,1.5,36.25,0.12,0.1,0.37,0.47,0.5,0.49,0.42,0.32,0.24,0.24,0.26,0.31,0.32
GWETTOP,2018,1.5,36.875,0.23,0.14,0.37,0.54,0.56,0.47,0.39,0.33,0.23,0.23,0.33,0.33,0.35
GWETTOP,2018,1.5,37.5,0.2,0.14,0.37,0.51,0.48,0.4,0.35,0.26,0.17,0.22,0.31,0.32,0.31
GWETTOP,2018,1.5,38.125,0.24,0.2,0.38,0.48,0.4,0.34,0.32,0.26,0.22,0.26,0.32,0.31,0.31
GWETTOP,2018,1.5,38.75,0.24,0.21,0.46,0.57,0.49,0.42,0.35,0.27,0.25,0.3,0.37,0.36,0.36
GWETTOP,2018,1.5,39.375,0.21,0.14,0.45,0.63,0.62,0.47,0.37,0.29,0.22,0.26,0.36,0.36,0.37
GWETTOP,2018,1.5,40.0,0.17,0.12,0.42,0.61,0.6,0.46,0.37,0.25,0.21,0.27,0.37,0.37,0.35
GWETTOP,2018,1.5,40.625,0.2,0.13,0.48,0.71,0.73,0.55,0.42,0.29,0.21,0.26,0.45,0.44,0.41
GWETTOP,2018,1.5,41.25,0.23,0.12,0.35,0.57,0.59,0.42,0.36,0.29,0.19,0.22,0.37,0.39,0.34
GWETTOP,2018,1.5,41.875,0.19,0.12,0.35,0.58,0.67,0.45,0.35,0.25,0.2,0.24,0.4,0.4,0.35
GWETTOP,2018,2.0,34.375,0.29,0.26,0.52,0.6,0.65,0.64,0.6,0.52,0.48,0.49,0.43,0.43,0.49
GWETTOP,2018,2.0,35.0,0.22,0.17,0.44,0.56,0.64,0.65,0.58,0.47,0.39,0.38,0.37,0.38,0.44
GWETTOP,2018,2.0,35.625,0.11,0.1,0.33,0.42,0.43,0.43,0.37,0.27,0.17,0.21,0.21,0.29,0.28
GWETTOP,2018,2.0,36.25,0.1,0.1,0.37,0.45,0.46,0.44,0.34,0.21,0.15,0.19,0.21,0.3,0.28
GWETTOP,2018,2.0,36.875,0.2,0.15,0.39,0.52,0.53,0.45,0.38,0.3,0.21,0.26,0.31,0.34,0.34
GWETTOP,2018,2.0,37.5,0.19,0.14,0.38,0.53,0.52,0.42,0.35,0.25,0.16,0.24,0.3,0.32,0.32
GWETTOP,2018,2.0,38.125,0.25,0.19,0.41,0.56,0.49,0.41,0.35,0.27,0.22,0.3,0.36,0.35,0.35
GWETTOP,2018,2.0,38.75,0.24,0.2,0.41,0.55,0.5,0.42,0.37,0.3,0.25,0.31,0.36,0.35,0.36
GWETTOP,2018,2.0,39.375,0.22,0.15,0.41,0.63,0.65,0.5,0.39,0.32,0.23,0.28,0.38,0.38,0.38
GWETTOP,2018,2.0,40.0,0.2,0.14,0.44,0.68,0.7,0.52,0.41,0.32,0.23,0.29,0.42,0.42,0.4
GWETTOP,2018,2.0,40.625,0.2,0.16,0.6,0.8,0.8,0.63,0.44,0.27,0.24,0.34,0.61,0.56,0.47
GWETTOP,2018,2.0,41.25,0.23,0.15,0.46,0.69,0.71,0.51,0.4,0.28,0.2,0.27,0.48,0.46,0.4
GWETTOP,2018,2.0,41.875,0.22,0.15,0.47,0.68,0.73,0.54,0.34,0.28,0.23,0.31,0.57,0.47,0.42
GWETTOP,2018,2.5,34.375,0.28,0.26,0.47,0.54,0.57,0.57,0.5,0.45,0.41,0.42,0.34,0.37,0.43
GWETTOP,2018,2.5,35.0,0.24,0.18,0.4,0.52,0.59,0.6,0.49,0.4,0.34,0.32,0.3,0.34,0.39
GWETTOP,2018,2.5,35.625,0.11,0.1,0.34,0.41,0.45,0.46,0.37,0.27,0.14,0.18,0.2,0.29,0.28
GWETTOP,2018,2.5,36.25,0.1,0.11,0.36,0.43,0.43,0.39,0.28,0.15,0.13,0.17,0.2,0.28,0.25
GWETTOP,2018,2.5,36.875,0.13,0.14,0.39,0.47,0.47,0.41,0.35,0.24,0.16,0.23,0.27,0.33,0.3
GWETTOP,2018,2.5,37.5,0.13,0.14,0.41,0.53,0.49,0.4,0.28,0.18,0.15,0.26,0.3,0.32,0.3
GWETTOP,2018,2.5,38.125,0.17,0.17,0.41,0.57,0.5,0.4,0.34,0.23,0.2,0.3,0.37,0.35,0.33
GWETTOP,2018,2.5,38.75,0.17,0.17,0.4,0.57,0.5,0.4,0.34,0.25,0.21,0.31,0.37,0.34,0.34
GWETTOP,2018,2.5,39.375,0.15,0.16,0.39,0.61,0.59,0.44,0.37,0.3,0.22,0.32,0.38,0.36,0.36
GWETTOP,2018,2.5,40.0,0.18,0.18,0.44,0.67,0.69,0.52,0.4,0.31,0.24,0.33,0.44,0.41,0.4
GWETTOP,2018,2.5,40.625,0.2,0.19,0.52,0.68,0.68,0.53,0.37,0.24,0.24,0.34,0.54,0.5,0.42
GWETTOP,2018,2.5,41.25,0.16,0.17,0.31,0.5,0.46,0.3,0.23,0.19,0.18,0.24,0.34,0.31,0.28
GWETTOP,2018,2.5,41.875,0.21,0.17,0.32,0.49,0.49,0.35,0.27,0.23,0.2,0.28,0.4,0.36,0.31
GWETTOP,2018,3.0,34.375,0.3,0.22,0.52,0.61,0.71,0.72,0.63,0.54,0.5,0.48,0.4,0.35,0.5
GWETTOP,2018,3.0,35.0,0.17,0.13,0.4,0.53,0.6,0.56,0.42,0.35,0.27,0.3,0.27,0.3,0.36
GWETTOP,2018,3.0,35.625,0.1,0.1,0.34,0.41,0.39,0.36,0.27,0.14,0.12,0.18,0.18,0.29,0.24
GWETTOP,2018,3.0,36.25,0.1,0.1,0.35,0.43,0.4,0.37,0.25,0.14,0.12,0.18,0.2,0.29,0.24
GWETTOP,2018,3.0,36.875,0.09,0.11,0.36,0.42,0.39,0.35,0.25,0.15,0.13,0.19,0.25,0.27,0.25
GWETTOP,2018,3.0,37.5,0.07,0.11,0.36,0.49,0.39,0.3,0.19,0.11,0.11,0.23,0.27,0.25,0.24
GWETTOP,2018,3.0,38.125,0.1,0.15,0.4,0.55,0.49,0.4,0.34,0.22,0.17,0.3,0.36,0.33,0.32
GWETTOP,2018,3.0,38.75,0.12,0.18,0.45,0.62,0.54,0.44,0.37,0.23,0.2,0.35,0.42,0.36,0.36
GWETTOP,2018,3.0,39.375,0.12,0.17,0.38,0.57,0.53,0.4,0.36,0.29,0.21,0.34,0.38,0.34,0.34
GWETTOP,2018,3.0,40.0,0.14,0.18,0.42,0.6,0.59,0.44,0.36,0.3,0.22,0.35,0.42,0.37,0.37
GWETTOP,2018,3.0,40.625,0.17,0.19,0.4,0.53,0.52,0.4,0.29,0.22,0.21,0.31,0.43,0.38,0.34
GWETTOP,2018,3.0,41.25,0.17,0.17,0.3,0.44,0.39,0.29,0.23,0.19,0.19,0.26,0.35,0.3,0.27
GWETTOP,2018,3.0,41.875,0.23,0.15,0.3,0.43,0.41,0.31,0.28,0.21,0.16,0.27,0.4,0.35,0.29
GWETTOP,2018,3.5,34.375,0.22,0.15,0.49,0.61,0.71,0.71,0.53,0.43,0.43,0.42,0.37,0.35,0.45
GWETTOP,2018,3.5,35.0,0.13,0.14,0.41,0.58,0.64,0.57,0.41,0.34,0.26,0.31,0.29,0.32,0.37
GWETTOP,2018,3.5,35.625,0.1,0.12,0.37,0.52,0.49,0.43,0.34,0.19,0.13,0.2,0.21,0.29,0.28
GWETTOP,2018,3.5,36.25,0.09,0.12,0.37,0.51,0.48,0.41,0.31,0.17,0.13,0.21,0.23,0.29,0.28
GWETTOP,2018,3.5,36.875,0.09,0.13,0.37,0.49,0.48,0.4,0.34,0.22,0.15,0.24,0.32,0.29,0.29
GWETTOP,2018,3.5,37.5,0.1,0.14,0.42,0.57,0.52,0.42,0.31,0.22,0.17,0.28,0.34,0.33,0.32
GWETTOP,2018,3.5,38.125,0.11,0.16,0.4,0.54,0.52,0.43,0.38,0.31,0.22,0.33,0.39,0.36,0.35
GWETTOP,2018,3.5,38.75,0.14,0.17,0.41,0.58,0.57,0.46,0.41,0.33,0.28,0.37,0.4,0.35,0.37
GWETTOP,2018,3.5,39.375,0.17,0.19,0.44,0.63,0.67,0.53,0.45,0.37,0.3,0.39,0.43,0.38,0.41
GWETTOP,2018,3.5,40.0,0.14,0.17,0.43,0.61,0.62,0.45,0.36,0.3,0.22,0.35,0.41,0.36,0.37
GWETTOP,2018,3.5,40.625,0.18,0.19,0.51,0.64,0.61,0.48,0.3,0.23,0.22,0.38,0.53,0.4,0.39
GWETTOP,2018,3.5,41.25,0.18,0.18,0.33,0.47,0.44,0.33,0.24,0.2,0.19,0.29,0.38,0.32,0.3
GWETTOP,2018,3.5,41.875,0.17,0.14,0.26,0.44,0.38,0.26,0.21,0.16,0.14,0.24,0.35,0.29,0.25
GWETTOP,2018,4.0,34.375,0.19,0.19,0.55,0.65,0.69,0.65,0.53,0.4,0.41,0.5,0.43,0.42,0.47
GWETTOP,2018,4.0,35.0,0.13,0.2,0.47,0.63,0.7,0.64,0.48,0.32,0.26,0.41,0.34,0.39,0.42
GWETTOP,2018,4.0,35.625,0.13,0.16,0.37,0.6,0.63,0.57,0.41,0.3,0.19,0.27,0.29,0.33,0.36
GWETTOP,2018,4.0,36.25,0.1,0.14,0.37,0.59,0.58,0.47,0.35,0.22,0.14,0.24,0.26,0.29,0.31
GWETTOP,2018,4.0,36.875,0.12,0.14,0.37,0.56,0.57,0.43,0.35,0.26,0.16,0.24,0.32,0.29,0.32
GWETTOP,2018,4.0,37.5,0.12,0.15,0.41,0.6,0.6,0.47,0.38,0.28,0.18,0.28,0.35,0.3,0.34
GWETTOP,2018,4.0,38.125,0.23,0.24,0.5,0.68,0.7,0.58,0.49,0.41,0.33,0.41,0.46,0.39,0.45
GWETTOP,2018,4.0,38.75,0.23,0.27,0.63,0.79,0.82,0.73,0.65,0.56,0.36,0.5,0.61,0.52,0.56
GWETTOP,2018,4.0,39.375,0.21,0.27,0.63,0.79,0.8,0.68,0.61,0.42,0.3,0.47,0.61,0.51,0.53
GWETTOP,2018,4.0,40.0,0.15,0.18,0.5,0.65,0.65,0.51,0.43,0.28,0.22,0.37,0.45,0.33,0.39
GWETTOP,2018,4.0,40.625,0.2,0.19,0.52,0.65,0.61,0.47,0.33,0.23,0.21,0.38,0.51,0.41,0.39
GWETTOP,2018,4.0,41.25,0.23,0.17,0.34,0.47,0.44,0.36,0.28,0.17,0.16,0.28,0.38,0.34,0.3
GWETTOP,2018,4.0,41.875,0.24,0.15,0.28,0.48,0.42,0.33,0.27,0.17,0.15,0.26,0.35,0.32,0.29
GWETTOP,2018,4.5,34.375,0.2,0.25,0.57,0.69,0.69,0.58,0.46,0.36,0.41,0.56,0.43,0.45,0.47
GWETTOP,2018,4.5,35.0,0.14,0.26,0.54,0.68,0.75,0.68,0.5,0.34,0.3,0.5,0.42,0.45,0.46
GWETTOP,2018,4.5,35.625,0.15,0.2,0.4,0.69,0.75,0.68,0.46,0.35,0.24,0.33,0.35,0.37,0.42
GWETTOP,2018,4.5,36.25,0.13,0.17,0.38,0.67,0.69,0.56,0.39,0.28,0.17,0.28,0.29,0.31,0.36
GWETTOP,2018,4.5,36.875,0.16,0.16,0.37,0.61,0.65,0.5,0.39,0.32,0.19,0.27,0.28,0.25,0.35
GWETTOP,2018,4.5,37.5,0.18,0.22,0.54,0.73,0.77,0.65,0.54,0.37,0.25,0.4,0.42,0.34,0.45
GWETTOP,2018,4.5,38.125,0.28,0.31,0.63,0.79,0.83,0.76,0.65,0.55,0.37,0.49,0.58,0.45,0.56
GWETTOP,2018,4.5,38.75,0.28,0.3,0.61,0.77,0.8,0.72,0.62,0.5,0.35,0.47,0.56,0.42,0.53
GWETTOP,2018,4.5,39.375,0.22,0.22,0.53,0.68,0.69,0.56,0.49,0.37,0.27,0.4,0.47,0.36,0.44
GWETTOP,2018,4.5,40.0,0.19,0.2,0.47,0.63,0.63,0.49,0.42,0.31,0.24,0.35,0.41,0.32,0.39
GWETTOP,2018,4.5,40.625,0.22,0.16,0.4,0.52,0.49,0.4,0.34,0.19,0.18,0.32,0.39,0.34,0.33
GWETTOP,2018,4.5,41.25,0.3,0.18,0.33,0.48,0.45,0.36,0.32,0.21,0.18,0.3,0.36,0.35,0.32
GWETTOP,2018,4.5,41.875,0.24,0.13,0.25,0.47,0.44,0.34,0.25,0.17,0.15,0.28,0.36,0.3,0.28
GWETTOP,2019,-0.5,34.375,0.62,0.39,0.55,0.6,0.75,0.81,0.74,0.72,0.71,0.85,0.94,0.95,0.72
GWETTOP,2019,-0.5,35.0,0.72,0.55,0.55,0.55,0.74,0.8,0.79,0.76,0.77,0.84,0.93,0.96,0.75
GWETTOP,2019,-0.5,35.625,0.66,0.58,0.51,0.5,0.57,0.62,0.59,0.58,0.61,0.64,0.68,0.84,0.62
GWETTOP,2019,-0.5,36.25,0.63,0.55,0.48,0.48,0.55,0.59,0.56,0.55,0.58,0.64,0.67,0.81,0.59
GWETTOP,2019,-0.5,36.875,0.58,0.49,0.41,0.42,0.47,0.5,0.45,0.44,0.44,0.61,0.64,0.71,0.51
GWETTOP,2019,-0.5,37.5,0.53,0.45,0.38,0.4,0.49,0.51,0.46,0.45,0.46,0.61,0.67,0.77,0.52
GWETTOP,2019,-0.5,38.125,0.46,0.34,0.29,0.36,0.44,0.35,0.27,0.28,0.28,0.52,0.61,0.67,0.41
GWETTOP,2019,-0.5,38.75,0.38,0.27,0.25,0.33,0.42,0.32,0.25,0.26,0.26,0.49,0.57,0.62,0.37
GWETTOP,2019,-0.5,39.375,0.27,0.2,0.19,0.31,0.46,0.38,0.34,0.3,0.33,0.47,0.51,0.55,0.36
GWETTOP,2019,-0.5,40.0,0.29,0.22,0.2,0.33,0.51,0.44,0.38,0.34,0.36,0.51,0.55,0.61,0.4
GWETTOP,2019,-0.5,40.625,0.27,0.23,0.22,0.33,0.6,0.54,0.5,0.44,0.44,0.53,0.55,0.6,0.44
GWETTOP,2019,-0.5,41.25,0.28,0.25,0.23,0.34,0.62,0.55,0.51,0.45,0.45,0.53,0.56,0.6,0.45
GWETTOP,2019,-0.5,41.875,0.24,0.2,0.19,0.3,0.58,0.57,0.52,0.48,0.45,0.51,0.53,0.56,0.43
GWETTOP,2019,-1.0,34.375,0.58,0.48,0.48,0.5,0.65,0.63,0.55,0.54,0.57,0.58,0.72,0.91,0.6
GWETTOP,2019,-1.0,35.0,0.66,0.54,0.5,0.51,0.64,0.71,0.67,0.62,0.63,0.63,0.75,0.92,0.65
GWETTOP,2019,-1.0,35.625,0.49,0.44,0.31,0.36,0.52,0.62,0.58,0.53,0.55,0.56,0.59,0.84,0.53
GWETTOP,2019,-1.0,36.25,0.4,0.34,0.3,0.33,0.42,0.54,0.49,0.45,0.44,0.5,0.52,0.7,0.45
GWETTOP,2019,-1.0,36.875,0.51,0.4,0.26,0.34,0.47,0.49,0.41,0.35,0.3,0.53,0.6,0.71,0.45
GWETTOP,2019,-1.0,37.5,0.49,0.37,0.31,0.35,0.48,0.49,0.43,0.38,0.34,0.53,0.59,0.67,0.45
GWETTOP,2019,-1.0,38.125,0.41,0.3,0.26,0.38,0.47,0.36,0.29,0.3,0.3,0.57,0.64,0.66,0.41
GWETTOP,2019,-1.0,38.75,0.35,0.25,0.23,0.36,0.47,0.33,0.27,0.28,0.28,0.56,0.62,0.64,0.39
GWETTOP,2019,-1.0,39.375,0.26,0.19,0.18,0.38,0.55,0.36,0.34,0.3,0.35,0.56,0.6,0.63,0.39
GWETTOP,2019,-1.0,40.0,0.31,0.23,0.21,0.4,0.6,0.45,0.39,0.35,0.4,0.6,0.64,0.67,0.44
GWETTOP,2019,-1.0,40.625,0.29,0.26,0.24,0.37,0.62,0.57,0.53,0.47,0.48,0.55,0.58,0.62,0.47
GWETTOP,2019,-1.0,41.25,0.27,0.24,0.22,0.36,0.62,0.58,0.54,0.48,0.48,0.53,0.56,0.61,0.46
GWETTOP,2019,-1.0,41.875,0.24,0.21,0.2,0.28,0.53,0.52,0.47,0.43,0.41,0.45,0.49,0.54,0.4
GWETTOP,2019,-1.5,34.375,0.66,0.56,0.55,0.51,0.66,0.59,0.52,0.45,0.55,0.58,0.69,0.92,0.6
GWETTOP,2019,-1.5,35.0,0.61,0.51,0.47,0.42,0.6,0.63,0.56,0.49,0.55,0.55,0.66,0.91,0.58
GWETTOP,2019,-1.5,35.625,0.5,0.41,0.4,0.36,0.54,0.62,0.55,0.5,0.49,0.58,0.66,0.85,0.54
GWETTOP,2019,-1.5,36.25,0.35,0.21,0.22,0.26,0.43,0.48,0.42,0.37,0.34,0.43,0.47,0.61,0.38
GWETTOP,2019,-1.5,36.875,0.52,0.27,0.28,0.34,0.59,0.6,0.39,0.36,0.33,0.61,0.65,0.7,0.47
GWETTOP,2019,-1.5,37.5,0.45,0.29,0.25,0.33,0.46,0.47,0.37,0.33,0.31,0.56,0.63,0.7,0.43
GWETTOP,2019,-1.5,38.125,0.43,0.36,0.31,0.36,0.43,0.41,0.34,0.34,0.32,0.53,0.57,0.64,0.42
GWETTOP,2019,-1.5,38.75,0.36,0.25,0.23,0.35,0.49,0.34,0.29,0.3,0.3,0.57,0.59,0.62,0.39
GWETTOP,2019,-1.5,39.375,0.3,0.2,0.19,0.37,0.52,0.36,0.32,0.3,0.33,0.56,0.58,0.6,0.39
GWETTOP,2019,-1.5,40.0,0.32,0.25,0.24,0.47,0.63,0.54,0.48,0.42,0.47,0.62,0.65,0.67,0.48
GWETTOP,2019,-1.5,40.625,0.31,0.27,0.25,0.4,0.63,0.59,0.57,0.5,0.51,0.58,0.6,0.63,0.49
GWETTOP,2019,-1.5,41.25,0.26,0.2,0.18,0.39,0.61,0.61,0.56,0.49,0.5,0.54,0.58,0.62,0.46
GWETTOP,2019,-1.5,41.875,0.56,0.52,0.51,0.58,0.72,0.74,0.7,0.66,0.65,0.68,0.7,0.74,0.65
GWETTOP,2019,-1.7975103014118005e-13,34.375,0.64,0.52,0.53,0.58,0.72,0.74,0.71,0.68,0.67,0.81,0.9,0.92,0.7
GWETTOP,2019,-1.7975103014118005e-13,35.0,0.72,0.57,0.57,0.57,0.74,0.8,0.83,0.84,0.86,0.91,0.94,0.95,0.78
GWETTOP,2019,-1.7975103014118005e-13,35.625,0.7,0.61,0.55,0.52,0.62,0.66,0.66,0.66,0.68,0.74,0.79,0.89,0.67
GWETTOP,2019,-1.7975103014118005e-13,36.25,0.56,0.46,0.42,0.44,0.56,0.61,0.58,0.58,0.59,0.65,0.68,0.79,0.58
GWETTOP,2019,-1.7975103014118005e-13,36.875,0.5,0.43,0.37,0.36,0.44,0.46,0.43,0.43,0.44,0.56,0.59,0.71,0.48
GWETTOP,2019,-1.7975103014118005e-13,37.5,0.51,0.43,0.39,0.4,0.45,0.48,0.44,0.44,0.45,0.63,0.69,0.8,0.51
GWETTOP,2019,-1.7975103014118005e-13,38.125,0.43,0.35,0.29,0.31,0.38,0.34,0.25,0.24,0.24,0.48,0.57,0.65,0.38
GWETTOP,2019,-1.7975103014118005e-13,38.75,0.35,0.26,0.23,0.26,0.34,0.3,0.22,0.2,0.21,0.43,0.48,0.55,0.32
GWETTOP,2019,-1.7975103014118005e-13,39.375,0.27,0.19,0.17,0.24,0.39,0.36,0.32,0.27,0.27,0.44,0.45,0.53,0.33
GWETTOP,2019,-1.7975103014118005e-13,40.0,0.26,0.18,0.17,0.25,0.43,0.42,0.37,0.33,0.31,0.46,0.47,0.57,0.35
GWETTOP,2019,-1.7975103014118005e-13,40.625,0.23,0.17,0.16,0.27,0.51,0.49,0.43,0.37,0.36,0.53,0.51,0.57,0.38
GWETTOP,2019,-1.7975103014118005e-13,41.25,0.25,0.21,0.2,0.29,0.54,0.48,0.42,0.37,0.38,0.54,0.51,0.54,0.4
GWETTOP,2019,-1.7975103014118005e-13,41.875,0.23,0.19,0.18,0.28,0.53,0.51,0.46,0.41,0.39,0.58,0.54,0.55,0.41
GWETTOP,2019,-2.0,34.375,0.71,0.63,0.59,0.53,0.63,0.46,0.37,0.37,0.52,0.57,0.67,0.9,0.58
GWETTOP,2019,-2.0,35.0,0.65,0.57,0.54,0.44,0.58,0.58,0.48,0.39,0.49,0.56,0.65,0.88,0.57
GWETTOP,2019,-2.0,35.625,0.49,0.42,0.37,0.35,0.55,0.56,0.44,0.38,0.38,0.58,0.65,0.76,0.49
GWETTOP,2019,-2.0,36.25,0.32,0.23,0.24,0.23,0.39,0.39,0.32,0.24,0.24,0.41,0.44,0.53,0.33
GWETTOP,2019,-2.0,36.875,0.5,0.29,0.29,0.35,0.6,0.56,0.32,0.33,0.32,0.65,0.7,0.75,0.47
GWETTOP,2019,-2.0,37.5,0.47,0.31,0.27,0.34,0.51,0.48,0.31,0.32,0.29,0.6,0.67,0.73,0.44
GWETTOP,2019,-2.0,38.125,0.42,0.36,0.32,0.35,0.42,0.38,0.32,0.32,0.29,0.52,0.57,0.62,0.41
GWETTOP,2019,-2.0,38.75,0.39,0.29,0.27,0.37,0.51,0.36,0.31,0.31,0.31,0.61,0.61,0.63,0.42
GWETTOP,2019,-2.0,39.375,0.34,0.24,0.23,0.41,0.56,0.43,0.36,0.33,0.37,0.6,0.62,0.63,0.43
GWETTOP,2019,-2.0,40.0,0.3,0.23,0.21,0.45,0.58,0.49,0.44,0.39,0.42,0.57,0.61,0.63,0.44
GWETTOP,2019,-2.0,40.625,0.31,0.25,0.22,0.44,0.63,0.62,0.58,0.5,0.5,0.58,0.62,0.65,0.49
GWETTOP,2019,-2.0,41.25,0.39,0.33,0.29,0.43,0.6,0.61,0.57,0.5,0.5,0.55,0.57,0.6,0.5
GWETTOP,2019,-2.0,41.875,0.65,0.61,0.58,0.64,0.74,0.72,0.7,0.68,0.68,0.72,0.74,0.76,0.69
GWETTOP,2019,-2.5,34.375,0.78,0.66,0.56,0.54,0.54,0.4,0.26,0.32,0.49,0.61,0.69,0.89,0.56
GWETTOP,2019,-2.5,35.0,0.69,0.68,0.57,0.49,0.51,0.46,0.3,0.32,0.41,0.52,0.61,0.87,0.54
GWETTOP,2019,-2.5,35.625,0.5,0.48,0.35,0.31,0.5,0.45,0.25,0.23,0.24,0.54,0.59,0.72,0.43
GWETTOP,2019,-2.5,36.25,0.44,0.39,0.3,0.29,0.47,0.4,0.28,0.22,0.23,0.51,0.54,0.65,0.39
GWETTOP,2019,-2.5,36.875,0.58,0.45,0.32,0.36,0.61,0.54,0.31,0.31,0.29,0.65,0.72,0.82,0.5
GWETTOP,2019,-2.5,37.5,0.59,0.52,0.4,0.4,0.61,0.57,0.43,0.39,0.37,0.7,0.78,0.84,0.55
GWETTOP,2019,-2.5,38.125,0.52,0.46,0.37,0.4,0.52,0.45,0.37,0.34,0.3,0.62,0.68,0.71,0.48
GWETTOP,2019,-2.5,38.75,0.47,0.38,0.34,0.42,0.56,0.42,0.36,0.35,0.34,0.66,0.68,0.67,0.47
GWETTOP,2019,-2.5,39.375,0.43,0.34,0.3,0.51,0.67,0.6,0.5,0.45,0.48,0.71,0.74,0.75,0.54
GWETTOP,2019,-2.5,40.0,0.32,0.26,0.22,0.38,0.54,0.49,0.42,0.39,0.4,0.55,0.58,0.6,0.43
GWETTOP,2019,-2.5,40.625,0.46,0.41,0.37,0.52,0.67,0.69,0.62,0.55,0.56,0.65,0.69,0.71,0.58
GWETTOP,2019,-2.5,41.25,1.0,1.0,1.0,1.0,1.0,1.0,1.0,1.0,1.0,1.0,1.0,1.0,1.0
GWETTOP,2019,-2.5,41.875,1.0,1.0,1.0,1.0,1.0,1.0,1.0,1.0,1.0,1.0,1.0,1.0,1.0
GWETTOP,2019,-3.0,34.375,0.83,0.74,0.59,0.52,0.5,0.36,0.21,0.24,0.45,0.49,0.64,0.88,0.54
GWETTOP,2019,-3.0,35.0,0.8,0.81,0.66,0.52,0.52,0.46,0.27,0.29,0.38,0.52,0.63,0.89,0.56
GWETTOP,2019,-3.0,35.625,0.87,0.88,0.78,0.64,0.69,0.62,0.51,0.47,0.42,0.7,0.82,0.93,0.69
GWETTOP,2019,-3.0,36.25,0.64,0.62,0.46,0.37,0.6,0.51,0.28,0.23,0.27,0.64,0.71,0.84,0.51
GWETTOP,2019,-3.0,36.875,0.88,0.87,0.73,0.63,0.85,0.86,0.77,0.72,0.67,0.89,0.94,0.95,0.81
GWETTOP,2019,-3.0,37.5,0.79,0.74,0.59,0.51,0.68,0.66,0.57,0.52,0.5,0.74,0.86,0.93,0.67
GWETTOP,2019,-3.0,38.125,0.56,0.51,0.45,0.45,0.56,0.49,0.46,0.41,0.38,0.64,0.7,0.71,0.53
GWETTOP,2019,-3.0,38.75,0.5,0.43,0.35,0.44,0.59,0.46,0.4,0.38,0.36,0.67,0.69,0.67,0.5
GWETTOP,2019,-3.0,39.375,0.51,0.41,0.34,0.52,0.72,0.68,0.61,0.56,0.56,0.75,0.78,0.78,0.6
GWETTOP,2019,-3.0,40.0,0.37,0.33,0.27,0.37,0.56,0.53,0.45,0.4,0.41,0.58,0.61,0.61,0.46
GWETTOP,2019,-3.0,40.625,0.75,0.74,0.72,0.76,0.84,0.87,0.82,0.78,0.78,0.85,0.87,0.88,0.81
GWETTOP,2019,-3.0,41.25,1.0,1.0,1.0,1.0,1.0,1.0,1.0,1.0,1.0,1.0,1.0,1.0,1.0
GWETTOP,2019,-3.0,41.875,1.0,1.0,1.0,1.0,1.0,1.0,1.0,1.0,1.0,1.0,1.0,1.0,1.0
GWETTOP,2019,-3.5,34.375,0.85,0.8,0.65,0.54,0.52,0.37,0.2,0.18,0.33,0.46,0.6,0.81,0.52
GWETTOP,2019,-3.5,35.0,0.76,0.76,0.64,0.52,0.52,0.44,0.3,0.28,0.31,0.48,0.57,0.77,0.53
GWETTOP,2019,-3.5,35.625,0.63,0.62,0.52,0.5,0.55,0.5,0.45,0.36,0.29,0.56,0.6,0.7,0.52
GWETTOP,2019,-3.5,36.25,0.61,0.59,0.5,0.42,0.55,0.49,0.31,0.22,0.23,0.56,0.61,0.72,0.48
GWETTOP,2019,-3.5,36.875,0.72,0.7,0.56,0.48,0.61,0.55,0.47,0.38,0.31,0.66,0.74,0.84,0.58
GWETTOP,2019,-3.5,37.5,0.49,0.47,0.35,0.35,0.53,0.48,0.41,0.31,0.27,0.56,0.6,0.68,0.46
GWETTOP,2019,-3.5,38.125,0.49,0.45,0.35,0.43,0.59,0.46,0.44,0.4,0.39,0.66,0.67,0.66,0.5
GWETTOP,2019,-3.5,38.75,0.56,0.51,0.43,0.49,0.64,0.53,0.51,0.48,0.47,0.71,0.72,0.71,0.56
GWETTOP,2019,-3.5,39.375,0.54,0.44,0.36,0.55,0.75,0.74,0.68,0.63,0.61,0.77,0.8,0.79,0.64
GWETTOP,2019,-3.5,40.0,0.55,0.5,0.45,0.54,0.7,0.65,0.59,0.56,0.56,0.72,0.74,0.73,0.61
GWETTOP,2019,-3.5,40.625,0.92,0.91,0.91,0.92,0.95,0.96,0.95,0.93,0.93,0.95,0.96,0.96,0.94
GWETTOP,2019,-3.5,41.25,1.0,1.0,1.0,1.0,1.0,1.0,1.0,1.0,1.0,1.0,1.0,1.0,1.0
GWETTOP,2019,-3.5,41.875,1.0,1.0,1.0,1.0,1.0,1.0,1.0,1.0,1.0,1.0,1.0,1.0,1.0
GWETTOP,2019,-4.0,34.375,0.79,0.75,0.66,0.6,0.57,0.43,0.32,0.24,0.27,0.44,0.56,0.74,0.53
GWETTOP,2019,-4.0,35.0,0.74,0.74,0.67,0.6,0.6,0.51,0.41,0.38,0.32,0.51,0.56,0.7,0.56
GWETTOP,2019,-4.0,35.625,0.62,0.62,0.55,0.52,0.57,0.52,0.47,0.42,0.33,0.52,0.54,0.59,0.52
GWETTOP,2019,-4.0,36.25,0.59,0.57,0.5,0.47,0.54,0.48,0.37,0.28,0.24,0.51,0.52,0.58,0.47
GWETTOP,2019,-4.0,36.875,0.53,0.51,0.46,0.43,0.54,0.47,0.39,0.3,0.25,0.52,0.54,0.59,0.46
GWETTOP,2019,-4.0,37.5,0.53,0.5,0.42,0.45,0.57,0.5,0.43,0.36,0.32,0.58,0.59,0.63,0.49
GWETTOP,2019,-4.0,38.125,0.49,0.45,0.36,0.49,0.66,0.5,0.46,0.41,0.4,0.71,0.7,0.67,0.53
GWETTOP,2019,-4.0,38.75,0.48,0.44,0.34,0.48,0.68,0.52,0.5,0.47,0.47,0.74,0.72,0.67,0.54
GWETTOP,2019,-4.0,39.375,0.43,0.38,0.32,0.46,0.7,0.66,0.61,0.53,0.51,0.7,0.69,0.68,0.56
GWETTOP,2019,-4.0,40.0,0.54,0.51,0.49,0.53,0.7,0.62,0.57,0.55,0.55,0.72,0.72,0.7,0.6
GWETTOP,2019,-4.0,40.625,1.0,1.0,1.0,1.0,1.0,1.0,1.0,1.0,1.0,1.0,1.0,1.0,1.0
GWETTOP,2019,-4.0,41.25,1.0,1.0,1.0,1.0,1.0,1.0,1.0,1.0,1.0,1.0,1.0,1.0,1.0
GWETTOP,2019,-4.0,41.875,1.0,1.0,1.0,1.0,1.0,1.0,1.0,1.0,1.0,1.0,1.0,1.0,1.0
GWETTOP,2019,-4.5,34.375,0.69,0.64,0.61,0.61,0.57,0.48,0.43,0.37,0.35,0.43,0.53,0.64,0.53
GWETTOP,2019,-4.5,35.0,0.68,0.64,0.59,0.57,0.57,0.47,0.41,0.39,0.34,0.49,0.53,0.64,0.53
GWETTOP,2019,-4.5,35.625,0.53,0.51,0.46,0.44,0.48,0.42,0.39,0.34,0.27,0.45,0.45,0.48,0.43
GWETTOP,2019,-4.5,36.25,0.58,0.56,0.51,0.48,0.53,0.46,0.38,0.33,0.28,0.51,0.51,0.55,0.47
GWETTOP,2019,-4.5,36.875,0.52,0.5,0.46,0.48,0.55,0.47,0.42,0.36,0.32,0.56,0.54,0.57,0.48
GWETTOP,2019,-4.5,37.5,0.52,0.5,0.46,0.48,0.58,0.49,0.45,0.4,0.37,0.59,0.58,0.6,0.5
GWETTOP,2019,-4.5,38.125,0.62,0.58,0.52,0.58,0.72,0.65,0.62,0.57,0.54,0.76,0.78,0.79,0.64
GWETTOP,2019,-4.5,38.75,0.59,0.53,0.47,0.54,0.71,0.63,0.59,0.53,0.52,0.76,0.78,0.77,0.62
GWETTOP,2019,-4.5,39.375,0.43,0.4,0.37,0.41,0.63,0.55,0.48,0.44,0.44,0.65,0.64,0.62,0.51
GWETTOP,2019,-4.5,40.0,0.95,0.95,0.95,0.95,0.97,0.96,0.96,0.95,0.95,0.97,0.97,0.97,0.96
GWETTOP,2019,-4.5,40.625,1.0,1.0,1.0,1.0,1.0,1.0,1.0,1.0,1.0,1.0,1.0,1.0,1.0
GWETTOP,2019,-4.5,41.25,1.0,1.0,1.0,1.0,1.0,1.0,1.0,1.0,1.0,1.0,1.0,1.0,1.0
GWETTOP,2019,-4.5,41.875,1.0,1.0,1.0,1.0,1.0,1.0,1.0,1.0,1.0,1.0,1.0,1.0,1.0
GWETTOP,2019,0.5,34.375,0.64,0.54,0.5,0.54,0.66,0.69,0.71,0.73,0.74,0.79,0.82,0.87,0.69
GWETTOP,2019,0.5,35.0,0.65,0.54,0.5,0.52,0.66,0.78,0.83,0.89,0.92,0.91,0.89,0.91,0.75
GWETTOP,2019,0.5,35.625,0.49,0.42,0.41,0.41,0.5,0.61,0.62,0.63,0.6,0.65,0.68,0.76,0.57
GWETTOP,2019,0.5,36.25,0.36,0.24,0.28,0.31,0.47,0.53,0.51,0.51,0.49,0.52,0.53,0.61,0.45
GWETTOP,2019,0.5,36.875,0.43,0.3,0.32,0.36,0.53,0.53,0.47,0.47,0.47,0.54,0.58,0.68,0.47
GWETTOP,2019,0.5,37.5,0.37,0.28,0.25,0.27,0.37,0.37,0.31,0.29,0.29,0.45,0.51,0.61,0.36
GWETTOP,2019,0.5,38.125,0.35,0.27,0.22,0.24,0.33,0.32,0.22,0.19,0.2,0.43,0.49,0.58,0.32
GWETTOP,2019,0.5,38.75,0.31,0.2,0.18,0.22,0.32,0.31,0.22,0.18,0.18,0.41,0.46,0.56,0.3
GWETTOP,2019,0.5,39.375,0.25,0.15,0.16,0.22,0.38,0.4,0.31,0.22,0.23,0.48,0.5,0.63,0.33
GWETTOP,2019,0.5,40.0,0.23,0.14,0.15,0.23,0.44,0.47,0.36,0.28,0.26,0.51,0.51,0.65,0.35
GWETTOP,2019,0.5,40.625,0.21,0.13,0.14,0.24,0.46,0.46,0.36,0.3,0.29,0.56,0.51,0.58,0.35
GWETTOP,2019,0.5,41.25,0.23,0.18,0.17,0.24,0.45,0.41,0.36,0.32,0.33,0.55,0.51,0.53,0.36
GWETTOP,2019,0.5,41.875,0.22,0.17,0.17,0.26,0.46,0.43,0.37,0.32,0.33,0.6,0.54,0.53,0.37
GWETTOP,2019,1.0,34.375,0.67,0.59,0.55,0.58,0.69,0.72,0.74,0.76,0.8,0.88,0.9,0.93,0.74
GWETTOP,2019,1.0,35.0,0.6,0.51,0.49,0.49,0.62,0.79,0.84,0.89,0.88,0.88,0.86,0.87,0.73
GWETTOP,2019,1.0,35.625,0.23,0.15,0.25,0.28,0.39,0.41,0.42,0.42,0.4,0.4,0.39,0.41,0.35
GWETTOP,2019,1.0,36.25,0.28,0.16,0.25,0.27,0.39,0.44,0.44,0.43,0.38,0.43,0.45,0.46,0.37
GWETTOP,2019,1.0,36.875,0.32,0.21,0.26,0.29,0.37,0.37,0.36,0.35,0.34,0.37,0.39,0.43,0.34
GWETTOP,2019,1.0,37.5,0.33,0.23,0.22,0.28,0.35,0.32,0.26,0.22,0.22,0.39,0.44,0.53,0.32
GWETTOP,2019,1.0,38.125,0.28,0.18,0.19,0.23,0.32,0.26,0.18,0.15,0.16,0.37,0.42,0.48,0.27
GWETTOP,2019,1.0,38.75,0.24,0.15,0.16,0.22,0.33,0.32,0.24,0.18,0.18,0.4,0.45,0.52,0.28
GWETTOP,2019,1.0,39.375,0.21,0.13,0.14,0.23,0.39,0.39,0.28,0.19,0.22,0.49,0.54,0.67,0.32
GWETTOP,2019,1.0,40.0,0.22,0.13,0.15,0.24,0.43,0.44,0.34,0.24,0.24,0.54,0.57,0.72,0.36
GWETTOP,2019,1.0,40.625,0.23,0.13,0.14,0.24,0.47,0.48,0.37,0.27,0.25,0.61,0.61,0.7,0.38
GWETTOP,2019,1.0,41.25,0.26,0.17,0.16,0.26,0.49,0.49,0.41,0.31,0.3,0.62,0.62,0.64,0.4
GWETTOP,2019,1.0,41.875,0.21,0.15,0.15,0.25,0.44,0.42,0.34,0.28,0.28,0.61,0.57,0.54,0.35
GWETTOP,2019,1.5,34.375,0.43,0.36,0.39,0.49,0.59,0.67,0.67,0.7,0.72,0.76,0.74,0.77,0.61
GWETTOP,2019,1.5,35.0,0.38,0.28,0.36,0.36,0.5,0.62,0.67,0.72,0.71,0.69,0.65,0.68,0.55
GWETTOP,2019,1.5,35.625,0.23,0.13,0.24,0.24,0.34,0.37,0.36,0.36,0.32,0.38,0.4,0.42,0.32
GWETTOP,2019,1.5,36.25,0.21,0.12,0.22,0.23,0.34,0.34,0.32,0.32,0.28,0.37,0.39,0.42,0.3
GWETTOP,2019,1.5,36.875,0.25,0.15,0.22,0.3,0.35,0.32,0.22,0.21,0.21,0.36,0.42,0.47,0.29
GWETTOP,2019,1.5,37.5,0.23,0.14,0.21,0.28,0.34,0.29,0.2,0.19,0.2,0.37,0.41,0.46,0.28
GWETTOP,2019,1.5,38.125,0.23,0.16,0.19,0.27,0.35,0.3,0.23,0.2,0.2,0.41,0.43,0.45,0.29
GWETTOP,2019,1.5,38.75,0.24,0.16,0.21,0.31,0.42,0.32,0.25,0.22,0.23,0.5,0.53,0.54,0.33
GWETTOP,2019,1.5,39.375,0.25,0.15,0.16,0.26,0.42,0.38,0.31,0.21,0.22,0.53,0.59,0.66,0.35
GWETTOP,2019,1.5,40.0,0.22,0.13,0.15,0.26,0.42,0.38,0.27,0.2,0.22,0.52,0.59,0.66,0.34
GWETTOP,2019,1.5,40.625,0.28,0.16,0.15,0.27,0.53,0.55,0.4,0.27,0.27,0.66,0.72,0.78,0.42
GWETTOP,2019,1.5,41.25,0.3,0.15,0.14,0.24,0.45,0.46,0.36,0.3,0.24,0.63,0.65,0.68,0.39
GWETTOP,2019,1.5,41.875,0.21,0.12,0.15,0.26,0.46,0.45,0.34,0.25,0.26,0.69,0.67,0.62,0.38
GWETTOP,2019,2.0,34.375,0.31,0.28,0.32,0.41,0.5,0.57,0.55,0.58,0.57,0.59,0.54,0.55,0.48
GWETTOP,2019,2.0,35.0,0.27,0.18,0.31,0.34,0.42,0.49,0.51,0.54,0.48,0.5,0.48,0.51,0.42
GWETTOP,2019,2.0,35.625,0.19,0.11,0.22,0.22,0.3,0.31,0.29,0.3,0.22,0.34,0.35,0.37,0.27
GWETTOP,2019,2.0,36.25,0.18,0.12,0.22,0.23,0.29,0.27,0.25,0.25,0.21,0.34,0.36,0.38,0.26
GWETTOP,2019,2.0,36.875,0.24,0.15,0.23,0.29,0.35,0.3,0.22,0.22,0.22,0.38,0.43,0.46,0.29
GWETTOP,2019,2.0,37.5,0.21,0.14,0.21,0.28,0.34,0.28,0.19,0.19,0.2,0.38,0.44,0.47,0.28
GWETTOP,2019,2.0,38.125,0.23,0.16,0.21,0.33,0.39,0.31,0.22,0.19,0.21,0.47,0.51,0.49,0.31
GWETTOP,2019,2.0,38.75,0.23,0.16,0.2,0.31,0.39,0.32,0.25,0.21,0.22,0.47,0.52,0.49,0.32
GWETTOP,2019,2.0,39.375,0.29,0.16,0.16,0.3,0.41,0.39,0.32,0.22,0.22,0.54,0.59,0.54,0.35
GWETTOP,2019,2.0,40.0,0.28,0.15,0.17,0.32,0.44,0.42,0.33,0.22,0.24,0.58,0.65,0.61,0.37
GWETTOP,2019,2.0,40.625,0.28,0.19,0.22,0.4,0.64,0.65,0.42,0.28,0.33,0.79,0.82,0.76,0.48
GWETTOP,2019,2.0,41.25,0.29,0.18,0.17,0.32,0.53,0.57,0.4,0.29,0.29,0.68,0.71,0.65,0.42
GWETTOP,2019,2.0,41.875,0.25,0.16,0.19,0.34,0.57,0.58,0.36,0.3,0.31,0.76,0.76,0.67,0.44
GWETTOP,2019,2.5,34.375,0.26,0.24,0.27,0.36,0.44,0.57,0.53,0.53,0.48,0.49,0.44,0.44,0.42
GWETTOP,2019,2.5,35.0,0.24,0.17,0.26,0.31,0.38,0.46,0.49,0.52,0.43,0.45,0.44,0.47,0.39
GWETTOP,2019,2.5,35.625,0.18,0.11,0.21,0.22,0.27,0.29,0.27,0.36,0.3,0.34,0.35,0.39,0.28
GWETTOP,2019,2.5,36.25,0.17,0.11,0.19,0.23,0.25,0.24,0.23,0.26,0.19,0.3,0.34,0.37,0.24
GWETTOP,2019,2.5,36.875,0.21,0.14,0.21,0.27,0.31,0.25,0.19,0.2,0.21,0.35,0.39,0.4,0.26
GWETTOP,2019,2.5,37.5,0.18,0.14,0.2,0.28,0.32,0.23,0.16,0.17,0.19,0.38,0.43,0.44,0.26
GWETTOP,2019,2.5,38.125,0.2,0.16,0.2,0.3,0.34,0.27,0.18,0.17,0.19,0.45,0.51,0.48,0.29
GWETTOP,2019,2.5,38.75,0.2,0.16,0.18,0.3,0.35,0.27,0.19,0.17,0.2,0.46,0.52,0.47,0.29
GWETTOP,2019,2.5,39.375,0.24,0.16,0.17,0.31,0.4,0.36,0.29,0.2,0.22,0.51,0.56,0.48,0.33
GWETTOP,2019,2.5,40.0,0.27,0.17,0.18,0.33,0.45,0.43,0.34,0.23,0.24,0.58,0.64,0.56,0.37
GWETTOP,2019,2.5,40.625,0.27,0.2,0.22,0.39,0.59,0.56,0.37,0.25,0.29,0.66,0.7,0.65,0.43
GWETTOP,2019,2.5,41.25,0.19,0.16,0.17,0.27,0.41,0.36,0.25,0.2,0.21,0.48,0.5,0.43,0.3
GWETTOP,2019,2.5,41.875,0.23,0.17,0.17,0.27,0.4,0.36,0.27,0.22,0.22,0.51,0.52,0.46,0.32
GWETTOP,2019,3.0,34.375,0.21,0.21,0.19,0.28,0.47,0.67,0.66,0.66,0.61,0.63,0.54,0.53,0.47
GWETTOP,2019,3.0,35.0,0.19,0.15,0.19,0.24,0.33,0.43,0.45,0.56,0.4,0.4,0.39,0.45,0.35
GWETTOP,2019,3.0,35.625,0.18,0.11,0.15,0.22,0.24,0.23,0.21,0.26,0.18,0.27,0.32,0.42,0.23
GWETTOP,2019,3.0,36.25,0.17,0.11,0.14,0.21,0.24,0.23,0.22,0.28,0.2,0.28,0.33,0.41,0.24
GWETTOP,2019,3.0,36.875,0.15,0.1,0.13,0.23,0.27,0.22,0.15,0.16,0.17,0.31,0.33,0.37,0.22
GWETTOP,2019,3.0,37.5,0.12,0.09,0.14,0.23,0.26,0.18,0.11,0.13,0.16,0.33,0.35,0.35,0.2
GWETTOP,2019,3.0,38.125,0.16,0.14,0.17,0.26,0.31,0.22,0.17,0.15,0.18,0.41,0.44,0.44,0.25
GWETTOP,2019,3.0,38.75,0.17,0.16,0.19,0.29,0.34,0.25,0.2,0.18,0.21,0.49,0.51,0.48,0.29
GWETTOP,2019,3.0,39.375,0.19,0.16,0.16,0.27,0.35,0.31,0.24,0.18,0.21,0.48,0.5,0.44,0.29
GWETTOP,2019,3.0,40.0,0.22,0.16,0.17,0.31,0.42,0.38,0.31,0.21,0.23,0.54,0.55,0.49,0.33
GWETTOP,2019,3.0,40.625,0.22,0.18,0.19,0.32,0.48,0.41,0.28,0.21,0.23,0.49,0.53,0.53,0.34
GWETTOP,2019,3.0,41.25,0.19,0.16,0.16,0.28,0.38,0.29,0.23,0.19,0.2,0.41,0.44,0.41,0.28
GWETTOP,2019,3.0,41.875,0.26,0.16,0.12,0.26,0.35,0.3,0.27,0.19,0.17,0.39,0.42,0.41,0.28
GWETTOP,2019,3.5,34.375,0.25,0.2,0.21,0.27,0.4,0.63,0.61,0.65,0.52,0.55,0.48,0.48,0.44
GWETTOP,2019,3.5,35.0,0.19,0.16,0.19,0.27,0.34,0.37,0.41,0.51,0.38,0.41,0.4,0.45,0.34
GWETTOP,2019,3.5,35.625,0.15,0.11,0.16,0.24,0.31,0.23,0.23,0.3,0.18,0.3,0.32,0.37,0.24
GWETTOP,2019,3.5,36.25,0.15,0.1,0.16,0.24,0.31,0.25,0.21,0.24,0.18,0.32,0.33,0.38,0.24
GWETTOP,2019,3.5,36.875,0.13,0.11,0.15,0.24,0.32,0.31,0.2,0.17,0.2,0.36,0.37,0.4,0.25
GWETTOP,2019,3.5,37.5,0.16,0.13,0.17,0.28,0.37,0.32,0.21,0.2,0.22,0.42,0.43,0.46,0.28
GWETTOP,2019,3.5,38.125,0.22,0.15,0.18,0.29,0.35,0.34,0.25,0.18,0.2,0.46,0.49,0.5,0.3
GWETTOP,2019,3.5,38.75,0.2,0.15,0.18,0.29,0.35,0.32,0.27,0.21,0.24,0.56,0.53,0.47,0.32
GWETTOP,2019,3.5,39.375,0.23,0.18,0.19,0.3,0.38,0.35,0.31,0.24,0.27,0.62,0.61,0.52,0.35
GWETTOP,2019,3.5,40.0,0.2,0.16,0.17,0.3,0.42,0.36,0.28,0.19,0.23,0.59,0.57,0.52,0.33
GWETTOP,2019,3.5,40.625,0.2,0.18,0.2,0.37,0.56,0.44,0.26,0.22,0.25,0.64,0.64,0.63,0.38
GWETTOP,2019,3.5,41.25,0.2,0.18,0.17,0.28,0.4,0.31,0.23,0.19,0.2,0.46,0.49,0.49,0.3
GWETTOP,2019,3.5,41.875,0.18,0.13,0.11,0.23,0.3,0.23,0.19,0.14,0.14,0.38,0.4,0.38,0.23
GWETTOP,2019,4.0,34.375,0.27,0.23,0.28,0.36,0.49,0.58,0.59,0.61,0.52,0.6,0.57,0.58,0.47
GWETTOP,2019,4.0,35.0,0.21,0.17,0.22,0.36,0.4,0.41,0.42,0.53,0.39,0.51,0.5,0.55,0.39
GWETTOP,2019,4.0,35.625,0.18,0.12,0.19,0.27,0.32,0.25,0.26,0.32,0.23,0.38,0.4,0.45,0.28
GWETTOP,2019,4.0,36.25,0.13,0.1,0.16,0.26,0.32,0.25,0.22,0.23,0.2,0.36,0.36,0.39,0.25
GWETTOP,2019,4.0,36.875,0.12,0.1,0.15,0.26,0.35,0.33,0.21,0.18,0.2,0.38,0.39,0.41,0.26
GWETTOP,2019,4.0,37.5,0.14,0.11,0.16,0.27,0.38,0.34,0.24,0.2,0.22,0.45,0.44,0.44,0.28
GWETTOP,2019,4.0,38.125,0.24,0.18,0.21,0.33,0.42,0.38,0.33,0.28,0.29,0.67,0.64,0.6,0.38
GWETTOP,2019,4.0,38.75,0.24,0.2,0.26,0.4,0.55,0.5,0.38,0.32,0.36,0.79,0.79,0.76,0.46
GWETTOP,2019,4.0,39.375,0.23,0.21,0.27,0.37,0.52,0.42,0.35,0.28,0.33,0.81,0.81,0.75,0.45
GWETTOP,2019,4.0,40.0,0.17,0.17,0.19,0.3,0.48,0.42,0.3,0.22,0.26,0.7,0.69,0.6,0.38
GWETTOP,2019,4.0,40.625,0.2,0.19,0.2,0.34,0.57,0.46,0.29,0.21,0.25,0.71,0.72,0.7,0.4
GWETTOP,2019,4.0,41.25,0.19,0.15,0.15,0.26,0.42,0.35,0.28,0.18,0.17,0.55,0.55,0.54,0.32
GWETTOP,2019,4.0,41.875,0.18,0.13,0.12,0.23,0.36,0.32,0.26,0.16,0.15,0.49,0.5,0.48,0.28
GWETTOP,2019,4.5,34.375,0.26,0.25,0.3,0.45,0.52,0.61,0.59,0.53,0.45,0.68,0.6,0.6,0.49
GWETTOP,2019,4.5,35.0,0.23,0.19,0.25,0.43,0.43,0.44,0.43,0.54,0.41,0.6,0.61,0.63,0.43
GWETTOP,2019,4.5,35.625,0.24,0.14,0.21,0.31,0.33,0.27,0.26,0.34,0.26,0.46,0.52,0.55,0.33
GWETTOP,2019,4.5,36.25,0.15,0.11,0.17,0.29,0.33,0.27,0.24,0.28,0.23,0.42,0.45,0.46,0.28
GWETTOP,2019,4.5,36.875,0.11,0.1,0.16,0.28,0.35,0.32,0.22,0.2,0.22,0.41,0.41,0.41,0.27
GWETTOP,2019,4.5,37.5,0.17,0.15,0.22,0.38,0.5,0.4,0.29,0.28,0.31,0.61,0.59,0.59,0.38
GWETTOP,2019,4.5,38.125,0.23,0.2,0.26,0.41,0.56,0.49,0.35,0.33,0.36,0.77,0.77,0.77,0.46
GWETTOP,2019,4.5,38.75,0.22,0.19,0.25,0.38,0.52,0.44,0.34,0.31,0.33,0.76,0.77,0.76,0.44
GWETTOP,2019,4.5,39.375,0.18,0.18,0.21,0.3,0.47,0.43,0.33,0.26,0.28,0.7,0.75,0.72,0.4
GWETTOP,2019,4.5,40.0,0.17,0.16,0.18,0.27,0.41,0.39,0.29,0.22,0.25,0.64,0.71,0.66,0.36
GWETTOP,2019,4.5,40.625,0.17,0.15,0.17,0.26,0.44,0.4,0.3,0.19,0.22,0.64,0.7,0.72,0.36
GWETTOP,2019,4.5,41.25,0.23,0.15,0.15,0.25,0.43,0.38,0.32,0.22,0.19,0.63,0.69,0.72,0.36
GWETTOP,2019,4.5,41.875,0.14,0.11,0.11,0.23,0.4,0.37,0.28,0.16,0.16,0.57,0.61,0.59,0.31
GWETTOP,2020,-0.5,34.375,0.87,0.84,0.87,0.89,0.93,0.85,0.75,0.64,0.64,0.68,0.9,0.86,0.81
GWETTOP,2020,-0.5,35.0,0.91,0.9,0.9,0.93,0.95,0.91,0.88,0.83,0.83,0.82,0.92,0.87,0.89
GWETTOP,2020,-0.5,35.625,0.82,0.83,0.8,0.86,0.9,0.88,0.86,0.83,0.83,0.82,0.82,0.79,0.84
GWETTOP,2020,-0.5,36.25,0.77,0.77,0.74,0.81,0.85,0.83,0.82,0.79,0.79,0.79,0.8,0.76,0.79
GWETTOP,2020,-0.5,36.875,0.67,0.65,0.61,0.69,0.74,0.72,0.7,0.67,0.65,0.64,0.69,0.65,0.67
GWETTOP,2020,-0.5,37.5,0.71,0.67,0.61,0.69,0.74,0.7,0.65,0.61,0.59,0.57,0.66,0.59,0.65
GWETTOP,2020,-0.5,38.125,0.61,0.56,0.51,0.58,0.53,0.45,0.38,0.35,0.33,0.34,0.55,0.48,0.47
GWETTOP,2020,-0.5,38.75,0.53,0.48,0.45,0.52,0.47,0.39,0.35,0.32,0.31,0.31,0.51,0.41,0.42
GWETTOP,2020,-0.5,39.375,0.48,0.41,0.4,0.48,0.48,0.41,0.36,0.34,0.31,0.31,0.45,0.33,0.4
GWETTOP,2020,-0.5,40.0,0.54,0.48,0.46,0.52,0.55,0.49,0.43,0.4,0.36,0.34,0.49,0.37,0.45
GWETTOP,2020,-0.5,40.625,0.53,0.44,0.41,0.54,0.61,0.54,0.5,0.48,0.42,0.38,0.48,0.34,0.47
GWETTOP,2020,-0.5,41.25,0.54,0.44,0.41,0.54,0.62,0.55,0.5,0.48,0.43,0.39,0.49,0.34,0.48
GWETTOP,2020,-0.5,41.875,0.52,0.43,0.37,0.52,0.67,0.6,0.55,0.52,0.46,0.38,0.44,0.31,0.48
GWETTOP,2020,-1.0,34.375,0.9,0.89,0.89,0.89,0.9,0.82,0.72,0.64,0.55,0.55,0.79,0.83,0.78
GWETTOP,2020,-1.0,35.0,0.93,0.92,0.92,0.93,0.93,0.89,0.84,0.8,0.76,0.73,0.85,0.87,0.86
GWETTOP,2020,-1.0,35.625,0.86,0.89,0.87,0.89,0.89,0.85,0.81,0.75,0.73,0.72,0.7,0.67,0.8
GWETTOP,2020,-1.0,36.25,0.68,0.67,0.64,0.71,0.78,0.75,0.72,0.64,0.63,0.61,0.62,0.56,0.67
GWETTOP,2020,-1.0,36.875,0.65,0.57,0.52,0.63,0.72,0.63,0.53,0.48,0.44,0.39,0.58,0.56,0.56
GWETTOP,2020,-1.0,37.5,0.6,0.57,0.54,0.63,0.68,0.61,0.52,0.48,0.47,0.45,0.57,0.54,0.55
GWETTOP,2020,-1.0,38.125,0.55,0.5,0.49,0.57,0.49,0.41,0.36,0.34,0.34,0.36,0.58,0.48,0.46
GWETTOP,2020,-1.0,38.75,0.51,0.45,0.45,0.55,0.47,0.38,0.33,0.31,0.32,0.34,0.56,0.42,0.42
GWETTOP,2020,-1.0,39.375,0.48,0.38,0.41,0.55,0.51,0.42,0.36,0.35,0.31,0.32,0.48,0.34,0.41
GWETTOP,2020,-1.0,40.0,0.58,0.48,0.49,0.58,0.6,0.5,0.43,0.41,0.37,0.37,0.55,0.38,0.48
GWETTOP,2020,-1.0,40.625,0.56,0.47,0.44,0.56,0.62,0.57,0.53,0.51,0.45,0.4,0.48,0.35,0.49
GWETTOP,2020,-1.0,41.25,0.55,0.47,0.44,0.55,0.62,0.57,0.52,0.5,0.46,0.39,0.47,0.35,0.49
GWETTOP,2020,-1.0,41.875,0.5,0.41,0.38,0.47,0.57,0.55,0.5,0.46,0.41,0.34,0.38,0.3,0.44
GWETTOP,2020,-1.5,34.375,0.91,0.91,0.91,0.9,0.86,0.68,0.51,0.52,0.49,0.56,0.81,0.85,0.74
GWETTOP,2020,-1.5,35.0,0.94,0.92,0.92,0.91,0.88,0.78,0.66,0.59,0.56,0.59,0.76,0.8,0.78
GWETTOP,2020,-1.5,35.625,0.9,0.88,0.88,0.87,0.9,0.84,0.76,0.62,0.59,0.64,0.73,0.71,0.78
GWETTOP,2020,-1.5,36.25,0.63,0.61,0.63,0.64,0.68,0.57,0.48,0.41,0.42,0.44,0.48,0.44,0.54
GWETTOP,2020,-1.5,36.875,0.65,0.64,0.64,0.73,0.76,0.64,0.55,0.35,0.46,0.44,0.65,0.61,0.59
GWETTOP,2020,-1.5,37.5,0.6,0.55,0.52,0.61,0.65,0.52,0.46,0.37,0.38,0.4,0.57,0.53,0.51
GWETTOP,2020,-1.5,38.125,0.57,0.53,0.51,0.53,0.51,0.45,0.43,0.4,0.38,0.39,0.53,0.49,0.48
GWETTOP,2020,-1.5,38.75,0.52,0.47,0.5,0.52,0.48,0.38,0.35,0.33,0.33,0.35,0.55,0.46,0.44
GWETTOP,2020,-1.5,39.375,0.51,0.41,0.45,0.51,0.5,0.41,0.36,0.34,0.31,0.33,0.48,0.39,0.42
GWETTOP,2020,-1.5,40.0,0.6,0.49,0.49,0.61,0.62,0.56,0.5,0.5,0.4,0.39,0.51,0.39,0.5
GWETTOP,2020,-1.5,40.625,0.6,0.5,0.47,0.57,0.62,0.6,0.57,0.55,0.48,0.43,0.48,0.36,0.52
GWETTOP,2020,-1.5,41.25,0.59,0.49,0.45,0.55,0.62,0.6,0.54,0.52,0.47,0.4,0.46,0.35,0.5
GWETTOP,2020,-1.5,41.875,0.74,0.66,0.64,0.68,0.73,0.72,0.69,0.67,0.64,0.62,0.64,0.61,0.67
GWETTOP,2020,-1.7975103014118005e-13,34.375,0.83,0.79,0.83,0.85,0.91,0.85,0.79,0.71,0.72,0.75,0.88,0.82,0.81
GWETTOP,2020,-1.7975103014118005e-13,35.0,0.89,0.88,0.87,0.91,0.96,0.93,0.92,0.9,0.92,0.91,0.93,0.85,0.91
GWETTOP,2020,-1.7975103014118005e-13,35.625,0.86,0.85,0.82,0.87,0.93,0.9,0.89,0.87,0.86,0.84,0.87,0.82,0.86
GWETTOP,2020,-1.7975103014118005e-13,36.25,0.74,0.73,0.69,0.77,0.84,0.84,0.83,0.82,0.8,0.77,0.77,0.72,0.78
GWETTOP,2020,-1.7975103014118005e-13,36.875,0.65,0.64,0.59,0.67,0.72,0.69,0.65,0.63,0.61,0.59,0.62,0.59,0.64
GWETTOP,2020,-1.7975103014118005e-13,37.5,0.75,0.72,0.66,0.72,0.77,0.72,0.67,0.64,0.61,0.59,0.66,0.61,0.68
GWETTOP,2020,-1.7975103014118005e-13,38.125,0.59,0.54,0.48,0.54,0.51,0.45,0.37,0.34,0.32,0.3,0.49,0.44,0.45
GWETTOP,2020,-1.7975103014118005e-13,38.75,0.48,0.43,0.39,0.45,0.42,0.37,0.33,0.29,0.26,0.25,0.42,0.36,0.37
GWETTOP,2020,-1.7975103014118005e-13,39.375,0.46,0.38,0.36,0.41,0.45,0.37,0.34,0.29,0.26,0.28,0.4,0.33,0.36
GWETTOP,2020,-1.7975103014118005e-13,40.0,0.52,0.44,0.39,0.45,0.52,0.45,0.38,0.35,0.31,0.31,0.42,0.35,0.41
GWETTOP,2020,-1.7975103014118005e-13,40.625,0.51,0.4,0.37,0.46,0.52,0.46,0.41,0.38,0.35,0.36,0.44,0.33,0.42
GWETTOP,2020,-1.7975103014118005e-13,41.25,0.47,0.38,0.36,0.48,0.53,0.45,0.42,0.4,0.38,0.38,0.45,0.32,0.42
GWETTOP,2020,-1.7975103014118005e-13,41.875,0.48,0.36,0.33,0.5,0.61,0.53,0.5,0.47,0.44,0.42,0.47,0.31,0.45
GWETTOP,2020,-2.0,34.375,0.9,0.91,0.92,0.9,0.84,0.65,0.43,0.43,0.42,0.56,0.81,0.84,0.72
GWETTOP,2020,-2.0,35.0,0.93,0.91,0.91,0.9,0.86,0.7,0.58,0.52,0.49,0.56,0.75,0.77,0.74
GWETTOP,2020,-2.0,35.625,0.84,0.8,0.82,0.82,0.83,0.72,0.64,0.5,0.47,0.51,0.68,0.65,0.69
GWETTOP,2020,-2.0,36.25,0.59,0.54,0.59,0.59,0.59,0.45,0.39,0.33,0.32,0.34,0.44,0.4,0.46
GWETTOP,2020,-2.0,36.875,0.68,0.64,0.67,0.74,0.77,0.63,0.5,0.31,0.4,0.42,0.64,0.62,0.58
GWETTOP,2020,-2.0,37.5,0.64,0.58,0.6,0.65,0.65,0.52,0.42,0.3,0.36,0.38,0.58,0.56,0.52
GWETTOP,2020,-2.0,38.125,0.56,0.52,0.52,0.52,0.49,0.43,0.39,0.35,0.34,0.35,0.5,0.48,0.45
GWETTOP,2020,-2.0,38.75,0.56,0.5,0.53,0.56,0.53,0.42,0.38,0.36,0.35,0.37,0.56,0.5,0.47
GWETTOP,2020,-2.0,39.375,0.57,0.46,0.5,0.6,0.58,0.5,0.45,0.42,0.37,0.37,0.53,0.46,0.48
GWETTOP,2020,-2.0,40.0,0.57,0.47,0.47,0.61,0.6,0.54,0.49,0.47,0.4,0.37,0.48,0.39,0.49
GWETTOP,2020,-2.0,40.625,0.61,0.51,0.47,0.6,0.65,0.63,0.59,0.55,0.47,0.43,0.47,0.38,0.53
GWETTOP,2020,-2.0,41.25,0.57,0.48,0.47,0.56,0.63,0.62,0.56,0.53,0.48,0.46,0.47,0.44,0.52
GWETTOP,2020,-2.0,41.875,0.73,0.69,0.68,0.73,0.77,0.74,0.71,0.7,0.68,0.67,0.67,0.66,0.7
GWETTOP,2020,-2.5,34.375,0.88,0.89,0.91,0.88,0.8,0.57,0.43,0.32,0.33,0.49,0.77,0.87,0.68
GWETTOP,2020,-2.5,35.0,0.92,0.9,0.91,0.91,0.86,0.7,0.54,0.45,0.36,0.45,0.72,0.83,0.71
GWETTOP,2020,-2.5,35.625,0.8,0.72,0.76,0.84,0.8,0.6,0.51,0.33,0.29,0.31,0.59,0.58,0.59
GWETTOP,2020,-2.5,36.25,0.69,0.62,0.67,0.73,0.7,0.56,0.47,0.39,0.33,0.31,0.54,0.52,0.54
GWETTOP,2020,-2.5,36.875,0.78,0.71,0.75,0.81,0.8,0.64,0.5,0.31,0.33,0.34,0.64,0.66,0.61
GWETTOP,2020,-2.5,37.5,0.79,0.74,0.75,0.8,0.79,0.63,0.52,0.37,0.37,0.39,0.69,0.73,0.63
GWETTOP,2020,-2.5,38.125,0.67,0.62,0.62,0.63,0.6,0.52,0.46,0.39,0.35,0.34,0.59,0.6,0.53
GWETTOP,2020,-2.5,38.75,0.63,0.57,0.59,0.64,0.6,0.5,0.45,0.41,0.39,0.38,0.61,0.58,0.53
GWETTOP,2020,-2.5,39.375,0.72,0.64,0.63,0.73,0.73,0.67,0.62,0.57,0.52,0.45,0.66,0.61,0.63
GWETTOP,2020,-2.5,40.0,0.56,0.47,0.46,0.57,0.6,0.54,0.48,0.43,0.4,0.37,0.46,0.43,0.48
GWETTOP,2020,-2.5,40.625,0.69,0.6,0.56,0.67,0.74,0.72,0.65,0.59,0.54,0.52,0.55,0.53,0.61
GWETTOP,2020,-2.5,41.25,1.0,1.0,1.0,1.0,1.0,1.0,1.0,1.0,1.0,1.0,1.0,1.0,1.0
GWETTOP,2020,-2.5,41.875,1.0,1.0,1.0,1.0,1.0,1.0,1.0,1.0,1.0,1.0,1.0,1.0,1.0
GWETTOP,2020,-3.0,34.375,0.87,0.89,0.9,0.88,0.78,0.56,0.45,0.28,0.25,0.4,0.74,0.89,0.66
GWETTOP,2020,-3.0,35.0,0.93,0.91,0.92,0.93,0.86,0.68,0.53,0.41,0.3,0.39,0.73,0.88,0.71
GWETTOP,2020,-3.0,35.625,0.95,0.92,0.93,0.96,0.91,0.83,0.73,0.58,0.51,0.49,0.79,0.89,0.79
GWETTOP,2020,-3.0,36.25,0.87,0.82,0.85,0.9,0.84,0.71,0.61,0.42,0.31,0.28,0.69,0.75,0.67
GWETTOP,2020,-3.0,36.875,0.95,0.92,0.93,0.95,0.93,0.89,0.85,0.73,0.64,0.62,0.85,0.91,0.85
GWETTOP,2020,-3.0,37.5,0.92,0.89,0.88,0.91,0.9,0.82,0.75,0.62,0.53,0.49,0.73,0.87,0.78
GWETTOP,2020,-3.0,38.125,0.69,0.65,0.64,0.67,0.66,0.59,0.53,0.48,0.44,0.4,0.6,0.63,0.58
GWETTOP,2020,-3.0,38.75,0.63,0.58,0.6,0.65,0.62,0.53,0.48,0.42,0.4,0.37,0.62,0.61,0.54
GWETTOP,2020,-3.0,39.375,0.76,0.7,0.68,0.75,0.78,0.73,0.68,0.63,0.59,0.52,0.69,0.67,0.68
GWETTOP,2020,-3.0,40.0,0.59,0.5,0.48,0.56,0.61,0.56,0.5,0.44,0.41,0.38,0.47,0.45,0.5
GWETTOP,2020,-3.0,40.625,0.88,0.83,0.81,0.85,0.9,0.88,0.84,0.8,0.78,0.77,0.79,0.79,0.83
GWETTOP,2020,-3.0,41.25,1.0,1.0,1.0,1.0,1.0,1.0,1.0,1.0,1.0,1.0,1.0,1.0,1.0
GWETTOP,2020,-3.0,41.875,1.0,1.0,1.0,1.0,1.0,1.0,1.0,1.0,1.0,1.0,1.0,1.0,1.0
GWETTOP,2020,-3.5,34.375,0.82,0.85,0.88,0.86,0.75,0.54,0.42,0.22,0.19,0.36,0.71,0.88,0.62
GWETTOP,2020,-3.5,35.0,0.84,0.86,0.89,0.91,0.84,0.71,0.56,0.45,0.34,0.34,0.7,0.83,0.69
GWETTOP,2020,-3.5,35.625,0.78,0.78,0.83,0.88,0.85,0.77,0.67,0.56,0.5,0.45,0.7,0.75,0.71
GWETTOP,2020,-3.5,36.25,0.81,0.81,0.85,0.89,0.82,0.66,0.53,0.4,0.31,0.26,0.69,0.8,0.65
GWETTOP,2020,-3.5,36.875,0.88,0.87,0.9,0.91,0.87,0.76,0.63,0.5,0.45,0.37,0.72,0.85,0.73
GWETTOP,2020,-3.5,37.5,0.69,0.68,0.7,0.71,0.68,0.56,0.5,0.45,0.35,0.29,0.55,0.58,0.56
GWETTOP,2020,-3.5,38.125,0.63,0.57,0.58,0.66,0.64,0.53,0.5,0.44,0.41,0.37,0.6,0.59,0.54
GWETTOP,2020,-3.5,38.75,0.69,0.64,0.65,0.71,0.7,0.63,0.59,0.54,0.51,0.48,0.65,0.62,0.62
GWETTOP,2020,-3.5,39.375,0.78,0.72,0.7,0.76,0.8,0.78,0.74,0.68,0.63,0.58,0.68,0.66,0.71
GWETTOP,2020,-3.5,40.0,0.71,0.66,0.63,0.69,0.72,0.68,0.63,0.58,0.56,0.53,0.63,0.6,0.63
GWETTOP,2020,-3.5,40.625,0.96,0.95,0.94,0.95,0.97,0.96,0.95,0.94,0.93,0.92,0.93,0.93,0.94
GWETTOP,2020,-3.5,41.25,1.0,1.0,1.0,1.0,1.0,1.0,1.0,1.0,1.0,1.0,1.0,1.0,1.0
GWETTOP,2020,-3.5,41.875,1.0,1.0,1.0,1.0,1.0,1.0,1.0,1.0,1.0,1.0,1.0,1.0,1.0
GWETTOP,2020,-4.0,34.375,0.77,0.79,0.82,0.81,0.75,0.61,0.5,0.36,0.29,0.37,0.66,0.8,0.63
GWETTOP,2020,-4.0,35.0,0.76,0.79,0.85,0.88,0.84,0.74,0.65,0.55,0.46,0.42,0.69,0.78,0.7
GWETTOP,2020,-4.0,35.625,0.69,0.7,0.76,0.8,0.76,0.68,0.6,0.54,0.51,0.46,0.66,0.7,0.65
GWETTOP,2020,-4.0,36.25,0.7,0.71,0.77,0.8,0.75,0.63,0.53,0.47,0.4,0.3,0.62,0.66,0.61
GWETTOP,2020,-4.0,36.875,0.67,0.7,0.73,0.74,0.69,0.58,0.51,0.46,0.38,0.31,0.57,0.61,0.58
GWETTOP,2020,-4.0,37.5,0.65,0.66,0.69,0.71,0.67,0.59,0.54,0.49,0.43,0.37,0.59,0.59,0.58
GWETTOP,2020,-4.0,38.125,0.63,0.59,0.65,0.72,0.65,0.56,0.52,0.44,0.4,0.39,0.63,0.58,0.56
GWETTOP,2020,-4.0,38.75,0.64,0.56,0.63,0.72,0.69,0.59,0.55,0.48,0.46,0.44,0.63,0.55,0.58
GWETTOP,2020,-4.0,39.375,0.65,0.55,0.56,0.64,0.7,0.67,0.61,0.52,0.49,0.43,0.55,0.49,0.57
GWETTOP,2020,-4.0,40.0,0.67,0.63,0.62,0.68,0.73,0.69,0.63,0.58,0.56,0.53,0.6,0.56,0.62
GWETTOP,2020,-4.0,40.625,1.0,1.0,1.0,1.0,1.0,1.0,1.0,1.0,1.0,1.0,1.0,1.0,1.0
GWETTOP,2020,-4.0,41.25,1.0,1.0,1.0,1.0,1.0,1.0,1.0,1.0,1.0,1.0,1.0,1.0,1.0
GWETTOP,2020,-4.0,41.875,1.0,1.0,1.0,1.0,1.0,1.0,1.0,1.0,1.0,1.0,1.0,1.0,1.0
GWETTOP,2020,-4.5,34.375,0.66,0.67,0.71,0.71,0.66,0.57,0.52,0.46,0.4,0.4,0.6,0.7,0.59
GWETTOP,2020,-4.5,35.0,0.68,0.67,0.74,0.76,0.71,0.62,0.56,0.49,0.44,0.41,0.63,0.65,0.61
GWETTOP,2020,-4.5,35.625,0.58,0.56,0.64,0.67,0.6,0.54,0.48,0.44,0.42,0.38,0.52,0.49,0.53
GWETTOP,2020,-4.5,36.25,0.63,0.62,0.69,0.73,0.67,0.58,0.53,0.48,0.44,0.37,0.57,0.55,0.57
GWETTOP,2020,-4.5,36.875,0.6,0.62,0.65,0.68,0.63,0.55,0.51,0.47,0.44,0.38,0.55,0.52,0.55
GWETTOP,2020,-4.5,37.5,0.62,0.64,0.67,0.71,0.68,0.61,0.57,0.52,0.48,0.44,0.58,0.56,0.59
GWETTOP,2020,-4.5,38.125,0.77,0.74,0.76,0.81,0.82,0.76,0.71,0.65,0.58,0.53,0.7,0.71,0.71
GWETTOP,2020,-4.5,38.75,0.75,0.69,0.7,0.77,0.78,0.71,0.67,0.59,0.53,0.5,0.67,0.67,0.67
GWETTOP,2020,-4.5,39.375,0.59,0.5,0.52,0.59,0.67,0.62,0.56,0.49,0.45,0.42,0.49,0.45,0.53
GWETTOP,2020,-4.5,40.0,0.96,0.96,0.96,0.97,0.98,0.97,0.97,0.96,0.96,0.95,0.95,0.95,0.96
GWETTOP,2020,-4.5,40.625,1.0,1.0,1.0,1.0,1.0,1.0,1.0,1.0,1.0,1.0,1.0,1.0,1.0
GWETTOP,2020,-4.5,41.25,1.0,1.0,1.0,1.0,1.0,1.0,1.0,1.0,1.0,1.0,1.0,1.0,1.0
GWETTOP,2020,-4.5,41.875,1.0,1.0,1.0,1.0,1.0,1.0,1.0,1.0,1.0,1.0,1.0,1.0,1.0
GWETTOP,2020,0.5,34.375,0.81,0.8,0.82,0.85,0.91,0.88,0.89,0.85,0.89,0.88,0.87,0.79,0.85
GWETTOP,2020,0.5,35.0,0.85,0.83,0.83,0.86,0.94,0.93,0.94,0.94,0.95,0.91,0.88,0.81,0.89
GWETTOP,2020,0.5,35.625,0.7,0.68,0.66,0.71,0.84,0.84,0.86,0.87,0.85,0.81,0.82,0.75,0.78
GWETTOP,2020,0.5,36.25,0.52,0.51,0.49,0.6,0.72,0.7,0.68,0.68,0.61,0.54,0.54,0.48,0.59
GWETTOP,2020,0.5,36.875,0.6,0.58,0.55,0.65,0.69,0.64,0.59,0.58,0.52,0.48,0.56,0.53,0.58
GWETTOP,2020,0.5,37.5,0.54,0.51,0.46,0.52,0.54,0.49,0.44,0.43,0.39,0.37,0.45,0.42,0.46
GWETTOP,2020,0.5,38.125,0.48,0.43,0.39,0.44,0.41,0.38,0.34,0.3,0.26,0.25,0.41,0.36,0.37
GWETTOP,2020,0.5,38.75,0.47,0.41,0.37,0.41,0.41,0.36,0.31,0.25,0.2,0.21,0.4,0.35,0.35
GWETTOP,2020,0.5,39.375,0.51,0.4,0.35,0.41,0.48,0.38,0.31,0.23,0.22,0.27,0.43,0.35,0.36
GWETTOP,2020,0.5,40.0,0.54,0.4,0.34,0.41,0.5,0.4,0.33,0.25,0.24,0.32,0.42,0.35,0.37
GWETTOP,2020,0.5,40.625,0.46,0.35,0.3,0.39,0.42,0.36,0.31,0.25,0.27,0.36,0.41,0.33,0.35
GWETTOP,2020,0.5,41.25,0.46,0.38,0.35,0.43,0.43,0.38,0.35,0.32,0.34,0.38,0.42,0.33,0.38
GWETTOP,2020,0.5,41.875,0.43,0.34,0.31,0.45,0.5,0.43,0.39,0.35,0.37,0.39,0.47,0.32,0.4
GWETTOP,2020,1.0,34.375,0.86,0.88,0.87,0.89,0.94,0.91,0.92,0.91,0.92,0.94,0.91,0.85,0.9
GWETTOP,2020,1.0,35.0,0.8,0.78,0.76,0.82,0.92,0.92,0.94,0.95,0.94,0.9,0.87,0.79,0.87
GWETTOP,2020,1.0,35.625,0.38,0.37,0.35,0.45,0.51,0.5,0.48,0.51,0.46,0.4,0.39,0.33,0.43
GWETTOP,2020,1.0,36.25,0.4,0.4,0.4,0.5,0.56,0.54,0.52,0.6,0.52,0.43,0.45,0.38,0.48
GWETTOP,2020,1.0,36.875,0.4,0.39,0.39,0.47,0.47,0.44,0.42,0.42,0.37,0.35,0.38,0.37,0.41
GWETTOP,2020,1.0,37.5,0.45,0.43,0.4,0.47,0.44,0.39,0.36,0.33,0.28,0.27,0.39,0.36,0.38
GWETTOP,2020,1.0,38.125,0.41,0.38,0.36,0.4,0.36,0.34,0.29,0.24,0.18,0.19,0.37,0.33,0.32
GWETTOP,2020,1.0,38.75,0.45,0.39,0.36,0.4,0.39,0.34,0.28,0.23,0.18,0.2,0.41,0.35,0.33
GWETTOP,2020,1.0,39.375,0.52,0.39,0.34,0.42,0.45,0.36,0.25,0.2,0.21,0.27,0.48,0.37,0.35
GWETTOP,2020,1.0,40.0,0.53,0.37,0.32,0.39,0.41,0.35,0.27,0.2,0.23,0.35,0.43,0.35,0.35
GWETTOP,2020,1.0,40.625,0.53,0.36,0.28,0.39,0.39,0.34,0.26,0.2,0.25,0.39,0.46,0.36,0.35
GWETTOP,2020,1.0,41.25,0.54,0.43,0.34,0.45,0.45,0.38,0.29,0.24,0.29,0.42,0.51,0.41,0.4
GWETTOP,2020,1.0,41.875,0.4,0.28,0.25,0.42,0.45,0.39,0.34,0.3,0.32,0.38,0.52,0.37,0.37
GWETTOP,2020,1.5,34.375,0.7,0.68,0.69,0.71,0.81,0.8,0.83,0.83,0.87,0.88,0.83,0.74,0.78
GWETTOP,2020,1.5,35.0,0.57,0.55,0.57,0.64,0.84,0.81,0.84,0.89,0.86,0.81,0.73,0.57,0.72
GWETTOP,2020,1.5,35.625,0.37,0.36,0.37,0.44,0.45,0.43,0.43,0.51,0.41,0.36,0.37,0.3,0.4
GWETTOP,2020,1.5,36.25,0.36,0.35,0.37,0.44,0.44,0.42,0.41,0.46,0.36,0.31,0.34,0.27,0.38
GWETTOP,2020,1.5,36.875,0.41,0.4,0.39,0.47,0.44,0.39,0.35,0.34,0.24,0.23,0.36,0.33,0.36
GWETTOP,2020,1.5,37.5,0.4,0.38,0.38,0.44,0.4,0.36,0.32,0.27,0.19,0.22,0.36,0.31,0.34
GWETTOP,2020,1.5,38.125,0.39,0.37,0.37,0.43,0.38,0.33,0.29,0.25,0.21,0.23,0.39,0.32,0.33
GWETTOP,2020,1.5,38.75,0.47,0.43,0.41,0.5,0.45,0.37,0.28,0.26,0.23,0.26,0.48,0.34,0.37
GWETTOP,2020,1.5,39.375,0.52,0.39,0.35,0.43,0.45,0.37,0.28,0.21,0.22,0.33,0.48,0.37,0.37
GWETTOP,2020,1.5,40.0,0.49,0.37,0.32,0.43,0.47,0.38,0.27,0.2,0.22,0.32,0.49,0.38,0.36
GWETTOP,2020,1.5,40.625,0.6,0.38,0.29,0.43,0.45,0.35,0.26,0.21,0.26,0.44,0.57,0.43,0.39
GWETTOP,2020,1.5,41.25,0.47,0.34,0.26,0.36,0.38,0.34,0.27,0.2,0.23,0.37,0.56,0.4,0.35
GWETTOP,2020,1.5,41.875,0.4,0.22,0.2,0.41,0.48,0.4,0.31,0.29,0.3,0.4,0.66,0.43,0.38
GWETTOP,2020,2.0,34.375,0.47,0.45,0.53,0.56,0.65,0.63,0.65,0.65,0.69,0.69,0.62,0.53,0.59
GWETTOP,2020,2.0,35.0,0.44,0.42,0.47,0.53,0.7,0.65,0.64,0.7,0.64,0.58,0.51,0.42,0.56
GWETTOP,2020,2.0,35.625,0.32,0.34,0.36,0.4,0.4,0.37,0.36,0.4,0.34,0.28,0.28,0.19,0.34
GWETTOP,2020,2.0,36.25,0.3,0.35,0.36,0.42,0.39,0.35,0.32,0.33,0.25,0.24,0.27,0.2,0.31
GWETTOP,2020,2.0,36.875,0.41,0.4,0.41,0.45,0.44,0.38,0.34,0.31,0.21,0.25,0.37,0.33,0.36
GWETTOP,2020,2.0,37.5,0.4,0.38,0.39,0.44,0.42,0.35,0.29,0.24,0.18,0.23,0.36,0.31,0.33
GWETTOP,2020,2.0,38.125,0.42,0.39,0.4,0.47,0.45,0.37,0.29,0.24,0.2,0.27,0.43,0.35,0.36
GWETTOP,2020,2.0,38.75,0.42,0.39,0.4,0.47,0.46,0.38,0.31,0.27,0.23,0.29,0.44,0.34,0.37
GWETTOP,2020,2.0,39.375,0.4,0.33,0.31,0.45,0.5,0.39,0.32,0.23,0.22,0.35,0.46,0.37,0.36
GWETTOP,2020,2.0,40.0,0.43,0.33,0.33,0.47,0.55,0.42,0.33,0.25,0.24,0.39,0.5,0.39,0.39
GWETTOP,2020,2.0,40.625,0.52,0.25,0.29,0.57,0.63,0.44,0.3,0.27,0.33,0.55,0.67,0.44,0.44
GWETTOP,2020,2.0,41.25,0.44,0.27,0.23,0.45,0.48,0.37,0.29,0.22,0.27,0.44,0.54,0.39,0.37
GWETTOP,2020,2.0,41.875,0.4,0.21,0.22,0.52,0.61,0.45,0.35,0.37,0.37,0.49,0.68,0.41,0.42
GWETTOP,2020,2.5,34.375,0.38,0.36,0.46,0.49,0.57,0.55,0.58,0.57,0.55,0.55,0.45,0.41,0.49
GWETTOP,2020,2.5,35.0,0.41,0.38,0.45,0.5,0.69,0.64,0.57,0.56,0.55,0.5,0.43,0.38,0.51
GWETTOP,2020,2.5,35.625,0.34,0.34,0.36,0.41,0.46,0.4,0.36,0.36,0.34,0.29,0.23,0.17,0.34
GWETTOP,2020,2.5,36.25,0.29,0.34,0.35,0.38,0.41,0.33,0.24,0.26,0.22,0.21,0.23,0.18,0.29
GWETTOP,2020,2.5,36.875,0.37,0.37,0.38,0.41,0.44,0.38,0.32,0.26,0.19,0.22,0.33,0.26,0.33
GWETTOP,2020,2.5,37.5,0.36,0.35,0.36,0.44,0.46,0.35,0.23,0.22,0.18,0.22,0.35,0.28,0.32
GWETTOP,2020,2.5,38.125,0.4,0.35,0.37,0.45,0.48,0.38,0.29,0.22,0.2,0.27,0.41,0.36,0.35
GWETTOP,2020,2.5,38.75,0.38,0.32,0.35,0.45,0.49,0.38,0.29,0.23,0.2,0.28,0.42,0.36,0.35
GWETTOP,2020,2.5,39.375,0.37,0.29,0.31,0.46,0.57,0.41,0.34,0.25,0.21,0.34,0.46,0.38,0.37
GWETTOP,2020,2.5,40.0,0.39,0.28,0.31,0.5,0.62,0.45,0.34,0.28,0.24,0.39,0.51,0.4,0.39
GWETTOP,2020,2.5,40.625,0.42,0.23,0.27,0.54,0.64,0.48,0.29,0.24,0.29,0.46,0.59,0.41,0.41
GWETTOP,2020,2.5,41.25,0.25,0.17,0.19,0.39,0.41,0.28,0.21,0.19,0.21,0.27,0.42,0.26,0.27
GWETTOP,2020,2.5,41.875,0.29,0.2,0.19,0.39,0.49,0.35,0.28,0.26,0.27,0.32,0.46,0.3,0.32
GWETTOP,2020,3.0,34.375,0.46,0.43,0.51,0.55,0.7,0.67,0.74,0.76,0.74,0.74,0.64,0.56,0.63
GWETTOP,2020,3.0,35.0,0.39,0.37,0.45,0.5,0.67,0.58,0.5,0.49,0.45,0.44,0.38,0.35,0.46
GWETTOP,2020,3.0,35.625,0.36,0.36,0.35,0.37,0.41,0.34,0.24,0.24,0.19,0.19,0.21,0.15,0.28
GWETTOP,2020,3.0,36.25,0.35,0.33,0.34,0.37,0.42,0.34,0.24,0.24,0.2,0.2,0.22,0.16,0.28
GWETTOP,2020,3.0,36.875,0.32,0.32,0.31,0.37,0.42,0.35,0.26,0.2,0.16,0.18,0.25,0.16,0.27
GWETTOP,2020,3.0,37.5,0.27,0.24,0.29,0.39,0.44,0.3,0.19,0.18,0.14,0.19,0.28,0.18,0.26
GWETTOP,2020,3.0,38.125,0.37,0.3,0.32,0.43,0.51,0.4,0.32,0.23,0.19,0.25,0.38,0.3,0.33
GWETTOP,2020,3.0,38.75,0.38,0.26,0.33,0.47,0.57,0.43,0.33,0.23,0.22,0.3,0.44,0.34,0.36
GWETTOP,2020,3.0,39.375,0.34,0.24,0.28,0.43,0.58,0.4,0.34,0.25,0.22,0.33,0.44,0.36,0.35
GWETTOP,2020,3.0,40.0,0.37,0.24,0.28,0.47,0.64,0.44,0.34,0.27,0.24,0.37,0.5,0.39,0.38
GWETTOP,2020,3.0,40.625,0.36,0.21,0.24,0.46,0.58,0.42,0.27,0.21,0.24,0.35,0.5,0.36,0.35
GWETTOP,2020,3.0,41.25,0.27,0.18,0.19,0.4,0.44,0.31,0.23,0.19,0.21,0.29,0.41,0.27,0.28
GWETTOP,2020,3.0,41.875,0.3,0.21,0.16,0.37,0.46,0.33,0.28,0.24,0.21,0.31,0.37,0.29,0.29
GWETTOP,2020,3.5,34.375,0.39,0.39,0.45,0.51,0.69,0.66,0.74,0.76,0.7,0.72,0.58,0.57,0.6
GWETTOP,2020,3.5,35.0,0.39,0.37,0.47,0.53,0.66,0.57,0.49,0.49,0.42,0.42,0.4,0.44,0.47
GWETTOP,2020,3.5,35.625,0.32,0.33,0.37,0.42,0.47,0.38,0.31,0.28,0.2,0.24,0.24,0.17,0.31
GWETTOP,2020,3.5,36.25,0.32,0.32,0.36,0.41,0.47,0.37,0.3,0.25,0.19,0.24,0.26,0.16,0.3
GWETTOP,2020,3.5,36.875,0.34,0.31,0.32,0.41,0.5,0.39,0.33,0.26,0.23,0.24,0.31,0.17,0.32
GWETTOP,2020,3.5,37.5,0.33,0.32,0.35,0.46,0.55,0.4,0.3,0.26,0.24,0.27,0.34,0.22,0.34
GWETTOP,2020,3.5,38.125,0.39,0.33,0.35,0.47,0.61,0.44,0.37,0.32,0.26,0.31,0.38,0.31,0.38
GWETTOP,2020,3.5,38.75,0.36,0.28,0.32,0.46,0.64,0.45,0.37,0.33,0.31,0.36,0.42,0.33,0.39
GWETTOP,2020,3.5,39.375,0.4,0.3,0.32,0.47,0.68,0.5,0.41,0.34,0.33,0.42,0.5,0.4,0.42
GWETTOP,2020,3.5,40.0,0.37,0.25,0.26,0.46,0.63,0.44,0.33,0.27,0.25,0.41,0.51,0.38,0.38
GWETTOP,2020,3.5,40.625,0.44,0.22,0.24,0.53,0.66,0.49,0.27,0.22,0.26,0.49,0.59,0.41,0.4
GWETTOP,2020,3.5,41.25,0.35,0.22,0.2,0.41,0.47,0.34,0.23,0.2,0.21,0.36,0.42,0.29,0.31
GWETTOP,2020,3.5,41.875,0.25,0.17,0.15,0.35,0.39,0.26,0.21,0.17,0.17,0.27,0.32,0.23,0.25
GWETTOP,2020,4.0,34.375,0.48,0.45,0.51,0.57,0.63,0.63,0.63,0.67,0.61,0.65,0.62,0.63,0.59
GWETTOP,2020,4.0,35.0,0.45,0.41,0.55,0.62,0.75,0.64,0.53,0.52,0.45,0.46,0.48,0.49,0.53
GWETTOP,2020,4.0,35.625,0.38,0.36,0.45,0.55,0.66,0.52,0.41,0.37,0.3,0.32,0.34,0.25,0.41
GWETTOP,2020,4.0,36.25,0.33,0.32,0.4,0.48,0.55,0.42,0.34,0.29,0.22,0.29,0.3,0.18,0.34
GWETTOP,2020,4.0,36.875,0.35,0.31,0.34,0.46,0.56,0.41,0.34,0.29,0.2,0.3,0.31,0.17,0.34
GWETTOP,2020,4.0,37.5,0.36,0.3,0.35,0.5,0.59,0.45,0.37,0.31,0.24,0.34,0.35,0.2,0.36
GWETTOP,2020,4.0,38.125,0.47,0.39,0.41,0.56,0.71,0.54,0.46,0.41,0.36,0.46,0.5,0.39,0.47
GWETTOP,2020,4.0,38.75,0.63,0.5,0.47,0.7,0.86,0.73,0.62,0.55,0.44,0.6,0.64,0.49,0.6
GWETTOP,2020,4.0,39.375,0.62,0.44,0.43,0.61,0.78,0.64,0.53,0.37,0.39,0.61,0.69,0.57,0.56
GWETTOP,2020,4.0,40.0,0.46,0.27,0.27,0.51,0.69,0.51,0.4,0.27,0.29,0.52,0.56,0.43,0.43
GWETTOP,2020,4.0,40.625,0.52,0.28,0.24,0.55,0.68,0.5,0.31,0.23,0.27,0.54,0.6,0.43,0.43
GWETTOP,2020,4.0,41.25,0.39,0.28,0.2,0.42,0.47,0.36,0.27,0.18,0.2,0.37,0.42,0.33,0.32
GWETTOP,2020,4.0,41.875,0.35,0.26,0.19,0.37,0.43,0.33,0.27,0.18,0.19,0.31,0.36,0.28,0.29
GWETTOP,2020,4.5,34.375,0.42,0.46,0.6,0.64,0.6,0.63,0.53,0.58,0.51,0.64,0.64,0.57,0.57
GWETTOP,2020,4.5,35.0,0.5,0.48,0.6,0.69,0.78,0.67,0.55,0.51,0.47,0.52,0.55,0.54,0.57
GWETTOP,2020,4.5,35.625,0.44,0.41,0.55,0.66,0.79,0.63,0.47,0.41,0.37,0.38,0.4,0.35,0.49
GWETTOP,2020,4.5,36.25,0.38,0.35,0.46,0.56,0.66,0.49,0.38,0.34,0.29,0.33,0.34,0.24,0.4
GWETTOP,2020,4.5,36.875,0.36,0.32,0.37,0.47,0.6,0.46,0.38,0.34,0.28,0.34,0.34,0.2,0.37
GWETTOP,2020,4.5,37.5,0.48,0.39,0.46,0.64,0.77,0.63,0.53,0.44,0.35,0.51,0.49,0.29,0.5
GWETTOP,2020,4.5,38.125,0.65,0.56,0.49,0.7,0.85,0.73,0.62,0.56,0.43,0.61,0.64,0.52,0.61
GWETTOP,2020,4.5,38.75,0.63,0.54,0.47,0.66,0.81,0.69,0.57,0.49,0.43,0.58,0.62,0.52,0.58
GWETTOP,2020,4.5,39.375,0.57,0.45,0.37,0.56,0.69,0.54,0.46,0.34,0.33,0.55,0.58,0.48,0.49
GWETTOP,2020,4.5,40.0,0.5,0.38,0.32,0.49,0.62,0.46,0.39,0.3,0.29,0.48,0.52,0.42,0.43
GWETTOP,2020,4.5,40.625,0.53,0.38,0.27,0.49,0.63,0.44,0.36,0.23,0.24,0.47,0.5,0.4,0.41
GWETTOP,2020,4.5,41.25,0.56,0.37,0.31,0.46,0.54,0.38,0.33,0.24,0.22,0.37,0.43,0.36,0.38
GWETTOP,2020,4.5,41.875,0.42,0.3,0.2,0.41,0.48,0.36,0.26,0.18,0.2,0.34,0.37,0.28,0.32
GWETTOP,2021,-0.5,34.375,0.73,0.61,0.56,0.87,0.92,0.78,0.61,0.5,0.53,0.64,0.72,0.84,0.69
GWETTOP,2021,-0.5,35.0,0.78,0.69,0.61,0.82,0.91,0.84,0.76,0.72,0.75,0.78,0.74,0.84,0.77
GWETTOP,2021,-0.5,35.625,0.75,0.71,0.65,0.7,0.75,0.7,0.7,0.7,0.68,0.66,0.62,0.63,0.69
GWETTOP,2021,-0.5,36.25,0.72,0.69,0.63,0.68,0.73,0.68,0.67,0.67,0.64,0.63,0.6,0.62,0.66
GWETTOP,2021,-0.5,36.875,0.61,0.58,0.55,0.61,0.63,0.57,0.57,0.53,0.47,0.47,0.48,0.58,0.55
GWETTOP,2021,-0.5,37.5,0.54,0.53,0.51,0.56,0.61,0.53,0.52,0.49,0.43,0.44,0.49,0.59,0.52
GWETTOP,2021,-0.5,38.125,0.44,0.38,0.38,0.46,0.47,0.35,0.32,0.28,0.23,0.28,0.37,0.61,0.38
GWETTOP,2021,-0.5,38.75,0.37,0.31,0.33,0.42,0.43,0.3,0.28,0.25,0.22,0.25,0.34,0.58,0.34
GWETTOP,2021,-0.5,39.375,0.31,0.23,0.32,0.41,0.39,0.34,0.31,0.26,0.23,0.25,0.3,0.53,0.32
GWETTOP,2021,-0.5,40.0,0.34,0.26,0.36,0.45,0.44,0.38,0.36,0.29,0.26,0.27,0.32,0.57,0.36
GWETTOP,2021,-0.5,40.625,0.35,0.24,0.42,0.48,0.42,0.48,0.46,0.35,0.31,0.28,0.3,0.54,0.39
GWETTOP,2021,-0.5,41.25,0.36,0.25,0.44,0.48,0.41,0.49,0.46,0.36,0.32,0.29,0.31,0.53,0.39
GWETTOP,2021,-0.5,41.875,0.33,0.22,0.39,0.47,0.39,0.48,0.48,0.42,0.33,0.28,0.27,0.48,0.38
GWETTOP,2021,-1.0,34.375,0.78,0.69,0.56,0.73,0.79,0.68,0.54,0.48,0.52,0.52,0.6,0.72,0.63
GWETTOP,2021,-1.0,35.0,0.84,0.79,0.68,0.77,0.83,0.75,0.69,0.65,0.64,0.62,0.61,0.67,0.71
GWETTOP,2021,-1.0,35.625,0.64,0.61,0.51,0.59,0.64,0.56,0.53,0.52,0.5,0.48,0.45,0.49,0.54
GWETTOP,2021,-1.0,36.25,0.49,0.49,0.4,0.47,0.57,0.48,0.46,0.44,0.4,0.39,0.37,0.41,0.45
GWETTOP,2021,-1.0,36.875,0.49,0.47,0.41,0.49,0.53,0.48,0.43,0.35,0.24,0.3,0.4,0.57,0.43
GWETTOP,2021,-1.0,37.5,0.49,0.47,0.42,0.49,0.54,0.48,0.45,0.38,0.29,0.34,0.41,0.55,0.44
GWETTOP,2021,-1.0,38.125,0.4,0.37,0.35,0.49,0.49,0.38,0.34,0.29,0.24,0.29,0.39,0.63,0.39
GWETTOP,2021,-1.0,38.75,0.35,0.31,0.32,0.47,0.45,0.31,0.3,0.27,0.23,0.28,0.36,0.61,0.36
GWETTOP,2021,-1.0,39.375,0.3,0.21,0.34,0.47,0.43,0.38,0.34,0.27,0.25,0.26,0.32,0.59,0.35
GWETTOP,2021,-1.0,40.0,0.33,0.25,0.37,0.55,0.5,0.41,0.38,0.31,0.28,0.29,0.35,0.64,0.39
GWETTOP,2021,-1.0,40.625,0.35,0.25,0.42,0.48,0.44,0.52,0.49,0.39,0.34,0.3,0.32,0.56,0.41
GWETTOP,2021,-1.0,41.25,0.35,0.24,0.41,0.47,0.44,0.51,0.49,0.4,0.35,0.3,0.31,0.55,0.4
GWETTOP,2021,-1.0,41.875,0.3,0.22,0.34,0.4,0.35,0.43,0.43,0.38,0.32,0.28,0.26,0.41,0.34
GWETTOP,2021,-1.5,34.375,0.79,0.68,0.6,0.73,0.76,0.6,0.38,0.36,0.44,0.47,0.6,0.65,0.59
GWETTOP,2021,-1.5,35.0,0.74,0.69,0.58,0.64,0.69,0.56,0.45,0.42,0.44,0.42,0.51,0.56,0.56
GWETTOP,2021,-1.5,35.625,0.62,0.64,0.53,0.59,0.67,0.55,0.5,0.48,0.47,0.42,0.46,0.51,0.54
GWETTOP,2021,-1.5,36.25,0.4,0.43,0.36,0.43,0.5,0.42,0.38,0.34,0.31,0.28,0.29,0.4,0.38
GWETTOP,2021,-1.5,36.875,0.49,0.52,0.36,0.61,0.65,0.48,0.36,0.36,0.28,0.33,0.39,0.63,0.45
GWETTOP,2021,-1.5,37.5,0.47,0.45,0.38,0.48,0.52,0.46,0.4,0.34,0.27,0.33,0.4,0.53,0.42
GWETTOP,2021,-1.5,38.125,0.44,0.43,0.4,0.45,0.46,0.43,0.4,0.36,0.31,0.34,0.4,0.5,0.41
GWETTOP,2021,-1.5,38.75,0.36,0.31,0.32,0.46,0.45,0.34,0.32,0.29,0.24,0.3,0.36,0.56,0.36
GWETTOP,2021,-1.5,39.375,0.29,0.22,0.3,0.47,0.45,0.36,0.33,0.28,0.24,0.28,0.33,0.53,0.34
GWETTOP,2021,-1.5,40.0,0.33,0.24,0.41,0.56,0.53,0.53,0.48,0.36,0.33,0.33,0.34,0.59,0.42
GWETTOP,2021,-1.5,40.625,0.35,0.25,0.4,0.48,0.45,0.55,0.52,0.43,0.38,0.33,0.32,0.53,0.42
GWETTOP,2021,-1.5,41.25,0.34,0.21,0.37,0.48,0.47,0.53,0.51,0.45,0.37,0.31,0.29,0.53,0.41
GWETTOP,2021,-1.5,41.875,0.59,0.53,0.59,0.64,0.63,0.67,0.66,0.64,0.62,0.59,0.56,0.66,0.62
GWETTOP,2021,-1.7975103014118005e-13,34.375,0.72,0.61,0.55,0.75,0.82,0.72,0.61,0.55,0.58,0.61,0.64,0.7,0.66
GWETTOP,2021,-1.7975103014118005e-13,35.0,0.77,0.7,0.61,0.77,0.87,0.81,0.79,0.79,0.82,0.84,0.79,0.81,0.78
GWETTOP,2021,-1.7975103014118005e-13,35.625,0.81,0.76,0.7,0.74,0.82,0.77,0.77,0.77,0.76,0.76,0.73,0.75,0.76
GWETTOP,2021,-1.7975103014118005e-13,36.25,0.71,0.64,0.56,0.63,0.71,0.63,0.65,0.63,0.61,0.6,0.56,0.59,0.63
GWETTOP,2021,-1.7975103014118005e-13,36.875,0.63,0.57,0.53,0.55,0.61,0.54,0.54,0.52,0.49,0.48,0.48,0.54,0.54
GWETTOP,2021,-1.7975103014118005e-13,37.5,0.63,0.57,0.53,0.55,0.6,0.5,0.5,0.48,0.44,0.44,0.48,0.63,0.53
GWETTOP,2021,-1.7975103014118005e-13,38.125,0.44,0.38,0.37,0.4,0.43,0.33,0.3,0.26,0.21,0.24,0.36,0.61,0.36
GWETTOP,2021,-1.7975103014118005e-13,38.75,0.36,0.31,0.29,0.35,0.37,0.29,0.25,0.2,0.17,0.21,0.32,0.54,0.31
GWETTOP,2021,-1.7975103014118005e-13,39.375,0.32,0.24,0.24,0.34,0.36,0.3,0.25,0.2,0.19,0.21,0.3,0.53,0.29
GWETTOP,2021,-1.7975103014118005e-13,40.0,0.34,0.25,0.29,0.36,0.37,0.34,0.3,0.24,0.22,0.23,0.31,0.55,0.32
GWETTOP,2021,-1.7975103014118005e-13,40.625,0.33,0.21,0.33,0.41,0.37,0.38,0.35,0.27,0.24,0.21,0.28,0.57,0.33
GWETTOP,2021,-1.7975103014118005e-13,41.25,0.34,0.23,0.37,0.43,0.35,0.41,0.37,0.3,0.26,0.23,0.29,0.56,0.35
GWETTOP,2021,-1.7975103014118005e-13,41.875,0.33,0.21,0.35,0.43,0.34,0.42,0.42,0.38,0.31,0.24,0.28,0.55,0.36
GWETTOP,2021,-2.0,34.375,0.81,0.69,0.59,0.72,0.72,0.52,0.29,0.35,0.4,0.41,0.61,0.64,0.56
GWETTOP,2021,-2.0,35.0,0.72,0.69,0.58,0.63,0.67,0.55,0.38,0.36,0.38,0.39,0.53,0.58,0.54
GWETTOP,2021,-2.0,35.625,0.58,0.61,0.52,0.59,0.63,0.54,0.45,0.37,0.36,0.36,0.45,0.58,0.5
GWETTOP,2021,-2.0,36.25,0.36,0.39,0.33,0.42,0.43,0.36,0.3,0.24,0.23,0.23,0.29,0.39,0.33
GWETTOP,2021,-2.0,36.875,0.52,0.53,0.4,0.61,0.64,0.47,0.35,0.32,0.26,0.34,0.43,0.63,0.46
GWETTOP,2021,-2.0,37.5,0.49,0.47,0.38,0.51,0.54,0.47,0.37,0.31,0.24,0.31,0.4,0.56,0.42
GWETTOP,2021,-2.0,38.125,0.42,0.4,0.36,0.42,0.43,0.4,0.36,0.32,0.28,0.3,0.36,0.48,0.38
GWETTOP,2021,-2.0,38.75,0.37,0.33,0.35,0.49,0.47,0.39,0.34,0.31,0.26,0.31,0.36,0.56,0.38
GWETTOP,2021,-2.0,39.375,0.31,0.26,0.36,0.52,0.5,0.46,0.39,0.32,0.28,0.31,0.33,0.54,0.38
GWETTOP,2021,-2.0,40.0,0.31,0.24,0.39,0.52,0.51,0.5,0.45,0.36,0.32,0.32,0.32,0.49,0.4
GWETTOP,2021,-2.0,40.625,0.34,0.24,0.41,0.5,0.5,0.56,0.53,0.45,0.41,0.36,0.32,0.49,0.43
GWETTOP,2021,-2.0,41.25,0.4,0.31,0.41,0.47,0.46,0.53,0.51,0.47,0.45,0.44,0.38,0.49,0.44
GWETTOP,2021,-2.0,41.875,0.63,0.59,0.63,0.67,0.67,0.69,0.69,0.67,0.66,0.64,0.61,0.7,0.65
GWETTOP,2021,-2.5,34.375,0.85,0.74,0.56,0.65,0.68,0.49,0.32,0.31,0.36,0.45,0.58,0.63,0.55
GWETTOP,2021,-2.5,35.0,0.8,0.76,0.61,0.62,0.67,0.53,0.41,0.31,0.3,0.36,0.48,0.61,0.54
GWETTOP,2021,-2.5,35.625,0.56,0.57,0.5,0.6,0.59,0.5,0.34,0.21,0.19,0.24,0.36,0.62,0.44
GWETTOP,2021,-2.5,36.25,0.5,0.5,0.42,0.55,0.53,0.44,0.35,0.25,0.2,0.23,0.34,0.53,0.4
GWETTOP,2021,-2.5,36.875,0.6,0.59,0.45,0.62,0.63,0.55,0.37,0.27,0.22,0.28,0.4,0.65,0.47
GWETTOP,2021,-2.5,37.5,0.62,0.57,0.49,0.63,0.64,0.63,0.52,0.39,0.3,0.31,0.39,0.72,0.52
GWETTOP,2021,-2.5,38.125,0.52,0.46,0.4,0.5,0.5,0.5,0.43,0.35,0.27,0.29,0.36,0.61,0.43
GWETTOP,2021,-2.5,38.75,0.43,0.38,0.38,0.53,0.5,0.5,0.39,0.34,0.3,0.32,0.36,0.62,0.42
GWETTOP,2021,-2.5,39.375,0.42,0.35,0.47,0.65,0.62,0.63,0.53,0.4,0.37,0.37,0.38,0.65,0.49
GWETTOP,2021,-2.5,40.0,0.34,0.29,0.39,0.48,0.47,0.49,0.42,0.37,0.34,0.32,0.31,0.45,0.39
GWETTOP,2021,-2.5,40.625,0.48,0.42,0.53,0.58,0.6,0.64,0.58,0.53,0.51,0.49,0.46,0.56,0.53
GWETTOP,2021,-2.5,41.25,1.0,1.0,1.0,1.0,1.0,1.0,1.0,1.0,1.0,1.0,1.0,1.0,1.0
GWETTOP,2021,-2.5,41.875,1.0,1.0,1.0,1.0,1.0,1.0,1.0,1.0,1.0,1.0,1.0,1.0,1.0
GWETTOP,2021,-3.0,34.375,0.88,0.8,0.59,0.56,0.63,0.49,0.32,0.27,0.32,0.34,0.49,0.54,0.52
GWETTOP,2021,-3.0,35.0,0.87,0.86,0.76,0.69,0.71,0.55,0.46,0.3,0.27,0.35,0.44,0.62,0.57
GWETTOP,2021,-3.0,35.625,0.9,0.9,0.86,0.91,0.9,0.8,0.67,0.54,0.47,0.44,0.44,0.79,0.72
GWETTOP,2021,-3.0,36.25,0.72,0.68,0.6,0.74,0.7,0.58,0.43,0.25,0.2,0.24,0.37,0.71,0.52
GWETTOP,2021,-3.0,36.875,0.88,0.85,0.79,0.91,0.9,0.88,0.82,0.72,0.62,0.56,0.53,0.88,0.78
GWETTOP,2021,-3.0,37.5,0.81,0.74,0.64,0.76,0.76,0.82,0.74,0.62,0.51,0.46,0.43,0.77,0.67
GWETTOP,2021,-3.0,38.125,0.54,0.5,0.45,0.52,0.53,0.57,0.52,0.46,0.4,0.34,0.34,0.62,0.48
GWETTOP,2021,-3.0,38.75,0.46,0.4,0.38,0.55,0.51,0.57,0.46,0.37,0.34,0.31,0.34,0.66,0.45
GWETTOP,2021,-3.0,39.375,0.51,0.43,0.52,0.67,0.64,0.69,0.61,0.5,0.45,0.41,0.39,0.67,0.54
GWETTOP,2021,-3.0,40.0,0.37,0.34,0.41,0.47,0.46,0.5,0.42,0.38,0.36,0.32,0.3,0.46,0.4
GWETTOP,2021,-3.0,40.625,0.76,0.75,0.8,0.82,0.81,0.84,0.8,0.77,0.76,0.75,0.75,0.79,0.78
GWETTOP,2021,-3.0,41.25,1.0,1.0,1.0,1.0,1.0,1.0,1.0,1.0,1.0,1.0,1.0,1.0,1.0
GWETTOP,2021,-3.0,41.875,1.0,1.0,1.0,1.0,1.0,1.0,1.0,1.0,1.0,1.0,1.0,1.0,1.0
GWETTOP,2021,-3.5,34.375,0.88,0.82,0.65,0.61,0.63,0.47,0.28,0.23,0.28,0.29,0.44,0.53,0.51
GWETTOP,2021,-3.5,35.0,0.82,0.81,0.73,0.69,0.66,0.51,0.42,0.33,0.27,0.28,0.37,0.56,0.54
GWETTOP,2021,-3.5,35.625,0.72,0.7,0.63,0.73,0.67,0.55,0.5,0.46,0.36,0.29,0.32,0.64,0.55
GWETTOP,2021,-3.5,36.25,0.74,0.67,0.57,0.66,0.58,0.5,0.35,0.22,0.19,0.24,0.31,0.63,0.47
GWETTOP,2021,-3.5,36.875,0.79,0.73,0.6,0.74,0.71,0.64,0.52,0.44,0.32,0.31,0.34,0.66,0.57
GWETTOP,2021,-3.5,37.5,0.51,0.5,0.45,0.53,0.53,0.53,0.49,0.39,0.3,0.25,0.26,0.5,0.44
GWETTOP,2021,-3.5,38.125,0.47,0.44,0.38,0.53,0.53,0.62,0.54,0.47,0.42,0.34,0.32,0.61,0.47
GWETTOP,2021,-3.5,38.75,0.51,0.48,0.44,0.59,0.58,0.65,0.59,0.52,0.48,0.43,0.41,0.65,0.53
GWETTOP,2021,-3.5,39.375,0.52,0.44,0.52,0.68,0.65,0.7,0.63,0.56,0.49,0.42,0.38,0.67,0.56
GWETTOP,2021,-3.5,40.0,0.51,0.48,0.53,0.61,0.59,0.62,0.56,0.51,0.49,0.46,0.44,0.62,0.54
GWETTOP,2021,-3.5,40.625,0.92,0.92,0.93,0.94,0.94,0.95,0.94,0.92,0.92,0.91,0.91,0.93,0.93
GWETTOP,2021,-3.5,41.25,1.0,1.0,1.0,1.0,1.0,1.0,1.0,1.0,1.0,1.0,1.0,1.0,1.0
GWETTOP,2021,-3.5,41.875,1.0,1.0,1.0,1.0,1.0,1.0,1.0,1.0,1.0,1.0,1.0,1.0,1.0
GWETTOP,2021,-4.0,34.375,0.81,0.79,0.69,0.67,0.64,0.49,0.37,0.29,0.29,0.29,0.42,0.54,0.52
GWETTOP,2021,-4.0,35.0,0.76,0.78,0.72,0.71,0.68,0.57,0.49,0.42,0.37,0.31,0.38,0.57,0.56
GWETTOP,2021,-4.0,35.625,0.67,0.69,0.63,0.66,0.6,0.53,0.51,0.47,0.38,0.32,0.29,0.55,0.52
GWETTOP,2021,-4.0,36.25,0.62,0.64,0.56,0.6,0.54,0.48,0.41,0.29,0.23,0.24,0.25,0.54,0.45
GWETTOP,2021,-4.0,36.875,0.54,0.59,0.51,0.55,0.53,0.49,0.43,0.33,0.25,0.25,0.24,0.53,0.44
GWETTOP,2021,-4.0,37.5,0.54,0.58,0.51,0.56,0.57,0.55,0.5,0.42,0.34,0.3,0.28,0.58,0.48
GWETTOP,2021,-4.0,38.125,0.45,0.49,0.4,0.58,0.58,0.65,0.56,0.47,0.4,0.32,0.32,0.66,0.49
GWETTOP,2021,-4.0,38.75,0.41,0.41,0.37,0.59,0.59,0.62,0.55,0.47,0.43,0.35,0.33,0.64,0.48
GWETTOP,2021,-4.0,39.375,0.36,0.35,0.42,0.56,0.52,0.59,0.49,0.41,0.39,0.34,0.3,0.57,0.44
GWETTOP,2021,-4.0,40.0,0.5,0.49,0.51,0.59,0.58,0.6,0.54,0.51,0.5,0.49,0.48,0.6,0.53
GWETTOP,2021,-4.0,40.625,1.0,1.0,1.0,1.0,1.0,1.0,1.0,1.0,1.0,1.0,1.0,1.0,1.0
GWETTOP,2021,-4.0,41.25,1.0,1.0,1.0,1.0,1.0,1.0,1.0,1.0,1.0,1.0,1.0,1.0,1.0
GWETTOP,2021,-4.0,41.875,1.0,1.0,1.0,1.0,1.0,1.0,1.0,1.0,1.0,1.0,1.0,1.0,1.0
GWETTOP,2021,-4.5,34.375,0.69,0.69,0.63,0.64,0.6,0.5,0.45,0.4,0.37,0.35,0.41,0.53,0.52
GWETTOP,2021,-4.5,35.0,0.63,0.67,0.6,0.62,0.58,0.48,0.44,0.4,0.37,0.33,0.34,0.52,0.5
GWETTOP,2021,-4.5,35.625,0.48,0.55,0.48,0.52,0.47,0.42,0.41,0.37,0.3,0.26,0.25,0.44,0.41
GWETTOP,2021,-4.5,36.25,0.53,0.6,0.54,0.59,0.54,0.47,0.44,0.37,0.31,0.29,0.26,0.53,0.46
GWETTOP,2021,-4.5,36.875,0.5,0.57,0.5,0.55,0.54,0.5,0.47,0.42,0.35,0.3,0.27,0.56,0.46
GWETTOP,2021,-4.5,37.5,0.52,0.57,0.51,0.56,0.57,0.55,0.51,0.46,0.4,0.34,0.29,0.59,0.49
GWETTOP,2021,-4.5,38.125,0.62,0.61,0.53,0.64,0.69,0.73,0.68,0.63,0.54,0.43,0.37,0.73,0.6
GWETTOP,2021,-4.5,38.75,0.55,0.51,0.46,0.62,0.67,0.71,0.65,0.59,0.49,0.41,0.37,0.7,0.56
GWETTOP,2021,-4.5,39.375,0.38,0.36,0.37,0.49,0.5,0.5,0.44,0.41,0.39,0.35,0.31,0.51,0.42
GWETTOP,2021,-4.5,40.0,0.95,0.95,0.95,0.96,0.96,0.95,0.95,0.95,0.95,0.95,0.94,0.96,0.95
GWETTOP,2021,-4.5,40.625,1.0,1.0,1.0,1.0,1.0,1.0,1.0,1.0,1.0,1.0,1.0,1.0,1.0
GWETTOP,2021,-4.5,41.25,1.0,1.0,1.0,1.0,1.0,1.0,1.0,1.0,1.0,1.0,1.0,1.0,1.0
GWETTOP,2021,-4.5,41.875,1.0,1.0,1.0,1.0,1.0,1.0,1.0,1.0,1.0,1.0,1.0,1.0,1.0
GWETTOP,2021,0.5,34.375,0.73,0.65,0.56,0.63,0.66,0.6,0.58,0.56,0.65,0.62,0.56,0.52,0.61
GWETTOP,2021,0.5,35.0,0.76,0.67,0.58,0.64,0.77,0.71,0.75,0.77,0.83,0.84,0.77,0.72,0.73
GWETTOP,2021,0.5,35.625,0.72,0.63,0.53,0.59,0.72,0.64,0.64,0.64,0.62,0.59,0.54,0.55,0.62
GWETTOP,2021,0.5,36.25,0.52,0.43,0.36,0.45,0.54,0.43,0.48,0.47,0.45,0.42,0.39,0.44,0.45
GWETTOP,2021,0.5,36.875,0.6,0.5,0.4,0.48,0.55,0.4,0.46,0.4,0.4,0.41,0.41,0.55,0.46
GWETTOP,2021,0.5,37.5,0.51,0.42,0.37,0.37,0.41,0.33,0.32,0.27,0.25,0.27,0.33,0.52,0.36
GWETTOP,2021,0.5,38.125,0.38,0.35,0.31,0.33,0.36,0.29,0.24,0.19,0.16,0.2,0.32,0.56,0.31
GWETTOP,2021,0.5,38.75,0.36,0.31,0.25,0.31,0.35,0.26,0.19,0.16,0.14,0.19,0.32,0.57,0.28
GWETTOP,2021,0.5,39.375,0.36,0.26,0.2,0.34,0.38,0.29,0.21,0.17,0.16,0.21,0.35,0.67,0.3
GWETTOP,2021,0.5,40.0,0.35,0.22,0.2,0.35,0.37,0.31,0.23,0.18,0.18,0.19,0.33,0.7,0.3
GWETTOP,2021,0.5,40.625,0.31,0.17,0.2,0.36,0.33,0.29,0.25,0.21,0.18,0.16,0.27,0.68,0.29
GWETTOP,2021,0.5,41.25,0.33,0.23,0.26,0.38,0.31,0.32,0.29,0.25,0.21,0.17,0.27,0.59,0.3
GWETTOP,2021,0.5,41.875,0.31,0.21,0.25,0.36,0.29,0.32,0.31,0.32,0.26,0.19,0.27,0.58,0.31
GWETTOP,2021,1.0,34.375,0.82,0.74,0.66,0.7,0.71,0.65,0.62,0.6,0.67,0.68,0.63,0.56,0.67
GWETTOP,2021,1.0,35.0,0.74,0.63,0.53,0.61,0.77,0.7,0.72,0.73,0.78,0.81,0.73,0.66,0.7
GWETTOP,2021,1.0,35.625,0.37,0.27,0.19,0.29,0.42,0.36,0.38,0.38,0.37,0.33,0.23,0.29,0.32
GWETTOP,2021,1.0,36.25,0.41,0.35,0.28,0.35,0.48,0.35,0.4,0.38,0.36,0.34,0.3,0.35,0.36
GWETTOP,2021,1.0,36.875,0.45,0.38,0.34,0.35,0.37,0.31,0.34,0.32,0.28,0.3,0.28,0.36,0.34
GWETTOP,2021,1.0,37.5,0.44,0.38,0.34,0.34,0.35,0.26,0.27,0.2,0.18,0.25,0.3,0.44,0.31
GWETTOP,2021,1.0,38.125,0.35,0.31,0.26,0.29,0.3,0.19,0.17,0.15,0.12,0.18,0.28,0.45,0.25
GWETTOP,2021,1.0,38.75,0.35,0.29,0.24,0.32,0.33,0.22,0.18,0.15,0.13,0.16,0.31,0.52,0.27
GWETTOP,2021,1.0,39.375,0.38,0.26,0.22,0.37,0.4,0.28,0.2,0.18,0.16,0.18,0.35,0.71,0.31
GWETTOP,2021,1.0,40.0,0.37,0.25,0.21,0.36,0.37,0.3,0.22,0.19,0.17,0.17,0.33,0.79,0.31
GWETTOP,2021,1.0,40.625,0.32,0.18,0.19,0.37,0.34,0.27,0.24,0.21,0.18,0.15,0.29,0.78,0.29
GWETTOP,2021,1.0,41.25,0.33,0.19,0.21,0.39,0.3,0.27,0.25,0.25,0.2,0.16,0.27,0.68,0.29
GWETTOP,2021,1.0,41.875,0.29,0.18,0.19,0.33,0.27,0.27,0.28,0.31,0.24,0.16,0.26,0.63,0.29
GWETTOP,2021,1.5,34.375,0.67,0.6,0.47,0.59,0.61,0.51,0.5,0.47,0.56,0.59,0.51,0.45,0.54
GWETTOP,2021,1.5,35.0,0.49,0.42,0.37,0.46,0.67,0.51,0.53,0.51,0.55,0.57,0.47,0.41,0.5
GWETTOP,2021,1.5,35.625,0.33,0.28,0.23,0.34,0.41,0.31,0.35,0.32,0.3,0.31,0.25,0.3,0.31
GWETTOP,2021,1.5,36.25,0.34,0.26,0.22,0.31,0.38,0.25,0.33,0.28,0.26,0.27,0.21,0.29,0.28
GWETTOP,2021,1.5,36.875,0.38,0.35,0.31,0.31,0.31,0.18,0.24,0.19,0.16,0.24,0.25,0.38,0.27
GWETTOP,2021,1.5,37.5,0.37,0.33,0.28,0.3,0.3,0.17,0.22,0.18,0.15,0.24,0.24,0.39,0.26
GWETTOP,2021,1.5,38.125,0.32,0.29,0.27,0.32,0.33,0.23,0.21,0.17,0.14,0.17,0.29,0.47,0.27
GWETTOP,2021,1.5,38.75,0.37,0.3,0.28,0.37,0.38,0.24,0.21,0.19,0.16,0.2,0.33,0.58,0.3
GWETTOP,2021,1.5,39.375,0.39,0.3,0.25,0.37,0.37,0.28,0.22,0.19,0.17,0.19,0.32,0.75,0.32
GWETTOP,2021,1.5,40.0,0.37,0.24,0.22,0.38,0.39,0.28,0.22,0.19,0.17,0.19,0.32,0.77,0.31
GWETTOP,2021,1.5,40.625,0.37,0.21,0.24,0.38,0.28,0.24,0.26,0.22,0.2,0.17,0.3,0.83,0.31
GWETTOP,2021,1.5,41.25,0.32,0.17,0.18,0.3,0.21,0.22,0.23,0.22,0.18,0.15,0.27,0.78,0.27
GWETTOP,2021,1.5,41.875,0.27,0.14,0.19,0.32,0.24,0.26,0.29,0.31,0.24,0.16,0.27,0.74,0.29
GWETTOP,2021,2.0,34.375,0.52,0.45,0.35,0.49,0.53,0.44,0.47,0.39,0.47,0.47,0.38,0.34,0.44
GWETTOP,2021,2.0,35.0,0.42,0.37,0.27,0.41,0.54,0.42,0.45,0.42,0.42,0.4,0.32,0.3,0.4
GWETTOP,2021,2.0,35.625,0.3,0.21,0.19,0.31,0.35,0.22,0.29,0.23,0.21,0.22,0.18,0.23,0.25
GWETTOP,2021,2.0,36.25,0.33,0.21,0.2,0.3,0.34,0.17,0.26,0.19,0.18,0.22,0.18,0.24,0.24
GWETTOP,2021,2.0,36.875,0.39,0.35,0.32,0.35,0.32,0.2,0.24,0.2,0.16,0.27,0.25,0.37,0.28
GWETTOP,2021,2.0,37.5,0.39,0.33,0.29,0.32,0.31,0.18,0.19,0.17,0.14,0.23,0.25,0.39,0.27
GWETTOP,2021,2.0,38.125,0.37,0.31,0.31,0.35,0.37,0.26,0.21,0.18,0.15,0.21,0.32,0.5,0.3
GWETTOP,2021,2.0,38.75,0.37,0.31,0.3,0.36,0.37,0.28,0.23,0.19,0.16,0.21,0.32,0.53,0.3
GWETTOP,2021,2.0,39.375,0.4,0.29,0.28,0.36,0.37,0.3,0.24,0.19,0.18,0.22,0.32,0.72,0.32
GWETTOP,2021,2.0,40.0,0.4,0.25,0.28,0.39,0.39,0.32,0.26,0.21,0.19,0.23,0.33,0.79,0.34
GWETTOP,2021,2.0,40.625,0.42,0.21,0.32,0.47,0.33,0.31,0.34,0.3,0.27,0.24,0.35,0.81,0.37
GWETTOP,2021,2.0,41.25,0.37,0.19,0.26,0.37,0.26,0.26,0.29,0.24,0.22,0.18,0.29,0.79,0.31
GWETTOP,2021,2.0,41.875,0.28,0.17,0.25,0.43,0.32,0.31,0.36,0.38,0.31,0.21,0.31,0.75,0.34
GWETTOP,2021,2.5,34.375,0.48,0.37,0.31,0.4,0.51,0.36,0.48,0.39,0.42,0.37,0.31,0.32,0.39
GWETTOP,2021,2.5,35.0,0.53,0.4,0.31,0.36,0.53,0.41,0.44,0.4,0.4,0.36,0.28,0.3,0.39
GWETTOP,2021,2.5,35.625,0.39,0.3,0.19,0.26,0.38,0.3,0.28,0.2,0.24,0.2,0.16,0.2,0.26
GWETTOP,2021,2.5,36.25,0.42,0.27,0.2,0.25,0.34,0.19,0.2,0.16,0.17,0.19,0.15,0.21,0.23
GWETTOP,2021,2.5,36.875,0.45,0.37,0.33,0.32,0.33,0.21,0.21,0.17,0.15,0.23,0.22,0.34,0.28
GWETTOP,2021,2.5,37.5,0.49,0.37,0.29,0.3,0.31,0.17,0.17,0.16,0.14,0.21,0.25,0.38,0.27
GWETTOP,2021,2.5,38.125,0.52,0.39,0.34,0.35,0.34,0.22,0.19,0.19,0.16,0.24,0.32,0.47,0.31
GWETTOP,2021,2.5,38.75,0.51,0.37,0.32,0.35,0.36,0.25,0.21,0.19,0.17,0.25,0.32,0.49,0.32
GWETTOP,2021,2.5,39.375,0.5,0.35,0.33,0.36,0.38,0.31,0.24,0.21,0.21,0.26,0.33,0.65,0.34
GWETTOP,2021,2.5,40.0,0.54,0.35,0.35,0.4,0.39,0.33,0.27,0.24,0.23,0.27,0.34,0.74,0.37
GWETTOP,2021,2.5,40.625,0.57,0.3,0.33,0.45,0.37,0.3,0.31,0.3,0.29,0.28,0.34,0.76,0.38
GWETTOP,2021,2.5,41.25,0.37,0.21,0.23,0.28,0.25,0.22,0.21,0.22,0.21,0.2,0.27,0.59,0.27
GWETTOP,2021,2.5,41.875,0.34,0.22,0.22,0.35,0.32,0.26,0.26,0.27,0.27,0.22,0.28,0.59,0.3
GWETTOP,2021,3.0,34.375,0.62,0.47,0.34,0.42,0.61,0.49,0.53,0.48,0.48,0.49,0.4,0.4,0.48
GWETTOP,2021,3.0,35.0,0.66,0.42,0.31,0.31,0.5,0.38,0.4,0.35,0.33,0.29,0.24,0.28,0.37
GWETTOP,2021,3.0,35.625,0.48,0.35,0.2,0.2,0.34,0.27,0.19,0.15,0.17,0.16,0.14,0.19,0.24
GWETTOP,2021,3.0,36.25,0.49,0.35,0.19,0.2,0.36,0.27,0.19,0.15,0.18,0.16,0.15,0.19,0.24
GWETTOP,2021,3.0,36.875,0.39,0.31,0.17,0.22,0.33,0.24,0.17,0.14,0.12,0.16,0.17,0.28,0.22
GWETTOP,2021,3.0,37.5,0.4,0.28,0.18,0.24,0.27,0.13,0.12,0.13,0.12,0.18,0.22,0.33,0.22
GWETTOP,2021,3.0,38.125,0.5,0.37,0.29,0.32,0.33,0.18,0.18,0.2,0.17,0.24,0.29,0.44,0.29
GWETTOP,2021,3.0,38.75,0.5,0.36,0.28,0.37,0.37,0.24,0.21,0.23,0.21,0.28,0.34,0.53,0.33
GWETTOP,2021,3.0,39.375,0.45,0.32,0.28,0.36,0.37,0.32,0.25,0.24,0.24,0.28,0.32,0.56,0.33
GWETTOP,2021,3.0,40.0,0.51,0.33,0.31,0.39,0.4,0.33,0.29,0.28,0.28,0.3,0.33,0.64,0.37
GWETTOP,2021,3.0,40.625,0.46,0.27,0.29,0.39,0.37,0.27,0.27,0.28,0.28,0.28,0.32,0.64,0.34
GWETTOP,2021,3.0,41.25,0.31,0.2,0.23,0.31,0.3,0.23,0.23,0.25,0.24,0.24,0.28,0.48,0.28
GWETTOP,2021,3.0,41.875,0.32,0.23,0.2,0.34,0.34,0.28,0.25,0.25,0.25,0.24,0.27,0.51,0.29
GWETTOP,2021,3.5,34.375,0.67,0.42,0.32,0.38,0.6,0.44,0.53,0.45,0.42,0.4,0.39,0.39,0.45
GWETTOP,2021,3.5,35.0,0.75,0.47,0.34,0.35,0.51,0.38,0.38,0.32,0.32,0.28,0.28,0.31,0.39
GWETTOP,2021,3.5,35.625,0.68,0.43,0.31,0.28,0.39,0.32,0.21,0.15,0.22,0.18,0.16,0.19,0.29
GWETTOP,2021,3.5,36.25,0.63,0.4,0.26,0.27,0.4,0.31,0.2,0.15,0.2,0.18,0.17,0.21,0.28
GWETTOP,2021,3.5,36.875,0.42,0.33,0.21,0.31,0.37,0.3,0.21,0.18,0.18,0.21,0.25,0.41,0.28
GWETTOP,2021,3.5,37.5,0.45,0.3,0.2,0.33,0.42,0.32,0.22,0.2,0.2,0.24,0.28,0.46,0.3
GWETTOP,2021,3.5,38.125,0.4,0.32,0.25,0.36,0.39,0.34,0.28,0.24,0.2,0.28,0.35,0.57,0.33
GWETTOP,2021,3.5,38.75,0.38,0.28,0.24,0.37,0.43,0.35,0.33,0.32,0.3,0.32,0.36,0.53,0.35
GWETTOP,2021,3.5,39.375,0.43,0.31,0.27,0.4,0.47,0.39,0.34,0.36,0.35,0.36,0.39,0.6,0.39
GWETTOP,2021,3.5,40.0,0.41,0.27,0.27,0.4,0.43,0.34,0.32,0.32,0.31,0.33,0.34,0.61,0.36
GWETTOP,2021,3.5,40.625,0.44,0.23,0.32,0.47,0.49,0.33,0.33,0.38,0.35,0.36,0.36,0.65,0.39
GWETTOP,2021,3.5,41.25,0.31,0.2,0.23,0.33,0.34,0.25,0.25,0.28,0.25,0.27,0.29,0.49,0.29
GWETTOP,2021,3.5,41.875,0.24,0.15,0.16,0.29,0.3,0.23,0.2,0.21,0.19,0.21,0.25,0.41,0.24
GWETTOP,2021,4.0,34.375,0.66,0.46,0.29,0.46,0.58,0.42,0.52,0.45,0.45,0.4,0.51,0.5,0.48
GWETTOP,2021,4.0,35.0,0.73,0.47,0.29,0.43,0.62,0.46,0.41,0.3,0.37,0.33,0.39,0.34,0.43
GWETTOP,2021,4.0,35.625,0.73,0.46,0.33,0.35,0.55,0.41,0.32,0.24,0.28,0.26,0.22,0.2,0.36
GWETTOP,2021,4.0,36.25,0.66,0.41,0.27,0.31,0.47,0.35,0.26,0.16,0.24,0.21,0.2,0.17,0.31
GWETTOP,2021,4.0,36.875,0.44,0.33,0.21,0.31,0.42,0.34,0.26,0.17,0.2,0.24,0.24,0.3,0.29
GWETTOP,2021,4.0,37.5,0.46,0.31,0.21,0.34,0.45,0.36,0.28,0.22,0.23,0.27,0.29,0.4,0.32
GWETTOP,2021,4.0,38.125,0.48,0.34,0.3,0.45,0.52,0.43,0.37,0.39,0.37,0.42,0.42,0.53,0.42
GWETTOP,2021,4.0,38.75,0.62,0.4,0.33,0.57,0.66,0.59,0.45,0.48,0.46,0.54,0.49,0.67,0.52
GWETTOP,2021,4.0,39.375,0.62,0.36,0.31,0.53,0.64,0.54,0.38,0.43,0.42,0.49,0.45,0.68,0.49
GWETTOP,2021,4.0,40.0,0.41,0.21,0.22,0.4,0.5,0.42,0.34,0.39,0.37,0.39,0.35,0.57,0.38
GWETTOP,2021,4.0,40.625,0.43,0.23,0.26,0.44,0.52,0.37,0.35,0.41,0.36,0.41,0.37,0.64,0.4
GWETTOP,2021,4.0,41.25,0.32,0.18,0.19,0.32,0.35,0.26,0.23,0.27,0.23,0.3,0.29,0.53,0.29
GWETTOP,2021,4.0,41.875,0.27,0.15,0.16,0.3,0.35,0.28,0.22,0.24,0.19,0.25,0.26,0.48,0.26
GWETTOP,2021,4.5,34.375,0.56,0.33,0.25,0.56,0.57,0.35,0.54,0.39,0.44,0.39,0.6,0.46,0.45
GWETTOP,2021,4.5,35.0,0.69,0.46,0.29,0.5,0.66,0.49,0.44,0.31,0.45,0.43,0.47,0.36,0.46
GWETTOP,2021,4.5,35.625,0.7,0.45,0.34,0.38,0.69,0.5,0.39,0.32,0.36,0.35,0.31,0.21,0.42
GWETTOP,2021,4.5,36.25,0.62,0.4,0.27,0.34,0.61,0.43,0.34,0.22,0.3,0.26,0.23,0.18,0.35
GWETTOP,2021,4.5,36.875,0.51,0.38,0.27,0.3,0.53,0.42,0.35,0.25,0.27,0.28,0.24,0.25,0.34
GWETTOP,2021,4.5,37.5,0.58,0.39,0.25,0.43,0.66,0.53,0.42,0.31,0.37,0.42,0.36,0.45,0.43
GWETTOP,2021,4.5,38.125,0.62,0.44,0.32,0.56,0.66,0.58,0.45,0.44,0.42,0.58,0.49,0.63,0.52
GWETTOP,2021,4.5,38.75,0.6,0.43,0.32,0.54,0.63,0.53,0.42,0.43,0.42,0.54,0.47,0.61,0.5
GWETTOP,2021,4.5,39.375,0.5,0.32,0.25,0.42,0.53,0.44,0.37,0.39,0.37,0.44,0.38,0.56,0.42
GWETTOP,2021,4.5,40.0,0.44,0.28,0.22,0.37,0.46,0.39,0.33,0.34,0.31,0.39,0.35,0.52,0.37
GWETTOP,2021,4.5,40.625,0.38,0.22,0.19,0.33,0.42,0.37,0.33,0.35,0.31,0.37,0.36,0.57,0.35
GWETTOP,2021,4.5,41.25,0.35,0.25,0.18,0.31,0.39,0.35,0.33,0.34,0.32,0.35,0.38,0.58,0.34
GWETTOP,2021,4.5,41.875,0.27,0.13,0.14,0.29,0.39,0.31,0.25,0.25,0.2,0.29,0.27,0.52,0.28
GWETTOP,2022,-0.5,34.375,0.83,0.78,0.65,0.74,0.89,0.84,0.66,0.69,0.7,0.6,0.7,0.75,0.74
GWETTOP,2022,-0.5,35.0,0.79,0.74,0.63,0.72,0.83,0.81,0.74,0.78,0.81,0.72,0.75,0.78,0.76
GWETTOP,2022,-0.5,35.625,0.58,0.54,0.5,0.53,0.54,0.52,0.5,0.61,0.62,0.53,0.58,0.55,0.55
GWETTOP,2022,-0.5,36.25,0.57,0.53,0.49,0.53,0.54,0.51,0.51,0.59,0.6,0.53,0.59,0.56,0.55
GWETTOP,2022,-0.5,36.875,0.49,0.45,0.46,0.53,0.55,0.5,0.52,0.56,0.65,0.57,0.64,0.6,0.54
GWETTOP,2022,-0.5,37.5,0.52,0.48,0.46,0.53,0.53,0.47,0.48,0.52,0.59,0.51,0.61,0.58,0.52
GWETTOP,2022,-0.5,38.125,0.48,0.41,0.35,0.45,0.41,0.31,0.33,0.32,0.36,0.26,0.58,0.5,0.4
GWETTOP,2022,-0.5,38.75,0.4,0.33,0.3,0.4,0.37,0.29,0.31,0.3,0.34,0.23,0.53,0.42,0.35
GWETTOP,2022,-0.5,39.375,0.35,0.29,0.28,0.4,0.46,0.37,0.38,0.33,0.35,0.28,0.46,0.34,0.36
GWETTOP,2022,-0.5,40.0,0.42,0.32,0.32,0.43,0.55,0.45,0.45,0.38,0.4,0.32,0.49,0.38,0.41
GWETTOP,2022,-0.5,40.625,0.38,0.28,0.27,0.42,0.61,0.53,0.54,0.47,0.39,0.36,0.49,0.34,0.42
GWETTOP,2022,-0.5,41.25,0.37,0.27,0.26,0.41,0.59,0.52,0.53,0.46,0.38,0.36,0.5,0.33,0.42
GWETTOP,2022,-0.5,41.875,0.37,0.26,0.23,0.39,0.62,0.57,0.58,0.51,0.44,0.37,0.49,0.34,0.43
GWETTOP,2022,-1.0,34.375,0.67,0.69,0.56,0.64,0.7,0.63,0.5,0.53,0.58,0.48,0.53,0.58,0.59
GWETTOP,2022,-1.0,35.0,0.63,0.66,0.57,0.63,0.67,0.66,0.57,0.61,0.65,0.55,0.59,0.62,0.62
GWETTOP,2022,-1.0,35.625,0.47,0.49,0.42,0.51,0.51,0.52,0.49,0.55,0.56,0.47,0.51,0.48,0.5
GWETTOP,2022,-1.0,36.25,0.4,0.4,0.36,0.39,0.41,0.41,0.4,0.46,0.47,0.37,0.42,0.39,0.41
GWETTOP,2022,-1.0,36.875,0.51,0.47,0.35,0.45,0.38,0.28,0.32,0.35,0.46,0.32,0.52,0.52,0.41
GWETTOP,2022,-1.0,37.5,0.5,0.48,0.4,0.45,0.43,0.33,0.36,0.4,0.45,0.31,0.51,0.5,0.43
GWETTOP,2022,-1.0,38.125,0.42,0.37,0.33,0.46,0.38,0.29,0.35,0.33,0.38,0.27,0.57,0.46,0.38
GWETTOP,2022,-1.0,38.75,0.36,0.3,0.28,0.43,0.36,0.27,0.34,0.31,0.36,0.24,0.55,0.4,0.35
GWETTOP,2022,-1.0,39.375,0.3,0.24,0.26,0.43,0.49,0.39,0.42,0.32,0.36,0.27,0.51,0.31,0.36
GWETTOP,2022,-1.0,40.0,0.38,0.29,0.31,0.47,0.58,0.45,0.48,0.39,0.44,0.32,0.56,0.37,0.42
GWETTOP,2022,-1.0,40.625,0.38,0.28,0.28,0.42,0.63,0.55,0.57,0.47,0.43,0.39,0.51,0.35,0.44
GWETTOP,2022,-1.0,41.25,0.41,0.31,0.29,0.41,0.61,0.55,0.55,0.47,0.41,0.38,0.5,0.35,0.44
GWETTOP,2022,-1.0,41.875,0.33,0.25,0.24,0.32,0.53,0.5,0.52,0.43,0.38,0.34,0.42,0.31,0.38
GWETTOP,2022,-1.5,34.375,0.65,0.77,0.62,0.62,0.64,0.56,0.3,0.5,0.61,0.38,0.52,0.61,0.56
GWETTOP,2022,-1.5,35.0,0.55,0.7,0.57,0.58,0.58,0.54,0.42,0.51,0.54,0.35,0.48,0.55,0.53
GWETTOP,2022,-1.5,35.625,0.51,0.56,0.5,0.54,0.6,0.54,0.51,0.52,0.51,0.43,0.49,0.49,0.52
GWETTOP,2022,-1.5,36.25,0.38,0.42,0.35,0.39,0.42,0.39,0.37,0.39,0.38,0.22,0.37,0.36,0.37
GWETTOP,2022,-1.5,36.875,0.59,0.48,0.33,0.5,0.49,0.32,0.33,0.39,0.45,0.26,0.55,0.54,0.44
GWETTOP,2022,-1.5,37.5,0.49,0.44,0.32,0.46,0.45,0.32,0.37,0.39,0.44,0.3,0.49,0.48,0.41
GWETTOP,2022,-1.5,38.125,0.44,0.41,0.36,0.45,0.42,0.37,0.4,0.38,0.4,0.32,0.47,0.44,0.4
GWETTOP,2022,-1.5,38.75,0.38,0.31,0.3,0.44,0.39,0.3,0.38,0.34,0.4,0.27,0.51,0.4,0.37
GWETTOP,2022,-1.5,39.375,0.31,0.24,0.27,0.4,0.46,0.36,0.41,0.33,0.4,0.27,0.47,0.33,0.35
GWETTOP,2022,-1.5,40.0,0.35,0.26,0.29,0.46,0.62,0.54,0.56,0.42,0.44,0.34,0.56,0.35,0.43
GWETTOP,2022,-1.5,40.625,0.38,0.27,0.28,0.42,0.64,0.59,0.6,0.5,0.46,0.42,0.53,0.37,0.46
GWETTOP,2022,-1.5,41.25,0.43,0.3,0.28,0.41,0.64,0.58,0.57,0.48,0.43,0.37,0.5,0.39,0.45
GWETTOP,2022,-1.5,41.875,0.63,0.59,0.56,0.59,0.73,0.71,0.72,0.66,0.63,0.62,0.66,0.62,0.64
GWETTOP,2022,-1.7975103014118005e-13,34.375,0.66,0.57,0.51,0.61,0.77,0.72,0.59,0.63,0.64,0.6,0.67,0.7,0.64
GWETTOP,2022,-1.7975103014118005e-13,35.0,0.75,0.69,0.59,0.68,0.8,0.79,0.77,0.85,0.9,0.86,0.83,0.81,0.78
GWETTOP,2022,-1.7975103014118005e-13,35.625,0.69,0.64,0.59,0.62,0.65,0.63,0.62,0.73,0.75,0.71,0.73,0.71,0.67
GWETTOP,2022,-1.7975103014118005e-13,36.25,0.52,0.46,0.49,0.52,0.55,0.51,0.5,0.65,0.65,0.58,0.61,0.57,0.55
GWETTOP,2022,-1.7975103014118005e-13,36.875,0.49,0.45,0.53,0.58,0.61,0.56,0.54,0.63,0.64,0.57,0.6,0.58,0.57
GWETTOP,2022,-1.7975103014118005e-13,37.5,0.54,0.46,0.58,0.65,0.72,0.62,0.57,0.65,0.69,0.6,0.64,0.62,0.61
GWETTOP,2022,-1.7975103014118005e-13,38.125,0.5,0.42,0.37,0.45,0.45,0.36,0.33,0.34,0.32,0.23,0.5,0.47,0.39
GWETTOP,2022,-1.7975103014118005e-13,38.75,0.42,0.35,0.3,0.39,0.39,0.32,0.3,0.3,0.27,0.19,0.43,0.38,0.34
GWETTOP,2022,-1.7975103014118005e-13,39.375,0.41,0.33,0.28,0.4,0.46,0.37,0.34,0.33,0.31,0.24,0.38,0.33,0.35
GWETTOP,2022,-1.7975103014118005e-13,40.0,0.45,0.36,0.31,0.41,0.53,0.44,0.39,0.37,0.34,0.28,0.39,0.34,0.38
GWETTOP,2022,-1.7975103014118005e-13,40.625,0.44,0.34,0.29,0.45,0.59,0.51,0.47,0.45,0.37,0.32,0.42,0.33,0.42
GWETTOP,2022,-1.7975103014118005e-13,41.25,0.4,0.31,0.29,0.48,0.57,0.49,0.48,0.47,0.38,0.34,0.45,0.34,0.42
GWETTOP,2022,-1.7975103014118005e-13,41.875,0.44,0.36,0.28,0.5,0.66,0.58,0.55,0.56,0.47,0.4,0.48,0.37,0.47
GWETTOP,2022,-2.0,34.375,0.63,0.73,0.61,0.58,0.63,0.44,0.23,0.46,0.6,0.34,0.52,0.61,0.53
GWETTOP,2022,-2.0,35.0,0.56,0.74,0.6,0.57,0.58,0.47,0.36,0.47,0.52,0.3,0.47,0.52,0.51
GWETTOP,2022,-2.0,35.625,0.57,0.61,0.52,0.52,0.58,0.46,0.43,0.46,0.43,0.33,0.45,0.48,0.49
GWETTOP,2022,-2.0,36.25,0.37,0.4,0.33,0.36,0.39,0.32,0.28,0.3,0.28,0.17,0.32,0.32,0.32
GWETTOP,2022,-2.0,36.875,0.6,0.51,0.39,0.53,0.56,0.33,0.37,0.4,0.46,0.27,0.54,0.49,0.45
GWETTOP,2022,-2.0,37.5,0.52,0.48,0.36,0.48,0.49,0.33,0.38,0.39,0.46,0.3,0.49,0.46,0.43
GWETTOP,2022,-2.0,38.125,0.42,0.4,0.35,0.41,0.41,0.36,0.38,0.36,0.4,0.33,0.43,0.41,0.39
GWETTOP,2022,-2.0,38.75,0.39,0.32,0.31,0.44,0.44,0.33,0.42,0.37,0.44,0.29,0.5,0.4,0.39
GWETTOP,2022,-2.0,39.375,0.33,0.25,0.28,0.43,0.51,0.42,0.48,0.37,0.44,0.3,0.51,0.37,0.39
GWETTOP,2022,-2.0,40.0,0.32,0.23,0.27,0.42,0.56,0.49,0.5,0.39,0.42,0.33,0.5,0.35,0.4
GWETTOP,2022,-2.0,40.625,0.37,0.27,0.27,0.41,0.62,0.58,0.58,0.48,0.45,0.41,0.52,0.4,0.45
GWETTOP,2022,-2.0,41.25,0.45,0.39,0.36,0.43,0.6,0.57,0.58,0.49,0.46,0.46,0.51,0.45,0.48
GWETTOP,2022,-2.0,41.875,0.67,0.66,0.64,0.65,0.73,0.71,0.72,0.68,0.67,0.67,0.69,0.67,0.68
GWETTOP,2022,-2.5,34.375,0.61,0.68,0.57,0.56,0.56,0.45,0.24,0.43,0.54,0.37,0.46,0.58,0.5
GWETTOP,2022,-2.5,35.0,0.62,0.78,0.64,0.53,0.51,0.42,0.31,0.44,0.51,0.32,0.41,0.52,0.5
GWETTOP,2022,-2.5,35.625,0.58,0.62,0.51,0.47,0.45,0.32,0.33,0.45,0.43,0.2,0.37,0.42,0.43
GWETTOP,2022,-2.5,36.25,0.5,0.55,0.44,0.43,0.43,0.33,0.33,0.33,0.33,0.2,0.33,0.39,0.38
GWETTOP,2022,-2.5,36.875,0.62,0.61,0.51,0.54,0.53,0.33,0.41,0.45,0.54,0.35,0.49,0.52,0.49
GWETTOP,2022,-2.5,37.5,0.68,0.63,0.52,0.58,0.59,0.48,0.53,0.58,0.71,0.55,0.56,0.56,0.58
GWETTOP,2022,-2.5,38.125,0.53,0.49,0.41,0.49,0.51,0.42,0.45,0.4,0.5,0.41,0.51,0.5,0.47
GWETTOP,2022,-2.5,38.75,0.45,0.38,0.35,0.49,0.5,0.38,0.47,0.4,0.51,0.35,0.53,0.48,0.44
GWETTOP,2022,-2.5,39.375,0.43,0.33,0.33,0.52,0.64,0.54,0.61,0.47,0.59,0.43,0.62,0.52,0.5
GWETTOP,2022,-2.5,40.0,0.33,0.26,0.26,0.38,0.51,0.44,0.45,0.38,0.45,0.37,0.47,0.39,0.39
GWETTOP,2022,-2.5,40.625,0.5,0.44,0.42,0.5,0.66,0.61,0.6,0.54,0.55,0.52,0.58,0.52,0.54
GWETTOP,2022,-2.5,41.25,1.0,1.0,1.0,1.0,1.0,1.0,1.0,1.0,1.0,1.0,1.0,1.0,1.0
GWETTOP,2022,-2.5,41.875,1.0,1.0,1.0,1.0,1.0,1.0,1.0,1.0,1.0,1.0,1.0,1.0,1.0
GWETTOP,2022,-3.0,34.375,0.56,0.73,0.6,0.52,0.49,0.43,0.23,0.34,0.47,0.25,0.39,0.57,0.46
GWETTOP,2022,-3.0,35.0,0.65,0.85,0.74,0.57,0.51,0.46,0.37,0.45,0.53,0.36,0.39,0.54,0.53
GWETTOP,2022,-3.0,35.625,0.85,0.92,0.84,0.77,0.72,0.63,0.66,0.78,0.82,0.66,0.57,0.65,0.74
GWETTOP,2022,-3.0,36.25,0.69,0.77,0.64,0.59,0.55,0.44,0.42,0.49,0.48,0.33,0.4,0.52,0.53
GWETTOP,2022,-3.0,36.875,0.88,0.92,0.83,0.86,0.87,0.82,0.85,0.88,0.89,0.73,0.75,0.86,0.84
GWETTOP,2022,-3.0,37.5,0.81,0.83,0.72,0.7,0.71,0.62,0.68,0.78,0.89,0.78,0.69,0.7,0.74
GWETTOP,2022,-3.0,38.125,0.54,0.51,0.46,0.52,0.52,0.47,0.5,0.49,0.62,0.53,0.56,0.55,0.52
GWETTOP,2022,-3.0,38.75,0.48,0.41,0.36,0.52,0.5,0.41,0.5,0.43,0.59,0.44,0.54,0.53,0.48
GWETTOP,2022,-3.0,39.375,0.48,0.37,0.35,0.54,0.67,0.6,0.65,0.55,0.67,0.57,0.66,0.6,0.56
GWETTOP,2022,-3.0,40.0,0.36,0.31,0.28,0.38,0.5,0.44,0.45,0.39,0.5,0.41,0.47,0.4,0.41
GWETTOP,2022,-3.0,40.625,0.76,0.75,0.74,0.76,0.84,0.8,0.8,0.77,0.8,0.78,0.8,0.77,0.78
GWETTOP,2022,-3.0,41.25,1.0,1.0,1.0,1.0,1.0,1.0,1.0,1.0,1.0,1.0,1.0,1.0,1.0
GWETTOP,2022,-3.0,41.875,1.0,1.0,1.0,1.0,1.0,1.0,1.0,1.0,1.0,1.0,1.0,1.0,1.0
GWETTOP,2022,-3.5,34.375,0.6,0.77,0.64,0.52,0.49,0.43,0.23,0.28,0.37,0.17,0.38,0.55,0.45
GWETTOP,2022,-3.5,35.0,0.6,0.79,0.69,0.54,0.48,0.44,0.42,0.45,0.45,0.31,0.39,0.5,0.5
GWETTOP,2022,-3.5,35.625,0.62,0.72,0.59,0.56,0.52,0.5,0.54,0.57,0.57,0.47,0.48,0.53,0.55
GWETTOP,2022,-3.5,36.25,0.61,0.76,0.61,0.55,0.52,0.45,0.41,0.53,0.52,0.36,0.39,0.51,0.52
GWETTOP,2022,-3.5,36.875,0.68,0.82,0.73,0.63,0.58,0.5,0.57,0.69,0.79,0.66,0.55,0.61,0.65
GWETTOP,2022,-3.5,37.5,0.48,0.55,0.48,0.48,0.48,0.4,0.41,0.48,0.58,0.49,0.46,0.47,0.48
GWETTOP,2022,-3.5,38.125,0.48,0.45,0.37,0.49,0.48,0.45,0.53,0.49,0.67,0.56,0.57,0.53,0.51
GWETTOP,2022,-3.5,38.75,0.51,0.47,0.42,0.53,0.54,0.49,0.58,0.54,0.7,0.61,0.62,0.59,0.55
GWETTOP,2022,-3.5,39.375,0.5,0.39,0.35,0.56,0.68,0.62,0.67,0.59,0.72,0.64,0.68,0.61,0.59
GWETTOP,2022,-3.5,40.0,0.53,0.48,0.45,0.55,0.62,0.57,0.6,0.56,0.68,0.61,0.63,0.58,0.57
GWETTOP,2022,-3.5,40.625,0.92,0.92,0.91,0.92,0.95,0.94,0.94,0.93,0.94,0.93,0.94,0.93,0.93
GWETTOP,2022,-3.5,41.25,1.0,1.0,1.0,1.0,1.0,1.0,1.0,1.0,1.0,1.0,1.0,1.0,1.0
GWETTOP,2022,-3.5,41.875,1.0,1.0,1.0,1.0,1.0,1.0,1.0,1.0,1.0,1.0,1.0,1.0,1.0
GWETTOP,2022,-4.0,34.375,0.62,0.74,0.64,0.56,0.51,0.45,0.32,0.29,0.35,0.18,0.37,0.55,0.46
GWETTOP,2022,-4.0,35.0,0.61,0.77,0.68,0.59,0.54,0.5,0.49,0.5,0.47,0.34,0.43,0.54,0.54
GWETTOP,2022,-4.0,35.625,0.56,0.67,0.58,0.56,0.52,0.51,0.52,0.53,0.53,0.44,0.44,0.52,0.53
GWETTOP,2022,-4.0,36.25,0.54,0.67,0.55,0.52,0.48,0.45,0.43,0.5,0.49,0.36,0.37,0.47,0.48
GWETTOP,2022,-4.0,36.875,0.51,0.62,0.52,0.51,0.48,0.43,0.42,0.49,0.51,0.39,0.4,0.44,0.48
GWETTOP,2022,-4.0,37.5,0.53,0.61,0.5,0.54,0.51,0.45,0.49,0.51,0.59,0.49,0.49,0.51,0.52
GWETTOP,2022,-4.0,38.125,0.5,0.53,0.38,0.56,0.51,0.44,0.57,0.53,0.7,0.56,0.59,0.55,0.53
GWETTOP,2022,-4.0,38.75,0.44,0.43,0.33,0.54,0.53,0.49,0.6,0.54,0.69,0.54,0.59,0.53,0.52
GWETTOP,2022,-4.0,39.375,0.4,0.33,0.29,0.48,0.59,0.53,0.56,0.46,0.62,0.51,0.56,0.46,0.48
GWETTOP,2022,-4.0,40.0,0.51,0.5,0.49,0.54,0.58,0.54,0.58,0.54,0.7,0.6,0.6,0.56,0.56
GWETTOP,2022,-4.0,40.625,1.0,1.0,1.0,1.0,1.0,1.0,1.0,1.0,1.0,1.0,1.0,1.0,1.0
GWETTOP,2022,-4.0,41.25,1.0,1.0,1.0,1.0,1.0,1.0,1.0,1.0,1.0,1.0,1.0,1.0,1.0
GWETTOP,2022,-4.0,41.875,1.0,1.0,1.0,1.0,1.0,1.0,1.0,1.0,1.0,1.0,1.0,1.0,1.0
GWETTOP,2022,-4.5,34.375,0.57,0.64,0.57,0.54,0.49,0.43,0.39,0.36,0.35,0.25,0.39,0.52,0.46
GWETTOP,2022,-4.5,35.0,0.55,0.71,0.57,0.52,0.47,0.45,0.47,0.46,0.44,0.33,0.4,0.5,0.49
GWETTOP,2022,-4.5,35.625,0.44,0.56,0.45,0.45,0.42,0.42,0.41,0.41,0.4,0.28,0.33,0.4,0.41
GWETTOP,2022,-4.5,36.25,0.51,0.62,0.5,0.5,0.46,0.45,0.45,0.48,0.48,0.34,0.38,0.44,0.47
GWETTOP,2022,-4.5,36.875,0.52,0.58,0.48,0.51,0.48,0.45,0.49,0.49,0.58,0.46,0.47,0.47,0.5
GWETTOP,2022,-4.5,37.5,0.54,0.59,0.49,0.52,0.5,0.46,0.51,0.52,0.62,0.52,0.5,0.51,0.52
GWETTOP,2022,-4.5,38.125,0.65,0.66,0.53,0.62,0.64,0.59,0.67,0.65,0.77,0.68,0.66,0.64,0.65
GWETTOP,2022,-4.5,38.75,0.61,0.58,0.45,0.59,0.6,0.54,0.63,0.61,0.76,0.67,0.65,0.61,0.61
GWETTOP,2022,-4.5,39.375,0.4,0.38,0.33,0.44,0.49,0.44,0.47,0.42,0.6,0.49,0.49,0.43,0.45
GWETTOP,2022,-4.5,40.0,0.95,0.95,0.95,0.95,0.96,0.95,0.95,0.95,0.96,0.95,0.95,0.95,0.95
GWETTOP,2022,-4.5,40.625,1.0,1.0,1.0,1.0,1.0,1.0,1.0,1.0,1.0,1.0,1.0,1.0,1.0
GWETTOP,2022,-4.5,41.25,1.0,1.0,1.0,1.0,1.0,1.0,1.0,1.0,1.0,1.0,1.0,1.0,1.0
GWETTOP,2022,-4.5,41.875,1.0,1.0,1.0,1.0,1.0,1.0,1.0,1.0,1.0,1.0,1.0,1.0,1.0
GWETTOP,2022,0.5,34.375,0.49,0.43,0.41,0.51,0.62,0.57,0.52,0.61,0.67,0.65,0.59,0.55,0.55
GWETTOP,2022,0.5,35.0,0.66,0.6,0.52,0.57,0.65,0.66,0.67,0.83,0.9,0.86,0.79,0.74,0.7
GWETTOP,2022,0.5,35.625,0.49,0.46,0.43,0.49,0.55,0.53,0.53,0.71,0.74,0.69,0.65,0.59,0.57
GWETTOP,2022,0.5,36.25,0.38,0.31,0.36,0.41,0.44,0.41,0.41,0.61,0.56,0.45,0.47,0.42,0.44
GWETTOP,2022,0.5,36.875,0.5,0.39,0.47,0.5,0.51,0.41,0.38,0.57,0.53,0.4,0.54,0.52,0.48
GWETTOP,2022,0.5,37.5,0.42,0.36,0.43,0.49,0.51,0.42,0.37,0.47,0.44,0.34,0.43,0.42,0.43
GWETTOP,2022,0.5,38.125,0.43,0.36,0.32,0.39,0.4,0.34,0.28,0.32,0.24,0.17,0.38,0.37,0.33
GWETTOP,2022,0.5,38.75,0.45,0.36,0.3,0.37,0.41,0.34,0.29,0.27,0.19,0.15,0.37,0.35,0.32
GWETTOP,2022,0.5,39.375,0.54,0.39,0.3,0.42,0.54,0.39,0.32,0.34,0.25,0.18,0.39,0.35,0.37
GWETTOP,2022,0.5,40.0,0.6,0.4,0.31,0.44,0.62,0.43,0.36,0.37,0.31,0.2,0.36,0.34,0.4
GWETTOP,2022,0.5,40.625,0.56,0.38,0.3,0.45,0.61,0.45,0.38,0.42,0.34,0.26,0.34,0.32,0.4
GWETTOP,2022,0.5,41.25,0.47,0.39,0.34,0.49,0.55,0.48,0.44,0.48,0.4,0.35,0.39,0.35,0.43
GWETTOP,2022,0.5,41.875,0.46,0.39,0.31,0.5,0.62,0.54,0.48,0.54,0.45,0.37,0.4,0.35,0.45
GWETTOP,2022,1.0,34.375,0.53,0.49,0.49,0.59,0.64,0.6,0.58,0.65,0.68,0.72,0.68,0.64,0.61
GWETTOP,2022,1.0,35.0,0.6,0.55,0.51,0.57,0.62,0.62,0.66,0.86,0.91,0.86,0.78,0.7,0.69
GWETTOP,2022,1.0,35.625,0.27,0.22,0.23,0.36,0.38,0.35,0.35,0.47,0.42,0.36,0.29,0.24,0.33
GWETTOP,2022,1.0,36.25,0.31,0.26,0.3,0.38,0.39,0.35,0.36,0.55,0.47,0.37,0.36,0.32,0.37
GWETTOP,2022,1.0,36.875,0.34,0.3,0.38,0.37,0.35,0.33,0.29,0.38,0.35,0.27,0.36,0.35,0.34
GWETTOP,2022,1.0,37.5,0.38,0.34,0.37,0.42,0.4,0.34,0.27,0.33,0.25,0.17,0.36,0.35,0.33
GWETTOP,2022,1.0,38.125,0.37,0.33,0.28,0.34,0.34,0.29,0.23,0.22,0.15,0.13,0.35,0.32,0.28
GWETTOP,2022,1.0,38.75,0.42,0.35,0.3,0.37,0.39,0.33,0.27,0.25,0.17,0.14,0.37,0.32,0.31
GWETTOP,2022,1.0,39.375,0.57,0.39,0.28,0.45,0.54,0.38,0.3,0.32,0.21,0.16,0.41,0.35,0.36
GWETTOP,2022,1.0,40.0,0.65,0.41,0.31,0.49,0.63,0.41,0.35,0.38,0.32,0.19,0.37,0.34,0.4
GWETTOP,2022,1.0,40.625,0.66,0.44,0.32,0.49,0.65,0.46,0.38,0.44,0.36,0.24,0.33,0.33,0.43
GWETTOP,2022,1.0,41.25,0.59,0.46,0.37,0.5,0.61,0.51,0.45,0.5,0.42,0.3,0.36,0.35,0.45
GWETTOP,2022,1.0,41.875,0.48,0.37,0.29,0.52,0.67,0.53,0.45,0.53,0.44,0.33,0.34,0.34,0.44
GWETTOP,2022,1.5,34.375,0.43,0.38,0.4,0.53,0.55,0.53,0.54,0.66,0.67,0.65,0.55,0.49,0.53
GWETTOP,2022,1.5,35.0,0.41,0.4,0.39,0.45,0.49,0.48,0.51,0.75,0.76,0.64,0.52,0.43,0.52
GWETTOP,2022,1.5,35.625,0.28,0.24,0.22,0.33,0.35,0.31,0.32,0.42,0.37,0.31,0.31,0.24,0.31
GWETTOP,2022,1.5,36.25,0.26,0.21,0.25,0.31,0.32,0.27,0.26,0.39,0.31,0.23,0.29,0.23,0.28
GWETTOP,2022,1.5,36.875,0.35,0.31,0.32,0.36,0.35,0.3,0.2,0.29,0.19,0.15,0.34,0.33,0.29
GWETTOP,2022,1.5,37.5,0.35,0.28,0.3,0.34,0.34,0.26,0.19,0.27,0.18,0.14,0.34,0.32,0.28
GWETTOP,2022,1.5,38.125,0.38,0.33,0.31,0.37,0.36,0.31,0.28,0.26,0.19,0.17,0.36,0.33,0.3
GWETTOP,2022,1.5,38.75,0.48,0.38,0.32,0.44,0.43,0.34,0.3,0.3,0.22,0.19,0.44,0.37,0.35
GWETTOP,2022,1.5,39.375,0.65,0.47,0.36,0.49,0.57,0.41,0.34,0.37,0.3,0.19,0.37,0.34,0.4
GWETTOP,2022,1.5,40.0,0.62,0.42,0.31,0.5,0.59,0.42,0.33,0.37,0.26,0.18,0.38,0.34,0.39
GWETTOP,2022,1.5,40.625,0.72,0.48,0.33,0.54,0.69,0.52,0.4,0.49,0.4,0.25,0.35,0.36,0.46
GWETTOP,2022,1.5,41.25,0.62,0.4,0.31,0.52,0.69,0.5,0.4,0.49,0.39,0.31,0.3,0.31,0.44
GWETTOP,2022,1.5,41.875,0.52,0.33,0.22,0.58,0.78,0.58,0.44,0.58,0.45,0.3,0.32,0.34,0.45
GWETTOP,2022,2.0,34.375,0.35,0.28,0.32,0.41,0.45,0.47,0.46,0.6,0.57,0.51,0.44,0.38,0.44
GWETTOP,2022,2.0,35.0,0.3,0.3,0.29,0.35,0.41,0.39,0.38,0.54,0.51,0.43,0.37,0.3,0.38
GWETTOP,2022,2.0,35.625,0.24,0.2,0.2,0.25,0.3,0.22,0.21,0.35,0.27,0.18,0.23,0.19,0.24
GWETTOP,2022,2.0,36.25,0.25,0.19,0.22,0.24,0.25,0.19,0.17,0.3,0.2,0.14,0.24,0.21,0.22
GWETTOP,2022,2.0,36.875,0.34,0.28,0.28,0.34,0.33,0.25,0.19,0.27,0.18,0.17,0.35,0.33,0.28
GWETTOP,2022,2.0,37.5,0.35,0.28,0.26,0.33,0.34,0.25,0.19,0.25,0.17,0.15,0.34,0.32,0.27
GWETTOP,2022,2.0,38.125,0.42,0.35,0.28,0.4,0.42,0.34,0.29,0.29,0.19,0.17,0.38,0.36,0.32
GWETTOP,2022,2.0,38.75,0.44,0.36,0.31,0.42,0.44,0.35,0.32,0.32,0.23,0.19,0.37,0.35,0.34
GWETTOP,2022,2.0,39.375,0.59,0.41,0.32,0.46,0.56,0.4,0.34,0.4,0.33,0.22,0.33,0.34,0.39
GWETTOP,2022,2.0,40.0,0.62,0.38,0.3,0.48,0.61,0.43,0.36,0.42,0.36,0.21,0.35,0.36,0.41
GWETTOP,2022,2.0,40.625,0.65,0.32,0.23,0.54,0.74,0.58,0.43,0.6,0.51,0.26,0.42,0.44,0.48
GWETTOP,2022,2.0,41.25,0.62,0.36,0.26,0.47,0.67,0.49,0.4,0.54,0.44,0.29,0.35,0.38,0.44
GWETTOP,2022,2.0,41.875,0.51,0.26,0.24,0.57,0.76,0.6,0.5,0.61,0.54,0.29,0.39,0.43,0.48
GWETTOP,2022,2.5,34.375,0.31,0.24,0.24,0.32,0.38,0.4,0.4,0.51,0.48,0.4,0.36,0.32,0.36
GWETTOP,2022,2.5,35.0,0.28,0.25,0.23,0.27,0.33,0.33,0.31,0.42,0.43,0.36,0.31,0.29,0.32
GWETTOP,2022,2.5,35.625,0.23,0.19,0.17,0.2,0.21,0.2,0.17,0.32,0.25,0.14,0.21,0.21,0.21
GWETTOP,2022,2.5,36.25,0.24,0.19,0.18,0.2,0.19,0.17,0.15,0.24,0.18,0.12,0.21,0.22,0.19
GWETTOP,2022,2.5,36.875,0.29,0.24,0.24,0.29,0.25,0.18,0.16,0.22,0.17,0.15,0.3,0.29,0.23
GWETTOP,2022,2.5,37.5,0.34,0.22,0.21,0.32,0.32,0.2,0.17,0.23,0.16,0.14,0.3,0.29,0.24
GWETTOP,2022,2.5,38.125,0.4,0.3,0.22,0.38,0.41,0.32,0.26,0.28,0.18,0.17,0.34,0.33,0.3
GWETTOP,2022,2.5,38.75,0.4,0.29,0.22,0.39,0.44,0.35,0.29,0.3,0.2,0.17,0.32,0.31,0.31
GWETTOP,2022,2.5,39.375,0.48,0.33,0.22,0.42,0.54,0.38,0.34,0.36,0.29,0.21,0.31,0.31,0.35
GWETTOP,2022,2.5,40.0,0.54,0.34,0.23,0.45,0.6,0.43,0.36,0.42,0.36,0.24,0.33,0.35,0.39
GWETTOP,2022,2.5,40.625,0.59,0.31,0.21,0.5,0.69,0.53,0.39,0.52,0.42,0.26,0.38,0.39,0.43
GWETTOP,2022,2.5,41.25,0.42,0.23,0.18,0.41,0.51,0.36,0.28,0.37,0.26,0.2,0.26,0.24,0.31
GWETTOP,2022,2.5,41.875,0.41,0.27,0.22,0.46,0.61,0.48,0.37,0.45,0.37,0.27,0.3,0.3,0.38
GWETTOP,2022,3.0,34.375,0.36,0.24,0.23,0.34,0.45,0.49,0.5,0.61,0.59,0.49,0.46,0.39,0.43
GWETTOP,2022,3.0,35.0,0.28,0.26,0.18,0.23,0.29,0.29,0.28,0.36,0.35,0.26,0.28,0.3,0.28
GWETTOP,2022,3.0,35.625,0.25,0.29,0.14,0.17,0.17,0.16,0.15,0.21,0.18,0.12,0.16,0.23,0.19
GWETTOP,2022,3.0,36.25,0.24,0.24,0.14,0.17,0.17,0.17,0.15,0.21,0.2,0.13,0.17,0.23,0.18
GWETTOP,2022,3.0,36.875,0.26,0.26,0.16,0.21,0.18,0.16,0.15,0.17,0.14,0.13,0.19,0.23,0.19
GWETTOP,2022,3.0,37.5,0.29,0.19,0.15,0.25,0.21,0.14,0.13,0.16,0.13,0.13,0.23,0.22,0.19
GWETTOP,2022,3.0,38.125,0.38,0.28,0.18,0.32,0.36,0.27,0.2,0.24,0.17,0.18,0.3,0.26,0.26
GWETTOP,2022,3.0,38.75,0.42,0.27,0.18,0.38,0.44,0.33,0.26,0.28,0.21,0.21,0.33,0.28,0.3
GWETTOP,2022,3.0,39.375,0.39,0.27,0.16,0.37,0.45,0.36,0.32,0.31,0.24,0.22,0.3,0.27,0.31
GWETTOP,2022,3.0,40.0,0.44,0.29,0.17,0.42,0.53,0.4,0.35,0.37,0.3,0.25,0.32,0.3,0.35
GWETTOP,2022,3.0,40.625,0.47,0.26,0.2,0.43,0.56,0.43,0.32,0.36,0.28,0.24,0.31,0.29,0.35
GWETTOP,2022,3.0,41.25,0.33,0.21,0.18,0.39,0.43,0.34,0.28,0.31,0.24,0.21,0.25,0.24,0.28
GWETTOP,2022,3.0,41.875,0.35,0.3,0.24,0.39,0.48,0.37,0.32,0.33,0.29,0.27,0.29,0.3,0.33
GWETTOP,2022,3.5,34.375,0.36,0.28,0.24,0.33,0.42,0.43,0.42,0.53,0.47,0.39,0.4,0.39,0.39
GWETTOP,2022,3.5,35.0,0.31,0.31,0.22,0.25,0.29,0.28,0.26,0.33,0.33,0.26,0.31,0.33,0.29
GWETTOP,2022,3.5,35.625,0.28,0.35,0.2,0.2,0.19,0.18,0.14,0.2,0.23,0.17,0.19,0.25,0.21
GWETTOP,2022,3.5,36.25,0.28,0.34,0.19,0.21,0.2,0.18,0.15,0.19,0.21,0.18,0.19,0.25,0.21
GWETTOP,2022,3.5,36.875,0.4,0.36,0.27,0.3,0.31,0.2,0.18,0.21,0.17,0.2,0.23,0.21,0.25
GWETTOP,2022,3.5,37.5,0.39,0.31,0.21,0.32,0.31,0.24,0.2,0.24,0.19,0.22,0.25,0.23,0.26
GWETTOP,2022,3.5,38.125,0.44,0.34,0.26,0.38,0.4,0.34,0.3,0.3,0.21,0.23,0.3,0.23,0.31
GWETTOP,2022,3.5,38.75,0.39,0.28,0.19,0.4,0.44,0.36,0.34,0.36,0.31,0.29,0.32,0.24,0.33
GWETTOP,2022,3.5,39.375,0.43,0.28,0.19,0.44,0.51,0.42,0.39,0.4,0.34,0.34,0.38,0.31,0.37
GWETTOP,2022,3.5,40.0,0.41,0.26,0.18,0.43,0.52,0.4,0.35,0.36,0.28,0.29,0.35,0.29,0.34
GWETTOP,2022,3.5,40.625,0.46,0.21,0.21,0.51,0.63,0.5,0.35,0.41,0.28,0.31,0.37,0.32,0.38
GWETTOP,2022,3.5,41.25,0.34,0.21,0.2,0.41,0.46,0.36,0.28,0.29,0.22,0.24,0.28,0.25,0.3
GWETTOP,2022,3.5,41.875,0.27,0.22,0.17,0.33,0.37,0.29,0.24,0.23,0.18,0.2,0.25,0.25,0.25
GWETTOP,2022,4.0,34.375,0.4,0.27,0.29,0.37,0.45,0.42,0.43,0.55,0.48,0.43,0.52,0.5,0.43
GWETTOP,2022,4.0,35.0,0.34,0.3,0.26,0.31,0.35,0.28,0.28,0.37,0.36,0.31,0.43,0.39,0.33
GWETTOP,2022,4.0,35.625,0.29,0.36,0.28,0.25,0.28,0.24,0.17,0.24,0.29,0.26,0.29,0.31,0.27
GWETTOP,2022,4.0,36.25,0.28,0.34,0.21,0.23,0.26,0.2,0.15,0.2,0.23,0.22,0.26,0.24,0.23
GWETTOP,2022,4.0,36.875,0.33,0.34,0.24,0.33,0.39,0.33,0.22,0.23,0.2,0.24,0.27,0.19,0.28
GWETTOP,2022,4.0,37.5,0.37,0.34,0.22,0.36,0.42,0.33,0.24,0.28,0.23,0.26,0.28,0.2,0.29
GWETTOP,2022,4.0,38.125,0.45,0.33,0.28,0.53,0.56,0.46,0.42,0.44,0.36,0.37,0.38,0.29,0.41
GWETTOP,2022,4.0,38.75,0.61,0.38,0.29,0.62,0.72,0.61,0.57,0.57,0.44,0.44,0.49,0.34,0.51
GWETTOP,2022,4.0,39.375,0.56,0.26,0.25,0.59,0.7,0.6,0.47,0.5,0.37,0.45,0.59,0.4,0.48
GWETTOP,2022,4.0,40.0,0.42,0.2,0.2,0.52,0.6,0.48,0.41,0.43,0.32,0.36,0.42,0.34,0.39
GWETTOP,2022,4.0,40.625,0.45,0.24,0.23,0.55,0.67,0.52,0.38,0.45,0.32,0.36,0.42,0.36,0.41
GWETTOP,2022,4.0,41.25,0.37,0.27,0.2,0.45,0.52,0.39,0.32,0.31,0.22,0.25,0.29,0.25,0.32
GWETTOP,2022,4.0,41.875,0.34,0.26,0.17,0.39,0.46,0.36,0.3,0.28,0.19,0.22,0.28,0.25,0.29
GWETTOP,2022,4.5,34.375,0.38,0.23,0.27,0.41,0.48,0.37,0.42,0.54,0.42,0.47,0.6,0.47,0.42
GWETTOP,2022,4.5,35.0,0.35,0.27,0.26,0.35,0.42,0.31,0.28,0.4,0.39,0.38,0.53,0.44,0.37
GWETTOP,2022,4.5,35.625,0.26,0.31,0.3,0.29,0.35,0.32,0.2,0.27,0.33,0.33,0.39,0.36,0.31
GWETTOP,2022,4.5,36.25,0.26,0.28,0.2,0.27,0.34,0.29,0.18,0.22,0.27,0.27,0.34,0.26,0.26
GWETTOP,2022,4.5,36.875,0.25,0.31,0.2,0.36,0.43,0.37,0.31,0.25,0.24,0.29,0.31,0.2,0.29
GWETTOP,2022,4.5,37.5,0.4,0.42,0.27,0.51,0.6,0.51,0.34,0.39,0.35,0.4,0.4,0.25,0.4
GWETTOP,2022,4.5,38.125,0.58,0.41,0.32,0.68,0.76,0.63,0.56,0.57,0.44,0.46,0.47,0.33,0.52
GWETTOP,2022,4.5,38.75,0.55,0.38,0.31,0.65,0.74,0.6,0.53,0.53,0.43,0.44,0.46,0.33,0.5
GWETTOP,2022,4.5,39.375,0.46,0.26,0.24,0.58,0.68,0.53,0.47,0.46,0.36,0.4,0.43,0.31,0.43
GWETTOP,2022,4.5,40.0,0.41,0.24,0.21,0.55,0.65,0.48,0.42,0.4,0.33,0.35,0.38,0.29,0.39
GWETTOP,2022,4.5,40.625,0.41,0.28,0.21,0.55,0.68,0.47,0.4,0.41,0.34,0.34,0.36,0.32,0.4
GWETTOP,2022,4.5,41.25,0.4,0.32,0.23,0.51,0.62,0.44,0.37,0.38,0.33,0.33,0.33,0.3,0.38
GWETTOP,2022,4.5,41.875,0.37,0.24,0.16,0.44,0.52,0.39,0.32,0.3,0.2,0.24,0.31,0.23,0.31
GWETTOP,2023,-0.5,34.375,0.61,0.48,0.83,0.94,0.92,0.83,0.68,0.53,0.7,0.77,0.92,0.91,0.76
GWETTOP,2023,-0.5,35.0,0.67,0.53,0.7,0.86,0.91,0.87,0.82,0.73,0.81,0.83,0.94,0.92,0.8
GWETTOP,2023,-0.5,35.625,0.47,0.42,0.5,0.59,0.6,0.56,0.54,0.51,0.54,0.54,0.68,0.66,0.55
GWETTOP,2023,-0.5,36.25,0.48,0.42,0.5,0.59,0.61,0.57,0.54,0.52,0.54,0.56,0.71,0.68,0.56
GWETTOP,2023,-0.5,36.875,0.54,0.44,0.48,0.67,0.65,0.66,0.62,0.6,0.55,0.59,0.75,0.69,0.6
GWETTOP,2023,-0.5,37.5,0.51,0.43,0.46,0.66,0.63,0.6,0.55,0.53,0.49,0.54,0.74,0.71,0.57
GWETTOP,2023,-0.5,38.125,0.44,0.32,0.35,0.6,0.5,0.45,0.38,0.34,0.28,0.43,0.68,0.58,0.45
GWETTOP,2023,-0.5,38.75,0.35,0.25,0.31,0.56,0.43,0.38,0.34,0.31,0.26,0.39,0.64,0.51,0.39
GWETTOP,2023,-0.5,39.375,0.29,0.21,0.29,0.54,0.46,0.43,0.4,0.37,0.31,0.38,0.62,0.48,0.4
GWETTOP,2023,-0.5,40.0,0.32,0.24,0.31,0.58,0.53,0.5,0.47,0.42,0.36,0.42,0.66,0.55,0.45
GWETTOP,2023,-0.5,40.625,0.33,0.23,0.3,0.62,0.59,0.59,0.55,0.51,0.45,0.46,0.68,0.56,0.49
GWETTOP,2023,-0.5,41.25,0.34,0.23,0.3,0.62,0.59,0.58,0.53,0.5,0.45,0.46,0.69,0.56,0.49
GWETTOP,2023,-0.5,41.875,0.32,0.21,0.28,0.6,0.64,0.65,0.58,0.55,0.49,0.5,0.71,0.61,0.51
GWETTOP,2023,-1.0,34.375,0.52,0.51,0.69,0.81,0.86,0.79,0.67,0.51,0.61,0.54,0.64,0.77,0.66
GWETTOP,2023,-1.0,35.0,0.55,0.5,0.62,0.74,0.83,0.79,0.73,0.64,0.7,0.64,0.71,0.79,0.69
GWETTOP,2023,-1.0,35.625,0.4,0.3,0.46,0.53,0.55,0.51,0.49,0.47,0.49,0.47,0.55,0.59,0.49
GWETTOP,2023,-1.0,36.25,0.35,0.3,0.36,0.44,0.46,0.41,0.39,0.38,0.39,0.38,0.54,0.51,0.41
GWETTOP,2023,-1.0,36.875,0.48,0.3,0.33,0.61,0.53,0.49,0.44,0.32,0.26,0.42,0.67,0.64,0.46
GWETTOP,2023,-1.0,37.5,0.46,0.31,0.37,0.58,0.53,0.49,0.42,0.4,0.35,0.44,0.65,0.61,0.47
GWETTOP,2023,-1.0,38.125,0.4,0.28,0.33,0.63,0.49,0.42,0.39,0.36,0.28,0.45,0.72,0.54,0.44
GWETTOP,2023,-1.0,38.75,0.33,0.22,0.31,0.65,0.48,0.4,0.36,0.33,0.27,0.44,0.71,0.52,0.42
GWETTOP,2023,-1.0,39.375,0.29,0.19,0.32,0.69,0.52,0.45,0.43,0.39,0.31,0.43,0.72,0.49,0.44
GWETTOP,2023,-1.0,40.0,0.33,0.23,0.35,0.72,0.62,0.54,0.5,0.45,0.37,0.49,0.74,0.61,0.5
GWETTOP,2023,-1.0,40.625,0.35,0.25,0.32,0.67,0.61,0.59,0.56,0.54,0.48,0.49,0.71,0.6,0.52
GWETTOP,2023,-1.0,41.25,0.35,0.24,0.3,0.66,0.61,0.59,0.55,0.53,0.47,0.48,0.7,0.6,0.51
GWETTOP,2023,-1.0,41.875,0.31,0.22,0.27,0.56,0.58,0.55,0.5,0.49,0.42,0.44,0.64,0.56,0.46
GWETTOP,2023,-1.5,34.375,0.61,0.51,0.81,0.83,0.8,0.63,0.45,0.27,0.57,0.5,0.6,0.78,0.61
GWETTOP,2023,-1.5,35.0,0.53,0.38,0.65,0.7,0.72,0.62,0.52,0.38,0.55,0.46,0.58,0.68,0.57
GWETTOP,2023,-1.5,35.625,0.4,0.27,0.53,0.63,0.66,0.55,0.5,0.49,0.49,0.48,0.65,0.62,0.52
GWETTOP,2023,-1.5,36.25,0.23,0.18,0.35,0.45,0.45,0.4,0.34,0.31,0.34,0.3,0.47,0.43,0.35
GWETTOP,2023,-1.5,36.875,0.38,0.26,0.42,0.64,0.59,0.43,0.3,0.31,0.32,0.44,0.7,0.64,0.45
GWETTOP,2023,-1.5,37.5,0.41,0.26,0.35,0.59,0.55,0.5,0.43,0.38,0.32,0.44,0.67,0.62,0.46
GWETTOP,2023,-1.5,38.125,0.41,0.32,0.36,0.59,0.53,0.49,0.45,0.43,0.38,0.44,0.64,0.56,0.47
GWETTOP,2023,-1.5,38.75,0.34,0.22,0.32,0.66,0.54,0.46,0.41,0.39,0.32,0.46,0.68,0.56,0.45
GWETTOP,2023,-1.5,39.375,0.3,0.19,0.32,0.68,0.57,0.48,0.45,0.41,0.33,0.45,0.69,0.56,0.45
GWETTOP,2023,-1.5,40.0,0.34,0.23,0.35,0.77,0.69,0.65,0.62,0.57,0.47,0.56,0.75,0.65,0.56
GWETTOP,2023,-1.5,40.625,0.36,0.26,0.33,0.7,0.65,0.63,0.62,0.59,0.51,0.54,0.73,0.64,0.55
GWETTOP,2023,-1.5,41.25,0.36,0.23,0.29,0.7,0.7,0.65,0.6,0.56,0.48,0.51,0.73,0.66,0.54
GWETTOP,2023,-1.5,41.875,0.61,0.55,0.56,0.76,0.78,0.75,0.71,0.7,0.66,0.67,0.8,0.76,0.69
GWETTOP,2023,-1.7975103014118005e-13,34.375,0.55,0.43,0.65,0.82,0.81,0.77,0.69,0.6,0.71,0.73,0.87,0.85,0.71
GWETTOP,2023,-1.7975103014118005e-13,35.0,0.72,0.56,0.71,0.86,0.91,0.89,0.88,0.84,0.87,0.88,0.95,0.89,0.83
GWETTOP,2023,-1.7975103014118005e-13,35.625,0.64,0.55,0.61,0.71,0.77,0.74,0.73,0.7,0.71,0.73,0.86,0.83,0.72
GWETTOP,2023,-1.7975103014118005e-13,36.25,0.48,0.4,0.5,0.62,0.64,0.61,0.59,0.54,0.58,0.6,0.74,0.7,0.58
GWETTOP,2023,-1.7975103014118005e-13,36.875,0.53,0.46,0.46,0.59,0.59,0.64,0.6,0.57,0.56,0.58,0.71,0.65,0.58
GWETTOP,2023,-1.7975103014118005e-13,37.5,0.53,0.43,0.44,0.67,0.68,0.75,0.68,0.62,0.55,0.6,0.79,0.76,0.63
GWETTOP,2023,-1.7975103014118005e-13,38.125,0.41,0.32,0.33,0.56,0.49,0.48,0.39,0.34,0.28,0.4,0.65,0.57,0.44
GWETTOP,2023,-1.7975103014118005e-13,38.75,0.33,0.25,0.27,0.48,0.4,0.4,0.34,0.3,0.24,0.34,0.56,0.46,0.36
GWETTOP,2023,-1.7975103014118005e-13,39.375,0.28,0.18,0.23,0.44,0.4,0.49,0.41,0.35,0.3,0.33,0.58,0.48,0.37
GWETTOP,2023,-1.7975103014118005e-13,40.0,0.29,0.19,0.23,0.46,0.46,0.54,0.47,0.4,0.34,0.36,0.61,0.53,0.41
GWETTOP,2023,-1.7975103014118005e-13,40.625,0.29,0.18,0.24,0.53,0.53,0.64,0.55,0.48,0.4,0.4,0.66,0.55,0.46
GWETTOP,2023,-1.7975103014118005e-13,41.25,0.32,0.23,0.28,0.57,0.53,0.63,0.52,0.48,0.42,0.43,0.67,0.52,0.47
GWETTOP,2023,-1.7975103014118005e-13,41.875,0.31,0.21,0.27,0.58,0.57,0.71,0.61,0.55,0.48,0.5,0.74,0.62,0.51
GWETTOP,2023,-2.0,34.375,0.62,0.53,0.83,0.81,0.73,0.6,0.34,0.26,0.57,0.43,0.6,0.73,0.59
GWETTOP,2023,-2.0,35.0,0.54,0.39,0.67,0.7,0.67,0.59,0.45,0.37,0.52,0.42,0.62,0.66,0.55
GWETTOP,2023,-2.0,35.625,0.39,0.29,0.52,0.63,0.65,0.57,0.44,0.51,0.44,0.43,0.71,0.63,0.52
GWETTOP,2023,-2.0,36.25,0.23,0.2,0.34,0.44,0.43,0.37,0.29,0.29,0.27,0.27,0.51,0.42,0.34
GWETTOP,2023,-2.0,36.875,0.38,0.29,0.44,0.67,0.67,0.59,0.4,0.41,0.32,0.46,0.78,0.71,0.51
GWETTOP,2023,-2.0,37.5,0.39,0.26,0.37,0.62,0.61,0.55,0.47,0.42,0.3,0.44,0.75,0.69,0.49
GWETTOP,2023,-2.0,38.125,0.38,0.3,0.33,0.56,0.52,0.49,0.44,0.41,0.35,0.42,0.67,0.61,0.46
GWETTOP,2023,-2.0,38.75,0.36,0.23,0.33,0.65,0.58,0.51,0.46,0.42,0.35,0.49,0.71,0.62,0.48
GWETTOP,2023,-2.0,39.375,0.33,0.21,0.34,0.7,0.64,0.57,0.53,0.49,0.4,0.52,0.72,0.64,0.51
GWETTOP,2023,-2.0,40.0,0.32,0.22,0.33,0.72,0.66,0.62,0.58,0.52,0.44,0.5,0.71,0.64,0.52
GWETTOP,2023,-2.0,40.625,0.36,0.26,0.32,0.71,0.71,0.69,0.65,0.61,0.52,0.54,0.74,0.69,0.57
GWETTOP,2023,-2.0,41.25,0.44,0.35,0.37,0.66,0.69,0.66,0.61,0.58,0.51,0.53,0.72,0.66,0.57
GWETTOP,2023,-2.0,41.875,0.67,0.63,0.63,0.81,0.83,0.78,0.73,0.72,0.69,0.7,0.83,0.79,0.73
GWETTOP,2023,-2.5,34.375,0.57,0.55,0.69,0.69,0.64,0.51,0.32,0.28,0.47,0.43,0.6,0.7,0.54
GWETTOP,2023,-2.5,35.0,0.52,0.46,0.57,0.62,0.6,0.53,0.43,0.43,0.45,0.4,0.63,0.65,0.52
GWETTOP,2023,-2.5,35.625,0.44,0.33,0.41,0.54,0.55,0.5,0.35,0.54,0.45,0.37,0.77,0.66,0.49
GWETTOP,2023,-2.5,36.25,0.36,0.31,0.39,0.51,0.51,0.46,0.36,0.43,0.32,0.33,0.69,0.58,0.44
GWETTOP,2023,-2.5,36.875,0.45,0.35,0.41,0.65,0.69,0.66,0.58,0.57,0.35,0.43,0.85,0.78,0.57
GWETTOP,2023,-2.5,37.5,0.52,0.39,0.44,0.66,0.75,0.77,0.7,0.72,0.54,0.55,0.87,0.82,0.65
GWETTOP,2023,-2.5,38.125,0.45,0.31,0.34,0.61,0.63,0.63,0.57,0.53,0.44,0.49,0.75,0.72,0.54
GWETTOP,2023,-2.5,38.75,0.4,0.27,0.35,0.63,0.63,0.6,0.54,0.49,0.39,0.52,0.75,0.68,0.52
GWETTOP,2023,-2.5,39.375,0.42,0.28,0.4,0.74,0.75,0.73,0.69,0.65,0.55,0.63,0.81,0.78,0.62
GWETTOP,2023,-2.5,40.0,0.34,0.25,0.32,0.59,0.63,0.58,0.55,0.48,0.41,0.46,0.66,0.61,0.49
GWETTOP,2023,-2.5,40.625,0.49,0.43,0.45,0.71,0.75,0.73,0.68,0.62,0.55,0.59,0.75,0.73,0.62
GWETTOP,2023,-2.5,41.25,1.0,1.0,1.0,1.0,1.0,1.0,1.0,1.0,1.0,1.0,1.0,1.0,1.0
GWETTOP,2023,-2.5,41.875,1.0,1.0,1.0,1.0,1.0,1.0,1.0,1.0,1.0,1.0,1.0,1.0,1.0
GWETTOP,2023,-3.0,34.375,0.55,0.49,0.54,0.59,0.53,0.45,0.23,0.23,0.36,0.37,0.57,0.73,0.47
GWETTOP,2023,-3.0,35.0,0.57,0.5,0.53,0.59,0.56,0.5,0.36,0.53,0.45,0.42,0.69,0.71,0.53
GWETTOP,2023,-3.0,35.625,0.75,0.65,0.68,0.78,0.82,0.79,0.67,0.85,0.74,0.7,0.93,0.89,0.77
GWETTOP,2023,-3.0,36.25,0.6,0.52,0.48,0.62,0.63,0.57,0.41,0.63,0.45,0.45,0.83,0.76,0.58
GWETTOP,2023,-3.0,36.875,0.86,0.75,0.69,0.83,0.91,0.92,0.88,0.89,0.76,0.8,0.96,0.93,0.85
GWETTOP,2023,-3.0,37.5,0.68,0.55,0.53,0.65,0.84,0.92,0.88,0.92,0.79,0.71,0.92,0.91,0.78
GWETTOP,2023,-3.0,38.125,0.5,0.42,0.4,0.56,0.65,0.7,0.66,0.64,0.56,0.56,0.77,0.75,0.6
GWETTOP,2023,-3.0,38.75,0.42,0.3,0.35,0.59,0.65,0.65,0.58,0.56,0.46,0.53,0.76,0.71,0.55
GWETTOP,2023,-3.0,39.375,0.49,0.35,0.44,0.68,0.78,0.77,0.75,0.71,0.62,0.67,0.81,0.79,0.66
GWETTOP,2023,-3.0,40.0,0.37,0.3,0.33,0.51,0.64,0.61,0.57,0.5,0.43,0.46,0.64,0.61,0.5
GWETTOP,2023,-3.0,40.625,0.76,0.74,0.75,0.82,0.89,0.89,0.87,0.83,0.78,0.8,0.86,0.86,0.82
GWETTOP,2023,-3.0,41.25,1.0,1.0,1.0,1.0,1.0,1.0,1.0,1.0,1.0,1.0,1.0,1.0,1.0
GWETTOP,2023,-3.0,41.875,1.0,1.0,1.0,1.0,1.0,1.0,1.0,1.0,1.0,1.0,1.0,1.0,1.0
GWETTOP,2023,-3.5,34.375,0.55,0.52,0.61,0.63,0.53,0.4,0.19,0.23,0.31,0.32,0.58,0.7,0.46
GWETTOP,2023,-3.5,35.0,0.52,0.49,0.54,0.57,0.53,0.47,0.35,0.56,0.43,0.39,0.64,0.65,0.51
GWETTOP,2023,-3.5,35.625,0.54,0.5,0.52,0.59,0.59,0.55,0.49,0.69,0.57,0.53,0.78,0.73,0.59
GWETTOP,2023,-3.5,36.25,0.62,0.51,0.49,0.57,0.56,0.52,0.44,0.65,0.53,0.48,0.78,0.71,0.57
GWETTOP,2023,-3.5,36.875,0.72,0.57,0.5,0.61,0.75,0.79,0.75,0.84,0.71,0.62,0.87,0.85,0.72
GWETTOP,2023,-3.5,37.5,0.47,0.36,0.33,0.49,0.57,0.64,0.59,0.64,0.52,0.49,0.72,0.67,0.54
GWETTOP,2023,-3.5,38.125,0.47,0.36,0.37,0.54,0.65,0.72,0.71,0.7,0.62,0.6,0.74,0.71,0.6
GWETTOP,2023,-3.5,38.75,0.52,0.43,0.44,0.59,0.71,0.77,0.76,0.75,0.68,0.68,0.81,0.79,0.66
GWETTOP,2023,-3.5,39.375,0.52,0.38,0.46,0.68,0.81,0.82,0.81,0.78,0.7,0.7,0.82,0.8,0.69
GWETTOP,2023,-3.5,40.0,0.54,0.46,0.5,0.63,0.75,0.74,0.71,0.67,0.6,0.62,0.76,0.74,0.64
GWETTOP,2023,-3.5,40.625,0.92,0.91,0.92,0.94,0.97,0.97,0.96,0.95,0.93,0.94,0.96,0.95,0.94
GWETTOP,2023,-3.5,41.25,1.0,1.0,1.0,1.0,1.0,1.0,1.0,1.0,1.0,1.0,1.0,1.0,1.0
GWETTOP,2023,-3.5,41.875,1.0,1.0,1.0,1.0,1.0,1.0,1.0,1.0,1.0,1.0,1.0,1.0,1.0
GWETTOP,2023,-4.0,34.375,0.56,0.58,0.68,0.67,0.56,0.44,0.31,0.34,0.31,0.29,0.55,0.68,0.5
GWETTOP,2023,-4.0,35.0,0.56,0.56,0.61,0.61,0.57,0.51,0.41,0.59,0.48,0.44,0.64,0.66,0.55
GWETTOP,2023,-4.0,35.625,0.55,0.53,0.52,0.56,0.55,0.53,0.49,0.63,0.54,0.52,0.69,0.66,0.56
GWETTOP,2023,-4.0,36.25,0.53,0.49,0.47,0.53,0.51,0.49,0.42,0.61,0.5,0.48,0.69,0.62,0.53
GWETTOP,2023,-4.0,36.875,0.48,0.44,0.38,0.5,0.52,0.54,0.48,0.61,0.5,0.48,0.67,0.61,0.52
GWETTOP,2023,-4.0,37.5,0.48,0.41,0.37,0.53,0.59,0.63,0.57,0.64,0.53,0.53,0.71,0.65,0.55
GWETTOP,2023,-4.0,38.125,0.45,0.32,0.36,0.57,0.69,0.75,0.68,0.66,0.54,0.58,0.78,0.69,0.59
GWETTOP,2023,-4.0,38.75,0.44,0.32,0.38,0.59,0.71,0.75,0.71,0.71,0.58,0.63,0.81,0.73,0.61
GWETTOP,2023,-4.0,39.375,0.41,0.31,0.38,0.59,0.74,0.73,0.73,0.7,0.64,0.63,0.74,0.7,0.61
GWETTOP,2023,-4.0,40.0,0.53,0.49,0.52,0.62,0.73,0.74,0.72,0.69,0.62,0.63,0.77,0.74,0.65
GWETTOP,2023,-4.0,40.625,1.0,1.0,1.0,1.0,1.0,1.0,1.0,1.0,1.0,1.0,1.0,1.0,1.0
GWETTOP,2023,-4.0,41.25,1.0,1.0,1.0,1.0,1.0,1.0,1.0,1.0,1.0,1.0,1.0,1.0,1.0
GWETTOP,2023,-4.0,41.875,1.0,1.0,1.0,1.0,1.0,1.0,1.0,1.0,1.0,1.0,1.0,1.0,1.0
GWETTOP,2023,-4.5,34.375,0.53,0.57,0.64,0.61,0.54,0.46,0.41,0.43,0.36,0.34,0.53,0.65,0.51
GWETTOP,2023,-4.5,35.0,0.49,0.52,0.58,0.56,0.52,0.45,0.4,0.55,0.42,0.42,0.6,0.63,0.51
GWETTOP,2023,-4.5,35.625,0.43,0.43,0.41,0.46,0.43,0.41,0.34,0.5,0.41,0.4,0.56,0.52,0.44
GWETTOP,2023,-4.5,36.25,0.48,0.46,0.43,0.51,0.5,0.48,0.38,0.6,0.48,0.47,0.65,0.6,0.5
GWETTOP,2023,-4.5,36.875,0.47,0.42,0.37,0.51,0.56,0.6,0.52,0.63,0.52,0.51,0.68,0.61,0.53
GWETTOP,2023,-4.5,37.5,0.49,0.43,0.39,0.53,0.6,0.65,0.59,0.68,0.57,0.55,0.71,0.66,0.57
GWETTOP,2023,-4.5,38.125,0.59,0.43,0.45,0.65,0.78,0.86,0.85,0.84,0.75,0.72,0.85,0.83,0.72
GWETTOP,2023,-4.5,38.75,0.55,0.4,0.43,0.64,0.78,0.85,0.83,0.82,0.72,0.68,0.85,0.82,0.7
GWETTOP,2023,-4.5,39.375,0.41,0.35,0.38,0.56,0.7,0.71,0.68,0.64,0.54,0.53,0.73,0.67,0.58
GWETTOP,2023,-4.5,40.0,0.95,0.95,0.95,0.96,0.97,0.97,0.97,0.96,0.96,0.95,0.97,0.97,0.96
GWETTOP,2023,-4.5,40.625,1.0,1.0,1.0,1.0,1.0,1.0,1.0,1.0,1.0,1.0,1.0,1.0,1.0
GWETTOP,2023,-4.5,41.25,1.0,1.0,1.0,1.0,1.0,1.0,1.0,1.0,1.0,1.0,1.0,1.0,1.0
GWETTOP,2023,-4.5,41.875,1.0,1.0,1.0,1.0,1.0,1.0,1.0,1.0,1.0,1.0,1.0,1.0,1.0
GWETTOP,2023,0.5,34.375,0.44,0.38,0.57,0.67,0.7,0.73,0.73,0.71,0.73,0.7,0.75,0.69,0.65
GWETTOP,2023,0.5,35.0,0.63,0.52,0.62,0.74,0.81,0.83,0.88,0.87,0.86,0.84,0.88,0.81,0.78
GWETTOP,2023,0.5,35.625,0.48,0.42,0.49,0.64,0.72,0.69,0.69,0.63,0.62,0.64,0.79,0.73,0.63
GWETTOP,2023,0.5,36.25,0.34,0.22,0.37,0.52,0.54,0.49,0.49,0.46,0.48,0.47,0.61,0.51,0.46
GWETTOP,2023,0.5,36.875,0.44,0.28,0.38,0.58,0.55,0.5,0.45,0.43,0.44,0.46,0.65,0.59,0.48
GWETTOP,2023,0.5,37.5,0.37,0.25,0.27,0.51,0.48,0.48,0.43,0.37,0.31,0.38,0.6,0.54,0.42
GWETTOP,2023,0.5,38.125,0.34,0.24,0.23,0.49,0.43,0.42,0.35,0.3,0.21,0.33,0.6,0.51,0.37
GWETTOP,2023,0.5,38.75,0.31,0.19,0.2,0.45,0.42,0.43,0.36,0.3,0.21,0.3,0.58,0.5,0.35
GWETTOP,2023,0.5,39.375,0.27,0.14,0.2,0.44,0.43,0.6,0.47,0.36,0.27,0.32,0.66,0.59,0.4
GWETTOP,2023,0.5,40.0,0.25,0.13,0.19,0.45,0.46,0.68,0.55,0.4,0.32,0.32,0.7,0.65,0.43
GWETTOP,2023,0.5,40.625,0.25,0.13,0.19,0.48,0.45,0.68,0.57,0.43,0.34,0.35,0.7,0.59,0.43
GWETTOP,2023,0.5,41.25,0.31,0.22,0.25,0.51,0.45,0.63,0.52,0.47,0.4,0.42,0.66,0.53,0.45
GWETTOP,2023,0.5,41.875,0.28,0.2,0.24,0.52,0.46,0.65,0.55,0.48,0.41,0.46,0.71,0.58,0.46
GWETTOP,2023,1.0,34.375,0.55,0.48,0.58,0.69,0.75,0.78,0.79,0.76,0.79,0.8,0.84,0.8,0.72
GWETTOP,2023,1.0,35.0,0.57,0.46,0.55,0.73,0.83,0.84,0.87,0.86,0.84,0.81,0.85,0.78,0.75
GWETTOP,2023,1.0,35.625,0.23,0.13,0.25,0.39,0.42,0.38,0.39,0.4,0.41,0.38,0.4,0.38,0.35
GWETTOP,2023,1.0,36.25,0.27,0.13,0.29,0.45,0.49,0.4,0.41,0.4,0.41,0.39,0.53,0.42,0.38
GWETTOP,2023,1.0,36.875,0.33,0.2,0.28,0.39,0.37,0.35,0.34,0.33,0.29,0.29,0.44,0.41,0.34
GWETTOP,2023,1.0,37.5,0.34,0.22,0.24,0.47,0.41,0.36,0.32,0.25,0.18,0.29,0.58,0.5,0.35
GWETTOP,2023,1.0,38.125,0.3,0.19,0.21,0.43,0.36,0.35,0.3,0.23,0.16,0.27,0.55,0.43,0.32
GWETTOP,2023,1.0,38.75,0.28,0.17,0.22,0.42,0.36,0.41,0.35,0.28,0.2,0.29,0.57,0.49,0.34
GWETTOP,2023,1.0,39.375,0.26,0.13,0.23,0.45,0.41,0.62,0.47,0.34,0.23,0.31,0.66,0.58,0.39
GWETTOP,2023,1.0,40.0,0.24,0.12,0.21,0.46,0.42,0.73,0.59,0.39,0.31,0.3,0.68,0.6,0.42
GWETTOP,2023,1.0,40.625,0.23,0.12,0.2,0.5,0.43,0.72,0.6,0.43,0.31,0.34,0.73,0.63,0.44
GWETTOP,2023,1.0,41.25,0.27,0.15,0.22,0.55,0.47,0.66,0.56,0.47,0.36,0.41,0.71,0.6,0.45
GWETTOP,2023,1.0,41.875,0.25,0.15,0.2,0.48,0.4,0.65,0.53,0.44,0.32,0.42,0.72,0.59,0.43
GWETTOP,2023,1.5,34.375,0.41,0.29,0.51,0.63,0.67,0.67,0.67,0.61,0.63,0.62,0.62,0.5,0.57
GWETTOP,2023,1.5,35.0,0.34,0.21,0.43,0.65,0.72,0.63,0.66,0.63,0.59,0.56,0.59,0.48,0.54
GWETTOP,2023,1.5,35.625,0.2,0.11,0.27,0.41,0.43,0.35,0.33,0.34,0.35,0.34,0.42,0.36,0.33
GWETTOP,2023,1.5,36.25,0.2,0.11,0.25,0.4,0.4,0.3,0.3,0.3,0.31,0.3,0.42,0.35,0.3
GWETTOP,2023,1.5,36.875,0.3,0.15,0.25,0.4,0.37,0.33,0.25,0.22,0.17,0.27,0.51,0.46,0.31
GWETTOP,2023,1.5,37.5,0.28,0.16,0.24,0.4,0.36,0.32,0.25,0.21,0.16,0.27,0.52,0.45,0.3
GWETTOP,2023,1.5,38.125,0.29,0.2,0.27,0.42,0.33,0.37,0.31,0.26,0.2,0.31,0.54,0.43,0.33
GWETTOP,2023,1.5,38.75,0.31,0.19,0.3,0.51,0.39,0.45,0.36,0.31,0.24,0.37,0.62,0.51,0.38
GWETTOP,2023,1.5,39.375,0.25,0.13,0.25,0.49,0.41,0.67,0.56,0.4,0.31,0.33,0.6,0.52,0.41
GWETTOP,2023,1.5,40.0,0.24,0.12,0.25,0.48,0.43,0.68,0.54,0.39,0.27,0.33,0.59,0.52,0.4
GWETTOP,2023,1.5,40.625,0.23,0.12,0.24,0.58,0.5,0.75,0.64,0.44,0.3,0.37,0.71,0.61,0.46
GWETTOP,2023,1.5,41.25,0.19,0.1,0.2,0.49,0.42,0.72,0.59,0.41,0.33,0.36,0.66,0.55,0.42
GWETTOP,2023,1.5,41.875,0.21,0.11,0.2,0.54,0.43,0.71,0.57,0.42,0.28,0.42,0.76,0.6,0.44
GWETTOP,2023,2.0,34.375,0.31,0.24,0.48,0.57,0.55,0.54,0.54,0.47,0.49,0.48,0.48,0.35,0.46
GWETTOP,2023,2.0,35.0,0.22,0.16,0.39,0.56,0.58,0.47,0.46,0.42,0.41,0.41,0.46,0.39,0.41
GWETTOP,2023,2.0,35.625,0.15,0.1,0.25,0.39,0.39,0.31,0.24,0.27,0.26,0.27,0.36,0.29,0.27
GWETTOP,2023,2.0,36.25,0.16,0.1,0.25,0.39,0.36,0.22,0.21,0.23,0.22,0.24,0.4,0.31,0.26
GWETTOP,2023,2.0,36.875,0.25,0.14,0.28,0.42,0.38,0.32,0.26,0.22,0.19,0.29,0.51,0.46,0.31
GWETTOP,2023,2.0,37.5,0.24,0.13,0.26,0.43,0.38,0.32,0.25,0.2,0.16,0.28,0.55,0.49,0.31
GWETTOP,2023,2.0,38.125,0.28,0.17,0.28,0.51,0.42,0.43,0.36,0.29,0.2,0.36,0.61,0.51,0.37
GWETTOP,2023,2.0,38.75,0.27,0.16,0.28,0.51,0.42,0.47,0.39,0.32,0.25,0.37,0.6,0.51,0.38
GWETTOP,2023,2.0,39.375,0.23,0.12,0.24,0.52,0.44,0.67,0.56,0.4,0.32,0.35,0.66,0.58,0.43
GWETTOP,2023,2.0,40.0,0.23,0.12,0.25,0.58,0.51,0.73,0.59,0.41,0.32,0.37,0.7,0.62,0.45
GWETTOP,2023,2.0,40.625,0.26,0.16,0.33,0.74,0.63,0.75,0.62,0.41,0.27,0.52,0.88,0.74,0.53
GWETTOP,2023,2.0,41.25,0.24,0.13,0.26,0.61,0.5,0.73,0.6,0.42,0.29,0.41,0.79,0.68,0.47
GWETTOP,2023,2.0,41.875,0.22,0.14,0.27,0.71,0.56,0.71,0.59,0.41,0.28,0.57,0.87,0.72,0.51
GWETTOP,2023,2.5,34.375,0.28,0.22,0.41,0.49,0.47,0.45,0.46,0.36,0.41,0.37,0.41,0.29,0.39
GWETTOP,2023,2.5,35.0,0.22,0.15,0.33,0.48,0.56,0.44,0.4,0.34,0.33,0.34,0.42,0.36,0.37
GWETTOP,2023,2.5,35.625,0.15,0.11,0.24,0.4,0.4,0.32,0.2,0.21,0.18,0.22,0.37,0.29,0.26
GWETTOP,2023,2.5,36.25,0.14,0.1,0.23,0.38,0.35,0.19,0.16,0.18,0.16,0.2,0.39,0.28,0.23
GWETTOP,2023,2.5,36.875,0.19,0.12,0.26,0.4,0.37,0.28,0.2,0.18,0.16,0.25,0.44,0.39,0.27
GWETTOP,2023,2.5,37.5,0.19,0.12,0.26,0.43,0.37,0.25,0.2,0.18,0.14,0.28,0.51,0.43,0.28
GWETTOP,2023,2.5,38.125,0.23,0.12,0.27,0.48,0.41,0.38,0.31,0.23,0.16,0.33,0.6,0.48,0.33
GWETTOP,2023,2.5,38.75,0.22,0.12,0.26,0.5,0.42,0.42,0.35,0.27,0.19,0.34,0.58,0.46,0.35
GWETTOP,2023,2.5,39.375,0.2,0.11,0.26,0.53,0.46,0.58,0.46,0.35,0.26,0.35,0.65,0.51,0.39
GWETTOP,2023,2.5,40.0,0.22,0.12,0.27,0.59,0.52,0.69,0.54,0.38,0.29,0.39,0.73,0.6,0.45
GWETTOP,2023,2.5,40.625,0.25,0.16,0.33,0.68,0.59,0.72,0.58,0.37,0.25,0.49,0.85,0.72,0.5
GWETTOP,2023,2.5,41.25,0.19,0.14,0.24,0.5,0.37,0.57,0.45,0.31,0.21,0.36,0.69,0.53,0.38
GWETTOP,2023,2.5,41.875,0.2,0.14,0.23,0.52,0.39,0.61,0.51,0.37,0.26,0.45,0.76,0.65,0.43
GWETTOP,2023,3.0,34.375,0.24,0.16,0.38,0.57,0.6,0.55,0.55,0.45,0.45,0.43,0.49,0.39,0.44
GWETTOP,2023,3.0,35.0,0.17,0.12,0.26,0.46,0.51,0.39,0.34,0.26,0.24,0.28,0.41,0.35,0.32
GWETTOP,2023,3.0,35.625,0.14,0.1,0.19,0.4,0.41,0.32,0.16,0.15,0.12,0.18,0.38,0.31,0.24
GWETTOP,2023,3.0,36.25,0.14,0.1,0.19,0.39,0.38,0.26,0.14,0.14,0.12,0.19,0.38,0.3,0.23
GWETTOP,2023,3.0,36.875,0.14,0.1,0.21,0.37,0.36,0.26,0.16,0.13,0.11,0.2,0.39,0.33,0.23
GWETTOP,2023,3.0,37.5,0.14,0.09,0.23,0.36,0.29,0.17,0.14,0.13,0.09,0.22,0.4,0.29,0.21
GWETTOP,2023,3.0,38.125,0.18,0.1,0.26,0.42,0.39,0.35,0.29,0.18,0.13,0.3,0.48,0.4,0.29
GWETTOP,2023,3.0,38.75,0.2,0.11,0.29,0.49,0.44,0.41,0.31,0.23,0.16,0.35,0.57,0.45,0.34
GWETTOP,2023,3.0,39.375,0.18,0.1,0.28,0.48,0.44,0.44,0.37,0.3,0.18,0.34,0.6,0.44,0.35
GWETTOP,2023,3.0,40.0,0.21,0.11,0.31,0.52,0.49,0.56,0.44,0.33,0.22,0.38,0.69,0.52,0.4
GWETTOP,2023,3.0,40.625,0.22,0.15,0.32,0.53,0.5,0.62,0.47,0.29,0.21,0.42,0.76,0.61,0.43
GWETTOP,2023,3.0,41.25,0.19,0.13,0.28,0.45,0.37,0.51,0.37,0.26,0.19,0.39,0.67,0.47,0.36
GWETTOP,2023,3.0,41.875,0.21,0.11,0.23,0.41,0.36,0.51,0.39,0.31,0.24,0.4,0.72,0.62,0.38
GWETTOP,2023,3.5,34.375,0.29,0.14,0.32,0.52,0.57,0.47,0.44,0.38,0.37,0.39,0.46,0.39,0.4
GWETTOP,2023,3.5,35.0,0.21,0.11,0.26,0.46,0.5,0.38,0.32,0.24,0.21,0.29,0.46,0.39,0.32
GWETTOP,2023,3.5,35.625,0.14,0.1,0.21,0.42,0.42,0.32,0.17,0.14,0.12,0.23,0.43,0.37,0.26
GWETTOP,2023,3.5,36.25,0.13,0.1,0.22,0.42,0.41,0.31,0.17,0.14,0.12,0.24,0.44,0.37,0.26
GWETTOP,2023,3.5,36.875,0.14,0.1,0.28,0.42,0.4,0.34,0.25,0.16,0.14,0.27,0.45,0.38,0.28
GWETTOP,2023,3.5,37.5,0.15,0.11,0.3,0.47,0.44,0.33,0.26,0.19,0.14,0.3,0.53,0.42,0.3
GWETTOP,2023,3.5,38.125,0.16,0.1,0.3,0.46,0.45,0.4,0.35,0.29,0.17,0.33,0.57,0.47,0.34
GWETTOP,2023,3.5,38.75,0.17,0.1,0.3,0.49,0.5,0.49,0.39,0.33,0.25,0.39,0.64,0.48,0.38
GWETTOP,2023,3.5,39.375,0.21,0.12,0.33,0.56,0.58,0.58,0.46,0.37,0.27,0.43,0.74,0.6,0.44
GWETTOP,2023,3.5,40.0,0.2,0.12,0.36,0.57,0.55,0.54,0.41,0.31,0.2,0.42,0.76,0.6,0.42
GWETTOP,2023,3.5,40.625,0.26,0.16,0.42,0.63,0.6,0.65,0.5,0.27,0.2,0.5,0.83,0.65,0.47
GWETTOP,2023,3.5,41.25,0.21,0.15,0.31,0.46,0.44,0.52,0.4,0.25,0.2,0.4,0.68,0.55,0.38
GWETTOP,2023,3.5,41.875,0.18,0.1,0.21,0.36,0.33,0.38,0.27,0.2,0.15,0.36,0.66,0.55,0.31
GWETTOP,2023,4.0,34.375,0.3,0.16,0.38,0.55,0.59,0.53,0.43,0.39,0.4,0.47,0.57,0.48,0.44
GWETTOP,2023,4.0,35.0,0.21,0.12,0.31,0.52,0.56,0.41,0.3,0.27,0.22,0.39,0.61,0.48,0.37
GWETTOP,2023,4.0,35.625,0.18,0.1,0.23,0.45,0.5,0.38,0.28,0.18,0.15,0.31,0.6,0.46,0.32
GWETTOP,2023,4.0,36.25,0.13,0.09,0.23,0.44,0.46,0.35,0.22,0.14,0.14,0.28,0.54,0.41,0.29
GWETTOP,2023,4.0,36.875,0.12,0.09,0.31,0.48,0.45,0.36,0.29,0.17,0.13,0.29,0.52,0.4,0.3
GWETTOP,2023,4.0,37.5,0.14,0.1,0.32,0.51,0.48,0.4,0.33,0.22,0.16,0.33,0.57,0.43,0.33
GWETTOP,2023,4.0,38.125,0.21,0.12,0.37,0.6,0.63,0.62,0.49,0.41,0.3,0.5,0.75,0.59,0.47
GWETTOP,2023,4.0,38.75,0.26,0.17,0.46,0.73,0.77,0.76,0.65,0.57,0.32,0.59,0.87,0.75,0.58
GWETTOP,2023,4.0,39.375,0.28,0.16,0.46,0.74,0.76,0.75,0.63,0.46,0.27,0.6,0.91,0.79,0.57
GWETTOP,2023,4.0,40.0,0.22,0.13,0.41,0.63,0.62,0.65,0.5,0.37,0.21,0.5,0.82,0.65,0.48
GWETTOP,2023,4.0,40.625,0.26,0.16,0.44,0.64,0.63,0.66,0.5,0.3,0.21,0.53,0.87,0.7,0.49
GWETTOP,2023,4.0,41.25,0.19,0.13,0.3,0.47,0.47,0.49,0.38,0.28,0.18,0.4,0.73,0.59,0.39
GWETTOP,2023,4.0,41.875,0.17,0.11,0.23,0.41,0.41,0.38,0.32,0.22,0.15,0.37,0.72,0.61,0.34
GWETTOP,2023,4.5,34.375,0.25,0.18,0.47,0.58,0.57,0.49,0.36,0.41,0.42,0.54,0.65,0.45,0.45
GWETTOP,2023,4.5,35.0,0.23,0.13,0.36,0.59,0.62,0.47,0.3,0.31,0.25,0.49,0.72,0.57,0.42
GWETTOP,2023,4.5,35.625,0.24,0.1,0.26,0.53,0.62,0.45,0.35,0.24,0.18,0.38,0.75,0.54,0.39
GWETTOP,2023,4.5,36.25,0.15,0.08,0.25,0.48,0.56,0.4,0.3,0.18,0.17,0.35,0.68,0.48,0.34
GWETTOP,2023,4.5,36.875,0.12,0.09,0.31,0.47,0.51,0.41,0.34,0.23,0.17,0.34,0.6,0.45,0.34
GWETTOP,2023,4.5,37.5,0.19,0.13,0.44,0.63,0.64,0.56,0.45,0.29,0.22,0.49,0.76,0.6,0.45
GWETTOP,2023,4.5,38.125,0.27,0.17,0.48,0.71,0.74,0.72,0.62,0.52,0.31,0.59,0.86,0.74,0.56
GWETTOP,2023,4.5,38.75,0.26,0.16,0.45,0.68,0.73,0.71,0.6,0.5,0.31,0.57,0.85,0.73,0.55
GWETTOP,2023,4.5,39.375,0.24,0.13,0.4,0.61,0.63,0.66,0.54,0.43,0.28,0.53,0.83,0.69,0.5
GWETTOP,2023,4.5,40.0,0.21,0.12,0.34,0.55,0.56,0.57,0.45,0.36,0.23,0.47,0.79,0.64,0.44
GWETTOP,2023,4.5,40.625,0.21,0.13,0.35,0.51,0.52,0.54,0.42,0.32,0.18,0.47,0.85,0.7,0.43
GWETTOP,2023,4.5,41.25,0.21,0.12,0.3,0.44,0.46,0.48,0.37,0.32,0.2,0.44,0.83,0.7,0.41
GWETTOP,2023,4.5,41.875,0.16,0.11,0.25,0.42,0.43,0.38,0.3,0.18,0.13,0.39,0.76,0.62,0.35
GWETTOP,2024,-0.5,34.375,0.84,0.72,0.66,0.88,0.9,0.84,0.72,0.62,0.57,0.63,0.75,0.86,0.75
GWETTOP,2024,-0.5,35.0,0.88,0.8,0.74,0.92,0.96,0.91,0.87,0.82,0.75,0.74,0.8,0.9,0.84
GWETTOP,2024,-0.5,35.625,0.7,0.65,0.65,0.77,0.93,0.87,0.84,0.82,0.78,0.75,0.77,0.81,0.78
GWETTOP,2024,-0.5,36.25,0.71,0.66,0.66,0.78,0.9,0.84,0.82,0.8,0.76,0.73,0.76,0.79,0.77
GWETTOP,2024,-0.5,36.875,0.69,0.65,0.62,0.73,0.86,0.78,0.75,0.73,0.68,0.63,0.69,0.68,0.71
GWETTOP,2024,-0.5,37.5,0.67,0.61,0.58,0.72,0.85,0.77,0.72,0.67,0.61,0.54,0.65,0.63,0.67
GWETTOP,2024,-0.5,38.125,0.51,0.46,0.44,0.58,0.54,0.41,0.39,0.35,0.29,0.26,0.55,0.49,0.44
GWETTOP,2024,-0.5,38.75,0.42,0.39,0.38,0.55,0.48,0.36,0.35,0.32,0.27,0.25,0.52,0.42,0.39
GWETTOP,2024,-0.5,39.375,0.39,0.34,0.34,0.5,0.43,0.35,0.34,0.31,0.26,0.24,0.45,0.36,0.36
GWETTOP,2024,-0.5,40.0,0.47,0.4,0.37,0.55,0.5,0.42,0.39,0.35,0.3,0.27,0.47,0.4,0.41
GWETTOP,2024,-0.5,40.625,0.48,0.39,0.36,0.54,0.53,0.47,0.46,0.41,0.32,0.28,0.5,0.39,0.43
GWETTOP,2024,-0.5,41.25,0.48,0.4,0.36,0.55,0.55,0.48,0.47,0.43,0.33,0.3,0.5,0.39,0.44
GWETTOP,2024,-0.5,41.875,0.5,0.4,0.32,0.54,0.61,0.54,0.51,0.46,0.35,0.29,0.48,0.42,0.45
GWETTOP,2024,-1.0,34.375,0.78,0.69,0.69,0.79,0.82,0.76,0.68,0.56,0.49,0.49,0.56,0.73,0.67
GWETTOP,2024,-1.0,35.0,0.85,0.8,0.8,0.88,0.92,0.89,0.84,0.77,0.68,0.62,0.63,0.75,0.79
GWETTOP,2024,-1.0,35.625,0.73,0.68,0.71,0.77,0.89,0.85,0.81,0.75,0.66,0.58,0.56,0.62,0.72
GWETTOP,2024,-1.0,36.25,0.62,0.56,0.54,0.68,0.84,0.78,0.74,0.68,0.58,0.48,0.5,0.52,0.63
GWETTOP,2024,-1.0,36.875,0.57,0.5,0.48,0.6,0.73,0.58,0.51,0.46,0.28,0.28,0.55,0.56,0.51
GWETTOP,2024,-1.0,37.5,0.57,0.51,0.49,0.63,0.72,0.6,0.53,0.48,0.39,0.32,0.52,0.53,0.52
GWETTOP,2024,-1.0,38.125,0.46,0.39,0.44,0.58,0.48,0.36,0.36,0.34,0.27,0.25,0.59,0.48,0.42
GWETTOP,2024,-1.0,38.75,0.41,0.34,0.39,0.57,0.46,0.32,0.33,0.31,0.26,0.25,0.57,0.45,0.39
GWETTOP,2024,-1.0,39.375,0.34,0.28,0.35,0.6,0.46,0.35,0.35,0.31,0.26,0.24,0.53,0.37,0.37
GWETTOP,2024,-1.0,40.0,0.48,0.38,0.41,0.64,0.57,0.44,0.41,0.37,0.32,0.29,0.55,0.46,0.44
GWETTOP,2024,-1.0,40.625,0.49,0.41,0.39,0.56,0.59,0.53,0.51,0.46,0.38,0.33,0.51,0.42,0.46
GWETTOP,2024,-1.0,41.25,0.49,0.42,0.38,0.54,0.58,0.52,0.5,0.47,0.37,0.32,0.5,0.42,0.46
GWETTOP,2024,-1.0,41.875,0.44,0.37,0.32,0.49,0.57,0.52,0.46,0.41,0.34,0.29,0.42,0.37,0.42
GWETTOP,2024,-1.5,34.375,0.84,0.73,0.7,0.75,0.72,0.58,0.55,0.42,0.43,0.48,0.53,0.8,0.63
GWETTOP,2024,-1.5,35.0,0.86,0.78,0.75,0.79,0.83,0.72,0.63,0.52,0.42,0.48,0.5,0.7,0.66
GWETTOP,2024,-1.5,35.625,0.83,0.81,0.77,0.83,0.88,0.8,0.7,0.58,0.51,0.48,0.52,0.6,0.69
GWETTOP,2024,-1.5,36.25,0.59,0.51,0.48,0.63,0.69,0.55,0.47,0.4,0.33,0.29,0.37,0.45,0.48
GWETTOP,2024,-1.5,36.875,0.64,0.53,0.49,0.76,0.77,0.61,0.49,0.34,0.3,0.31,0.55,0.62,0.53
GWETTOP,2024,-1.5,37.5,0.55,0.47,0.46,0.61,0.63,0.49,0.45,0.34,0.29,0.29,0.5,0.53,0.47
GWETTOP,2024,-1.5,38.125,0.51,0.45,0.45,0.53,0.49,0.43,0.42,0.38,0.33,0.31,0.5,0.48,0.44
GWETTOP,2024,-1.5,38.75,0.47,0.38,0.44,0.58,0.48,0.36,0.35,0.33,0.28,0.27,0.54,0.48,0.41
GWETTOP,2024,-1.5,39.375,0.44,0.34,0.41,0.58,0.5,0.39,0.35,0.32,0.27,0.26,0.5,0.42,0.4
GWETTOP,2024,-1.5,40.0,0.53,0.41,0.45,0.64,0.62,0.53,0.48,0.42,0.34,0.32,0.55,0.44,0.48
GWETTOP,2024,-1.5,40.625,0.53,0.44,0.43,0.58,0.64,0.58,0.56,0.5,0.43,0.37,0.51,0.43,0.5
GWETTOP,2024,-1.5,41.25,0.52,0.43,0.39,0.54,0.62,0.58,0.53,0.48,0.4,0.32,0.48,0.44,0.48
GWETTOP,2024,-1.5,41.875,0.68,0.63,0.62,0.69,0.76,0.74,0.69,0.65,0.62,0.6,0.65,0.63,0.66
GWETTOP,2024,-1.7975103014118005e-13,34.375,0.79,0.67,0.6,0.78,0.82,0.81,0.74,0.67,0.63,0.71,0.73,0.78,0.73
GWETTOP,2024,-1.7975103014118005e-13,35.0,0.84,0.78,0.74,0.88,0.95,0.92,0.91,0.9,0.87,0.87,0.87,0.89,0.87
GWETTOP,2024,-1.7975103014118005e-13,35.625,0.82,0.8,0.77,0.85,0.93,0.87,0.86,0.86,0.84,0.81,0.83,0.86,0.84
GWETTOP,2024,-1.7975103014118005e-13,36.25,0.69,0.65,0.62,0.74,0.86,0.8,0.79,0.79,0.75,0.7,0.74,0.75,0.74
GWETTOP,2024,-1.7975103014118005e-13,36.875,0.65,0.67,0.61,0.71,0.84,0.74,0.69,0.66,0.6,0.55,0.63,0.64,0.67
GWETTOP,2024,-1.7975103014118005e-13,37.5,0.74,0.77,0.74,0.8,0.9,0.8,0.74,0.7,0.64,0.56,0.67,0.67,0.73
GWETTOP,2024,-1.7975103014118005e-13,38.125,0.49,0.52,0.46,0.58,0.56,0.44,0.4,0.36,0.29,0.24,0.5,0.47,0.44
GWETTOP,2024,-1.7975103014118005e-13,38.75,0.39,0.42,0.36,0.48,0.42,0.34,0.31,0.29,0.23,0.19,0.42,0.37,0.35
GWETTOP,2024,-1.7975103014118005e-13,39.375,0.38,0.36,0.32,0.47,0.39,0.33,0.3,0.26,0.22,0.18,0.37,0.33,0.33
GWETTOP,2024,-1.7975103014118005e-13,40.0,0.44,0.4,0.34,0.49,0.43,0.37,0.34,0.31,0.25,0.21,0.39,0.34,0.36
GWETTOP,2024,-1.7975103014118005e-13,40.625,0.46,0.37,0.31,0.51,0.47,0.4,0.38,0.34,0.26,0.22,0.41,0.34,0.37
GWETTOP,2024,-1.7975103014118005e-13,41.25,0.46,0.38,0.34,0.54,0.49,0.42,0.4,0.37,0.3,0.27,0.44,0.34,0.4
GWETTOP,2024,-1.7975103014118005e-13,41.875,0.5,0.41,0.32,0.58,0.59,0.51,0.47,0.43,0.34,0.28,0.47,0.37,0.44
GWETTOP,2024,-2.0,34.375,0.82,0.72,0.66,0.67,0.65,0.43,0.4,0.33,0.44,0.49,0.54,0.79,0.58
GWETTOP,2024,-2.0,35.0,0.84,0.74,0.68,0.72,0.72,0.57,0.54,0.42,0.38,0.49,0.53,0.72,0.61
GWETTOP,2024,-2.0,35.625,0.77,0.68,0.64,0.75,0.73,0.63,0.54,0.4,0.37,0.42,0.51,0.6,0.59
GWETTOP,2024,-2.0,36.25,0.54,0.44,0.42,0.56,0.52,0.4,0.37,0.29,0.23,0.26,0.34,0.41,0.4
GWETTOP,2024,-2.0,36.875,0.65,0.52,0.51,0.75,0.72,0.59,0.43,0.31,0.27,0.31,0.56,0.65,0.52
GWETTOP,2024,-2.0,37.5,0.61,0.5,0.49,0.65,0.62,0.49,0.4,0.3,0.26,0.27,0.5,0.57,0.47
GWETTOP,2024,-2.0,38.125,0.55,0.47,0.47,0.54,0.48,0.41,0.38,0.35,0.31,0.29,0.46,0.46,0.43
GWETTOP,2024,-2.0,38.75,0.54,0.47,0.51,0.61,0.52,0.41,0.39,0.36,0.31,0.3,0.53,0.5,0.45
GWETTOP,2024,-2.0,39.375,0.55,0.46,0.51,0.63,0.58,0.48,0.44,0.38,0.32,0.31,0.52,0.47,0.47
GWETTOP,2024,-2.0,40.0,0.53,0.42,0.45,0.59,0.58,0.5,0.46,0.4,0.33,0.31,0.49,0.41,0.46
GWETTOP,2024,-2.0,40.625,0.57,0.44,0.44,0.58,0.65,0.6,0.55,0.49,0.42,0.38,0.49,0.43,0.5
GWETTOP,2024,-2.0,41.25,0.54,0.45,0.46,0.55,0.65,0.62,0.55,0.5,0.46,0.44,0.49,0.46,0.51
GWETTOP,2024,-2.0,41.875,0.72,0.67,0.67,0.74,0.79,0.74,0.7,0.68,0.67,0.65,0.68,0.67,0.7
GWETTOP,2024,-2.5,34.375,0.77,0.67,0.58,0.61,0.56,0.42,0.27,0.22,0.33,0.44,0.56,0.77,0.52
GWETTOP,2024,-2.5,35.0,0.8,0.72,0.64,0.65,0.64,0.5,0.43,0.3,0.28,0.4,0.51,0.72,0.55
GWETTOP,2024,-2.5,35.625,0.71,0.58,0.54,0.63,0.59,0.49,0.35,0.22,0.18,0.26,0.45,0.6,0.47
GWETTOP,2024,-2.5,36.25,0.64,0.52,0.49,0.6,0.54,0.44,0.38,0.27,0.2,0.25,0.41,0.55,0.44
GWETTOP,2024,-2.5,36.875,0.71,0.6,0.58,0.69,0.68,0.54,0.38,0.28,0.24,0.27,0.55,0.75,0.52
GWETTOP,2024,-2.5,37.5,0.76,0.64,0.66,0.76,0.71,0.56,0.46,0.33,0.29,0.31,0.59,0.76,0.57
GWETTOP,2024,-2.5,38.125,0.67,0.6,0.62,0.64,0.58,0.49,0.44,0.36,0.3,0.27,0.52,0.59,0.51
GWETTOP,2024,-2.5,38.75,0.62,0.57,0.62,0.65,0.57,0.48,0.44,0.4,0.36,0.34,0.55,0.59,0.52
GWETTOP,2024,-2.5,39.375,0.71,0.65,0.68,0.73,0.7,0.62,0.58,0.49,0.41,0.4,0.6,0.64,0.6
GWETTOP,2024,-2.5,40.0,0.51,0.43,0.45,0.54,0.51,0.44,0.42,0.38,0.33,0.33,0.44,0.43,0.43
GWETTOP,2024,-2.5,40.625,0.63,0.53,0.53,0.62,0.67,0.62,0.57,0.53,0.5,0.5,0.55,0.54,0.57
GWETTOP,2024,-2.5,41.25,1.0,1.0,1.0,1.0,1.0,1.0,1.0,1.0,1.0,1.0,1.0,1.0,1.0
GWETTOP,2024,-2.5,41.875,1.0,1.0,1.0,1.0,1.0,1.0,1.0,1.0,1.0,1.0,1.0,1.0,1.0
GWETTOP,2024,-3.0,34.375,0.71,0.61,0.54,0.55,0.5,0.38,0.23,0.21,0.21,0.34,0.51,0.73,0.46
GWETTOP,2024,-3.0,35.0,0.87,0.79,0.7,0.66,0.65,0.51,0.39,0.25,0.2,0.33,0.49,0.77,0.55
GWETTOP,2024,-3.0,35.625,0.94,0.89,0.88,0.91,0.9,0.81,0.69,0.54,0.46,0.38,0.57,0.78,0.73
GWETTOP,2024,-3.0,36.25,0.78,0.68,0.64,0.71,0.67,0.55,0.4,0.24,0.18,0.24,0.53,0.79,0.53
GWETTOP,2024,-3.0,36.875,0.93,0.87,0.91,0.93,0.91,0.84,0.77,0.66,0.59,0.56,0.77,0.95,0.81
GWETTOP,2024,-3.0,37.5,0.9,0.83,0.85,0.88,0.86,0.76,0.66,0.53,0.47,0.42,0.61,0.87,0.72
GWETTOP,2024,-3.0,38.125,0.71,0.67,0.69,0.7,0.64,0.57,0.52,0.46,0.42,0.36,0.54,0.63,0.58
GWETTOP,2024,-3.0,38.75,0.63,0.6,0.66,0.66,0.58,0.51,0.48,0.42,0.37,0.35,0.57,0.64,0.54
GWETTOP,2024,-3.0,39.375,0.72,0.67,0.7,0.75,0.7,0.65,0.62,0.52,0.46,0.46,0.62,0.68,0.63
GWETTOP,2024,-3.0,40.0,0.51,0.45,0.47,0.56,0.51,0.45,0.42,0.38,0.36,0.35,0.44,0.46,0.45
GWETTOP,2024,-3.0,40.625,0.81,0.78,0.78,0.82,0.82,0.79,0.78,0.76,0.76,0.76,0.78,0.79,0.79
GWETTOP,2024,-3.0,41.25,1.0,1.0,1.0,1.0,1.0,1.0,1.0,1.0,1.0,1.0,1.0,1.0,1.0
GWETTOP,2024,-3.0,41.875,1.0,1.0,1.0,1.0,1.0,1.0,1.0,1.0,1.0,1.0,1.0,1.0,1.0
GWETTOP,2024,-3.5,34.375,0.73,0.7,0.61,0.57,0.51,0.36,0.2,0.16,0.16,0.34,0.53,0.73,0.47
GWETTOP,2024,-3.5,35.0,0.8,0.76,0.7,0.67,0.63,0.49,0.38,0.29,0.21,0.3,0.47,0.7,0.53
GWETTOP,2024,-3.5,35.625,0.78,0.71,0.66,0.71,0.68,0.57,0.51,0.45,0.34,0.27,0.48,0.64,0.57
GWETTOP,2024,-3.5,36.25,0.74,0.63,0.59,0.65,0.59,0.5,0.37,0.23,0.17,0.18,0.45,0.71,0.48
GWETTOP,2024,-3.5,36.875,0.85,0.77,0.77,0.8,0.76,0.63,0.51,0.43,0.26,0.25,0.5,0.81,0.61
GWETTOP,2024,-3.5,37.5,0.67,0.56,0.55,0.59,0.54,0.49,0.45,0.34,0.24,0.22,0.43,0.61,0.47
GWETTOP,2024,-3.5,38.125,0.67,0.64,0.67,0.68,0.63,0.55,0.51,0.46,0.4,0.35,0.54,0.62,0.56
GWETTOP,2024,-3.5,38.75,0.75,0.71,0.74,0.76,0.72,0.66,0.62,0.57,0.52,0.48,0.6,0.66,0.65
GWETTOP,2024,-3.5,39.375,0.74,0.69,0.71,0.77,0.74,0.69,0.66,0.58,0.52,0.51,0.62,0.68,0.66
GWETTOP,2024,-3.5,40.0,0.67,0.63,0.66,0.72,0.68,0.62,0.58,0.54,0.51,0.51,0.6,0.64,0.61
GWETTOP,2024,-3.5,40.625,0.94,0.93,0.93,0.94,0.94,0.93,0.93,0.92,0.92,0.92,0.93,0.93,0.93
GWETTOP,2024,-3.5,41.25,1.0,1.0,1.0,1.0,1.0,1.0,1.0,1.0,1.0,1.0,1.0,1.0,1.0
GWETTOP,2024,-3.5,41.875,1.0,1.0,1.0,1.0,1.0,1.0,1.0,1.0,1.0,1.0,1.0,1.0,1.0
GWETTOP,2024,-4.0,34.375,0.71,0.71,0.65,0.64,0.54,0.43,0.31,0.23,0.2,0.35,0.5,0.68,0.5
GWETTOP,2024,-4.0,35.0,0.75,0.74,0.71,0.72,0.67,0.57,0.48,0.4,0.35,0.39,0.47,0.7,0.58
GWETTOP,2024,-4.0,35.625,0.69,0.65,0.63,0.67,0.61,0.54,0.51,0.46,0.37,0.31,0.42,0.59,0.54
GWETTOP,2024,-4.0,36.25,0.68,0.6,0.59,0.63,0.56,0.49,0.43,0.3,0.23,0.22,0.38,0.58,0.47
GWETTOP,2024,-4.0,36.875,0.65,0.57,0.61,0.62,0.55,0.49,0.43,0.32,0.25,0.23,0.4,0.57,0.47
GWETTOP,2024,-4.0,37.5,0.66,0.6,0.64,0.66,0.61,0.54,0.51,0.43,0.35,0.3,0.47,0.6,0.53
GWETTOP,2024,-4.0,38.125,0.64,0.59,0.68,0.7,0.62,0.55,0.52,0.43,0.37,0.34,0.58,0.65,0.56
GWETTOP,2024,-4.0,38.75,0.65,0.62,0.69,0.74,0.66,0.58,0.55,0.51,0.46,0.42,0.59,0.63,0.59
GWETTOP,2024,-4.0,39.375,0.65,0.57,0.6,0.7,0.67,0.61,0.57,0.48,0.44,0.43,0.53,0.56,0.57
GWETTOP,2024,-4.0,40.0,0.68,0.64,0.67,0.72,0.69,0.63,0.59,0.55,0.53,0.51,0.59,0.61,0.62
GWETTOP,2024,-4.0,40.625,1.0,1.0,1.0,1.0,1.0,1.0,1.0,1.0,1.0,1.0,1.0,1.0,1.0
GWETTOP,2024,-4.0,41.25,1.0,1.0,1.0,1.0,1.0,1.0,1.0,1.0,1.0,1.0,1.0,1.0,1.0
GWETTOP,2024,-4.0,41.875,1.0,1.0,1.0,1.0,1.0,1.0,1.0,1.0,1.0,1.0,1.0,1.0,1.0
GWETTOP,2024,-4.5,34.375,0.66,0.66,0.63,0.64,0.55,0.48,0.43,0.37,0.34,0.37,0.43,0.6,0.51
GWETTOP,2024,-4.5,35.0,0.7,0.68,0.65,0.71,0.61,0.54,0.48,0.42,0.37,0.4,0.42,0.65,0.55
GWETTOP,2024,-4.5,35.625,0.6,0.54,0.55,0.59,0.5,0.44,0.42,0.4,0.33,0.3,0.35,0.49,0.46
GWETTOP,2024,-4.5,36.25,0.66,0.6,0.61,0.66,0.57,0.51,0.47,0.4,0.33,0.31,0.4,0.56,0.51
GWETTOP,2024,-4.5,36.875,0.63,0.57,0.62,0.65,0.57,0.51,0.48,0.44,0.36,0.32,0.44,0.55,0.51
GWETTOP,2024,-4.5,37.5,0.66,0.61,0.66,0.69,0.63,0.57,0.53,0.49,0.42,0.37,0.47,0.6,0.56
GWETTOP,2024,-4.5,38.125,0.8,0.75,0.79,0.82,0.8,0.74,0.69,0.64,0.55,0.48,0.62,0.74,0.7
GWETTOP,2024,-4.5,38.75,0.77,0.72,0.76,0.8,0.77,0.7,0.66,0.58,0.5,0.46,0.59,0.7,0.67
GWETTOP,2024,-4.5,39.375,0.6,0.54,0.56,0.65,0.63,0.56,0.52,0.45,0.42,0.4,0.47,0.5,0.52
GWETTOP,2024,-4.5,40.0,0.96,0.96,0.96,0.97,0.97,0.96,0.96,0.95,0.95,0.95,0.95,0.96,0.96
GWETTOP,2024,-4.5,40.625,1.0,1.0,1.0,1.0,1.0,1.0,1.0,1.0,1.0,1.0,1.0,1.0,1.0
GWETTOP,2024,-4.5,41.25,1.0,1.0,1.0,1.0,1.0,1.0,1.0,1.0,1.0,1.0,1.0,1.0,1.0
GWETTOP,2024,-4.5,41.875,1.0,1.0,1.0,1.0,1.0,1.0,1.0,1.0,1.0,1.0,1.0,1.0,1.0
GWETTOP,2024,0.5,34.375,0.67,0.59,0.54,0.65,0.7,0.72,0.71,0.7,0.71,0.73,0.72,0.7,0.68
GWETTOP,2024,0.5,35.0,0.78,0.75,0.71,0.81,0.89,0.89,0.92,0.94,0.91,0.89,0.85,0.83,0.85
GWETTOP,2024,0.5,35.625,0.69,0.68,0.64,0.73,0.79,0.75,0.75,0.8,0.78,0.72,0.69,0.66,0.72
GWETTOP,2024,0.5,36.25,0.5,0.49,0.44,0.59,0.69,0.57,0.57,0.65,0.55,0.47,0.52,0.5,0.55
GWETTOP,2024,0.5,36.875,0.56,0.58,0.52,0.63,0.75,0.62,0.58,0.63,0.55,0.45,0.58,0.57,0.58
GWETTOP,2024,0.5,37.5,0.5,0.57,0.5,0.58,0.68,0.52,0.47,0.47,0.39,0.32,0.47,0.47,0.49
GWETTOP,2024,0.5,38.125,0.4,0.47,0.4,0.48,0.46,0.36,0.32,0.31,0.22,0.19,0.41,0.4,0.37
GWETTOP,2024,0.5,38.75,0.39,0.43,0.37,0.44,0.39,0.33,0.26,0.25,0.19,0.15,0.38,0.37,0.33
GWETTOP,2024,0.5,39.375,0.42,0.41,0.34,0.5,0.42,0.33,0.25,0.23,0.2,0.15,0.36,0.34,0.33
GWETTOP,2024,0.5,40.0,0.46,0.39,0.31,0.53,0.45,0.35,0.28,0.24,0.2,0.16,0.34,0.32,0.34
GWETTOP,2024,0.5,40.625,0.41,0.33,0.24,0.51,0.44,0.35,0.3,0.27,0.21,0.18,0.33,0.3,0.32
GWETTOP,2024,0.5,41.25,0.45,0.38,0.33,0.52,0.46,0.39,0.36,0.34,0.29,0.25,0.36,0.3,0.37
GWETTOP,2024,0.5,41.875,0.46,0.37,0.3,0.57,0.55,0.46,0.41,0.37,0.31,0.26,0.4,0.31,0.4
GWETTOP,2024,1.0,34.375,0.78,0.72,0.69,0.75,0.76,0.78,0.78,0.77,0.78,0.78,0.78,0.75,0.76
GWETTOP,2024,1.0,35.0,0.74,0.73,0.72,0.81,0.89,0.87,0.91,0.95,0.9,0.88,0.84,0.8,0.84
GWETTOP,2024,1.0,35.625,0.38,0.39,0.33,0.47,0.52,0.42,0.42,0.49,0.42,0.37,0.36,0.36,0.41
GWETTOP,2024,1.0,36.25,0.4,0.42,0.39,0.56,0.6,0.48,0.47,0.57,0.47,0.36,0.41,0.38,0.46
GWETTOP,2024,1.0,36.875,0.4,0.43,0.39,0.48,0.5,0.38,0.39,0.45,0.39,0.34,0.38,0.36,0.41
GWETTOP,2024,1.0,37.5,0.41,0.47,0.4,0.47,0.52,0.38,0.35,0.35,0.27,0.21,0.38,0.38,0.38
GWETTOP,2024,1.0,38.125,0.36,0.39,0.34,0.39,0.39,0.32,0.27,0.26,0.16,0.14,0.37,0.35,0.31
GWETTOP,2024,1.0,38.75,0.4,0.41,0.35,0.4,0.37,0.3,0.24,0.23,0.18,0.14,0.36,0.33,0.31
GWETTOP,2024,1.0,39.375,0.41,0.4,0.33,0.45,0.41,0.3,0.2,0.22,0.2,0.15,0.37,0.32,0.31
GWETTOP,2024,1.0,40.0,0.39,0.34,0.23,0.47,0.44,0.34,0.24,0.22,0.21,0.16,0.33,0.29,0.3
GWETTOP,2024,1.0,40.625,0.41,0.29,0.19,0.5,0.47,0.37,0.29,0.25,0.21,0.17,0.33,0.29,0.31
GWETTOP,2024,1.0,41.25,0.48,0.36,0.26,0.56,0.54,0.44,0.36,0.31,0.25,0.21,0.37,0.32,0.37
GWETTOP,2024,1.0,41.875,0.41,0.28,0.21,0.52,0.52,0.43,0.36,0.32,0.27,0.22,0.37,0.31,0.35
GWETTOP,2024,1.5,34.375,0.53,0.49,0.48,0.58,0.6,0.62,0.63,0.64,0.66,0.68,0.65,0.58,0.6
GWETTOP,2024,1.5,35.0,0.47,0.48,0.48,0.65,0.71,0.67,0.71,0.83,0.79,0.73,0.66,0.58,0.65
GWETTOP,2024,1.5,35.625,0.34,0.36,0.34,0.48,0.49,0.38,0.38,0.45,0.38,0.31,0.35,0.32,0.38
GWETTOP,2024,1.5,36.25,0.33,0.36,0.31,0.46,0.48,0.38,0.36,0.43,0.34,0.25,0.34,0.29,0.36
GWETTOP,2024,1.5,36.875,0.39,0.4,0.36,0.41,0.47,0.36,0.34,0.34,0.24,0.18,0.35,0.34,0.35
GWETTOP,2024,1.5,37.5,0.38,0.39,0.35,0.4,0.45,0.34,0.31,0.3,0.2,0.17,0.35,0.33,0.33
GWETTOP,2024,1.5,38.125,0.37,0.38,0.31,0.4,0.39,0.32,0.28,0.26,0.2,0.17,0.36,0.3,0.31
GWETTOP,2024,1.5,38.75,0.44,0.45,0.32,0.48,0.47,0.33,0.28,0.29,0.24,0.2,0.43,0.33,0.35
GWETTOP,2024,1.5,39.375,0.38,0.34,0.2,0.44,0.44,0.33,0.25,0.22,0.22,0.17,0.37,0.32,0.31
GWETTOP,2024,1.5,40.0,0.37,0.31,0.18,0.44,0.44,0.33,0.22,0.22,0.22,0.17,0.38,0.31,0.3
GWETTOP,2024,1.5,40.625,0.4,0.24,0.17,0.53,0.53,0.4,0.28,0.27,0.23,0.2,0.43,0.37,0.34
GWETTOP,2024,1.5,41.25,0.37,0.25,0.16,0.46,0.48,0.37,0.32,0.27,0.21,0.18,0.35,0.33,0.31
GWETTOP,2024,1.5,41.875,0.37,0.18,0.15,0.5,0.5,0.42,0.32,0.29,0.26,0.2,0.41,0.37,0.33
GWETTOP,2024,2.0,34.375,0.42,0.4,0.37,0.52,0.53,0.55,0.55,0.56,0.54,0.57,0.53,0.49,0.5
GWETTOP,2024,2.0,35.0,0.42,0.42,0.41,0.53,0.56,0.51,0.53,0.63,0.56,0.5,0.47,0.42,0.5
GWETTOP,2024,2.0,35.625,0.28,0.32,0.3,0.41,0.4,0.34,0.32,0.37,0.31,0.2,0.3,0.26,0.32
GWETTOP,2024,2.0,36.25,0.3,0.35,0.29,0.42,0.42,0.3,0.28,0.35,0.24,0.18,0.3,0.25,0.31
GWETTOP,2024,2.0,36.875,0.4,0.41,0.37,0.43,0.46,0.36,0.31,0.32,0.23,0.2,0.36,0.34,0.35
GWETTOP,2024,2.0,37.5,0.39,0.4,0.35,0.42,0.45,0.35,0.27,0.27,0.19,0.17,0.35,0.33,0.33
GWETTOP,2024,2.0,38.125,0.42,0.4,0.32,0.47,0.49,0.38,0.31,0.28,0.21,0.18,0.4,0.33,0.35
GWETTOP,2024,2.0,38.75,0.41,0.4,0.31,0.47,0.48,0.37,0.32,0.29,0.23,0.19,0.4,0.32,0.35
GWETTOP,2024,2.0,39.375,0.39,0.33,0.22,0.49,0.5,0.37,0.3,0.24,0.23,0.19,0.36,0.32,0.33
GWETTOP,2024,2.0,40.0,0.4,0.32,0.21,0.52,0.55,0.4,0.31,0.26,0.24,0.19,0.4,0.36,0.35
GWETTOP,2024,2.0,40.625,0.45,0.24,0.22,0.7,0.67,0.45,0.28,0.34,0.29,0.26,0.57,0.52,0.42
GWETTOP,2024,2.0,41.25,0.44,0.26,0.19,0.58,0.53,0.4,0.29,0.29,0.25,0.22,0.44,0.41,0.36
GWETTOP,2024,2.0,41.875,0.42,0.21,0.18,0.61,0.6,0.47,0.32,0.36,0.3,0.24,0.6,0.54,0.4
GWETTOP,2024,2.5,34.375,0.34,0.36,0.31,0.49,0.52,0.5,0.51,0.56,0.49,0.51,0.46,0.41,0.46
GWETTOP,2024,2.5,35.0,0.38,0.44,0.42,0.52,0.58,0.48,0.49,0.55,0.48,0.43,0.42,0.39,0.47
GWETTOP,2024,2.5,35.625,0.29,0.36,0.35,0.43,0.43,0.35,0.33,0.35,0.28,0.18,0.29,0.26,0.32
GWETTOP,2024,2.5,36.25,0.3,0.38,0.33,0.4,0.39,0.26,0.24,0.29,0.18,0.17,0.3,0.27,0.29
GWETTOP,2024,2.5,36.875,0.37,0.43,0.39,0.44,0.44,0.35,0.3,0.27,0.19,0.19,0.36,0.35,0.34
GWETTOP,2024,2.5,37.5,0.34,0.38,0.32,0.44,0.45,0.31,0.2,0.24,0.18,0.18,0.38,0.36,0.31
GWETTOP,2024,2.5,38.125,0.36,0.36,0.3,0.46,0.5,0.37,0.28,0.26,0.2,0.19,0.4,0.35,0.34
GWETTOP,2024,2.5,38.75,0.33,0.34,0.27,0.47,0.51,0.38,0.29,0.25,0.2,0.19,0.39,0.33,0.33
GWETTOP,2024,2.5,39.375,0.35,0.31,0.22,0.48,0.57,0.39,0.33,0.25,0.22,0.21,0.37,0.3,0.33
GWETTOP,2024,2.5,40.0,0.38,0.32,0.24,0.53,0.62,0.43,0.33,0.29,0.24,0.23,0.4,0.33,0.36
GWETTOP,2024,2.5,40.625,0.46,0.29,0.24,0.65,0.68,0.48,0.3,0.29,0.26,0.26,0.49,0.38,0.4
GWETTOP,2024,2.5,41.25,0.33,0.22,0.18,0.48,0.46,0.29,0.21,0.22,0.18,0.19,0.33,0.22,0.28
GWETTOP,2024,2.5,41.875,0.46,0.27,0.21,0.46,0.47,0.34,0.26,0.27,0.22,0.21,0.48,0.36,0.33
GWETTOP,2024,3.0,34.375,0.36,0.4,0.41,0.52,0.59,0.61,0.61,0.64,0.6,0.6,0.53,0.48,0.53
GWETTOP,2024,3.0,35.0,0.34,0.37,0.41,0.49,0.57,0.44,0.44,0.51,0.4,0.38,0.38,0.38,0.43
GWETTOP,2024,3.0,35.625,0.29,0.34,0.36,0.39,0.39,0.3,0.22,0.25,0.15,0.16,0.3,0.33,0.29
GWETTOP,2024,3.0,36.25,0.28,0.33,0.35,0.39,0.39,0.28,0.22,0.25,0.16,0.17,0.3,0.33,0.29
GWETTOP,2024,3.0,36.875,0.26,0.3,0.3,0.37,0.39,0.31,0.19,0.2,0.15,0.16,0.32,0.35,0.27
GWETTOP,2024,3.0,37.5,0.19,0.25,0.21,0.4,0.4,0.26,0.15,0.18,0.14,0.16,0.35,0.33,0.25
GWETTOP,2024,3.0,38.125,0.3,0.29,0.25,0.43,0.5,0.38,0.3,0.24,0.18,0.21,0.38,0.35,0.32
GWETTOP,2024,3.0,38.75,0.3,0.31,0.26,0.47,0.56,0.41,0.3,0.25,0.21,0.24,0.42,0.34,0.34
GWETTOP,2024,3.0,39.375,0.31,0.29,0.23,0.44,0.55,0.38,0.33,0.26,0.22,0.24,0.36,0.28,0.32
GWETTOP,2024,3.0,40.0,0.35,0.3,0.24,0.49,0.61,0.42,0.34,0.29,0.24,0.27,0.37,0.27,0.35
GWETTOP,2024,3.0,40.625,0.37,0.26,0.23,0.57,0.64,0.44,0.29,0.25,0.23,0.25,0.36,0.24,0.34
GWETTOP,2024,3.0,41.25,0.3,0.22,0.19,0.49,0.51,0.34,0.24,0.23,0.19,0.21,0.32,0.22,0.29
GWETTOP,2024,3.0,41.875,0.45,0.31,0.24,0.45,0.48,0.34,0.28,0.25,0.2,0.2,0.4,0.31,0.33
GWETTOP,2024,3.5,34.375,0.35,0.37,0.38,0.46,0.55,0.53,0.57,0.69,0.57,0.54,0.48,0.42,0.49
GWETTOP,2024,3.5,35.0,0.35,0.39,0.49,0.55,0.6,0.44,0.42,0.5,0.4,0.36,0.38,0.39,0.44
GWETTOP,2024,3.5,35.625,0.32,0.32,0.42,0.54,0.54,0.38,0.32,0.26,0.16,0.2,0.31,0.35,0.34
GWETTOP,2024,3.5,36.25,0.32,0.31,0.41,0.51,0.51,0.37,0.28,0.23,0.16,0.2,0.31,0.35,0.33
GWETTOP,2024,3.5,36.875,0.31,0.3,0.3,0.42,0.51,0.37,0.32,0.23,0.18,0.21,0.34,0.39,0.32
GWETTOP,2024,3.5,37.5,0.29,0.3,0.33,0.48,0.54,0.38,0.27,0.25,0.2,0.24,0.37,0.4,0.34
GWETTOP,2024,3.5,38.125,0.35,0.33,0.32,0.44,0.57,0.41,0.35,0.31,0.23,0.26,0.36,0.36,0.36
GWETTOP,2024,3.5,38.75,0.33,0.33,0.31,0.47,0.58,0.4,0.35,0.34,0.29,0.32,0.37,0.3,0.37
GWETTOP,2024,3.5,39.375,0.39,0.37,0.33,0.51,0.6,0.43,0.39,0.35,0.32,0.35,0.4,0.29,0.39
GWETTOP,2024,3.5,40.0,0.36,0.32,0.28,0.52,0.6,0.42,0.33,0.29,0.25,0.3,0.36,0.23,0.35
GWETTOP,2024,3.5,40.625,0.39,0.27,0.27,0.68,0.72,0.53,0.29,0.27,0.26,0.31,0.4,0.24,0.39
GWETTOP,2024,3.5,41.25,0.38,0.24,0.21,0.54,0.57,0.4,0.26,0.23,0.21,0.24,0.29,0.2,0.31
GWETTOP,2024,3.5,41.875,0.38,0.24,0.18,0.44,0.44,0.28,0.21,0.19,0.15,0.18,0.3,0.2,0.27
GWETTOP,2024,4.0,34.375,0.37,0.41,0.43,0.54,0.56,0.51,0.52,0.7,0.59,0.54,0.52,0.43,0.51
GWETTOP,2024,4.0,35.0,0.4,0.46,0.59,0.65,0.66,0.51,0.43,0.52,0.44,0.39,0.42,0.4,0.49
GWETTOP,2024,4.0,35.625,0.39,0.44,0.56,0.69,0.69,0.48,0.38,0.34,0.25,0.25,0.36,0.39,0.43
GWETTOP,2024,4.0,36.25,0.34,0.37,0.47,0.62,0.61,0.41,0.33,0.26,0.18,0.23,0.32,0.35,0.37
GWETTOP,2024,4.0,36.875,0.33,0.36,0.38,0.53,0.6,0.41,0.34,0.27,0.17,0.25,0.32,0.34,0.36
GWETTOP,2024,4.0,37.5,0.33,0.36,0.39,0.54,0.62,0.43,0.35,0.3,0.2,0.29,0.34,0.35,0.38
GWETTOP,2024,4.0,38.125,0.42,0.46,0.45,0.61,0.67,0.49,0.43,0.39,0.33,0.42,0.44,0.33,0.45
GWETTOP,2024,4.0,38.75,0.59,0.57,0.6,0.72,0.79,0.64,0.57,0.49,0.39,0.52,0.57,0.38,0.57
GWETTOP,2024,4.0,39.375,0.6,0.54,0.5,0.7,0.7,0.57,0.41,0.38,0.35,0.47,0.55,0.33,0.51
GWETTOP,2024,4.0,40.0,0.44,0.34,0.3,0.65,0.68,0.49,0.38,0.31,0.28,0.36,0.4,0.22,0.4
GWETTOP,2024,4.0,40.625,0.46,0.3,0.29,0.72,0.74,0.54,0.33,0.29,0.27,0.35,0.42,0.25,0.41
GWETTOP,2024,4.0,41.25,0.4,0.29,0.21,0.55,0.57,0.39,0.3,0.22,0.18,0.25,0.32,0.19,0.32
GWETTOP,2024,4.0,41.875,0.41,0.31,0.19,0.46,0.49,0.35,0.28,0.21,0.16,0.21,0.31,0.2,0.3
GWETTOP,2024,4.5,34.375,0.34,0.45,0.42,0.67,0.57,0.42,0.5,0.65,0.5,0.52,0.52,0.38,0.49
GWETTOP,2024,4.5,35.0,0.44,0.51,0.61,0.72,0.69,0.52,0.44,0.49,0.42,0.4,0.44,0.38,0.5
GWETTOP,2024,4.5,35.625,0.42,0.54,0.64,0.77,0.75,0.53,0.4,0.37,0.31,0.29,0.37,0.38,0.48
GWETTOP,2024,4.5,36.25,0.37,0.44,0.52,0.68,0.69,0.47,0.36,0.3,0.21,0.27,0.35,0.38,0.42
GWETTOP,2024,4.5,36.875,0.36,0.43,0.47,0.63,0.7,0.5,0.39,0.34,0.24,0.29,0.33,0.34,0.42
GWETTOP,2024,4.5,37.5,0.44,0.5,0.57,0.72,0.78,0.61,0.5,0.39,0.28,0.43,0.46,0.39,0.51
GWETTOP,2024,4.5,38.125,0.59,0.6,0.62,0.74,0.8,0.65,0.57,0.46,0.36,0.53,0.58,0.38,0.57
GWETTOP,2024,4.5,38.75,0.57,0.58,0.56,0.72,0.77,0.63,0.5,0.45,0.35,0.5,0.56,0.36,0.55
GWETTOP,2024,4.5,39.375,0.51,0.43,0.38,0.66,0.69,0.53,0.42,0.35,0.29,0.41,0.48,0.28,0.45
GWETTOP,2024,4.5,40.0,0.45,0.36,0.32,0.59,0.61,0.45,0.37,0.3,0.25,0.35,0.42,0.27,0.39
GWETTOP,2024,4.5,40.625,0.46,0.35,0.25,0.59,0.67,0.45,0.37,0.27,0.23,0.32,0.39,0.25,0.38
GWETTOP,2024,4.5,41.25,0.47,0.34,0.25,0.55,0.67,0.46,0.35,0.31,0.23,0.28,0.35,0.28,0.38
GWETTOP,2024,4.5,41.875,0.41,0.29,0.16,0.48,0.53,0.38,0.29,0.2,0.16,0.23,0.35,0.21,0.31
