PARAMETER,YEAR,LAT,LON,JAN,FEB,MAR,APR,MAY,JUN,JUL,AUG,SEP,OCT,NOV,DEC,ANN
T2M,1984,-0.5,34.375,23.79,25.91,27.08,25.07,23.48,23.26,22.98,23.03,23.37,23.92,23.79,23.66,24.1
T2M,1984,-0.5,35.0,20.73,22.57,24.39,22.68,20.98,20.14,19.52,19.53,20.06,20.29,20.5,20.43,20.98
T2M,1984,-0.5,35.625,15.0,16.01,17.39,17.15,15.84,14.72,14.28,14.66,14.97,14.71,15.02,14.78,15.37
T2M,1984,-0.5,36.25,16.01,16.75,17.33,17.27,15.65,14.71,14.35,14.82,15.29,15.08,15.16,14.87,15.6
T2M,1984,-0.5,36.875,16.5,17.3,17.44,17.43,15.86,15.15,14.8,15.25,16.02,15.57,15.26,14.73,15.93
T2M,1984,-0.5,37.5,20.17,20.92,21.79,21.54,20.07,19.06,18.42,19.0,19.89,19.56,18.97,18.51,19.82
T2M,1984,-0.5,38.125,24.4,25.18,26.54,25.71,24.85,23.75,22.7,23.22,24.13,23.53,22.7,22.87,24.13
T2M,1984,-0.5,38.75,27.01,27.5,28.9,27.7,26.45,25.15,24.08,24.55,25.59,25.38,24.71,25.35,26.03
T2M,1984,-0.5,39.375,28.98,29.02,30.18,28.95,27.06,25.64,24.82,25.22,26.48,26.76,26.55,27.72,27.28
T2M,1984,-0.5,40.0,29.54,29.54,30.44,29.49,27.49,25.92,25.17,25.57,26.95,27.39,27.08,28.22,27.73
T2M,1984,-0.5,40.625,29.74,29.62,30.17,30.01,27.93,25.74,25.31,25.84,27.29,27.93,26.89,28.4,27.9
T2M,1984,-0.5,41.25,29.62,29.52,29.86,30.0,28.15,25.96,25.58,25.91,27.16,27.95,27.03,28.43,27.93
T2M,1984,-0.5,41.875,28.83,28.65,29.03,29.72,28.2,26.26,25.66,25.62,26.62,27.65,27.48,28.03,27.64
T2M,1984,-1.0,34.375,21.91,23.7,25.95,23.85,22.71,22.48,21.9,21.97,22.39,22.81,22.7,22.2,22.88
T2M,1984,-1.0,35.0,19.58,21.17,22.75,21.02,19.38,18.5,18.06,18.27,19.14,19.01,19.31,19.45,19.63
T2M,1984,-1.0,35.625,18.95,20.38,20.67,19.58,17.79,16.7,16.32,16.7,17.85,17.47,17.53,17.91,18.14
T2M,1984,-1.0,36.25,17.56,18.79,18.75,18.65,16.78,15.77,15.24,15.79,16.92,16.62,16.38,16.36,16.96
T2M,1984,-1.0,36.875,17.99,19.01,19.87,19.78,18.08,17.44,17.09,17.75,18.9,17.98,17.17,16.48,18.12
T2M,1984,-1.0,37.5,21.29,22.04,23.35,22.97,21.33,20.3,19.56,20.18,21.49,21.08,20.41,19.94,21.16
T2M,1984,-1.0,38.125,23.72,24.48,25.4,24.54,23.53,22.31,21.24,21.7,22.91,22.42,22.06,22.24,23.04
T2M,1984,-1.0,38.75,27.2,27.79,28.87,27.4,26.16,24.9,23.86,24.35,25.51,25.09,24.75,25.4,25.93
T2M,1984,-1.0,39.375,29.28,29.33,30.27,28.7,26.93,25.51,24.72,25.15,26.38,26.36,26.43,27.66,27.22
T2M,1984,-1.0,40.0,29.8,29.89,30.61,29.33,27.41,25.9,25.19,25.58,26.85,27.1,26.87,28.05,27.71
T2M,1984,-1.0,40.625,29.61,29.53,30.0,29.65,27.63,25.52,25.07,25.55,26.9,27.59,26.68,27.97,27.64
T2M,1984,-1.0,41.25,29.08,28.98,29.45,29.46,27.7,25.63,25.18,25.49,26.61,27.45,26.81,27.73,27.46
T2M,1984,-1.0,41.875,27.47,27.3,27.99,28.78,27.57,25.89,25.19,24.93,25.66,26.72,27.09,27.16,26.81
T2M,1984,-1.5,34.375,22.03,24.32,26.27,24.04,22.52,23.12,22.37,22.27,23.31,23.46,23.24,22.32,23.27
T2M,1984,-1.5,35.0,20.6,22.55,23.59,21.83,19.87,19.71,19.55,20.02,21.14,20.52,20.35,20.14,20.81
T2M,1984,-1.5,35.625,18.23,19.65,19.98,19.18,17.28,16.26,16.08,16.84,18.21,17.51,17.51,17.32,17.83
T2M,1984,-1.5,36.25,22.01,23.62,23.9,23.28,21.28,20.57,20.05,20.87,22.12,21.54,21.09,20.99,21.77
T2M,1984,-1.5,36.875,19.06,20.85,21.26,21.04,19.08,18.72,18.25,18.85,19.96,19.17,18.63,18.23,19.42
T2M,1984,-1.5,37.5,20.62,21.68,22.54,22.2,20.38,19.42,18.83,19.33,20.55,20.23,19.75,19.25,20.39
T2M,1984,-1.5,38.125,23.73,24.45,25.45,24.81,23.53,22.26,21.32,21.78,22.98,22.79,22.41,22.16,23.13
T2M,1984,-1.5,38.75,27.22,27.81,28.68,27.3,25.89,24.68,23.67,24.2,25.37,25.0,25.0,25.52,25.85
T2M,1984,-1.5,39.375,29.16,29.4,30.03,28.38,26.62,25.24,24.45,24.94,26.09,25.96,26.06,27.11,26.95
T2M,1984,-1.5,40.0,30.05,30.04,30.58,29.18,27.16,25.5,24.99,25.37,26.55,26.78,26.49,27.77,27.53
T2M,1984,-1.5,40.625,29.57,29.54,30.01,29.44,27.5,25.5,24.97,25.39,26.54,27.4,26.79,27.57,27.51
T2M,1984,-1.5,41.25,28.6,28.49,29.16,29.08,27.47,25.66,25.1,25.26,26.23,27.15,26.66,27.11,27.16
T2M,1984,-1.5,41.875,26.32,26.24,27.15,27.98,27.04,25.68,24.89,24.34,24.82,25.9,26.85,26.59,26.15
T2M,1984,-1.7975103014118005e-13,34.375,22.86,24.32,25.82,24.1,22.68,21.81,21.6,22.03,22.38,22.93,22.96,22.58,23.0
T2M,1984,-1.7975103014118005e-13,35.0,20.3,21.49,23.33,22.78,20.9,19.76,19.4,19.73,19.98,20.36,20.39,20.05,20.7
T2M,1984,-1.7975103014118005e-13,35.625,14.48,14.99,17.22,17.82,16.53,15.45,15.04,15.29,15.36,15.21,15.38,14.8,15.63
T2M,1984,-1.7975103014118005e-13,36.25,17.91,18.58,20.08,20.45,19.35,18.36,17.67,17.63,17.97,17.91,17.75,17.19,18.4
T2M,1984,-1.7975103014118005e-13,36.875,17.27,17.98,18.81,19.09,17.94,17.31,16.96,17.37,17.8,17.32,16.53,15.76,17.51
T2M,1984,-1.7975103014118005e-13,37.5,16.78,17.37,18.25,18.47,17.29,16.66,16.34,16.74,17.09,16.72,16.13,15.57,16.95
T2M,1984,-1.7975103014118005e-13,38.125,24.9,25.49,27.01,26.49,25.62,24.71,23.67,24.19,24.87,24.14,23.07,23.32,24.79
T2M,1984,-1.7975103014118005e-13,38.75,27.51,27.85,29.51,28.63,27.2,26.04,24.98,25.4,26.44,26.24,25.44,26.14,26.78
T2M,1984,-1.7975103014118005e-13,39.375,29.05,29.07,30.36,29.48,27.47,26.1,25.27,25.63,26.95,27.38,27.24,28.08,27.67
T2M,1984,-1.7975103014118005e-13,40.0,29.55,29.49,30.52,29.96,27.89,26.28,25.53,25.92,27.4,27.95,27.69,28.65,28.06
T2M,1984,-1.7975103014118005e-13,40.625,29.88,29.7,30.42,30.27,28.25,26.35,25.82,26.21,27.74,28.34,27.63,28.84,28.28
T2M,1984,-1.7975103014118005e-13,41.25,29.99,29.79,30.23,30.33,28.42,26.59,26.08,26.26,27.63,28.34,27.66,28.98,28.35
T2M,1984,-1.7975103014118005e-13,41.875,29.66,29.47,29.72,30.15,28.45,26.73,26.09,25.96,27.27,28.18,27.8,28.57,28.17
T2M,1984,-2.0,34.375,22.24,24.79,26.32,24.22,22.48,23.08,22.75,23.07,24.55,24.2,23.67,22.53,23.65
T2M,1984,-2.0,35.0,20.54,22.64,23.31,21.84,19.82,19.61,19.63,20.59,21.86,20.98,20.55,20.12,20.95
T2M,1984,-2.0,35.625,18.43,19.93,20.3,19.64,17.63,16.55,16.32,17.48,18.64,18.19,18.24,17.89,18.26
T2M,1984,-2.0,36.25,24.3,26.05,26.33,25.82,24.0,23.2,22.74,23.68,24.55,24.19,24.07,23.95,24.4
T2M,1984,-2.0,36.875,19.82,22.1,21.82,21.61,19.67,19.15,18.73,19.13,20.28,19.71,19.53,19.24,20.05
T2M,1984,-2.0,37.5,21.23,22.61,23.23,22.86,21.03,20.16,19.56,20.02,21.19,20.84,20.66,20.36,21.14
T2M,1984,-2.0,38.125,24.27,24.93,25.78,25.21,23.71,22.43,21.69,22.11,23.24,23.06,22.95,22.77,23.51
T2M,1984,-2.0,38.75,27.26,28.03,28.53,27.24,25.54,24.29,23.39,23.94,25.1,24.86,24.91,25.38,25.7
T2M,1984,-2.0,39.375,28.94,29.29,29.68,28.2,26.2,24.69,24.02,24.66,25.77,25.77,25.8,26.59,26.63
T2M,1984,-2.0,40.0,29.8,29.9,30.12,28.88,26.93,25.23,24.77,25.18,26.14,26.44,26.22,27.08,27.22
T2M,1984,-2.0,40.625,29.07,29.08,29.56,29.0,27.24,25.5,24.84,25.1,25.92,26.88,26.71,27.12,27.16
T2M,1984,-2.0,41.25,26.92,26.99,28.04,28.35,27.23,25.97,25.0,24.66,25.22,26.32,27.01,27.01,26.56
T2M,1984,-2.0,41.875,25.72,25.8,26.82,27.66,26.88,25.66,24.8,24.14,24.47,25.54,26.75,26.38,25.88
T2M,1984,-2.5,34.375,21.12,23.49,24.25,23.38,21.56,21.7,21.98,22.47,24.08,23.81,22.83,21.73,22.69
T2M,1984,-2.5,35.0,19.2,21.19,21.62,21.29,19.09,18.58,18.84,19.86,21.48,20.93,20.18,19.42,20.13
T2M,1984,-2.5,35.625,20.51,22.4,22.84,22.52,20.12,19.25,19.08,20.48,21.75,21.69,21.25,20.53,21.03
T2M,1984,-2.5,36.25,23.41,25.34,25.37,25.26,23.07,21.93,21.73,23.04,24.38,24.25,23.73,23.44,23.74
T2M,1984,-2.5,36.875,20.68,22.91,23.03,23.36,21.41,21.03,20.72,21.33,22.58,21.77,21.15,20.64,21.71
T2M,1984,-2.5,37.5,21.42,23.23,23.7,23.5,21.37,20.71,20.48,21.0,22.18,21.72,21.38,20.92,21.79
T2M,1984,-2.5,38.125,24.01,25.12,25.69,25.18,23.47,22.2,21.65,22.11,23.21,23.0,23.1,22.84,23.46
T2M,1984,-2.5,38.75,27.07,28.07,28.42,27.31,25.28,24.02,23.23,23.87,24.94,24.95,25.16,25.28,25.62
T2M,1984,-2.5,39.375,28.48,28.91,29.25,28.03,25.56,23.94,23.39,24.27,25.29,25.63,25.87,26.11,26.22
T2M,1984,-2.5,40.0,28.57,28.8,29.13,28.4,26.32,24.58,24.12,24.61,25.33,25.98,26.2,26.61,26.55
T2M,1984,-2.5,40.625,27.32,27.31,28.33,28.33,26.8,25.42,24.55,24.52,24.97,26.01,26.71,26.95,26.43
T2M,1984,-2.5,41.25,25.62,25.79,27.11,27.71,26.83,25.79,24.68,24.1,24.5,25.54,26.66,26.55,25.9
T2M,1984,-2.5,41.875,25.71,25.86,26.99,27.74,26.96,25.69,24.82,24.18,24.51,25.62,26.85,26.57,25.96
T2M,1984,-3.0,34.375,20.09,22.15,23.13,22.53,20.69,20.38,20.96,21.87,23.71,23.52,22.51,21.34,21.9
T2M,1984,-3.0,35.0,18.79,20.7,21.3,21.08,18.94,18.21,18.78,19.9,21.35,21.51,20.77,19.58,20.07
T2M,1984,-3.0,35.625,16.16,17.63,18.27,18.07,15.84,14.72,14.74,15.92,17.27,17.8,17.7,16.82,16.74
T2M,1984,-3.0,36.25,21.28,23.23,23.87,23.27,20.24,19.26,19.48,20.51,21.89,22.9,22.65,21.77,21.69
T2M,1984,-3.0,36.875,20.47,22.45,22.96,22.62,18.94,17.91,17.84,19.48,21.57,21.88,21.31,20.38,20.64
T2M,1984,-3.0,37.5,17.25,18.48,18.67,18.76,16.41,15.17,14.87,15.66,17.24,17.31,17.4,17.04,17.01
T2M,1984,-3.0,38.125,23.79,24.97,25.28,24.79,22.68,21.28,20.89,21.38,22.56,22.79,23.14,22.69,23.01
T2M,1984,-3.0,38.75,26.77,27.84,27.97,26.98,24.7,23.28,22.64,23.39,24.45,24.67,24.99,24.77,25.19
T2M,1984,-3.0,39.375,28.26,28.73,28.98,27.87,25.17,23.4,22.86,23.84,24.74,25.45,25.92,25.92,25.92
T2M,1984,-3.0,40.0,27.56,27.7,28.48,28.07,26.21,24.63,23.98,24.27,24.82,25.86,26.45,26.48,26.2
T2M,1984,-3.0,40.625,26.04,25.96,27.47,27.88,26.79,25.72,24.5,24.1,24.42,25.57,26.65,26.71,25.98
T2M,1984,-3.0,41.25,25.77,25.83,27.29,27.87,26.94,25.77,24.7,24.14,24.48,25.62,26.8,26.78,26.0
T2M,1984,-3.0,41.875,25.77,25.89,27.18,27.89,27.03,25.7,24.85,24.21,24.53,25.69,26.91,26.79,26.04
T2M,1984,-3.5,34.375,21.23,23.27,24.41,23.86,22.15,21.91,22.16,23.5,24.28,24.86,23.98,22.84,23.2
T2M,1984,-3.5,35.0,20.62,22.67,22.7,22.33,20.36,19.49,19.62,20.8,21.78,22.51,22.18,21.49,21.37
T2M,1984,-3.5,35.625,19.72,21.72,21.28,20.9,18.83,17.66,17.67,18.71,19.74,20.63,20.49,20.18,19.78
T2M,1984,-3.5,36.25,21.93,24.07,23.49,23.01,20.3,19.31,19.46,20.36,21.57,22.26,22.04,22.23,21.66
T2M,1984,-3.5,36.875,22.79,25.05,23.67,22.74,19.86,18.75,18.54,19.53,21.09,21.69,21.8,22.34,21.47
T2M,1984,-3.5,37.5,24.92,27.11,25.7,24.78,21.85,20.55,20.39,21.45,22.91,23.39,23.6,23.92,23.37
T2M,1984,-3.5,38.125,23.39,24.66,24.36,23.53,21.1,19.55,19.15,19.72,20.97,21.66,22.24,21.93,21.84
T2M,1984,-3.5,38.75,25.63,26.61,26.48,25.73,23.47,21.9,21.09,21.8,22.92,23.66,24.18,24.03,23.95
T2M,1984,-3.5,39.375,27.66,28.08,28.14,27.28,24.65,22.89,22.29,23.21,24.04,24.9,25.55,25.68,25.35
T2M,1984,-3.5,40.0,27.06,27.0,28.06,27.9,26.51,25.16,24.16,24.15,24.54,25.67,26.53,26.62,26.11
T2M,1984,-3.5,40.625,26.22,25.98,27.57,27.92,26.87,25.76,24.5,24.06,24.37,25.57,26.77,26.87,26.04
T2M,1984,-3.5,41.25,26.12,25.92,27.52,28.03,26.98,25.74,24.71,24.19,24.43,25.67,26.88,27.03,26.1
T2M,1984,-3.5,41.875,25.98,25.9,27.41,28.02,27.04,25.69,24.84,24.21,24.5,25.72,26.93,27.0,26.1
T2M,1984,-4.0,34.375,21.72,23.79,24.67,24.44,22.7,22.41,22.69,24.25,24.82,25.64,24.6,23.47,23.76
T2M,1984,-4.0,35.0,20.13,21.99,22.04,21.97,20.05,19.34,19.52,20.74,21.66,22.34,21.86,21.25,21.07
T2M,1984,-4.0,35.625,19.64,21.47,20.85,20.76,18.76,17.62,17.51,18.66,19.71,20.62,20.44,20.22,19.68
T2M,1984,-4.0,36.25,21.86,23.94,23.03,22.95,20.51,19.51,19.49,20.38,21.63,22.44,22.07,22.2,21.66
T2M,1984,-4.0,36.875,22.07,23.97,23.06,22.69,20.0,18.87,18.69,19.41,20.88,21.68,21.45,21.8,21.2
T2M,1984,-4.0,37.5,24.11,26.07,25.01,24.29,21.57,20.26,20.04,20.82,22.3,22.93,22.87,23.16,22.77
T2M,1984,-4.0,38.125,25.33,26.57,25.58,24.68,22.29,20.64,20.31,21.16,22.35,22.78,23.19,23.37,23.17
T2M,1984,-4.0,38.75,26.41,27.14,26.64,25.59,23.28,21.63,20.9,21.61,22.73,23.62,24.13,24.34,23.99
T2M,1984,-4.0,39.375,27.74,28.02,28.21,27.4,25.1,23.3,22.81,23.55,24.25,25.28,25.99,26.3,25.65
T2M,1984,-4.0,40.0,26.76,26.42,27.78,27.84,26.81,25.55,24.34,24.05,24.37,25.58,26.57,26.78,26.07
T2M,1984,-4.0,40.625,26.59,26.17,27.71,27.97,26.9,25.73,24.51,24.08,24.38,25.64,26.79,27.04,26.12
T2M,1984,-4.0,41.25,26.48,26.05,27.67,28.14,26.99,25.72,24.69,24.19,24.43,25.7,26.92,27.23,26.18
T2M,1984,-4.0,41.875,26.31,25.96,27.59,28.09,27.03,25.7,24.77,24.18,24.47,25.72,26.95,27.17,26.16
T2M,1984,-4.5,34.375,20.69,22.98,23.51,23.06,20.8,20.04,20.13,21.88,23.26,24.03,23.61,22.66,22.21
T2M,1984,-4.5,35.0,19.23,21.29,20.96,20.76,18.6,17.83,17.85,19.2,20.27,20.99,20.82,20.39,19.84
T2M,1984,-4.5,35.625,19.52,21.55,20.7,20.56,18.57,17.53,17.38,18.53,19.51,20.34,20.21,20.1,19.53
T2M,1984,-4.5,36.25,21.95,24.26,23.11,22.92,20.62,19.66,19.48,20.43,21.65,22.42,22.14,22.27,21.73
T2M,1984,-4.5,36.875,21.95,24.11,22.78,22.41,19.88,18.79,18.55,19.18,20.58,21.43,21.23,21.61,21.03
T2M,1984,-4.5,37.5,23.58,25.58,24.32,23.61,20.87,19.58,19.12,19.74,21.26,22.31,22.27,22.7,22.06
T2M,1984,-4.5,38.125,24.4,25.68,24.67,23.9,21.04,19.4,18.84,19.77,21.15,22.01,22.26,22.53,22.12
T2M,1984,-4.5,38.75,26.76,27.56,26.81,25.9,23.47,21.91,21.1,21.83,22.94,23.9,24.29,24.6,24.24
T2M,1984,-4.5,39.375,27.83,27.87,28.33,27.71,26.2,24.71,23.81,24.01,24.54,25.8,26.43,26.79,26.16
T2M,1984,-4.5,40.0,26.88,26.48,27.84,27.83,26.9,25.59,24.34,24.07,24.37,25.62,26.65,26.98,26.13
T2M,1984,-4.5,40.625,26.9,26.4,27.8,27.97,26.93,25.69,24.52,24.11,24.37,25.68,26.84,27.22,26.2
T2M,1984,-4.5,41.25,26.75,26.21,27.74,28.11,27.0,25.71,24.66,24.2,24.4,25.72,26.91,27.33,26.23
T2M,1984,-4.5,41.875,26.61,26.07,27.71,28.1,27.02,25.76,24.7,24.13,24.43,25.74,26.94,27.32,26.21
T2M,1984,0.5,34.375,21.3,23.13,25.09,23.43,21.77,20.41,20.3,20.74,21.04,21.54,21.53,21.66,21.82
T2M,1984,0.5,35.0,17.77,18.9,21.13,21.47,19.48,17.97,17.77,18.23,18.15,18.26,18.19,17.96,18.77
T2M,1984,0.5,35.625,18.56,19.44,21.18,21.87,20.17,18.53,18.32,18.45,18.56,18.45,18.26,18.3,19.17
T2M,1984,0.5,36.25,21.51,22.34,23.29,24.08,23.44,22.36,21.41,21.3,21.43,21.5,21.11,20.69,22.03
T2M,1984,0.5,36.875,18.78,19.4,20.55,21.11,20.62,20.1,19.13,19.19,19.54,19.33,18.42,17.83,19.5
T2M,1984,0.5,37.5,22.04,22.69,23.82,23.97,23.06,22.85,22.09,22.45,22.54,21.99,20.77,20.85,22.42
T2M,1984,0.5,38.125,24.8,25.26,26.93,26.57,25.27,24.36,23.28,23.71,24.62,24.11,22.87,23.38,24.59
T2M,1984,0.5,38.75,27.43,27.75,29.42,28.81,27.12,25.99,25.04,25.4,26.58,26.51,25.88,26.52,26.87
T2M,1984,0.5,39.375,29.24,29.2,30.46,29.84,27.75,26.48,25.71,26.02,27.45,27.73,27.57,28.27,27.97
T2M,1984,0.5,40.0,29.8,29.65,30.65,30.23,28.17,26.68,25.99,26.28,27.86,28.34,28.15,28.88,28.38
T2M,1984,0.5,40.625,30.06,29.84,30.66,30.58,28.64,27.07,26.4,26.59,28.12,28.79,28.51,29.22,28.7
T2M,1984,0.5,41.25,30.18,29.9,30.52,30.65,28.7,27.25,26.54,26.51,27.97,28.76,28.54,29.36,28.74
T2M,1984,0.5,41.875,30.02,29.75,30.17,30.48,28.63,27.25,26.47,26.14,27.67,28.56,28.46,29.15,28.56
T2M,1984,1.0,34.375,17.1,18.14,19.98,19.9,17.95,16.61,16.35,16.98,16.86,17.33,17.24,17.02,17.62
T2M,1984,1.0,35.0,15.92,17.21,19.15,19.74,17.67,16.27,16.03,16.32,16.21,16.19,16.13,15.83,16.89
T2M,1984,1.0,35.625,19.98,20.72,21.83,22.37,20.86,19.47,19.18,19.51,19.81,19.72,18.93,19.04,20.11
T2M,1984,1.0,36.25,23.57,24.28,25.2,25.75,25.32,24.49,23.76,23.88,24.05,23.83,22.83,22.59,24.13
T2M,1984,1.0,36.875,19.32,19.9,21.19,21.6,20.84,20.39,19.68,20.0,20.32,19.82,18.91,18.56,20.04
T2M,1984,1.0,37.5,23.32,23.99,25.34,25.33,24.24,23.74,22.83,23.28,23.85,23.22,21.99,22.33,23.62
T2M,1984,1.0,38.125,26.48,26.94,28.69,28.36,27.03,26.0,24.83,25.16,26.41,26.01,25.16,25.72,26.4
T2M,1984,1.0,38.75,28.6,28.76,30.32,29.82,28.09,27.01,26.08,26.41,27.71,27.65,27.17,27.76,27.94
T2M,1984,1.0,39.375,29.5,29.39,30.57,30.1,28.01,26.89,26.1,26.36,27.89,28.04,27.76,28.43,28.25
T2M,1984,1.0,40.0,29.77,29.63,30.59,30.33,28.33,26.88,26.18,26.35,28.02,28.5,28.28,28.8,28.47
T2M,1984,1.0,40.625,30.17,29.97,30.77,30.82,28.87,27.44,26.68,26.66,28.23,29.0,28.7,29.27,28.88
T2M,1984,1.0,41.25,30.41,30.14,30.86,31.06,28.98,27.7,26.86,26.59,28.2,29.12,28.86,29.55,29.02
T2M,1984,1.0,41.875,30.26,29.94,30.62,30.98,28.94,27.65,26.79,26.34,27.89,28.97,28.82,29.5,28.89
T2M,1984,1.5,34.375,23.15,24.82,26.03,25.87,22.96,20.77,20.84,21.75,21.78,22.93,22.38,23.01,23.02
T2M,1984,1.5,35.0,21.17,22.23,23.43,23.63,21.9,20.22,20.08,20.68,20.79,21.02,20.26,20.5,21.32
T2M,1984,1.5,35.625,24.23,24.61,25.64,26.22,25.31,23.92,23.51,24.35,24.36,24.07,22.99,23.31,24.38
T2M,1984,1.5,36.25,26.41,26.87,27.99,28.5,28.09,27.13,26.41,26.94,27.21,26.76,25.52,25.74,26.96
T2M,1984,1.5,36.875,22.06,22.82,23.84,23.86,23.08,22.67,22.02,22.42,23.0,22.17,21.07,21.03,22.5
T2M,1984,1.5,37.5,24.99,25.37,26.82,26.78,25.81,25.05,24.01,24.39,25.35,24.79,23.84,24.07,25.1
T2M,1984,1.5,38.125,27.62,27.86,29.63,29.28,28.02,26.92,25.79,26.11,27.43,27.03,26.16,26.7,27.38
T2M,1984,1.5,38.75,28.97,29.01,30.52,29.95,28.36,27.36,26.41,26.73,28.09,27.85,26.93,27.58,28.14
T2M,1984,1.5,39.375,29.32,29.24,30.39,30.11,28.03,26.84,26.09,26.26,27.92,28.17,27.73,28.08,28.18
T2M,1984,1.5,40.0,29.69,29.54,30.54,30.37,28.29,27.03,26.32,26.46,28.09,28.5,27.93,28.39,28.42
T2M,1984,1.5,40.625,30.11,29.88,30.78,30.96,28.9,27.61,26.74,26.55,28.13,29.0,28.49,29.0,28.84
T2M,1984,1.5,41.25,30.43,30.14,30.96,31.29,29.16,27.81,26.9,26.58,28.07,29.22,28.86,29.4,29.06
T2M,1984,1.5,41.875,30.22,29.9,30.7,31.09,28.91,27.66,26.75,26.23,27.82,29.08,28.46,29.49,28.85
T2M,1984,2.0,34.375,25.68,26.56,27.64,28.05,25.84,23.69,24.0,25.05,25.0,25.87,24.45,25.29,25.59
T2M,1984,2.0,35.0,23.83,24.4,25.46,25.87,24.52,22.91,22.78,23.53,23.68,23.81,22.46,23.02,23.85
T2M,1984,2.0,35.625,27.17,27.45,28.58,29.02,28.36,26.79,26.2,27.04,27.47,27.32,25.92,26.46,27.31
T2M,1984,2.0,36.25,28.78,29.15,30.35,30.66,30.33,29.36,28.56,29.12,29.79,29.21,27.86,28.19,29.28
T2M,1984,2.0,36.875,22.77,23.28,24.32,24.15,23.36,22.78,21.92,22.23,23.3,22.59,21.65,21.63,22.83
T2M,1984,2.0,37.5,26.35,26.63,27.99,27.61,26.52,25.73,24.65,24.98,26.26,25.78,24.68,24.96,26.01
T2M,1984,2.0,38.125,27.55,27.75,29.24,28.71,27.34,26.37,25.3,25.63,27.05,26.61,25.33,25.75,26.88
T2M,1984,2.0,38.75,28.87,28.98,30.3,29.74,27.99,26.96,26.09,26.41,27.91,27.71,26.6,27.11,27.88
T2M,1984,2.0,39.375,29.19,29.22,30.27,30.0,27.86,26.62,25.93,26.08,27.81,28.06,27.24,27.53,27.98
T2M,1984,2.0,40.0,29.16,29.15,30.15,29.95,27.82,26.49,25.82,25.9,27.54,28.01,27.13,27.57,27.89
T2M,1984,2.0,40.625,29.32,29.22,30.29,30.44,28.28,27.02,26.08,25.76,27.49,28.38,27.19,27.96,28.11
T2M,1984,2.0,41.25,29.97,29.75,30.81,31.09,28.92,27.58,26.61,26.24,27.91,29.05,28.13,28.75,28.73
T2M,1984,2.0,41.875,29.92,29.64,30.68,31.15,28.82,27.55,26.6,25.98,27.79,29.14,27.97,29.4,28.72
T2M,1984,2.5,34.375,24.76,25.73,26.8,26.96,25.39,24.15,24.03,24.89,24.71,24.95,23.42,24.35,25.01
T2M,1984,2.5,35.0,25.09,25.6,26.78,26.96,25.78,24.35,23.96,24.7,24.77,25.17,23.71,24.2,25.09
T2M,1984,2.5,35.625,27.88,28.23,29.52,29.66,28.96,27.44,26.78,27.39,27.98,28.19,26.71,27.19,27.99
T2M,1984,2.5,36.25,29.16,29.41,30.56,30.65,30.08,29.06,28.24,28.64,29.69,29.28,28.02,28.41,29.26
T2M,1984,2.5,36.875,25.97,26.24,27.16,26.76,25.73,25.03,24.1,24.42,25.74,25.29,24.31,24.59,25.44
T2M,1984,2.5,37.5,28.31,28.51,29.62,28.85,27.7,26.94,25.98,26.28,27.72,27.28,25.96,26.4,27.46
T2M,1984,2.5,38.125,27.46,27.62,28.62,27.94,26.26,25.31,24.45,24.8,26.39,25.99,24.67,25.14,26.21
T2M,1984,2.5,38.75,28.7,28.82,29.96,29.26,27.26,26.27,25.57,25.89,27.54,27.37,26.11,26.47,27.43
T2M,1984,2.5,39.375,28.67,28.78,29.92,29.45,27.07,25.88,25.36,25.57,27.27,27.51,26.57,26.76,27.39
T2M,1984,2.5,40.0,28.14,28.25,29.54,29.21,26.84,25.61,24.99,25.08,26.76,27.33,26.36,26.59,27.05
T2M,1984,2.5,40.625,28.17,28.25,29.67,29.74,27.36,26.3,25.43,25.11,26.8,27.76,26.81,27.2,27.38
T2M,1984,2.5,41.25,29.06,29.04,30.34,30.56,28.21,26.9,25.98,25.77,27.31,28.53,27.96,28.4,28.17
T2M,1984,2.5,41.875,28.95,28.8,30.11,30.54,28.05,26.78,25.87,25.43,27.12,28.47,27.82,28.69,28.05
T2M,1984,3.0,34.375,23.86,24.62,25.69,25.35,24.17,23.14,22.88,23.73,23.38,23.34,21.91,22.55,23.72
T2M,1984,3.0,35.0,26.37,26.67,27.92,27.65,26.49,25.36,24.86,25.61,25.77,26.05,24.63,25.07,26.04
T2M,1984,3.0,35.625,28.8,29.09,30.48,30.35,29.5,28.36,27.68,28.11,28.97,29.13,27.63,28.1,28.85
T2M,1984,3.0,36.25,29.63,29.83,30.93,30.77,29.79,28.83,28.03,28.37,29.62,29.51,28.3,28.57,29.35
T2M,1984,3.0,36.875,28.68,28.97,30.0,29.36,28.19,27.48,26.62,26.93,28.39,28.09,26.6,26.91,28.01
T2M,1984,3.0,37.5,29.18,29.34,30.34,29.41,28.07,27.39,26.57,26.87,28.41,28.12,26.52,26.93,28.09
T2M,1984,3.0,38.125,28.4,28.47,29.29,28.41,26.58,25.61,25.04,25.43,27.04,26.81,25.47,25.81,26.86
T2M,1984,3.0,38.75,28.36,28.49,29.46,28.48,26.2,25.36,24.89,25.26,26.91,26.84,25.48,25.84,26.79
T2M,1984,3.0,39.375,27.79,27.96,29.2,28.51,25.88,24.82,24.37,24.75,26.43,26.71,25.62,25.93,26.49
T2M,1984,3.0,40.0,26.99,27.19,28.81,28.41,25.84,24.71,24.22,24.41,26.06,26.62,25.53,25.69,26.2
T2M,1984,3.0,40.625,27.12,27.29,29.29,29.32,26.9,25.72,25.01,24.84,26.41,27.34,26.7,26.69,26.88
T2M,1984,3.0,41.25,27.83,27.98,29.98,30.28,27.65,26.41,25.54,25.38,26.95,28.17,27.7,27.71,27.63
T2M,1984,3.0,41.875,27.61,27.67,29.56,30.12,27.53,26.11,25.29,25.03,26.65,27.94,27.44,27.73,27.39
T2M,1984,3.5,34.375,24.17,24.74,25.91,24.97,23.98,23.04,22.76,23.42,23.56,23.41,22.18,22.59,23.73
T2M,1984,3.5,35.0,27.71,28.08,29.39,28.74,27.72,26.85,26.27,26.98,27.3,27.5,26.01,26.4,27.41
T2M,1984,3.5,35.625,29.05,29.29,30.67,30.44,29.38,28.41,27.71,28.18,29.04,29.29,27.78,28.34,28.96
T2M,1984,3.5,36.25,29.46,29.63,30.57,30.24,29.03,28.18,27.45,27.82,29.1,29.08,27.79,28.19,28.87
T2M,1984,3.5,36.875,29.28,29.56,30.4,29.52,28.28,27.67,27.03,27.39,28.86,28.61,26.88,27.17,28.38
T2M,1984,3.5,37.5,28.47,28.68,28.9,27.87,26.45,25.71,25.1,25.49,27.07,26.81,25.36,26.19,26.84
T2M,1984,3.5,38.125,27.27,27.37,27.79,26.72,24.65,23.75,23.22,23.82,25.44,25.23,24.06,24.74,25.33
T2M,1984,3.5,38.75,26.82,27.0,27.56,26.53,23.94,23.08,22.56,23.06,24.71,24.83,23.74,24.6,24.86
T2M,1984,3.5,39.375,25.19,25.43,26.58,25.95,23.26,22.16,21.76,22.16,23.85,24.21,22.89,23.35,23.89
T2M,1984,3.5,40.0,25.88,26.16,27.93,27.57,25.06,23.99,23.53,23.82,25.41,25.74,24.48,24.76,25.36
T2M,1984,3.5,40.625,25.78,26.03,28.33,28.52,25.94,24.88,24.31,24.25,25.76,26.32,25.43,25.41,25.91
T2M,1984,3.5,41.25,26.54,26.81,29.48,30.25,27.57,26.31,25.41,25.4,26.95,27.87,27.24,26.84,27.22
T2M,1984,3.5,41.875,27.55,27.79,30.37,31.2,28.72,27.26,26.39,26.29,27.86,28.9,28.33,28.17,28.23
T2M,1984,4.0,34.375,27.09,27.59,28.77,27.2,26.23,25.6,25.23,25.97,26.16,26.06,24.67,25.33,26.32
T2M,1984,4.0,35.0,29.11,29.6,30.86,29.8,28.8,28.2,27.57,28.32,28.68,28.86,27.18,27.93,28.74
T2M,1984,4.0,35.625,28.28,28.61,29.91,29.42,28.08,27.21,26.48,27.06,27.93,28.35,26.93,27.53,27.98
T2M,1984,4.0,36.25,29.88,30.05,30.92,30.42,29.04,28.26,27.58,28.0,29.19,29.31,28.14,28.73,29.12
T2M,1984,4.0,36.875,28.58,28.97,29.61,28.56,27.08,26.34,25.95,26.39,27.73,27.61,26.25,26.85,27.49
T2M,1984,4.0,37.5,28.3,28.58,29.07,27.93,26.05,25.23,24.85,25.33,26.83,26.76,25.83,26.64,26.78
T2M,1984,4.0,38.125,24.67,24.92,25.42,24.53,21.99,20.98,20.48,20.86,22.5,22.67,22.09,22.9,22.83
T2M,1984,4.0,38.75,22.56,22.84,23.82,23.3,20.76,19.57,19.3,19.62,21.31,21.41,20.44,20.85,21.31
T2M,1984,4.0,39.375,23.44,23.7,24.91,24.64,22.08,20.98,20.89,21.08,22.87,22.69,21.29,21.45,22.5
T2M,1984,4.0,40.0,24.77,25.04,26.63,26.35,23.89,22.91,22.77,22.98,24.45,24.27,23.14,23.31,24.2
T2M,1984,4.0,40.625,24.68,24.99,27.25,27.72,25.31,24.31,23.9,23.98,25.38,25.38,24.29,24.16,25.11
T2M,1984,4.0,41.25,26.23,26.55,29.4,30.42,28.02,26.7,26.01,26.04,27.53,27.97,27.06,26.49,27.37
T2M,1984,4.0,41.875,27.82,28.17,31.16,32.1,29.79,28.41,27.6,27.58,29.05,29.68,29.0,28.69,29.09
T2M,1984,4.5,34.375,29.31,29.91,30.77,28.8,28.29,27.89,27.36,28.32,28.32,28.22,26.56,27.7,28.45
T2M,1984,4.5,35.0,29.47,30.05,31.1,29.89,28.52,28.32,27.68,28.56,28.91,29.18,27.33,28.34,28.94
T2M,1984,4.5,35.625,29.04,29.44,30.79,29.92,28.35,27.67,27.01,27.75,28.52,29.05,27.6,28.32,28.62
T2M,1984,4.5,36.25,29.85,30.25,31.55,30.61,29.02,28.35,27.74,28.3,29.39,29.74,28.4,29.31,29.37
T2M,1984,4.5,36.875,28.65,28.99,30.11,29.18,27.13,26.29,25.97,26.23,27.62,27.99,27.04,27.86,27.75
T2M,1984,4.5,37.5,26.25,26.58,27.66,26.78,24.26,23.47,23.2,23.46,24.94,25.19,24.32,25.34,25.12
T2M,1984,4.5,38.125,22.06,22.34,23.41,23.14,20.62,19.4,19.34,19.7,21.1,21.04,20.2,20.65,21.08
T2M,1984,4.5,38.75,22.15,22.46,24.14,24.11,21.57,20.46,20.39,20.73,22.31,22.03,20.82,21.12,21.85
T2M,1984,4.5,39.375,23.98,24.2,25.92,25.86,23.27,22.22,22.25,22.6,24.08,23.76,22.57,22.69,23.61
T2M,1984,4.5,40.0,23.0,23.29,25.09,25.27,22.95,21.69,21.42,21.73,23.16,23.09,22.07,22.1,22.9
T2M,1984,4.5,40.625,24.13,24.42,26.57,27.09,24.81,23.71,23.52,23.76,25.03,24.8,23.83,23.55,24.6
T2M,1984,4.5,41.25,24.46,24.81,27.46,28.34,26.08,24.87,24.33,24.52,25.97,26.03,25.08,24.47,25.53
T2M,1984,4.5,41.875,27.58,28.01,31.11,32.02,29.64,28.43,27.91,27.97,29.3,29.47,28.87,28.49,29.07
T2M,1985,-0.5,34.375,24.79,22.57,24.85,22.16,22.06,22.13,22.26,23.23,24.14,24.36,23.17,24.07,23.33
T2M,1985,-0.5,35.0,21.68,19.87,22.46,19.62,19.14,18.55,18.17,18.89,20.19,21.02,20.07,20.93,20.06
T2M,1985,-0.5,35.625,15.84,15.14,16.81,14.92,14.29,13.59,12.64,12.75,14.1,14.63,14.57,15.09,14.53
T2M,1985,-0.5,36.25,15.5,16.18,16.54,15.2,14.53,13.85,12.96,12.95,14.45,15.17,15.11,15.54,14.82
T2M,1985,-0.5,36.875,14.74,16.34,16.18,15.71,14.94,14.05,13.34,13.52,14.82,15.5,15.36,15.34,14.98
T2M,1985,-0.5,37.5,19.19,20.59,20.56,19.74,18.71,17.78,17.5,17.84,19.31,19.93,19.3,19.21,19.13
T2M,1985,-0.5,38.125,24.08,25.02,25.28,24.71,24.13,23.35,22.71,22.98,24.29,24.32,23.14,23.33,23.94
T2M,1985,-0.5,38.75,27.16,27.78,27.75,26.5,25.7,24.81,24.29,24.49,25.74,26.04,25.37,26.07,25.96
T2M,1985,-0.5,39.375,29.09,29.77,29.35,27.39,26.2,25.43,24.76,25.11,26.49,27.24,27.54,28.2,27.2
T2M,1985,-0.5,40.0,29.49,30.06,29.77,27.85,26.44,25.74,25.07,25.45,26.91,27.79,28.26,28.68,27.61
T2M,1985,-0.5,40.625,29.45,30.07,29.93,28.47,26.56,25.94,25.13,25.74,27.22,28.21,29.21,28.77,27.88
T2M,1985,-0.5,41.25,29.26,30.01,29.88,28.58,26.85,26.18,25.45,26.0,27.23,28.17,29.18,28.72,27.94
T2M,1985,-0.5,41.875,28.53,29.2,29.19,28.53,27.39,26.34,25.75,25.9,26.85,27.67,28.69,28.45,27.7
T2M,1985,-1.0,34.375,23.31,20.56,23.74,20.96,20.59,20.69,21.19,22.19,23.52,24.14,22.26,23.0,22.2
T2M,1985,-1.0,35.0,20.51,18.38,20.79,18.44,17.57,17.08,16.98,17.74,19.4,20.07,19.2,20.17,18.87
T2M,1985,-1.0,35.625,18.87,18.07,19.09,17.0,15.92,15.13,14.58,15.04,17.17,18.01,17.67,18.68,17.1
T2M,1985,-1.0,36.25,17.13,17.88,17.73,16.31,15.16,14.35,13.79,14.23,16.27,17.13,16.88,17.32,16.17
T2M,1985,-1.0,36.875,17.32,18.71,18.68,17.82,16.65,16.39,16.22,16.85,18.31,18.69,18.01,17.77,17.61
T2M,1985,-1.0,37.5,20.92,22.01,22.1,21.22,20.1,19.17,18.82,19.41,20.99,21.54,21.1,20.93,20.68
T2M,1985,-1.0,38.125,23.91,24.38,24.35,23.61,22.83,21.83,21.18,21.5,22.9,23.0,22.54,22.79,22.89
T2M,1985,-1.0,38.75,27.72,27.74,27.78,26.2,25.43,24.66,24.05,24.27,25.55,25.84,25.55,26.26,25.91
T2M,1985,-1.0,39.375,29.42,29.9,29.37,26.94,25.89,25.34,24.6,25.03,26.38,27.07,27.64,28.4,27.15
T2M,1985,-1.0,40.0,29.77,30.38,29.85,27.45,26.24,25.76,25.06,25.49,26.87,27.7,28.26,28.9,27.63
T2M,1985,-1.0,40.625,29.21,29.87,29.72,28.08,26.31,25.75,24.94,25.46,26.86,27.94,28.96,28.54,27.62
T2M,1985,-1.0,41.25,28.62,29.4,29.41,28.26,26.62,25.78,25.12,25.52,26.69,27.72,28.75,28.33,27.5
T2M,1985,-1.0,41.875,27.33,27.79,28.22,28.08,27.12,25.89,25.37,25.24,25.94,26.75,27.76,27.52,26.91
T2M,1985,-1.5,34.375,23.88,20.47,23.8,21.36,21.41,21.96,22.46,23.19,24.5,24.86,22.62,23.8,22.88
T2M,1985,-1.5,35.0,21.56,18.95,21.13,19.23,18.44,18.67,19.04,19.89,21.63,22.05,20.52,21.4,20.22
T2M,1985,-1.5,35.625,18.29,17.2,18.28,17.02,15.76,15.08,15.14,15.68,17.82,18.49,17.8,18.37,17.08
T2M,1985,-1.5,36.25,22.18,22.11,22.42,21.13,19.76,19.69,19.56,20.12,21.94,22.56,21.71,22.05,21.26
T2M,1985,-1.5,36.875,19.36,19.95,20.17,19.45,18.15,18.09,18.03,18.4,19.61,19.91,19.41,19.27,19.14
T2M,1985,-1.5,37.5,20.4,21.27,21.47,20.74,19.45,18.79,18.52,18.98,20.29,20.71,20.56,20.41,20.12
T2M,1985,-1.5,38.125,23.31,23.98,24.25,23.64,22.62,21.49,21.04,21.43,22.93,23.25,23.12,23.05,22.83
T2M,1985,-1.5,38.75,27.63,27.46,27.69,25.98,25.13,24.44,23.87,24.06,25.38,25.73,25.95,26.6,25.82
T2M,1985,-1.5,39.375,29.16,29.45,29.06,26.53,25.51,24.91,24.38,24.73,26.1,26.7,27.4,28.4,26.85
T2M,1985,-1.5,40.0,29.67,30.3,29.76,27.04,25.84,25.41,24.73,25.28,26.62,27.48,28.44,28.99,27.45
T2M,1985,-1.5,40.625,29.02,29.8,29.6,27.89,26.38,25.65,24.97,25.28,26.58,27.64,28.81,28.54,27.5
T2M,1985,-1.5,41.25,28.07,28.83,29.0,28.09,26.68,25.69,25.2,25.33,26.35,27.36,28.44,28.21,27.26
T2M,1985,-1.5,41.875,26.44,26.51,27.28,27.61,26.93,25.54,25.11,24.7,25.16,25.92,26.94,26.79,26.24
T2M,1985,-1.7975103014118005e-13,34.375,23.47,22.34,24.18,21.81,21.5,21.32,21.26,21.94,22.71,23.07,22.21,23.07,22.41
T2M,1985,-1.7975103014118005e-13,35.0,21.16,20.38,22.43,19.99,19.56,18.96,18.37,18.97,20.13,20.59,19.89,20.58,20.09
T2M,1985,-1.7975103014118005e-13,35.625,15.67,16.13,17.27,15.8,15.25,14.56,13.78,13.91,15.02,15.16,15.01,15.12,15.22
T2M,1985,-1.7975103014118005e-13,36.25,18.11,18.78,19.45,18.21,17.58,17.0,16.26,16.38,18.05,18.76,18.1,18.31,17.91
T2M,1985,-1.7975103014118005e-13,36.875,16.36,17.82,17.84,17.15,16.6,15.84,15.48,15.67,17.08,17.55,17.09,16.84,16.77
T2M,1985,-1.7975103014118005e-13,37.5,15.83,17.17,17.26,16.97,16.23,15.42,15.14,15.37,16.7,17.09,16.47,16.22,16.31
T2M,1985,-1.7975103014118005e-13,38.125,24.17,25.56,25.52,25.13,24.41,24.0,23.63,23.99,25.2,25.14,23.72,23.78,24.51
T2M,1985,-1.7975103014118005e-13,38.75,27.38,28.44,28.21,27.21,26.16,25.36,25.04,25.34,26.56,26.91,26.29,26.81,26.63
T2M,1985,-1.7975103014118005e-13,39.375,28.96,29.85,29.43,28.02,26.57,25.66,25.19,25.5,26.94,27.7,27.99,28.48,27.51
T2M,1985,-1.7975103014118005e-13,40.0,29.32,30.06,29.78,28.5,26.85,25.9,25.4,25.68,27.29,28.19,28.83,29.02,27.89
T2M,1985,-1.7975103014118005e-13,40.625,29.64,30.38,29.85,28.67,27.01,26.3,25.66,26.2,27.69,28.48,29.55,29.24,28.21
T2M,1985,-1.7975103014118005e-13,41.25,29.72,30.44,29.81,28.61,27.19,26.6,26.01,26.5,27.68,28.43,29.56,29.29,28.3
T2M,1985,-1.7975103014118005e-13,41.875,29.28,29.91,29.42,28.47,27.39,26.61,26.17,26.41,27.45,28.21,29.32,29.16,28.14
T2M,1985,-2.0,34.375,24.48,20.55,23.7,21.99,21.95,22.81,23.0,23.59,25.31,25.41,23.25,24.62,23.41
T2M,1985,-2.0,35.0,21.86,18.83,20.96,19.57,18.75,19.02,19.5,20.12,22.0,22.22,20.9,21.67,20.46
T2M,1985,-2.0,35.625,18.87,17.57,18.78,17.81,16.37,15.69,15.62,16.24,18.51,19.05,18.43,19.01,17.66
T2M,1985,-2.0,36.25,25.13,24.25,25.12,24.45,23.18,22.75,22.49,22.93,24.72,25.06,24.4,24.96,24.12
T2M,1985,-2.0,36.875,20.29,20.36,20.84,20.39,19.12,19.0,18.66,18.87,20.03,20.32,20.08,20.21,19.84
T2M,1985,-2.0,37.5,21.43,21.8,22.22,21.73,20.45,19.72,19.47,19.71,21.04,21.38,21.41,21.42,20.98
T2M,1985,-2.0,38.125,24.05,24.25,24.81,24.15,23.01,21.91,21.5,21.77,23.24,23.57,23.91,23.85,23.33
T2M,1985,-2.0,38.75,27.39,26.95,27.58,25.77,24.77,24.15,23.61,23.8,25.14,25.58,26.02,26.51,25.6
T2M,1985,-2.0,39.375,28.55,28.66,28.74,26.3,25.14,24.42,23.98,24.31,25.75,26.42,27.18,28.01,26.44
T2M,1985,-2.0,40.0,29.03,29.56,29.29,26.88,25.68,25.25,24.76,25.09,26.29,27.06,28.05,28.7,27.12
T2M,1985,-2.0,40.625,28.38,29.14,29.01,27.75,26.34,25.55,25.0,25.06,26.09,27.06,28.3,28.34,27.15
T2M,1985,-2.0,41.25,27.1,27.39,27.8,27.86,27.1,25.73,25.27,24.91,25.43,26.27,27.43,27.4,26.63
T2M,1985,-2.0,41.875,26.05,25.96,26.88,27.37,26.87,25.39,25.0,24.46,24.78,25.54,26.56,26.42,25.94
T2M,1985,-2.5,34.375,23.45,19.92,22.36,21.28,21.23,21.74,22.31,22.82,24.71,24.57,22.84,23.36,22.57
T2M,1985,-2.5,35.0,20.82,18.27,20.02,19.12,18.34,18.33,18.94,19.41,21.36,21.49,20.27,20.51,19.75
T2M,1985,-2.5,35.625,21.53,20.29,21.45,20.54,19.11,18.53,18.79,19.33,21.78,22.24,21.14,21.34,20.51
T2M,1985,-2.5,36.25,24.39,23.38,24.38,23.92,22.38,21.73,21.49,22.07,24.46,24.73,23.81,23.99,23.39
T2M,1985,-2.5,36.875,21.35,21.45,22.09,21.91,20.78,20.72,20.59,21.03,22.55,22.49,21.54,21.22,21.47
T2M,1985,-2.5,37.5,21.88,21.93,22.76,22.13,20.87,20.62,20.47,20.74,22.03,22.11,22.02,21.65,21.6
T2M,1985,-2.5,38.125,23.87,23.97,24.75,24.15,22.98,22.03,21.5,21.73,23.25,23.58,23.93,23.55,23.27
T2M,1985,-2.5,38.75,27.12,26.54,27.61,25.86,24.72,24.07,23.49,23.67,25.06,25.58,26.24,26.14,25.5
T2M,1985,-2.5,39.375,27.75,27.69,28.46,26.25,24.87,23.95,23.55,23.86,25.33,26.15,26.92,27.14,25.98
T2M,1985,-2.5,40.0,28.07,28.27,28.4,26.81,25.59,24.97,24.47,24.6,25.55,26.39,27.45,27.73,26.51
T2M,1985,-2.5,40.625,27.32,27.64,27.83,27.57,26.53,25.48,24.96,24.64,25.27,26.08,27.3,27.49,26.5
T2M,1985,-2.5,41.25,26.14,26.17,26.88,27.35,26.91,25.4,24.95,24.4,24.73,25.44,26.58,26.6,25.96
T2M,1985,-2.5,41.875,26.07,26.05,26.99,27.4,26.87,25.36,25.0,24.48,24.79,25.55,26.67,26.57,25.98
T2M,1985,-3.0,34.375,23.05,19.56,21.76,20.97,20.68,20.65,20.9,21.34,23.58,23.57,22.95,23.07,21.86
T2M,1985,-3.0,35.0,21.09,18.63,20.25,18.99,18.23,18.11,18.4,19.09,21.17,21.33,20.9,20.86,19.76
T2M,1985,-3.0,35.625,17.76,16.37,17.54,16.35,14.97,14.33,14.17,14.89,17.1,17.66,17.51,17.58,16.35
T2M,1985,-3.0,36.25,22.85,21.95,22.94,21.5,19.57,18.76,19.09,19.8,21.89,22.74,22.53,22.43,21.33
T2M,1985,-3.0,36.875,20.97,21.05,22.13,20.39,18.22,17.39,17.49,18.6,21.34,21.6,21.74,20.92,20.15
T2M,1985,-3.0,37.5,17.48,17.71,18.1,17.46,15.9,14.99,14.62,14.88,16.85,17.21,17.7,17.32,16.68
T2M,1985,-3.0,38.125,23.72,23.54,24.45,23.81,22.42,21.43,20.77,20.93,22.55,23.12,23.84,23.17,22.81
T2M,1985,-3.0,38.75,26.65,26.01,27.29,25.58,24.3,23.54,22.89,23.1,24.57,25.22,25.99,25.38,25.04
T2M,1985,-3.0,39.375,27.61,27.2,28.28,26.16,24.65,23.81,23.27,23.62,24.94,25.9,26.82,26.63,25.73
T2M,1985,-3.0,40.0,27.41,27.35,27.78,26.93,25.79,25.01,24.48,24.38,25.13,25.96,27.04,27.08,26.19
T2M,1985,-3.0,40.625,26.46,26.56,26.98,27.39,26.83,25.42,24.93,24.33,24.71,25.4,26.6,26.82,26.03
T2M,1985,-3.0,41.25,26.28,26.31,26.99,27.42,26.92,25.4,24.97,24.43,24.73,25.47,26.63,26.78,26.02
T2M,1985,-3.0,41.875,26.16,26.19,27.06,27.45,26.88,25.35,25.0,24.53,24.78,25.56,26.69,26.77,26.03
T2M,1985,-3.5,34.375,24.6,20.69,23.18,22.39,22.17,22.12,21.75,22.29,24.4,24.62,24.36,24.98,23.15
T2M,1985,-3.5,35.0,23.09,20.37,22.08,20.57,19.87,19.26,19.14,19.75,21.78,22.14,22.33,22.77,21.1
T2M,1985,-3.5,35.625,21.4,19.7,21.04,19.09,17.94,17.12,16.9,17.74,19.89,20.38,20.61,21.06,19.41
T2M,1985,-3.5,36.25,23.42,22.24,23.13,21.09,19.62,18.93,19.01,19.76,21.63,22.06,22.46,22.94,21.35
T2M,1985,-3.5,36.875,23.12,22.75,23.32,20.92,19.07,18.24,18.19,19.15,21.07,21.49,22.25,22.8,21.02
T2M,1985,-3.5,37.5,24.83,24.82,25.24,23.3,21.34,20.45,20.12,20.93,22.91,23.35,24.24,24.37,22.98
T2M,1985,-3.5,38.125,23.29,22.79,23.89,22.56,20.96,20.0,19.25,19.39,20.92,21.7,22.88,22.44,21.66
T2M,1985,-3.5,38.75,25.41,24.87,25.82,24.49,23.08,21.95,21.48,21.53,23.03,23.82,24.78,24.49,23.72
T2M,1985,-3.5,39.375,27.18,26.73,27.54,25.73,24.19,23.34,22.81,23.1,24.3,25.25,26.24,26.15,25.2
T2M,1985,-3.5,40.0,27.16,27.08,27.34,27.15,26.3,25.27,24.75,24.38,24.84,25.54,26.64,26.98,26.11
T2M,1985,-3.5,40.625,26.63,26.64,27.04,27.46,26.9,25.44,24.97,24.35,24.62,25.33,26.55,26.97,26.07
T2M,1985,-3.5,41.25,26.56,26.51,27.09,27.5,26.94,25.38,24.97,24.47,24.71,25.48,26.62,26.98,26.1
T2M,1985,-3.5,41.875,26.35,26.38,27.12,27.5,26.91,25.32,24.98,24.55,24.73,25.52,26.64,26.95,26.08
T2M,1985,-4.0,34.375,25.11,21.18,23.76,23.0,22.88,22.71,22.04,22.8,24.92,25.19,24.87,25.41,23.67
T2M,1985,-4.0,35.0,22.75,19.83,21.67,20.23,19.7,19.22,18.9,19.56,21.53,21.87,22.05,22.35,20.81
T2M,1985,-4.0,35.625,21.22,19.59,20.82,19.01,18.0,16.99,16.69,17.46,19.69,20.22,20.66,20.94,19.27
T2M,1985,-4.0,36.25,23.07,21.96,22.92,20.97,19.81,18.96,18.92,19.69,21.62,22.03,22.64,22.84,21.28
T2M,1985,-4.0,36.875,22.54,22.06,22.7,20.66,19.27,18.34,18.26,18.94,20.84,21.28,22.11,22.23,20.76
T2M,1985,-4.0,37.5,24.24,23.63,24.53,22.59,21.1,20.08,19.84,20.35,22.33,22.83,23.68,23.63,22.39
T2M,1985,-4.0,38.125,24.9,24.29,25.2,23.62,22.11,21.17,20.37,20.67,22.36,22.96,23.93,23.85,22.94
T2M,1985,-4.0,38.75,25.81,25.28,26.14,24.29,22.84,21.85,21.36,21.47,22.88,23.68,24.73,24.69,23.74
T2M,1985,-4.0,39.375,27.52,27.06,27.62,26.05,24.55,23.87,23.27,23.52,24.55,25.45,26.47,26.58,25.53
T2M,1985,-4.0,40.0,27.04,27.04,27.12,27.39,26.76,25.48,24.97,24.38,24.66,25.28,26.46,27.0,26.13
T2M,1985,-4.0,40.625,26.94,26.83,27.11,27.53,26.95,25.42,24.98,24.38,24.6,25.31,26.55,27.11,26.14
T2M,1985,-4.0,41.25,26.86,26.66,27.15,27.58,26.95,25.35,24.98,24.49,24.67,25.43,26.6,27.16,26.15
T2M,1985,-4.0,41.875,26.6,26.52,27.12,27.56,26.9,25.29,24.96,24.53,24.67,25.45,26.57,27.12,26.11
T2M,1985,-4.5,34.375,24.22,20.26,23.01,21.88,21.47,20.6,19.93,20.68,22.93,23.6,23.79,24.17,22.23
T2M,1985,-4.5,35.0,21.8,18.87,20.81,19.32,18.61,17.83,17.25,17.98,20.0,20.53,21.05,21.44,19.63
T2M,1985,-4.5,35.625,21.08,19.56,20.69,18.84,17.97,16.97,16.51,17.33,19.48,19.99,20.63,20.89,19.16
T2M,1985,-4.5,36.25,23.18,22.02,23.04,21.06,20.06,19.11,19.02,19.74,21.63,22.08,22.92,23.05,21.41
T2M,1985,-4.5,36.875,22.29,21.71,22.48,20.43,19.23,18.32,18.25,18.68,20.49,21.0,22.08,22.06,20.58
T2M,1985,-4.5,37.5,23.53,23.13,23.9,21.73,20.38,19.23,19.15,19.49,21.39,22.1,23.19,23.1,21.68
T2M,1985,-4.5,38.125,23.5,23.45,24.19,22.59,20.86,19.57,19.08,19.37,21.35,22.14,23.09,22.86,21.83
T2M,1985,-4.5,38.75,25.73,25.61,26.2,24.54,23.11,22.04,21.7,21.77,23.18,23.94,24.96,24.87,23.96
T2M,1985,-4.5,39.375,27.64,27.37,27.65,26.82,25.79,24.85,24.37,24.12,24.84,25.6,26.72,26.91,26.05
T2M,1985,-4.5,40.0,27.15,27.15,27.18,27.48,26.89,25.5,25.01,24.36,24.62,25.21,26.46,27.08,26.17
T2M,1985,-4.5,40.625,27.16,27.05,27.22,27.5,26.99,25.37,24.96,24.38,24.59,25.27,26.56,27.2,26.18
T2M,1985,-4.5,41.25,27.04,26.87,27.21,27.61,26.99,25.31,24.95,24.47,24.63,25.36,26.57,27.19,26.18
T2M,1985,-4.5,41.875,26.84,26.69,27.11,27.6,26.88,25.25,24.95,24.51,24.6,25.37,26.51,27.17,26.12
T2M,1985,0.5,34.375,23.01,21.81,24.0,21.2,20.63,20.14,19.73,20.32,21.08,21.59,21.01,22.04,21.38
T2M,1985,0.5,35.0,19.14,19.24,20.85,18.74,18.09,17.48,16.79,17.29,18.31,18.41,17.98,18.45,18.39
T2M,1985,0.5,35.625,19.27,20.21,20.6,18.95,18.14,17.48,16.9,17.15,18.42,18.45,18.19,18.93,18.55
T2M,1985,0.5,36.25,21.4,22.59,22.66,22.24,21.72,21.07,20.36,20.36,22.1,22.73,21.58,21.66,21.7
T2M,1985,0.5,36.875,18.66,19.9,19.9,19.62,19.52,18.87,18.56,18.69,20.27,20.43,19.09,18.78,19.35
T2M,1985,0.5,37.5,21.63,23.04,22.79,22.5,22.1,21.54,21.59,22.11,22.99,22.89,21.71,21.51,22.19
T2M,1985,0.5,38.125,24.45,25.86,25.52,25.08,24.08,23.37,23.21,23.69,24.81,24.92,24.09,24.11,24.42
T2M,1985,0.5,38.75,27.4,28.4,28.14,27.37,26.17,25.19,24.97,25.34,26.6,27.05,26.77,27.14,26.7
T2M,1985,0.5,39.375,29.12,29.91,29.5,28.32,26.6,25.72,25.53,25.89,27.38,28.07,28.36,28.89,27.76
T2M,1985,0.5,40.0,29.7,30.39,29.89,28.71,26.95,26.06,25.82,26.14,27.79,28.52,29.19,29.49,28.21
T2M,1985,0.5,40.625,29.91,30.69,29.95,28.95,27.51,26.66,26.36,26.76,28.17,28.78,29.81,29.77,28.6
T2M,1985,0.5,41.25,29.95,30.61,29.86,28.86,27.68,26.93,26.55,26.86,28.01,28.67,29.88,29.87,28.63
T2M,1985,0.5,41.875,29.7,30.29,29.62,28.59,27.49,26.7,26.61,26.75,27.83,28.54,29.71,29.79,28.46
T2M,1985,1.0,34.375,18.16,18.02,19.68,17.71,17.13,16.43,15.73,16.22,17.07,17.38,17.02,17.43,17.33
T2M,1985,1.0,35.0,17.05,17.61,18.64,16.97,16.26,15.7,15.16,15.57,16.42,16.41,16.13,16.49,16.53
T2M,1985,1.0,35.625,19.88,20.92,21.08,19.38,18.42,18.01,17.63,18.1,19.88,20.68,19.61,19.9,19.45
T2M,1985,1.0,36.25,23.45,24.61,24.33,24.13,24.02,23.54,23.21,23.08,24.46,24.81,23.39,23.55,23.88
T2M,1985,1.0,36.875,19.32,20.5,20.42,20.48,20.45,19.61,19.5,19.76,20.62,20.6,19.67,19.29,20.01
T2M,1985,1.0,37.5,23.24,24.44,24.19,24.03,23.72,22.86,22.9,23.48,24.15,24.03,23.12,23.08,23.6
T2M,1985,1.0,38.125,26.42,27.51,27.33,27.07,26.16,25.07,24.94,25.31,26.39,26.63,26.05,26.22,26.25
T2M,1985,1.0,38.75,28.49,29.37,29.18,28.5,27.29,26.2,26.04,26.35,27.63,28.1,27.9,28.45,27.78
T2M,1985,1.0,39.375,29.42,30.14,29.76,28.5,26.79,25.94,25.94,26.28,27.76,28.38,28.63,29.31,28.06
T2M,1985,1.0,40.0,29.74,30.49,29.94,28.76,26.98,26.12,26.05,26.4,27.96,28.59,29.27,29.66,28.32
T2M,1985,1.0,40.625,30.11,30.86,30.16,29.06,27.72,26.84,26.74,27.04,28.35,28.85,29.9,30.13,28.8
T2M,1985,1.0,41.25,30.33,31.01,30.28,29.03,27.87,27.14,27.0,27.19,28.3,28.92,30.17,30.41,28.96
T2M,1985,1.0,41.875,30.19,30.76,30.17,29.06,27.83,26.93,27.0,27.07,28.18,28.89,30.02,30.29,28.85
T2M,1985,1.5,34.375,24.17,23.69,24.96,22.17,21.02,20.4,19.48,20.18,21.83,23.01,22.07,23.38,22.19
T2M,1985,1.5,35.0,21.58,21.99,22.66,20.76,19.59,19.24,18.7,19.24,20.75,21.44,20.58,21.07,20.63
T2M,1985,1.5,35.625,24.1,25.03,25.04,23.82,22.7,22.85,22.7,23.1,24.86,24.99,23.73,23.96,23.9
T2M,1985,1.5,36.25,26.3,27.33,27.22,26.79,26.99,26.65,26.29,26.24,27.75,27.58,26.29,26.33,26.81
T2M,1985,1.5,36.875,21.87,22.95,22.83,22.62,22.52,21.92,21.86,22.36,23.24,22.88,21.91,21.8,22.39
T2M,1985,1.5,37.5,24.8,25.88,25.65,25.43,24.96,24.06,24.01,24.46,25.42,25.45,24.69,24.71,24.95
T2M,1985,1.5,38.125,27.4,28.19,28.22,27.89,26.93,25.93,25.81,26.18,27.32,27.6,27.04,27.42,27.15
T2M,1985,1.5,38.75,28.73,29.5,29.31,28.27,27.13,26.43,26.42,26.69,27.95,28.31,27.83,28.75,27.93
T2M,1985,1.5,39.375,28.97,30.07,29.7,28.43,26.63,25.75,25.86,26.27,27.74,28.36,28.62,29.24,27.96
T2M,1985,1.5,40.0,29.47,30.32,29.94,28.65,26.83,25.96,26.14,26.57,28.06,28.62,28.96,29.63,28.25
T2M,1985,1.5,40.625,30.07,30.86,30.41,29.0,27.73,26.85,26.86,27.08,28.31,28.81,29.83,30.25,28.83
T2M,1985,1.5,41.25,30.39,31.14,30.76,29.42,28.14,27.04,27.07,27.21,28.33,29.0,30.15,30.59,29.09
T2M,1985,1.5,41.875,30.37,30.84,30.65,29.18,27.87,26.9,27.05,27.04,28.2,28.89,30.02,30.37,28.94
T2M,1985,2.0,34.375,25.98,26.0,26.81,24.8,23.77,23.21,22.24,22.9,24.89,25.77,24.63,25.89,24.73
T2M,1985,2.0,35.0,23.88,24.37,24.75,23.22,22.47,22.28,21.73,22.17,23.79,24.08,23.27,23.73,23.3
T2M,1985,2.0,35.625,27.1,27.74,27.95,26.8,26.23,25.9,25.82,26.37,27.93,27.81,26.85,27.01,26.95
T2M,1985,2.0,36.25,28.69,29.49,29.56,28.88,29.2,28.89,28.59,28.84,29.98,29.65,28.77,28.72,29.1
T2M,1985,2.0,36.875,22.32,23.46,23.28,22.78,22.57,21.86,22.04,22.47,23.2,23.01,22.32,22.37,22.63
T2M,1985,2.0,37.5,25.69,26.77,26.71,25.91,25.23,24.4,24.61,25.16,26.14,26.28,25.66,25.84,25.69
T2M,1985,2.0,38.125,26.54,27.63,27.71,26.71,25.43,24.73,25.06,25.54,26.8,27.11,26.43,26.98,26.38
T2M,1985,2.0,38.75,27.94,28.87,29.02,27.7,26.06,25.33,25.69,26.11,27.58,28.06,27.71,28.5,27.37
T2M,1985,2.0,39.375,28.37,29.6,29.48,27.97,25.79,25.12,25.49,25.94,27.58,28.17,28.3,29.07,27.56
T2M,1985,2.0,40.0,28.66,29.71,29.51,27.85,25.65,24.91,25.49,25.87,27.51,28.02,28.39,29.12,27.54
T2M,1985,2.0,40.625,29.51,30.18,30.04,27.83,26.52,26.0,26.32,26.42,27.64,28.08,29.11,29.64,28.1
T2M,1985,2.0,41.25,30.05,30.68,30.68,28.78,27.4,26.55,26.84,26.92,28.14,28.66,29.76,30.27,28.72
T2M,1985,2.0,41.875,30.27,30.56,30.78,28.9,27.75,26.85,26.97,26.89,28.15,28.79,29.84,30.25,28.82
T2M,1985,2.5,34.375,24.95,25.39,25.8,24.48,23.94,23.67,22.53,23.07,25.06,25.01,24.31,25.02,24.43
T2M,1985,2.5,35.0,24.86,25.71,26.04,24.77,24.24,23.79,23.36,23.73,25.05,25.13,24.71,24.98,24.69
T2M,1985,2.5,35.625,27.81,28.29,28.85,27.6,27.12,26.63,26.84,27.13,28.25,28.18,27.73,27.77,27.68
T2M,1985,2.5,36.25,28.83,29.55,29.86,29.04,28.95,28.57,28.4,28.76,29.63,29.46,29.03,28.92,29.08
T2M,1985,2.5,36.875,25.08,26.2,26.14,25.19,24.63,23.91,24.27,24.71,25.5,25.57,25.16,25.34,25.14
T2M,1985,2.5,37.5,27.08,27.73,28.13,26.79,25.85,25.37,25.87,26.4,27.48,27.65,27.18,27.61,26.92
T2M,1985,2.5,38.125,25.71,26.36,26.89,25.47,23.94,23.48,24.07,24.59,26.03,26.3,25.96,26.59,25.44
T2M,1985,2.5,38.75,27.15,27.73,28.39,26.75,24.83,24.38,25.06,25.54,27.19,27.53,27.41,28.19,26.67
T2M,1985,2.5,39.375,27.52,28.24,28.76,26.95,24.68,24.21,24.9,25.31,27.1,27.38,27.61,28.55,26.76
T2M,1985,2.5,40.0,27.52,28.02,28.64,26.69,24.65,23.93,24.7,24.99,26.73,27.01,27.58,28.37,26.56
T2M,1985,2.5,40.625,28.4,28.91,29.38,27.17,25.86,25.2,25.7,25.72,27.0,27.28,28.24,28.83,27.3
T2M,1985,2.5,41.25,29.34,29.66,30.2,28.3,26.97,26.03,26.25,26.25,27.57,28.07,29.05,29.63,28.1
T2M,1985,2.5,41.875,29.51,29.66,30.3,28.41,27.29,26.13,26.23,26.13,27.5,28.02,29.08,29.55,28.14
T2M,1985,3.0,34.375,23.49,24.3,24.39,22.89,22.52,22.38,21.6,22.16,23.77,23.63,23.09,23.72,23.15
T2M,1985,3.0,35.0,25.74,26.63,26.95,25.62,24.99,24.63,24.37,24.98,26.19,26.1,25.62,26.04,25.65
T2M,1985,3.0,35.625,28.61,28.87,29.71,28.52,27.8,27.32,27.76,28.27,29.05,29.01,28.82,28.74,28.54
T2M,1985,3.0,36.25,29.05,29.41,30.07,29.06,28.32,27.81,28.15,28.49,29.42,29.52,29.42,29.37,29.01
T2M,1985,3.0,36.875,27.58,28.0,28.56,27.24,26.31,25.88,26.43,27.08,28.07,28.23,27.91,28.14,27.45
T2M,1985,3.0,37.5,27.62,27.87,28.45,26.88,25.83,25.58,26.27,26.85,28.1,28.2,27.98,28.44,27.34
T2M,1985,3.0,38.125,26.38,26.58,27.3,25.63,24.29,23.8,24.44,25.01,26.73,26.74,26.66,27.42,25.91
T2M,1985,3.0,38.75,26.78,26.84,27.61,25.5,23.8,23.45,24.27,24.93,26.69,26.55,26.67,27.63,25.89
T2M,1985,3.0,39.375,26.86,27.26,27.88,25.47,23.41,23.14,24.06,24.38,26.3,26.14,26.5,27.39,25.72
T2M,1985,3.0,40.0,26.74,27.07,27.88,25.44,23.62,23.08,24.05,24.3,26.07,25.92,26.42,27.17,25.64
T2M,1985,3.0,40.625,27.71,28.0,28.86,26.8,25.54,24.75,25.28,25.26,26.62,26.76,27.48,27.99,26.75
T2M,1985,3.0,41.25,28.68,28.83,29.86,27.7,26.58,25.68,25.9,25.82,27.21,27.57,28.47,28.81,27.59
T2M,1985,3.0,41.875,28.68,28.62,29.74,27.8,26.84,25.52,25.69,25.57,27.03,27.39,28.39,28.67,27.49
T2M,1985,3.5,34.375,23.57,24.36,24.51,22.46,22.09,22.24,21.71,22.42,23.75,23.68,23.16,23.7,23.13
T2M,1985,3.5,35.0,27.28,27.64,28.17,26.37,25.62,25.55,25.43,26.33,27.66,27.53,26.97,27.54,26.84
T2M,1985,3.5,35.625,28.63,28.96,29.68,28.04,27.16,26.85,27.28,28.12,29.14,29.09,28.93,28.91,28.4
T2M,1985,3.5,36.25,28.57,29.15,29.46,28.0,27.05,26.72,27.2,27.74,28.88,28.99,28.91,28.96,28.3
T2M,1985,3.5,36.875,27.91,28.22,28.67,26.71,25.48,25.43,26.23,27.1,28.52,28.56,28.3,28.55,27.47
T2M,1985,3.5,37.5,26.83,27.2,27.27,25.07,24.0,23.68,24.48,25.17,26.7,26.67,26.64,27.2,25.9
T2M,1985,3.5,38.125,25.48,25.95,25.99,23.49,22.19,21.45,22.43,23.11,24.93,24.85,25.01,25.64,24.2
T2M,1985,3.5,38.75,25.72,26.33,26.31,23.13,21.49,20.66,21.83,22.43,24.31,24.1,24.41,25.42,23.83
T2M,1985,3.5,39.375,24.67,25.59,25.69,22.71,21.06,19.99,21.05,21.55,23.55,23.26,23.39,24.24,23.05
T2M,1985,3.5,40.0,26.0,26.78,27.14,24.21,22.56,21.99,23.31,23.52,25.37,24.99,25.07,25.77,24.72
T2M,1985,3.5,40.625,26.57,27.06,27.92,25.38,24.32,23.74,24.58,24.51,25.94,25.8,26.08,26.57,25.7
T2M,1985,3.5,41.25,27.72,27.89,29.35,27.21,26.27,25.46,25.77,25.63,27.12,27.37,27.88,27.77,27.12
T2M,1985,3.5,41.875,28.94,28.82,30.48,28.49,27.75,26.59,26.78,26.61,28.19,28.45,29.19,28.95,28.27
T2M,1985,4.0,34.375,26.53,27.05,27.23,24.45,23.97,24.2,23.8,24.99,26.57,26.5,25.4,26.63,25.6
T2M,1985,4.0,35.0,28.75,28.79,29.47,26.9,26.07,26.22,26.5,27.62,29.02,28.84,28.02,28.94,27.93
T2M,1985,4.0,35.625,27.82,28.11,28.79,26.49,25.35,25.21,25.68,26.58,28.01,28.07,27.82,28.07,27.16
T2M,1985,4.0,36.25,29.07,29.56,29.75,27.89,26.62,26.47,26.97,27.63,29.05,29.1,29.19,29.38,28.38
T2M,1985,4.0,36.875,27.75,27.85,28.08,25.32,23.72,23.66,24.71,25.62,27.52,27.37,27.38,27.98,26.41
T2M,1985,4.0,37.5,27.67,27.71,27.76,24.49,22.96,22.5,23.61,24.51,26.47,26.31,26.58,27.56,25.67
T2M,1985,4.0,38.125,24.18,24.77,24.55,21.17,19.78,18.46,19.24,19.9,21.89,21.77,22.21,23.47,21.77
T2M,1985,4.0,38.75,22.53,23.33,23.22,20.22,18.9,17.44,18.08,18.5,20.73,20.53,20.55,21.65,20.46
T2M,1985,4.0,39.375,23.46,24.92,24.44,21.35,19.98,18.61,19.52,20.05,22.47,21.84,21.52,22.38,21.69
T2M,1985,4.0,40.0,25.02,26.3,26.06,22.82,21.45,20.59,21.95,22.42,24.5,23.73,23.51,24.31,23.54
T2M,1985,4.0,40.625,25.41,26.3,26.95,24.09,23.12,22.93,23.98,23.96,25.53,25.11,24.81,25.17,24.77
T2M,1985,4.0,41.25,27.51,27.85,29.4,26.99,26.02,25.71,26.17,26.12,27.68,27.68,27.59,27.42,27.17
T2M,1985,4.0,41.875,29.43,29.34,31.23,28.94,28.16,27.5,27.82,27.75,29.4,29.43,29.78,29.32,29.01
T2M,1985,4.5,34.375,28.83,29.24,29.44,25.82,25.82,26.16,25.64,27.33,28.89,28.78,27.14,29.02,27.67
T2M,1985,4.5,35.0,29.09,29.05,29.95,26.36,25.46,25.67,26.23,27.71,29.26,29.09,27.99,29.21,27.92
T2M,1985,4.5,35.625,28.77,28.7,29.62,26.47,25.12,25.18,25.81,26.76,28.61,28.63,28.3,28.81,27.56
T2M,1985,4.5,36.25,29.7,29.67,30.33,27.28,25.7,25.78,26.63,27.62,29.34,29.28,29.31,29.82,28.37
T2M,1985,4.5,36.875,28.59,28.61,28.99,25.7,23.86,23.59,24.52,25.37,27.35,27.48,27.79,28.44,26.68
T2M,1985,4.5,37.5,26.32,26.56,26.67,22.82,21.15,20.49,21.45,22.67,24.64,24.49,24.7,25.77,23.97
T2M,1985,4.5,38.125,22.11,23.19,22.83,19.9,18.64,17.4,17.64,18.23,20.26,20.09,20.09,20.95,20.09
T2M,1985,4.5,38.75,22.69,24.21,23.61,20.64,19.36,18.16,18.76,19.27,21.64,21.02,20.79,21.45,20.95
T2M,1985,4.5,39.375,24.38,26.16,25.37,22.0,20.75,19.72,20.8,21.26,23.71,22.91,22.66,23.25,22.73
T2M,1985,4.5,40.0,23.53,24.92,24.62,21.62,20.36,19.29,20.48,20.9,23.05,22.36,22.14,22.51,22.13
T2M,1985,4.5,40.625,24.87,25.96,26.31,23.18,22.22,22.19,23.22,23.52,25.24,24.46,24.05,24.03,24.09
T2M,1985,4.5,41.25,25.45,26.2,27.42,24.71,23.55,23.71,24.36,24.43,26.11,25.7,25.37,24.95,25.16
T2M,1985,4.5,41.875,29.18,29.31,31.14,28.45,27.36,27.36,27.96,28.0,29.68,29.34,29.23,28.83,28.82
T2M,1986,-0.5,34.375,24.61,26.11,25.04,23.27,22.68,22.33,22.33,23.55,24.32,24.03,23.1,22.75,23.66
T2M,1986,-0.5,35.0,21.55,23.35,22.46,20.48,19.42,18.64,18.29,19.44,20.27,20.96,20.38,19.47,20.37
T2M,1986,-0.5,35.625,15.58,16.67,16.59,15.45,14.33,13.46,13.03,13.15,13.83,14.92,14.99,14.36,14.68
T2M,1986,-0.5,36.25,16.5,16.86,16.7,15.99,14.62,13.77,13.24,13.44,14.16,15.46,15.5,14.98,15.09
T2M,1986,-0.5,36.875,16.35,16.81,16.88,16.51,15.34,14.06,13.58,13.91,14.68,16.07,15.87,15.54,15.46
T2M,1986,-0.5,37.5,20.45,21.3,21.35,20.54,19.16,17.65,17.41,18.09,18.87,20.44,19.89,19.06,19.51
T2M,1986,-0.5,38.125,24.76,25.71,25.89,24.81,23.98,22.8,22.59,23.01,23.8,25.15,23.98,22.86,24.1
T2M,1986,-0.5,38.75,27.25,28.12,28.4,26.59,25.44,24.52,24.08,24.48,25.38,27.1,26.17,24.93,26.03
T2M,1986,-0.5,39.375,28.79,29.53,30.28,27.7,26.0,24.65,24.52,25.04,26.1,28.3,27.8,26.92,27.12
T2M,1986,-0.5,40.0,29.26,29.98,30.79,28.19,26.32,24.65,24.46,25.13,26.29,28.58,28.44,27.44,27.45
T2M,1986,-0.5,40.625,29.2,29.87,30.8,28.47,26.26,24.11,23.83,24.75,26.12,28.28,28.76,27.31,27.3
T2M,1986,-0.5,41.25,28.97,29.53,30.51,28.64,26.44,24.22,23.98,25.08,26.42,28.27,28.83,27.51,27.35
T2M,1986,-0.5,41.875,28.19,28.55,29.68,28.69,27.02,24.98,24.69,25.47,26.48,27.77,28.61,27.92,27.33
T2M,1986,-1.0,34.375,22.8,23.92,23.41,22.11,20.81,20.95,21.16,22.88,23.6,23.05,21.84,20.64,22.25
T2M,1986,-1.0,35.0,20.23,21.52,21.04,19.33,17.63,17.07,17.09,18.42,19.38,20.09,19.18,18.39,19.1
T2M,1986,-1.0,35.625,19.36,20.69,19.8,18.07,16.13,14.94,14.66,15.71,16.9,18.41,17.89,17.38,17.47
T2M,1986,-1.0,36.25,18.24,18.98,18.65,17.44,15.47,14.1,13.63,14.74,16.0,17.53,17.16,16.45,16.52
T2M,1986,-1.0,36.875,18.68,19.7,19.48,18.82,17.0,16.03,16.29,17.18,18.08,19.13,18.4,17.38,18.0
T2M,1986,-1.0,37.5,22.04,23.02,22.86,22.03,20.48,19.01,18.75,19.65,20.61,22.23,21.5,20.4,21.03
T2M,1986,-1.0,38.125,24.08,24.85,24.83,23.73,23.1,21.63,21.1,21.51,22.35,23.91,22.9,22.24,23.01
T2M,1986,-1.0,38.75,27.45,28.31,28.28,26.35,25.43,24.48,23.93,24.31,25.17,26.91,25.86,24.96,25.94
T2M,1986,-1.0,39.375,28.98,29.78,30.24,27.34,25.78,24.65,24.54,25.02,26.02,28.17,27.5,26.85,27.06
T2M,1986,-1.0,40.0,29.46,30.26,30.86,27.97,26.2,24.67,24.56,25.19,26.3,28.6,28.18,27.24,27.44
T2M,1986,-1.0,40.625,28.95,29.69,30.59,28.15,26.07,23.95,23.6,24.52,25.87,28.14,28.49,27.02,27.07
T2M,1986,-1.0,41.25,28.39,28.99,30.02,28.26,26.22,23.98,23.43,24.5,25.9,27.8,28.43,27.38,26.93
T2M,1986,-1.0,41.875,26.98,27.34,28.64,28.21,26.9,25.25,24.56,25.02,25.69,26.91,27.93,27.44,26.73
T2M,1986,-1.5,34.375,23.28,24.4,23.98,22.73,21.03,21.7,22.22,23.75,24.34,23.52,22.34,20.77,22.83
T2M,1986,-1.5,35.0,21.43,22.43,22.08,20.45,18.33,18.62,19.1,20.76,21.48,21.77,20.47,19.18,20.5
T2M,1986,-1.5,35.625,18.68,19.48,19.32,17.98,16.07,14.87,14.93,16.29,17.52,18.86,18.07,17.15,17.42
T2M,1986,-1.5,36.25,23.09,24.26,23.44,22.16,19.75,19.03,19.13,20.41,21.64,23.06,22.11,20.74,21.55
T2M,1986,-1.5,36.875,20.46,21.44,20.85,20.11,18.26,17.82,18.24,18.78,19.42,20.5,19.7,18.7,19.51
T2M,1986,-1.5,37.5,21.32,22.31,22.16,21.4,19.77,18.67,18.57,19.23,19.87,21.47,20.9,19.87,20.45
T2M,1986,-1.5,38.125,23.89,24.77,24.97,24.11,23.15,21.53,20.98,21.49,22.38,24.06,23.35,22.53,23.09
T2M,1986,-1.5,38.75,27.49,28.3,28.12,26.39,25.39,24.33,23.77,24.12,24.95,26.76,25.84,25.24,25.88
T2M,1986,-1.5,39.375,28.92,29.77,29.75,27.16,25.84,24.28,24.14,24.74,25.72,27.81,27.06,26.72,26.81
T2M,1986,-1.5,40.0,29.41,30.33,30.7,27.69,25.9,24.06,24.1,24.9,26.07,28.29,27.88,27.27,27.2
T2M,1986,-1.5,40.625,28.79,29.66,30.45,28.1,26.16,24.01,23.6,24.44,25.74,28.01,28.34,27.22,27.03
T2M,1986,-1.5,41.25,27.94,28.6,29.6,28.14,26.35,24.22,23.57,24.53,25.8,27.65,28.2,27.57,26.84
T2M,1986,-1.5,41.875,26.02,26.39,27.66,27.81,26.97,25.77,24.64,24.68,25.06,26.06,27.34,27.08,26.29
T2M,1986,-1.7975103014118005e-13,34.375,23.49,24.86,24.56,22.51,22.48,21.57,21.31,22.15,22.6,23.07,22.91,22.46,22.82
T2M,1986,-1.7975103014118005e-13,35.0,21.27,22.63,22.61,20.71,20.1,19.12,18.53,19.4,19.92,20.81,20.63,19.86,20.45
T2M,1986,-1.7975103014118005e-13,35.625,15.54,16.43,16.9,16.17,15.39,14.68,14.04,14.3,14.76,15.33,15.46,14.57,15.29
T2M,1986,-1.7975103014118005e-13,36.25,19.14,19.4,19.39,18.83,17.62,16.77,16.06,16.34,17.41,18.4,18.29,16.91,17.87
T2M,1986,-1.7975103014118005e-13,36.875,17.84,17.98,18.14,18.1,17.18,16.19,15.64,15.92,16.89,17.74,17.44,16.42,17.12
T2M,1986,-1.7975103014118005e-13,37.5,17.06,17.45,17.86,17.57,16.85,15.61,15.29,15.68,16.47,17.38,17.02,16.21,16.7
T2M,1986,-1.7975103014118005e-13,38.125,24.92,25.89,26.29,25.41,24.48,23.3,23.37,23.9,24.75,25.75,24.77,23.74,24.71
T2M,1986,-1.7975103014118005e-13,38.75,27.65,28.52,29.0,27.41,26.27,25.21,24.8,25.28,26.23,27.86,27.18,26.12,26.78
T2M,1986,-1.7975103014118005e-13,39.375,28.9,29.58,30.5,28.32,26.7,25.27,24.89,25.48,26.59,28.59,28.52,27.65,27.57
T2M,1986,-1.7975103014118005e-13,40.0,29.29,29.91,30.9,28.77,26.92,25.2,24.79,25.46,26.7,28.7,29.05,28.15,27.81
T2M,1986,-1.7975103014118005e-13,40.625,29.43,30.04,30.96,28.99,26.92,24.73,24.49,25.43,26.87,28.54,29.21,28.06,27.79
T2M,1986,-1.7975103014118005e-13,41.25,29.43,29.98,30.78,28.99,26.99,24.87,24.85,25.86,27.14,28.42,29.16,28.09,27.87
T2M,1986,-1.7975103014118005e-13,41.875,29.04,29.42,30.21,28.96,27.35,25.21,25.19,26.06,27.18,27.99,28.77,28.24,27.79
T2M,1986,-2.0,34.375,23.62,25.28,24.75,23.31,21.18,22.06,22.62,24.15,25.0,24.45,22.96,21.37,23.38
T2M,1986,-2.0,35.0,21.23,22.6,22.29,20.64,18.59,18.8,19.37,20.85,21.6,22.23,20.72,19.53,20.69
T2M,1986,-2.0,35.625,18.89,19.53,19.78,18.57,16.76,15.41,15.02,16.83,17.89,19.49,18.65,17.74,17.87
T2M,1986,-2.0,36.25,25.24,26.59,26.12,24.9,23.21,21.89,21.84,23.07,24.19,25.58,24.84,23.4,24.22
T2M,1986,-2.0,36.875,21.13,22.26,21.8,20.78,19.34,18.6,18.84,19.07,19.7,20.98,20.43,19.53,20.19
T2M,1986,-2.0,37.5,22.15,23.13,23.11,22.18,20.79,19.68,19.52,19.91,20.55,22.16,21.68,20.68,21.28
T2M,1986,-2.0,38.125,24.63,25.45,25.56,24.59,23.58,22.08,21.51,21.86,22.63,24.47,23.93,23.08,23.6
T2M,1986,-2.0,38.75,27.51,28.38,28.07,26.3,25.2,24.08,23.53,23.88,24.68,26.63,25.88,25.31,25.77
T2M,1986,-2.0,39.375,28.72,29.58,29.35,27.0,25.6,23.84,23.66,24.37,25.31,27.45,26.9,26.64,26.52
T2M,1986,-2.0,40.0,29.17,30.05,30.04,27.52,25.84,24.09,24.17,24.86,25.88,27.84,27.65,27.42,27.03
T2M,1986,-2.0,40.625,28.4,29.12,29.77,28.02,26.29,24.33,23.75,24.43,25.61,27.4,28.11,27.67,26.89
T2M,1986,-2.0,41.25,26.71,27.22,28.28,28.03,26.85,25.35,24.65,24.81,25.37,26.5,27.75,27.64,26.59
T2M,1986,-2.0,41.875,25.62,26.03,27.18,27.6,27.12,26.19,24.83,24.51,24.78,25.66,27.12,26.91,26.13
T2M,1986,-2.5,34.375,22.46,24.36,24.07,22.39,20.46,20.68,21.68,23.32,24.47,24.38,22.5,20.92,22.63
T2M,1986,-2.5,35.0,19.99,21.4,21.61,19.91,17.88,17.51,17.96,19.84,20.91,21.92,20.16,18.92,19.82
T2M,1986,-2.5,35.625,21.06,22.19,22.73,21.11,18.72,17.51,17.51,19.61,20.87,22.84,21.4,19.88,20.44
T2M,1986,-2.5,36.25,24.04,25.6,25.71,24.15,22.21,20.56,20.54,22.22,23.68,25.33,24.33,22.63,23.4
T2M,1986,-2.5,36.875,21.71,23.24,23.39,22.3,21.07,19.32,19.85,21.06,22.1,22.83,21.88,20.43,21.59
T2M,1986,-2.5,37.5,22.19,23.65,23.88,22.52,21.02,19.98,20.19,20.82,21.45,22.86,22.26,20.73,21.78
T2M,1986,-2.5,38.125,24.43,25.6,25.63,24.44,23.4,21.91,21.55,21.88,22.6,24.42,23.95,22.8,23.54
T2M,1986,-2.5,38.75,27.39,28.43,28.27,26.33,25.07,23.85,23.41,23.75,24.52,26.6,26.24,25.15,25.73
T2M,1986,-2.5,39.375,28.22,29.14,29.03,26.81,25.28,23.27,22.98,23.82,24.78,27.05,26.95,26.26,26.12
T2M,1986,-2.5,40.0,28.11,28.82,29.05,27.33,25.67,24.0,23.9,24.41,25.27,27.05,27.5,27.17,26.51
T2M,1986,-2.5,40.625,27.06,27.52,28.39,27.79,26.53,25.1,24.23,24.4,25.16,26.42,27.67,27.74,26.49
T2M,1986,-2.5,41.25,25.66,26.17,27.19,27.55,27.03,26.0,24.72,24.35,24.74,25.6,27.13,27.07,26.1
T2M,1986,-2.5,41.875,25.67,26.18,27.18,27.58,27.14,26.19,24.84,24.53,24.81,25.67,27.18,27.0,26.16
T2M,1986,-3.0,34.375,21.56,23.53,23.54,21.85,20.25,19.89,20.45,21.93,23.37,24.52,22.77,20.65,22.01
T2M,1986,-3.0,35.0,19.7,21.38,21.65,19.66,17.94,16.86,17.24,19.21,20.81,22.48,20.87,19.12,19.73
T2M,1986,-3.0,35.625,16.79,17.67,18.53,16.72,15.16,13.29,13.08,14.67,16.24,18.77,17.72,16.48,16.25
T2M,1986,-3.0,36.25,22.07,23.72,24.46,21.53,19.36,17.55,17.61,19.61,21.21,24.1,22.85,20.84,21.23
T2M,1986,-3.0,36.875,20.78,22.45,23.32,20.83,18.63,16.21,16.21,18.03,20.38,23.09,21.84,19.99,20.13
T2M,1986,-3.0,37.5,17.54,18.47,19.14,17.79,16.33,14.18,13.81,14.89,16.02,18.16,17.96,16.94,16.76
T2M,1986,-3.0,38.125,24.01,25.23,25.54,23.98,22.77,21.08,20.73,21.17,21.88,24.0,23.94,22.49,23.05
T2M,1986,-3.0,38.75,26.83,28.12,28.03,25.83,24.5,23.07,22.77,23.2,24.0,26.14,26.1,24.53,25.24
T2M,1986,-3.0,39.375,27.81,28.89,28.8,26.59,24.97,22.88,22.65,23.49,24.4,26.72,27.0,26.02,25.83
T2M,1986,-3.0,40.0,27.18,27.78,28.39,27.23,25.79,24.35,24.03,24.2,24.93,26.56,27.42,26.88,26.22
T2M,1986,-3.0,40.625,26.03,26.33,27.44,27.54,26.84,25.78,24.58,24.21,24.71,25.69,27.17,27.34,26.14
T2M,1986,-3.0,41.25,25.82,26.27,27.29,27.59,27.08,26.09,24.76,24.37,24.75,25.62,27.18,27.19,26.16
T2M,1986,-3.0,41.875,25.79,26.32,27.24,27.6,27.17,26.2,24.83,24.56,24.81,25.64,27.2,27.14,26.2
T2M,1986,-3.5,34.375,22.63,24.8,24.46,23.4,21.9,21.47,21.32,22.61,24.0,25.54,24.65,22.24,23.24
T2M,1986,-3.5,35.0,21.16,23.17,22.77,21.22,19.74,18.7,18.35,19.93,21.28,23.23,22.57,21.01,21.08
T2M,1986,-3.5,35.625,19.91,21.49,21.24,19.44,17.92,16.32,15.91,17.44,19.16,21.41,20.75,19.65,19.2
T2M,1986,-3.5,36.25,22.13,24.04,23.58,21.27,19.63,17.84,17.78,19.53,20.96,23.11,22.57,21.49,21.14
T2M,1986,-3.5,36.875,22.41,24.42,23.68,21.05,19.4,16.89,17.05,18.55,20.35,22.71,22.34,22.05,20.89
T2M,1986,-3.5,37.5,24.56,26.49,25.92,23.31,21.55,19.14,19.15,20.5,22.06,24.57,24.28,23.99,22.94
T2M,1986,-3.5,38.125,23.27,24.68,24.6,22.53,21.19,19.38,19.08,19.61,20.37,22.88,22.98,21.77,21.84
T2M,1986,-3.5,38.75,25.34,26.62,26.5,24.63,23.39,21.56,21.1,21.69,22.5,24.75,24.9,23.88,23.89
T2M,1986,-3.5,39.375,27.17,28.12,27.98,25.98,24.49,22.41,22.18,22.95,23.84,26.0,26.45,25.79,25.26
T2M,1986,-3.5,40.0,26.82,27.16,27.91,27.23,26.3,25.08,24.34,24.16,24.71,26.12,27.15,27.09,26.17
T2M,1986,-3.5,40.625,26.18,26.35,27.44,27.49,26.93,25.9,24.64,24.19,24.65,25.71,27.15,27.39,26.17
T2M,1986,-3.5,41.25,26.08,26.36,27.41,27.6,27.09,26.15,24.8,24.38,24.76,25.69,27.2,27.37,26.24
T2M,1986,-3.5,41.875,25.93,26.39,27.34,27.63,27.18,26.18,24.8,24.56,24.79,25.68,27.23,27.29,26.25
T2M,1986,-4.0,34.375,22.83,25.04,24.68,23.92,22.81,22.09,21.78,23.1,24.58,25.91,25.71,22.58,23.74
T2M,1986,-4.0,35.0,20.54,22.44,22.03,20.83,19.66,18.75,18.47,19.8,21.12,22.83,22.53,20.67,20.79
T2M,1986,-4.0,35.625,19.73,21.01,20.77,19.29,18.07,16.38,15.78,17.35,18.95,21.26,20.86,19.81,19.09
T2M,1986,-4.0,36.25,21.84,23.6,23.04,21.09,19.83,18.13,17.83,19.45,20.94,23.15,22.67,21.73,21.09
T2M,1986,-4.0,36.875,21.75,23.4,22.88,20.79,19.46,17.34,17.32,18.53,20.03,22.42,22.07,21.69,20.62
T2M,1986,-4.0,37.5,23.49,25.54,24.77,22.53,21.26,18.98,18.87,20.22,21.55,23.86,23.6,23.12,22.3
T2M,1986,-4.0,38.125,24.31,26.19,25.42,23.4,22.22,20.06,19.92,20.85,21.7,23.95,23.96,23.42,22.93
T2M,1986,-4.0,38.75,25.56,27.01,26.37,24.16,22.94,21.12,20.86,21.5,22.37,24.78,24.9,24.32,23.81
T2M,1986,-4.0,39.375,27.26,27.93,28.02,26.12,24.79,22.91,22.71,23.24,24.23,26.17,26.72,26.5,25.54
T2M,1986,-4.0,40.0,26.52,26.66,27.68,27.36,26.81,25.61,24.52,24.16,24.6,25.83,27.03,27.4,26.18
T2M,1986,-4.0,40.625,26.37,26.54,27.57,27.5,27.01,25.91,24.67,24.18,24.63,25.79,27.15,27.51,26.23
T2M,1986,-4.0,41.25,26.27,26.53,27.57,27.59,27.09,26.13,24.81,24.36,24.73,25.78,27.23,27.5,26.3
T2M,1986,-4.0,41.875,26.09,26.49,27.46,27.6,27.16,26.13,24.79,24.51,24.74,25.74,27.21,27.42,26.28
T2M,1986,-4.5,34.375,21.6,24.37,23.33,22.33,21.81,20.16,19.71,21.19,22.79,24.47,24.51,21.45,22.29
T2M,1986,-4.5,35.0,19.49,21.64,20.77,19.51,18.64,17.18,16.76,18.25,19.7,21.45,21.35,19.78,19.53
T2M,1986,-4.5,35.625,19.46,20.94,20.44,18.88,17.86,16.22,15.59,17.26,18.71,20.87,20.58,19.76,18.87
T2M,1986,-4.5,36.25,21.8,23.87,22.89,20.96,20.06,18.39,17.99,19.6,20.98,23.12,22.69,22.04,21.18
T2M,1986,-4.5,36.875,21.47,23.46,22.44,20.51,19.49,17.51,17.35,18.48,19.75,22.12,21.84,21.69,20.49
T2M,1986,-4.5,37.5,22.8,24.9,23.85,21.75,20.62,18.22,18.15,19.25,20.58,23.18,22.96,22.72,21.56
T2M,1986,-4.5,38.125,23.07,24.96,24.29,22.3,21.05,18.34,18.1,19.33,20.52,23.02,23.05,22.61,21.7
T2M,1986,-4.5,38.75,25.37,26.92,26.32,24.29,23.15,21.0,20.76,21.61,22.59,24.83,25.08,24.65,23.86
T2M,1986,-4.5,39.375,27.18,27.79,28.08,26.72,25.83,24.34,23.71,23.86,24.67,26.31,27.12,27.06,26.05
T2M,1986,-4.5,40.0,26.55,26.78,27.77,27.42,27.0,25.71,24.58,24.18,24.63,25.82,27.11,27.57,26.26
T2M,1986,-4.5,40.625,26.54,26.81,27.73,27.51,27.1,25.87,24.68,24.14,24.6,25.82,27.12,27.63,26.29
T2M,1986,-4.5,41.25,26.42,26.76,27.69,27.57,27.12,26.05,24.8,24.31,24.68,25.81,27.16,27.62,26.33
T2M,1986,-4.5,41.875,26.26,26.65,27.54,27.55,27.14,26.07,24.79,24.42,24.71,25.78,27.17,27.54,26.3
T2M,1986,0.5,34.375,23.04,24.6,24.34,21.97,21.49,20.21,19.82,20.7,20.92,21.86,22.26,21.79,21.9
T2M,1986,0.5,35.0,19.35,20.82,21.0,19.49,18.76,17.53,17.02,17.57,17.85,18.53,18.66,18.04,18.7
T2M,1986,0.5,35.625,19.97,20.76,20.68,19.71,18.59,17.8,17.07,17.33,18.02,18.83,19.12,17.84,18.8
T2M,1986,0.5,36.25,22.56,22.94,22.77,22.43,21.46,20.23,19.47,19.82,21.35,22.16,22.01,20.67,21.48
T2M,1986,0.5,36.875,19.58,20.19,20.07,20.36,19.72,18.62,18.03,18.32,19.56,20.08,19.59,18.26,19.36
T2M,1986,0.5,37.5,22.47,23.42,23.37,22.96,22.35,21.44,21.26,21.77,22.61,23.0,22.37,21.27,22.35
T2M,1986,0.5,38.125,24.9,25.96,26.3,25.39,24.37,23.19,22.87,23.56,24.44,25.54,24.97,24.01,24.62
T2M,1986,0.5,38.75,27.62,28.46,28.99,27.65,26.49,25.23,24.72,25.33,26.29,27.87,27.62,26.68,26.9
T2M,1986,0.5,39.375,29.1,29.66,30.59,28.67,27.21,25.75,25.26,25.96,27.07,28.79,28.97,27.94,27.9
T2M,1986,0.5,40.0,29.51,30.03,31.01,29.13,27.5,25.77,25.29,26.03,27.29,28.94,29.39,28.41,28.18
T2M,1986,0.5,40.625,29.72,30.2,31.01,29.48,27.89,25.81,25.42,26.26,27.63,28.88,29.51,28.57,28.35
T2M,1986,0.5,41.25,29.8,30.22,30.85,29.38,27.93,25.96,25.69,26.57,27.72,28.66,29.44,28.71,28.4
T2M,1986,0.5,41.875,29.56,29.92,30.48,29.35,28.07,26.02,25.88,26.69,27.69,28.21,28.98,28.65,28.28
T2M,1986,1.0,34.375,18.16,19.85,19.93,18.45,17.64,16.4,15.95,16.5,16.67,17.68,17.71,17.25,17.67
T2M,1986,1.0,35.0,17.44,18.66,18.76,17.83,16.82,15.82,15.3,15.64,15.96,16.34,16.55,15.96,16.74
T2M,1986,1.0,35.625,20.95,21.55,21.27,20.32,19.2,18.43,17.71,18.1,19.22,20.51,20.24,18.8,19.68
T2M,1986,1.0,36.25,24.31,24.85,24.79,24.47,23.83,22.33,21.88,22.46,23.86,24.63,24.07,22.72,23.67
T2M,1986,1.0,36.875,19.87,20.82,20.9,21.02,20.63,19.3,18.79,19.18,20.03,20.48,20.21,19.24,20.03
T2M,1986,1.0,37.5,23.67,24.81,24.89,24.47,23.82,22.69,22.43,23.04,23.77,24.42,24.0,22.78,23.72
T2M,1986,1.0,38.125,26.79,27.77,28.06,27.24,26.49,24.97,24.56,25.21,26.08,27.3,26.92,25.79,26.42
T2M,1986,1.0,38.75,28.71,29.45,30.05,28.77,27.78,26.37,25.8,26.37,27.32,28.88,28.76,27.55,27.97
T2M,1986,1.0,39.375,29.36,29.88,30.74,28.89,27.57,26.2,25.67,26.33,27.44,29.03,29.21,27.92,28.18
T2M,1986,1.0,40.0,29.57,30.04,30.88,29.22,27.79,26.06,25.55,26.32,27.55,28.95,29.37,28.16,28.28
T2M,1986,1.0,40.625,29.93,30.33,30.98,29.53,28.37,26.35,25.93,26.71,27.99,29.0,29.57,28.49,28.59
T2M,1986,1.0,41.25,30.13,30.5,30.96,29.57,28.53,26.57,26.26,27.07,28.16,28.97,29.64,28.85,28.76
T2M,1986,1.0,41.875,29.91,30.33,30.7,29.94,28.69,26.64,26.41,27.12,28.09,28.63,29.24,28.99,28.71
T2M,1986,1.5,34.375,24.61,25.5,25.17,23.21,21.62,20.28,19.9,20.69,21.2,23.15,23.38,22.42,22.58
T2M,1986,1.5,35.0,22.21,22.95,22.76,21.56,20.25,19.15,18.54,19.17,19.93,21.14,21.34,20.17,20.75
T2M,1986,1.5,35.625,24.73,25.26,25.42,24.4,23.84,22.38,21.95,22.84,24.04,24.85,24.36,23.0,23.91
T2M,1986,1.5,36.25,26.86,27.46,27.82,27.19,26.75,25.27,25.01,25.85,27.32,27.69,26.95,25.57,26.64
T2M,1986,1.5,36.875,22.56,23.47,23.56,23.18,23.03,21.88,21.45,21.98,22.84,23.13,22.58,21.66,22.6
T2M,1986,1.5,37.5,25.12,26.12,26.48,25.88,25.37,23.92,23.53,24.28,25.11,25.89,25.52,24.22,25.11
T2M,1986,1.5,38.125,27.77,28.77,29.13,27.96,27.7,26.14,25.58,26.14,27.04,28.29,27.93,26.6,27.41
T2M,1986,1.5,38.75,28.97,29.78,30.17,28.54,27.85,26.75,26.16,26.71,27.66,29.05,28.8,27.31,28.13
T2M,1986,1.5,39.375,29.21,29.8,30.58,28.82,27.61,26.19,25.63,26.37,27.47,28.89,29.05,27.56,28.09
T2M,1986,1.5,40.0,29.51,30.02,30.76,28.97,27.76,26.17,25.73,26.5,27.71,29.0,29.18,27.83,28.25
T2M,1986,1.5,40.625,29.87,30.39,30.96,29.42,28.48,26.59,26.16,26.88,28.08,29.03,29.47,28.2,28.62
T2M,1986,1.5,41.25,30.12,30.63,30.96,29.95,28.71,26.88,26.46,27.2,28.23,29.15,29.65,28.91,28.89
T2M,1986,1.5,41.875,29.86,30.37,30.68,30.1,28.73,26.78,26.49,27.18,28.13,28.72,29.28,28.91,28.76
T2M,1986,2.0,34.375,26.42,27.18,27.17,25.5,23.99,22.67,22.3,23.19,24.19,25.82,25.8,24.72,24.9
T2M,1986,2.0,35.0,24.23,25.03,25.09,23.87,22.85,21.61,21.13,21.86,23.0,24.1,23.95,22.65,23.27
T2M,1986,2.0,35.625,27.35,28.14,28.39,27.36,26.9,25.19,24.88,25.79,27.35,28.05,27.49,26.04,26.9
T2M,1986,2.0,36.25,29.01,29.79,30.14,29.39,29.24,27.87,27.84,28.61,29.76,29.96,29.38,28.08,29.08
T2M,1986,2.0,36.875,22.97,23.82,23.96,23.36,23.49,22.1,21.8,22.35,22.96,23.39,23.01,22.05,22.93
T2M,1986,2.0,37.5,26.32,27.34,27.51,26.58,26.27,24.85,24.49,25.14,25.89,26.79,26.55,25.16,26.06
T2M,1986,2.0,38.125,27.4,28.53,28.62,27.11,26.82,25.6,25.09,25.73,26.64,27.73,27.38,25.84,26.86
T2M,1986,2.0,38.75,28.69,29.72,29.89,28.13,27.43,26.3,25.69,26.42,27.44,28.7,28.55,26.98,27.82
T2M,1986,2.0,39.375,28.98,29.82,30.3,28.4,27.25,25.93,25.36,26.25,27.36,28.6,28.66,27.1,27.82
T2M,1986,2.0,40.0,28.92,29.73,30.28,28.23,27.05,25.66,25.13,26.06,27.27,28.38,28.47,27.05,27.67
T2M,1986,2.0,40.625,29.05,29.88,30.41,28.55,27.83,25.99,25.6,26.33,27.5,28.33,28.51,27.09,27.91
T2M,1986,2.0,41.25,29.67,30.45,30.96,29.49,28.48,26.61,26.29,27.03,28.09,28.91,29.11,28.14,28.59
T2M,1986,2.0,41.875,29.55,30.26,30.89,30.22,28.73,26.66,26.41,27.08,28.08,28.58,29.26,28.72,28.69
T2M,1986,2.5,34.375,25.52,26.48,26.19,24.79,23.56,22.5,21.98,22.73,24.21,25.11,24.84,23.96,24.31
T2M,1986,2.5,35.0,25.3,26.31,26.16,25.25,24.34,22.98,22.5,23.12,24.35,25.37,25.15,24.01,24.56
T2M,1986,2.5,35.625,27.93,29.05,28.95,28.15,27.7,25.95,25.57,26.53,28.11,28.6,28.21,26.89,27.63
T2M,1986,2.5,36.25,29.17,30.04,30.06,29.56,29.48,28.1,28.03,28.52,29.44,29.8,29.51,28.41,29.17
T2M,1986,2.5,36.875,25.84,26.74,26.52,25.79,25.71,24.46,24.27,24.64,25.28,26.02,25.8,24.76,25.48
T2M,1986,2.5,37.5,28.11,29.22,28.79,27.56,27.27,26.25,25.96,26.52,27.29,28.18,27.89,26.3,27.43
T2M,1986,2.5,38.125,27.11,28.23,27.99,26.07,25.55,24.58,24.12,24.95,25.9,26.87,26.63,24.83,26.05
T2M,1986,2.5,38.75,28.37,29.54,29.47,27.21,26.42,25.56,25.07,25.98,27.05,28.08,27.87,25.93,27.2
T2M,1986,2.5,39.375,28.41,29.56,29.71,27.26,26.01,25.14,24.67,25.75,26.88,27.93,27.79,26.05,27.08
T2M,1986,2.5,40.0,27.9,29.14,29.48,26.98,25.77,24.72,24.27,25.29,26.58,27.56,27.48,25.81,26.73
T2M,1986,2.5,40.625,27.85,29.29,29.91,27.63,26.74,25.29,24.98,25.74,26.9,27.63,27.76,26.48,27.17
T2M,1986,2.5,41.25,28.71,29.99,30.7,28.82,27.7,26.1,25.67,26.41,27.51,28.3,28.63,27.93,28.03
T2M,1986,2.5,41.875,28.52,29.73,30.54,29.18,27.76,26.05,25.65,26.37,27.39,27.98,28.71,28.22,28.0
T2M,1986,3.0,34.375,24.14,25.28,24.68,23.51,22.14,21.28,20.71,21.36,22.72,23.61,23.58,22.68,22.96
T2M,1986,3.0,35.0,26.34,27.45,26.99,26.15,25.11,23.95,23.45,24.06,25.38,26.33,26.29,25.02,25.53
T2M,1986,3.0,35.625,28.83,30.05,29.52,28.95,28.6,27.09,26.78,27.66,28.92,29.44,29.22,27.75,28.56
T2M,1986,3.0,36.25,29.53,30.53,30.06,29.4,29.43,28.13,27.97,28.41,29.2,29.92,29.75,28.48,29.22
T2M,1986,3.0,36.875,28.5,29.65,28.8,27.78,27.7,26.62,26.63,27.14,27.88,28.74,28.36,26.78,27.87
T2M,1986,3.0,37.5,28.89,30.01,29.19,27.51,27.28,26.53,26.42,27.1,27.93,28.8,28.34,26.5,27.86
T2M,1986,3.0,38.125,27.93,28.99,28.42,26.13,25.54,24.85,24.44,25.5,26.55,27.4,27.04,25.1,26.47
T2M,1986,3.0,38.75,27.99,29.16,28.61,25.76,24.96,24.44,24.14,25.38,26.47,27.32,26.92,24.94,26.32
T2M,1986,3.0,39.375,27.55,28.9,28.68,25.58,24.36,23.89,23.63,24.83,26.1,26.98,26.6,24.91,25.98
T2M,1986,3.0,40.0,26.75,28.38,28.65,25.6,24.41,23.69,23.46,24.61,25.98,26.66,26.34,24.69,25.75
T2M,1986,3.0,40.625,26.81,28.75,29.66,26.97,25.97,24.71,24.49,25.35,26.52,27.06,27.16,25.92,26.6
T2M,1986,3.0,41.25,27.51,29.39,30.52,28.01,26.87,25.55,25.21,26.01,27.16,27.72,28.02,27.09,27.41
T2M,1986,3.0,41.875,27.28,29.02,30.15,28.27,27.0,25.49,24.97,25.8,26.9,27.4,27.87,27.25,27.27
T2M,1986,3.5,34.375,24.35,25.49,24.81,23.66,22.24,21.64,20.93,21.55,23.0,23.69,23.59,22.75,23.12
T2M,1986,3.5,35.0,27.77,29.02,28.33,27.36,26.36,25.28,24.78,25.39,26.89,27.99,27.8,26.37,26.93
T2M,1986,3.5,35.625,28.99,30.25,29.64,28.77,28.39,27.13,26.9,27.8,28.96,29.7,29.47,27.92,28.65
T2M,1986,3.5,36.25,29.27,30.3,29.59,28.5,28.42,27.38,27.25,27.8,28.64,29.54,29.31,27.95,28.65
T2M,1986,3.5,36.875,29.11,30.1,28.82,27.4,27.43,26.56,26.57,27.48,28.3,29.16,28.72,27.11,28.05
T2M,1986,3.5,37.5,28.14,28.88,27.49,25.7,25.55,24.79,24.7,25.58,26.51,27.41,27.0,25.74,26.44
T2M,1986,3.5,38.125,26.71,27.8,26.81,23.97,23.36,22.77,22.43,23.64,24.9,25.81,25.43,24.28,24.81
T2M,1986,3.5,38.75,26.36,27.74,26.93,23.33,22.51,21.97,21.75,23.05,24.29,25.38,24.99,23.99,24.34
T2M,1986,3.5,39.375,24.83,26.51,26.21,22.75,21.86,21.01,20.89,22.15,23.5,24.38,23.88,22.62,23.36
T2M,1986,3.5,40.0,25.67,27.51,27.93,24.35,23.35,22.78,22.71,23.89,25.35,25.62,25.05,23.77,24.81
T2M,1986,3.5,40.625,25.51,27.61,28.75,25.63,24.71,23.74,23.76,24.69,25.83,25.91,25.52,24.38,25.49
T2M,1986,3.5,41.25,26.28,28.57,30.13,27.54,26.56,25.4,25.04,25.83,27.04,27.29,27.25,26.14,26.91
T2M,1986,3.5,41.875,27.33,29.54,31.09,29.09,28.08,26.64,26.05,26.86,28.03,28.3,28.43,27.67,28.08
T2M,1986,4.0,34.375,27.27,28.5,27.52,26.18,24.9,23.98,23.38,24.22,25.94,26.5,26.3,25.5,25.83
T2M,1986,4.0,35.0,29.24,30.5,29.6,28.35,27.41,26.47,25.98,26.91,28.57,29.44,29.11,27.71,28.26
T2M,1986,4.0,35.625,28.24,29.47,28.8,27.59,27.02,26.01,25.65,26.51,27.81,28.72,28.59,27.08,27.61
T2M,1986,4.0,36.25,29.73,30.77,29.86,28.63,28.34,27.42,27.17,27.9,28.78,29.7,29.68,28.46,28.86
T2M,1986,4.0,36.875,28.62,29.54,28.03,26.21,25.98,25.25,25.14,26.32,27.23,28.01,27.97,26.79,27.08
T2M,1986,4.0,37.5,28.34,29.34,27.94,25.33,24.92,24.33,24.16,25.32,26.3,27.23,27.28,26.44,26.39
T2M,1986,4.0,38.125,24.4,25.89,25.25,21.61,20.9,20.02,19.64,20.94,22.01,23.12,23.25,22.57,22.45
T2M,1986,4.0,38.75,22.42,24.08,23.77,20.54,19.9,18.72,18.22,19.57,20.86,21.7,21.58,20.38,20.96
T2M,1986,4.0,39.375,23.27,25.13,24.91,21.53,20.85,19.85,19.6,21.15,22.5,22.86,22.25,21.05,22.06
T2M,1986,4.0,40.0,24.61,26.45,26.82,23.08,22.24,21.63,21.55,23.09,24.43,24.22,23.51,22.67,23.67
T2M,1986,4.0,40.625,24.42,26.52,27.7,24.57,23.87,23.18,23.23,24.28,25.41,24.99,24.22,23.37,24.63
T2M,1986,4.0,41.25,26.04,28.4,30.06,27.68,26.86,25.89,25.54,26.4,27.57,27.37,26.92,25.86,27.04
T2M,1986,4.0,41.875,27.7,30.16,31.89,29.9,29.06,27.79,27.25,28.01,29.21,29.09,28.8,27.91,28.89
T2M,1986,4.5,34.375,29.42,30.82,29.31,27.76,26.98,25.62,25.14,26.81,28.37,28.69,28.27,27.61,27.88
T2M,1986,4.5,35.0,29.65,30.89,29.53,28.22,27.16,26.33,25.93,27.17,28.94,29.62,29.19,27.98,28.37
T2M,1986,4.5,35.625,29.08,30.47,29.49,28.02,27.17,26.3,25.89,26.76,28.39,29.26,29.27,27.8,28.14
T2M,1986,4.5,36.25,29.96,31.39,30.34,28.62,27.96,27.13,26.88,27.87,29.02,29.77,30.09,28.76,28.97
T2M,1986,4.5,36.875,28.8,30.03,29.12,26.85,26.14,25.41,25.06,26.0,26.99,27.94,28.44,27.47,27.34
T2M,1986,4.5,37.5,26.44,27.75,27.14,23.91,23.04,22.35,22.22,23.45,24.31,25.02,25.66,24.8,24.66
T2M,1986,4.5,38.125,22.05,23.65,23.5,20.37,19.67,18.62,18.2,19.42,20.45,21.05,21.24,20.25,20.69
T2M,1986,4.5,38.75,22.09,24.28,24.26,21.07,20.36,19.49,19.14,20.58,21.66,21.9,21.91,20.65,21.43
T2M,1986,4.5,39.375,23.86,26.13,26.05,22.52,21.9,21.23,21.04,22.55,23.66,23.68,23.4,22.28,23.17
T2M,1986,4.5,40.0,22.87,24.98,25.38,22.14,21.55,20.71,20.37,21.72,22.91,22.96,22.59,21.54,22.46
T2M,1986,4.5,40.625,23.9,26.13,27.09,24.01,23.41,22.81,22.7,23.99,25.08,24.41,23.78,23.05,24.18
T2M,1986,4.5,41.25,24.21,26.67,28.1,25.67,24.88,24.15,23.74,24.77,25.95,25.59,25.01,24.02,25.22
T2M,1986,4.5,41.875,27.48,30.1,31.82,29.71,28.86,27.89,27.54,28.3,29.42,29.01,28.56,27.62,28.85
T2M,1987,-0.5,34.375,22.92,23.53,23.82,23.23,22.23,21.65,22.24,23.2,24.51,25.51,24.05,25.38,23.52
T2M,1987,-0.5,35.0,19.86,20.52,20.92,20.43,19.43,18.51,18.61,19.07,20.53,21.54,20.76,21.9,20.17
T2M,1987,-0.5,35.625,14.57,15.45,16.14,15.74,14.69,14.12,13.54,13.43,14.95,15.33,15.04,15.65,14.88
T2M,1987,-0.5,36.25,15.5,16.54,17.05,16.44,15.27,14.43,13.89,13.94,15.78,16.19,15.73,16.28,15.58
T2M,1987,-0.5,36.875,15.9,17.23,17.58,16.56,15.84,14.81,14.24,14.55,16.17,16.66,16.09,16.09,15.97
T2M,1987,-0.5,37.5,19.72,21.24,21.74,20.75,19.89,18.52,18.15,18.57,20.34,20.9,20.13,20.4,20.02
T2M,1987,-0.5,38.125,23.97,25.81,26.9,25.44,24.85,23.54,23.26,23.37,25.0,25.98,24.47,25.28,24.82
T2M,1987,-0.5,38.75,26.73,28.34,29.37,27.62,26.5,25.04,24.78,24.79,26.51,27.66,26.49,27.91,26.8
T2M,1987,-0.5,39.375,28.53,29.79,30.8,29.28,27.01,25.73,25.4,25.13,27.19,28.57,28.24,29.68,27.93
T2M,1987,-0.5,40.0,28.94,30.13,31.11,29.7,27.17,25.82,25.58,25.33,27.36,28.99,28.91,30.12,28.25
T2M,1987,-0.5,40.625,29.08,30.06,30.92,29.7,26.93,25.46,25.34,25.09,27.16,29.07,29.61,30.08,28.2
T2M,1987,-0.5,41.25,29.15,29.84,30.64,29.79,27.15,25.86,25.65,25.29,27.31,29.1,29.71,29.91,28.27
T2M,1987,-0.5,41.875,28.63,28.94,29.78,29.55,27.58,26.39,25.73,25.67,27.04,28.55,29.13,29.24,28.01
T2M,1987,-1.0,34.375,20.73,21.17,21.62,21.41,20.6,19.97,20.2,21.69,23.48,24.34,23.0,23.57,21.82
T2M,1987,-1.0,35.0,18.52,18.87,19.38,18.79,17.71,17.03,16.8,17.34,19.35,20.4,19.91,21.23,18.78
T2M,1987,-1.0,35.625,17.82,18.41,18.49,17.69,16.44,15.56,15.08,15.45,17.54,18.42,18.37,19.88,17.42
T2M,1987,-1.0,36.25,16.94,18.31,18.46,17.43,16.14,14.96,14.63,15.25,17.39,18.13,17.72,18.48,16.98
T2M,1987,-1.0,36.875,18.15,19.51,20.19,19.02,18.09,16.95,16.8,17.21,19.26,19.61,18.87,18.85,18.53
T2M,1987,-1.0,37.5,21.14,22.74,23.41,22.37,21.29,19.89,19.57,19.97,21.9,22.66,22.02,22.23,21.59
T2M,1987,-1.0,38.125,23.66,25.03,25.89,24.38,23.59,22.29,21.73,21.89,23.56,24.66,23.48,24.53,23.72
T2M,1987,-1.0,38.75,27.18,28.6,29.31,27.35,26.14,24.99,24.57,24.49,26.28,27.49,26.39,28.08,26.73
T2M,1987,-1.0,39.375,29.0,30.07,30.91,28.84,26.6,25.57,25.3,24.96,27.07,28.47,28.1,29.89,27.89
T2M,1987,-1.0,40.0,29.36,30.42,31.27,29.3,26.88,25.75,25.57,25.3,27.33,28.93,28.8,30.3,28.25
T2M,1987,-1.0,40.625,28.9,29.83,30.71,29.02,26.52,25.13,25.09,24.83,26.82,28.7,29.36,29.86,27.89
T2M,1987,-1.0,41.25,28.63,29.24,30.12,29.15,26.77,25.53,25.28,24.93,26.67,28.45,29.23,29.42,27.77
T2M,1987,-1.0,41.875,27.41,27.61,28.58,28.82,27.57,26.33,25.5,25.43,26.36,27.55,28.17,28.18,27.29
T2M,1987,-1.5,34.375,20.77,21.25,21.73,21.43,21.09,20.7,21.99,23.46,24.88,25.56,23.82,24.41,22.6
T2M,1987,-1.5,35.0,19.47,19.91,20.12,19.35,18.34,18.05,18.64,19.87,22.12,22.88,21.88,23.18,20.32
T2M,1987,-1.5,35.625,17.61,18.4,18.29,17.36,16.3,15.24,15.44,16.27,18.49,19.2,18.9,19.96,17.62
T2M,1987,-1.5,36.25,22.47,23.79,23.92,22.32,20.93,19.89,20.14,20.51,23.03,23.39,22.94,23.64,22.24
T2M,1987,-1.5,36.875,19.68,21.58,21.6,20.12,19.21,18.33,18.58,18.55,20.5,20.91,20.29,20.51,19.98
T2M,1987,-1.5,37.5,20.71,22.31,22.76,21.42,20.36,19.31,18.93,19.24,21.09,21.74,21.38,21.73,20.9
T2M,1987,-1.5,38.125,23.51,24.7,25.6,24.61,23.42,22.09,21.49,21.83,23.55,24.68,23.98,24.67,23.67
T2M,1987,-1.5,38.75,27.27,28.52,29.15,27.33,25.76,24.99,24.36,24.2,26.07,27.3,26.48,28.11,26.62
T2M,1987,-1.5,39.375,28.99,29.95,30.69,28.41,26.24,25.24,25.0,24.79,26.74,28.16,27.74,29.7,27.63
T2M,1987,-1.5,40.0,29.54,30.44,31.28,28.71,26.34,25.15,25.17,24.91,26.98,28.62,28.73,30.36,28.01
T2M,1987,-1.5,40.625,28.93,29.76,30.67,28.69,26.44,25.04,24.97,24.8,26.49,28.31,29.22,29.81,27.75
T2M,1987,-1.5,41.25,28.24,28.75,29.76,28.59,26.64,25.45,25.19,24.94,26.36,28.05,28.96,29.15,27.5
T2M,1987,-1.5,41.875,26.5,26.52,27.54,28.34,27.58,26.29,25.28,25.26,25.78,26.67,27.34,27.41,26.71
T2M,1987,-1.7975103014118005e-13,34.375,22.76,23.24,23.57,22.99,21.66,21.06,21.91,22.36,23.41,24.08,23.2,24.0,22.85
T2M,1987,-1.7975103014118005e-13,35.0,20.37,21.07,21.39,20.84,19.84,18.85,19.28,19.5,20.76,21.45,20.76,21.26,20.44
T2M,1987,-1.7975103014118005e-13,35.625,14.84,15.83,16.73,16.27,15.83,14.9,14.61,14.61,15.68,16.14,15.66,15.42,15.54
T2M,1987,-1.7975103014118005e-13,36.25,17.74,19.22,20.02,19.23,18.57,16.87,16.94,17.25,18.84,19.62,18.76,18.92,18.49
T2M,1987,-1.7975103014118005e-13,36.875,16.83,18.51,18.95,17.43,17.23,16.3,15.99,16.39,17.81,18.44,17.79,17.27,17.4
T2M,1987,-1.7975103014118005e-13,37.5,16.36,17.87,18.37,17.27,16.87,15.84,15.5,15.93,17.35,18.09,17.41,17.18,17.0
T2M,1987,-1.7975103014118005e-13,38.125,24.52,26.19,27.34,25.79,25.24,23.99,23.98,24.38,25.87,26.78,25.36,25.75,25.43
T2M,1987,-1.7975103014118005e-13,38.75,27.19,28.78,29.97,28.39,27.13,25.75,25.49,25.65,27.32,28.49,27.64,28.53,27.52
T2M,1987,-1.7975103014118005e-13,39.375,28.5,29.9,30.99,29.91,27.67,26.15,25.73,25.68,27.66,29.03,28.93,29.86,28.32
T2M,1987,-1.7975103014118005e-13,40.0,28.91,30.17,31.24,30.29,27.87,26.24,25.79,25.78,27.72,29.39,29.6,30.28,28.6
T2M,1987,-1.7975103014118005e-13,40.625,29.29,30.34,31.25,30.36,27.54,25.88,25.49,25.54,27.65,29.5,30.03,30.3,28.58
T2M,1987,-1.7975103014118005e-13,41.25,29.52,30.32,31.12,30.3,27.48,26.17,25.79,25.75,27.87,29.54,30.06,30.25,28.67
T2M,1987,-1.7975103014118005e-13,41.875,29.3,29.85,30.59,29.98,27.45,26.12,25.52,25.68,27.38,29.14,29.59,29.88,28.36
T2M,1987,-2.0,34.375,21.27,21.79,22.05,21.69,21.32,21.24,22.67,23.67,25.68,26.48,24.79,25.82,23.22
T2M,1987,-2.0,35.0,19.76,20.4,20.41,19.57,18.55,18.37,19.33,20.24,22.72,23.2,22.29,23.68,20.71
T2M,1987,-2.0,35.625,18.4,19.18,18.76,17.91,16.75,15.76,16.11,16.84,19.43,19.88,19.65,20.66,18.27
T2M,1987,-2.0,36.25,25.07,26.41,26.39,25.08,23.75,22.81,23.03,23.39,25.58,25.97,25.82,26.39,24.96
T2M,1987,-2.0,36.875,20.58,22.37,22.22,20.77,19.81,19.36,19.19,19.02,20.75,21.33,20.86,21.4,20.63
T2M,1987,-2.0,37.5,21.58,23.06,23.43,22.24,21.08,20.24,19.86,19.87,21.74,22.48,22.14,22.65,21.69
T2M,1987,-2.0,38.125,24.13,25.31,26.05,25.09,23.58,22.48,21.83,22.06,23.78,24.96,24.53,25.38,24.09
T2M,1987,-2.0,38.75,27.34,28.46,28.92,27.09,25.27,24.6,23.98,23.85,25.73,27.06,26.46,28.07,26.39
T2M,1987,-2.0,39.375,28.78,29.62,30.25,27.94,25.8,24.58,24.44,24.35,26.24,27.79,27.51,29.37,27.21
T2M,1987,-2.0,40.0,29.46,30.06,30.77,28.27,26.22,25.11,25.04,24.88,26.72,28.21,28.32,29.95,27.74
T2M,1987,-2.0,40.625,28.75,29.17,30.04,28.39,26.61,25.15,24.93,24.85,26.21,27.72,28.69,29.43,27.49
T2M,1987,-2.0,41.25,27.24,27.28,28.32,28.55,27.45,26.18,25.37,25.33,25.98,26.99,27.83,28.1,27.05
T2M,1987,-2.0,41.875,26.13,26.07,27.09,28.13,27.8,26.37,25.23,25.24,25.48,26.27,26.94,27.09,26.49
T2M,1987,-2.5,34.375,20.51,21.16,21.37,21.09,20.53,20.33,21.23,22.63,25.33,26.16,24.17,25.18,22.48
T2M,1987,-2.5,35.0,18.83,19.44,19.55,19.04,17.96,17.39,18.09,19.07,22.18,22.98,21.64,22.61,19.9
T2M,1987,-2.5,35.625,20.38,21.63,21.3,20.46,19.05,18.41,18.63,19.69,22.78,23.54,22.72,23.26,20.98
T2M,1987,-2.5,36.25,23.72,25.08,25.44,24.65,22.84,21.71,22.06,22.43,25.25,26.11,25.34,25.48,24.17
T2M,1987,-2.5,36.875,21.03,22.86,23.43,22.46,21.52,21.01,21.1,21.22,22.97,23.77,22.47,22.44,22.18
T2M,1987,-2.5,37.5,21.39,23.17,23.96,23.09,21.43,20.95,20.65,20.64,22.56,23.44,22.73,23.04,22.25
T2M,1987,-2.5,38.125,23.52,24.86,25.59,24.88,23.17,22.26,21.69,21.81,23.8,24.98,24.48,25.28,23.85
T2M,1987,-2.5,38.75,26.77,28.24,28.61,27.02,24.96,24.29,23.66,23.63,25.53,26.87,26.64,28.06,26.18
T2M,1987,-2.5,39.375,27.84,28.99,29.58,27.62,25.39,23.86,23.78,23.84,25.55,27.25,27.36,28.84,26.65
T2M,1987,-2.5,40.0,28.42,28.76,29.56,28.07,26.13,24.89,24.69,24.58,26.03,27.34,27.87,28.99,27.1
T2M,1987,-2.5,40.625,27.52,27.51,28.61,28.49,27.25,25.72,25.1,25.02,25.78,26.86,27.7,28.28,26.98
T2M,1987,-2.5,41.25,26.16,26.07,27.25,28.26,27.87,26.18,25.16,25.17,25.38,26.23,26.88,27.2,26.49
T2M,1987,-2.5,41.875,26.16,26.08,27.16,28.17,27.85,26.4,25.28,25.25,25.45,26.27,26.91,27.25,26.52
T2M,1987,-3.0,34.375,20.08,20.56,21.09,20.97,20.35,19.77,20.39,21.55,24.76,25.64,23.84,24.73,21.99
T2M,1987,-3.0,35.0,18.81,19.44,19.74,19.27,18.09,17.32,18.03,18.87,22.1,23.24,21.93,22.86,19.98
T2M,1987,-3.0,35.625,16.42,16.93,17.37,16.98,15.39,14.03,14.11,14.99,17.37,19.0,18.57,19.29,16.7
T2M,1987,-3.0,36.25,20.97,22.9,23.84,22.88,20.15,18.95,18.96,19.86,22.72,24.18,23.81,24.45,21.96
T2M,1987,-3.0,36.875,20.16,22.1,23.72,22.76,19.19,17.85,18.25,18.47,21.32,23.42,22.3,22.35,20.98
T2M,1987,-3.0,37.5,16.88,17.99,19.18,18.55,16.53,15.35,15.18,15.26,17.23,18.51,18.2,18.7,17.29
T2M,1987,-3.0,38.125,22.99,24.3,25.03,24.39,22.41,21.52,20.89,20.97,22.98,24.3,24.18,25.1,23.25
T2M,1987,-3.0,38.75,25.78,27.64,27.92,26.51,24.29,23.51,22.96,22.98,24.97,26.36,26.39,27.72,25.57
T2M,1987,-3.0,39.375,27.44,28.61,29.19,27.43,25.09,23.47,23.42,23.48,25.14,26.75,27.32,28.7,26.32
T2M,1987,-3.0,40.0,27.39,27.66,28.68,28.02,26.33,25.0,24.56,24.52,25.62,26.82,27.52,28.33,26.7
T2M,1987,-3.0,40.625,26.38,26.28,27.64,28.38,27.77,26.01,25.05,25.08,25.35,26.23,26.93,27.4,26.54
T2M,1987,-3.0,41.25,26.19,26.15,27.46,28.34,27.91,26.22,25.19,25.18,25.38,26.26,26.89,27.39,26.55
T2M,1987,-3.0,41.875,26.19,26.13,27.35,28.25,27.9,26.41,25.32,25.25,25.43,26.27,26.91,27.39,26.57
T2M,1987,-3.5,34.375,21.59,21.77,22.65,22.67,22.04,21.36,21.7,22.83,25.65,26.28,25.37,26.68,23.39
T2M,1987,-3.5,35.0,20.7,21.34,21.69,21.09,19.81,19.15,19.14,19.99,22.77,23.72,23.22,24.71,21.44
T2M,1987,-3.5,35.625,19.39,20.54,20.8,20.05,18.22,17.24,17.14,17.91,20.43,21.74,21.39,22.77,19.8
T2M,1987,-3.5,36.25,21.71,23.54,24.3,23.05,20.34,19.24,19.04,19.77,22.37,23.48,23.04,24.65,22.03
T2M,1987,-3.5,36.875,22.68,24.04,25.09,23.16,19.98,18.58,18.49,18.97,21.5,22.95,22.62,24.1,21.83
T2M,1987,-3.5,37.5,24.63,26.01,26.59,24.94,21.88,20.52,20.35,20.71,23.1,24.71,24.48,25.94,23.64
T2M,1987,-3.5,38.125,22.51,24.16,24.69,23.41,20.97,20.01,19.43,19.42,21.38,22.82,23.04,24.46,22.18
T2M,1987,-3.5,38.75,24.72,26.13,26.67,25.39,23.33,21.94,21.5,21.65,23.33,24.84,25.15,26.43,24.24
T2M,1987,-3.5,39.375,27.06,27.87,28.47,26.89,24.68,22.97,22.92,22.97,24.54,26.09,26.73,28.11,25.76
T2M,1987,-3.5,40.0,26.9,27.09,28.23,28.13,27.01,25.5,24.74,24.74,25.37,26.43,27.16,27.9,26.6
T2M,1987,-3.5,40.625,26.42,26.39,27.76,28.36,27.84,26.07,25.05,25.09,25.3,26.19,26.89,27.46,26.57
T2M,1987,-3.5,41.25,26.38,26.31,27.66,28.31,27.91,26.24,25.19,25.18,25.37,26.27,26.91,27.52,26.61
T2M,1987,-3.5,41.875,26.28,26.21,27.56,28.28,27.91,26.38,25.31,25.22,25.4,26.28,26.92,27.47,26.6
T2M,1987,-4.0,34.375,22.1,22.24,23.15,23.31,22.71,22.1,22.43,23.37,26.15,26.88,26.15,27.05,23.98
T2M,1987,-4.0,35.0,20.25,20.7,21.25,20.83,19.71,19.16,19.07,19.81,22.49,23.43,22.84,24.0,21.13
T2M,1987,-4.0,35.625,19.34,20.29,20.77,20.12,18.39,17.37,17.1,17.85,20.27,21.62,21.11,22.23,19.7
T2M,1987,-4.0,36.25,21.6,23.26,24.03,22.87,20.5,19.47,19.18,19.8,22.36,23.53,22.95,24.16,21.97
T2M,1987,-4.0,36.875,21.97,23.33,24.13,22.69,20.03,18.88,18.49,18.94,21.39,22.74,22.38,23.6,21.54
T2M,1987,-4.0,37.5,23.7,25.29,25.77,24.15,21.49,20.14,19.96,20.37,22.78,24.16,23.96,25.47,23.09
T2M,1987,-4.0,38.125,24.44,25.97,26.09,24.39,21.98,20.78,20.4,20.58,22.68,24.12,24.37,26.03,23.47
T2M,1987,-4.0,38.75,25.46,26.73,27.07,25.23,22.99,21.52,21.22,21.4,23.15,24.74,25.28,26.88,24.29
T2M,1987,-4.0,39.375,27.42,27.92,28.65,27.16,25.12,23.51,23.38,23.42,24.96,26.39,27.05,28.27,26.09
T2M,1987,-4.0,40.0,26.71,26.77,28.07,28.37,27.62,25.91,24.93,24.97,25.27,26.19,26.96,27.51,26.61
T2M,1987,-4.0,40.625,26.66,26.63,27.94,28.41,27.87,26.1,25.06,25.1,25.28,26.21,26.93,27.53,26.64
T2M,1987,-4.0,41.25,26.6,26.52,27.88,28.32,27.93,26.24,25.21,25.17,25.34,26.28,26.95,27.56,26.67
T2M,1987,-4.0,41.875,26.47,26.35,27.77,28.23,27.92,26.34,25.3,25.19,25.35,26.3,26.92,27.52,26.64
T2M,1987,-4.5,34.375,21.07,21.57,22.48,22.4,21.38,20.17,20.52,21.41,24.24,25.36,24.85,25.88,22.62
T2M,1987,-4.5,35.0,19.4,20.11,20.65,20.17,18.7,17.65,17.72,18.53,21.04,22.04,21.56,22.89,20.04
T2M,1987,-4.5,35.625,19.28,20.25,20.78,20.12,18.28,17.35,16.98,17.8,20.1,21.23,20.89,22.06,19.59
T2M,1987,-4.5,36.25,21.68,23.4,24.05,22.91,20.64,19.68,19.34,19.97,22.33,23.42,23.09,24.38,22.06
T2M,1987,-4.5,36.875,21.73,23.24,23.85,22.35,19.94,18.89,18.49,18.93,21.07,22.31,22.32,23.54,21.38
T2M,1987,-4.5,37.5,23.07,24.61,25.08,23.43,20.92,19.35,19.18,19.66,21.78,23.24,23.5,24.94,22.38
T2M,1987,-4.5,38.125,23.28,24.65,24.98,23.42,20.96,18.9,18.87,19.42,21.47,23.07,23.59,25.03,22.29
T2M,1987,-4.5,38.75,25.53,26.81,27.0,25.48,23.35,21.41,21.35,21.77,23.3,24.86,25.65,27.07,24.45
T2M,1987,-4.5,39.375,27.43,27.78,28.61,27.91,26.41,24.68,24.21,24.41,25.27,26.48,27.39,28.21,26.56
T2M,1987,-4.5,40.0,26.88,26.86,28.15,28.51,27.8,26.0,25.01,25.08,25.28,26.18,26.95,27.5,26.68
T2M,1987,-4.5,40.625,26.9,26.85,28.14,28.4,27.88,26.11,25.06,25.1,25.25,26.23,26.95,27.58,26.7
T2M,1987,-4.5,41.25,26.8,26.7,28.11,28.36,27.94,26.24,25.21,25.15,25.29,26.29,26.99,27.61,26.72
T2M,1987,-4.5,41.875,26.68,26.52,28.03,28.27,27.96,26.3,25.29,25.14,25.3,26.31,26.96,27.6,26.7
T2M,1987,0.5,34.375,22.57,22.89,23.11,22.69,20.8,20.02,20.72,21.11,21.93,22.37,21.94,22.8,21.91
T2M,1987,0.5,35.0,18.78,19.77,20.2,19.56,18.62,17.41,17.87,17.99,18.87,19.27,18.77,19.07,18.84
T2M,1987,0.5,35.625,18.84,20.3,20.9,19.43,19.01,17.52,17.73,17.83,19.0,20.0,19.29,19.81,19.13
T2M,1987,0.5,36.25,21.39,23.0,23.7,22.95,22.57,20.14,20.84,21.26,22.49,23.74,22.6,22.59,22.27
T2M,1987,0.5,36.875,18.57,20.16,20.97,20.16,20.24,18.71,18.91,19.4,20.57,21.7,20.15,19.79,19.94
T2M,1987,0.5,37.5,21.79,23.34,24.24,23.02,22.7,21.49,21.54,22.33,23.51,24.24,23.06,23.04,22.86
T2M,1987,0.5,38.125,24.59,26.06,27.39,25.83,25.06,23.63,23.47,24.07,25.51,26.56,25.69,25.97,25.31
T2M,1987,0.5,38.75,27.19,28.6,29.92,28.73,27.34,25.81,25.45,25.73,27.38,28.54,28.11,28.65,27.61
T2M,1987,0.5,39.375,28.58,30.07,31.11,30.2,28.13,26.41,25.99,26.14,28.11,29.49,29.46,30.04,28.63
T2M,1987,0.5,40.0,29.05,30.47,31.45,30.68,28.3,26.47,26.0,26.21,28.18,29.85,30.07,30.43,28.92
T2M,1987,0.5,40.625,29.4,30.59,31.55,30.82,28.1,25.99,25.59,26.03,28.09,29.92,30.35,30.45,28.89
T2M,1987,0.5,41.25,29.64,30.55,31.44,30.72,27.99,26.32,25.72,26.05,27.99,29.63,30.09,30.29,28.86
T2M,1987,0.5,41.875,29.58,30.29,31.07,30.47,27.68,25.88,25.27,25.67,27.49,29.32,29.77,30.2,28.54
T2M,1987,1.0,34.375,17.92,18.64,19.14,18.9,17.32,16.48,16.78,17.03,17.77,18.13,17.77,17.96,17.81
T2M,1987,1.0,35.0,16.7,18.07,18.71,17.81,17.02,15.74,15.88,16.36,16.92,17.38,16.86,17.03,17.03
T2M,1987,1.0,35.625,19.79,21.14,22.02,20.26,19.59,17.81,18.43,19.2,20.58,21.82,20.49,20.76,20.15
T2M,1987,1.0,36.25,23.51,25.0,25.92,25.24,24.86,22.44,23.28,23.91,24.9,26.16,24.68,24.63,24.54
T2M,1987,1.0,36.875,19.34,20.63,21.63,21.35,21.27,19.6,19.48,20.1,20.96,21.92,20.76,20.34,20.61
T2M,1987,1.0,37.5,23.23,24.62,25.79,24.86,24.48,23.05,22.81,23.66,24.76,25.49,24.53,24.56,24.32
T2M,1987,1.0,38.125,26.23,27.81,29.12,27.99,27.2,25.6,25.29,25.83,27.15,28.24,27.51,27.76,27.14
T2M,1987,1.0,38.75,28.11,29.64,30.85,29.95,28.66,27.07,26.62,26.81,28.43,29.58,29.12,29.58,28.69
T2M,1987,1.0,39.375,28.66,30.28,31.23,30.41,28.53,26.66,26.32,26.59,28.48,29.83,29.6,30.12,28.88
T2M,1987,1.0,40.0,28.86,30.47,31.4,30.57,28.39,26.29,25.89,26.26,28.3,29.99,30.05,30.3,28.89
T2M,1987,1.0,40.625,29.36,30.74,31.69,30.77,28.33,25.69,25.43,26.11,28.25,30.08,30.43,30.58,28.94
T2M,1987,1.0,41.25,29.83,30.88,31.82,30.94,28.29,26.02,25.34,25.8,27.85,29.79,30.36,30.72,28.96
T2M,1987,1.0,41.875,29.84,30.71,31.63,31.06,28.0,25.32,24.93,25.55,27.76,29.57,30.04,30.65,28.74
T2M,1987,1.5,34.375,23.73,24.78,25.02,24.05,21.36,19.82,20.81,21.11,22.77,24.19,23.3,24.15,22.91
T2M,1987,1.5,35.0,21.25,22.77,23.38,21.92,20.57,18.46,19.29,20.2,21.68,22.9,21.61,21.88,21.32
T2M,1987,1.5,35.625,24.08,25.48,26.26,24.98,24.11,21.49,23.18,24.06,25.43,26.3,24.88,24.98,24.6
T2M,1987,1.5,36.25,26.56,27.76,28.7,28.17,27.87,25.02,26.08,26.88,28.18,29.02,27.64,27.35,27.44
T2M,1987,1.5,36.875,22.01,23.2,24.27,23.75,23.68,22.17,22.01,22.66,23.74,24.32,23.03,22.85,23.14
T2M,1987,1.5,37.5,24.7,26.02,27.26,26.59,26.21,24.49,24.27,24.98,26.09,26.92,25.91,25.86,25.77
T2M,1987,1.5,38.125,27.17,28.76,29.99,28.99,28.36,26.84,26.4,26.81,28.16,29.21,28.36,28.63,28.14
T2M,1987,1.5,38.75,28.26,29.95,30.94,29.71,28.78,27.32,26.94,27.16,28.73,29.89,29.1,29.7,28.87
T2M,1987,1.5,39.375,28.22,30.02,31.06,30.07,28.28,26.37,26.0,26.39,28.34,29.82,29.39,29.74,28.63
T2M,1987,1.5,40.0,28.61,30.35,31.26,30.29,28.43,26.25,25.95,26.48,28.46,30.02,29.77,30.07,28.82
T2M,1987,1.5,40.625,29.08,30.71,31.72,30.55,28.3,25.42,25.08,25.86,28.11,29.94,30.34,30.59,28.79
T2M,1987,1.5,41.25,29.56,30.98,32.04,31.19,28.39,25.17,24.84,25.47,27.77,29.7,30.46,30.91,28.86
T2M,1987,1.5,41.875,29.83,30.77,31.85,31.25,28.09,24.68,24.57,25.29,27.87,29.78,30.05,30.8,28.72
T2M,1987,2.0,34.375,25.93,27.25,27.72,26.28,23.96,21.96,23.48,23.86,26.07,27.52,26.05,26.67,25.55
T2M,1987,2.0,35.0,23.89,25.22,25.98,24.57,23.41,20.55,21.74,23.08,24.82,25.75,24.45,24.56,24.0
T2M,1987,2.0,35.625,27.19,28.38,29.29,28.32,27.56,24.65,25.71,27.05,28.57,29.26,28.04,27.91,27.66
T2M,1987,2.0,36.25,28.89,30.03,31.02,30.69,30.4,27.47,28.72,29.42,30.51,31.15,29.89,29.63,29.82
T2M,1987,2.0,36.875,22.44,23.69,24.72,24.2,24.19,22.51,22.38,22.85,23.75,24.45,23.31,23.23,23.48
T2M,1987,2.0,37.5,25.68,27.13,28.29,27.49,27.03,25.43,25.21,25.74,26.88,27.76,26.8,26.78,26.68
T2M,1987,2.0,38.125,26.54,28.36,29.44,28.27,27.53,26.09,25.89,26.29,27.73,28.77,27.74,27.98,27.55
T2M,1987,2.0,38.75,27.7,29.55,30.59,29.4,28.21,26.68,26.34,26.81,28.5,29.7,28.84,29.2,28.45
T2M,1987,2.0,39.375,27.9,29.88,30.89,29.52,27.65,25.67,25.5,26.1,28.15,29.64,29.1,29.4,28.27
T2M,1987,2.0,40.0,27.99,29.89,30.88,29.48,27.47,25.27,25.11,25.77,27.88,29.37,29.15,29.42,28.13
T2M,1987,2.0,40.625,28.62,30.16,31.31,29.7,27.4,24.5,24.24,25.07,27.71,29.25,29.5,29.9,28.1
T2M,1987,2.0,41.25,29.08,30.67,31.92,30.58,27.9,24.86,24.56,25.29,27.75,29.58,30.08,30.52,28.55
T2M,1987,2.0,41.875,29.59,30.56,31.85,31.34,27.91,24.76,24.61,25.38,28.21,29.7,29.61,30.57,28.66
T2M,1987,2.5,34.375,25.23,26.5,27.09,25.62,24.13,21.54,23.17,24.15,26.2,26.85,25.5,25.72,25.14
T2M,1987,2.5,35.0,25.11,26.44,27.28,26.04,25.21,22.23,22.92,24.4,25.99,26.86,25.94,25.76,25.34
T2M,1987,2.5,35.625,27.86,29.13,30.04,29.08,28.66,25.49,26.25,27.91,29.03,29.71,28.86,28.67,28.39
T2M,1987,2.5,36.25,29.07,30.21,31.22,30.83,30.47,27.76,28.64,29.31,30.21,30.87,29.98,29.85,29.87
T2M,1987,2.5,36.875,25.27,26.71,27.55,26.98,26.65,24.81,24.71,25.12,26.18,26.96,26.1,26.27,26.11
T2M,1987,2.5,37.5,26.92,28.81,29.82,28.88,28.19,26.79,26.55,27.03,28.31,29.22,28.26,28.55,28.11
T2M,1987,2.5,38.125,25.43,27.55,28.6,27.34,26.35,24.98,24.76,25.38,26.99,28.03,27.08,27.41,26.65
T2M,1987,2.5,38.75,26.76,29.08,29.98,28.55,27.2,25.75,25.58,26.26,28.06,29.23,28.31,28.74,27.78
T2M,1987,2.5,39.375,27.1,29.44,30.23,28.46,26.56,24.86,24.8,25.5,27.52,28.96,28.36,28.84,27.54
T2M,1987,2.5,40.0,26.86,29.01,30.05,28.24,26.15,24.16,24.1,24.85,26.98,28.49,28.12,28.59,27.12
T2M,1987,2.5,40.625,27.55,29.25,30.57,28.9,26.62,24.15,23.67,24.41,27.04,28.46,28.3,28.88,27.3
T2M,1987,2.5,41.25,28.55,29.89,31.33,30.09,27.3,24.97,24.34,25.04,27.31,28.85,28.96,29.57,28.0
T2M,1987,2.5,41.875,28.64,29.78,31.32,30.51,27.32,24.78,24.26,24.89,27.44,28.78,28.44,29.48,27.96
T2M,1987,3.0,34.375,23.97,25.16,25.8,24.29,23.37,20.4,21.49,23.07,25.19,25.73,24.2,24.41,23.92
T2M,1987,3.0,35.0,26.07,27.43,28.28,27.09,26.37,23.34,23.87,25.46,26.97,27.69,26.82,26.87,26.35
T2M,1987,3.0,35.625,28.59,30.03,31.08,30.11,29.7,26.69,27.23,28.83,29.7,30.36,29.83,29.67,29.32
T2M,1987,3.0,36.25,29.12,30.55,31.61,31.03,30.43,28.17,28.47,29.01,30.07,30.79,30.21,30.27,29.97
T2M,1987,3.0,36.875,27.46,29.46,30.44,29.5,28.86,27.13,27.14,27.66,28.87,29.69,28.81,29.13,28.67
T2M,1987,3.0,37.5,27.34,29.63,30.38,29.16,28.31,27.08,27.01,27.54,29.01,29.87,28.89,29.4,28.63
T2M,1987,3.0,38.125,26.04,28.24,28.96,27.45,26.39,25.19,24.99,25.85,27.63,28.56,27.63,28.29,27.09
T2M,1987,3.0,38.75,26.23,28.85,29.09,27.14,25.74,24.57,24.66,25.55,27.38,28.41,27.55,28.39,26.95
T2M,1987,3.0,39.375,26.22,28.66,29.2,27.06,25.09,23.71,23.89,24.62,26.55,27.88,27.36,28.09,26.51
T2M,1987,3.0,40.0,25.82,28.16,29.02,27.08,24.95,23.29,23.3,24.07,26.19,27.58,27.02,27.63,26.16
T2M,1987,3.0,40.625,26.58,28.5,29.99,28.57,26.22,24.27,23.53,24.21,26.68,27.94,27.44,27.93,26.81
T2M,1987,3.0,41.25,27.52,29.22,30.96,29.72,26.97,25.08,24.18,24.85,27.17,28.49,28.06,28.61,27.56
T2M,1987,3.0,41.875,27.46,28.98,30.8,29.85,26.96,24.93,24.12,24.72,26.97,28.15,27.58,28.24,27.38
T2M,1987,3.5,34.375,23.93,25.04,25.49,24.42,23.49,20.63,21.44,23.22,24.79,25.38,23.97,24.19,23.83
T2M,1987,3.5,35.0,27.46,28.78,29.51,28.1,27.34,24.46,25.18,26.81,28.45,29.0,28.04,28.33,27.62
T2M,1987,3.5,35.625,28.63,30.05,31.17,29.82,29.3,26.65,27.2,28.71,29.88,30.46,29.88,29.91,29.3
T2M,1987,3.5,36.25,28.73,30.14,31.22,30.3,29.46,27.41,27.63,28.35,29.63,30.34,29.76,29.95,29.41
T2M,1987,3.5,36.875,27.97,29.89,30.74,29.51,28.57,26.94,27.16,28.0,29.41,30.06,29.08,29.65,28.91
T2M,1987,3.5,37.5,27.06,28.72,28.96,27.57,26.44,25.0,25.09,25.95,27.57,28.29,27.59,28.39,27.21
T2M,1987,3.5,38.125,25.52,27.24,27.31,25.44,23.94,22.78,22.88,23.9,25.65,26.67,26.35,27.2,25.4
T2M,1987,3.5,38.75,25.4,27.33,27.38,24.98,23.09,21.72,22.16,23.11,24.86,25.93,25.97,26.9,24.89
T2M,1987,3.5,39.375,23.95,26.1,26.57,24.21,22.41,20.71,21.03,21.98,23.76,25.0,24.72,25.49,23.81
T2M,1987,3.5,40.0,24.97,27.21,28.07,26.04,23.94,22.35,22.55,23.42,25.52,26.58,25.84,26.54,25.24
T2M,1987,3.5,40.625,25.46,27.39,28.87,27.3,25.11,23.53,22.97,23.68,26.18,27.1,25.82,26.58,25.82
T2M,1987,3.5,41.25,26.4,28.22,30.43,29.24,26.69,25.17,24.31,25.0,27.21,28.34,27.18,27.44,27.13
T2M,1987,3.5,41.875,27.59,29.29,31.61,30.76,27.85,26.34,25.54,26.2,28.34,29.3,28.08,28.39,28.26
T2M,1987,4.0,34.375,26.87,27.77,27.84,26.65,25.56,22.88,23.68,25.79,27.4,27.84,26.31,26.85,26.28
T2M,1987,4.0,35.0,28.84,30.16,30.35,28.5,27.81,25.24,26.14,28.2,29.76,30.21,29.03,29.64,28.65
T2M,1987,4.0,35.625,27.76,29.2,29.99,28.0,27.37,25.25,25.85,27.3,28.75,29.34,28.65,28.99,28.03
T2M,1987,4.0,36.25,29.37,30.52,31.47,30.0,28.99,27.23,27.39,28.4,29.81,30.43,29.96,30.37,29.49
T2M,1987,4.0,36.875,27.86,29.35,29.91,28.31,26.7,25.28,25.41,26.67,28.31,28.82,28.29,29.0,27.82
T2M,1987,4.0,37.5,27.68,29.07,29.17,27.41,25.41,24.26,24.35,25.48,27.26,27.89,27.84,28.62,27.02
T2M,1987,4.0,38.125,23.94,25.46,25.34,23.57,21.27,19.73,19.87,20.87,22.53,23.57,24.01,24.9,22.91
T2M,1987,4.0,38.75,21.79,23.68,23.57,21.94,20.24,18.63,18.56,19.5,21.3,22.35,22.23,23.08,21.39
T2M,1987,4.0,39.375,22.51,24.59,24.63,22.68,21.26,19.52,19.72,20.8,22.74,23.7,22.95,23.97,22.41
T2M,1987,4.0,40.0,23.99,26.0,26.64,24.63,22.8,21.08,21.27,22.35,24.48,25.36,24.27,25.22,24.0
T2M,1987,4.0,40.625,24.28,26.21,27.65,26.06,24.04,22.74,22.55,23.48,25.9,26.45,24.64,25.23,24.93
T2M,1987,4.0,41.25,26.04,28.04,30.37,29.12,26.55,25.44,24.95,25.75,27.92,28.75,26.88,26.82,27.21
T2M,1987,4.0,41.875,28.02,29.78,32.44,31.44,28.43,27.4,26.81,27.6,29.69,30.28,28.37,28.43,29.05
T2M,1987,4.5,34.375,29.14,29.92,29.42,28.28,26.91,24.66,26.05,28.17,29.51,29.69,27.97,29.08,28.23
T2M,1987,4.5,35.0,28.97,30.4,29.97,27.96,27.02,24.88,25.93,28.13,29.89,30.38,28.84,29.68,28.5
T2M,1987,4.5,35.625,28.49,29.97,30.17,27.57,26.78,25.14,25.9,27.59,29.24,29.91,29.02,29.45,28.26
T2M,1987,4.5,36.25,29.77,30.86,31.61,29.29,27.87,26.4,26.92,28.45,29.91,30.52,29.92,30.53,29.33
T2M,1987,4.5,36.875,28.44,29.67,30.55,28.5,26.34,25.06,25.1,26.32,27.91,28.57,28.6,29.22,27.85
T2M,1987,4.5,37.5,25.94,27.43,27.93,25.58,23.17,22.01,22.22,23.59,25.26,25.82,25.88,26.7,25.11
T2M,1987,4.5,38.125,21.57,23.29,23.51,21.83,19.91,18.41,18.33,19.3,21.0,21.82,21.47,22.37,21.05
T2M,1987,4.5,38.75,21.75,23.69,24.3,22.41,20.75,19.16,19.31,20.27,22.16,23.03,22.16,22.79,21.8
T2M,1987,4.5,39.375,23.5,25.46,25.91,23.75,22.15,20.58,20.86,21.95,23.91,24.79,23.79,24.48,23.42
T2M,1987,4.5,40.0,22.55,24.42,25.24,23.32,21.78,20.09,20.29,21.31,23.4,24.12,22.88,23.45,22.73
T2M,1987,4.5,40.625,23.67,25.58,27.01,25.4,23.47,22.08,22.1,23.1,25.44,25.88,24.16,24.4,24.35
T2M,1987,4.5,41.25,24.11,26.1,28.34,26.85,24.56,23.23,23.19,24.09,26.11,26.82,24.84,24.76,25.24
T2M,1987,4.5,41.875,27.83,29.6,32.43,31.0,28.02,27.17,26.99,27.97,30.03,30.19,27.92,28.03,28.93
T2M,1988,-0.5,34.375,25.0,26.57,25.36,23.61,22.57,22.48,22.81,23.47,24.49,24.58,24.0,24.67,24.13
T2M,1988,-0.5,35.0,21.75,23.11,22.33,20.47,19.54,18.77,18.55,19.34,20.28,20.74,20.39,20.85,20.5
T2M,1988,-0.5,35.625,15.45,16.66,16.86,15.62,14.67,13.5,12.89,13.41,13.78,14.27,14.31,14.22,14.63
T2M,1988,-0.5,36.25,16.28,17.21,17.74,16.47,14.93,13.76,13.26,13.73,14.19,14.86,14.81,14.69,15.15
T2M,1988,-0.5,36.875,16.26,17.15,18.13,17.28,15.45,14.6,14.18,14.63,15.24,15.83,15.36,14.94,15.75
T2M,1988,-0.5,37.5,20.7,21.66,22.51,21.31,19.26,18.52,18.18,18.7,19.44,20.28,19.04,18.56,19.84
T2M,1988,-0.5,38.125,25.7,26.7,26.77,25.48,24.83,24.16,23.59,24.0,24.53,25.41,22.74,22.63,24.71
T2M,1988,-0.5,38.75,28.26,29.21,28.63,27.03,26.31,25.64,25.12,25.5,25.93,27.24,24.81,25.03,26.55
T2M,1988,-0.5,39.375,29.88,30.64,29.84,27.64,26.53,25.96,25.55,26.09,26.56,28.17,26.78,27.12,27.56
T2M,1988,-0.5,40.0,30.37,30.97,30.35,27.98,26.68,26.03,25.77,26.4,26.92,28.72,27.51,27.75,27.95
T2M,1988,-0.5,40.625,30.48,30.75,30.42,27.86,26.64,25.77,25.77,26.58,27.07,29.14,27.91,28.19,28.04
T2M,1988,-0.5,41.25,30.37,30.42,30.21,27.98,26.91,25.98,26.17,26.8,27.23,29.11,28.1,28.3,28.13
T2M,1988,-0.5,41.875,29.65,29.49,29.63,28.25,27.19,26.28,26.02,26.49,26.96,28.45,28.12,28.19,27.89
T2M,1988,-1.0,34.375,23.05,24.56,23.34,22.11,20.86,20.52,21.52,22.64,23.87,23.95,23.33,23.97,22.8
T2M,1988,-1.0,35.0,20.43,21.52,20.74,19.08,17.79,16.77,16.79,17.99,19.33,20.14,19.69,20.07,19.19
T2M,1988,-1.0,35.625,19.37,20.27,20.06,17.89,16.2,15.14,14.54,15.39,16.55,17.8,17.49,17.81,17.37
T2M,1988,-1.0,36.25,18.58,19.26,19.39,17.57,15.49,14.63,14.0,14.73,15.77,16.97,16.59,16.65,16.63
T2M,1988,-1.0,36.875,18.91,19.75,20.69,19.39,17.15,16.84,16.82,17.53,18.42,19.06,17.79,17.27,18.3
T2M,1988,-1.0,37.5,22.33,23.39,23.93,22.67,20.62,19.86,19.51,20.3,21.08,22.06,20.78,20.31,21.4
T2M,1988,-1.0,38.125,24.74,25.68,25.69,24.47,23.52,22.69,22.0,22.5,23.04,24.08,22.11,21.98,23.54
T2M,1988,-1.0,38.75,28.32,29.21,28.54,26.8,26.12,25.44,24.89,25.27,25.68,26.96,24.9,25.22,26.44
T2M,1988,-1.0,39.375,30.03,30.7,29.79,27.38,26.39,25.87,25.52,26.04,26.46,27.96,26.76,27.26,27.51
T2M,1988,-1.0,40.0,30.52,31.09,30.3,27.76,26.56,26.08,25.85,26.41,26.89,28.59,27.41,27.78,27.93
T2M,1988,-1.0,40.625,30.28,30.48,30.14,27.53,26.37,25.54,25.58,26.31,26.75,28.82,27.84,27.97,27.8
T2M,1988,-1.0,41.25,29.9,29.84,29.8,27.7,26.58,25.57,25.74,26.34,26.75,28.6,27.93,27.97,27.72
T2M,1988,-1.0,41.875,28.52,28.28,28.74,28.07,27.15,26.11,25.66,25.83,26.27,27.41,27.51,27.45,27.25
T2M,1988,-1.5,34.375,23.47,24.87,23.6,22.24,20.94,21.87,22.81,23.9,24.92,24.67,23.81,24.43,23.46
T2M,1988,-1.5,35.0,21.58,21.96,21.75,19.83,18.42,18.28,19.15,20.51,21.81,22.24,21.06,21.3,20.65
T2M,1988,-1.5,35.625,18.93,19.11,19.42,17.61,15.88,15.27,15.03,16.38,17.63,18.76,18.01,17.96,17.49
T2M,1988,-1.5,36.25,23.27,24.42,24.13,21.8,19.84,19.8,19.85,20.82,21.82,22.99,21.75,21.52,21.83
T2M,1988,-1.5,36.875,20.28,21.63,21.89,20.3,18.61,18.4,18.58,19.16,19.74,20.55,19.31,18.85,19.77
T2M,1988,-1.5,37.5,21.67,22.58,23.24,21.72,19.92,19.44,19.11,19.83,20.37,21.49,20.34,19.84,20.79
T2M,1988,-1.5,38.125,24.94,25.74,25.96,24.63,23.25,22.46,21.72,22.5,23.08,24.22,22.72,22.34,23.62
T2M,1988,-1.5,38.75,28.24,29.11,28.53,26.61,25.9,25.24,24.67,25.06,25.45,26.76,25.19,25.43,26.34
T2M,1988,-1.5,39.375,29.84,30.54,29.7,27.13,25.98,25.56,25.17,25.73,26.21,27.59,26.57,27.08,27.25
T2M,1988,-1.5,40.0,30.72,31.07,30.29,27.41,26.09,25.54,25.51,26.15,26.63,28.31,27.44,27.99,27.76
T2M,1988,-1.5,40.625,30.31,30.43,30.06,27.55,26.39,25.52,25.52,26.12,26.58,28.57,27.9,28.05,27.74
T2M,1988,-1.5,41.25,29.59,29.45,29.57,27.62,26.55,25.58,25.74,26.19,26.56,28.22,27.77,27.93,27.56
T2M,1988,-1.5,41.875,27.64,27.3,28.05,27.94,27.2,26.04,25.37,25.26,25.66,26.47,26.98,26.97,26.74
T2M,1988,-1.7975103014118005e-13,34.375,23.91,25.31,24.67,23.11,22.32,22.15,21.78,22.15,23.03,23.28,22.88,23.07,23.13
T2M,1988,-1.7975103014118005e-13,35.0,21.6,22.92,22.7,20.98,20.05,19.39,18.95,19.53,20.23,20.44,20.12,20.01,20.57
T2M,1988,-1.7975103014118005e-13,35.625,15.81,16.93,17.58,16.71,15.63,14.64,14.31,14.74,15.06,15.26,14.91,14.51,15.5
T2M,1988,-1.7975103014118005e-13,36.25,18.88,19.96,20.52,19.45,17.6,16.73,16.41,16.82,17.39,18.06,17.6,17.22,18.05
T2M,1988,-1.7975103014118005e-13,36.875,17.36,18.26,19.56,19.06,17.36,16.55,16.36,16.62,17.12,17.73,16.87,16.1,17.41
T2M,1988,-1.7975103014118005e-13,37.5,17.41,18.06,19.21,18.62,17.02,16.35,16.12,16.5,17.02,17.57,16.35,15.67,17.15
T2M,1988,-1.7975103014118005e-13,38.125,26.33,27.1,27.45,26.06,25.37,25.0,24.53,24.99,25.43,26.3,23.35,23.18,25.42
T2M,1988,-1.7975103014118005e-13,38.75,29.02,29.87,29.53,27.73,26.94,26.33,25.88,26.33,26.71,28.09,25.74,25.83,27.33
T2M,1988,-1.7975103014118005e-13,39.375,30.12,30.83,30.35,28.2,27.03,26.38,25.87,26.51,26.95,28.68,27.37,27.54,27.98
T2M,1988,-1.7975103014118005e-13,40.0,30.54,31.06,30.79,28.51,27.18,26.44,26.0,26.72,27.27,29.14,28.06,28.26,28.32
T2M,1988,-1.7975103014118005e-13,40.625,30.67,31.04,30.87,28.48,27.22,26.38,26.28,27.05,27.59,29.58,28.31,28.74,28.51
T2M,1988,-1.7975103014118005e-13,41.25,30.66,30.88,30.69,28.44,27.42,26.63,26.69,27.23,27.68,29.51,28.42,28.88,28.59
T2M,1988,-1.7975103014118005e-13,41.875,30.3,30.32,30.31,28.4,27.28,26.58,26.44,26.94,27.41,29.14,28.41,28.84,28.36
T2M,1988,-2.0,34.375,24.16,25.42,24.15,22.37,21.33,22.58,23.29,24.42,25.67,25.57,24.25,24.99,24.01
T2M,1988,-2.0,35.0,21.88,22.29,22.16,20.0,18.61,19.08,19.85,21.05,22.19,22.67,21.28,21.63,21.06
T2M,1988,-2.0,35.625,19.57,19.59,20.06,18.16,16.38,16.19,15.87,17.35,18.46,19.54,18.75,18.79,18.22
T2M,1988,-2.0,36.25,25.75,26.91,26.59,24.59,23.24,23.06,22.85,23.96,24.74,25.71,24.65,24.53,24.71
T2M,1988,-2.0,36.875,21.1,22.27,22.38,20.86,19.54,19.36,19.4,19.76,20.23,21.08,20.12,19.89,20.49
T2M,1988,-2.0,37.5,22.46,23.4,23.78,22.21,20.81,20.29,20.07,20.68,21.12,22.29,21.28,20.93,21.6
T2M,1988,-2.0,38.125,25.38,26.27,26.28,24.74,23.59,22.74,22.23,22.87,23.32,24.55,23.41,23.08,24.03
T2M,1988,-2.0,38.75,28.08,29.14,28.49,26.24,25.55,24.85,24.43,24.82,25.15,26.65,25.29,25.55,26.18
T2M,1988,-2.0,39.375,29.51,30.28,29.51,26.87,25.63,25.04,24.71,25.35,25.79,27.35,26.48,26.97,26.95
T2M,1988,-2.0,40.0,30.39,30.7,30.01,27.32,26.06,25.41,25.42,25.92,26.39,27.88,27.37,27.92,27.56
T2M,1988,-2.0,40.625,29.97,29.92,29.75,27.73,26.61,25.61,25.59,25.93,26.33,27.89,27.81,28.11,27.6
T2M,1988,-2.0,41.25,28.41,28.17,28.71,28.12,27.37,26.16,25.71,25.58,25.95,26.93,27.39,27.55,27.17
T2M,1988,-2.0,41.875,27.3,26.97,27.78,28.07,27.41,26.07,25.22,24.98,25.36,26.01,26.73,26.84,26.56
T2M,1988,-2.5,34.375,23.64,24.63,23.57,21.85,20.61,21.53,22.54,23.69,25.03,25.46,23.37,23.82,23.31
T2M,1988,-2.5,35.0,21.54,21.87,21.58,19.52,18.11,18.51,19.09,20.43,21.65,22.6,20.81,20.84,20.54
T2M,1988,-2.5,35.625,22.55,22.79,22.85,20.51,18.95,18.92,19.12,20.6,21.72,23.29,21.88,21.75,21.24
T2M,1988,-2.5,36.25,25.15,26.22,25.63,23.88,22.35,22.11,21.85,23.29,24.27,25.8,24.53,24.02,24.08
T2M,1988,-2.5,36.875,22.34,23.48,23.1,22.28,21.16,21.21,21.1,22.09,22.75,23.34,21.84,21.35,22.16
T2M,1988,-2.5,37.5,22.91,24.06,23.89,22.5,21.36,20.99,21.13,21.73,22.14,23.19,22.07,21.61,22.29
T2M,1988,-2.5,38.125,25.03,26.28,26.18,24.44,23.43,22.54,22.27,22.88,23.16,24.67,23.58,23.19,23.96
T2M,1988,-2.5,38.75,27.72,29.11,28.51,26.16,25.53,24.68,24.38,24.76,24.97,26.68,25.69,25.73,26.15
T2M,1988,-2.5,39.375,28.74,29.79,29.26,26.76,25.45,24.58,24.37,24.97,25.3,27.21,26.52,26.81,26.64
T2M,1988,-2.5,40.0,29.26,29.56,29.33,27.31,26.18,25.25,25.23,25.46,25.8,27.22,27.16,27.55,27.1
T2M,1988,-2.5,40.625,28.73,28.57,28.9,27.98,27.06,25.9,25.51,25.43,25.75,26.79,27.29,27.67,27.13
T2M,1988,-2.5,41.25,27.53,27.19,27.92,28.1,27.42,26.06,25.3,25.03,25.3,26.0,26.75,26.99,26.63
T2M,1988,-2.5,41.875,27.53,27.12,27.84,28.12,27.41,26.05,25.22,25.01,25.35,26.03,26.85,26.99,26.62
T2M,1988,-3.0,34.375,23.33,24.34,23.07,21.48,20.18,20.61,21.42,22.57,23.8,25.13,23.15,23.43,22.71
T2M,1988,-3.0,35.0,22.02,22.51,21.74,19.65,18.18,18.34,18.64,20.26,21.38,22.87,21.3,21.33,20.68
T2M,1988,-3.0,35.625,18.75,19.19,18.68,16.91,15.18,14.88,14.66,15.93,17.25,18.76,18.18,17.86,17.18
T2M,1988,-3.0,36.25,23.98,25.14,24.21,21.31,19.62,19.51,19.46,21.01,21.84,23.93,23.38,23.11,22.2
T2M,1988,-3.0,36.875,22.14,23.04,22.54,20.96,18.58,18.2,17.92,19.61,20.8,22.88,22.26,21.37,20.85
T2M,1988,-3.0,37.5,18.58,19.32,19.44,18.08,16.26,15.71,15.13,15.99,16.76,18.3,17.87,17.44,17.4
T2M,1988,-3.0,38.125,24.49,25.89,25.91,24.12,22.98,21.93,21.59,22.19,22.43,24.25,23.63,23.12,23.54
T2M,1988,-3.0,38.75,27.05,28.69,28.17,25.77,25.18,24.1,23.83,24.29,24.38,26.36,25.69,25.54,25.75
T2M,1988,-3.0,39.375,28.23,29.52,29.07,26.7,25.44,24.36,24.33,24.78,25.0,27.04,26.62,26.84,26.49
T2M,1988,-3.0,40.0,28.44,28.75,28.89,27.47,26.52,25.36,25.14,25.26,25.41,26.76,27.09,27.28,26.86
T2M,1988,-3.0,40.625,27.84,27.61,28.26,28.05,27.32,26.06,25.26,25.06,25.24,26.02,26.81,27.18,26.72
T2M,1988,-3.0,41.25,27.78,27.42,28.11,28.14,27.42,26.07,25.26,25.07,25.28,26.05,26.85,27.15,26.71
T2M,1988,-3.0,41.875,27.79,27.34,28.0,28.17,27.38,26.03,25.21,25.02,25.33,26.07,26.94,27.15,26.7
T2M,1988,-3.5,34.375,24.8,25.71,24.4,22.75,22.08,22.31,22.73,23.67,24.7,26.17,24.75,25.61,24.14
T2M,1988,-3.5,35.0,23.93,24.28,23.33,21.06,20.08,19.84,19.88,21.03,22.03,23.58,22.8,23.32,22.09
T2M,1988,-3.5,35.625,22.51,22.81,22.02,19.6,18.35,17.99,17.56,18.89,20.01,21.54,21.21,21.46,20.32
T2M,1988,-3.5,36.25,24.67,25.52,24.29,21.53,20.14,19.74,19.7,20.95,21.75,23.19,22.87,23.27,22.29
T2M,1988,-3.5,36.875,24.67,25.46,24.14,21.45,19.57,19.29,18.8,20.35,20.98,22.67,22.46,22.98,21.89
T2M,1988,-3.5,37.5,26.23,27.05,26.28,23.59,21.88,21.18,20.79,22.12,22.64,24.56,24.29,24.45,23.75
T2M,1988,-3.5,38.125,23.86,25.27,24.95,22.83,21.67,20.42,20.1,20.65,20.84,22.87,22.73,22.48,22.38
T2M,1988,-3.5,38.75,25.95,27.24,26.92,24.89,23.8,22.67,22.22,22.77,22.89,24.93,24.7,24.66,24.46
T2M,1988,-3.5,39.375,27.65,28.75,28.35,26.3,25.03,23.86,23.84,24.26,24.4,26.29,26.14,26.46,25.94
T2M,1988,-3.5,40.0,28.16,28.33,28.69,27.75,26.9,25.67,25.19,25.17,25.19,26.27,26.96,27.29,26.79
T2M,1988,-3.5,40.625,27.97,27.73,28.35,28.14,27.35,26.07,25.21,25.02,25.15,25.94,26.85,27.27,26.75
T2M,1988,-3.5,41.25,28.01,27.69,28.33,28.22,27.39,26.04,25.21,25.06,25.26,26.03,26.89,27.32,26.78
T2M,1988,-3.5,41.875,27.93,27.6,28.22,28.21,27.33,25.98,25.18,24.99,25.28,26.07,26.96,27.29,26.75
T2M,1988,-4.0,34.375,25.07,26.02,24.7,23.67,23.39,23.13,23.07,24.2,25.15,26.69,25.57,25.89,24.71
T2M,1988,-4.0,35.0,23.01,23.41,22.66,20.97,20.41,19.87,19.87,20.87,21.83,23.28,22.62,22.75,21.79
T2M,1988,-4.0,35.625,22.11,22.14,21.5,19.77,18.69,18.03,17.59,18.76,19.86,21.43,21.17,21.18,20.18
T2M,1988,-4.0,36.25,24.22,24.72,23.63,21.75,20.63,19.96,19.79,20.97,21.72,23.31,22.94,22.98,22.21
T2M,1988,-4.0,36.875,23.68,24.37,23.34,21.48,20.03,19.49,19.01,20.26,20.84,22.54,22.28,22.34,21.63
T2M,1988,-4.0,37.5,25.2,26.21,25.22,23.16,21.8,20.97,20.65,21.75,22.1,24.02,23.74,23.77,23.21
T2M,1988,-4.0,38.125,25.63,26.8,26.05,23.86,22.81,21.53,21.31,22.04,22.13,24.1,23.89,24.11,23.68
T2M,1988,-4.0,38.75,26.43,27.62,26.94,24.67,23.56,22.38,22.16,22.71,22.77,24.86,24.79,25.11,24.49
T2M,1988,-4.0,39.375,27.99,28.73,28.33,26.54,25.51,24.28,24.22,24.6,24.7,26.34,26.46,26.88,26.21
T2M,1988,-4.0,40.0,28.04,27.97,28.52,28.1,27.22,25.99,25.25,25.11,25.1,25.94,26.85,27.28,26.78
T2M,1988,-4.0,40.625,28.12,27.92,28.45,28.26,27.34,26.04,25.2,25.03,25.11,25.94,26.91,27.36,26.8
T2M,1988,-4.0,41.25,28.11,27.91,28.42,28.3,27.34,25.99,25.18,25.04,25.2,26.02,26.93,27.4,26.82
T2M,1988,-4.0,41.875,27.99,27.79,28.33,28.26,27.28,25.94,25.15,24.99,25.22,26.03,26.95,27.37,26.77
T2M,1988,-4.5,34.375,23.57,25.01,23.44,22.83,22.37,21.41,21.08,22.16,23.21,25.17,24.32,24.49,23.25
T2M,1988,-4.5,35.0,21.62,22.18,21.56,20.21,19.52,18.7,18.31,19.37,20.35,21.87,21.38,21.57,20.55
T2M,1988,-4.5,35.625,21.68,21.81,21.2,19.71,18.83,18.07,17.53,18.69,19.66,21.09,20.96,20.93,20.01
T2M,1988,-4.5,36.25,24.14,24.6,23.55,22.01,21.06,20.33,20.09,21.1,21.74,23.29,23.15,23.12,22.34
T2M,1988,-4.5,36.875,23.45,24.05,23.03,21.45,20.3,19.57,19.17,20.12,20.6,22.25,22.23,22.25,21.53
T2M,1988,-4.5,37.5,24.72,25.6,24.59,22.57,21.21,20.35,19.99,20.94,21.18,23.32,23.26,23.42,22.59
T2M,1988,-4.5,38.125,24.71,25.83,25.08,22.91,21.33,20.2,19.85,20.85,20.97,23.22,23.02,23.23,22.59
T2M,1988,-4.5,38.75,26.77,27.76,27.17,25.05,23.76,22.64,22.37,23.03,23.08,24.98,25.1,25.46,24.76
T2M,1988,-4.5,39.375,28.24,28.69,28.66,27.4,26.49,25.33,24.93,25.09,25.15,26.39,27.02,27.33,26.72
T2M,1988,-4.5,40.0,28.1,28.03,28.6,28.28,27.33,26.1,25.31,25.1,25.12,25.91,26.87,27.31,26.83
T2M,1988,-4.5,40.625,28.22,28.09,28.57,28.35,27.35,26.03,25.21,25.04,25.04,25.95,26.94,27.42,26.85
T2M,1988,-4.5,41.25,28.16,28.03,28.51,28.36,27.31,25.95,25.18,25.03,25.11,26.02,26.94,27.45,26.83
T2M,1988,-4.5,41.875,28.04,27.91,28.44,28.31,27.24,25.89,25.15,25.01,25.14,26.01,26.94,27.43,26.79
T2M,1988,0.5,34.375,23.29,25.12,24.16,22.55,21.44,20.93,20.18,20.71,21.38,21.56,21.45,21.22,21.99
T2M,1988,0.5,35.0,19.91,21.49,21.49,19.93,18.6,17.85,17.14,17.79,18.28,18.24,17.94,17.52,18.84
T2M,1988,0.5,35.625,20.36,21.36,21.81,20.29,18.6,17.81,17.44,17.74,18.35,18.39,17.59,17.11,18.9
T2M,1988,0.5,36.25,22.71,23.68,24.32,23.14,20.76,20.6,20.08,20.52,21.27,22.01,21.12,20.55,21.72
T2M,1988,0.5,36.875,19.78,20.74,21.83,21.22,19.42,19.38,19.09,19.26,19.71,20.37,18.77,17.88,19.78
T2M,1988,0.5,37.5,23.28,24.0,24.94,23.86,22.67,22.44,22.3,22.82,23.14,23.56,21.29,20.67,22.91
T2M,1988,0.5,38.125,26.58,27.2,27.59,25.96,24.9,24.46,24.09,24.61,24.98,26.14,23.58,23.24,25.27
T2M,1988,0.5,38.75,29.2,29.76,29.73,27.86,26.87,26.23,25.82,26.37,26.69,28.15,26.24,26.21,27.42
T2M,1988,0.5,39.375,30.38,30.91,30.75,28.5,27.22,26.7,26.23,26.96,27.31,29.1,27.64,27.82,28.29
T2M,1988,0.5,40.0,30.76,31.2,31.18,28.8,27.44,26.87,26.42,27.22,27.71,29.58,28.31,28.66,28.67
T2M,1988,0.5,40.625,30.83,31.25,31.34,29.17,27.94,27.15,26.93,27.6,28.15,29.97,28.76,29.3,29.03
T2M,1988,0.5,41.25,30.73,31.1,31.16,29.04,28.08,27.32,27.12,27.54,28.05,29.85,28.86,29.5,29.03
T2M,1988,0.5,41.875,30.63,30.78,30.89,28.84,27.64,27.07,26.93,27.26,27.78,29.55,28.84,29.44,28.8
T2M,1988,1.0,34.375,18.51,20.28,20.02,18.96,17.69,17.0,16.2,16.76,16.98,17.07,16.99,16.8,17.76
T2M,1988,1.0,35.0,18.0,19.65,19.66,18.26,16.76,16.17,15.62,15.98,16.29,16.04,15.77,15.44,16.96
T2M,1988,1.0,35.625,21.38,22.43,22.67,20.77,19.11,18.57,17.94,18.24,18.94,18.91,18.04,18.46,19.61
T2M,1988,1.0,36.25,24.65,25.75,26.36,25.15,23.16,23.41,22.21,22.77,23.59,24.26,23.03,22.29,23.88
T2M,1988,1.0,36.875,20.57,21.42,22.51,21.81,20.1,20.14,19.65,19.92,20.37,20.81,19.29,18.47,20.42
T2M,1988,1.0,37.5,24.82,25.53,26.33,25.1,23.87,23.59,23.51,24.09,24.4,25.01,22.65,22.11,24.25
T2M,1988,1.0,38.125,28.36,28.91,29.22,27.59,26.76,26.07,25.79,26.28,26.63,27.8,25.44,25.22,27.0
T2M,1988,1.0,38.75,30.14,30.64,30.68,28.78,27.9,27.23,26.82,27.41,27.74,29.13,27.21,27.26,28.41
T2M,1988,1.0,39.375,30.56,30.99,30.97,28.54,27.38,27.04,26.65,27.36,27.68,29.36,27.65,27.94,28.5
T2M,1988,1.0,40.0,30.74,31.13,31.26,28.76,27.48,27.06,26.66,27.43,27.9,29.59,28.14,28.62,28.73
T2M,1988,1.0,40.625,31.0,31.38,31.5,29.41,28.25,27.55,27.31,27.85,28.41,30.02,28.69,29.43,29.23
T2M,1988,1.0,41.25,31.13,31.46,31.51,29.36,28.29,27.72,27.55,27.81,28.36,30.13,28.95,29.81,29.34
T2M,1988,1.0,41.875,31.03,31.21,31.36,29.34,27.98,27.54,27.34,27.58,28.18,29.94,29.2,29.81,29.21
T2M,1988,1.5,34.375,25.15,26.76,25.63,23.56,21.43,21.0,19.79,20.09,21.03,21.39,21.25,21.84,22.39
T2M,1988,1.5,35.0,22.78,24.09,23.78,21.95,20.12,19.83,18.77,19.06,19.89,19.94,19.32,19.57,20.75
T2M,1988,1.5,35.625,25.48,26.34,26.66,24.97,23.57,23.66,21.84,22.42,23.53,24.06,22.89,22.75,24.0
T2M,1988,1.5,36.25,27.61,28.51,29.18,28.08,26.47,26.42,25.14,26.1,26.97,27.51,26.03,25.46,26.95
T2M,1988,1.5,36.875,23.11,24.05,24.87,24.14,22.98,22.68,22.22,22.77,23.33,23.73,21.67,21.07,23.05
T2M,1988,1.5,37.5,26.27,27.07,27.63,26.44,25.37,24.94,24.48,25.22,25.62,26.35,24.16,23.75,25.6
T2M,1988,1.5,38.125,29.28,29.81,29.98,28.13,27.82,27.08,26.61,27.17,27.58,28.56,26.19,26.18,27.86
T2M,1988,1.5,38.75,30.38,30.8,30.71,28.43,27.78,27.42,27.07,27.71,28.02,29.17,26.85,27.03,28.44
T2M,1988,1.5,39.375,30.42,30.77,30.87,28.25,27.18,26.88,26.5,27.32,27.66,29.2,27.39,27.67,28.34
T2M,1988,1.5,40.0,30.66,30.99,31.13,28.44,27.24,27.02,26.76,27.54,27.98,29.43,27.64,28.16,28.58
T2M,1988,1.5,40.625,31.05,31.38,31.48,29.36,28.33,27.69,27.41,27.86,28.44,29.91,28.42,29.3,29.22
T2M,1988,1.5,41.25,31.32,31.57,31.68,29.68,28.48,27.74,27.57,27.82,28.45,30.15,29.02,29.76,29.43
T2M,1988,1.5,41.875,31.1,31.28,31.39,29.4,27.97,27.62,27.42,27.57,28.24,30.01,29.05,29.68,29.22
T2M,1988,2.0,34.375,27.26,28.55,27.89,26.05,23.97,23.75,21.96,22.51,23.65,24.34,24.27,24.62,24.89
T2M,1988,2.0,35.0,25.14,26.08,26.06,24.41,22.87,22.59,21.22,21.8,22.73,23.26,22.47,22.52,23.42
T2M,1988,2.0,35.625,28.39,29.12,29.57,27.99,26.74,26.41,24.89,25.99,26.99,27.55,26.34,26.15,27.17
T2M,1988,2.0,36.25,30.04,30.79,31.46,30.34,28.96,28.9,27.89,29.17,29.89,30.37,28.53,27.97,29.52
T2M,1988,2.0,36.875,23.72,24.58,25.2,24.29,23.36,22.9,22.63,23.28,23.66,23.99,21.94,21.51,23.42
T2M,1988,2.0,37.5,27.48,28.2,28.6,26.97,26.07,25.6,25.36,26.16,26.47,27.2,24.99,24.74,26.48
T2M,1988,2.0,38.125,28.9,29.42,29.49,27.04,26.61,26.24,25.98,26.64,27.07,27.91,25.33,25.32,27.16
T2M,1988,2.0,38.75,30.13,30.56,30.52,27.75,27.12,26.78,26.44,27.27,27.72,28.74,26.45,26.66,28.01
T2M,1988,2.0,39.375,30.29,30.63,30.75,27.63,26.62,26.56,26.14,27.07,27.5,28.81,26.84,27.23,28.0
T2M,1988,2.0,40.0,30.22,30.57,30.64,27.57,26.33,26.44,26.09,26.92,27.45,28.73,26.83,27.45,27.93
T2M,1988,2.0,40.625,30.45,30.79,30.76,28.22,27.39,27.18,26.8,27.14,27.72,29.2,27.51,28.4,28.46
T2M,1988,2.0,41.25,31.07,31.26,31.33,29.14,28.16,27.65,27.37,27.58,28.23,29.88,28.53,29.27,29.12
T2M,1988,2.0,41.875,31.02,31.09,31.27,29.23,27.81,27.76,27.3,27.49,28.21,29.82,28.97,29.4,29.11
T2M,1988,2.5,34.375,26.32,27.4,27.47,25.38,23.85,23.82,21.81,22.73,24.03,24.51,23.88,24.01,24.59
T2M,1988,2.5,35.0,26.37,27.2,27.58,25.75,24.36,23.98,22.97,23.64,24.56,25.17,24.07,24.05,24.97
T2M,1988,2.5,35.625,29.19,29.88,30.47,28.61,27.38,27.17,26.02,27.03,27.92,28.71,27.41,27.19,28.08
T2M,1988,2.5,36.25,30.36,30.95,31.63,30.23,29.26,29.12,28.41,29.48,30.04,30.48,28.65,28.24,29.73
T2M,1988,2.5,36.875,26.87,27.45,28.13,26.5,25.56,25.1,25.15,25.76,26.04,26.51,24.59,24.38,26.0
T2M,1988,2.5,37.5,29.26,29.87,30.26,27.81,27.05,26.88,26.89,27.52,27.86,28.48,26.27,26.2,27.86
T2M,1988,2.5,38.125,28.33,28.88,29.05,26.02,25.3,25.21,25.07,25.82,26.25,27.09,24.78,24.84,26.38
T2M,1988,2.5,38.75,29.61,30.15,30.21,26.85,26.16,26.16,25.9,26.81,27.27,28.24,25.97,26.24,27.46
T2M,1988,2.5,39.375,29.69,30.14,30.29,26.74,25.67,25.89,25.57,26.52,26.91,28.14,26.26,26.69,27.37
T2M,1988,2.5,40.0,29.31,29.78,29.9,26.64,25.42,25.62,25.27,26.02,26.56,27.9,26.25,26.76,27.11
T2M,1988,2.5,40.625,29.6,29.97,30.09,27.57,26.69,26.54,26.15,26.46,26.94,28.46,27.0,27.69,27.76
T2M,1988,2.5,41.25,30.43,30.6,30.87,28.66,27.77,27.14,26.72,26.98,27.63,29.16,28.21,28.77,28.57
T2M,1988,2.5,41.875,30.35,30.41,30.8,28.68,27.36,27.07,26.55,26.78,27.47,28.94,28.48,28.79,28.47
T2M,1988,3.0,34.375,25.05,26.06,26.62,23.88,22.42,22.17,21.02,21.65,22.94,23.1,22.28,22.69,23.31
T2M,1988,3.0,35.0,27.47,28.26,28.93,26.47,25.01,24.85,24.11,24.75,25.9,26.36,25.06,25.1,26.02
T2M,1988,3.0,35.625,30.19,30.86,31.64,29.26,28.23,28.17,27.44,28.33,29.47,30.02,28.29,28.11,29.16
T2M,1988,3.0,36.25,30.78,31.31,32.1,29.93,29.32,29.08,28.62,29.55,30.11,30.41,28.7,28.49,29.86
T2M,1988,3.0,36.875,29.7,30.25,30.99,28.19,27.59,27.41,27.52,28.24,28.67,28.99,26.92,26.82,28.44
T2M,1988,3.0,37.5,30.01,30.45,30.94,27.72,27.28,27.21,27.44,28.08,28.53,29.03,26.87,26.91,28.37
T2M,1988,3.0,38.125,29.01,29.27,29.62,26.44,25.59,25.54,25.48,26.43,26.84,27.77,25.73,25.85,26.96
T2M,1988,3.0,38.75,29.09,29.26,29.53,25.96,25.06,25.23,25.22,26.19,26.51,27.5,25.64,25.96,26.76
T2M,1988,3.0,39.375,28.88,29.16,29.44,25.75,24.54,24.91,24.72,25.58,25.94,27.01,25.7,26.03,26.47
T2M,1988,3.0,40.0,28.42,28.74,29.07,25.88,24.56,24.84,24.65,25.31,25.7,26.96,25.59,25.99,26.3
T2M,1988,3.0,40.625,28.82,29.28,29.6,27.27,26.34,26.08,25.73,26.08,26.49,27.97,26.62,27.1,27.28
T2M,1988,3.0,41.25,29.6,30.02,30.39,28.18,27.3,26.77,26.33,26.6,27.15,28.75,27.66,28.03,28.06
T2M,1988,3.0,41.875,29.49,29.72,30.26,28.16,26.96,26.5,25.95,26.25,26.92,28.25,27.69,27.98,27.84
T2M,1988,3.5,34.375,25.21,26.19,26.74,23.83,22.22,22.04,21.42,21.74,23.3,23.07,22.29,22.61,23.38
T2M,1988,3.5,35.0,29.01,29.78,30.32,27.34,26.01,25.97,25.19,25.93,27.26,27.55,26.48,26.49,27.27
T2M,1988,3.5,35.625,30.48,31.05,31.71,28.85,28.01,27.95,27.19,28.21,29.41,29.97,28.3,28.23,29.11
T2M,1988,3.5,36.25,30.56,30.97,31.58,28.93,28.25,28.1,27.76,28.89,29.48,29.87,28.12,28.09,29.21
T2M,1988,3.5,36.875,30.2,30.63,31.24,27.81,27.18,27.28,27.26,28.49,29.07,29.27,27.28,27.21,28.57
T2M,1988,3.5,37.5,29.02,29.2,29.62,26.21,25.46,25.51,25.48,26.48,27.03,27.57,25.85,26.17,26.96
T2M,1988,3.5,38.125,27.92,27.74,27.92,24.74,23.33,23.47,23.54,24.49,24.93,25.84,24.7,24.88,25.29
T2M,1988,3.5,38.75,27.87,27.56,27.82,24.14,22.51,22.8,22.87,23.77,24.05,25.02,24.2,24.6,24.76
T2M,1988,3.5,39.375,26.59,26.5,26.86,23.66,21.93,22.1,22.03,22.87,23.16,24.13,23.17,23.51,23.87
T2M,1988,3.5,40.0,27.63,27.73,28.17,25.13,23.67,24.15,24.0,24.63,24.97,26.09,24.76,25.11,25.5
T2M,1988,3.5,40.625,27.69,28.14,28.56,26.29,25.3,25.38,25.07,25.4,25.69,27.14,25.46,25.94,26.34
T2M,1988,3.5,41.25,28.6,29.2,29.83,27.98,27.16,26.75,26.19,26.53,27.08,28.6,27.09,27.24,27.68
T2M,1988,3.5,41.875,29.67,30.21,30.95,29.02,28.15,27.67,27.1,27.41,28.12,29.17,28.24,28.41,28.67
T2M,1988,4.0,34.375,28.1,29.12,29.48,26.04,24.44,24.25,23.8,24.22,25.74,25.44,24.86,25.44,25.9
T2M,1988,4.0,35.0,30.47,31.21,31.66,28.07,26.78,26.9,26.27,26.87,28.31,28.41,27.75,27.89,28.37
T2M,1988,4.0,35.625,29.67,30.12,30.73,27.41,26.43,26.56,25.81,26.74,27.87,28.46,27.34,27.29,27.86
T2M,1988,4.0,36.25,31.02,31.3,31.75,28.71,27.83,27.95,27.45,28.64,29.52,29.86,28.59,28.53,29.26
T2M,1988,4.0,36.875,29.66,30.0,30.41,26.4,25.18,25.71,25.64,26.81,27.85,27.88,26.77,26.78,27.42
T2M,1988,4.0,37.5,29.37,29.47,29.89,25.73,24.14,24.64,24.73,25.85,26.66,27.03,26.42,26.56,26.7
T2M,1988,4.0,38.125,25.97,25.59,26.17,22.61,20.49,20.35,20.53,21.39,21.83,22.74,22.51,22.81,22.74
T2M,1988,4.0,38.75,24.17,23.83,24.44,21.63,19.49,19.16,19.01,20.0,20.47,21.38,20.82,21.09,21.29
T2M,1988,4.0,39.375,25.18,24.87,25.49,22.74,20.77,20.8,20.83,21.8,22.01,22.64,21.75,21.97,22.57
T2M,1988,4.0,40.0,26.59,26.55,27.05,24.18,22.59,23.05,23.08,23.82,23.99,24.77,23.65,24.11,24.45
T2M,1988,4.0,40.625,26.69,27.04,27.64,25.58,24.62,24.96,24.59,25.02,25.27,26.42,24.49,24.91,25.6
T2M,1988,4.0,41.25,28.46,29.12,29.81,28.11,27.45,27.25,26.81,27.18,27.67,28.9,26.89,27.07,27.89
T2M,1988,4.0,41.875,30.12,30.9,31.65,29.74,29.12,28.8,28.31,28.68,29.34,30.08,28.64,28.88,29.52
T2M,1988,4.5,34.375,30.23,31.34,31.52,27.5,26.4,26.63,25.8,26.15,27.85,27.25,27.06,27.95,27.96
T2M,1988,4.5,35.0,30.74,31.39,31.77,27.79,26.41,26.73,26.22,26.53,28.08,27.89,27.75,28.17,28.28
T2M,1988,4.5,35.625,30.49,30.73,31.37,27.55,26.37,26.69,26.08,26.71,28.05,28.36,27.97,27.78,28.17
T2M,1988,4.5,36.25,31.42,31.61,32.15,28.18,27.01,27.54,26.98,28.2,29.38,29.49,29.06,28.94,29.16
T2M,1988,4.5,36.875,30.12,30.36,30.85,26.71,25.12,25.5,25.37,26.3,27.28,27.5,27.33,27.24,27.47
T2M,1988,4.5,37.5,27.74,27.86,28.32,24.19,22.03,22.34,22.42,23.56,24.33,24.51,24.66,24.98,24.74
T2M,1988,4.5,38.125,23.61,23.49,24.32,21.32,19.26,18.65,18.68,19.59,20.22,20.69,20.44,20.63,20.9
T2M,1988,4.5,38.75,24.13,24.13,24.94,22.31,20.0,19.66,19.84,20.84,21.36,21.64,21.1,21.23,21.76
T2M,1988,4.5,39.375,25.94,26.09,26.73,23.89,22.02,22.17,22.2,23.16,23.48,23.78,23.2,23.22,23.82
T2M,1988,4.5,40.0,24.89,25.08,25.79,23.27,21.66,21.89,21.68,22.43,22.78,23.32,22.39,22.58,23.14
T2M,1988,4.5,40.625,26.07,26.47,27.1,25.22,24.32,24.46,24.22,24.74,24.99,25.74,24.15,24.38,25.15
T2M,1988,4.5,41.25,26.45,27.24,28.02,26.41,25.7,25.61,25.1,25.67,26.1,26.78,24.94,25.07,26.09
T2M,1988,4.5,41.875,29.86,30.78,31.55,29.62,29.01,29.03,28.61,29.05,29.54,30.0,28.19,28.62,29.49
T2M,1989,-0.5,34.375,23.5,24.66,24.94,23.55,22.9,22.78,22.79,23.02,23.47,23.82,24.13,23.37,23.57
T2M,1989,-0.5,35.0,19.87,21.13,21.9,20.18,19.46,19.14,18.79,19.0,19.55,20.22,20.81,20.38,20.03
T2M,1989,-0.5,35.625,13.64,14.22,15.51,14.69,14.02,13.49,13.08,13.33,13.97,14.34,14.82,14.86,14.16
T2M,1989,-0.5,36.25,14.53,14.52,15.84,15.06,14.28,13.6,13.36,13.51,14.27,14.64,15.18,15.39,14.51
T2M,1989,-0.5,36.875,15.02,14.82,15.82,15.48,14.94,13.74,13.69,13.83,14.8,15.24,15.59,15.57,14.88
T2M,1989,-0.5,37.5,18.95,19.01,20.21,19.31,18.7,17.63,17.48,17.87,19.31,19.63,19.47,19.21,18.9
T2M,1989,-0.5,38.125,23.06,23.93,25.05,23.87,23.88,23.19,22.67,22.77,24.49,24.27,23.16,22.97,23.61
T2M,1989,-0.5,38.75,25.4,26.91,27.81,26.09,25.53,24.8,24.34,24.26,26.07,26.02,24.92,25.07,25.59
T2M,1989,-0.5,39.375,27.55,28.91,29.76,27.71,26.06,25.23,24.96,24.95,26.88,26.99,26.33,27.01,26.85
T2M,1989,-0.5,40.0,28.13,29.39,30.31,28.24,26.35,25.43,25.21,25.29,27.23,27.5,26.95,27.47,27.28
T2M,1989,-0.5,40.625,28.55,29.66,30.51,28.42,26.44,25.4,25.45,25.67,27.32,27.82,26.81,27.33,27.44
T2M,1989,-0.5,41.25,28.65,29.63,30.24,28.55,26.75,25.74,25.86,26.01,27.36,27.88,26.98,27.41,27.58
T2M,1989,-0.5,41.875,28.33,28.81,29.3,28.39,27.06,25.96,25.89,25.94,27.02,27.65,27.48,27.54,27.44
T2M,1989,-1.0,34.375,21.23,22.92,23.36,22.2,21.6,21.74,21.58,21.86,22.36,22.8,23.1,21.55,22.18
T2M,1989,-1.0,35.0,18.52,19.94,20.49,18.78,17.95,17.63,17.65,18.09,18.45,19.26,19.93,19.21,18.82
T2M,1989,-1.0,35.625,17.53,17.97,19.0,17.1,16.06,15.32,15.37,16.11,16.84,17.5,18.2,18.24,17.1
T2M,1989,-1.0,36.25,16.66,16.63,17.8,16.33,15.25,14.16,14.24,14.98,15.93,16.59,17.16,17.21,16.08
T2M,1989,-1.0,36.875,16.94,17.01,18.28,17.53,16.74,16.1,16.47,16.83,17.93,18.34,18.16,17.49,17.32
T2M,1989,-1.0,37.5,20.22,20.41,21.58,20.73,20.06,18.95,18.92,19.23,20.88,21.33,21.16,20.63,20.34
T2M,1989,-1.0,38.125,22.48,23.55,24.12,22.8,22.68,21.68,21.19,21.16,23.08,23.04,22.42,22.51,22.55
T2M,1989,-1.0,38.75,25.46,27.35,27.67,25.68,25.17,24.6,24.13,24.03,25.88,25.77,24.82,25.31,25.48
T2M,1989,-1.0,39.375,27.65,29.38,29.75,27.24,25.7,25.07,24.82,24.83,26.77,26.74,26.19,27.37,26.78
T2M,1989,-1.0,40.0,28.11,29.83,30.42,27.83,26.09,25.35,25.2,25.26,27.17,27.35,26.78,27.51,27.23
T2M,1989,-1.0,40.625,28.26,29.55,30.29,27.99,26.16,25.12,25.21,25.35,26.96,27.56,26.7,27.22,27.18
T2M,1989,-1.0,41.25,28.19,29.12,29.72,28.15,26.48,25.37,25.39,25.51,26.81,27.48,26.86,27.1,27.17
T2M,1989,-1.0,41.875,27.3,27.55,28.17,27.93,27.05,25.8,25.54,25.37,26.23,26.89,27.25,27.08,26.84
T2M,1989,-1.5,34.375,21.0,22.78,24.01,22.14,21.92,22.28,22.47,22.55,22.74,23.59,24.14,21.81,22.62
T2M,1989,-1.5,35.0,19.29,20.21,21.31,19.55,18.9,18.66,19.43,19.78,20.18,21.04,21.59,20.3,20.02
T2M,1989,-1.5,35.625,17.28,17.01,18.32,17.01,16.12,15.11,15.32,16.07,17.25,18.0,18.5,18.11,17.01
T2M,1989,-1.5,36.25,21.49,21.35,22.45,21.0,19.88,19.31,19.46,20.12,21.39,22.12,22.17,21.9,21.05
T2M,1989,-1.5,36.875,18.48,18.7,19.77,18.9,18.13,17.69,18.21,18.36,19.21,19.82,19.65,19.03,18.83
T2M,1989,-1.5,37.5,19.47,20.13,21.06,19.95,19.26,18.39,18.53,18.72,20.23,20.64,20.51,19.9,19.73
T2M,1989,-1.5,38.125,22.45,23.36,23.94,22.72,22.26,21.24,20.92,20.92,22.94,23.21,22.74,22.5,22.43
T2M,1989,-1.5,38.75,25.59,27.33,27.4,25.5,24.78,24.33,23.91,23.8,25.72,25.62,25.02,25.39,25.35
T2M,1989,-1.5,39.375,27.31,29.26,29.13,26.69,25.29,24.57,24.36,24.49,26.5,26.45,26.02,26.74,26.38
T2M,1989,-1.5,40.0,28.3,30.01,30.33,27.19,25.65,24.73,24.81,24.95,26.85,27.07,26.52,27.2,26.95
T2M,1989,-1.5,40.625,28.29,29.52,30.18,27.6,26.09,25.01,25.06,25.15,26.71,27.41,26.87,27.17,27.07
T2M,1989,-1.5,41.25,27.93,28.61,29.32,27.76,26.39,25.35,25.33,25.38,26.53,27.24,26.92,26.73,26.95
T2M,1989,-1.5,41.875,26.57,26.48,27.21,27.45,26.9,25.73,25.3,24.9,25.52,26.19,27.06,26.81,26.34
T2M,1989,-1.7975103014118005e-13,34.375,22.41,23.63,24.08,22.88,22.42,22.0,21.58,21.71,22.5,22.92,23.14,22.9,22.67
T2M,1989,-1.7975103014118005e-13,35.0,19.79,20.58,21.84,20.39,19.93,19.37,18.75,19.01,19.62,20.17,20.46,20.38,20.02
T2M,1989,-1.7975103014118005e-13,35.625,14.1,14.28,15.95,15.43,15.08,14.52,14.16,14.32,14.78,15.03,15.15,15.08,14.83
T2M,1989,-1.7975103014118005e-13,36.25,17.01,17.26,19.02,18.08,17.53,17.24,16.49,16.38,17.28,17.65,17.82,17.71,17.46
T2M,1989,-1.7975103014118005e-13,36.875,16.01,16.13,17.32,16.93,16.67,15.9,15.8,15.87,16.72,17.03,16.95,16.52,16.49
T2M,1989,-1.7975103014118005e-13,37.5,15.74,15.82,16.94,16.65,16.4,15.53,15.41,15.59,16.59,16.8,16.62,16.19,16.19
T2M,1989,-1.7975103014118005e-13,38.125,23.85,24.41,25.57,24.62,24.53,24.14,23.72,23.85,25.43,24.98,23.9,23.51,24.37
T2M,1989,-1.7975103014118005e-13,38.75,26.41,27.3,28.45,27.12,26.31,25.52,25.21,25.17,26.94,26.81,25.87,25.8,26.4
T2M,1989,-1.7975103014118005e-13,39.375,28.03,28.78,30.01,28.43,26.62,25.61,25.37,25.41,27.37,27.48,27.01,27.3,27.27
T2M,1989,-1.7975103014118005e-13,40.0,28.64,29.19,30.44,28.87,26.89,25.8,25.51,25.65,27.66,27.92,27.52,27.75,27.64
T2M,1989,-1.7975103014118005e-13,40.625,29.1,29.74,30.73,28.91,26.75,25.87,25.88,26.14,27.86,28.12,27.41,27.84,27.85
T2M,1989,-1.7975103014118005e-13,41.25,29.3,29.89,30.6,28.86,26.9,26.24,26.32,26.45,27.88,28.1,27.41,27.95,27.98
T2M,1989,-1.7975103014118005e-13,41.875,29.2,29.57,30.03,28.51,26.67,26.02,26.11,26.34,27.6,27.88,27.71,27.92,27.79
T2M,1989,-2.0,34.375,21.09,22.72,24.25,22.49,22.36,22.39,23.08,23.29,23.5,24.94,24.89,22.37,23.12
T2M,1989,-2.0,35.0,18.99,19.94,21.19,19.83,19.04,18.64,19.75,20.12,20.83,21.87,21.9,20.54,20.22
T2M,1989,-2.0,35.625,17.49,17.25,18.57,17.6,16.76,15.38,15.57,16.47,18.19,18.99,19.13,18.67,17.51
T2M,1989,-2.0,36.25,23.7,23.99,24.93,23.76,23.11,22.4,22.35,22.93,24.37,25.12,24.96,24.59,23.85
T2M,1989,-2.0,36.875,19.5,19.79,20.6,19.6,19.01,18.47,18.98,18.79,19.81,20.45,20.38,20.03,19.62
T2M,1989,-2.0,37.5,20.54,21.14,21.95,20.86,20.25,19.4,19.57,19.52,21.0,21.46,21.39,20.93,20.66
T2M,1989,-2.0,38.125,22.89,24.0,24.55,23.16,22.68,21.76,21.53,21.48,23.4,23.67,23.33,23.01,22.95
T2M,1989,-2.0,38.75,25.46,27.31,27.31,25.29,24.49,24.03,23.67,23.54,25.52,25.51,25.14,25.34,25.2
T2M,1989,-2.0,39.375,27.04,28.94,28.62,26.3,25.01,24.0,23.87,24.01,26.13,26.22,25.95,26.36,26.02
T2M,1989,-2.0,40.0,28.16,29.71,29.55,26.8,25.46,24.39,24.55,24.68,26.55,26.8,26.43,26.88,26.65
T2M,1989,-2.0,40.625,28.25,29.04,29.44,27.19,26.02,24.93,25.05,24.98,26.3,27.02,26.91,27.06,26.84
T2M,1989,-2.0,41.25,27.2,27.2,27.92,27.51,26.8,25.74,25.36,24.98,25.73,26.51,27.19,27.1,26.6
T2M,1989,-2.0,41.875,26.2,26.09,26.8,27.25,26.96,25.72,25.17,24.69,25.2,25.85,26.9,26.78,26.13
T2M,1989,-2.5,34.375,20.11,21.31,22.82,21.77,21.49,21.22,22.25,22.66,23.43,25.08,24.4,22.02,22.39
T2M,1989,-2.5,35.0,18.14,18.58,20.13,19.25,18.59,17.79,19.05,19.46,20.67,21.99,21.53,20.05,19.61
T2M,1989,-2.5,35.625,19.49,19.69,21.26,20.24,19.36,18.07,18.83,19.45,21.69,22.75,22.32,21.32,20.38
T2M,1989,-2.5,36.25,22.73,23.3,24.35,23.2,22.39,21.35,21.3,22.0,24.31,25.21,24.73,24.01,23.24
T2M,1989,-2.5,36.875,20.51,20.85,21.97,21.22,20.89,20.23,20.57,20.9,22.27,22.75,22.07,21.37,21.3
T2M,1989,-2.5,37.5,20.75,21.52,22.76,21.57,20.93,20.31,20.83,20.56,21.95,22.48,22.2,21.4,21.44
T2M,1989,-2.5,38.125,22.79,23.93,24.69,23.34,22.76,21.83,21.71,21.58,23.48,23.76,23.52,23.12,23.04
T2M,1989,-2.5,38.75,25.34,27.34,27.56,25.5,24.54,23.99,23.64,23.45,25.46,25.67,25.45,25.33,25.26
T2M,1989,-2.5,39.375,26.68,28.46,28.42,26.27,24.96,23.63,23.55,23.62,25.77,26.12,26.03,26.17,25.79
T2M,1989,-2.5,40.0,27.67,28.57,28.65,26.8,25.52,24.37,24.51,24.38,25.96,26.45,26.35,26.56,26.3
T2M,1989,-2.5,40.625,27.42,27.48,28.01,27.33,26.43,25.23,25.07,24.71,25.65,26.36,26.82,26.99,26.45
T2M,1989,-2.5,41.25,26.2,26.11,26.88,27.34,26.88,25.67,25.07,24.54,25.06,25.86,26.76,26.81,26.1
T2M,1989,-2.5,41.875,26.25,26.19,26.87,27.33,27.01,25.7,25.14,24.68,25.21,25.91,26.86,26.88,26.17
T2M,1989,-3.0,34.375,19.35,20.21,21.75,21.02,20.57,19.87,20.73,21.53,23.32,24.63,24.52,21.9,21.62
T2M,1989,-3.0,35.0,18.18,18.48,19.85,18.89,18.3,17.47,18.18,19.26,21.13,22.27,22.56,20.48,19.59
T2M,1989,-3.0,35.625,15.79,15.84,16.78,16.06,15.19,13.92,14.24,14.86,17.23,18.37,18.96,17.72,16.25
T2M,1989,-3.0,36.25,20.51,20.9,22.85,21.11,19.74,18.41,18.93,19.66,22.11,23.42,24.2,22.61,21.2
T2M,1989,-3.0,36.875,19.76,20.46,22.13,20.31,18.59,17.19,17.48,18.26,21.07,22.48,22.73,21.19,20.13
T2M,1989,-3.0,37.5,16.74,17.14,18.32,17.12,16.21,14.74,14.73,14.94,16.88,17.82,18.17,17.58,16.7
T2M,1989,-3.0,38.125,22.57,23.95,24.73,23.19,22.37,21.22,21.05,20.93,22.86,23.4,23.49,23.09,22.73
T2M,1989,-3.0,38.75,24.91,27.36,27.5,25.32,24.28,23.43,23.1,22.85,24.96,25.39,25.29,25.05,24.94
T2M,1989,-3.0,39.375,26.61,28.46,28.43,26.4,24.97,23.47,23.48,23.45,25.52,26.06,26.07,26.13,25.74
T2M,1989,-3.0,40.0,27.2,27.64,28.07,27.18,25.9,24.72,24.65,24.26,25.56,26.22,26.68,26.62,26.22
T2M,1989,-3.0,40.625,26.56,26.3,27.03,27.38,26.77,25.52,25.01,24.41,25.09,25.84,26.74,26.87,26.12
T2M,1989,-3.0,41.25,26.32,26.18,26.95,27.36,26.93,25.64,25.04,24.53,25.08,25.93,26.83,26.96,26.14
T2M,1989,-3.0,41.875,26.38,26.23,26.93,27.35,27.05,25.65,25.12,24.67,25.22,25.99,26.85,27.03,26.2
T2M,1989,-3.5,34.375,20.54,21.47,22.44,21.96,21.63,20.89,21.68,22.34,24.68,25.46,25.82,23.22,22.68
T2M,1989,-3.5,35.0,19.89,20.53,21.11,20.03,19.57,18.55,18.86,19.67,22.13,22.95,23.64,22.14,20.75
T2M,1989,-3.5,35.625,18.8,19.09,19.96,18.5,17.81,16.62,16.64,17.34,20.08,21.1,21.78,21.02,19.06
T2M,1989,-3.5,36.25,20.74,21.63,22.7,20.59,19.52,18.39,18.65,19.48,21.95,22.83,23.41,23.03,21.07
T2M,1989,-3.5,36.875,21.37,22.85,23.04,20.56,19.15,17.84,17.9,18.51,21.28,22.16,22.94,23.18,20.88
T2M,1989,-3.5,37.5,23.83,25.02,25.31,22.68,21.26,19.94,19.89,20.47,23.03,23.89,24.51,24.72,22.87
T2M,1989,-3.5,38.125,21.89,23.82,24.09,21.99,20.94,19.58,19.38,19.24,21.31,22.0,22.71,22.54,21.61
T2M,1989,-3.5,38.75,24.06,26.11,26.12,24.16,23.21,21.74,21.46,21.22,23.4,24.07,24.49,24.41,23.69
T2M,1989,-3.5,39.375,26.3,27.9,27.69,25.87,24.54,22.89,22.99,22.85,24.82,25.5,25.76,25.97,25.24
T2M,1989,-3.5,40.0,27.01,27.05,27.52,27.21,26.32,25.13,24.88,24.27,25.24,25.92,26.71,26.92,26.18
T2M,1989,-3.5,40.625,26.66,26.25,27.02,27.42,26.85,25.56,25.01,24.35,25.03,25.79,26.73,27.01,26.14
T2M,1989,-3.5,41.25,26.58,26.25,27.01,27.4,26.94,25.6,25.02,24.51,25.1,25.93,26.83,27.1,26.19
T2M,1989,-3.5,41.875,26.55,26.23,27.01,27.37,27.04,25.59,25.1,24.63,25.21,26.02,26.85,27.13,26.23
T2M,1989,-4.0,34.375,21.01,21.98,22.68,22.22,21.81,21.1,21.73,22.76,25.24,25.97,26.39,23.45,23.03
T2M,1989,-4.0,35.0,19.4,20.0,20.38,19.53,19.02,18.04,18.4,19.3,21.79,22.62,23.31,21.52,20.27
T2M,1989,-4.0,35.625,18.63,19.11,19.54,18.28,17.63,16.32,16.3,17.01,19.53,20.72,21.61,20.75,18.78
T2M,1989,-4.0,36.25,20.62,21.52,22.22,20.22,19.48,18.38,18.39,19.2,21.84,22.85,23.41,22.84,20.91
T2M,1989,-4.0,36.875,20.82,22.15,22.34,20.22,19.22,17.87,17.98,18.41,21.06,22.05,22.63,22.48,20.59
T2M,1989,-4.0,37.5,22.42,24.19,24.31,21.9,20.97,19.54,19.46,20.01,22.54,23.37,23.81,23.81,22.18
T2M,1989,-4.0,38.125,23.34,25.74,25.19,22.84,22.02,20.5,20.29,20.45,22.76,23.25,23.71,24.18,22.84
T2M,1989,-4.0,38.75,24.58,26.72,26.18,23.86,22.87,21.42,21.32,21.04,23.23,23.96,24.61,25.04,23.72
T2M,1989,-4.0,39.375,26.68,27.85,27.74,26.03,24.78,23.34,23.47,23.26,24.97,25.77,26.21,26.61,25.54
T2M,1989,-4.0,40.0,26.99,26.47,27.08,27.39,26.69,25.42,25.02,24.26,25.02,25.73,26.72,27.07,26.15
T2M,1989,-4.0,40.625,26.92,26.32,27.01,27.54,26.89,25.54,24.99,24.33,25.02,25.8,26.76,27.15,26.19
T2M,1989,-4.0,41.25,26.86,26.29,27.03,27.55,26.96,25.56,24.98,24.49,25.1,25.91,26.8,27.19,26.23
T2M,1989,-4.0,41.875,26.76,26.22,27.04,27.46,27.03,25.54,25.05,24.59,25.19,25.99,26.83,27.2,26.24
T2M,1989,-4.5,34.375,19.9,21.36,21.94,20.77,20.26,19.33,19.41,20.47,23.3,24.12,24.95,22.05,21.48
T2M,1989,-4.5,35.0,18.3,19.39,19.73,18.44,17.84,16.55,16.65,17.59,20.09,20.96,21.92,20.28,18.97
T2M,1989,-4.5,35.625,18.44,18.9,19.25,18.03,17.33,15.93,15.86,16.75,19.19,20.17,21.21,20.47,18.46
T2M,1989,-4.5,36.25,20.65,21.7,22.09,20.19,19.57,18.47,18.38,19.12,21.74,22.62,23.48,22.79,20.89
T2M,1989,-4.5,36.875,20.68,22.17,22.05,20.02,19.27,17.86,17.9,18.34,20.67,21.58,22.57,22.23,20.43
T2M,1989,-4.5,37.5,21.99,23.6,23.46,21.28,20.47,18.71,18.7,19.07,21.56,22.46,23.44,23.37,21.49
T2M,1989,-4.5,38.125,22.38,24.35,24.03,21.89,20.95,18.92,18.71,19.13,21.69,22.32,23.03,23.36,21.71
T2M,1989,-4.5,38.75,24.65,26.67,26.16,24.14,23.13,21.44,21.48,21.37,23.51,24.17,24.96,25.5,23.91
T2M,1989,-4.5,39.375,26.92,27.59,27.62,26.67,25.71,24.48,24.45,23.97,25.16,25.99,26.84,27.2,26.04
T2M,1989,-4.5,40.0,27.08,26.45,27.04,27.54,26.82,25.51,25.07,24.27,24.99,25.72,26.77,27.13,26.2
T2M,1989,-4.5,40.625,27.14,26.44,27.06,27.59,26.93,25.51,24.98,24.29,25.02,25.79,26.84,27.25,26.23
T2M,1989,-4.5,41.25,27.08,26.34,27.04,27.63,26.97,25.52,24.96,24.45,25.1,25.88,26.79,27.26,26.25
T2M,1989,-4.5,41.875,26.97,26.22,27.02,27.58,27.04,25.5,25.0,24.54,25.16,25.94,26.8,27.25,26.25
T2M,1989,0.5,34.375,21.3,22.81,23.57,21.83,21.22,20.58,19.91,20.19,21.23,21.45,21.71,21.79,21.46
T2M,1989,0.5,35.0,17.67,18.44,20.05,18.73,18.34,17.85,17.05,17.47,17.91,18.02,18.18,18.23,18.16
T2M,1989,0.5,35.625,17.69,18.35,20.4,18.73,18.3,17.54,17.3,17.57,17.97,18.23,17.86,17.99,18.16
T2M,1989,0.5,36.25,20.79,21.11,22.85,21.76,21.32,21.09,20.08,20.08,21.42,21.59,21.43,21.25,21.23
T2M,1989,0.5,36.875,18.05,18.18,19.71,19.24,19.19,18.91,18.4,18.28,19.46,19.7,19.11,18.2,18.87
T2M,1989,0.5,37.5,21.33,21.54,22.85,22.16,22.25,21.83,21.68,21.93,22.86,22.62,21.72,20.91,21.98
T2M,1989,0.5,38.125,24.12,24.52,25.78,24.96,24.52,23.71,23.47,23.51,25.14,24.89,24.06,23.35,24.33
T2M,1989,0.5,38.75,26.73,27.3,28.48,27.62,26.49,25.45,25.29,25.26,27.03,26.99,26.37,26.08,26.58
T2M,1989,0.5,39.375,28.21,28.9,30.27,28.87,26.91,25.89,25.77,25.89,27.85,27.92,27.43,27.4,27.6
T2M,1989,0.5,40.0,28.95,29.54,30.78,29.32,27.04,26.1,25.92,26.19,28.2,28.33,27.87,28.0,28.01
T2M,1989,0.5,40.625,29.57,30.03,30.95,29.38,27.02,26.39,26.36,26.69,28.46,28.47,28.05,28.46,28.31
T2M,1989,0.5,41.25,29.84,30.1,30.86,29.18,27.26,26.67,26.61,26.75,28.28,28.28,28.1,28.64,28.37
T2M,1989,0.5,41.875,29.87,29.98,30.54,28.81,26.7,26.15,26.3,26.6,28.03,27.95,28.2,28.58,28.13
T2M,1989,1.0,34.375,16.93,17.61,18.87,17.72,17.31,16.6,15.95,16.31,17.09,17.26,17.42,17.65,17.22
T2M,1989,1.0,35.0,15.54,16.45,18.37,16.86,16.36,15.87,15.53,15.8,16.27,16.1,16.27,16.27,16.31
T2M,1989,1.0,35.625,19.17,19.4,21.4,19.49,18.8,18.4,18.34,18.6,19.6,19.27,19.24,19.25,19.25
T2M,1989,1.0,36.25,22.69,22.98,24.87,23.83,23.78,23.54,22.56,22.97,24.17,24.15,23.56,23.07,23.52
T2M,1989,1.0,36.875,18.95,18.97,20.4,20.14,20.29,19.62,19.39,19.45,20.48,20.42,19.92,19.0,19.76
T2M,1989,1.0,37.5,22.82,22.98,24.37,23.7,23.83,23.14,23.05,23.19,24.39,24.13,23.13,22.34,23.42
T2M,1989,1.0,38.125,25.87,26.25,27.65,26.93,26.51,25.42,25.26,25.13,26.84,26.81,25.77,25.41,26.15
T2M,1989,1.0,38.75,27.62,28.39,29.66,28.77,27.64,26.5,26.4,26.35,28.09,28.17,27.23,27.16,27.66
T2M,1989,1.0,39.375,28.21,29.18,30.53,29.06,27.25,26.27,26.21,26.31,28.24,28.3,27.42,27.5,27.86
T2M,1989,1.0,40.0,28.82,29.74,30.81,29.22,27.07,26.22,26.12,26.42,28.42,28.4,27.7,27.94,28.06
T2M,1989,1.0,40.625,29.65,30.3,31.1,29.36,27.21,26.59,26.65,26.99,28.72,28.55,28.07,28.64,28.47
T2M,1989,1.0,41.25,30.16,30.57,31.26,29.31,27.38,26.68,26.84,27.09,28.64,28.41,28.34,29.05,28.63
T2M,1989,1.0,41.875,30.21,30.45,31.07,29.19,26.74,26.43,26.63,26.94,28.44,28.19,28.52,29.21,28.49
T2M,1989,1.5,34.375,22.65,23.73,25.14,22.61,21.55,21.11,20.06,20.66,22.11,22.11,22.7,23.14,22.29
T2M,1989,1.5,35.0,20.48,21.01,22.79,20.84,20.05,19.68,19.24,19.88,21.04,20.46,20.54,20.68,20.55
T2M,1989,1.5,35.625,23.45,23.72,25.4,23.96,23.52,23.42,22.8,23.56,24.75,24.25,23.65,23.6,23.84
T2M,1989,1.5,36.25,25.96,26.1,27.71,26.82,26.98,26.76,25.76,26.38,27.8,27.47,26.44,26.25,26.7
T2M,1989,1.5,36.875,21.72,21.65,23.0,22.48,22.96,22.1,22.1,22.29,23.31,23.15,22.07,21.52,22.37
T2M,1989,1.5,37.5,24.52,24.59,26.02,25.3,25.47,24.47,24.28,24.35,25.81,25.68,24.5,24.19,24.93
T2M,1989,1.5,38.125,26.68,27.11,28.63,27.78,27.58,26.35,26.24,26.08,27.86,27.82,26.37,26.45,27.08
T2M,1989,1.5,38.75,27.29,28.37,29.93,28.58,27.86,26.92,26.76,26.71,28.44,28.44,26.86,27.01,27.76
T2M,1989,1.5,39.375,27.81,28.72,30.29,28.68,27.16,26.17,26.12,26.3,28.28,28.19,27.12,27.2,27.66
T2M,1989,1.5,40.0,28.27,29.3,30.57,28.9,27.26,26.32,26.33,26.59,28.57,28.37,27.32,27.57,27.94
T2M,1989,1.5,40.625,29.4,30.28,31.21,29.2,27.41,26.63,26.74,27.05,28.73,28.48,27.84,28.51,28.45
T2M,1989,1.5,41.25,29.89,30.77,31.48,29.55,27.47,26.78,26.8,27.13,28.68,28.49,28.36,29.25,28.71
T2M,1989,1.5,41.875,30.01,30.57,31.24,29.19,26.74,26.46,26.72,26.99,28.49,28.14,28.37,29.41,28.52
T2M,1989,2.0,34.375,25.12,25.72,27.22,24.74,24.07,23.98,22.52,23.88,25.23,25.04,25.34,25.61,24.87
T2M,1989,2.0,35.0,23.09,23.59,25.11,23.38,22.88,22.45,21.93,22.86,24.02,23.65,23.34,23.35,23.3
T2M,1989,2.0,35.625,26.55,26.87,28.23,27.15,26.91,26.32,25.92,26.73,28.06,27.7,26.9,26.86,27.02
T2M,1989,2.0,36.25,28.39,28.5,29.89,29.34,29.52,29.02,28.32,29.04,30.28,30.1,28.86,28.92,29.19
T2M,1989,2.0,36.875,22.3,22.18,23.44,22.85,23.33,22.28,22.47,22.36,23.54,23.46,22.37,22.26,22.74
T2M,1989,2.0,37.5,25.6,25.47,26.91,26.11,26.24,25.09,25.19,25.1,26.67,26.57,25.28,25.3,25.8
T2M,1989,2.0,38.125,25.93,26.23,27.98,26.93,26.75,25.81,25.72,25.63,27.46,27.24,25.66,25.71,26.42
T2M,1989,2.0,38.75,26.93,27.66,29.21,27.98,27.31,26.34,26.25,26.36,28.24,28.06,26.61,26.74,27.3
T2M,1989,2.0,39.375,27.44,28.3,29.9,28.1,26.63,25.8,25.77,26.11,28.18,27.86,26.66,26.85,27.29
T2M,1989,2.0,40.0,27.7,28.64,29.98,27.97,26.39,25.65,25.67,26.06,28.07,27.59,26.56,26.95,27.26
T2M,1989,2.0,40.625,28.73,29.79,30.72,28.04,26.25,25.87,26.18,26.37,28.09,27.57,26.8,27.66,27.66
T2M,1989,2.0,41.25,29.5,30.41,31.29,28.93,26.92,26.38,26.59,26.89,28.53,28.19,27.81,28.76,28.34
T2M,1989,2.0,41.875,29.83,30.51,31.19,28.91,26.54,26.51,26.64,26.88,28.47,28.0,28.11,29.52,28.41
T2M,1989,2.5,34.375,24.26,24.81,26.49,24.24,24.08,23.85,22.38,24.31,25.08,24.82,24.66,24.7,24.47
T2M,1989,2.5,35.0,24.48,24.8,26.41,24.91,24.51,23.69,23.51,24.21,25.51,25.44,24.78,24.73,24.75
T2M,1989,2.5,35.625,27.35,27.58,29.0,28.05,27.69,26.99,26.76,27.33,28.79,28.72,27.65,27.69,27.8
T2M,1989,2.5,36.25,28.84,28.65,30.08,29.42,29.51,28.76,28.5,28.77,30.1,30.05,28.92,29.15,29.23
T2M,1989,2.5,36.875,25.52,25.03,26.27,25.33,25.57,24.57,24.9,24.62,26.03,26.02,24.99,25.24,25.34
T2M,1989,2.5,37.5,27.23,26.75,28.32,27.23,27.29,26.33,26.59,26.41,28.06,27.93,26.61,26.78,27.13
T2M,1989,2.5,38.125,25.67,25.5,27.18,26.05,25.51,24.62,24.71,24.79,26.71,26.48,25.14,25.08,25.62
T2M,1989,2.5,38.75,26.77,26.99,28.65,27.24,26.29,25.51,25.6,25.85,27.85,27.52,26.16,26.19,26.72
T2M,1989,2.5,39.375,26.98,27.54,29.2,27.24,25.46,25.03,25.09,25.54,27.69,27.19,26.17,26.42,26.62
T2M,1989,2.5,40.0,26.9,27.59,29.13,26.91,25.15,24.64,24.76,25.16,27.31,26.75,26.03,26.46,26.39
T2M,1989,2.5,40.625,27.76,28.77,29.92,27.31,25.56,25.09,25.45,25.69,27.44,27.05,26.55,27.41,26.99
T2M,1989,2.5,41.25,28.85,29.69,30.61,28.36,26.45,25.9,25.95,26.23,27.95,27.85,27.65,28.83,27.85
T2M,1989,2.5,41.875,28.99,29.8,30.53,28.43,26.27,25.86,25.85,26.13,27.81,27.57,27.87,29.04,27.83
T2M,1989,3.0,34.375,23.3,23.47,25.09,23.19,22.78,22.06,21.49,22.76,23.75,23.52,23.26,23.19,23.15
T2M,1989,3.0,35.0,25.8,25.67,27.38,26.01,25.46,24.53,24.62,25.09,26.48,26.46,25.73,25.65,25.74
T2M,1989,3.0,35.625,28.48,27.98,29.95,28.88,28.62,28.0,27.89,28.22,29.55,29.6,28.52,28.59,28.7
T2M,1989,3.0,36.25,29.39,28.65,30.38,29.4,29.43,28.55,28.56,28.49,29.97,30.04,29.02,29.31,29.27
T2M,1989,3.0,36.875,28.04,27.13,28.95,27.7,27.73,26.95,27.29,27.1,28.64,28.64,27.26,27.53,27.75
T2M,1989,3.0,37.5,27.94,27.15,28.96,27.64,27.43,26.71,27.06,26.95,28.7,28.61,27.12,27.32,27.64
T2M,1989,3.0,38.125,26.71,26.11,27.68,26.51,25.66,24.87,25.08,25.4,27.34,27.15,25.93,26.02,26.21
T2M,1989,3.0,38.75,26.79,26.52,28.12,26.36,24.95,24.49,24.78,25.17,27.27,26.84,25.71,25.95,26.08
T2M,1989,3.0,39.375,26.57,26.82,28.34,26.18,24.02,23.9,24.08,24.58,26.87,26.33,25.67,25.98,25.77
T2M,1989,3.0,40.0,26.2,26.71,28.34,25.96,23.9,23.63,23.92,24.41,26.64,26.15,25.65,25.85,25.61
T2M,1989,3.0,40.625,26.98,27.98,29.22,26.88,25.1,24.58,24.92,25.27,27.04,26.89,26.61,27.04,26.53
T2M,1989,3.0,41.25,27.84,29.04,30.06,27.84,25.93,25.45,25.54,25.83,27.6,27.59,27.59,28.19,27.36
T2M,1989,3.0,41.875,27.87,28.95,29.76,27.87,25.9,25.33,25.19,25.58,27.33,27.14,27.59,28.08,27.2
T2M,1989,3.5,34.375,23.4,23.49,24.87,23.47,22.65,21.82,21.9,22.67,23.6,23.54,23.09,23.25,23.14
T2M,1989,3.5,35.0,27.16,26.81,28.59,27.19,26.39,25.74,25.82,26.5,27.79,27.69,27.03,27.09,26.99
T2M,1989,3.5,35.625,28.76,27.94,30.02,28.71,28.15,27.66,27.8,28.14,29.55,29.62,28.65,28.75,28.65
T2M,1989,3.5,36.25,29.06,28.16,29.98,28.69,28.27,27.59,27.89,27.88,29.38,29.39,28.47,28.77,28.63
T2M,1989,3.5,36.875,28.41,27.42,29.17,27.7,27.27,26.73,27.25,27.41,29.01,28.81,27.6,27.93,27.9
T2M,1989,3.5,37.5,27.25,26.52,27.82,26.09,25.43,24.91,25.24,25.42,27.22,27.06,26.08,26.52,26.3
T2M,1989,3.5,38.125,25.88,25.39,26.33,24.78,23.31,22.75,23.06,23.47,25.65,25.37,24.86,25.28,24.67
T2M,1989,3.5,38.75,25.72,25.65,26.52,24.36,22.4,21.95,22.26,22.77,24.92,24.7,24.44,24.91,24.21
T2M,1989,3.5,39.375,24.47,24.58,25.9,23.48,21.56,20.9,21.25,21.86,24.07,23.83,23.56,23.6,23.25
T2M,1989,3.5,40.0,25.62,26.03,27.5,24.73,22.79,22.66,23.12,23.69,25.9,25.4,24.96,24.88,24.77
T2M,1989,3.5,40.625,25.98,26.86,27.91,25.38,23.88,23.64,24.19,24.62,26.34,26.02,25.68,25.52,25.49
T2M,1989,3.5,41.25,26.98,28.11,29.22,27.17,25.57,25.23,25.36,25.7,27.5,27.44,27.26,27.2,26.89
T2M,1989,3.5,41.875,28.1,29.26,30.32,28.58,26.89,26.43,26.25,26.7,28.48,28.18,28.35,28.48,27.99
T2M,1989,4.0,34.375,26.0,26.08,27.36,25.79,24.85,24.48,24.48,25.41,26.17,25.87,25.48,25.79,25.64
T2M,1989,4.0,35.0,28.39,27.89,29.73,28.12,27.14,26.97,26.94,27.77,28.83,28.77,28.21,28.23,28.08
T2M,1989,4.0,35.625,27.87,27.07,28.92,27.64,26.56,26.12,26.25,26.72,28.25,28.31,27.72,27.79,27.44
T2M,1989,4.0,36.25,29.34,28.73,30.32,28.74,27.82,27.34,27.65,27.98,29.39,29.26,28.82,29.12,28.71
T2M,1989,4.0,36.875,27.81,27.25,28.63,26.4,25.23,25.16,25.5,26.15,27.59,27.24,26.94,27.33,26.77
T2M,1989,4.0,37.5,27.45,27.34,28.18,25.67,24.2,24.06,24.48,25.06,26.65,26.4,26.46,26.93,26.07
T2M,1989,4.0,38.125,23.83,24.14,24.61,22.14,20.57,19.72,19.96,20.53,22.41,22.29,22.78,23.06,22.16
T2M,1989,4.0,38.75,21.98,22.38,23.28,20.75,19.54,18.41,18.59,19.25,21.23,20.88,21.25,21.21,20.72
T2M,1989,4.0,39.375,23.34,23.55,24.52,21.7,20.47,19.61,19.98,20.85,23.01,22.22,22.1,21.92,21.93
T2M,1989,4.0,40.0,25.05,25.23,26.09,23.02,21.73,21.42,21.91,22.88,24.88,23.91,23.7,23.64,23.61
T2M,1989,4.0,40.625,25.25,25.83,26.65,23.86,22.92,22.98,23.61,24.22,25.86,25.02,24.71,24.36,24.6
T2M,1989,4.0,41.25,26.97,28.0,28.98,26.67,25.34,25.53,25.8,26.29,28.05,27.5,27.16,26.82,26.92
T2M,1989,4.0,41.875,28.59,29.74,30.85,29.02,27.39,27.38,27.29,27.92,29.66,28.91,28.88,28.77,28.69
T2M,1989,4.5,34.375,28.03,28.14,29.18,27.64,26.46,27.1,26.33,27.88,28.02,27.75,27.21,27.82,27.63
T2M,1989,4.5,35.0,28.6,27.83,29.67,27.84,26.48,26.84,26.83,27.81,28.68,28.54,28.2,28.04,27.95
T2M,1989,4.5,35.625,28.57,27.7,29.14,27.85,26.23,26.17,26.37,26.92,28.36,28.41,28.43,28.28,27.7
T2M,1989,4.5,36.25,29.3,29.0,30.5,28.4,26.78,26.85,27.1,27.94,29.11,28.85,29.09,29.07,28.5
T2M,1989,4.5,36.875,28.13,28.34,29.29,26.62,24.95,24.82,25.21,25.73,26.99,26.75,27.33,27.63,26.81
T2M,1989,4.5,37.5,25.64,26.21,26.86,23.66,21.98,21.85,22.19,23.07,24.11,23.74,24.51,24.96,24.05
T2M,1989,4.5,38.125,21.75,22.25,23.02,20.15,19.14,18.19,18.41,19.1,20.53,20.19,20.76,20.72,20.34
T2M,1989,4.5,38.75,22.28,22.88,23.66,20.83,19.8,19.06,19.42,20.23,21.83,21.21,21.47,21.41,21.16
T2M,1989,4.5,39.375,24.46,24.83,25.5,22.29,21.22,20.85,21.31,22.22,24.06,23.14,23.17,23.18,23.01
T2M,1989,4.5,40.0,23.48,24.03,24.66,21.69,20.84,20.49,20.66,21.51,23.4,22.56,22.45,22.5,22.35
T2M,1989,4.5,40.625,24.82,25.43,26.0,22.8,22.2,22.4,22.92,23.85,25.52,24.45,24.13,23.96,24.03
T2M,1989,4.5,41.25,25.2,26.12,26.97,24.17,23.27,23.46,23.97,24.6,26.42,25.56,25.22,24.85,24.98
T2M,1989,4.5,41.875,28.4,29.46,30.58,28.4,26.71,27.24,27.45,28.26,29.9,28.69,28.64,28.55,28.52
T2M,1990,-0.5,34.375,23.11,23.29,22.94,22.47,22.59,22.19,22.39,23.03,24.34,24.25,24.41,24.29,23.27
T2M,1990,-0.5,35.0,19.77,20.33,20.06,19.49,19.61,18.7,18.29,18.99,20.09,20.44,20.34,20.35,19.7
T2M,1990,-0.5,35.625,14.35,15.6,15.49,14.96,14.91,13.61,12.87,13.41,14.06,14.63,14.55,14.37,14.39
T2M,1990,-0.5,36.25,14.67,16.33,16.02,15.6,15.36,14.06,13.43,13.85,14.71,15.41,15.16,14.99,14.96
T2M,1990,-0.5,36.875,14.88,16.51,16.4,16.34,15.82,14.4,13.94,14.36,15.44,16.05,15.69,15.13,15.4
T2M,1990,-0.5,37.5,19.14,21.16,20.4,20.2,19.55,18.32,18.07,18.52,19.73,20.28,19.7,18.95,19.49
T2M,1990,-0.5,38.125,23.66,25.52,24.54,24.47,24.89,23.49,22.81,23.31,24.57,24.54,23.74,22.81,24.02
T2M,1990,-0.5,38.75,26.39,28.25,26.74,26.32,26.77,25.16,24.35,24.85,26.08,26.29,25.76,24.96,25.98
T2M,1990,-0.5,39.375,28.59,29.93,28.63,27.49,27.39,25.93,25.11,25.62,26.82,27.35,27.29,26.94,27.24
T2M,1990,-0.5,40.0,29.08,30.38,29.16,27.71,27.31,26.11,25.34,25.9,27.17,27.68,28.04,27.57,27.6
T2M,1990,-0.5,40.625,29.39,30.53,29.59,27.43,26.88,26.12,25.51,26.2,27.52,27.71,28.57,27.74,27.75
T2M,1990,-0.5,41.25,29.35,30.34,29.63,27.58,27.03,26.54,25.85,26.51,27.62,27.85,28.71,27.83,27.89
T2M,1990,-0.5,41.875,28.64,29.57,29.27,28.14,27.35,26.48,25.87,26.23,27.16,27.6,28.41,27.87,27.7
T2M,1990,-1.0,34.375,20.97,21.37,21.17,20.87,20.87,19.94,20.48,21.82,23.44,23.37,23.22,22.8,21.69
T2M,1990,-1.0,35.0,18.25,19.04,18.51,18.11,17.93,16.66,16.33,17.38,18.89,19.71,19.37,19.78,18.32
T2M,1990,-1.0,35.625,16.88,18.43,17.51,16.93,16.59,15.08,14.49,15.42,16.68,17.86,17.52,18.28,16.8
T2M,1990,-1.0,36.25,16.04,18.04,16.99,16.55,15.94,14.55,14.0,14.92,16.59,17.46,16.86,17.19,16.25
T2M,1990,-1.0,36.875,17.26,19.36,18.73,18.07,17.53,16.82,17.02,17.68,19.0,19.02,18.22,17.46,18.0
T2M,1990,-1.0,37.5,20.62,22.75,21.82,21.41,20.79,19.57,19.36,19.98,21.42,21.94,21.39,20.57,20.95
T2M,1990,-1.0,38.125,23.17,24.98,23.67,23.65,23.7,22.0,21.16,21.75,23.11,23.37,22.75,22.24,22.95
T2M,1990,-1.0,38.75,26.66,28.44,26.62,26.17,26.62,25.07,24.17,24.69,25.92,26.05,25.53,25.2,25.91
T2M,1990,-1.0,39.375,28.98,30.12,28.43,27.36,27.19,25.91,25.08,25.59,26.75,27.16,26.97,27.21,27.21
T2M,1990,-1.0,40.0,29.3,30.54,28.96,27.56,27.18,26.15,25.42,26.0,27.17,27.55,27.65,27.69,27.58
T2M,1990,-1.0,40.625,29.14,30.32,29.3,27.11,26.45,25.83,25.2,25.92,27.14,27.37,28.14,27.74,27.45
T2M,1990,-1.0,41.25,28.59,29.79,29.17,27.3,26.56,26.03,25.39,26.07,27.09,27.37,28.29,27.82,27.44
T2M,1990,-1.0,41.875,27.46,28.42,28.48,28.01,27.29,26.21,25.4,25.55,26.27,26.79,27.73,27.43,27.08
T2M,1990,-1.5,34.375,20.87,22.19,20.95,20.62,21.04,21.44,22.16,23.21,24.71,24.21,23.65,23.44,22.37
T2M,1990,-1.5,35.0,18.66,20.28,19.03,18.75,18.58,18.01,18.64,20.14,21.62,22.05,21.12,21.42,19.85
T2M,1990,-1.5,35.625,16.31,18.09,17.17,16.73,16.27,14.98,14.89,16.4,17.92,18.83,18.29,18.43,17.02
T2M,1990,-1.5,36.25,20.65,23.0,21.49,20.39,20.46,20.0,19.52,20.88,22.3,22.8,22.12,22.14,21.3
T2M,1990,-1.5,36.875,18.66,20.95,20.01,19.04,19.07,18.76,18.64,18.95,20.08,20.19,19.65,19.12,19.41
T2M,1990,-1.5,37.5,19.84,21.98,21.25,20.57,20.03,19.12,18.91,19.41,20.62,21.11,20.72,19.97,20.28
T2M,1990,-1.5,38.125,22.84,24.48,23.83,23.4,22.93,21.44,20.68,21.5,22.96,23.52,23.08,22.51,22.75
T2M,1990,-1.5,38.75,26.57,28.27,26.61,26.16,26.32,24.82,23.96,24.51,25.74,25.97,25.46,25.5,25.81
T2M,1990,-1.5,39.375,28.39,29.77,27.87,27.02,26.71,25.49,24.76,25.34,26.52,26.87,26.49,27.03,26.84
T2M,1990,-1.5,40.0,29.19,30.4,28.67,27.13,26.57,25.8,25.23,25.86,26.94,27.24,27.2,27.74,27.31
T2M,1990,-1.5,40.625,28.9,30.19,29.09,27.08,26.39,25.69,25.06,25.75,26.89,27.25,27.91,27.82,27.32
T2M,1990,-1.5,41.25,28.05,29.43,28.85,27.31,26.56,25.95,25.35,25.9,26.79,27.15,28.0,27.77,27.24
T2M,1990,-1.5,41.875,26.62,27.45,27.91,27.86,27.3,26.0,25.08,24.99,25.5,26.11,27.16,27.04,26.58
T2M,1990,-1.7975103014118005e-13,34.375,22.63,22.82,22.86,22.17,22.38,21.86,21.44,21.91,22.99,22.92,23.45,23.07,22.54
T2M,1990,-1.7975103014118005e-13,35.0,19.73,20.66,20.68,20.0,20.11,19.32,18.69,19.18,20.28,20.39,20.48,20.15,19.97
T2M,1990,-1.7975103014118005e-13,35.625,14.38,15.95,16.1,15.79,15.71,14.82,14.16,14.6,15.18,15.29,15.18,14.5,15.13
T2M,1990,-1.7975103014118005e-13,36.25,17.31,19.26,18.92,18.14,18.31,17.77,16.76,17.28,18.14,18.59,17.98,17.43,17.98
T2M,1990,-1.7975103014118005e-13,36.875,16.01,18.1,17.88,17.78,17.67,16.86,16.24,16.58,17.47,17.98,17.25,16.29,17.17
T2M,1990,-1.7975103014118005e-13,37.5,15.8,17.53,17.45,17.5,17.2,16.18,15.84,16.27,17.28,17.63,16.94,15.94,16.79
T2M,1990,-1.7975103014118005e-13,38.125,24.14,25.88,25.11,24.73,25.22,24.22,23.72,24.36,25.58,25.42,24.54,23.54,24.69
T2M,1990,-1.7975103014118005e-13,38.75,26.97,28.69,27.65,26.85,27.37,25.78,25.11,25.67,26.91,27.28,26.8,25.81,26.73
T2M,1990,-1.7975103014118005e-13,39.375,28.6,29.96,29.25,27.81,27.85,26.21,25.48,26.04,27.29,27.96,28.07,27.23,27.63
T2M,1990,-1.7975103014118005e-13,40.0,29.1,30.28,29.72,28.04,27.86,26.35,25.62,26.24,27.61,28.26,28.73,27.87,27.96
T2M,1990,-1.7975103014118005e-13,40.625,29.61,30.7,29.89,27.64,27.54,26.54,25.96,26.66,28.06,28.3,29.02,27.94,28.14
T2M,1990,-1.7975103014118005e-13,41.25,29.89,30.71,29.91,27.62,27.63,26.97,26.24,26.9,28.11,28.31,28.96,27.92,28.25
T2M,1990,-1.7975103014118005e-13,41.875,29.48,30.21,29.64,27.68,27.24,26.56,26.1,26.67,27.79,27.94,28.5,27.81,27.95
T2M,1990,-2.0,34.375,21.06,22.78,21.07,20.78,21.2,22.07,22.45,23.83,25.3,25.12,24.43,24.35,22.87
T2M,1990,-2.0,35.0,18.89,20.66,19.2,18.96,18.65,18.74,19.35,20.65,22.08,22.47,21.49,21.8,20.24
T2M,1990,-2.0,35.625,16.9,18.73,17.69,17.31,16.62,15.71,15.36,17.01,18.8,19.55,19.1,19.08,17.65
T2M,1990,-2.0,36.25,23.46,25.49,24.07,23.05,23.45,22.66,22.06,23.48,24.98,25.49,25.13,24.94,24.01
T2M,1990,-2.0,36.875,19.53,21.7,20.53,19.59,19.8,19.48,19.09,19.32,20.45,20.7,20.42,20.1,20.05
T2M,1990,-2.0,37.5,20.83,22.81,21.97,21.17,20.96,20.0,19.65,20.14,21.36,21.73,21.57,21.08,21.09
T2M,1990,-2.0,38.125,23.41,25.09,24.27,23.69,23.29,21.85,21.08,22.04,23.38,23.85,23.62,23.16,23.21
T2M,1990,-2.0,38.75,26.43,28.12,26.46,25.8,25.81,24.43,23.65,24.25,25.48,25.66,25.37,25.56,25.57
T2M,1990,-2.0,39.375,27.77,29.27,27.5,26.67,26.16,25.01,24.36,25.04,26.23,26.48,26.23,26.79,26.44
T2M,1990,-2.0,40.0,28.56,29.94,28.21,27.05,26.47,25.71,25.1,25.7,26.7,26.97,26.92,27.62,27.06
T2M,1990,-2.0,40.625,28.41,29.65,28.63,27.33,26.66,25.85,25.17,25.59,26.49,26.89,27.73,27.97,27.18
T2M,1990,-2.0,41.25,27.3,28.2,28.32,27.86,27.34,26.21,25.23,25.17,25.83,26.45,27.55,27.7,26.92
T2M,1990,-2.0,41.875,26.22,27.05,27.67,27.99,27.53,25.89,24.92,24.72,25.15,25.79,26.87,26.83,26.38
T2M,1990,-2.5,34.375,20.71,22.28,20.43,20.27,20.3,20.89,21.36,22.89,24.68,25.01,23.84,23.65,22.19
T2M,1990,-2.5,35.0,18.48,20.08,18.61,18.51,17.91,17.78,17.94,19.67,21.41,22.3,21.16,21.0,19.57
T2M,1990,-2.5,35.625,19.79,21.53,19.89,19.53,18.91,18.37,18.21,20.11,21.86,23.03,22.25,21.81,20.43
T2M,1990,-2.5,36.25,23.1,24.6,23.35,22.33,22.14,21.36,20.9,22.62,24.61,25.47,24.92,24.36,23.3
T2M,1990,-2.5,36.875,20.73,22.58,21.61,20.81,21.0,20.85,20.49,21.45,22.94,22.83,22.1,21.44,21.56
T2M,1990,-2.5,37.5,21.27,23.15,22.13,21.39,21.44,20.95,20.8,21.17,22.35,22.59,22.32,21.68,21.76
T2M,1990,-2.5,38.125,23.47,24.89,24.15,23.65,23.14,21.75,21.09,22.03,23.36,23.75,23.85,23.34,23.19
T2M,1990,-2.5,38.75,26.49,27.93,26.24,25.67,25.64,24.25,23.52,24.15,25.36,25.57,25.8,25.65,25.51
T2M,1990,-2.5,39.375,27.38,28.61,27.05,26.37,25.78,24.56,23.97,24.76,25.91,26.0,26.47,26.63,26.11
T2M,1990,-2.5,40.0,27.88,28.92,27.76,26.91,26.48,25.53,24.81,25.19,26.05,26.44,26.87,27.38,26.67
T2M,1990,-2.5,40.625,27.52,28.41,28.2,27.73,27.24,26.07,25.14,25.09,25.69,26.16,27.27,27.71,26.84
T2M,1990,-2.5,41.25,26.41,27.18,27.67,27.91,27.48,25.92,24.84,24.61,25.07,25.72,26.84,27.08,26.39
T2M,1990,-2.5,41.875,26.27,27.11,27.68,27.99,27.53,25.83,24.95,24.73,25.18,25.87,26.91,27.01,26.42
T2M,1990,-3.0,34.375,20.65,22.18,20.17,20.12,19.53,19.7,19.98,21.82,23.74,24.7,23.5,23.14,21.6
T2M,1990,-3.0,35.0,19.01,20.59,18.79,18.8,17.76,17.41,17.35,19.41,21.3,22.51,21.53,21.35,19.64
T2M,1990,-3.0,35.625,16.45,17.84,16.5,16.46,15.21,14.05,13.57,15.13,17.06,18.54,18.35,18.13,16.43
T2M,1990,-3.0,36.25,21.46,23.08,21.21,20.57,19.41,18.78,18.47,20.35,22.06,23.65,23.5,23.16,21.29
T2M,1990,-3.0,36.875,20.52,22.22,21.2,20.24,18.88,17.97,17.53,19.33,21.42,22.5,22.06,21.19,20.41
T2M,1990,-3.0,37.5,17.24,18.62,17.86,17.39,16.4,15.26,14.62,15.41,17.11,18.01,18.06,17.71,16.96
T2M,1990,-3.0,38.125,23.46,24.54,23.82,23.24,22.76,21.36,20.64,21.3,22.65,23.37,23.98,23.31,22.86
T2M,1990,-3.0,38.75,26.4,27.44,25.59,25.1,25.07,23.68,22.94,23.61,24.85,25.29,25.97,25.36,25.09
T2M,1990,-3.0,39.375,27.57,28.44,26.75,26.16,25.64,24.49,23.84,24.6,25.62,25.72,26.79,26.67,26.01
T2M,1990,-3.0,40.0,27.46,28.24,27.47,26.92,26.62,25.46,24.67,24.86,25.6,26.17,27.13,27.36,26.48
T2M,1990,-3.0,40.625,26.78,27.53,27.78,27.83,27.43,25.89,24.86,24.59,25.04,25.75,26.84,27.32,26.46
T2M,1990,-3.0,41.25,26.61,27.38,27.76,27.88,27.5,25.86,24.85,24.62,25.08,25.8,26.92,27.24,26.45
T2M,1990,-3.0,41.875,26.48,27.29,27.72,27.96,27.54,25.77,24.97,24.72,25.19,25.89,26.97,27.2,26.47
T2M,1990,-3.5,34.375,22.24,23.57,21.25,21.27,20.83,20.73,20.9,22.8,24.48,25.45,24.79,24.59,22.73
T2M,1990,-3.5,35.0,21.26,22.44,20.3,20.23,19.04,18.28,18.08,19.89,21.81,23.05,22.7,22.91,20.82
T2M,1990,-3.5,35.625,20.14,21.12,19.07,18.88,17.65,16.53,15.95,17.7,19.67,21.1,20.99,21.23,19.15
T2M,1990,-3.5,36.25,22.02,23.23,21.08,20.51,19.58,18.98,18.52,20.22,21.9,22.9,22.7,22.86,21.19
T2M,1990,-3.5,36.875,22.66,23.5,21.68,20.7,19.55,18.64,17.95,19.58,21.35,22.27,22.47,22.8,21.08
T2M,1990,-3.5,37.5,24.68,25.78,23.98,22.59,21.71,20.63,19.89,21.48,23.13,24.02,24.37,24.57,23.05
T2M,1990,-3.5,38.125,23.15,24.0,22.83,22.16,21.75,20.25,19.49,19.97,21.2,22.19,22.92,22.66,21.87
T2M,1990,-3.5,38.75,25.42,26.11,24.79,24.31,23.71,22.21,21.43,22.02,23.26,24.11,24.99,24.69,23.91
T2M,1990,-3.5,39.375,27.36,27.83,26.37,25.72,25.15,24.05,23.33,24.0,24.94,25.16,26.47,26.55,25.56
T2M,1990,-3.5,40.0,27.33,28.03,27.56,27.33,26.94,25.63,24.79,24.69,25.25,25.85,27.04,27.43,26.48
T2M,1990,-3.5,40.625,26.92,27.66,27.83,27.86,27.45,25.85,24.83,24.52,24.95,25.75,26.89,27.41,26.48
T2M,1990,-3.5,41.25,26.84,27.66,27.85,27.88,27.51,25.79,24.86,24.62,25.09,25.85,26.99,27.45,26.52
T2M,1990,-3.5,41.875,26.7,27.54,27.82,27.96,27.55,25.69,24.98,24.69,25.17,25.88,27.01,27.39,26.52
T2M,1990,-4.0,34.375,22.82,23.77,21.86,21.88,21.42,21.03,20.88,23.0,24.84,25.88,25.21,24.97,23.12
T2M,1990,-4.0,35.0,20.87,21.7,20.01,19.9,18.85,17.94,17.59,19.42,21.31,22.58,22.16,22.29,20.37
T2M,1990,-4.0,35.625,20.05,20.76,19.08,18.89,17.68,16.5,15.77,17.47,19.35,20.64,20.7,20.86,18.97
T2M,1990,-4.0,36.25,21.98,22.92,21.04,20.61,19.71,18.97,18.26,19.94,21.78,22.94,22.53,22.63,21.1
T2M,1990,-4.0,36.875,21.95,22.82,21.34,20.76,19.8,18.78,18.1,19.4,21.12,22.13,22.05,22.13,20.85
T2M,1990,-4.0,37.5,23.81,24.63,23.0,22.36,21.48,20.16,19.51,20.86,22.52,23.5,23.61,23.7,22.41
T2M,1990,-4.0,38.125,24.92,25.42,23.58,23.16,22.53,21.18,20.5,21.43,22.68,23.45,24.08,24.26,23.08
T2M,1990,-4.0,38.75,26.14,26.29,24.58,24.19,23.45,22.13,21.47,22.1,23.31,24.15,25.07,25.23,23.99
T2M,1990,-4.0,39.375,27.61,27.9,26.8,25.99,25.47,24.46,23.66,24.2,25.07,25.58,26.87,27.18,25.89
T2M,1990,-4.0,40.0,27.17,27.95,27.83,27.8,27.31,25.85,24.87,24.56,25.0,25.68,26.89,27.41,26.52
T2M,1990,-4.0,40.625,27.09,27.92,27.94,27.92,27.48,25.8,24.83,24.5,24.96,25.78,26.97,27.47,26.55
T2M,1990,-4.0,41.25,26.98,27.91,27.95,27.94,27.54,25.73,24.86,24.59,25.08,25.88,27.06,27.53,26.58
T2M,1990,-4.0,41.875,26.91,27.8,27.9,27.97,27.55,25.63,24.96,24.65,25.15,25.89,27.05,27.5,26.57
T2M,1990,-4.5,34.375,22.17,22.83,20.98,20.93,20.11,19.14,18.7,20.51,22.62,23.96,23.66,23.69,21.6
T2M,1990,-4.5,35.0,20.01,20.75,19.07,18.98,17.78,16.43,15.72,17.66,19.6,20.89,20.71,21.12,19.05
T2M,1990,-4.5,35.625,19.89,20.64,18.96,18.79,17.41,16.08,15.2,17.08,18.97,20.19,20.19,20.63,18.65
T2M,1990,-4.5,36.25,22.18,23.03,21.26,20.91,19.98,19.0,18.25,19.86,21.69,22.78,22.49,22.84,21.18
T2M,1990,-4.5,36.875,21.78,22.7,21.3,20.86,19.82,18.77,18.04,19.22,20.76,21.84,21.8,22.06,20.73
T2M,1990,-4.5,37.5,23.26,24.09,22.48,21.96,20.72,19.31,18.74,19.89,21.54,22.77,23.02,23.26,21.74
T2M,1990,-4.5,38.125,23.87,24.34,22.66,22.27,20.88,19.35,18.72,20.08,21.6,22.67,23.24,23.45,21.91
T2M,1990,-4.5,38.75,26.24,26.45,24.72,24.4,23.29,22.08,21.51,22.4,23.62,24.41,25.28,25.57,24.15
T2M,1990,-4.5,39.375,27.74,28.13,27.22,26.82,26.28,25.17,24.38,24.54,25.25,25.94,27.07,27.56,26.33
T2M,1990,-4.5,40.0,27.21,28.11,28.01,27.91,27.44,25.93,24.91,24.56,24.98,25.68,26.9,27.48,26.58
T2M,1990,-4.5,40.625,27.2,28.13,28.06,27.93,27.48,25.74,24.84,24.47,24.96,25.77,27.0,27.56,26.58
T2M,1990,-4.5,41.25,27.14,28.05,28.06,27.96,27.57,25.69,24.85,24.54,25.04,25.86,27.04,27.6,26.61
T2M,1990,-4.5,41.875,27.12,27.94,28.0,27.98,27.54,25.59,24.92,24.58,25.11,25.89,27.05,27.58,26.6
T2M,1990,0.5,34.375,21.61,22.17,22.19,21.35,21.28,20.48,19.99,20.31,21.42,21.57,21.99,21.75,21.34
T2M,1990,0.5,35.0,17.71,19.17,19.26,18.7,18.66,17.98,17.18,17.57,18.7,18.57,18.52,18.02,18.33
T2M,1990,0.5,35.625,17.65,19.88,19.28,18.86,18.89,18.25,17.57,18.1,19.0,19.2,18.8,18.41,18.65
T2M,1990,0.5,36.25,20.99,22.98,22.76,21.86,22.33,21.94,20.84,21.23,22.26,22.45,21.83,21.01,21.86
T2M,1990,0.5,36.875,18.04,20.35,20.05,19.85,20.37,20.01,19.12,19.15,20.3,20.37,19.41,18.11,19.58
T2M,1990,0.5,37.5,21.33,23.28,22.84,22.36,23.02,22.37,22.05,22.51,23.55,23.19,22.3,20.99,22.47
T2M,1990,0.5,38.125,24.28,26.1,25.39,24.46,25.06,23.82,23.3,23.93,25.22,25.43,24.81,23.59,24.6
T2M,1990,0.5,38.75,27.06,28.57,28.04,26.89,27.38,25.76,25.15,25.75,26.97,27.52,27.23,26.09,26.86
T2M,1990,0.5,39.375,28.58,29.93,29.51,27.82,28.01,26.45,25.87,26.48,27.76,28.46,28.44,27.37,27.88
T2M,1990,0.5,40.0,29.32,30.54,29.99,27.9,28.11,26.67,26.11,26.75,28.15,28.76,29.06,27.94,28.26
T2M,1990,0.5,40.625,29.88,31.0,30.18,27.61,28.09,26.96,26.46,27.19,28.62,28.91,29.4,28.14,28.52
T2M,1990,0.5,41.25,30.11,30.9,30.08,27.83,28.22,27.14,26.47,27.11,28.44,28.71,29.24,28.15,28.52
T2M,1990,0.5,41.875,30.02,30.62,29.92,27.61,27.49,26.57,26.24,26.92,28.23,28.32,28.74,27.83,28.19
T2M,1990,1.0,34.375,17.31,18.21,18.51,17.84,17.66,16.75,16.0,16.35,17.38,17.54,17.74,17.09,17.36
T2M,1990,1.0,35.0,15.73,17.73,17.35,16.93,16.9,16.27,15.72,15.99,16.84,16.64,16.63,15.94,16.54
T2M,1990,1.0,35.625,19.07,21.02,20.14,19.42,19.78,19.8,19.2,19.56,20.63,20.49,19.79,18.99,19.81
T2M,1990,1.0,36.25,23.0,25.05,24.63,24.38,24.91,24.59,23.38,23.71,24.7,24.64,23.98,22.76,24.13
T2M,1990,1.0,36.875,18.96,20.99,20.69,20.84,21.33,20.41,19.97,20.03,20.92,20.86,20.19,18.84,20.33
T2M,1990,1.0,37.5,22.95,24.73,24.34,23.89,24.63,23.38,23.1,23.57,24.64,24.45,23.68,22.25,23.79
T2M,1990,1.0,38.125,26.22,27.74,27.37,26.47,27.08,25.39,24.96,25.55,26.81,27.15,26.55,25.21,26.36
T2M,1990,1.0,38.75,28.0,29.44,29.15,27.92,28.48,26.75,26.15,26.79,28.01,28.57,28.18,26.97,27.86
T2M,1990,1.0,39.375,28.69,30.12,29.7,27.92,28.25,26.81,26.28,26.84,28.14,28.76,28.56,27.4,28.11
T2M,1990,1.0,40.0,29.32,30.71,29.95,27.44,28.07,26.72,26.33,26.94,28.37,28.89,29.03,27.74,28.28
T2M,1990,1.0,40.625,30.1,31.28,30.15,27.37,28.1,27.12,26.75,27.44,28.85,29.09,29.45,28.04,28.63
T2M,1990,1.0,41.25,30.49,31.39,30.31,27.93,28.1,27.01,26.68,27.42,28.78,29.02,29.45,28.18,28.71
T2M,1990,1.0,41.875,30.52,31.28,30.48,27.38,27.65,26.86,26.57,27.25,28.63,28.73,29.13,27.97,28.52
T2M,1990,1.5,34.375,23.13,23.97,23.57,22.02,22.0,21.12,20.26,20.62,22.37,23.07,23.32,22.64,22.33
T2M,1990,1.5,35.0,20.71,22.24,21.36,20.61,20.81,20.26,19.73,20.1,21.51,21.7,21.29,20.32,20.88
T2M,1990,1.5,35.625,23.73,25.18,24.65,24.13,24.83,24.34,23.42,24.07,25.48,25.02,24.19,23.06,24.33
T2M,1990,1.5,36.25,26.3,28.03,27.51,27.5,28.3,27.5,26.48,26.95,28.11,27.79,26.88,25.46,27.22
T2M,1990,1.5,36.875,21.67,23.43,23.06,23.22,23.84,22.82,22.61,22.82,23.67,23.37,22.41,21.18,22.83
T2M,1990,1.5,37.5,24.65,26.18,25.93,25.54,26.16,24.76,24.15,24.78,25.86,25.93,25.13,23.81,25.23
T2M,1990,1.5,38.125,27.12,28.41,28.15,27.21,28.12,26.36,25.77,26.45,27.73,28.03,27.28,26.04,27.21
T2M,1990,1.5,38.75,27.88,29.31,28.9,27.69,28.5,27.13,26.53,27.15,28.34,28.63,27.95,26.7,27.88
T2M,1990,1.5,39.375,28.41,29.75,29.49,27.37,27.94,26.57,26.19,26.85,28.16,28.69,28.36,27.05,27.89
T2M,1990,1.5,40.0,28.81,30.4,29.71,27.54,28.02,26.79,26.48,27.09,28.51,28.87,28.69,27.32,28.17
T2M,1990,1.5,40.625,30.02,31.46,29.94,27.23,27.76,26.97,26.73,27.46,28.8,29.1,29.41,27.74,28.53
T2M,1990,1.5,41.25,30.49,31.8,30.59,27.34,27.78,27.04,26.67,27.44,28.79,29.18,29.68,28.1,28.72
T2M,1990,1.5,41.875,30.72,31.63,30.57,27.02,27.63,26.93,26.71,27.28,28.68,28.77,29.23,27.72,28.56
T2M,1990,2.0,34.375,25.61,26.39,25.94,24.52,24.69,23.83,22.96,23.46,25.85,26.17,25.89,24.86,25.0
T2M,1990,2.0,35.0,23.49,24.77,24.12,23.36,23.96,23.21,22.55,23.15,24.72,24.57,23.85,22.75,23.7
T2M,1990,2.0,35.625,27.05,28.11,27.8,27.29,28.28,27.36,26.46,27.11,28.51,28.22,27.34,26.1,27.46
T2M,1990,2.0,36.25,28.76,30.11,29.88,30.02,30.81,29.65,28.91,29.41,30.48,30.21,29.25,27.87,29.61
T2M,1990,2.0,36.875,22.33,23.71,23.58,23.63,24.14,23.02,22.56,22.87,23.71,23.56,22.72,21.65,23.12
T2M,1990,2.0,37.5,25.68,26.9,26.68,26.21,26.82,25.34,24.88,25.5,26.61,26.81,25.94,24.77,26.0
T2M,1990,2.0,38.125,26.36,27.46,27.16,26.18,27.03,25.72,25.29,26.02,27.31,27.46,26.45,25.33,26.47
T2M,1990,2.0,38.75,27.66,28.67,28.42,26.96,27.66,26.4,25.98,26.8,28.09,28.37,27.58,26.38,27.41
T2M,1990,2.0,39.375,28.28,29.43,28.95,26.63,27.25,26.17,25.89,26.7,28.08,28.37,27.85,26.51,27.5
T2M,1990,2.0,40.0,28.61,29.9,28.81,26.53,27.0,26.05,25.82,26.61,28.04,28.19,27.9,26.45,27.48
T2M,1990,2.0,40.625,29.79,31.02,28.69,26.09,26.64,26.33,26.15,26.78,28.12,28.27,28.5,26.52,27.72
T2M,1990,2.0,41.25,30.31,31.65,29.76,26.59,27.03,26.61,26.44,27.18,28.59,28.92,29.28,27.44,28.3
T2M,1990,2.0,41.875,30.6,31.68,30.46,26.81,27.33,27.02,26.65,27.16,28.58,28.45,29.08,27.25,28.4
T2M,1990,2.5,34.375,24.68,25.64,25.42,24.55,25.02,24.38,23.18,23.84,25.95,25.57,25.17,24.08,24.78
T2M,1990,2.5,35.0,24.77,26.06,25.82,25.19,25.79,24.79,24.14,24.7,25.94,25.86,25.26,24.13,25.2
T2M,1990,2.5,35.625,27.83,28.74,28.72,28.17,29.16,27.77,27.12,27.76,28.91,28.89,28.19,27.1,28.19
T2M,1990,2.5,36.25,29.02,30.03,30.09,29.92,30.74,29.28,28.62,29.14,30.16,30.11,29.44,28.31,29.57
T2M,1990,2.5,36.875,25.27,26.31,26.4,25.97,26.6,25.23,24.72,25.06,26.01,26.15,25.53,24.61,25.65
T2M,1990,2.5,37.5,27.08,28.02,27.94,27.09,27.94,26.64,26.27,26.85,27.97,28.14,27.4,26.33,27.3
T2M,1990,2.5,38.125,25.86,26.66,26.37,24.96,25.85,24.8,24.45,25.24,26.55,26.74,26.01,24.9,25.69
T2M,1990,2.5,38.75,27.38,28.1,27.85,25.91,26.73,25.78,25.48,26.36,27.7,27.85,27.22,25.98,26.85
T2M,1990,2.5,39.375,27.98,28.87,28.29,25.74,26.31,25.49,25.28,26.22,27.61,27.66,27.28,25.95,26.88
T2M,1990,2.5,40.0,28.13,29.12,27.92,25.44,25.83,25.12,24.9,25.82,27.27,27.31,27.21,25.72,26.63
T2M,1990,2.5,40.625,29.08,30.18,28.28,25.63,26.07,25.59,25.42,26.07,27.42,27.52,27.83,26.02,27.07
T2M,1990,2.5,41.25,29.83,31.0,29.58,26.2,26.9,26.19,25.83,26.5,27.93,28.34,28.86,27.09,27.83
T2M,1990,2.5,41.875,29.81,31.05,30.13,26.57,27.08,26.31,25.87,26.38,27.87,27.89,28.53,26.93,27.85
T2M,1990,3.0,34.375,23.01,24.33,23.94,23.48,23.77,23.35,22.36,22.81,24.62,23.98,23.66,22.78,23.5
T2M,1990,3.0,35.0,25.51,26.78,26.97,26.11,26.72,25.79,25.35,25.97,26.89,26.6,26.26,25.24,26.18
T2M,1990,3.0,35.625,28.44,29.48,29.93,28.94,30.03,28.82,28.15,28.66,29.54,29.71,29.43,28.3,29.12
T2M,1990,3.0,36.25,29.32,29.99,30.39,29.67,30.67,29.1,28.47,28.85,29.86,30.06,29.88,28.88,29.59
T2M,1990,3.0,36.875,27.72,28.53,28.78,27.8,28.82,27.55,27.07,27.51,28.55,28.68,28.28,27.24,28.04
T2M,1990,3.0,37.5,27.78,28.48,28.53,27.16,28.21,27.14,26.78,27.41,28.59,28.66,28.2,27.15,27.84
T2M,1990,3.0,38.125,26.79,27.38,27.1,25.48,26.22,25.18,24.89,25.89,27.18,27.27,26.93,25.9,26.34
T2M,1990,3.0,38.75,27.17,27.66,27.17,25.08,25.81,24.93,24.88,25.82,27.14,27.07,26.86,25.76,26.27
T2M,1990,3.0,39.375,27.42,28.08,27.42,24.76,25.29,24.54,24.36,25.42,26.82,26.77,26.64,25.38,26.06
T2M,1990,3.0,40.0,27.39,28.21,27.25,24.67,25.02,24.35,24.18,25.17,26.62,26.5,26.43,24.93,25.88
T2M,1990,3.0,40.625,28.31,29.42,28.25,25.65,26.03,25.21,24.99,25.65,27.01,27.06,27.26,25.54,26.68
T2M,1990,3.0,41.25,29.13,30.43,29.46,26.38,27.01,25.95,25.49,26.12,27.56,27.81,28.17,26.37,27.47
T2M,1990,3.0,41.875,28.91,30.39,29.65,26.5,26.98,25.78,25.27,25.83,27.34,27.41,27.77,26.13,27.31
T2M,1990,3.5,34.375,23.16,24.31,24.09,23.47,23.82,23.38,22.66,23.26,24.37,23.7,23.34,22.81,23.52
T2M,1990,3.5,35.0,26.86,27.96,28.09,27.02,27.76,27.06,26.7,27.32,28.2,27.81,27.54,26.79,27.42
T2M,1990,3.5,35.625,28.47,29.47,29.75,28.51,29.65,28.77,28.07,28.55,29.57,29.73,29.61,28.62,29.06
T2M,1990,3.5,36.25,28.86,29.53,29.71,28.67,29.59,28.4,27.85,28.19,29.26,29.48,29.37,28.53,28.95
T2M,1990,3.5,36.875,28.04,28.83,28.82,27.66,28.61,27.59,27.31,27.79,28.95,28.97,28.63,27.91,28.26
T2M,1990,3.5,37.5,27.04,27.46,27.17,25.94,26.65,25.59,25.21,25.9,27.17,27.21,27.07,26.52,26.57
T2M,1990,3.5,38.125,25.98,26.3,25.58,23.95,24.25,23.34,23.14,24.2,25.71,25.65,25.66,25.04,24.89
T2M,1990,3.5,38.75,26.07,26.36,25.55,23.39,23.57,22.73,22.56,23.58,25.14,25.19,25.25,24.53,24.48
T2M,1990,3.5,39.375,24.94,25.63,24.9,22.84,22.65,21.89,21.72,22.76,24.41,24.34,24.08,22.97,23.58
T2M,1990,3.5,40.0,26.36,27.2,26.39,23.99,24.15,23.7,23.48,24.5,26.02,25.58,25.22,23.88,25.02
T2M,1990,3.5,40.625,27.01,28.04,27.16,24.82,25.21,24.62,24.35,24.96,26.38,25.92,25.58,24.13,25.67
T2M,1990,3.5,41.25,28.04,29.56,29.11,26.3,26.96,25.87,25.37,25.99,27.47,27.39,27.25,25.52,27.05
T2M,1990,3.5,41.875,29.19,30.91,30.44,27.34,28.16,26.9,26.35,26.92,28.47,28.27,28.22,26.55,28.13
T2M,1990,4.0,34.375,26.03,27.24,26.46,25.71,26.13,25.98,25.24,26.12,27.32,25.89,25.72,25.52,26.1
T2M,1990,4.0,35.0,28.09,29.2,28.81,27.72,28.58,28.35,27.98,28.52,29.52,28.72,28.77,28.34,28.54
T2M,1990,4.0,35.625,27.47,28.38,28.41,26.95,28.01,27.18,26.74,27.27,28.39,28.44,28.58,27.76,27.79
T2M,1990,4.0,36.25,29.17,29.87,29.81,28.48,29.28,28.26,27.85,28.23,29.4,29.6,29.62,28.91,29.03
T2M,1990,4.0,36.875,27.52,28.22,27.77,26.15,27.16,26.16,26.03,26.55,27.95,27.94,27.81,27.29,27.21
T2M,1990,4.0,37.5,27.52,27.99,27.22,25.33,26.12,25.09,24.92,25.51,27.02,27.18,27.28,26.74,26.48
T2M,1990,4.0,38.125,24.11,24.6,23.6,21.98,21.83,20.67,20.46,21.21,22.8,23.17,23.44,22.8,22.54
T2M,1990,4.0,38.75,22.4,23.1,22.09,20.98,20.52,19.25,19.06,20.09,21.58,21.72,21.59,20.7,21.08
T2M,1990,4.0,39.375,23.07,24.31,23.49,21.97,21.42,20.64,20.71,21.78,23.36,22.87,22.31,21.25,22.25
T2M,1990,4.0,40.0,24.95,26.08,25.17,23.19,22.96,22.57,22.6,23.66,25.19,24.29,23.69,22.66,23.9
T2M,1990,4.0,40.625,25.62,26.92,26.22,24.03,24.37,24.13,23.89,24.55,26.0,25.07,24.25,23.13,24.83
T2M,1990,4.0,41.25,27.54,29.48,29.01,26.3,27.04,26.31,25.96,26.6,28.04,27.47,26.73,25.31,27.13
T2M,1990,4.0,41.875,29.55,31.58,30.96,27.88,28.83,27.93,27.51,28.15,29.67,28.98,28.34,26.97,28.84
T2M,1990,4.5,34.375,28.24,29.53,27.98,27.22,27.88,28.44,27.24,28.35,29.66,27.37,27.71,27.99,28.12
T2M,1990,4.5,35.0,28.18,29.38,28.43,27.2,28.19,28.33,27.92,28.53,29.83,28.47,28.71,28.68,28.48
T2M,1990,4.5,35.625,28.03,28.77,28.58,26.84,27.95,27.29,27.04,27.74,29.1,28.68,29.16,28.52,28.14
T2M,1990,4.5,36.25,29.14,30.06,29.59,27.75,28.69,28.04,27.88,28.34,29.79,29.7,29.97,29.24,29.01
T2M,1990,4.5,36.875,27.96,28.95,28.17,26.27,27.03,26.04,25.79,26.12,27.84,28.12,28.34,27.71,27.35
T2M,1990,4.5,37.5,25.98,26.76,25.28,23.41,24.08,23.23,23.17,23.16,25.2,25.32,25.62,24.9,24.66
T2M,1990,4.5,38.125,21.61,22.89,21.73,20.4,20.34,19.3,19.14,19.61,21.27,21.22,21.3,20.4,20.75
T2M,1990,4.5,38.75,22.35,23.68,22.72,21.21,21.16,20.22,20.27,20.92,22.59,22.17,22.04,20.87,21.67
T2M,1990,4.5,39.375,24.15,25.66,24.82,22.78,22.75,22.11,22.2,23.02,24.63,23.89,23.51,22.4,23.48
T2M,1990,4.5,40.0,23.38,24.82,24.21,22.33,22.3,21.48,21.28,22.16,23.75,23.17,22.64,21.62,22.75
T2M,1990,4.5,40.625,24.7,26.53,25.78,23.58,23.83,23.62,23.5,24.25,25.8,24.63,23.68,22.85,24.38
T2M,1990,4.5,41.25,25.31,27.5,27.03,24.49,24.93,24.54,24.2,25.02,26.56,25.63,24.5,23.55,25.26
T2M,1990,4.5,41.875,29.29,31.38,30.64,27.67,28.49,28.06,27.83,28.48,29.97,28.83,27.74,26.86,28.75
T2M,1991,-0.5,34.375,24.12,25.4,25.82,24.19,23.45,22.55,22.46,22.96,24.04,22.96,23.24,23.89,23.75
T2M,1991,-0.5,35.0,21.01,22.23,22.6,21.32,20.48,19.21,18.67,19.35,20.27,19.88,19.91,20.33,20.43
T2M,1991,-0.5,35.625,15.04,15.77,16.38,15.99,15.27,14.43,13.15,13.95,14.57,14.76,14.64,14.84,14.89
T2M,1991,-0.5,36.25,15.89,16.8,16.94,16.62,15.81,15.08,13.58,14.36,15.03,15.47,15.19,15.56,15.52
T2M,1991,-0.5,36.875,15.81,16.94,17.19,16.71,16.21,15.41,14.16,15.02,15.76,16.33,15.63,15.77,15.9
T2M,1991,-0.5,37.5,19.93,21.27,21.72,21.04,20.11,19.25,18.05,18.82,19.65,20.75,19.67,19.85,20.0
T2M,1991,-0.5,38.125,24.21,25.72,26.35,25.6,25.07,24.34,22.84,23.28,24.42,25.42,24.06,23.8,24.58
T2M,1991,-0.5,38.75,26.71,28.37,28.75,27.82,26.58,25.67,24.37,24.53,25.85,27.08,26.31,26.12,26.5
T2M,1991,-0.5,39.375,28.71,30.01,30.33,29.14,27.17,26.32,24.86,25.12,26.63,28.08,28.37,28.41,27.75
T2M,1991,-0.5,40.0,29.23,30.47,30.74,29.67,27.46,26.6,25.15,25.37,26.96,28.67,28.93,28.94,28.17
T2M,1991,-0.5,40.625,29.53,30.59,30.69,29.89,27.57,26.89,25.06,25.48,27.22,29.05,29.1,28.98,28.32
T2M,1991,-0.5,41.25,29.42,30.33,30.41,29.9,27.8,27.24,25.29,25.64,27.18,28.93,28.98,28.98,28.33
T2M,1991,-0.5,41.875,28.75,29.32,29.5,29.44,27.93,27.15,25.5,25.55,26.61,28.23,28.48,28.57,27.91
T2M,1991,-1.0,34.375,21.75,22.76,23.88,22.99,22.5,21.18,21.59,22.06,23.34,21.78,22.11,22.38,22.36
T2M,1991,-1.0,35.0,19.55,20.49,21.0,20.02,19.09,18.03,17.59,18.7,19.86,19.36,19.51,19.73,19.4
T2M,1991,-1.0,35.625,19.07,20.3,19.83,18.73,17.46,16.47,15.48,16.73,17.82,18.21,18.11,18.64,18.06
T2M,1991,-1.0,36.25,18.4,19.34,19.0,18.24,16.73,15.69,14.56,15.64,16.94,17.47,17.13,17.59,17.21
T2M,1991,-1.0,36.875,18.49,19.59,19.97,19.36,18.2,17.56,16.66,17.8,19.08,19.29,18.24,18.13,18.52
T2M,1991,-1.0,37.5,21.68,22.86,23.24,22.58,21.39,20.3,19.35,20.19,21.32,22.52,21.44,21.36,21.51
T2M,1991,-1.0,38.125,23.87,25.2,25.22,24.57,23.71,22.69,21.36,21.68,22.96,24.11,23.14,23.13,23.46
T2M,1991,-1.0,38.75,27.22,28.7,28.63,27.59,26.16,25.36,24.17,24.21,25.67,26.93,26.37,26.26,26.42
T2M,1991,-1.0,39.375,29.27,30.36,30.31,28.91,26.74,26.19,24.75,25.03,26.53,27.93,28.44,28.58,27.73
T2M,1991,-1.0,40.0,29.76,30.9,30.79,29.47,27.18,26.55,25.2,25.36,26.89,28.53,29.07,29.05,28.21
T2M,1991,-1.0,40.625,29.59,30.41,30.38,29.44,27.19,26.51,24.88,25.15,26.84,28.64,28.99,28.77,28.05
T2M,1991,-1.0,41.25,29.1,29.74,29.81,29.37,27.35,26.66,25.02,25.11,26.59,28.31,28.66,28.57,27.84
T2M,1991,-1.0,41.875,27.72,28.01,28.4,28.82,27.48,26.54,25.18,24.88,25.66,27.15,27.7,27.63,27.09
T2M,1991,-1.5,34.375,22.15,23.28,24.57,23.61,22.86,21.82,22.4,23.33,24.49,22.61,23.07,23.07,23.1
T2M,1991,-1.5,35.0,21.1,22.02,22.38,20.95,19.86,19.31,19.12,20.82,22.19,21.18,21.24,21.01,20.92
T2M,1991,-1.5,35.625,19.18,19.97,19.63,18.3,17.05,16.19,15.46,16.68,18.3,18.54,18.32,18.46,17.99
T2M,1991,-1.5,36.25,23.36,24.65,24.12,22.79,21.06,20.45,19.66,20.62,22.33,23.17,22.28,22.36,22.22
T2M,1991,-1.5,36.875,20.1,21.76,21.54,20.54,19.27,18.71,18.14,19.19,20.28,20.81,19.79,19.48,19.95
T2M,1991,-1.5,37.5,21.01,22.36,22.63,21.85,20.58,19.57,18.65,19.52,20.63,21.63,21.06,20.76,20.84
T2M,1991,-1.5,38.125,23.81,24.82,25.08,24.7,23.63,22.26,21.27,21.52,22.91,24.13,23.73,23.54,23.44
T2M,1991,-1.5,38.75,27.35,28.59,28.43,27.5,25.93,25.04,23.97,23.95,25.52,26.86,26.76,26.46,26.35
T2M,1991,-1.5,39.375,29.1,30.26,29.9,28.55,26.43,25.71,24.59,24.75,26.25,27.6,28.26,28.29,27.45
T2M,1991,-1.5,40.0,29.97,30.92,30.59,28.92,26.76,26.18,24.97,25.13,26.63,28.18,29.0,29.0,28.0
T2M,1991,-1.5,40.625,29.52,30.29,30.19,29.04,27.04,26.24,24.9,24.94,26.51,28.26,28.89,28.64,27.85
T2M,1991,-1.5,41.25,28.7,29.21,29.37,28.87,27.13,26.4,25.05,24.88,26.2,27.77,28.4,28.27,27.51
T2M,1991,-1.5,41.875,26.85,26.9,27.53,28.26,27.16,26.15,24.97,24.33,24.85,26.16,27.02,26.88,26.42
T2M,1991,-1.7975103014118005e-13,34.375,23.41,24.54,24.94,23.46,22.61,21.88,21.47,21.77,22.74,22.16,22.5,22.8,22.85
T2M,1991,-1.7975103014118005e-13,35.0,21.01,22.1,22.57,21.65,20.8,19.52,18.74,19.22,20.09,19.92,19.95,20.06,20.46
T2M,1991,-1.7975103014118005e-13,35.625,15.19,15.85,16.68,16.78,16.14,15.47,14.14,14.8,15.07,15.14,14.93,14.76,15.41
T2M,1991,-1.7975103014118005e-13,36.25,18.42,19.35,19.86,19.85,19.08,18.15,16.66,17.12,17.53,18.24,17.81,17.88,18.32
T2M,1991,-1.7975103014118005e-13,36.875,16.95,18.0,18.71,18.27,18.09,17.35,16.09,16.81,17.34,18.09,17.15,16.86,17.47
T2M,1991,-1.7975103014118005e-13,37.5,16.59,17.67,18.34,17.93,17.61,16.93,15.78,16.46,17.03,17.76,16.91,16.56,17.13
T2M,1991,-1.7975103014118005e-13,38.125,24.72,26.06,26.84,26.31,25.86,25.28,23.79,24.29,25.27,26.1,24.82,24.37,25.3
T2M,1991,-1.7975103014118005e-13,38.75,27.13,28.71,29.42,28.68,27.44,26.52,25.19,25.4,26.66,27.88,27.27,26.77,27.24
T2M,1991,-1.7975103014118005e-13,39.375,28.44,29.88,30.55,29.7,27.83,26.77,25.29,25.51,27.05,28.57,28.71,28.38,28.04
T2M,1991,-1.7975103014118005e-13,40.0,28.91,30.16,30.83,30.2,28.12,27.0,25.49,25.69,27.37,29.12,29.19,28.85,28.4
T2M,1991,-1.7975103014118005e-13,40.625,29.19,30.6,30.96,30.23,28.12,27.43,25.51,25.98,27.71,29.52,29.18,28.99,28.6
T2M,1991,-1.7975103014118005e-13,41.25,29.3,30.68,30.82,30.12,28.22,27.76,25.7,26.16,27.67,29.43,29.05,29.07,28.65
T2M,1991,-1.7975103014118005e-13,41.875,28.95,30.13,30.24,29.57,27.9,27.47,25.72,26.04,27.25,28.92,28.75,28.82,28.3
T2M,1991,-2.0,34.375,23.03,24.02,25.5,24.12,23.35,22.47,23.08,24.37,25.68,23.76,24.45,23.56,23.95
T2M,1991,-2.0,35.0,21.77,22.49,22.87,21.1,19.98,19.72,19.42,21.32,22.72,21.92,21.97,21.04,21.35
T2M,1991,-2.0,35.625,19.9,20.48,20.22,18.82,17.62,16.77,15.89,17.16,18.82,19.43,19.24,18.87,18.59
T2M,1991,-2.0,36.25,25.95,27.27,26.68,25.51,24.0,23.51,22.67,23.43,24.88,25.97,25.28,24.86,24.98
T2M,1991,-2.0,36.875,21.12,22.83,22.24,21.19,19.92,19.5,18.83,19.64,20.53,21.32,20.69,20.42,20.67
T2M,1991,-2.0,37.5,22.07,23.37,23.39,22.6,21.22,20.35,19.52,20.16,21.36,22.43,22.04,21.71,21.67
T2M,1991,-2.0,38.125,24.48,25.48,25.67,25.21,23.83,22.57,21.64,21.83,23.23,24.57,24.5,24.11,23.91
T2M,1991,-2.0,38.75,27.47,28.68,28.32,27.26,25.57,24.6,23.74,23.63,25.31,26.65,26.84,26.44,26.19
T2M,1991,-2.0,39.375,28.78,29.92,29.42,28.1,26.05,25.08,24.22,24.32,25.93,27.28,28.03,27.97,27.07
T2M,1991,-2.0,40.0,29.62,30.5,29.98,28.61,26.55,25.93,24.96,24.88,26.26,27.73,28.64,28.8,27.69
T2M,1991,-2.0,40.625,29.2,29.63,29.58,28.71,26.95,26.14,24.96,24.76,25.98,27.54,28.46,28.52,27.52
T2M,1991,-2.0,41.25,27.69,27.58,28.19,28.61,27.29,26.34,25.14,24.54,25.2,26.53,27.51,27.53,26.84
T2M,1991,-2.0,41.875,26.49,26.43,27.19,28.07,27.12,26.03,24.88,24.05,24.5,25.72,26.7,26.55,26.14
T2M,1991,-2.5,34.375,23.01,23.85,24.85,23.59,22.79,22.34,22.4,23.83,25.45,23.95,24.35,22.79,23.59
T2M,1991,-2.5,35.0,21.47,21.92,22.29,20.9,19.96,19.52,19.01,20.73,22.18,22.02,21.88,20.57,21.03
T2M,1991,-2.5,35.625,22.97,23.33,23.41,21.96,20.79,20.1,19.29,20.27,21.94,23.32,22.71,21.79,21.81
T2M,1991,-2.5,36.25,25.37,26.75,26.22,25.38,23.74,23.01,21.9,22.65,24.51,26.09,25.22,24.42,24.59
T2M,1991,-2.5,36.875,22.41,23.94,23.69,23.07,21.91,21.74,20.69,21.61,22.77,23.51,22.64,22.01,22.49
T2M,1991,-2.5,37.5,22.7,24.12,24.15,23.34,22.0,21.5,20.74,21.34,22.42,23.34,22.99,22.34,22.57
T2M,1991,-2.5,38.125,24.55,25.57,25.76,25.19,23.66,22.42,21.57,21.74,23.3,24.61,24.64,24.06,23.91
T2M,1991,-2.5,38.75,27.61,28.7,28.33,27.26,25.45,24.34,23.63,23.45,25.12,26.58,27.12,26.5,26.16
T2M,1991,-2.5,39.375,28.48,29.41,29.01,27.73,25.78,24.39,23.82,23.8,25.48,26.92,27.86,27.68,26.68
T2M,1991,-2.5,40.0,28.81,29.21,29.01,28.41,26.33,25.45,24.64,24.33,25.45,26.89,28.04,28.26,27.05
T2M,1991,-2.5,40.625,28.08,27.83,28.39,28.55,26.97,26.03,24.92,24.4,25.09,26.38,27.55,27.76,26.82
T2M,1991,-2.5,41.25,26.77,26.35,27.3,28.08,27.09,26.0,24.85,24.03,24.46,25.64,26.67,26.7,26.16
T2M,1991,-2.5,41.875,26.61,26.43,27.28,28.13,27.13,26.07,24.84,23.99,24.5,25.71,26.76,26.65,26.17
T2M,1991,-3.0,34.375,23.07,23.54,24.21,23.14,22.27,21.8,21.27,22.33,24.6,24.4,24.87,22.54,23.16
T2M,1991,-3.0,35.0,21.92,22.09,22.4,21.1,20.27,19.56,18.95,20.12,22.06,22.69,22.72,21.11,21.24
T2M,1991,-3.0,35.625,18.81,19.04,19.19,18.07,16.94,15.86,14.85,16.14,17.63,18.81,19.02,18.14,17.7
T2M,1991,-3.0,36.25,24.34,24.7,25.26,23.46,21.56,20.53,19.72,20.45,22.1,24.04,24.49,23.46,22.83
T2M,1991,-3.0,36.875,22.12,23.39,24.08,22.76,20.65,19.07,18.22,19.11,21.51,23.02,23.16,22.19,21.59
T2M,1991,-3.0,37.5,18.5,19.43,19.52,19.07,17.45,16.13,15.03,15.8,17.36,18.42,18.62,18.27,17.79
T2M,1991,-3.0,38.125,24.45,25.43,25.48,24.99,23.17,21.88,20.9,21.15,22.62,24.06,24.53,23.86,23.53
T2M,1991,-3.0,38.75,27.52,28.4,27.96,26.9,24.98,23.73,23.04,22.86,24.53,26.09,26.89,26.25,25.74
T2M,1991,-3.0,39.375,28.73,29.25,28.81,27.55,25.52,24.04,23.53,23.44,25.02,26.59,27.76,27.66,26.47
T2M,1991,-3.0,40.0,28.26,28.14,28.41,28.22,26.38,25.35,24.61,24.03,24.92,26.3,27.57,27.77,26.65
T2M,1991,-3.0,40.625,27.27,26.52,27.55,28.2,27.05,25.97,24.86,24.06,24.48,25.67,26.83,26.96,26.28
T2M,1991,-3.0,41.25,27.06,26.46,27.46,28.14,27.1,26.05,24.83,23.99,24.47,25.68,26.76,26.84,26.23
T2M,1991,-3.0,41.875,26.91,26.48,27.41,28.18,27.13,26.06,24.79,23.94,24.49,25.7,26.79,26.8,26.22
T2M,1991,-3.5,34.375,24.58,24.5,25.3,24.0,23.59,23.32,22.3,23.0,24.95,25.93,26.24,23.9,24.3
T2M,1991,-3.5,35.0,23.7,23.62,23.7,22.07,21.32,20.59,19.74,20.51,22.26,23.69,23.9,22.59,22.3
T2M,1991,-3.5,35.625,22.26,22.39,22.2,20.59,19.53,18.34,17.58,18.42,20.2,21.75,22.04,21.28,20.54
T2M,1991,-3.5,36.25,24.31,24.86,24.84,22.93,21.39,20.35,19.63,20.38,21.94,23.49,23.82,23.36,22.59
T2M,1991,-3.5,36.875,24.19,25.5,24.75,22.93,20.87,19.33,18.89,19.6,21.19,22.92,23.4,23.51,22.24
T2M,1991,-3.5,37.5,25.93,27.35,26.5,25.08,22.78,21.25,20.56,20.98,22.85,24.63,25.28,25.08,24.0
T2M,1991,-3.5,38.125,24.1,25.09,24.71,23.93,21.71,20.27,19.38,19.53,21.01,22.61,23.57,23.05,22.39
T2M,1991,-3.5,38.75,26.33,26.93,26.62,25.7,23.85,22.18,21.63,21.48,22.86,24.59,25.56,25.25,24.4
T2M,1991,-3.5,39.375,28.35,28.48,28.06,26.93,24.97,23.5,23.06,22.83,24.3,25.85,27.08,27.14,25.86
T2M,1991,-3.5,40.0,27.97,27.42,28.01,28.07,26.68,25.64,24.8,23.97,24.58,25.79,27.08,27.42,26.45
T2M,1991,-3.5,40.625,27.44,26.63,27.58,28.18,27.09,26.02,24.86,23.98,24.41,25.59,26.8,26.99,26.29
T2M,1991,-3.5,41.25,27.4,26.72,27.6,28.19,27.11,26.07,24.81,23.93,24.46,25.67,26.81,27.03,26.31
T2M,1991,-3.5,41.875,27.23,26.63,27.56,28.22,27.16,26.03,24.74,23.87,24.48,25.68,26.8,26.95,26.28
T2M,1991,-4.0,34.375,24.79,24.49,25.52,24.17,24.16,23.87,22.61,23.41,25.51,26.79,26.63,24.17,24.67
T2M,1991,-4.0,35.0,22.83,22.24,22.87,21.19,20.99,20.54,19.45,20.4,22.17,23.49,23.47,21.99,21.8
T2M,1991,-4.0,35.625,21.66,21.47,21.48,19.93,19.32,18.11,17.23,18.0,19.98,21.65,21.81,21.07,20.13
T2M,1991,-4.0,36.25,23.71,24.1,24.07,22.55,21.35,20.23,19.54,20.32,21.96,23.57,23.7,23.13,22.34
T2M,1991,-4.0,36.875,23.3,23.94,23.74,22.49,20.92,19.49,18.94,19.57,21.0,22.76,23.02,22.8,21.82
T2M,1991,-4.0,37.5,25.16,26.01,25.46,24.19,22.28,20.75,20.12,20.5,22.25,24.09,24.5,24.21,23.28
T2M,1991,-4.0,38.125,25.94,26.79,25.9,24.8,22.68,21.08,20.38,20.54,22.2,23.83,24.62,24.55,23.59
T2M,1991,-4.0,38.75,26.91,27.43,26.73,25.52,23.5,21.83,21.45,21.25,22.64,24.37,25.51,25.56,24.37
T2M,1991,-4.0,39.375,28.53,28.36,28.08,27.26,25.21,23.98,23.53,23.11,24.38,25.93,27.1,27.42,26.06
T2M,1991,-4.0,40.0,27.73,26.88,27.75,28.13,27.01,25.93,24.94,24.02,24.4,25.53,26.79,27.14,26.35
T2M,1991,-4.0,40.625,27.68,26.86,27.69,28.21,27.15,26.03,24.84,23.94,24.39,25.55,26.84,27.08,26.35
T2M,1991,-4.0,41.25,27.63,26.95,27.69,28.22,27.18,26.04,24.78,23.89,24.44,25.65,26.83,27.11,26.36
T2M,1991,-4.0,41.875,27.45,26.86,27.64,28.22,27.24,26.01,24.7,23.81,24.45,25.65,26.79,27.06,26.32
T2M,1991,-4.5,34.375,23.53,22.97,24.52,22.7,22.52,21.69,20.42,21.44,23.7,25.44,25.38,23.06,23.11
T2M,1991,-4.5,35.0,21.56,20.8,21.55,19.84,19.6,18.69,17.63,18.53,20.6,22.18,22.21,20.84,20.33
T2M,1991,-4.5,35.625,21.4,20.69,21.06,19.4,19.06,17.92,16.95,17.67,19.59,21.3,21.5,20.82,19.77
T2M,1991,-4.5,36.25,23.79,23.78,23.86,22.38,21.44,20.3,19.54,20.33,21.91,23.51,23.81,23.03,22.3
T2M,1991,-4.5,36.875,23.18,23.57,23.41,22.25,20.8,19.42,18.75,19.41,20.74,22.4,22.89,22.46,21.59
T2M,1991,-4.5,37.5,24.61,25.2,24.8,23.36,21.65,19.83,19.4,19.69,21.23,23.25,23.97,23.64,22.54
T2M,1991,-4.5,38.125,24.83,25.78,24.99,23.63,21.69,19.37,19.01,19.03,20.8,22.79,23.62,23.64,22.41
T2M,1991,-4.5,38.75,27.04,27.62,26.87,25.67,23.83,21.83,21.62,21.39,22.72,24.47,25.55,25.72,24.51
T2M,1991,-4.5,39.375,28.49,28.07,28.2,27.67,26.2,24.88,24.4,23.67,24.49,25.94,27.15,27.51,26.38
T2M,1991,-4.5,40.0,27.8,26.91,27.82,28.23,27.13,26.03,24.95,24.08,24.42,25.54,26.79,27.13,26.4
T2M,1991,-4.5,40.625,27.87,27.07,27.81,28.21,27.19,26.03,24.81,23.91,24.39,25.52,26.85,27.18,26.4
T2M,1991,-4.5,41.25,27.8,27.11,27.75,28.25,27.24,25.98,24.73,23.86,24.42,25.61,26.84,27.15,26.39
T2M,1991,-4.5,41.875,27.64,27.03,27.65,28.22,27.3,25.95,24.65,23.77,24.43,25.64,26.78,27.11,26.34
T2M,1991,0.5,34.375,22.76,24.28,24.66,22.93,21.8,20.75,20.11,20.58,21.33,21.05,21.22,21.42,21.89
T2M,1991,0.5,35.0,19.17,20.62,21.12,20.58,19.48,18.16,17.13,17.52,18.13,18.04,18.0,18.04,18.82
T2M,1991,0.5,35.625,19.59,20.73,21.0,20.68,19.61,18.63,17.29,17.69,18.11,18.31,17.87,18.3,18.97
T2M,1991,0.5,36.25,21.97,23.06,23.59,23.46,23.12,22.2,20.22,20.41,20.98,21.9,21.45,21.45,21.97
T2M,1991,0.5,36.875,18.72,19.88,20.86,20.53,20.8,20.13,18.55,18.98,19.4,20.23,19.29,18.62,19.66
T2M,1991,0.5,37.5,21.84,23.16,24.12,23.59,23.41,23.03,21.82,22.47,23.05,23.58,22.29,21.65,22.83
T2M,1991,0.5,38.125,24.54,25.94,26.96,26.5,25.67,24.81,23.43,23.81,24.85,26.02,25.04,24.24,25.14
T2M,1991,0.5,38.75,27.04,28.48,29.44,28.87,27.71,26.67,25.23,25.43,26.68,28.08,27.65,26.82,27.33
T2M,1991,0.5,39.375,28.3,29.92,30.69,30.05,28.37,27.22,25.68,25.83,27.45,29.06,28.94,28.2,28.29
T2M,1991,0.5,40.0,28.82,30.35,31.04,30.48,28.6,27.47,25.88,26.08,27.85,29.57,29.33,28.68,28.66
T2M,1991,0.5,40.625,29.1,30.64,31.2,30.48,28.71,27.92,26.09,26.52,28.21,29.98,29.33,28.88,28.91
T2M,1991,0.5,41.25,29.27,30.69,31.03,30.27,28.66,28.12,26.18,26.54,28.03,29.79,29.23,29.03,28.89
T2M,1991,0.5,41.875,29.05,30.47,30.63,29.74,27.98,27.74,25.94,26.38,27.68,29.34,28.97,28.82,28.55
T2M,1991,1.0,34.375,17.97,19.37,20.09,19.02,18.2,17.09,16.16,16.41,17.07,17.17,17.15,17.09,17.72
T2M,1991,1.0,35.0,17.08,18.55,19.24,18.64,17.71,16.62,15.62,15.85,16.13,16.13,16.03,15.9,16.95
T2M,1991,1.0,35.625,20.17,21.71,21.85,21.19,20.44,19.76,18.09,18.26,19.09,19.74,19.42,19.67,19.94
T2M,1991,1.0,36.25,23.65,24.99,25.64,24.95,25.17,24.78,22.39,22.84,23.61,24.4,23.56,23.32,24.1
T2M,1991,1.0,36.875,19.37,20.35,21.44,21.08,21.48,20.87,19.31,20.02,20.24,20.79,19.99,19.32,20.35
T2M,1991,1.0,37.5,23.13,24.38,25.53,24.9,24.88,24.23,22.92,23.62,24.27,25.09,23.86,22.94,24.14
T2M,1991,1.0,38.125,26.19,27.61,28.81,28.18,27.63,26.62,25.14,25.5,26.4,27.86,26.89,25.79,26.88
T2M,1991,1.0,38.75,27.99,29.54,30.56,29.85,28.93,27.81,26.25,26.48,27.68,29.2,28.69,27.57,28.37
T2M,1991,1.0,39.375,28.5,30.32,30.95,30.14,28.76,27.65,26.01,26.13,27.77,29.42,29.12,28.05,28.55
T2M,1991,1.0,40.0,28.82,30.55,31.01,30.18,28.69,27.58,25.98,26.2,28.02,29.71,29.23,28.25,28.67
T2M,1991,1.0,40.625,29.29,30.94,31.33,30.28,28.89,28.18,26.31,26.77,28.4,30.08,29.33,28.49,29.01
T2M,1991,1.0,41.25,29.58,31.08,31.35,30.31,28.84,28.44,26.41,26.87,28.35,30.04,29.4,28.72,29.1
T2M,1991,1.0,41.875,29.43,30.91,31.07,30.05,28.39,28.05,26.22,26.68,28.08,29.7,29.15,28.59,28.84
T2M,1991,1.5,34.375,24.17,26.13,26.1,24.82,22.98,21.29,19.9,20.23,21.94,22.18,22.31,22.68,22.87
T2M,1991,1.5,35.0,21.49,23.23,23.36,22.43,21.79,20.57,19.1,19.43,20.54,20.82,20.56,20.67,21.15
T2M,1991,1.5,35.625,24.22,25.59,25.92,25.13,25.12,24.6,22.5,22.94,24.48,24.79,23.9,23.69,24.4
T2M,1991,1.5,36.25,26.41,27.66,28.46,27.62,28.45,27.91,25.42,26.2,27.36,28.03,26.64,26.25,27.2
T2M,1991,1.5,36.875,21.85,23.05,23.97,23.14,23.72,23.3,21.86,22.84,23.41,23.77,22.37,21.83,22.92
T2M,1991,1.5,37.5,24.72,26.03,26.94,26.2,26.38,25.47,24.06,24.66,25.4,26.49,25.33,24.43,25.5
T2M,1991,1.5,38.125,27.15,28.71,29.71,28.83,28.66,27.6,26.05,26.45,27.36,28.78,27.84,26.55,27.8
T2M,1991,1.5,38.75,28.03,30.08,30.78,29.45,29.18,28.14,26.55,26.78,27.99,29.42,28.65,27.21,28.51
T2M,1991,1.5,39.375,28.33,29.95,30.76,29.6,28.56,27.45,25.97,26.11,27.78,29.33,28.88,27.59,28.35
T2M,1991,1.5,40.0,28.66,30.44,31.04,29.72,28.63,27.72,26.09,26.28,28.08,29.61,29.0,27.78,28.57
T2M,1991,1.5,40.625,29.43,31.0,31.37,29.94,28.74,28.19,26.35,26.82,28.33,29.93,29.13,27.88,28.91
T2M,1991,1.5,41.25,29.78,31.25,31.5,30.41,29.11,28.36,26.52,26.89,28.36,30.02,29.33,28.35,29.14
T2M,1991,1.5,41.875,29.72,31.07,31.19,29.92,28.48,28.08,26.22,26.69,28.16,29.75,28.93,27.97,28.83
T2M,1991,2.0,34.375,26.27,27.72,28.04,27.29,25.72,23.93,22.3,22.96,25.4,25.03,25.02,25.2,25.39
T2M,1991,2.0,35.0,23.95,25.41,25.65,24.65,24.37,23.68,21.82,22.48,23.94,23.82,23.39,23.16,23.85
T2M,1991,2.0,35.625,27.21,28.47,28.88,27.8,28.19,27.93,25.55,26.13,27.81,28.13,27.18,26.61,27.48
T2M,1991,2.0,36.25,28.81,30.06,30.72,29.51,30.76,30.22,28.15,28.94,30.04,30.37,29.06,28.44,29.58
T2M,1991,2.0,36.875,22.37,23.65,24.43,23.26,23.95,23.41,22.25,23.13,23.43,24.02,22.72,22.19,23.23
T2M,1991,2.0,37.5,25.68,27.11,27.96,26.71,27.06,26.13,24.96,25.49,26.18,27.37,26.26,25.42,26.36
T2M,1991,2.0,38.125,26.41,28.25,29.25,27.8,27.89,27.05,25.52,25.89,26.87,28.16,27.19,26.02,27.18
T2M,1991,2.0,38.75,27.75,29.49,30.39,28.9,28.49,27.53,26.13,26.38,27.71,29.02,28.34,27.19,28.1
T2M,1991,2.0,39.375,28.22,29.77,30.48,29.0,27.98,27.02,25.67,25.88,27.64,28.95,28.4,27.37,28.02
T2M,1991,2.0,40.0,28.4,29.85,30.5,28.81,27.68,26.94,25.45,25.68,27.52,28.84,28.19,27.17,27.9
T2M,1991,2.0,40.625,29.14,30.55,30.77,28.73,27.78,27.61,25.63,26.17,27.64,29.18,28.07,26.64,28.14
T2M,1991,2.0,41.25,29.68,31.04,31.28,29.63,28.44,28.0,26.22,26.64,28.15,29.76,28.76,27.46,28.74
T2M,1991,2.0,41.875,29.95,30.93,31.11,29.29,28.07,27.98,26.03,26.57,28.11,29.55,28.58,27.24,28.6
T2M,1991,2.5,34.375,25.36,26.93,27.1,26.26,25.29,24.28,22.34,23.4,25.61,24.58,24.63,24.54,25.01
T2M,1991,2.5,35.0,25.22,26.72,26.99,25.96,25.83,25.58,23.47,24.17,25.47,25.33,25.03,24.49,25.34
T2M,1991,2.5,35.625,28.13,29.43,29.78,28.58,29.17,28.6,26.29,27.07,28.35,28.8,28.14,27.22,28.29
T2M,1991,2.5,36.25,29.22,30.46,30.92,29.71,30.56,29.92,28.29,28.95,29.72,30.32,29.35,28.59,29.66
T2M,1991,2.5,36.875,25.53,26.95,27.32,26.02,26.37,25.85,24.6,25.33,25.74,26.71,25.61,25.09,25.92
T2M,1991,2.5,37.5,27.31,29.09,29.54,28.01,28.32,27.71,26.32,26.86,27.62,28.77,27.8,27.0,27.85
T2M,1991,2.5,38.125,26.05,27.76,28.38,27.07,26.77,25.95,24.64,25.03,26.16,27.34,26.63,25.88,26.46
T2M,1991,2.5,38.75,27.44,29.15,29.69,28.22,27.56,26.77,25.51,25.84,27.29,28.45,27.89,27.09,27.56
T2M,1991,2.5,39.375,27.79,29.36,29.62,28.11,27.02,26.29,25.04,25.27,27.1,28.26,27.83,27.08,27.38
T2M,1991,2.5,40.0,27.73,29.02,29.35,27.77,26.57,26.0,24.59,24.79,26.64,27.97,27.48,26.59,27.03
T2M,1991,2.5,40.625,28.42,29.58,29.95,28.04,26.93,26.81,25.05,25.48,26.93,28.42,27.73,26.49,27.47
T2M,1991,2.5,41.25,29.29,30.23,30.64,29.09,27.85,27.32,25.75,26.02,27.47,29.09,28.56,27.58,28.23
T2M,1991,2.5,41.875,29.14,30.13,30.5,28.94,27.5,27.13,25.47,25.85,27.41,28.84,28.4,27.11,28.02
T2M,1991,3.0,34.375,23.84,25.69,25.59,24.36,23.76,23.43,21.54,22.38,24.39,23.21,23.24,23.33,23.71
T2M,1991,3.0,35.0,26.28,27.9,28.02,27.03,26.85,26.52,24.57,25.25,26.46,26.37,26.1,25.67,26.4
T2M,1991,3.0,35.625,29.17,30.5,30.86,29.96,30.44,29.55,27.54,28.32,29.11,29.87,29.4,28.15,29.4
T2M,1991,3.0,36.25,29.73,31.0,31.29,30.33,30.65,29.84,28.23,28.89,29.56,30.51,29.89,28.96,29.9
T2M,1991,3.0,36.875,28.24,29.87,30.05,28.8,29.06,28.5,26.95,27.68,28.25,29.35,28.48,27.57,28.56
T2M,1991,3.0,37.5,28.17,29.99,30.07,28.79,28.74,28.29,26.83,27.41,28.26,29.34,28.57,27.83,28.51
T2M,1991,3.0,38.125,27.04,28.74,28.67,27.59,26.98,26.24,25.05,25.63,26.82,27.91,27.36,26.81,27.06
T2M,1991,3.0,38.75,27.23,29.05,28.62,27.34,26.4,25.89,24.69,25.12,26.64,27.79,27.36,26.85,26.9
T2M,1991,3.0,39.375,27.13,28.7,28.61,27.15,25.83,25.24,24.03,24.3,26.09,27.46,27.15,26.51,26.5
T2M,1991,3.0,40.0,26.83,28.24,28.45,26.88,25.57,25.12,23.83,24.07,25.8,27.34,26.92,25.92,26.23
T2M,1991,3.0,40.625,27.53,28.74,29.46,27.64,26.45,26.15,24.71,25.07,26.47,27.93,27.57,26.32,26.99
T2M,1991,3.0,41.25,28.36,29.54,30.31,28.59,27.27,26.82,25.38,25.61,27.06,28.66,28.36,26.94,27.73
T2M,1991,3.0,41.875,27.94,29.34,30.01,28.5,27.01,26.38,24.97,25.3,26.9,28.31,28.07,26.4,27.41
T2M,1991,3.5,34.375,23.73,25.72,25.5,24.3,23.39,23.36,21.96,22.65,23.95,23.19,23.19,23.25,23.67
T2M,1991,3.5,35.0,27.77,29.41,29.31,28.28,27.87,27.55,25.87,26.61,27.89,27.58,27.47,27.12,27.71
T2M,1991,3.5,35.625,29.42,30.76,30.94,30.11,30.25,29.56,27.57,28.32,29.23,29.92,29.65,28.51,29.51
T2M,1991,3.5,36.25,29.46,30.78,30.72,29.91,29.88,29.34,27.58,28.27,29.08,29.99,29.49,28.83,29.43
T2M,1991,3.5,36.875,28.82,30.45,30.04,29.05,28.9,28.61,27.17,27.9,28.71,29.64,28.96,28.3,28.87
T2M,1991,3.5,37.5,27.58,29.19,28.46,27.44,27.03,26.52,25.19,25.85,26.92,27.87,27.36,27.21,27.2
T2M,1991,3.5,38.125,26.34,27.92,27.13,26.15,24.82,24.2,23.07,23.56,25.07,26.32,26.09,26.0,25.54
T2M,1991,3.5,38.75,26.22,27.72,27.05,25.8,24.07,23.46,22.23,22.63,24.15,25.72,25.78,25.65,25.02
T2M,1991,3.5,39.375,24.82,26.33,26.06,24.81,23.21,22.49,21.36,21.61,23.23,24.97,24.72,24.15,23.96
T2M,1991,3.5,40.0,25.83,27.38,27.53,25.93,24.66,24.33,23.12,23.46,25.08,26.69,25.98,24.97,25.4
T2M,1991,3.5,40.625,26.18,27.68,28.25,26.35,25.35,25.2,24.05,24.42,25.79,27.06,26.42,24.99,25.96
T2M,1991,3.5,41.25,27.2,28.65,29.68,28.06,26.91,26.48,25.29,25.48,26.95,28.42,27.77,26.01,27.23
T2M,1991,3.5,41.875,28.3,29.77,30.8,29.25,27.9,27.39,26.08,26.4,28.01,29.24,28.69,26.81,28.21
T2M,1991,4.0,34.375,26.47,28.67,28.04,26.59,25.46,25.48,24.56,25.17,26.53,25.56,25.53,26.1,26.16
T2M,1991,4.0,35.0,29.05,30.82,30.46,29.3,28.63,28.52,27.23,27.77,29.17,28.51,28.67,28.6,28.88
T2M,1991,4.0,35.625,28.57,29.91,29.83,29.06,28.58,28.08,26.44,27.04,28.13,28.66,28.75,27.88,28.4
T2M,1991,4.0,36.25,29.97,31.29,30.77,30.11,29.52,29.14,27.62,28.27,29.25,30.1,29.91,29.4,29.6
T2M,1991,4.0,36.875,28.49,30.0,28.95,28.1,27.28,26.92,25.76,26.62,27.65,28.59,28.35,27.79,27.86
T2M,1991,4.0,37.5,28.17,29.65,28.48,27.49,26.31,25.85,24.64,25.48,26.68,27.82,27.87,27.44,27.14
T2M,1991,4.0,38.125,24.54,26.01,25.02,24.05,22.41,21.54,20.11,20.61,22.13,23.73,24.07,23.8,23.15
T2M,1991,4.0,38.75,22.63,24.24,23.29,22.43,21.22,19.99,18.82,19.27,20.82,22.55,22.37,21.86,21.61
T2M,1991,4.0,39.375,23.18,25.12,24.17,23.36,22.21,21.23,20.15,20.75,22.51,24.04,23.32,22.54,22.7
T2M,1991,4.0,40.0,24.56,26.42,26.05,24.7,23.47,23.03,22.06,22.75,24.42,25.63,24.74,23.97,24.3
T2M,1991,4.0,40.625,24.9,26.64,27.04,25.43,24.46,24.53,23.57,24.04,25.45,26.41,25.24,23.99,25.13
T2M,1991,4.0,41.25,26.63,28.58,29.62,28.07,26.92,26.75,25.8,26.2,27.56,28.64,27.49,25.7,27.32
T2M,1991,4.0,41.875,28.51,30.43,31.58,29.87,28.54,28.31,27.22,27.67,29.19,30.02,29.18,27.13,28.96
T2M,1991,4.5,34.375,28.54,30.94,30.17,28.2,26.94,27.32,26.72,27.01,28.85,27.08,27.47,28.61,28.13
T2M,1991,4.5,35.0,29.14,31.01,30.55,29.23,28.21,27.99,27.2,27.64,29.28,28.34,28.64,28.89,28.83
T2M,1991,4.5,35.625,29.23,30.64,30.36,29.42,28.49,28.07,26.78,27.43,28.73,28.86,29.51,28.72,28.84
T2M,1991,4.5,36.25,30.23,31.69,30.93,29.92,28.96,28.59,27.44,28.15,29.43,30.05,30.53,29.47,29.6
T2M,1991,4.5,36.875,29.03,30.34,29.28,28.37,27.16,26.67,25.37,26.21,27.18,28.76,29.09,28.06,27.94
T2M,1991,4.5,37.5,26.45,27.9,26.62,25.59,24.4,23.77,22.52,23.44,24.47,26.06,26.39,25.39,25.23
T2M,1991,4.5,38.125,22.21,23.62,22.77,22.05,21.07,20.2,18.59,19.39,20.79,22.17,21.93,21.28,21.32
T2M,1991,4.5,38.75,22.78,24.35,23.6,22.87,21.88,21.1,19.64,20.42,21.96,23.33,22.65,21.83,22.18
T2M,1991,4.5,39.375,24.42,26.13,25.51,24.55,23.31,22.76,21.52,22.48,24.07,25.29,24.43,23.53,23.98
T2M,1991,4.5,40.0,23.4,25.04,24.71,23.87,22.7,21.98,20.87,21.62,23.16,24.34,23.41,22.68,23.13
T2M,1991,4.5,40.625,24.39,26.17,26.41,25.24,24.06,24.12,23.11,23.91,25.32,26.12,24.76,23.71,24.76
T2M,1991,4.5,41.25,24.77,26.63,27.62,26.39,24.98,25.0,24.11,24.68,26.04,26.8,25.55,24.05,25.54
T2M,1991,4.5,41.875,28.31,30.36,31.63,29.78,28.19,28.31,27.52,28.08,29.47,29.92,29.07,27.05,28.96
T2M,1992,-0.5,34.375,25.44,25.9,27.6,24.84,23.59,22.49,22.3,23.18,23.74,23.41,24.04,24.11,24.22
T2M,1992,-0.5,35.0,22.08,22.3,24.18,21.39,20.15,19.03,18.39,19.01,19.8,20.13,20.62,20.94,20.66
T2M,1992,-0.5,35.625,16.58,16.93,17.9,16.23,15.02,14.09,13.31,13.13,13.93,14.48,14.59,14.97,15.09
T2M,1992,-0.5,36.25,16.61,18.07,18.04,16.82,15.39,14.57,13.64,13.38,14.19,14.87,15.08,15.37,15.49
T2M,1992,-0.5,36.875,16.29,18.13,18.07,17.16,15.92,15.04,14.24,14.19,15.04,15.67,15.4,15.56,15.88
T2M,1992,-0.5,37.5,20.28,21.96,22.28,21.17,19.9,18.94,18.02,17.86,19.0,19.8,19.31,19.21,19.8
T2M,1992,-0.5,38.125,24.59,26.01,26.9,25.39,24.61,24.09,22.9,22.62,23.83,24.51,23.25,23.13,24.31
T2M,1992,-0.5,38.75,27.4,28.57,29.18,27.34,26.21,25.6,24.39,24.09,25.32,26.21,25.46,25.01,26.22
T2M,1992,-0.5,39.375,29.35,30.11,30.59,28.63,26.57,26.02,25.02,24.72,25.73,27.15,27.13,26.27,27.26
T2M,1992,-0.5,40.0,29.93,30.53,31.01,29.13,26.88,26.15,25.29,25.02,25.93,27.47,27.66,26.75,27.63
T2M,1992,-0.5,40.625,29.88,30.46,30.93,29.25,26.59,26.02,25.18,25.15,25.53,27.26,27.69,26.2,27.5
T2M,1992,-0.5,41.25,29.63,30.24,30.75,29.33,26.84,26.32,25.62,25.47,25.68,27.45,27.83,26.29,27.61
T2M,1992,-0.5,41.875,28.8,29.24,29.92,29.13,27.46,26.62,25.85,25.49,25.87,27.27,27.84,26.87,27.52
T2M,1992,-1.0,34.375,23.84,23.73,26.13,23.39,22.31,21.22,21.25,22.17,22.86,22.83,23.11,22.88,22.98
T2M,1992,-1.0,35.0,21.51,20.97,22.32,19.85,18.18,17.35,16.93,17.89,18.66,19.47,19.75,19.94,19.4
T2M,1992,-1.0,35.625,20.11,20.37,20.73,18.27,16.46,15.63,14.86,15.35,16.53,17.42,18.09,18.28,17.67
T2M,1992,-1.0,36.25,18.19,19.96,19.69,17.91,15.94,14.97,14.03,14.31,15.69,16.71,17.03,17.16,16.79
T2M,1992,-1.0,36.875,18.36,20.46,20.45,19.39,17.87,17.07,16.51,16.84,17.85,18.64,17.93,17.79,18.25
T2M,1992,-1.0,37.5,21.71,23.42,23.82,22.56,21.01,20.01,19.21,19.33,20.48,21.43,21.02,20.83,21.23
T2M,1992,-1.0,38.125,24.03,25.32,25.84,24.14,23.29,22.51,21.32,21.05,22.35,23.15,22.39,22.37,23.14
T2M,1992,-1.0,38.75,27.73,28.77,29.16,26.93,25.72,25.29,24.11,23.85,25.09,25.99,25.29,25.12,26.08
T2M,1992,-1.0,39.375,29.63,30.34,30.57,28.12,26.2,25.87,24.9,24.59,25.61,26.98,27.0,26.42,27.17
T2M,1992,-1.0,40.0,30.21,30.83,31.06,28.75,26.63,26.08,25.23,25.01,25.87,27.41,27.59,26.82,27.61
T2M,1992,-1.0,40.625,29.7,30.32,30.65,28.78,26.28,25.7,24.91,24.83,25.24,26.98,27.5,26.15,27.24
T2M,1992,-1.0,41.25,29.06,29.63,30.14,28.73,26.5,25.77,25.14,24.96,25.28,26.91,27.57,26.28,27.15
T2M,1992,-1.0,41.875,27.53,27.8,28.71,28.49,27.44,26.43,25.63,24.96,25.46,26.57,27.38,26.9,26.94
T2M,1992,-1.5,34.375,24.45,23.85,26.16,23.3,22.07,21.72,22.1,23.18,23.69,23.98,23.86,23.38,23.48
T2M,1992,-1.5,35.0,22.35,22.24,22.98,20.67,18.84,18.76,18.65,19.89,20.82,21.64,21.38,21.18,20.78
T2M,1992,-1.5,35.625,19.12,20.08,20.02,18.18,16.24,15.61,15.03,15.62,17.19,18.35,18.35,18.25,17.66
T2M,1992,-1.5,36.25,22.9,25.13,24.92,22.51,20.32,19.7,19.07,19.54,21.13,22.36,22.0,21.91,21.78
T2M,1992,-1.5,36.875,20.01,22.37,22.13,20.51,18.76,18.15,17.94,18.43,19.07,20.02,19.25,19.19,19.64
T2M,1992,-1.5,37.5,21.25,22.91,23.15,21.8,20.03,19.13,18.45,18.7,19.78,20.81,20.31,20.04,20.52
T2M,1992,-1.5,38.125,24.16,25.27,25.84,24.46,23.13,22.25,21.05,21.01,22.42,23.32,22.76,22.53,23.17
T2M,1992,-1.5,38.75,27.81,28.67,29.06,26.69,25.33,24.94,23.91,23.61,24.91,25.86,25.37,25.27,25.94
T2M,1992,-1.5,39.375,29.51,30.28,30.36,27.64,25.87,25.39,24.51,24.27,25.47,26.73,26.74,26.38,26.92
T2M,1992,-1.5,40.0,30.2,30.86,30.93,28.3,26.15,25.6,24.8,24.73,25.49,27.14,27.49,26.63,27.35
T2M,1992,-1.5,40.625,29.58,30.21,30.48,28.51,26.32,25.55,24.8,24.69,25.26,26.87,27.56,26.39,27.17
T2M,1992,-1.5,41.25,28.59,29.05,29.68,28.36,26.48,25.58,25.17,24.86,25.26,26.75,27.53,26.47,26.97
T2M,1992,-1.5,41.875,26.53,26.6,27.63,27.92,27.51,26.39,25.59,24.58,25.15,26.07,26.94,26.93,26.48
T2M,1992,-1.7975103014118005e-13,34.375,24.39,25.17,26.63,24.2,22.97,21.68,21.36,21.95,22.6,22.3,22.87,23.11,23.26
T2M,1992,-1.7975103014118005e-13,35.0,21.18,22.1,23.5,21.74,20.58,19.25,18.69,18.99,19.65,19.94,20.14,20.48,20.51
T2M,1992,-1.7975103014118005e-13,35.625,15.67,16.88,17.81,17.12,15.97,14.99,14.35,14.22,14.76,15.39,14.81,15.07,15.58
T2M,1992,-1.7975103014118005e-13,36.25,18.83,20.0,20.56,19.84,18.84,17.83,16.71,16.31,17.17,17.71,17.71,17.89,18.28
T2M,1992,-1.7975103014118005e-13,36.875,17.37,18.59,19.41,18.85,17.81,17.06,16.23,15.98,16.77,17.35,16.81,16.88,17.42
T2M,1992,-1.7975103014118005e-13,37.5,17.01,18.14,18.84,18.42,17.39,16.73,15.88,15.74,16.53,17.23,16.44,16.39,17.06
T2M,1992,-1.7975103014118005e-13,38.125,24.95,26.24,27.31,26.18,25.43,25.0,23.94,23.72,24.82,25.41,24.1,23.79,25.07
T2M,1992,-1.7975103014118005e-13,38.75,27.77,28.89,29.87,28.35,27.06,26.37,25.27,25.02,26.16,27.11,26.5,25.88,27.01
T2M,1992,-1.7975103014118005e-13,39.375,29.26,30.16,30.91,29.32,27.23,26.35,25.39,25.19,26.26,27.72,27.76,26.75,27.68
T2M,1992,-1.7975103014118005e-13,40.0,29.79,30.47,31.22,29.8,27.52,26.46,25.57,25.38,26.36,27.94,28.24,27.09,27.98
T2M,1992,-1.7975103014118005e-13,40.625,29.95,30.56,31.27,29.83,27.29,26.58,25.74,25.69,26.15,27.92,28.13,26.59,27.96
T2M,1992,-1.7975103014118005e-13,41.25,30.0,30.57,31.21,29.79,27.41,26.99,26.2,25.98,26.23,28.04,28.11,26.59,28.08
T2M,1992,-1.7975103014118005e-13,41.875,29.59,30.15,30.74,29.43,27.45,26.9,26.16,25.94,26.22,27.85,27.96,26.73,27.92
T2M,1992,-2.0,34.375,24.83,24.17,26.34,23.61,22.16,22.22,22.71,23.73,24.64,25.48,24.34,24.16,24.04
T2M,1992,-2.0,35.0,22.22,22.3,23.05,20.94,19.05,18.96,19.09,20.23,21.34,22.4,21.49,21.39,21.04
T2M,1992,-2.0,35.625,19.39,20.64,20.57,18.8,16.76,15.93,15.29,15.96,17.99,19.24,18.88,18.73,18.17
T2M,1992,-2.0,36.25,25.5,27.71,27.43,25.07,23.1,22.42,21.87,22.52,24.09,25.25,24.68,24.57,24.51
T2M,1992,-2.0,36.875,21.05,23.49,22.92,20.94,19.15,18.61,18.67,18.89,19.56,20.57,19.94,19.9,20.3
T2M,1992,-2.0,37.5,22.23,23.83,23.95,22.29,20.51,19.72,19.21,19.49,20.57,21.62,21.09,20.84,21.27
T2M,1992,-2.0,38.125,24.85,25.69,26.18,24.72,23.2,22.37,21.36,21.36,22.79,23.74,23.25,22.96,23.53
T2M,1992,-2.0,38.75,27.78,28.66,28.96,26.45,24.93,24.51,23.61,23.35,24.73,25.76,25.27,25.16,25.75
T2M,1992,-2.0,39.375,29.19,30.02,30.02,27.3,25.54,24.84,23.95,23.86,25.17,26.51,26.54,26.18,26.58
T2M,1992,-2.0,40.0,29.81,30.58,30.51,27.91,26.02,25.37,24.6,24.59,25.49,26.94,27.34,26.67,27.14
T2M,1992,-2.0,40.625,29.01,29.63,29.87,28.33,26.55,25.58,25.01,24.71,25.31,26.76,27.64,26.82,27.09
T2M,1992,-2.0,41.25,27.17,27.42,28.21,28.24,27.41,26.41,25.63,24.72,25.32,26.35,27.36,27.25,26.79
T2M,1992,-2.0,41.875,26.09,26.12,27.19,27.76,27.78,26.4,25.53,24.4,25.0,25.79,26.77,26.96,26.32
T2M,1992,-2.5,34.375,24.18,23.21,24.8,23.12,21.7,21.66,22.13,22.91,24.24,25.53,23.72,23.21,23.37
T2M,1992,-2.5,35.0,21.45,21.56,22.22,20.57,18.69,18.46,18.64,19.54,20.97,22.42,21.02,20.54,20.5
T2M,1992,-2.5,35.625,22.26,23.48,23.74,21.48,19.21,18.6,18.25,19.18,21.3,22.83,21.91,21.17,21.11
T2M,1992,-2.5,36.25,24.99,27.1,26.8,24.28,22.33,21.41,20.92,21.6,23.81,25.13,24.31,23.79,23.86
T2M,1992,-2.5,36.875,22.38,24.72,24.33,22.23,20.79,20.21,20.32,20.68,22.05,22.84,21.55,20.95,21.91
T2M,1992,-2.5,37.5,22.91,24.57,24.66,22.65,20.91,20.54,20.39,20.65,21.61,22.71,21.66,21.08,22.02
T2M,1992,-2.5,38.125,24.83,25.85,26.12,24.57,22.97,22.1,21.26,21.4,22.78,23.94,23.18,22.79,23.47
T2M,1992,-2.5,38.75,27.8,28.62,28.83,26.5,24.79,24.31,23.46,23.24,24.75,25.9,25.31,25.1,25.71
T2M,1992,-2.5,39.375,28.72,29.59,29.58,27.13,25.39,24.36,23.48,23.44,24.94,26.42,26.34,25.91,26.26
T2M,1992,-2.5,40.0,28.56,29.41,29.41,27.69,26.09,25.25,24.45,24.27,25.37,26.55,26.97,26.42,26.69
T2M,1992,-2.5,40.625,27.41,27.85,28.37,28.17,27.15,25.97,25.28,24.55,25.24,26.32,27.31,27.17,26.73
T2M,1992,-2.5,41.25,26.02,26.17,27.12,27.85,27.71,26.28,25.41,24.32,24.97,25.75,26.78,27.06,26.29
T2M,1992,-2.5,41.875,26.06,26.17,27.24,27.82,27.79,26.39,25.5,24.4,25.01,25.79,26.82,27.06,26.34
T2M,1992,-3.0,34.375,24.03,22.51,23.89,22.56,21.26,20.98,20.96,21.45,23.26,25.18,23.4,22.64,22.68
T2M,1992,-3.0,35.0,22.11,21.45,22.22,20.75,18.85,18.48,18.38,19.11,20.91,22.69,21.47,20.71,20.59
T2M,1992,-3.0,35.625,18.66,19.14,19.6,17.73,15.66,14.86,14.25,14.78,16.8,18.57,18.06,17.4,17.12
T2M,1992,-3.0,36.25,23.7,25.32,26.08,22.51,20.0,19.05,18.66,19.49,21.49,23.42,23.27,22.11,22.08
T2M,1992,-3.0,36.875,22.51,24.56,24.96,21.63,19.15,18.01,17.46,18.09,20.74,22.2,21.8,20.57,20.96
T2M,1992,-3.0,37.5,18.53,20.1,19.99,18.43,16.52,15.4,14.56,14.59,16.27,17.95,17.53,17.13,17.24
T2M,1992,-3.0,38.125,24.77,25.8,25.73,24.31,22.55,21.55,20.61,20.69,22.14,23.58,23.01,22.56,23.1
T2M,1992,-3.0,38.75,27.55,28.42,28.3,26.17,24.3,23.74,22.8,22.67,24.33,25.61,24.98,24.53,25.27
T2M,1992,-3.0,39.375,28.46,29.41,29.3,27.03,25.23,24.17,23.26,23.24,24.85,26.35,26.25,25.66,26.09
T2M,1992,-3.0,40.0,27.56,28.32,28.55,27.64,26.35,25.39,24.62,24.17,25.18,26.26,26.81,26.42,26.43
T2M,1992,-3.0,40.625,26.28,26.48,27.26,27.9,27.53,26.1,25.35,24.3,24.94,25.79,26.85,27.13,26.32
T2M,1992,-3.0,41.25,26.13,26.24,27.19,27.9,27.71,26.28,25.41,24.32,24.96,25.81,26.85,27.17,26.33
T2M,1992,-3.0,41.875,26.11,26.25,27.26,27.9,27.8,26.4,25.48,24.4,25.01,25.84,26.86,27.21,26.38
T2M,1992,-3.5,34.375,25.43,23.74,25.07,23.76,22.5,22.37,21.93,22.32,24.28,26.02,24.62,24.08,23.84
T2M,1992,-3.5,35.0,24.02,22.82,23.72,21.98,20.43,19.78,19.17,19.69,21.65,23.32,22.68,22.29,21.79
T2M,1992,-3.5,35.625,22.59,22.46,22.79,20.35,18.68,17.73,16.83,17.41,19.68,21.28,20.99,20.53,20.1
T2M,1992,-3.5,36.25,24.37,25.38,25.73,22.25,20.2,19.31,18.75,19.44,21.32,22.96,22.72,22.26,22.05
T2M,1992,-3.5,36.875,24.76,26.29,25.8,22.04,19.86,18.72,17.97,18.54,20.69,22.28,22.4,21.97,21.76
T2M,1992,-3.5,37.5,26.3,28.14,27.26,24.13,21.79,20.71,19.75,20.23,22.5,24.13,24.02,23.52,23.52
T2M,1992,-3.5,38.125,24.21,25.37,24.99,23.22,21.17,20.13,19.05,19.08,20.61,22.2,22.09,21.71,21.97
T2M,1992,-3.5,38.75,26.21,27.16,26.9,25.19,23.38,22.34,21.23,21.06,22.79,24.21,24.12,23.77,24.02
T2M,1992,-3.5,39.375,27.79,28.72,28.47,26.51,24.73,23.68,22.79,22.72,24.32,25.67,25.81,25.26,25.53
T2M,1992,-3.5,40.0,27.06,27.58,27.84,27.71,26.76,25.72,25.01,24.22,25.02,25.94,26.77,26.73,26.36
T2M,1992,-3.5,40.625,26.38,26.51,27.28,27.9,27.52,26.1,25.36,24.24,24.88,25.73,26.84,27.14,26.32
T2M,1992,-3.5,41.25,26.36,26.43,27.31,27.93,27.66,26.28,25.4,24.32,24.96,25.83,26.9,27.21,26.38
T2M,1992,-3.5,41.875,26.28,26.38,27.34,27.94,27.76,26.39,25.43,24.4,25.0,25.86,26.92,27.25,26.41
T2M,1992,-4.0,34.375,25.87,23.97,25.26,24.1,23.09,22.91,22.25,22.72,24.9,26.64,25.02,24.52,24.27
T2M,1992,-4.0,35.0,23.66,21.84,22.83,21.34,20.26,19.74,19.08,19.59,21.55,23.22,22.2,21.75,21.42
T2M,1992,-4.0,35.625,22.43,21.52,21.94,20.03,18.85,17.81,16.79,17.24,19.57,21.2,20.77,20.37,19.87
T2M,1992,-4.0,36.25,24.33,24.33,24.89,21.95,20.61,19.59,18.81,19.42,21.36,22.99,22.64,22.07,21.91
T2M,1992,-4.0,36.875,23.91,24.67,24.79,21.67,20.13,19.01,18.13,18.54,20.51,22.09,22.03,21.47,21.4
T2M,1992,-4.0,37.5,25.56,26.69,26.29,23.29,21.72,20.49,19.43,19.84,21.95,23.52,23.27,22.74,22.89
T2M,1992,-4.0,38.125,25.96,27.06,26.35,24.07,22.24,21.2,19.93,20.22,22.13,23.59,23.25,22.89,23.23
T2M,1992,-4.0,38.75,26.67,27.71,27.2,24.95,23.09,22.12,21.02,20.99,22.72,24.15,24.2,23.76,24.03
T2M,1992,-4.0,39.375,27.79,28.62,28.43,26.67,25.1,24.22,23.36,23.22,24.66,25.84,26.2,25.69,25.81
T2M,1992,-4.0,40.0,26.72,26.92,27.35,27.8,27.19,25.99,25.26,24.22,24.9,25.68,26.79,26.97,26.31
T2M,1992,-4.0,40.625,26.63,26.72,27.34,27.95,27.5,26.07,25.37,24.21,24.88,25.71,26.86,27.14,26.36
T2M,1992,-4.0,41.25,26.59,26.69,27.37,28.01,27.6,26.25,25.38,24.31,24.94,25.8,26.9,27.23,26.42
T2M,1992,-4.0,41.875,26.5,26.58,27.41,27.99,27.67,26.36,25.38,24.37,24.97,25.83,26.96,27.28,26.44
T2M,1992,-4.5,34.375,25.38,22.62,24.33,22.58,21.75,20.97,20.07,20.56,22.89,24.96,23.63,23.22,22.75
T2M,1992,-4.5,35.0,22.83,20.55,21.59,19.94,19.06,18.25,17.3,17.76,20.02,21.84,20.86,20.65,20.05
T2M,1992,-4.5,35.625,22.31,20.81,21.43,19.65,18.73,17.72,16.62,17.05,19.35,21.01,20.39,20.14,19.6
T2M,1992,-4.5,36.25,24.57,23.64,24.55,21.86,20.95,19.92,19.01,19.51,21.44,23.05,22.65,22.15,21.94
T2M,1992,-4.5,36.875,23.83,24.01,24.46,21.39,20.31,19.17,18.16,18.49,20.29,21.87,21.86,21.37,21.26
T2M,1992,-4.5,37.5,25.05,25.72,25.71,22.6,21.19,19.85,18.74,18.92,20.96,22.72,22.82,22.34,22.21
T2M,1992,-4.5,38.125,24.88,25.97,25.51,23.04,21.22,19.73,18.35,18.66,20.94,22.68,22.51,22.07,22.12
T2M,1992,-4.5,38.75,26.88,27.88,27.44,25.17,23.4,22.21,21.14,21.16,22.99,24.46,24.56,24.07,24.27
T2M,1992,-4.5,39.375,27.72,28.32,28.21,27.27,26.2,25.2,24.49,23.88,24.99,26.03,26.7,26.44,26.28
T2M,1992,-4.5,40.0,26.81,26.91,27.28,27.89,27.34,26.04,25.31,24.22,24.92,25.71,26.88,27.04,26.36
T2M,1992,-4.5,40.625,26.84,26.94,27.35,28.02,27.51,26.03,25.36,24.2,24.88,25.75,26.94,27.19,26.41
T2M,1992,-4.5,41.25,26.78,26.9,27.39,28.05,27.59,26.2,25.36,24.27,24.92,25.82,26.96,27.26,26.46
T2M,1992,-4.5,41.875,26.7,26.78,27.43,28.04,27.6,26.33,25.33,24.32,24.93,25.84,26.96,27.29,26.46
T2M,1992,0.5,34.375,23.37,24.62,26.18,23.42,22.15,20.3,19.87,20.4,20.97,20.95,21.25,21.52,22.08
T2M,1992,0.5,35.0,19.26,20.87,22.01,20.58,19.37,17.91,17.08,17.27,17.68,18.01,17.73,18.07,18.81
T2M,1992,0.5,35.625,19.56,21.27,21.73,20.78,19.21,18.01,17.24,17.33,17.83,18.39,17.57,17.95,18.9
T2M,1992,0.5,36.25,22.05,23.7,23.83,23.53,22.95,21.75,20.34,19.56,20.58,21.33,21.18,21.29,21.83
T2M,1992,0.5,36.875,19.14,20.44,21.2,20.91,20.6,19.82,18.74,18.09,19.0,19.58,18.86,18.81,19.59
T2M,1992,0.5,37.5,22.17,23.46,24.41,23.84,23.22,22.94,22.07,21.86,22.49,22.92,21.69,21.47,22.71
T2M,1992,0.5,38.125,24.88,25.99,27.3,26.39,25.33,24.54,23.59,23.41,24.47,25.24,24.33,23.96,24.95
T2M,1992,0.5,38.75,27.61,28.85,29.93,28.63,27.16,26.24,25.3,25.1,26.2,27.28,26.84,26.33,27.11
T2M,1992,0.5,39.375,29.23,30.29,31.13,29.68,27.62,26.58,25.71,25.66,26.75,28.19,28.07,27.17,28.0
T2M,1992,0.5,40.0,29.78,30.67,31.44,30.13,27.85,26.74,25.92,25.89,26.87,28.46,28.51,27.27,28.28
T2M,1992,0.5,40.625,29.96,30.74,31.54,30.26,28.11,27.2,26.38,26.3,26.86,28.62,28.51,26.98,28.45
T2M,1992,0.5,41.25,30.1,30.69,31.48,30.18,28.29,27.61,26.7,26.45,26.81,28.61,28.4,27.17,28.53
T2M,1992,0.5,41.875,29.92,30.52,31.24,29.79,27.91,27.35,26.61,26.32,26.62,28.4,28.1,26.86,28.29
T2M,1992,1.0,34.375,17.98,19.38,20.94,19.72,18.47,16.64,15.97,16.35,16.65,16.95,16.81,17.22,17.75
T2M,1992,1.0,35.0,17.01,18.9,19.89,18.88,17.64,16.26,15.55,15.79,15.75,16.19,15.56,16.06,16.95
T2M,1992,1.0,35.625,20.49,22.21,22.41,21.38,20.23,19.06,17.98,17.89,18.42,18.9,18.73,19.41,19.75
T2M,1992,1.0,36.25,23.94,25.53,25.72,25.49,25.34,24.11,22.74,21.72,22.72,23.66,22.88,23.05,23.9
T2M,1992,1.0,36.875,19.61,21.05,21.81,21.64,21.36,20.55,19.62,18.97,19.73,20.2,19.34,19.36,20.27
T2M,1992,1.0,37.5,23.5,24.94,25.95,25.31,24.66,24.09,23.27,23.09,23.85,24.36,23.09,22.86,24.08
T2M,1992,1.0,38.125,26.67,28.09,29.16,28.22,27.15,26.24,25.27,25.03,26.06,26.94,25.92,25.66,26.69
T2M,1992,1.0,38.75,28.76,30.0,30.94,29.67,28.2,27.27,26.35,26.15,27.23,28.33,27.65,27.22,28.14
T2M,1992,1.0,39.375,29.45,30.54,31.32,29.86,27.86,26.88,26.14,26.07,27.14,28.5,28.06,27.29,28.25
T2M,1992,1.0,40.0,29.61,30.7,31.44,30.05,27.77,26.83,26.04,26.09,27.04,28.62,28.29,27.03,28.28
T2M,1992,1.0,40.625,30.02,30.98,31.69,30.26,28.39,27.54,26.71,26.59,27.15,28.97,28.44,26.92,28.63
T2M,1992,1.0,41.25,30.28,31.11,31.84,30.32,28.59,27.97,27.08,26.8,27.1,29.07,28.46,27.22,28.81
T2M,1992,1.0,41.875,30.14,30.9,31.64,30.08,28.31,27.74,26.99,26.67,26.97,28.84,28.24,26.7,28.59
T2M,1992,1.5,34.375,24.49,26.12,26.69,24.98,23.75,20.59,19.68,20.1,20.81,21.15,21.5,22.42,22.68
T2M,1992,1.5,35.0,21.9,23.52,24.05,22.77,22.08,20.2,18.97,19.06,19.7,20.18,19.75,20.48,21.05
T2M,1992,1.5,35.625,24.55,26.04,26.3,25.63,25.29,24.08,22.6,22.39,23.57,24.32,23.3,23.42,24.28
T2M,1992,1.5,36.25,26.73,28.18,28.62,28.6,28.46,27.24,25.86,25.41,26.51,27.18,26.05,25.92,27.06
T2M,1992,1.5,36.875,22.33,23.91,24.49,23.95,23.75,23.15,22.23,21.93,22.7,23.09,21.66,21.61,22.89
T2M,1992,1.5,37.5,25.27,26.54,27.48,26.71,26.25,25.31,24.26,24.05,25.06,25.65,24.4,24.28,25.43
T2M,1992,1.5,38.125,27.92,29.22,30.27,29.04,28.07,27.16,26.2,25.98,27.05,27.85,26.54,26.45,27.64
T2M,1992,1.5,38.75,29.22,30.43,31.29,29.65,28.3,27.62,26.68,26.5,27.58,28.54,27.23,27.02,28.33
T2M,1992,1.5,39.375,29.12,30.53,31.25,29.67,27.59,26.7,25.96,26.04,27.12,28.45,27.66,26.9,28.07
T2M,1992,1.5,40.0,29.56,30.8,31.45,29.83,27.8,26.86,26.18,26.26,27.22,28.7,27.9,27.06,28.29
T2M,1992,1.5,40.625,29.8,31.04,31.73,30.13,28.35,27.58,26.78,26.66,27.26,29.06,28.18,26.78,28.6
T2M,1992,1.5,41.25,30.05,31.26,31.94,30.46,28.71,27.9,27.09,26.85,27.2,29.14,28.52,26.87,28.82
T2M,1992,1.5,41.875,30.09,30.96,31.66,29.92,28.19,27.7,27.01,26.66,26.96,28.88,27.96,26.41,28.52
T2M,1992,2.0,34.375,26.57,27.75,28.44,27.31,26.78,23.56,22.24,22.72,23.95,24.2,24.47,25.07,25.25
T2M,1992,2.0,35.0,24.35,25.55,26.17,25.29,24.87,23.2,21.95,21.98,23.06,23.64,22.78,23.03,23.82
T2M,1992,2.0,35.625,27.48,28.84,29.3,28.75,28.45,27.31,25.93,26.0,27.2,27.96,26.49,26.58,27.52
T2M,1992,2.0,36.25,29.1,30.56,31.07,30.93,30.75,29.72,28.59,28.43,29.54,29.99,28.31,28.41,29.61
T2M,1992,2.0,36.875,22.95,24.52,25.01,24.29,23.96,23.3,22.42,22.27,22.98,23.39,21.83,21.99,23.24
T2M,1992,2.0,37.5,26.44,27.98,28.76,27.5,26.81,25.98,25.08,24.98,25.93,26.56,25.08,25.12,26.35
T2M,1992,2.0,38.125,27.59,29.11,30.05,28.33,27.22,26.55,25.64,25.49,26.58,27.36,25.72,25.73,27.11
T2M,1992,2.0,38.75,28.94,30.43,31.23,29.35,27.82,27.07,26.16,26.16,27.3,28.26,26.9,26.76,28.02
T2M,1992,2.0,39.375,29.06,30.65,31.26,29.39,27.21,26.38,25.62,25.86,26.96,28.24,27.15,26.54,27.85
T2M,1992,2.0,40.0,29.13,30.53,31.1,29.23,27.07,26.26,25.55,25.7,26.72,28.14,27.05,26.35,27.73
T2M,1992,2.0,40.625,29.44,30.55,31.17,29.17,27.24,27.02,26.18,26.02,26.57,28.38,26.84,25.74,27.85
T2M,1992,2.0,41.25,29.76,31.01,31.68,29.87,28.07,27.63,26.82,26.61,27.04,28.88,27.61,26.43,28.44
T2M,1992,2.0,41.875,30.01,30.86,31.55,29.44,27.7,27.72,26.89,26.54,26.92,28.78,27.34,26.39,28.34
T2M,1992,2.5,34.375,25.67,26.8,27.52,26.89,26.27,24.08,22.88,23.21,24.67,24.8,24.12,24.4,25.1
T2M,1992,2.5,35.0,25.55,26.81,27.47,26.89,26.2,24.83,23.98,23.96,24.85,25.81,24.39,24.54,25.43
T2M,1992,2.5,35.625,28.3,29.67,30.24,29.67,29.17,28.08,26.87,26.79,28.12,29.1,27.34,27.47,28.4
T2M,1992,2.5,36.25,29.39,30.9,31.34,30.89,30.45,29.64,28.6,28.69,29.44,30.07,28.49,28.69,29.71
T2M,1992,2.5,36.875,26.06,27.6,27.96,26.94,26.23,25.64,24.69,24.65,25.32,25.97,24.57,24.8,25.86
T2M,1992,2.5,37.5,28.38,30.01,30.5,28.87,27.94,27.34,26.46,26.35,27.26,28.0,26.48,26.65,27.85
T2M,1992,2.5,38.125,27.4,29.01,29.56,27.62,26.43,25.56,24.7,24.65,25.72,26.61,25.24,25.36,26.48
T2M,1992,2.5,38.75,28.8,30.34,30.98,28.84,27.28,26.4,25.56,25.67,26.75,27.78,26.52,26.52,27.61
T2M,1992,2.5,39.375,28.84,30.35,30.96,28.83,26.73,25.87,25.03,25.33,26.4,27.66,26.57,26.32,27.4
T2M,1992,2.5,40.0,28.43,29.73,30.48,28.47,26.33,25.52,24.72,24.85,25.93,27.33,26.24,25.9,26.98
T2M,1992,2.5,40.625,28.7,29.67,30.53,28.65,26.77,26.43,25.52,25.35,26.08,27.7,26.29,25.79,27.28
T2M,1992,2.5,41.25,29.4,30.3,31.12,29.46,27.85,27.15,26.19,25.95,26.71,28.32,27.18,26.7,28.02
T2M,1992,2.5,41.875,29.25,30.13,30.92,29.04,27.5,27.02,26.13,25.8,26.52,28.12,27.03,26.65,27.83
T2M,1992,3.0,34.375,24.33,25.55,26.26,25.66,24.72,23.23,22.47,22.58,23.86,23.88,22.56,23.1,24.01
T2M,1992,3.0,35.0,26.64,28.1,28.68,28.03,26.98,25.97,25.32,25.6,26.28,26.93,25.29,25.61,26.61
T2M,1992,3.0,35.625,29.29,30.8,31.32,30.73,29.88,29.23,28.13,28.26,29.06,29.91,28.49,28.65,29.47
T2M,1992,3.0,36.25,29.93,31.44,31.81,31.12,30.15,29.57,28.53,28.53,29.22,30.08,28.98,29.15,29.87
T2M,1992,3.0,36.875,28.98,30.49,30.93,29.63,28.6,28.11,27.11,27.12,27.8,28.66,27.33,27.52,28.52
T2M,1992,3.0,37.5,29.37,30.85,31.25,29.42,28.47,27.91,26.95,26.89,27.74,28.66,27.37,27.49,28.52
T2M,1992,3.0,38.125,28.46,29.95,30.21,28.06,27.0,26.01,25.24,25.25,26.21,27.26,26.22,26.31,27.17
T2M,1992,3.0,38.75,28.59,30.09,30.38,27.99,26.56,25.73,24.83,24.98,25.97,27.06,26.14,26.25,27.04
T2M,1992,3.0,39.375,28.14,29.59,30.13,27.96,26.07,25.06,24.09,24.39,25.53,26.63,25.91,25.94,26.61
T2M,1992,3.0,40.0,27.55,28.82,29.67,27.77,25.83,24.93,23.99,24.1,25.27,26.49,25.51,25.51,26.28
T2M,1992,3.0,40.625,27.91,28.92,30.1,28.46,26.89,26.16,25.12,24.93,25.86,27.24,26.1,26.09,26.97
T2M,1992,3.0,41.25,28.65,29.59,30.79,29.25,27.82,26.9,25.83,25.54,26.49,27.96,26.93,26.92,27.72
T2M,1992,3.0,41.875,28.37,29.31,30.38,28.78,27.43,26.52,25.59,25.25,26.21,27.65,26.66,26.7,27.4
T2M,1992,3.5,34.375,24.44,25.88,26.54,25.57,24.25,23.46,23.04,23.12,23.94,24.13,22.43,23.01,24.14
T2M,1992,3.5,35.0,28.17,29.56,30.24,29.32,28.04,27.39,26.81,26.98,27.65,28.21,26.54,27.01,27.99
T2M,1992,3.5,35.625,29.54,31.1,31.6,30.79,29.63,29.19,28.14,28.16,28.97,29.87,28.63,28.78,29.53
T2M,1992,3.5,36.25,29.71,31.32,31.56,30.54,29.44,28.92,27.92,27.86,28.54,29.49,28.54,28.66,29.37
T2M,1992,3.5,36.875,29.65,31.19,31.44,29.66,28.75,28.29,27.42,27.42,28.11,28.96,27.9,27.98,28.89
T2M,1992,3.5,37.5,28.6,30.2,30.01,27.97,26.96,26.23,25.38,25.38,26.23,27.16,26.5,26.48,27.25
T2M,1992,3.5,38.125,27.41,29.11,28.85,26.51,25.22,24.11,23.28,23.43,24.51,25.48,25.09,25.2,25.67
T2M,1992,3.5,38.75,26.99,28.74,28.58,26.27,24.47,23.36,22.44,22.53,23.78,24.75,24.65,24.77,25.1
T2M,1992,3.5,39.375,25.57,27.17,27.5,25.55,23.64,22.49,21.49,21.63,22.93,23.87,23.48,23.59,24.06
T2M,1992,3.5,40.0,26.48,27.92,28.71,26.94,25.24,24.34,23.3,23.38,24.68,25.59,24.58,24.61,25.47
T2M,1992,3.5,40.625,26.61,27.82,29.08,27.46,26.15,25.53,24.4,24.21,25.26,26.3,24.92,24.94,26.05
T2M,1992,3.5,41.25,27.54,28.62,30.22,29.0,27.89,26.87,25.73,25.41,26.54,27.7,26.43,26.54,27.37
T2M,1992,3.5,41.875,28.57,29.59,31.09,29.81,28.77,27.72,26.72,26.36,27.49,28.64,27.33,27.57,28.3
T2M,1992,4.0,34.375,27.34,28.87,29.53,28.05,26.33,26.07,25.79,25.62,26.74,26.54,24.82,25.51,26.76
T2M,1992,4.0,35.0,29.59,31.0,31.68,30.26,28.86,28.69,28.2,28.2,28.97,29.25,27.75,28.26,29.22
T2M,1992,4.0,35.625,28.83,30.35,30.81,29.55,28.22,27.8,26.94,27.0,27.77,28.66,27.68,27.78,28.44
T2M,1992,4.0,36.25,30.23,31.79,31.96,30.6,29.41,28.88,28.03,27.98,28.64,29.55,28.87,29.05,29.57
T2M,1992,4.0,36.875,29.12,30.5,30.72,28.59,27.52,26.79,26.3,26.33,27.09,27.74,27.01,27.36,27.91
T2M,1992,4.0,37.5,28.77,30.2,30.25,27.92,26.57,25.68,25.05,25.11,26.0,26.81,26.53,26.92,27.14
T2M,1992,4.0,38.125,25.04,26.6,26.56,24.2,22.61,21.27,20.42,20.38,21.59,22.57,22.65,23.01,23.06
T2M,1992,4.0,38.75,22.99,24.58,24.83,22.67,21.31,19.9,19.13,19.07,20.32,21.18,20.89,21.28,21.5
T2M,1992,4.0,39.375,23.89,25.59,25.9,23.91,22.36,21.26,20.48,20.58,21.88,22.62,21.75,21.97,22.67
T2M,1992,4.0,40.0,25.3,26.85,27.48,25.51,23.96,23.19,22.46,22.57,23.76,24.48,23.27,23.31,24.34
T2M,1992,4.0,40.625,25.48,26.8,28.03,26.42,25.28,24.96,23.91,23.74,24.88,25.61,23.89,23.92,25.24
T2M,1992,4.0,41.25,27.32,28.51,30.15,28.96,28.11,27.28,26.3,25.96,27.15,28.01,26.24,26.43,27.53
T2M,1992,4.0,41.875,29.0,30.16,31.85,30.58,29.69,28.87,27.94,27.56,28.75,29.67,27.9,28.2,29.18
T2M,1992,4.5,34.375,29.62,31.12,31.82,29.93,27.97,28.32,27.94,27.51,29.0,28.13,26.99,27.46,28.81
T2M,1992,4.5,35.0,29.95,31.31,31.95,29.98,28.42,28.78,28.33,28.24,29.24,29.21,27.79,28.35,29.29
T2M,1992,4.5,35.625,29.72,30.97,31.6,29.74,28.32,28.01,27.52,27.64,28.44,29.08,28.34,28.53,28.99
T2M,1992,4.5,36.25,30.61,31.66,32.41,30.53,29.02,28.62,28.2,28.3,29.03,29.56,29.07,29.6,29.71
T2M,1992,4.5,36.875,29.28,29.88,30.97,28.99,27.43,26.52,26.14,26.39,27.11,27.64,27.26,28.09,27.97
T2M,1992,4.5,37.5,26.78,27.27,28.49,26.35,24.47,23.64,23.27,23.3,24.15,24.65,24.5,25.32,25.18
T2M,1992,4.5,38.125,22.46,23.37,24.26,22.45,21.19,19.95,19.24,19.09,20.06,20.69,20.38,20.66,21.14
T2M,1992,4.5,38.75,22.85,23.79,24.92,23.32,22.02,20.98,20.2,20.12,21.16,21.78,20.96,21.41,21.95
T2M,1992,4.5,39.375,24.61,26.15,26.72,25.06,23.53,22.81,21.98,21.98,23.13,23.79,22.73,23.03,23.78
T2M,1992,4.5,40.0,23.62,25.05,25.81,24.39,23.05,22.09,21.19,21.15,22.42,23.05,21.92,22.27,22.99
T2M,1992,4.5,40.625,24.89,26.18,27.33,25.87,24.84,24.42,23.58,23.39,24.58,25.19,23.36,23.54,24.76
T2M,1992,4.5,41.25,25.41,26.65,28.17,27.06,26.12,25.49,24.6,24.31,25.54,26.28,24.37,24.53,25.71
T2M,1992,4.5,41.875,28.8,30.02,31.75,30.49,29.46,29.01,28.22,27.84,29.03,29.8,27.74,28.07,29.18
T2M,1993,-0.5,34.375,23.17,24.36,25.78,25.58,23.81,22.42,22.15,22.94,24.23,25.44,24.41,24.88,24.09
T2M,1993,-0.5,35.0,19.81,20.92,22.53,22.79,20.43,19.05,18.59,19.12,20.38,21.39,21.19,21.45,20.63
T2M,1993,-0.5,35.625,14.4,15.08,16.17,16.57,14.84,13.81,12.9,13.38,14.61,15.58,15.54,15.64,14.87
T2M,1993,-0.5,36.25,14.97,15.57,16.35,16.45,15.27,14.07,13.04,13.56,14.77,15.89,15.89,15.78,15.13
T2M,1993,-0.5,36.875,15.38,15.66,16.31,16.38,15.85,14.5,13.7,14.22,15.54,16.42,16.02,15.71,15.47
T2M,1993,-0.5,37.5,19.06,19.63,20.66,20.77,19.94,18.52,17.67,18.13,19.32,20.35,20.01,19.45,19.46
T2M,1993,-0.5,38.125,22.84,24.14,25.35,25.73,24.9,23.8,22.75,22.89,23.79,24.69,23.63,23.43,23.99
T2M,1993,-0.5,38.75,24.84,26.78,28.0,28.13,26.57,25.34,24.27,24.35,25.13,26.1,25.64,25.83,25.91
T2M,1993,-0.5,39.375,26.23,28.39,29.28,29.27,26.89,25.74,24.75,24.86,25.83,26.63,27.32,27.75,26.9
T2M,1993,-0.5,40.0,26.64,28.56,29.53,29.56,27.19,25.92,25.02,25.06,26.21,26.92,27.78,28.21,27.2
T2M,1993,-0.5,40.625,26.18,28.42,29.24,29.36,27.13,25.69,25.0,24.89,26.43,26.71,27.54,28.11,27.04
T2M,1993,-0.5,41.25,26.29,28.53,29.3,29.38,27.41,26.02,25.49,25.15,26.61,26.79,27.62,28.22,27.22
T2M,1993,-0.5,41.875,26.66,28.01,28.77,29.08,27.91,26.6,25.82,25.28,26.41,26.89,27.62,28.15,27.26
T2M,1993,-1.0,34.375,21.35,22.71,23.93,24.5,22.81,21.2,21.25,22.02,23.63,24.71,23.97,24.0,23.01
T2M,1993,-1.0,35.0,18.45,19.38,20.9,20.95,18.99,17.75,17.49,18.05,19.57,20.37,20.91,20.67,19.45
T2M,1993,-1.0,35.625,17.22,17.77,19.32,18.96,17.12,15.72,14.99,15.98,17.48,18.56,19.1,18.77,17.58
T2M,1993,-1.0,36.25,16.42,16.9,18.38,18.06,16.42,14.69,13.81,15.0,16.41,17.53,17.96,17.4,16.58
T2M,1993,-1.0,36.875,17.33,17.61,18.74,19.12,18.09,16.72,16.28,17.02,18.37,19.02,18.63,17.92,17.9
T2M,1993,-1.0,37.5,20.39,21.06,22.14,22.45,21.24,19.73,19.01,19.58,20.7,21.87,21.75,21.12,20.92
T2M,1993,-1.0,38.125,22.08,23.68,24.64,24.66,23.66,22.28,21.21,21.41,22.31,23.27,22.86,22.83,22.9
T2M,1993,-1.0,38.75,24.93,27.19,28.2,28.06,26.21,25.09,24.05,24.14,24.94,25.84,25.71,26.01,25.85
T2M,1993,-1.0,39.375,26.4,29.05,29.63,29.19,26.59,25.63,24.67,24.8,25.74,26.37,27.24,27.92,26.92
T2M,1993,-1.0,40.0,26.73,29.08,29.89,29.67,27.03,25.98,25.09,25.11,26.22,26.81,27.79,28.27,27.29
T2M,1993,-1.0,40.625,26.06,28.27,29.03,29.2,26.86,25.5,24.85,24.65,26.13,26.4,27.49,27.84,26.84
T2M,1993,-1.0,41.25,26.18,28.04,28.87,29.12,27.16,25.75,25.13,24.74,26.07,26.35,27.41,27.78,26.87
T2M,1993,-1.0,41.875,26.64,27.3,27.95,28.49,27.78,26.55,25.54,24.84,25.62,26.33,27.29,27.52,26.82
T2M,1993,-1.5,34.375,21.44,22.81,24.83,25.3,23.4,21.67,22.26,22.54,24.44,25.51,25.07,24.37,23.64
T2M,1993,-1.5,35.0,19.23,20.15,22.32,22.18,20.11,19.04,19.11,19.62,21.43,22.39,22.57,21.51,20.8
T2M,1993,-1.5,35.625,16.91,17.33,19.18,18.92,17.27,15.65,14.77,16.1,17.76,18.74,19.1,18.42,17.51
T2M,1993,-1.5,36.25,20.47,21.55,23.36,23.05,21.27,19.69,18.87,20.2,21.59,22.66,22.84,22.09,21.47
T2M,1993,-1.5,36.875,18.46,18.99,20.41,20.69,19.34,17.97,17.85,18.37,19.36,20.14,20.04,19.58,19.27
T2M,1993,-1.5,37.5,19.63,20.32,21.49,21.73,20.55,19.01,18.33,18.83,19.86,20.85,21.14,20.61,20.19
T2M,1993,-1.5,38.125,22.25,23.52,24.44,24.54,23.57,21.98,21.09,21.34,22.31,23.36,23.48,23.06,22.9
T2M,1993,-1.5,38.75,24.98,27.18,28.07,27.79,25.86,24.84,23.84,23.93,24.73,25.64,25.98,26.16,25.74
T2M,1993,-1.5,39.375,26.3,28.85,29.48,28.83,26.34,25.29,24.34,24.6,25.49,26.2,27.22,27.73,26.71
T2M,1993,-1.5,40.0,26.59,29.23,29.77,29.36,26.65,25.44,24.79,24.82,26.03,26.44,27.76,28.23,27.07
T2M,1993,-1.5,40.625,26.2,28.36,29.08,29.25,26.9,25.53,24.86,24.65,25.94,26.4,27.73,27.97,26.89
T2M,1993,-1.5,41.25,26.21,27.75,28.58,28.99,27.13,25.84,25.19,24.75,25.87,26.27,27.36,27.65,26.79
T2M,1993,-1.5,41.875,26.55,26.65,27.28,27.99,27.51,26.53,25.34,24.5,24.96,25.82,26.91,27.04,26.42
T2M,1993,-1.7975103014118005e-13,34.375,22.55,23.96,25.3,25.07,22.88,21.94,21.56,21.99,23.08,23.83,23.27,24.06,23.28
T2M,1993,-1.7975103014118005e-13,35.0,19.95,20.93,22.45,22.82,20.69,19.43,18.81,19.25,20.21,20.97,20.75,20.97,20.6
T2M,1993,-1.7975103014118005e-13,35.625,14.78,15.25,16.34,17.34,15.9,14.88,13.97,14.3,15.11,15.88,15.71,15.68,15.43
T2M,1993,-1.7975103014118005e-13,36.25,17.25,18.21,19.26,19.9,18.8,17.46,16.36,16.92,18.2,19.28,18.62,18.32,18.21
T2M,1993,-1.7975103014118005e-13,36.875,16.5,17.01,17.75,17.96,17.79,16.71,15.78,16.17,17.61,18.5,17.59,17.11,17.21
T2M,1993,-1.7975103014118005e-13,37.5,16.1,16.6,17.47,17.53,17.28,16.22,15.49,15.85,17.0,17.78,17.12,16.62,16.75
T2M,1993,-1.7975103014118005e-13,38.125,23.42,24.69,25.86,25.94,25.39,24.66,23.74,23.94,24.76,25.58,24.37,24.02,24.69
T2M,1993,-1.7975103014118005e-13,38.75,25.48,27.24,28.37,28.46,27.06,26.03,25.09,25.18,25.99,26.98,26.68,26.76,26.6
T2M,1993,-1.7975103014118005e-13,39.375,26.42,28.27,29.19,29.34,27.26,26.09,25.08,25.29,26.27,27.27,28.02,28.23,27.22
T2M,1993,-1.7975103014118005e-13,40.0,26.78,28.5,29.36,29.51,27.51,26.2,25.23,25.36,26.56,27.49,28.38,28.73,27.46
T2M,1993,-1.7975103014118005e-13,40.625,26.55,28.64,29.37,29.29,27.31,26.06,25.38,25.41,26.91,27.39,28.08,28.73,27.41
T2M,1993,-1.7975103014118005e-13,41.25,26.65,28.91,29.46,29.17,27.39,26.37,25.84,25.63,27.04,27.39,27.91,28.8,27.53
T2M,1993,-1.7975103014118005e-13,41.875,26.53,28.34,29.14,29.01,27.31,26.22,25.73,25.57,26.93,27.36,27.75,28.65,27.37
T2M,1993,-2.0,34.375,21.62,23.0,25.48,25.74,24.12,22.13,22.82,23.1,25.01,26.25,25.93,24.8,24.17
T2M,1993,-2.0,35.0,19.34,20.39,22.57,22.27,20.41,19.17,19.42,19.92,21.57,22.67,22.77,21.6,21.01
T2M,1993,-2.0,35.625,17.41,17.9,19.6,19.5,17.99,16.03,15.12,16.7,18.01,19.31,19.77,19.03,18.03
T2M,1993,-2.0,36.25,22.88,24.15,25.85,25.77,24.27,22.67,21.8,22.97,24.07,25.23,25.67,24.91,24.18
T2M,1993,-2.0,36.875,19.01,19.76,21.21,21.32,20.0,18.81,18.52,18.69,19.65,20.57,20.89,20.39,19.9
T2M,1993,-2.0,37.5,20.28,21.13,22.33,22.54,21.33,19.83,19.31,19.57,20.49,21.54,21.98,21.61,20.99
T2M,1993,-2.0,38.125,22.58,23.89,24.91,25.0,23.81,22.24,21.46,21.67,22.55,23.68,24.17,23.8,23.31
T2M,1993,-2.0,38.75,24.9,27.04,28.02,27.56,25.61,24.41,23.53,23.66,24.44,25.47,26.13,26.18,25.57
T2M,1993,-2.0,39.375,26.1,28.42,29.13,28.38,26.08,24.68,23.85,24.27,25.14,25.95,27.14,27.48,26.37
T2M,1993,-2.0,40.0,26.62,28.96,29.57,28.92,26.63,25.35,24.71,24.77,25.77,26.4,27.78,28.13,26.95
T2M,1993,-2.0,40.625,26.67,28.37,29.01,28.92,27.08,25.66,25.02,24.65,25.62,26.27,27.72,28.09,26.91
T2M,1993,-2.0,41.25,26.99,27.34,27.96,28.48,27.62,26.53,25.4,24.64,25.17,26.02,27.29,27.64,26.75
T2M,1993,-2.0,41.875,26.45,26.38,27.02,27.84,27.51,26.55,25.23,24.34,24.66,25.56,26.72,26.86,26.26
T2M,1993,-2.5,34.375,20.87,22.12,24.03,24.32,23.53,21.43,21.79,22.44,24.21,25.8,25.52,23.67,23.31
T2M,1993,-2.5,35.0,18.73,19.45,21.39,21.36,20.23,18.63,18.72,19.27,20.79,22.38,22.58,20.7,20.35
T2M,1993,-2.5,35.625,19.68,20.43,22.11,22.34,20.92,19.17,18.39,19.56,20.9,22.72,23.31,21.52,20.92
T2M,1993,-2.5,36.25,22.29,23.39,24.99,25.06,23.83,21.75,20.85,22.15,23.52,25.21,25.62,24.25,23.57
T2M,1993,-2.5,36.875,19.93,20.42,22.07,22.58,22.25,20.67,19.96,20.83,21.98,23.01,22.91,21.63,21.52
T2M,1993,-2.5,37.5,20.28,20.98,22.67,23.02,22.1,20.65,20.49,20.48,21.38,22.51,23.09,22.0,21.64
T2M,1993,-2.5,38.125,22.3,23.33,24.47,24.72,23.74,22.0,21.32,21.62,22.48,23.72,24.42,23.69,23.15
T2M,1993,-2.5,38.75,24.69,26.45,27.87,27.4,25.69,24.11,23.33,23.53,24.24,25.56,26.7,26.06,25.46
T2M,1993,-2.5,39.375,25.68,27.36,28.65,27.98,26.03,24.04,23.36,23.96,24.7,25.84,27.33,27.03,25.99
T2M,1993,-2.5,40.0,26.23,27.87,28.83,28.36,26.78,25.01,24.45,24.49,25.12,26.21,27.66,27.71,26.55
T2M,1993,-2.5,40.625,26.9,27.48,28.09,28.37,27.48,25.99,25.07,24.51,25.06,25.98,27.36,27.73,26.66
T2M,1993,-2.5,41.25,26.57,26.46,27.06,27.76,27.56,26.48,25.12,24.24,24.59,25.51,26.74,27.02,26.26
T2M,1993,-2.5,41.875,26.47,26.47,27.08,27.85,27.56,26.53,25.25,24.36,24.66,25.57,26.79,27.0,26.3
T2M,1993,-3.0,34.375,20.53,21.5,23.04,23.41,22.53,20.49,20.16,21.46,23.04,24.79,25.57,23.56,22.51
T2M,1993,-3.0,35.0,18.95,19.29,21.03,21.32,20.21,18.35,18.0,19.15,20.66,22.39,23.38,21.27,20.34
T2M,1993,-3.0,35.625,16.22,16.4,17.56,18.06,16.75,14.71,13.94,15.17,16.55,18.24,19.56,18.0,16.76
T2M,1993,-3.0,36.25,20.74,21.43,23.1,23.38,21.3,19.23,18.77,19.77,21.07,23.0,24.95,22.81,21.63
T2M,1993,-3.0,36.875,19.41,19.86,21.44,21.95,20.22,17.62,16.98,18.59,20.08,22.23,23.75,21.64,20.31
T2M,1993,-3.0,37.5,16.52,16.91,17.92,18.16,17.29,15.05,14.08,14.94,16.16,17.75,18.89,17.95,16.8
T2M,1993,-3.0,38.125,21.96,22.8,23.89,24.14,23.24,21.21,20.37,20.84,21.63,23.23,24.6,23.51,22.61
T2M,1993,-3.0,38.75,24.07,25.55,27.42,26.84,25.48,23.35,22.62,23.03,23.63,25.23,26.83,25.57,24.96
T2M,1993,-3.0,39.375,25.32,26.83,28.52,27.68,26.06,23.64,23.09,23.77,24.27,25.79,27.63,26.85,25.78
T2M,1993,-3.0,40.0,26.09,27.06,28.14,28.04,27.09,25.18,24.5,24.28,24.71,25.98,27.47,27.46,26.33
T2M,1993,-3.0,40.625,26.7,26.61,27.13,27.79,27.6,26.31,25.03,24.18,24.55,25.55,26.79,27.26,26.29
T2M,1993,-3.0,41.25,26.66,26.58,27.11,27.76,27.66,26.49,25.13,24.25,24.54,25.55,26.8,27.17,26.31
T2M,1993,-3.0,41.875,26.62,26.59,27.13,27.79,27.62,26.5,25.25,24.38,24.65,25.6,26.82,27.13,26.34
T2M,1993,-3.5,34.375,21.88,22.56,24.09,24.29,23.68,21.95,21.35,22.55,23.73,25.32,26.45,25.46,23.61
T2M,1993,-3.5,35.0,20.55,20.78,22.46,22.3,21.25,19.45,18.76,19.9,21.16,22.78,24.09,23.14,21.39
T2M,1993,-3.5,35.625,19.15,19.45,20.9,20.56,19.39,17.29,16.47,17.87,19.23,20.89,22.19,21.32,19.56
T2M,1993,-3.5,36.25,21.02,21.78,23.3,22.5,21.02,19.06,18.58,19.65,20.88,22.56,23.9,23.07,21.44
T2M,1993,-3.5,36.875,21.29,22.31,23.52,22.45,20.67,18.35,17.68,19.04,20.24,21.98,23.61,22.91,21.16
T2M,1993,-3.5,37.5,23.16,24.22,25.42,24.5,22.75,20.39,19.7,20.91,22.01,23.72,25.48,24.52,23.06
T2M,1993,-3.5,38.125,21.18,22.2,23.79,23.35,21.97,19.75,18.93,19.41,20.11,21.73,23.73,22.88,21.58
T2M,1993,-3.5,38.75,23.36,24.6,26.1,25.45,24.24,21.92,21.06,21.57,22.13,23.82,25.58,24.9,23.72
T2M,1993,-3.5,39.375,24.98,26.66,28.09,27.02,25.55,23.11,22.6,23.19,23.65,25.2,27.03,26.58,25.29
T2M,1993,-3.5,40.0,26.42,26.94,27.61,27.79,27.32,25.75,24.79,24.21,24.5,25.65,27.11,27.39,26.28
T2M,1993,-3.5,40.625,26.83,26.73,27.12,27.73,27.69,26.38,25.02,24.13,24.43,25.48,26.8,27.29,26.3
T2M,1993,-3.5,41.25,26.88,26.76,27.17,27.77,27.73,26.46,25.11,24.28,24.5,25.55,26.83,27.28,26.36
T2M,1993,-3.5,41.875,26.83,26.73,27.19,27.78,27.68,26.44,25.21,24.37,24.62,25.59,26.83,27.2,26.37
T2M,1993,-4.0,34.375,22.26,22.73,23.92,24.37,24.04,22.45,21.63,23.07,24.25,25.91,27.01,26.31,24.0
T2M,1993,-4.0,35.0,20.11,20.29,21.28,21.38,20.77,19.18,18.51,19.67,20.92,22.53,23.78,23.19,20.97
T2M,1993,-4.0,35.625,19.07,19.13,20.05,19.86,19.03,17.08,16.11,17.48,18.96,20.66,22.05,21.53,19.25
T2M,1993,-4.0,36.25,20.7,21.07,22.47,21.87,20.85,18.9,18.23,19.54,20.85,22.51,23.93,23.33,21.19
T2M,1993,-4.0,36.875,20.59,21.14,22.43,21.7,20.4,18.29,17.72,18.8,20.0,21.74,23.25,22.73,20.73
T2M,1993,-4.0,37.5,22.06,23.2,24.48,23.5,22.12,19.8,19.26,20.35,21.36,23.13,24.7,24.13,22.33
T2M,1993,-4.0,38.125,22.58,24.35,25.6,24.38,23.24,20.67,19.96,20.8,21.45,23.05,24.76,24.35,22.92
T2M,1993,-4.0,38.75,23.65,25.38,26.64,25.4,24.13,21.72,21.0,21.54,22.01,23.69,25.66,25.29,23.83
T2M,1993,-4.0,39.375,25.48,27.31,28.21,27.1,25.83,23.58,23.17,23.53,23.95,25.43,27.14,27.13,25.64
T2M,1993,-4.0,40.0,26.78,26.95,27.25,27.69,27.55,26.17,24.97,24.14,24.41,25.45,26.87,27.37,26.29
T2M,1993,-4.0,40.625,27.0,26.96,27.2,27.77,27.75,26.37,25.02,24.12,24.37,25.48,26.88,27.37,26.35
T2M,1993,-4.0,41.25,27.05,26.91,27.21,27.88,27.77,26.4,25.09,24.27,24.45,25.53,26.9,27.35,26.4
T2M,1993,-4.0,41.875,27.0,26.86,27.21,27.86,27.71,26.4,25.18,24.34,24.59,25.55,26.9,27.27,26.4
T2M,1993,-4.5,34.375,21.25,21.98,22.64,22.98,22.42,20.15,19.2,20.94,22.4,24.26,25.8,25.57,22.47
T2M,1993,-4.5,35.0,19.13,19.55,20.13,20.04,19.4,17.47,16.59,18.13,19.45,21.09,22.51,22.45,19.66
T2M,1993,-4.5,35.625,18.93,18.86,19.5,19.31,18.66,16.86,15.82,17.29,18.64,20.26,21.67,21.65,18.95
T2M,1993,-4.5,36.25,20.87,20.96,22.08,21.54,20.82,18.86,18.04,19.5,20.8,22.38,23.98,23.77,21.13
T2M,1993,-4.5,36.875,20.43,20.84,21.8,21.08,20.12,18.02,17.41,18.49,19.6,21.27,23.12,22.79,20.41
T2M,1993,-4.5,37.5,21.63,22.41,23.49,22.51,21.24,18.9,18.39,19.44,20.29,22.16,24.19,23.78,21.53
T2M,1993,-4.5,38.125,21.68,22.82,24.2,23.21,21.89,19.16,18.43,19.6,20.23,22.04,23.87,23.51,21.71
T2M,1993,-4.5,38.75,23.83,25.05,26.4,25.43,24.25,21.94,21.2,21.84,22.26,23.92,25.73,25.61,23.95
T2M,1993,-4.5,39.375,26.18,27.4,27.97,27.48,26.77,25.1,24.3,24.02,24.42,25.68,27.29,27.55,26.17
T2M,1993,-4.5,40.0,26.97,27.15,27.27,27.67,27.66,26.27,24.99,24.14,24.38,25.44,26.88,27.44,26.35
T2M,1993,-4.5,40.625,27.12,27.14,27.29,27.77,27.79,26.34,25.03,24.11,24.31,25.49,26.87,27.45,26.39
T2M,1993,-4.5,41.25,27.14,27.04,27.25,27.89,27.77,26.33,25.09,24.24,24.42,25.54,26.87,27.44,26.41
T2M,1993,-4.5,41.875,27.09,26.98,27.24,27.89,27.7,26.35,25.15,24.3,24.54,25.56,26.9,27.38,26.42
T2M,1993,0.5,34.375,21.53,23.11,24.79,24.74,21.59,20.78,20.11,20.65,21.6,22.4,22.31,23.43,22.25
T2M,1993,0.5,35.0,17.99,19.08,20.65,21.07,19.11,18.01,17.04,17.54,18.43,19.01,18.75,18.96,18.8
T2M,1993,0.5,35.625,17.99,19.15,20.55,21.14,19.19,17.84,17.06,17.54,18.48,19.56,19.03,19.26,18.89
T2M,1993,0.5,36.25,20.71,21.75,22.9,23.52,22.87,21.45,20.12,20.81,22.05,23.22,21.99,21.69,21.92
T2M,1993,0.5,36.875,18.22,18.77,19.87,20.34,20.66,19.62,18.46,18.7,20.3,21.0,19.43,18.9,19.52
T2M,1993,0.5,37.5,20.97,21.95,23.15,23.13,23.01,22.46,21.92,22.09,23.18,23.48,22.28,21.82,22.45
T2M,1993,0.5,38.125,23.37,24.73,25.91,25.89,25.08,24.11,23.26,23.57,24.37,25.26,24.79,24.48,24.56
T2M,1993,0.5,38.75,25.64,27.11,28.16,28.31,27.09,25.91,25.04,25.2,26.0,27.08,27.26,27.28,26.67
T2M,1993,0.5,39.375,26.53,28.13,29.18,29.22,27.41,26.25,25.38,25.74,26.74,27.82,28.45,28.57,27.44
T2M,1993,0.5,40.0,26.77,28.51,29.4,29.39,27.48,26.4,25.53,25.86,27.1,28.08,28.78,28.98,27.68
T2M,1993,0.5,40.625,26.91,28.89,29.55,29.11,27.32,26.45,25.79,26.06,27.46,28.19,28.64,29.18,27.79
T2M,1993,0.5,41.25,27.23,29.1,29.61,28.96,27.52,26.6,25.99,26.03,27.27,27.99,28.38,29.3,27.82
T2M,1993,0.5,41.875,26.94,28.87,29.6,28.82,27.13,25.92,25.51,25.73,27.19,27.82,28.07,29.26,27.56
T2M,1993,1.0,34.375,17.21,18.19,19.42,19.83,17.8,16.76,16.06,16.59,17.1,17.85,17.69,18.06,17.71
T2M,1993,1.0,35.0,16.0,17.17,18.41,18.96,17.24,16.09,15.45,15.86,16.5,17.03,16.71,16.93,16.86
T2M,1993,1.0,35.625,19.05,20.03,21.32,21.66,19.79,18.63,17.88,18.94,20.21,21.32,20.01,20.06,19.9
T2M,1993,1.0,36.25,22.45,23.52,24.66,25.27,25.01,24.01,22.68,23.25,24.79,25.57,23.87,23.64,24.06
T2M,1993,1.0,36.875,18.73,19.33,20.32,20.81,21.23,20.27,19.42,19.53,20.69,21.2,20.11,19.67,20.11
T2M,1993,1.0,37.5,22.09,23.15,24.31,24.48,24.44,23.65,23.06,23.25,23.95,24.48,23.57,23.32,23.65
T2M,1993,1.0,38.125,24.97,26.36,27.45,27.63,27.05,25.94,24.9,25.19,25.85,26.9,26.5,26.44,26.26
T2M,1993,1.0,38.75,26.59,27.98,29.04,29.11,28.15,26.96,26.05,26.22,27.01,28.16,28.21,28.23,27.64
T2M,1993,1.0,39.375,26.73,28.28,29.42,29.2,27.66,26.56,25.76,26.15,27.12,28.27,28.51,28.54,27.68
T2M,1993,1.0,40.0,26.67,28.48,29.36,29.03,27.23,26.41,25.57,26.08,27.33,28.33,28.6,28.73,27.64
T2M,1993,1.0,40.625,27.04,28.97,29.73,28.95,27.22,26.55,25.97,26.41,27.74,28.58,28.54,29.16,27.9
T2M,1993,1.0,41.25,27.38,29.3,30.05,29.01,27.54,26.42,25.9,26.34,27.66,28.51,28.48,29.47,28.0
T2M,1993,1.0,41.875,27.21,29.41,30.36,28.86,26.91,25.91,25.74,26.16,27.56,28.33,28.29,29.53,27.85
T2M,1993,1.5,34.375,22.4,24.24,25.8,25.75,22.3,20.74,20.14,20.87,22.54,24.08,23.12,24.0,22.99
T2M,1993,1.5,35.0,20.29,21.66,23.08,23.21,21.17,19.71,18.99,19.94,21.33,22.49,21.25,21.57,21.22
T2M,1993,1.5,35.625,22.96,24.3,25.52,25.62,24.62,23.61,22.7,23.96,25.08,25.85,24.13,24.29,24.38
T2M,1993,1.5,36.25,25.42,26.73,27.59,28.11,28.15,27.18,25.94,26.77,27.87,28.3,26.84,26.7,27.13
T2M,1993,1.5,36.875,21.04,21.85,22.77,23.05,23.54,22.7,22.05,22.38,23.14,23.49,22.33,22.14,22.54
T2M,1993,1.5,37.5,23.68,24.73,25.79,25.99,26.1,25.02,24.06,24.43,25.1,25.86,25.0,24.94,25.06
T2M,1993,1.5,38.125,25.85,27.26,28.37,28.28,28.0,26.89,25.8,26.1,26.76,27.88,27.19,27.27,27.13
T2M,1993,1.5,38.75,26.53,28.02,29.42,28.89,28.27,27.36,26.39,26.57,27.37,28.52,27.78,27.97,27.75
T2M,1993,1.5,39.375,26.53,28.12,29.16,28.74,27.22,26.36,25.55,26.07,27.14,28.29,28.13,28.02,27.44
T2M,1993,1.5,40.0,26.89,28.46,29.53,28.91,27.34,26.42,25.71,26.3,27.43,28.54,28.18,28.22,27.65
T2M,1993,1.5,40.625,27.06,29.01,29.98,28.96,27.15,26.39,25.93,26.5,27.72,28.68,28.29,28.88,27.87
T2M,1993,1.5,41.25,27.49,29.71,30.56,29.19,27.22,26.4,26.04,26.39,27.73,28.65,28.62,29.42,28.11
T2M,1993,1.5,41.875,27.33,29.72,30.86,28.72,26.6,25.86,25.79,26.34,27.67,28.43,27.99,29.39,27.88
T2M,1993,2.0,34.375,24.71,26.55,27.46,27.9,25.08,23.42,22.67,24.05,26.1,27.36,25.73,26.4,25.61
T2M,1993,2.0,35.0,22.66,24.2,25.26,25.47,24.04,22.59,22.05,23.19,24.44,25.27,23.75,24.11,23.92
T2M,1993,2.0,35.625,26.08,27.47,28.33,28.62,28.0,26.79,26.01,26.99,27.86,28.63,27.29,27.41,27.45
T2M,1993,2.0,36.25,27.96,29.13,29.82,30.45,30.74,29.51,28.43,29.07,29.9,30.42,29.27,29.14,29.49
T2M,1993,2.0,36.875,21.59,22.42,23.23,23.46,23.98,23.07,22.18,22.37,22.92,23.58,22.64,22.68,22.84
T2M,1993,2.0,37.5,24.67,25.71,26.64,26.72,26.79,25.73,24.77,25.09,25.66,26.69,25.84,25.85,25.85
T2M,1993,2.0,38.125,25.22,26.52,27.66,27.42,27.03,26.31,25.28,25.59,26.3,27.48,26.43,26.4,26.47
T2M,1993,2.0,38.75,26.33,27.76,28.85,28.37,27.46,26.7,25.75,26.16,27.12,28.31,27.52,27.49,27.31
T2M,1993,2.0,39.375,26.27,27.95,29.0,28.38,26.54,25.88,25.14,25.81,27.04,28.12,27.54,27.46,27.09
T2M,1993,2.0,40.0,26.26,28.05,29.17,28.26,26.32,25.66,25.0,25.71,26.96,28.01,27.31,27.4,27.0
T2M,1993,2.0,40.625,26.33,28.72,29.88,28.11,26.03,25.43,25.37,25.97,27.08,28.01,26.98,27.81,27.13
T2M,1993,2.0,41.25,27.06,29.32,30.39,28.79,26.61,25.92,25.73,26.29,27.56,28.5,27.76,28.78,27.72
T2M,1993,2.0,41.875,27.46,30.12,30.93,28.37,26.21,25.55,25.82,26.37,27.61,28.41,27.38,29.21,27.77
T2M,1993,2.5,34.375,24.07,25.65,26.49,26.77,25.14,23.45,22.87,24.4,26.19,26.6,25.09,25.46,25.18
T2M,1993,2.5,35.0,24.13,25.58,26.31,26.67,25.68,24.13,23.78,24.65,25.39,26.17,25.18,25.38,25.25
T2M,1993,2.5,35.625,26.96,28.34,28.98,29.41,29.06,27.58,26.77,27.45,27.96,28.97,28.17,28.23,28.15
T2M,1993,2.5,36.25,28.31,29.44,29.94,30.37,30.59,29.27,28.33,28.67,29.27,30.1,29.41,29.37,29.42
T2M,1993,2.5,36.875,24.53,25.45,26.27,26.07,26.26,25.32,24.39,24.52,25.06,26.01,25.41,25.69,25.41
T2M,1993,2.5,37.5,26.14,27.27,28.05,27.91,27.79,26.93,26.04,26.32,26.95,28.05,27.29,27.51,27.19
T2M,1993,2.5,38.125,24.73,26.0,26.78,26.71,25.93,25.15,24.22,24.7,25.56,26.7,25.95,26.0,25.7
T2M,1993,2.5,38.75,25.95,27.29,28.09,27.89,26.57,25.88,25.01,25.65,26.74,27.81,27.08,27.17,26.75
T2M,1993,2.5,39.375,25.96,27.48,28.48,27.9,25.77,25.17,24.47,25.25,26.58,27.53,26.97,27.09,26.55
T2M,1993,2.5,40.0,25.71,27.32,28.45,27.61,25.43,24.68,24.09,24.88,26.2,27.18,26.55,26.88,26.24
T2M,1993,2.5,40.625,26.09,28.05,29.2,27.77,25.51,24.76,24.61,25.37,26.37,27.36,26.59,27.43,26.58
T2M,1993,2.5,41.25,27.27,29.21,30.03,28.51,26.2,25.54,25.2,25.78,26.89,27.92,27.59,28.67,27.39
T2M,1993,2.5,41.875,27.39,29.29,30.26,28.23,25.84,25.01,25.0,25.68,26.87,27.78,27.4,28.62,27.27
T2M,1993,3.0,34.375,22.94,24.35,25.08,25.06,23.82,22.24,21.91,23.17,24.9,25.12,23.67,24.07,23.86
T2M,1993,3.0,35.0,25.32,26.69,27.13,27.21,26.49,25.12,24.89,25.58,26.13,26.89,26.2,26.43,26.17
T2M,1993,3.0,35.625,27.99,29.27,29.51,29.8,29.74,28.5,27.87,28.12,28.59,29.58,29.23,29.26,28.95
T2M,1993,3.0,36.25,28.69,29.75,30.17,30.0,30.03,29.04,28.13,28.31,28.86,29.93,29.6,29.78,29.35
T2M,1993,3.0,36.875,26.99,28.09,28.69,28.39,28.17,27.41,26.7,26.96,27.54,28.62,28.0,28.3,27.82
T2M,1993,3.0,37.5,26.93,27.93,28.34,28.38,27.86,27.25,26.45,26.85,27.55,28.68,27.92,28.33,27.7
T2M,1993,3.0,38.125,25.85,26.86,27.23,27.28,26.37,25.48,24.59,25.3,26.21,27.31,26.65,26.99,26.34
T2M,1993,3.0,38.75,26.01,27.02,27.54,27.27,25.74,24.96,24.2,25.03,26.17,27.1,26.5,27.15,26.22
T2M,1993,3.0,39.375,25.9,27.11,27.85,27.2,24.91,24.14,23.42,24.34,25.78,26.64,26.34,26.78,25.86
T2M,1993,3.0,40.0,25.41,26.83,27.77,27.0,24.64,23.81,23.23,24.2,25.55,26.48,25.93,26.45,25.6
T2M,1993,3.0,40.625,26.04,27.68,28.72,27.66,25.28,24.43,24.11,24.99,25.97,27.0,26.54,27.18,26.29
T2M,1993,3.0,41.25,27.06,28.71,29.71,28.47,25.96,25.21,24.8,25.48,26.53,27.57,27.43,28.06,27.07
T2M,1993,3.0,41.875,26.89,28.37,29.67,28.15,25.64,24.76,24.43,25.14,26.38,27.35,27.21,27.64,26.79
T2M,1993,3.5,34.375,23.06,24.42,25.0,24.83,23.61,22.3,22.28,23.23,24.34,24.76,23.6,24.06,23.79
T2M,1993,3.5,35.0,26.71,28.09,28.37,28.22,27.3,26.26,26.04,26.85,27.41,28.27,27.49,27.96,27.41
T2M,1993,3.5,35.625,28.12,29.3,29.51,29.45,28.97,28.13,27.65,28.02,28.62,29.63,29.21,29.43,28.83
T2M,1993,3.5,36.25,28.25,29.29,29.55,29.32,28.85,28.02,27.4,27.66,28.29,29.37,29.05,29.36,28.7
T2M,1993,3.5,36.875,27.51,28.42,28.61,28.33,27.7,27.05,26.55,27.28,27.97,29.03,28.3,28.88,27.97
T2M,1993,3.5,37.5,26.31,27.21,27.31,26.83,26.02,25.34,24.7,25.33,26.22,27.26,26.8,27.52,26.4
T2M,1993,3.5,38.125,25.28,26.22,26.28,25.86,24.35,23.38,22.52,23.46,24.73,25.55,25.56,26.12,24.93
T2M,1993,3.5,38.75,25.07,26.34,26.66,25.66,23.42,22.44,21.56,22.7,24.05,24.87,25.12,25.9,24.47
T2M,1993,3.5,39.375,23.85,25.14,25.75,24.8,22.45,21.3,20.58,21.73,23.19,24.14,23.85,24.52,23.43
T2M,1993,3.5,40.0,24.74,26.27,27.13,26.12,23.58,22.82,22.37,23.56,24.92,25.76,24.92,25.63,24.81
T2M,1993,3.5,40.625,24.87,26.85,27.74,26.63,24.2,23.51,23.27,24.4,25.34,26.25,25.21,26.05,25.35
T2M,1993,3.5,41.25,26.45,28.02,29.0,28.22,25.68,24.97,24.58,25.4,26.42,27.47,26.83,27.11,26.67
T2M,1993,3.5,41.875,27.54,29.13,30.19,29.29,26.51,25.87,25.49,26.29,27.49,28.48,27.84,28.05,27.67
T2M,1993,4.0,34.375,26.01,27.37,27.62,27.15,25.65,24.61,24.95,26.06,26.81,27.32,26.16,26.92,26.38
T2M,1993,4.0,35.0,27.9,29.37,29.55,29.11,27.89,27.09,27.2,28.14,28.76,29.52,28.72,29.43,28.55
T2M,1993,4.0,35.625,27.29,28.24,28.55,28.19,27.17,26.36,25.95,26.72,27.5,28.47,28.19,28.67,27.6
T2M,1993,4.0,36.25,28.63,29.67,29.91,29.38,28.4,27.65,27.13,27.72,28.47,29.43,29.43,29.91,28.8
T2M,1993,4.0,36.875,26.95,28.06,28.23,27.25,25.77,25.26,24.99,25.93,27.01,27.77,27.73,28.55,26.95
T2M,1993,4.0,37.5,26.64,27.89,28.11,26.73,24.85,24.29,23.92,24.9,26.02,26.84,27.37,28.18,26.3
T2M,1993,4.0,38.125,23.08,24.41,25.18,23.61,21.41,20.32,19.41,20.51,21.74,22.6,23.46,24.35,22.49
T2M,1993,4.0,38.75,21.37,22.73,23.68,22.22,20.39,19.06,17.9,19.2,20.59,21.5,21.45,22.45,21.03
T2M,1993,4.0,39.375,22.24,24.02,24.74,23.14,21.16,20.03,19.23,20.63,22.28,23.01,22.14,23.08,22.13
T2M,1993,4.0,40.0,23.51,25.24,26.17,24.61,22.35,21.41,21.12,22.63,24.07,24.63,23.63,24.49,23.64
T2M,1993,4.0,40.625,23.91,25.64,26.63,25.57,23.27,22.54,22.54,23.99,24.94,25.7,24.14,24.79,24.46
T2M,1993,4.0,41.25,26.25,27.72,28.91,28.39,25.51,25.03,24.93,25.9,26.98,27.93,26.58,26.55,26.71
T2M,1993,4.0,41.875,28.02,29.89,30.89,30.32,26.96,26.54,26.47,27.41,28.68,29.56,28.22,28.23,28.42
T2M,1993,4.5,34.375,28.29,29.61,29.6,28.87,27.26,26.81,27.29,28.52,29.06,29.52,28.21,29.26,28.52
T2M,1993,4.5,35.0,28.05,29.39,29.55,28.75,27.28,26.67,27.25,28.33,29.08,29.65,28.85,29.82,28.55
T2M,1993,4.5,35.625,27.9,28.73,29.02,28.28,26.86,26.33,26.02,27.14,28.22,28.9,28.83,29.63,27.98
T2M,1993,4.5,36.25,28.69,29.81,30.32,29.14,27.41,26.89,26.81,27.87,28.94,29.41,29.84,30.52,28.8
T2M,1993,4.5,36.875,27.35,28.56,29.36,27.79,25.68,24.85,24.79,25.65,26.98,27.48,28.35,29.11,27.15
T2M,1993,4.5,37.5,24.7,26.18,27.33,25.24,22.71,21.9,21.83,23.12,24.46,24.7,25.69,26.5,24.52
T2M,1993,4.5,38.125,20.7,22.1,23.51,21.87,19.86,18.68,17.92,19.06,20.52,20.93,21.1,22.05,20.68
T2M,1993,4.5,38.75,21.55,22.98,24.11,22.66,20.62,19.6,18.74,20.16,21.7,22.1,21.73,22.48,21.53
T2M,1993,4.5,39.375,23.35,25.01,25.93,24.15,21.79,20.94,20.43,21.87,23.54,24.02,23.38,24.11,23.2
T2M,1993,4.5,40.0,22.47,23.96,24.93,23.6,21.37,20.45,19.87,21.3,22.73,23.34,22.56,23.13,22.47
T2M,1993,4.5,40.625,23.64,24.93,26.06,25.02,22.64,21.72,21.87,23.45,24.79,25.25,23.84,24.21,23.94
T2M,1993,4.5,41.25,24.45,25.73,26.91,26.54,23.72,22.77,23.0,24.15,25.43,26.15,24.63,24.59,24.83
T2M,1993,4.5,41.875,28.03,29.94,30.75,30.36,26.57,26.0,26.42,27.61,28.96,29.59,27.91,27.97,28.33
T2M,1994,-0.5,34.375,26.2,25.2,24.89,24.59,23.26,22.25,22.24,23.36,24.35,24.28,22.53,23.76,23.9
T2M,1994,-0.5,35.0,22.91,22.12,22.1,21.64,19.82,18.75,18.38,19.34,20.67,21.07,19.73,20.22,20.55
T2M,1994,-0.5,35.625,16.71,16.38,17.08,16.46,14.56,13.89,12.96,13.44,14.62,15.28,14.89,14.79,15.08
T2M,1994,-0.5,36.25,16.93,17.06,17.75,16.87,14.83,14.31,13.23,13.65,14.87,15.7,15.36,15.1,15.46
T2M,1994,-0.5,36.875,16.66,17.84,17.84,17.06,15.43,14.82,13.98,14.57,15.61,16.39,16.01,15.12,15.93
T2M,1994,-0.5,37.5,20.51,21.7,21.84,21.12,19.31,18.66,17.97,18.48,19.37,20.61,19.55,18.58,19.79
T2M,1994,-0.5,38.125,24.75,25.7,26.22,25.37,24.41,23.95,23.2,23.59,23.97,24.83,23.03,22.35,24.27
T2M,1994,-0.5,38.75,27.61,28.07,28.5,26.99,25.91,25.45,24.66,24.98,25.36,26.38,24.57,24.38,26.06
T2M,1994,-0.5,39.375,29.07,29.56,29.64,27.65,26.23,25.82,25.14,25.55,25.69,26.94,25.84,26.19,26.93
T2M,1994,-0.5,40.0,29.34,29.74,29.76,27.98,26.41,25.88,25.42,25.83,25.87,27.14,26.55,26.81,27.21
T2M,1994,-0.5,40.625,28.94,29.4,29.25,27.95,26.29,25.76,25.5,25.93,25.62,26.6,26.54,26.74,27.03
T2M,1994,-0.5,41.25,28.96,29.51,29.21,28.16,26.5,26.13,25.87,26.12,25.72,26.7,26.82,26.99,27.21
T2M,1994,-0.5,41.875,28.5,28.85,28.74,28.41,27.04,26.44,26.06,26.06,25.92,27.12,27.26,27.51,27.32
T2M,1994,-1.0,34.375,24.31,23.45,22.9,23.25,22.04,21.14,21.28,22.42,23.82,23.46,21.61,21.96,22.63
T2M,1994,-1.0,35.0,21.66,20.8,20.51,20.14,18.32,17.68,17.39,18.47,19.79,20.38,19.23,19.87,19.51
T2M,1994,-1.0,35.625,20.87,20.12,19.66,18.68,16.5,15.7,15.14,16.08,17.62,18.62,17.73,18.6,17.93
T2M,1994,-1.0,36.25,19.18,19.25,18.96,17.93,15.67,14.74,14.3,15.08,16.56,17.76,16.79,16.94,16.92
T2M,1994,-1.0,36.875,18.75,19.68,19.92,19.39,17.19,17.0,16.63,17.39,18.39,19.19,17.99,16.91,18.19
T2M,1994,-1.0,37.5,21.99,22.92,23.04,22.54,20.56,19.77,19.2,19.98,20.78,22.16,20.97,19.95,21.14
T2M,1994,-1.0,38.125,24.44,24.85,25.09,24.08,23.12,22.29,21.59,22.05,22.47,23.64,22.29,21.74,23.13
T2M,1994,-1.0,38.75,27.95,28.1,28.41,26.63,25.53,25.19,24.37,24.77,25.08,26.14,24.48,24.52,25.92
T2M,1994,-1.0,39.375,29.29,29.67,29.58,27.27,25.96,25.72,25.01,25.45,25.49,26.61,25.75,26.41,26.84
T2M,1994,-1.0,40.0,29.64,29.86,29.87,27.72,26.25,25.92,25.4,25.83,25.8,26.95,26.32,26.69,27.17
T2M,1994,-1.0,40.625,28.57,28.89,28.95,27.57,26.09,25.5,25.27,25.64,25.29,26.31,26.41,26.42,26.73
T2M,1994,-1.0,41.25,28.29,28.54,28.57,27.77,26.31,25.73,25.46,25.62,25.28,26.3,26.53,26.49,26.73
T2M,1994,-1.0,41.875,27.38,27.42,27.76,28.03,27.1,26.24,25.66,25.44,25.33,26.74,27.05,27.1,26.77
T2M,1994,-1.5,34.375,24.41,23.67,23.03,23.65,22.69,21.98,22.18,23.41,24.82,24.43,22.55,22.9,23.31
T2M,1994,-1.5,35.0,22.69,21.81,21.25,20.94,19.45,19.31,19.17,20.43,21.78,22.19,20.67,21.12,20.9
T2M,1994,-1.5,35.625,19.8,19.44,18.91,18.26,16.42,15.74,15.42,16.34,17.97,18.96,18.02,18.21,17.78
T2M,1994,-1.5,36.25,24.21,23.86,23.67,22.67,20.23,19.93,19.72,20.53,22.0,22.93,21.74,21.49,21.9
T2M,1994,-1.5,36.875,20.65,21.06,21.23,20.48,18.46,18.35,18.23,18.99,19.66,20.35,19.31,18.44,19.59
T2M,1994,-1.5,37.5,21.47,22.31,22.37,21.63,19.84,19.21,18.66,19.51,20.01,21.35,20.28,19.4,20.49
T2M,1994,-1.5,38.125,24.28,24.74,25.02,24.22,23.02,21.98,21.32,22.03,22.45,23.9,22.6,21.9,23.11
T2M,1994,-1.5,38.75,28.07,28.05,28.37,26.38,25.21,24.92,24.1,24.57,24.85,25.97,24.56,24.63,25.8
T2M,1994,-1.5,39.375,29.32,29.51,29.49,27.09,25.72,25.28,24.62,25.18,25.36,26.45,25.47,25.95,26.61
T2M,1994,-1.5,40.0,29.4,29.53,29.6,27.45,26.04,25.55,25.07,25.55,25.32,26.37,26.11,26.34,26.85
T2M,1994,-1.5,40.625,28.46,28.8,29.0,27.57,26.19,25.46,25.22,25.47,25.24,26.28,26.44,26.27,26.69
T2M,1994,-1.5,41.25,27.9,27.77,28.15,27.63,26.42,25.73,25.47,25.48,25.16,26.15,26.37,26.2,26.53
T2M,1994,-1.5,41.875,26.53,26.4,27.0,27.69,27.22,26.17,25.4,24.96,24.83,26.36,26.71,26.9,26.35
T2M,1994,-1.7975103014118005e-13,34.375,25.29,24.84,24.55,24.12,22.62,21.54,21.3,22.11,23.21,23.25,21.98,22.62,23.11
T2M,1994,-1.7975103014118005e-13,35.0,22.16,22.14,22.55,22.15,20.33,19.12,18.71,19.35,20.51,20.84,19.91,19.83,20.62
T2M,1994,-1.7975103014118005e-13,35.625,16.39,16.95,17.82,17.4,15.57,14.9,14.14,14.56,15.35,15.63,15.42,14.54,15.71
T2M,1994,-1.7975103014118005e-13,36.25,19.01,19.48,20.42,20.09,18.0,17.15,16.2,16.58,18.16,18.85,17.82,17.03,18.22
T2M,1994,-1.7975103014118005e-13,36.875,17.71,18.95,19.15,18.89,17.65,16.98,16.02,16.44,17.69,18.24,17.38,15.9,17.57
T2M,1994,-1.7975103014118005e-13,37.5,17.26,18.42,18.6,18.44,17.21,16.62,15.88,16.21,17.07,17.82,16.98,15.69,17.17
T2M,1994,-1.7975103014118005e-13,38.125,25.25,26.09,26.71,26.35,25.46,25.0,24.34,24.65,25.03,25.54,23.6,22.9,25.07
T2M,1994,-1.7975103014118005e-13,38.75,28.09,28.64,29.29,28.07,26.84,26.27,25.58,25.89,26.27,27.19,25.32,25.0,26.86
T2M,1994,-1.7975103014118005e-13,39.375,29.29,29.89,30.18,28.5,26.89,26.24,25.58,26.02,26.32,27.6,26.26,26.42,27.42
T2M,1994,-1.7975103014118005e-13,40.0,29.48,30.0,30.21,28.8,27.06,26.33,25.77,26.2,26.42,27.69,26.83,27.0,27.64
T2M,1994,-1.7975103014118005e-13,40.625,29.52,30.0,29.99,28.81,27.01,26.4,26.04,26.4,26.32,27.2,26.69,27.18,27.62
T2M,1994,-1.7975103014118005e-13,41.25,29.64,30.1,29.93,28.84,27.01,26.74,26.37,26.58,26.38,27.15,26.83,27.53,27.75
T2M,1994,-1.7975103014118005e-13,41.875,29.41,29.87,29.62,28.84,27.08,26.74,26.38,26.49,26.49,27.32,26.86,27.62,27.71
T2M,1994,-2.0,34.375,24.97,24.11,23.46,24.04,23.29,22.75,22.89,24.08,25.42,25.54,23.23,23.93,23.98
T2M,1994,-2.0,35.0,22.7,21.87,21.55,21.09,19.69,19.58,19.61,20.75,21.97,22.53,20.88,21.29,21.12
T2M,1994,-2.0,35.625,20.04,19.68,19.54,18.78,17.15,16.09,15.86,16.9,18.51,19.59,18.58,18.69,18.28
T2M,1994,-2.0,36.25,26.69,26.0,26.25,25.3,23.47,22.97,22.68,23.52,24.67,25.65,24.48,24.35,24.66
T2M,1994,-2.0,36.875,21.86,21.85,21.84,20.98,19.35,19.15,18.98,19.58,19.95,20.84,19.96,19.5,20.31
T2M,1994,-2.0,37.5,22.58,22.89,22.97,22.23,20.67,20.0,19.68,20.34,20.73,21.99,20.98,20.49,21.29
T2M,1994,-2.0,38.125,24.98,25.3,25.62,24.47,23.26,22.3,21.74,22.4,22.77,24.17,22.89,22.37,23.51
T2M,1994,-2.0,38.75,28.21,28.03,28.26,26.22,24.97,24.6,23.79,24.32,24.6,25.82,24.5,24.59,25.65
T2M,1994,-2.0,39.375,29.11,29.08,29.08,26.94,25.53,24.79,24.16,24.8,25.0,26.2,25.42,25.71,26.3
T2M,1994,-2.0,40.0,29.27,29.17,29.2,27.49,25.97,25.48,24.99,25.41,25.3,26.36,26.02,26.25,26.73
T2M,1994,-2.0,40.625,28.48,28.65,28.79,27.7,26.4,25.6,25.28,25.37,25.11,26.17,26.48,26.51,26.7
T2M,1994,-2.0,41.25,27.32,27.08,27.72,27.95,27.22,26.31,25.59,25.2,25.02,26.43,26.89,27.08,26.65
T2M,1994,-2.0,41.875,26.26,25.92,26.74,27.56,27.43,26.2,25.23,24.72,24.6,26.17,26.54,26.95,26.2
T2M,1994,-2.5,34.375,24.27,23.27,22.85,23.31,22.32,22.23,22.35,23.57,24.65,25.49,22.67,23.01,23.33
T2M,1994,-2.5,35.0,21.74,21.23,21.14,20.74,19.36,19.09,19.29,20.23,21.2,22.37,20.37,20.33,20.59
T2M,1994,-2.5,35.625,22.92,22.66,22.54,21.79,19.95,19.28,19.21,19.98,21.47,23.14,21.31,21.1,21.27
T2M,1994,-2.5,36.25,26.0,25.42,25.7,24.82,22.75,21.98,21.62,22.63,24.19,25.59,23.93,23.61,24.01
T2M,1994,-2.5,36.875,23.06,23.07,23.11,22.7,21.31,20.73,20.78,21.72,22.31,23.14,21.37,20.66,21.99
T2M,1994,-2.5,37.5,23.23,23.38,23.66,22.85,21.24,20.86,20.86,21.31,21.63,22.83,21.3,20.78,21.99
T2M,1994,-2.5,38.125,25.0,25.31,25.6,24.36,23.07,22.23,21.68,22.34,22.74,24.18,22.98,22.54,23.49
T2M,1994,-2.5,38.75,28.18,28.08,28.26,26.31,24.83,24.42,23.66,24.22,24.61,26.0,24.77,24.76,25.66
T2M,1994,-2.5,39.375,28.77,28.81,28.71,26.9,25.25,24.2,23.71,24.39,24.71,26.19,25.58,25.73,26.06
T2M,1994,-2.5,40.0,28.75,28.79,28.85,27.62,25.79,25.14,24.64,24.97,25.06,26.43,26.05,26.24,26.52
T2M,1994,-2.5,40.625,27.75,27.56,28.16,27.91,26.84,25.7,25.19,25.02,24.89,26.18,26.64,27.06,26.57
T2M,1994,-2.5,41.25,26.5,26.05,27.0,27.6,27.43,26.13,25.22,24.7,24.58,26.05,26.52,27.07,26.24
T2M,1994,-2.5,41.875,26.42,26.01,26.86,27.57,27.46,26.21,25.23,24.7,24.57,26.13,26.58,27.01,26.23
T2M,1994,-3.0,34.375,23.73,22.33,22.45,22.74,21.51,21.22,21.12,22.2,23.63,24.89,22.55,22.56,22.58
T2M,1994,-3.0,35.0,22.05,21.46,21.4,20.9,19.41,18.72,18.86,19.91,21.11,22.57,20.7,20.59,20.64
T2M,1994,-3.0,35.625,18.79,18.43,18.65,17.77,15.99,14.92,14.69,15.83,16.97,18.66,17.42,17.31,17.11
T2M,1994,-3.0,36.25,24.52,24.1,24.16,22.79,20.34,19.1,19.4,20.43,21.61,23.7,22.02,22.07,22.01
T2M,1994,-3.0,36.875,22.51,22.89,23.37,21.84,18.98,17.6,17.66,18.93,20.8,22.26,20.7,20.14,20.63
T2M,1994,-3.0,37.5,18.79,19.09,19.35,18.27,16.5,15.14,14.81,15.55,16.54,18.06,17.3,17.06,17.19
T2M,1994,-3.0,38.125,24.9,25.06,25.46,24.07,22.46,21.6,20.97,21.59,22.15,23.89,23.0,22.55,23.13
T2M,1994,-3.0,38.75,27.86,27.92,27.99,26.16,24.3,23.81,23.05,23.65,24.18,25.91,24.75,24.51,25.33
T2M,1994,-3.0,39.375,28.71,28.99,28.77,26.92,24.95,23.86,23.4,24.09,24.47,26.24,25.74,25.89,25.99
T2M,1994,-3.0,40.0,28.11,28.18,28.48,27.65,25.99,25.29,24.61,24.77,24.92,26.47,26.31,26.57,26.44
T2M,1994,-3.0,40.625,26.91,26.47,27.5,27.71,27.35,25.99,25.09,24.68,24.61,25.95,26.52,27.12,26.33
T2M,1994,-3.0,41.25,26.76,26.22,27.23,27.61,27.49,26.14,25.24,24.7,24.59,26.03,26.56,27.14,26.31
T2M,1994,-3.0,41.875,26.71,26.15,27.05,27.58,27.5,26.23,25.27,24.71,24.55,26.12,26.61,27.1,26.3
T2M,1994,-3.5,34.375,25.06,23.25,23.59,23.9,22.74,22.68,22.23,23.13,24.37,25.86,24.1,24.28,23.77
T2M,1994,-3.5,35.0,23.98,22.92,22.79,22.1,20.63,19.91,19.68,20.54,21.7,23.38,22.13,22.45,21.85
T2M,1994,-3.5,35.625,22.81,22.12,21.61,20.45,18.79,17.63,17.39,18.58,19.67,21.46,20.26,20.62,20.11
T2M,1994,-3.5,36.25,25.33,24.4,23.81,22.31,20.29,19.21,19.25,20.39,21.29,23.03,21.67,22.13,21.91
T2M,1994,-3.5,36.875,25.56,24.63,23.99,22.09,19.71,18.36,18.32,19.67,20.74,22.41,20.95,21.81,21.51
T2M,1994,-3.5,37.5,26.83,26.39,26.32,24.07,21.61,20.45,20.16,21.41,22.47,24.28,22.87,23.59,23.36
T2M,1994,-3.5,38.125,24.57,24.44,24.88,22.95,20.92,20.09,19.34,20.03,20.68,22.6,21.99,21.93,22.02
T2M,1994,-3.5,38.75,26.63,26.66,26.74,24.96,23.33,22.29,21.55,22.07,22.74,24.67,24.05,23.99,24.13
T2M,1994,-3.5,39.375,28.26,28.55,28.25,26.38,24.5,23.32,22.84,23.5,23.89,25.73,25.38,25.83,25.52
T2M,1994,-3.5,40.0,27.73,27.64,28.15,27.6,26.62,25.7,24.84,24.72,24.72,26.17,26.41,26.94,26.43
T2M,1994,-3.5,40.625,27.07,26.68,27.6,27.68,27.42,26.05,25.1,24.65,24.56,25.92,26.52,27.14,26.37
T2M,1994,-3.5,41.25,27.08,26.57,27.46,27.63,27.51,26.12,25.27,24.69,24.57,26.04,26.58,27.2,26.39
T2M,1994,-3.5,41.875,26.98,26.41,27.29,27.58,27.51,26.21,25.27,24.7,24.53,26.11,26.64,27.17,26.37
T2M,1994,-4.0,34.375,25.19,23.43,24.02,24.38,23.26,23.32,22.45,23.6,24.99,26.4,25.01,24.82,24.24
T2M,1994,-4.0,35.0,23.16,21.85,22.08,21.7,20.36,20.1,19.46,20.43,21.53,23.08,21.94,21.96,21.47
T2M,1994,-4.0,35.625,22.47,21.61,21.16,20.24,18.75,17.64,17.16,18.36,19.57,21.33,20.29,20.51,19.92
T2M,1994,-4.0,36.25,24.98,24.07,23.35,22.15,20.46,19.44,19.19,20.36,21.33,23.1,21.86,22.02,21.85
T2M,1994,-4.0,36.875,24.51,23.81,23.23,21.79,19.88,18.73,18.43,19.57,20.57,22.32,21.07,21.42,21.26
T2M,1994,-4.0,37.5,26.11,25.3,25.2,23.38,21.4,20.25,19.89,21.01,21.94,23.85,22.65,22.96,22.82
T2M,1994,-4.0,38.125,26.54,25.96,26.02,24.02,22.04,21.07,20.35,21.37,21.99,24.01,23.23,23.48,23.33
T2M,1994,-4.0,38.75,27.17,27.07,26.93,24.96,23.02,22.07,21.33,21.94,22.59,24.7,23.99,24.42,24.17
T2M,1994,-4.0,39.375,28.36,28.54,28.3,26.72,24.85,23.79,23.23,23.81,24.21,26.06,25.72,26.51,25.83
T2M,1994,-4.0,40.0,27.4,27.19,27.9,27.69,27.16,25.97,25.0,24.67,24.59,25.93,26.48,27.14,26.42
T2M,1994,-4.0,40.625,27.31,26.97,27.78,27.67,27.43,26.01,25.1,24.64,24.55,25.93,26.56,27.19,26.43
T2M,1994,-4.0,41.25,27.3,26.85,27.67,27.68,27.51,26.07,25.24,24.67,24.56,26.04,26.6,27.22,26.45
T2M,1994,-4.0,41.875,27.19,26.7,27.5,27.62,27.52,26.16,25.24,24.67,24.51,26.07,26.66,27.17,26.42
T2M,1994,-4.5,34.375,23.72,21.87,22.81,23.06,21.81,21.12,19.93,21.39,23.15,24.8,23.87,23.69,22.61
T2M,1994,-4.5,35.0,21.82,20.35,20.8,20.38,19.09,18.4,17.48,18.81,20.17,21.63,20.77,20.95,20.05
T2M,1994,-4.5,35.625,22.17,21.07,20.78,20.05,18.65,17.64,16.86,18.15,19.39,20.97,20.0,20.37,19.67
T2M,1994,-4.5,36.25,24.86,23.85,23.22,22.26,20.77,19.86,19.19,20.4,21.4,23.1,21.95,22.26,21.92
T2M,1994,-4.5,36.875,24.23,23.43,22.9,21.66,20.08,18.91,18.32,19.41,20.36,22.09,21.08,21.46,21.15
T2M,1994,-4.5,37.5,25.54,24.81,24.37,22.79,20.99,19.72,19.11,20.09,21.17,23.16,22.25,22.58,22.2
T2M,1994,-4.5,38.125,25.4,25.07,24.94,23.12,21.09,19.52,18.83,19.96,20.99,23.07,22.63,22.69,22.26
T2M,1994,-4.5,38.75,27.43,27.21,27.0,25.24,23.43,22.2,21.47,22.19,22.91,24.92,24.43,24.81,24.42
T2M,1994,-4.5,39.375,28.36,28.3,28.35,27.4,26.1,25.14,24.29,24.49,24.76,26.3,26.35,27.06,26.4
T2M,1994,-4.5,40.0,27.44,27.21,27.98,27.76,27.28,26.03,25.03,24.66,24.58,25.89,26.52,27.19,26.46
T2M,1994,-4.5,40.625,27.49,27.19,27.95,27.7,27.41,25.97,25.08,24.61,24.53,25.92,26.58,27.26,26.47
T2M,1994,-4.5,41.25,27.44,27.03,27.86,27.74,27.49,26.04,25.19,24.61,24.54,26.0,26.62,27.24,26.48
T2M,1994,-4.5,41.875,27.35,26.93,27.73,27.71,27.54,26.12,25.21,24.64,24.49,26.0,26.64,27.18,26.46
T2M,1994,0.5,34.375,25.23,24.76,24.19,23.73,21.6,20.51,19.85,20.6,21.68,21.77,21.32,21.29,22.19
T2M,1994,0.5,35.0,20.1,20.85,21.64,20.99,18.86,17.83,17.01,17.57,18.57,18.6,18.31,17.63,18.98
T2M,1994,0.5,35.625,20.22,21.07,21.88,21.11,18.72,17.88,17.11,17.6,18.46,18.7,18.08,17.27,18.99
T2M,1994,0.5,36.25,22.58,23.44,24.1,23.74,21.73,20.76,19.61,19.85,21.88,22.61,21.47,20.46,21.84
T2M,1994,0.5,36.875,19.48,20.68,21.04,21.34,20.26,19.48,18.44,18.63,20.05,20.66,19.15,17.43,19.71
T2M,1994,0.5,37.5,22.71,23.91,24.27,24.27,23.24,22.84,22.15,22.46,23.11,23.32,21.56,20.17,22.82
T2M,1994,0.5,38.125,25.37,26.17,26.97,26.56,25.38,24.57,24.07,24.3,24.72,25.38,23.47,22.73,24.97
T2M,1994,0.5,38.75,28.16,28.89,29.55,28.43,27.02,26.28,25.69,25.99,26.35,27.28,25.62,25.24,27.03
T2M,1994,0.5,39.375,29.62,30.29,30.67,29.17,27.34,26.6,26.04,26.51,26.9,27.99,26.49,26.43,27.82
T2M,1994,0.5,40.0,29.99,30.55,30.81,29.46,27.55,26.75,26.24,26.71,27.05,28.08,26.82,27.05,28.07
T2M,1994,0.5,40.625,30.1,30.52,30.75,29.73,27.85,27.1,26.67,26.96,27.16,27.84,26.75,27.49,28.23
T2M,1994,0.5,41.25,30.12,30.44,30.66,29.64,27.79,27.33,26.85,26.95,27.15,27.75,27.07,27.91,28.29
T2M,1994,0.5,41.875,30.12,30.38,30.51,29.52,27.47,27.19,26.69,26.75,27.11,27.6,26.73,27.77,28.14
T2M,1994,1.0,34.375,19.44,19.7,20.49,19.89,17.78,16.61,16.0,16.42,17.31,17.48,17.41,17.04,17.95
T2M,1994,1.0,35.0,17.82,18.81,20.04,19.0,16.96,16.12,15.41,15.9,16.32,16.52,16.33,15.48,17.05
T2M,1994,1.0,35.625,20.95,21.96,22.58,21.59,19.28,18.51,17.72,18.17,19.17,19.84,18.84,18.54,19.75
T2M,1994,1.0,36.25,24.39,25.48,25.94,25.56,24.22,23.62,22.16,22.25,24.09,24.5,23.32,22.16,23.96
T2M,1994,1.0,36.875,19.92,21.33,21.62,21.93,21.22,20.6,19.34,19.44,20.42,20.89,19.79,18.19,20.38
T2M,1994,1.0,37.5,23.95,25.1,25.67,25.65,24.8,24.22,23.4,23.63,24.21,24.51,22.79,21.51,24.11
T2M,1994,1.0,38.125,27.19,28.07,29.01,28.45,27.24,26.31,25.76,25.96,26.3,27.03,25.27,24.6,26.76
T2M,1994,1.0,38.75,29.21,30.02,30.7,29.56,28.1,27.35,26.77,27.04,27.41,28.26,26.6,26.22,28.09
T2M,1994,1.0,39.375,29.8,30.56,31.0,29.5,27.62,26.96,26.49,26.92,27.33,28.17,26.52,26.37,28.09
T2M,1994,1.0,40.0,29.98,30.65,30.96,29.7,27.73,26.92,26.46,26.91,27.31,28.04,26.31,26.55,28.11
T2M,1994,1.0,40.625,30.38,30.83,31.11,30.11,28.19,27.48,27.03,27.2,27.54,27.92,26.44,26.99,28.42
T2M,1994,1.0,41.25,30.63,30.96,31.28,30.16,28.13,27.8,27.22,27.19,27.61,27.88,26.96,27.37,28.58
T2M,1994,1.0,41.875,30.55,30.8,31.17,30.16,27.85,27.57,26.98,27.0,27.58,27.73,26.33,27.51,28.42
T2M,1994,1.5,34.375,25.52,25.52,26.29,24.9,21.91,20.44,19.5,19.94,21.69,22.51,22.0,22.25,22.69
T2M,1994,1.5,35.0,22.6,23.37,24.02,22.77,20.63,19.52,18.57,18.98,20.21,20.9,20.12,19.8,20.94
T2M,1994,1.5,35.625,25.0,26.03,26.54,25.67,24.05,23.38,22.11,22.34,24.3,24.72,23.32,22.65,24.16
T2M,1994,1.5,36.25,27.11,28.32,28.68,28.48,27.48,27.13,25.46,25.76,27.39,27.66,26.1,25.24,27.05
T2M,1994,1.5,36.875,22.72,24.21,24.15,24.24,23.85,23.46,22.23,22.42,23.16,23.29,21.95,20.7,23.02
T2M,1994,1.5,37.5,25.59,26.65,27.07,27.05,26.27,25.56,24.66,24.88,25.44,25.87,24.17,23.34,25.54
T2M,1994,1.5,38.125,28.12,29.07,30.0,29.22,28.25,27.34,26.77,26.99,27.26,27.74,25.83,25.58,27.67
T2M,1994,1.5,38.75,29.41,30.25,30.98,29.61,28.35,27.71,27.12,27.4,27.76,28.06,26.22,25.85,28.21
T2M,1994,1.5,39.375,29.31,30.41,30.92,29.38,27.63,26.86,26.43,26.92,27.34,27.85,25.78,25.54,27.85
T2M,1994,1.5,40.0,29.76,30.67,31.05,29.52,27.7,27.0,26.63,27.09,27.5,27.88,25.92,25.76,28.02
T2M,1994,1.5,40.625,30.33,30.92,31.25,30.11,28.32,27.68,27.15,27.24,27.64,27.66,26.1,26.15,28.36
T2M,1994,1.5,41.25,30.56,31.11,31.5,30.45,28.39,27.88,27.31,27.22,27.72,27.72,26.09,26.44,28.52
T2M,1994,1.5,41.875,30.6,30.84,31.33,30.34,27.89,27.63,26.99,26.95,27.62,27.4,25.74,26.73,28.32
T2M,1994,2.0,34.375,27.11,27.63,28.57,27.18,24.45,23.18,21.9,22.59,25.27,25.65,24.55,24.67,25.21
T2M,1994,2.0,35.0,24.79,25.58,26.33,25.2,23.63,22.65,21.44,21.87,23.51,23.95,22.68,22.33,23.65
T2M,1994,2.0,35.625,27.9,28.91,29.47,28.68,27.61,26.86,25.54,26.06,27.59,27.76,26.14,25.73,27.34
T2M,1994,2.0,36.25,29.56,30.65,31.08,30.86,30.36,29.77,28.31,28.74,30.03,29.87,28.32,27.7,29.59
T2M,1994,2.0,36.875,23.43,24.74,24.66,24.44,24.22,23.68,22.74,22.92,23.28,23.37,22.13,21.29,23.4
T2M,1994,2.0,37.5,26.74,27.97,28.25,27.7,27.08,26.33,25.67,25.91,26.17,26.42,24.66,24.19,26.41
T2M,1994,2.0,38.125,27.64,28.89,29.71,28.35,27.48,26.78,26.25,26.52,26.79,26.81,24.71,24.4,27.02
T2M,1994,2.0,38.75,28.81,30.13,30.86,29.09,27.87,27.2,26.68,27.12,27.51,27.51,25.36,25.07,27.75
T2M,1994,2.0,39.375,28.94,30.37,30.91,28.97,27.26,26.54,26.09,26.77,27.19,27.22,24.96,24.7,27.48
T2M,1994,2.0,40.0,29.01,30.27,30.78,28.75,26.98,26.42,25.96,26.6,26.99,26.89,24.93,24.66,27.34
T2M,1994,2.0,40.625,29.75,30.32,30.88,29.18,27.56,27.1,26.46,26.56,26.96,26.33,24.86,24.84,27.55
T2M,1994,2.0,41.25,30.14,30.77,31.39,30.1,28.12,27.72,27.07,26.97,27.44,27.0,25.38,25.54,28.12
T2M,1994,2.0,41.875,30.28,30.61,31.36,30.15,27.55,27.57,26.91,26.78,27.55,26.94,25.37,25.84,28.06
T2M,1994,2.5,34.375,26.22,26.95,27.59,26.61,24.79,23.64,22.14,22.83,25.49,24.99,23.7,23.89,24.89
T2M,1994,2.5,35.0,25.95,26.83,27.56,26.62,25.52,24.6,23.57,23.96,24.93,25.21,23.9,23.58,25.17
T2M,1994,2.5,35.625,28.7,29.58,30.32,29.56,28.79,28.01,26.75,27.39,28.37,28.32,26.76,26.52,28.25
T2M,1994,2.5,36.25,29.87,30.87,31.34,30.88,30.56,29.68,28.84,29.23,29.68,29.7,28.21,27.91,29.72
T2M,1994,2.5,36.875,26.6,27.73,27.76,26.91,26.62,25.97,25.29,25.49,25.52,25.72,24.34,24.16,26.0
T2M,1994,2.5,37.5,28.76,30.02,30.15,28.84,28.31,27.68,27.05,27.34,27.51,27.47,25.56,25.5,27.84
T2M,1994,2.5,38.125,27.59,28.9,29.22,27.5,26.45,25.75,25.29,25.68,26.04,25.92,23.69,23.74,26.3
T2M,1994,2.5,38.75,28.84,30.09,30.56,28.44,27.1,26.52,26.1,26.67,27.09,26.82,24.39,24.59,27.25
T2M,1994,2.5,39.375,28.79,30.04,30.57,28.2,26.47,25.93,25.48,26.28,26.77,26.5,24.2,24.35,26.95
T2M,1994,2.5,40.0,28.32,29.43,30.14,27.89,26.13,25.61,25.1,25.76,26.34,26.0,24.17,24.13,26.57
T2M,1994,2.5,40.625,28.64,29.24,30.3,28.49,26.83,26.47,25.75,25.91,26.47,25.93,24.53,24.58,26.91
T2M,1994,2.5,41.25,29.36,29.93,30.96,29.58,27.63,27.12,26.45,26.43,27.08,26.72,25.08,25.79,27.66
T2M,1994,2.5,41.875,29.25,29.73,30.84,29.45,27.09,26.81,26.19,26.16,27.0,26.64,25.06,25.5,27.46
T2M,1994,3.0,34.375,24.8,25.69,26.09,24.9,23.7,22.74,21.44,21.84,23.65,23.23,22.22,22.32,23.54
T2M,1994,3.0,35.0,26.99,27.94,28.65,27.57,26.62,25.79,24.92,25.26,26.02,26.05,24.71,24.45,26.24
T2M,1994,3.0,35.625,29.6,30.56,31.46,30.67,29.99,29.14,28.36,28.83,29.19,29.12,27.68,27.51,29.33
T2M,1994,3.0,36.25,30.31,31.36,31.85,30.97,30.52,29.6,29.04,29.31,29.42,29.61,28.26,28.14,29.86
T2M,1994,3.0,36.875,29.38,30.57,30.78,29.52,28.96,28.39,27.75,28.03,28.11,28.06,26.33,26.3,28.5
T2M,1994,3.0,37.5,29.75,30.87,30.97,29.33,28.66,28.15,27.55,27.9,28.13,27.87,25.97,26.16,28.43
T2M,1994,3.0,38.125,28.87,29.86,29.82,27.91,26.83,26.22,25.83,26.29,26.71,26.41,24.57,24.87,27.0
T2M,1994,3.0,38.75,28.95,29.86,29.93,27.52,26.11,25.81,25.4,26.05,26.53,26.05,23.98,24.65,26.72
T2M,1994,3.0,39.375,28.35,29.32,29.72,27.28,25.4,25.0,24.58,25.47,26.08,25.71,23.5,24.23,26.2
T2M,1994,3.0,40.0,27.56,28.52,29.29,27.19,25.28,24.85,24.4,25.1,25.87,25.47,23.46,23.74,25.88
T2M,1994,3.0,40.625,27.63,28.39,29.78,28.15,26.43,25.99,25.35,25.57,26.29,26.12,24.62,24.56,26.56
T2M,1994,3.0,41.25,28.36,28.96,30.52,29.14,27.12,26.69,25.99,26.03,26.86,26.9,25.36,25.52,27.28
T2M,1994,3.0,41.875,28.17,28.65,30.24,28.83,26.67,26.14,25.55,25.69,26.62,26.67,24.91,24.9,26.91
T2M,1994,3.5,34.375,24.93,25.94,26.13,24.68,23.73,22.82,21.89,22.24,23.47,23.08,21.9,22.11,23.56
T2M,1994,3.5,35.0,28.48,29.45,30.13,28.72,27.84,26.98,26.23,26.56,27.62,27.19,25.85,25.81,27.56
T2M,1994,3.5,35.625,29.77,30.82,31.66,30.74,29.73,29.12,28.37,28.71,29.18,29.09,27.7,27.62,29.37
T2M,1994,3.5,36.25,30.08,31.2,31.55,30.42,29.53,29.02,28.38,28.58,28.84,28.9,27.63,27.68,29.31
T2M,1994,3.5,36.875,30.06,31.2,31.16,29.57,28.7,28.5,27.95,28.29,28.52,28.23,26.62,26.76,28.78
T2M,1994,3.5,37.5,29.15,30.28,29.73,27.74,26.8,26.4,25.89,26.36,26.72,26.44,25.05,25.64,27.17
T2M,1994,3.5,38.125,27.88,28.97,28.49,26.19,24.8,24.21,23.81,24.59,25.15,24.82,23.45,24.15,25.52
T2M,1994,3.5,38.75,27.46,28.58,28.29,25.65,23.71,23.37,22.92,23.7,24.49,24.24,22.68,23.59,24.87
T2M,1994,3.5,39.375,25.86,27.0,27.28,24.91,22.73,22.35,21.9,22.77,23.71,23.48,21.55,21.9,23.77
T2M,1994,3.5,40.0,26.58,27.63,28.42,26.45,24.42,24.13,23.68,24.41,25.36,24.82,22.62,22.9,25.1
T2M,1994,3.5,40.625,26.43,27.34,28.74,27.26,25.43,25.19,24.65,24.89,25.75,25.41,23.58,23.25,25.65
T2M,1994,3.5,41.25,27.17,27.91,29.84,28.91,26.97,26.56,25.89,25.97,26.87,26.96,25.09,24.53,26.88
T2M,1994,3.5,41.875,28.27,28.8,30.83,29.71,27.75,27.21,26.7,26.87,27.83,27.76,25.62,25.2,27.7
T2M,1994,4.0,34.375,27.85,28.76,28.86,26.8,25.97,25.18,24.31,24.79,26.31,25.12,24.06,24.54,26.03
T2M,1994,4.0,35.0,29.99,31.01,31.3,29.54,28.72,28.15,27.41,27.75,29.0,28.09,26.83,27.07,28.72
T2M,1994,4.0,35.625,28.98,30.06,30.66,29.49,28.18,27.6,27.1,27.31,28.02,27.92,26.7,26.73,28.22
T2M,1994,4.0,36.25,30.52,31.52,31.9,30.34,29.11,28.76,28.36,28.55,28.99,29.08,28.01,28.2,29.43
T2M,1994,4.0,36.875,29.49,30.55,30.49,28.27,26.78,26.68,26.48,27.08,27.49,27.19,25.96,26.38,27.72
T2M,1994,4.0,37.5,29.22,30.4,30.11,27.5,25.72,25.56,25.32,26.05,26.52,26.45,25.42,25.96,27.0
T2M,1994,4.0,38.125,25.47,26.77,26.61,23.84,21.75,21.15,20.75,21.54,22.39,22.51,21.76,21.97,23.02
T2M,1994,4.0,38.75,23.34,24.68,24.9,22.35,20.5,19.66,19.32,20.3,21.23,21.15,20.18,19.82,21.43
T2M,1994,4.0,39.375,24.25,25.53,25.95,23.46,21.49,20.94,20.77,21.84,22.81,22.14,20.58,20.36,22.49
T2M,1994,4.0,40.0,25.49,26.68,27.29,25.21,23.33,23.0,22.8,23.6,24.54,23.63,21.89,21.98,24.1
T2M,1994,4.0,40.625,25.36,26.41,27.69,26.42,24.7,24.58,24.17,24.49,25.41,24.65,22.77,22.37,24.91
T2M,1994,4.0,41.25,26.91,27.77,29.76,28.97,27.24,26.92,26.48,26.58,27.45,27.08,24.95,24.2,27.02
T2M,1994,4.0,41.875,28.63,29.29,31.55,30.38,28.59,28.3,27.95,28.16,29.03,28.45,26.09,25.38,28.48
T2M,1994,4.5,34.375,30.18,31.13,30.92,28.34,27.84,26.93,26.02,26.82,29.03,26.47,25.93,27.16,28.04
T2M,1994,4.5,35.0,30.32,31.42,31.4,29.3,28.28,27.87,27.36,27.73,29.25,27.75,26.83,26.99,28.69
T2M,1994,4.5,35.625,29.84,30.93,31.23,29.59,28.25,27.69,27.33,27.71,28.66,28.09,27.25,27.36,28.65
T2M,1994,4.5,36.25,30.71,31.61,32.22,30.04,28.52,28.31,28.17,28.6,29.37,29.06,28.18,28.58,29.43
T2M,1994,4.5,36.875,29.5,30.53,31.0,28.33,26.39,26.36,26.03,26.84,27.55,27.58,26.78,27.02,27.81
T2M,1994,4.5,37.5,27.15,28.44,28.56,25.73,23.27,23.17,23.14,24.08,24.95,24.75,23.94,24.44,25.12
T2M,1994,4.5,38.125,22.87,24.37,24.58,22.07,20.15,19.43,18.94,20.07,21.16,20.84,20.05,19.66,21.16
T2M,1994,4.5,38.75,22.96,24.41,25.27,22.97,21.07,20.42,20.12,21.25,22.32,21.67,20.57,20.06,21.91
T2M,1994,4.5,39.375,24.77,26.13,27.02,24.74,22.66,22.29,22.12,23.05,24.13,23.24,21.89,21.76,23.63
T2M,1994,4.5,40.0,23.75,25.06,25.9,24.15,22.22,21.65,21.4,22.23,23.28,22.54,21.18,21.04,22.85
T2M,1994,4.5,40.625,24.84,26.02,27.17,25.94,24.4,24.05,23.8,24.24,25.23,24.19,22.54,22.31,24.55
T2M,1994,4.5,41.25,25.08,26.09,27.9,27.0,25.49,25.24,24.81,25.05,25.95,25.23,23.17,22.63,25.3
T2M,1994,4.5,41.875,28.4,29.18,31.52,30.13,28.37,28.44,28.29,28.54,29.27,28.22,25.98,25.42,28.47
T2M,1995,-0.5,34.375,24.59,24.6,24.76,25.23,23.03,22.59,22.35,23.59,24.06,23.63,23.32,24.19,23.82
T2M,1995,-0.5,35.0,21.05,21.29,21.25,22.22,20.01,19.13,18.44,19.57,20.2,20.31,20.12,21.0,20.37
T2M,1995,-0.5,35.625,15.12,15.91,15.67,16.39,15.0,14.43,13.23,13.79,14.38,14.82,14.85,15.08,14.88
T2M,1995,-0.5,36.25,15.54,16.71,16.0,16.56,15.36,14.96,13.58,14.14,14.78,15.29,15.35,15.38,15.29
T2M,1995,-0.5,36.875,15.26,16.93,16.19,16.64,15.8,14.98,14.11,14.66,15.35,15.78,15.74,15.27,15.55
T2M,1995,-0.5,37.5,19.15,21.15,20.48,20.86,19.61,18.63,18.17,18.69,19.48,19.97,19.16,19.07,19.52
T2M,1995,-0.5,38.125,23.21,25.02,24.84,25.41,24.59,23.68,23.32,23.46,24.46,24.45,22.8,23.07,24.02
T2M,1995,-0.5,38.75,25.95,27.47,27.43,27.42,26.09,25.15,25.01,24.91,26.02,26.25,24.78,25.38,25.98
T2M,1995,-0.5,39.375,27.89,28.97,29.23,28.29,26.51,25.55,25.57,25.39,26.71,27.3,26.36,27.17,27.07
T2M,1995,-0.5,40.0,28.21,29.37,29.55,28.6,26.69,25.53,25.7,25.55,26.88,27.75,26.75,27.53,27.33
T2M,1995,-0.5,40.625,28.74,29.48,29.25,28.6,26.47,24.89,25.36,25.14,26.6,27.73,26.43,27.24,27.15
T2M,1995,-0.5,41.25,29.0,29.49,29.23,28.75,26.67,25.17,25.65,25.36,26.78,27.84,26.56,27.42,27.31
T2M,1995,-0.5,41.875,28.48,28.87,28.84,28.9,27.44,25.73,25.79,25.58,26.49,27.74,27.07,27.69,27.38
T2M,1995,-1.0,34.375,22.78,22.69,22.74,23.97,21.67,21.48,21.18,22.77,23.12,22.89,22.63,22.96,22.57
T2M,1995,-1.0,35.0,20.5,20.29,19.5,20.35,18.42,18.07,17.22,18.52,19.36,19.53,19.81,20.19,19.3
T2M,1995,-1.0,35.625,19.91,19.77,18.01,18.68,16.98,16.25,15.05,16.2,17.28,17.7,18.1,18.68,17.7
T2M,1995,-1.0,36.25,18.4,18.92,17.22,17.92,16.14,15.23,14.42,15.32,16.29,16.83,17.05,17.23,16.73
T2M,1995,-1.0,36.875,17.66,19.56,18.52,19.05,17.66,17.23,16.9,17.42,18.24,18.47,17.93,17.52,18.0
T2M,1995,-1.0,37.5,20.68,22.57,21.85,22.3,20.86,19.75,19.54,20.07,21.02,21.53,20.76,20.6,20.95
T2M,1995,-1.0,38.125,23.16,24.63,23.85,24.29,23.39,22.02,21.79,21.96,22.98,23.2,22.14,22.43,22.97
T2M,1995,-1.0,38.75,26.63,27.73,27.23,27.21,25.83,24.93,24.83,24.65,25.81,26.02,24.69,25.55,25.91
T2M,1995,-1.0,39.375,28.58,29.24,29.22,28.09,26.3,25.46,25.51,25.3,26.63,27.18,26.31,27.3,27.08
T2M,1995,-1.0,40.0,28.59,29.51,29.44,28.43,26.59,25.56,25.76,25.59,26.92,27.74,26.69,27.64,27.36
T2M,1995,-1.0,40.625,28.46,29.22,28.88,28.22,26.29,24.64,25.14,24.91,26.35,27.59,26.35,27.08,26.91
T2M,1995,-1.0,41.25,28.2,28.89,28.8,28.3,26.5,24.91,25.3,24.97,26.24,27.43,26.49,27.21,26.93
T2M,1995,-1.0,41.875,27.21,27.81,28.12,28.39,27.36,25.7,25.59,25.3,25.84,27.07,26.93,27.32,26.88
T2M,1995,-1.5,34.375,23.68,23.19,22.66,24.23,22.08,22.02,21.97,23.87,23.81,23.63,23.52,23.53,23.18
T2M,1995,-1.5,35.0,22.0,21.42,20.03,21.19,19.37,19.48,19.09,20.48,21.38,21.2,21.36,21.48,20.7
T2M,1995,-1.5,35.625,19.02,18.96,17.51,18.43,16.81,16.07,15.43,16.46,17.72,18.18,18.34,18.43,17.6
T2M,1995,-1.5,36.25,23.03,23.34,21.74,22.57,20.66,19.88,19.69,20.55,21.82,22.25,22.03,21.88,21.61
T2M,1995,-1.5,36.875,19.68,21.07,19.78,20.35,18.9,18.5,18.49,18.8,19.69,19.86,19.31,19.01,19.44
T2M,1995,-1.5,37.5,19.99,21.98,21.12,21.38,20.06,19.04,18.93,19.33,20.38,20.82,20.17,19.98,20.25
T2M,1995,-1.5,38.125,22.53,24.37,23.74,24.04,22.99,21.4,21.45,21.79,22.92,23.38,22.45,22.6,22.79
T2M,1995,-1.5,38.75,26.33,27.54,27.03,26.96,25.53,24.67,24.59,24.41,25.63,25.95,24.81,25.78,25.76
T2M,1995,-1.5,39.375,27.94,28.89,28.56,27.72,26.08,25.17,25.22,25.1,26.38,26.98,26.08,27.21,26.76
T2M,1995,-1.5,40.0,28.25,29.3,28.86,27.91,26.24,25.02,25.41,25.27,26.66,27.57,26.55,27.56,27.04
T2M,1995,-1.5,40.625,27.93,29.04,28.72,28.09,26.43,24.75,25.18,24.93,26.19,27.51,26.59,27.3,26.88
T2M,1995,-1.5,41.25,27.27,28.38,28.53,28.09,26.68,25.12,25.36,25.04,26.06,27.28,26.64,27.31,26.8
T2M,1995,-1.5,41.875,26.21,26.81,27.41,27.89,27.29,25.85,25.54,25.1,25.29,26.45,26.76,27.09,26.47
T2M,1995,-1.7975103014118005e-13,34.375,23.32,23.68,24.28,24.74,22.77,21.87,21.56,22.44,22.77,22.65,22.41,23.08,22.96
T2M,1995,-1.7975103014118005e-13,35.0,20.49,21.17,21.54,22.36,20.59,19.44,18.72,19.56,20.15,20.34,20.09,20.37,20.39
T2M,1995,-1.7975103014118005e-13,35.625,14.38,15.94,16.12,17.01,15.89,15.25,14.46,14.8,15.21,15.44,15.28,14.94,15.39
T2M,1995,-1.7975103014118005e-13,36.25,17.61,19.15,18.82,19.77,18.6,17.94,16.65,17.52,17.87,18.26,18.0,17.88,18.16
T2M,1995,-1.7975103014118005e-13,36.875,16.05,17.89,17.35,17.88,17.43,16.87,16.09,16.71,17.32,17.65,17.19,16.5,17.07
T2M,1995,-1.7975103014118005e-13,37.5,15.62,17.52,17.12,17.6,17.05,16.23,15.75,16.26,16.94,17.29,16.59,16.08,16.66
T2M,1995,-1.7975103014118005e-13,38.125,23.91,25.61,25.31,25.77,24.98,24.38,24.34,24.51,25.44,25.2,23.46,23.56,24.7
T2M,1995,-1.7975103014118005e-13,38.75,26.37,28.03,28.09,27.94,26.68,25.74,25.82,25.75,26.89,27.02,25.8,26.13,26.68
T2M,1995,-1.7975103014118005e-13,39.375,27.84,29.27,29.44,28.72,26.95,25.89,25.93,25.84,27.19,27.7,26.98,27.58,27.43
T2M,1995,-1.7975103014118005e-13,40.0,28.25,29.6,29.65,29.0,27.06,25.86,25.98,25.9,27.23,28.02,27.26,27.93,27.63
T2M,1995,-1.7975103014118005e-13,40.625,28.7,29.81,29.49,28.93,26.98,25.55,25.93,25.78,27.25,28.08,26.81,27.85,27.58
T2M,1995,-1.7975103014118005e-13,41.25,29.12,29.86,29.35,28.89,27.11,25.8,26.22,25.96,27.38,28.14,26.79,27.98,27.7
T2M,1995,-1.7975103014118005e-13,41.875,28.94,29.52,29.16,28.79,27.41,25.94,26.12,25.98,27.09,28.09,26.91,27.98,27.65
T2M,1995,-2.0,34.375,24.79,23.73,22.78,24.44,22.21,22.59,22.8,24.3,24.79,24.73,24.71,24.23,23.84
T2M,1995,-2.0,35.0,22.32,21.53,20.34,21.31,19.6,19.64,19.57,20.75,21.96,21.82,21.66,21.77,21.02
T2M,1995,-2.0,35.625,19.28,19.14,18.2,18.9,17.34,16.26,15.79,16.98,18.61,18.97,18.88,19.02,18.11
T2M,1995,-2.0,36.25,25.41,25.51,24.38,25.09,23.58,22.66,22.56,23.5,24.85,25.12,24.74,24.77,24.34
T2M,1995,-2.0,36.875,20.91,21.94,20.41,20.84,19.55,19.04,19.25,19.32,20.29,20.51,19.99,19.96,20.15
T2M,1995,-2.0,37.5,21.26,22.94,21.83,22.12,20.83,19.86,19.95,20.12,21.24,21.59,20.96,21.07,21.13
T2M,1995,-2.0,38.125,22.98,24.83,24.21,24.46,23.28,21.86,21.98,22.22,23.38,23.84,22.96,23.24,23.26
T2M,1995,-2.0,38.75,26.16,27.41,26.78,26.67,25.14,24.26,24.29,24.11,25.37,25.88,24.76,25.8,25.54
T2M,1995,-2.0,39.375,27.24,28.38,28.07,27.38,25.77,24.58,24.76,24.69,26.01,26.82,25.89,27.06,26.38
T2M,1995,-2.0,40.0,27.75,29.07,28.65,27.83,26.24,25.18,25.45,25.31,26.49,27.4,26.49,27.71,26.95
T2M,1995,-2.0,40.625,27.58,28.84,28.54,28.05,26.67,25.17,25.37,25.09,26.07,27.25,26.8,27.73,26.92
T2M,1995,-2.0,41.25,26.91,27.51,27.98,28.28,27.4,25.87,25.63,25.21,25.63,26.75,27.02,27.65,26.82
T2M,1995,-2.0,41.875,25.79,26.34,27.18,27.79,27.4,25.96,25.51,24.97,24.98,26.12,26.6,26.99,26.3
T2M,1995,-2.5,34.375,23.68,22.95,22.04,23.31,21.54,21.74,22.12,23.42,24.6,24.89,24.4,23.7,23.2
T2M,1995,-2.5,35.0,21.28,20.76,19.79,20.63,19.01,18.83,18.89,20.06,21.57,22.02,21.21,21.26,20.44
T2M,1995,-2.5,35.625,21.77,21.92,20.96,21.55,19.77,18.79,19.0,19.95,21.86,22.71,21.79,22.11,21.01
T2M,1995,-2.5,36.25,24.62,24.95,23.92,24.43,22.65,21.58,21.49,22.57,24.5,25.2,24.36,24.4,23.71
T2M,1995,-2.5,36.875,21.71,22.98,21.77,22.32,21.15,20.4,20.91,21.58,22.66,22.73,21.61,21.45,21.76
T2M,1995,-2.5,37.5,21.57,23.31,22.46,22.64,21.32,20.63,21.13,21.17,22.2,22.59,21.51,21.65,21.84
T2M,1995,-2.5,38.125,23.03,24.84,24.33,24.53,23.28,22.05,22.12,22.17,23.48,23.99,22.79,23.11,23.3
T2M,1995,-2.5,38.75,26.11,27.63,27.02,26.72,25.12,24.26,24.24,24.01,25.27,26.05,24.63,25.69,25.55
T2M,1995,-2.5,39.375,26.88,28.24,28.01,27.26,25.6,24.2,24.46,24.34,25.61,26.73,25.44,26.68,26.11
T2M,1995,-2.5,40.0,27.61,28.74,28.59,27.85,26.29,25.33,25.29,25.09,25.91,26.93,25.92,27.35,26.73
T2M,1995,-2.5,40.625,27.25,27.9,28.28,28.26,27.13,25.82,25.55,25.14,25.6,26.65,26.52,27.54,26.8
T2M,1995,-2.5,41.25,26.04,26.47,27.37,27.93,27.42,25.9,25.47,24.91,25.02,26.07,26.55,27.12,26.35
T2M,1995,-2.5,41.875,25.85,26.4,27.25,27.84,27.46,25.94,25.55,24.92,24.98,26.11,26.63,27.13,26.34
T2M,1995,-3.0,34.375,22.97,22.3,21.46,22.69,20.81,20.94,20.94,21.91,23.78,24.78,24.16,23.82,22.54
T2M,1995,-3.0,35.0,21.33,21.05,20.0,20.62,18.74,18.56,18.38,19.6,21.43,22.48,21.72,22.05,20.49
T2M,1995,-3.0,35.625,17.59,18.21,17.48,17.51,15.58,14.66,14.46,15.37,17.25,18.46,18.17,18.46,16.92
T2M,1995,-3.0,36.25,22.43,23.59,22.92,22.39,19.83,18.68,18.93,20.21,21.89,23.48,22.91,23.71,21.74
T2M,1995,-3.0,36.875,20.44,22.16,21.79,21.28,18.92,17.4,17.67,18.67,20.81,22.45,21.53,21.59,20.38
T2M,1995,-3.0,37.5,17.21,18.94,18.39,18.1,16.58,15.21,14.96,15.49,16.91,17.94,17.57,17.57,17.06
T2M,1995,-3.0,38.125,23.29,24.8,24.45,24.23,22.86,21.64,21.47,21.46,22.8,23.71,22.57,22.94,23.01
T2M,1995,-3.0,38.75,26.22,27.85,27.24,26.36,24.73,23.78,23.68,23.51,24.77,25.79,24.18,25.38,25.28
T2M,1995,-3.0,39.375,27.34,28.73,28.45,27.19,25.49,24.16,24.34,24.15,25.32,26.67,25.29,26.67,26.14
T2M,1995,-3.0,40.0,27.45,28.19,28.43,27.82,26.42,25.49,25.23,24.95,25.51,26.57,26.07,27.35,26.61
T2M,1995,-3.0,40.625,26.41,26.8,27.73,27.98,27.26,25.87,25.43,24.94,25.09,26.11,26.5,27.26,26.45
T2M,1995,-3.0,41.25,26.15,26.55,27.55,28.03,27.46,25.91,25.5,24.89,25.03,26.08,26.56,27.23,26.41
T2M,1995,-3.0,41.875,26.03,26.51,27.42,27.94,27.5,25.93,25.58,24.87,24.98,26.12,26.64,27.24,26.4
T2M,1995,-3.5,34.375,24.35,23.66,22.58,23.68,22.06,22.19,22.14,22.81,24.66,26.0,25.66,25.15,23.74
T2M,1995,-3.5,35.0,23.34,22.92,21.61,21.75,20.01,19.55,19.28,20.21,21.98,23.38,23.16,23.58,21.72
T2M,1995,-3.5,35.625,21.56,21.88,20.56,20.06,18.05,17.18,16.96,17.97,19.86,21.31,21.17,22.0,19.87
T2M,1995,-3.5,36.25,23.19,24.16,22.8,21.75,19.53,18.69,18.82,19.99,21.68,22.94,22.72,23.86,21.66
T2M,1995,-3.5,36.875,23.44,24.42,23.05,21.6,19.31,17.74,18.19,19.21,20.94,22.26,21.96,23.57,21.29
T2M,1995,-3.5,37.5,25.37,26.39,25.25,23.79,21.54,20.14,20.33,21.11,22.86,24.08,23.62,24.76,23.25
T2M,1995,-3.5,38.125,23.44,24.72,24.18,23.07,21.38,20.26,19.93,19.89,21.18,22.35,21.89,22.62,22.06
T2M,1995,-3.5,38.75,25.49,26.73,26.22,25.13,23.58,22.14,22.07,22.07,23.18,24.48,23.71,24.77,24.12
T2M,1995,-3.5,39.375,27.47,28.52,28.03,26.58,24.93,23.61,23.79,23.62,24.65,26.01,25.19,26.6,25.74
T2M,1995,-3.5,40.0,27.21,27.67,28.18,27.71,26.72,25.73,25.36,24.93,25.22,26.25,26.37,27.45,26.56
T2M,1995,-3.5,40.625,26.47,26.8,27.8,27.92,27.3,25.87,25.43,24.89,25.01,26.03,26.56,27.37,26.45
T2M,1995,-3.5,41.25,26.37,26.71,27.77,28.04,27.44,25.9,25.49,24.84,25.02,26.06,26.61,27.39,26.47
T2M,1995,-3.5,41.875,26.24,26.61,27.63,27.99,27.48,25.93,25.54,24.8,24.97,26.11,26.65,27.36,26.44
T2M,1995,-4.0,34.375,24.66,23.85,22.96,23.97,22.37,22.73,22.4,23.1,25.15,26.67,26.5,25.44,24.15
T2M,1995,-4.0,35.0,22.51,22.08,20.87,21.14,19.57,19.49,19.04,19.89,21.74,23.18,23.17,23.03,21.3
T2M,1995,-4.0,35.625,21.24,21.53,19.98,19.79,17.96,17.07,16.79,17.75,19.39,21.13,21.3,21.79,19.63
T2M,1995,-4.0,36.25,22.99,23.74,22.2,21.61,19.57,18.78,18.7,19.75,21.54,23.04,23.09,23.79,21.55
T2M,1995,-4.0,36.875,22.63,23.44,22.29,21.4,19.36,17.93,18.18,19.04,20.61,22.17,22.1,23.06,21.0
T2M,1995,-4.0,37.5,24.4,25.37,24.43,23.19,21.18,19.78,19.89,20.63,22.29,23.62,23.4,24.33,22.69
T2M,1995,-4.0,38.125,25.74,26.58,25.57,24.08,22.42,21.12,21.02,21.15,22.62,23.61,23.3,24.5,23.46
T2M,1995,-4.0,38.75,26.51,27.33,26.59,24.91,23.2,21.85,21.97,21.95,23.02,24.42,24.06,25.47,24.26
T2M,1995,-4.0,39.375,27.98,28.56,28.15,26.72,25.18,24.1,24.12,24.01,24.94,26.23,25.92,27.21,26.08
T2M,1995,-4.0,40.0,26.89,27.14,27.94,27.79,27.09,25.9,25.4,24.96,25.07,26.03,26.56,27.46,26.52
T2M,1995,-4.0,40.625,26.68,26.95,27.89,27.92,27.32,25.85,25.43,24.87,25.0,25.98,26.63,27.46,26.5
T2M,1995,-4.0,41.25,26.57,26.88,27.89,28.05,27.41,25.88,25.46,24.77,25.0,26.01,26.66,27.49,26.5
T2M,1995,-4.0,41.875,26.44,26.72,27.77,28.06,27.43,25.89,25.48,24.72,24.95,26.05,26.65,27.49,26.47
T2M,1995,-4.5,34.375,23.39,22.35,22.01,22.47,20.83,20.75,20.07,20.94,23.14,25.01,24.86,24.14,22.49
T2M,1995,-4.5,35.0,21.28,20.71,19.78,19.9,18.32,17.84,17.34,18.25,20.06,21.73,21.75,21.79,19.89
T2M,1995,-4.5,35.625,20.89,21.22,19.59,19.5,17.79,17.01,16.62,17.6,19.16,20.78,20.97,21.53,19.38
T2M,1995,-4.5,36.25,22.98,23.71,22.04,21.61,19.84,19.03,18.76,19.81,21.53,22.97,23.07,23.87,21.59
T2M,1995,-4.5,36.875,22.39,23.13,21.85,21.18,19.39,18.07,18.1,18.95,20.3,21.81,21.89,22.9,20.82
T2M,1995,-4.5,37.5,23.84,24.67,23.52,22.51,20.58,18.81,19.01,19.71,21.18,22.81,22.71,23.94,21.93
T2M,1995,-4.5,38.125,24.53,25.39,24.49,23.19,21.24,19.14,19.37,19.79,21.42,22.81,22.45,23.66,22.27
T2M,1995,-4.5,38.75,26.68,27.54,26.74,25.21,23.42,21.71,22.16,22.25,23.34,24.64,24.4,25.86,24.48
T2M,1995,-4.5,39.375,27.94,28.33,28.35,27.32,26.12,25.02,24.95,24.71,25.22,26.4,26.64,27.72,26.55
T2M,1995,-4.5,40.0,26.87,27.11,27.91,27.9,27.23,25.91,25.4,24.98,25.09,26.02,26.66,27.48,26.54
T2M,1995,-4.5,40.625,26.88,27.11,27.92,27.95,27.32,25.81,25.41,24.84,24.99,25.95,26.68,27.55,26.53
T2M,1995,-4.5,41.25,26.77,27.04,27.91,28.05,27.39,25.85,25.41,24.72,24.97,25.97,26.68,27.59,26.53
T2M,1995,-4.5,41.875,26.66,26.88,27.84,28.07,27.39,25.85,25.43,24.67,24.95,25.98,26.68,27.61,26.5
T2M,1995,0.5,34.375,22.29,22.88,23.69,24.61,22.09,20.64,20.15,20.9,21.4,21.5,21.27,21.53,21.9
T2M,1995,0.5,35.0,18.34,19.57,20.1,20.94,19.22,18.13,17.19,17.79,18.36,18.46,18.21,18.01,18.68
T2M,1995,0.5,35.625,18.33,20.32,20.19,20.95,19.09,18.46,17.54,17.85,18.37,18.59,18.18,18.14,18.82
T2M,1995,0.5,36.25,21.36,22.96,22.55,23.69,22.55,21.78,20.41,21.38,21.61,22.17,21.55,21.1,21.91
T2M,1995,0.5,36.875,17.98,19.93,19.59,20.5,19.97,19.53,18.77,19.55,19.97,20.26,18.97,18.25,19.43
T2M,1995,0.5,37.5,21.25,23.15,22.64,23.1,22.61,22.17,22.03,22.66,23.13,22.94,21.48,20.92,22.33
T2M,1995,0.5,38.125,24.13,25.79,25.61,25.77,24.67,23.79,23.95,24.14,25.12,25.01,23.66,23.5,24.59
T2M,1995,0.5,38.75,26.4,28.12,28.23,28.01,26.62,25.59,25.75,25.8,26.96,27.13,26.16,26.29,26.74
T2M,1995,0.5,39.375,27.77,29.53,29.49,28.92,27.0,26.04,26.25,26.27,27.67,28.07,27.13,27.7,27.64
T2M,1995,0.5,40.0,28.41,30.02,29.78,29.14,27.17,26.19,26.38,26.41,27.82,28.37,27.25,28.19,27.91
T2M,1995,0.5,40.625,28.76,30.2,29.72,29.14,27.58,26.4,26.64,26.57,27.97,28.5,27.03,28.36,28.06
T2M,1995,0.5,41.25,28.92,30.11,29.51,29.01,27.78,26.58,26.76,26.54,27.84,28.42,27.18,28.46,28.08
T2M,1995,0.5,41.875,28.95,30.1,29.53,28.74,27.63,26.41,26.6,26.49,27.67,28.35,27.04,28.44,27.98
T2M,1995,1.0,34.375,17.69,18.61,19.16,20.06,18.39,17.07,16.24,16.82,17.35,17.49,17.28,17.25,17.78
T2M,1995,1.0,35.0,16.25,17.9,18.3,19.09,17.35,16.41,15.68,16.18,16.42,16.45,16.17,15.86,16.83
T2M,1995,1.0,35.625,19.66,21.3,21.33,21.84,19.75,19.47,18.33,18.66,19.24,19.73,19.06,19.23,19.79
T2M,1995,1.0,36.25,23.24,24.99,24.84,25.65,24.5,24.13,22.74,23.68,23.99,24.42,23.37,22.7,24.01
T2M,1995,1.0,36.875,18.89,20.8,20.71,21.33,20.8,20.17,19.66,20.29,20.6,20.66,19.64,18.87,20.19
T2M,1995,1.0,37.5,22.77,24.53,24.38,24.81,24.06,23.19,23.44,23.88,24.47,24.2,22.75,22.28,23.72
T2M,1995,1.0,38.125,25.74,27.36,27.49,27.7,26.71,25.36,25.74,25.82,26.78,26.79,25.52,25.3,26.35
T2M,1995,1.0,38.75,27.28,29.12,29.23,29.01,27.72,26.55,26.76,26.83,28.0,28.2,27.06,27.19,27.74
T2M,1995,1.0,39.375,27.85,29.82,29.56,28.99,27.16,26.28,26.66,26.68,28.06,28.37,26.99,27.71,27.83
T2M,1995,1.0,40.0,28.19,30.09,29.43,28.91,27.03,26.31,26.55,26.64,28.09,28.43,26.76,27.97,27.85
T2M,1995,1.0,40.625,28.58,30.47,29.66,29.02,27.73,26.8,27.02,26.96,28.34,28.68,26.68,28.21,28.17
T2M,1995,1.0,41.25,28.6,30.57,29.89,29.13,27.99,26.9,27.23,26.99,28.31,28.76,27.07,28.37,28.3
T2M,1995,1.0,41.875,29.09,30.75,30.1,28.88,27.81,26.92,27.09,26.94,28.14,28.59,26.83,28.61,28.3
T2M,1995,1.5,34.375,24.27,24.73,25.24,25.97,23.12,21.5,19.79,20.83,21.72,22.46,21.81,22.61,22.82
T2M,1995,1.5,35.0,21.38,22.48,22.89,23.34,21.26,20.04,18.92,19.74,20.27,20.85,20.01,20.3,20.94
T2M,1995,1.5,35.625,24.03,25.33,25.66,25.91,24.54,23.95,22.6,23.44,24.16,24.59,23.44,23.25,24.23
T2M,1995,1.5,36.25,26.43,27.82,27.94,28.56,27.66,27.21,25.8,26.75,27.38,27.59,26.12,25.76,27.08
T2M,1995,1.5,36.875,21.71,23.39,23.24,23.63,23.2,22.49,22.27,22.98,23.43,23.2,21.78,21.24,22.71
T2M,1995,1.5,37.5,24.41,26.07,25.96,26.4,25.58,24.49,24.59,24.97,25.76,25.71,24.26,23.95,25.17
T2M,1995,1.5,38.125,26.5,28.15,28.23,28.31,27.56,26.26,26.54,26.67,27.72,27.76,26.44,26.33,27.2
T2M,1995,1.5,38.75,27.04,29.05,29.02,28.86,27.65,26.8,27.11,27.15,28.34,28.48,26.8,27.06,27.77
T2M,1995,1.5,39.375,27.19,29.43,28.87,28.44,26.77,26.06,26.46,26.63,28.09,28.31,26.42,27.3,27.48
T2M,1995,1.5,40.0,27.51,29.85,29.26,28.66,26.87,26.22,26.62,26.81,28.28,28.54,26.52,27.58,27.71
T2M,1995,1.5,40.625,28.04,30.43,29.38,28.73,27.68,26.83,27.11,27.09,28.43,28.72,26.2,27.82,28.02
T2M,1995,1.5,41.25,28.45,30.86,30.27,29.08,28.01,27.12,27.23,27.12,28.4,28.81,26.34,28.35,28.32
T2M,1995,1.5,41.875,28.85,31.0,30.22,28.84,27.76,26.98,27.23,27.03,28.25,28.56,26.12,28.43,28.26
T2M,1995,2.0,34.375,26.48,27.02,27.58,27.95,25.51,24.06,22.17,23.6,24.53,25.46,24.5,25.09,25.32
T2M,1995,2.0,35.0,24.01,24.92,25.45,25.55,23.76,22.8,21.68,22.75,23.23,23.97,22.82,22.89,23.64
T2M,1995,2.0,35.625,27.14,28.15,28.77,28.74,27.57,26.95,25.93,26.71,27.51,28.07,26.54,26.5,27.37
T2M,1995,2.0,36.25,28.79,30.02,30.35,30.68,30.24,29.45,28.6,29.38,30.03,30.06,28.58,28.31,29.54
T2M,1995,2.0,36.875,22.34,23.83,23.77,23.96,23.56,22.54,22.72,23.13,23.59,23.51,22.13,21.81,23.07
T2M,1995,2.0,37.5,25.37,27.01,26.92,26.98,26.24,25.0,25.5,25.71,26.6,26.68,25.11,25.02,26.0
T2M,1995,2.0,38.125,25.63,27.42,27.4,27.27,26.55,25.47,26.01,26.12,27.32,27.38,25.67,25.7,26.49
T2M,1995,2.0,38.75,26.47,28.6,28.43,28.02,26.91,26.04,26.5,26.67,28.07,28.17,26.49,26.84,27.26
T2M,1995,2.0,39.375,26.72,29.15,28.37,27.79,26.19,25.64,26.1,26.33,27.97,28.06,25.89,26.89,27.08
T2M,1995,2.0,40.0,26.8,29.35,28.4,27.7,26.05,25.49,26.0,26.19,27.81,27.98,25.6,26.84,27.0
T2M,1995,2.0,40.625,27.3,29.96,28.38,27.6,26.76,26.24,26.59,26.46,27.85,28.06,24.98,26.81,27.23
T2M,1995,2.0,41.25,27.76,30.53,29.23,28.29,27.46,26.83,27.07,26.97,28.31,28.59,25.55,27.63,27.84
T2M,1995,2.0,41.875,28.37,30.9,29.87,28.51,27.38,27.08,27.18,26.97,28.3,28.48,25.66,28.1,28.05
T2M,1995,2.5,34.375,25.6,26.34,26.7,26.84,24.81,24.27,22.27,23.79,24.33,25.13,23.92,24.3,24.85
T2M,1995,2.5,35.0,25.21,26.19,26.79,26.65,25.14,24.5,23.69,24.59,24.78,25.61,24.31,24.4,25.15
T2M,1995,2.5,35.625,27.93,28.78,29.52,29.35,28.3,27.76,27.22,27.83,28.26,28.94,27.58,27.46,28.24
T2M,1995,2.5,36.25,29.06,30.14,30.54,30.52,30.07,29.15,28.93,29.32,29.9,30.1,28.87,28.62,29.6
T2M,1995,2.5,36.875,25.51,26.84,26.66,26.47,25.8,24.88,25.18,25.32,25.99,26.14,24.85,24.81,25.7
T2M,1995,2.5,37.5,27.29,28.56,28.29,27.98,27.26,26.41,26.9,27.02,28.03,28.11,26.66,26.69,27.43
T2M,1995,2.5,38.125,25.71,27.12,26.69,26.24,25.4,24.59,25.05,25.25,26.58,26.67,25.18,25.4,25.81
T2M,1995,2.5,38.75,26.78,28.33,27.84,27.17,26.05,25.42,25.91,26.17,27.7,27.69,26.13,26.64,26.81
T2M,1995,2.5,39.375,26.72,28.63,27.85,27.03,25.38,24.99,25.5,25.76,27.5,27.49,25.68,26.68,26.59
T2M,1995,2.5,40.0,26.3,28.4,27.47,26.71,25.24,24.65,25.16,25.36,27.02,27.17,25.14,26.39,26.24
T2M,1995,2.5,40.625,26.53,28.87,27.73,26.96,26.2,25.57,25.94,25.88,27.25,27.41,24.97,26.64,26.65
T2M,1995,2.5,41.25,27.61,29.88,28.81,27.77,27.14,26.39,26.48,26.45,27.75,28.0,25.96,27.88,27.5
T2M,1995,2.5,41.875,27.23,30.08,29.26,27.83,27.07,26.4,26.43,26.36,27.66,27.86,25.94,27.84,27.48
T2M,1995,3.0,34.375,24.2,25.06,25.23,25.18,23.39,23.04,21.55,22.64,22.85,23.51,22.58,22.87,23.5
T2M,1995,3.0,35.0,26.14,27.29,27.67,27.51,26.02,25.55,24.98,25.75,25.82,26.41,25.45,25.44,26.16
T2M,1995,3.0,35.625,28.82,29.71,30.47,30.23,29.22,28.85,28.57,29.01,29.22,29.89,28.89,28.56,29.28
T2M,1995,3.0,36.25,29.45,30.53,30.81,30.56,29.9,29.04,29.0,29.11,29.89,30.16,29.23,29.09,29.72
T2M,1995,3.0,36.875,28.08,29.33,29.11,28.8,28.14,27.39,27.67,27.79,28.62,28.78,27.51,27.59,28.23
T2M,1995,3.0,37.5,28.23,29.21,28.65,28.31,27.74,27.04,27.44,27.59,28.68,28.74,27.37,27.71,28.05
T2M,1995,3.0,38.125,26.85,27.93,27.14,26.76,26.02,25.11,25.5,25.91,27.22,27.29,26.04,26.62,26.52
T2M,1995,3.0,38.75,27.09,28.02,27.03,26.42,25.36,24.65,25.26,25.56,27.09,27.03,25.82,26.75,26.33
T2M,1995,3.0,39.375,26.63,28.01,27.1,26.24,24.63,24.17,24.58,24.89,26.64,26.59,25.42,26.47,25.93
T2M,1995,3.0,40.0,25.87,27.57,26.88,26.08,24.64,24.07,24.46,24.73,26.35,26.39,24.95,26.18,25.67
T2M,1995,3.0,40.625,25.97,28.12,27.77,26.89,26.02,25.24,25.5,25.55,26.89,26.98,25.49,26.86,26.43
T2M,1995,3.0,41.25,26.7,29.04,28.86,27.72,26.96,26.12,26.14,26.13,27.44,27.7,26.32,27.83,27.24
T2M,1995,3.0,41.875,25.99,29.15,28.96,27.56,26.78,25.9,25.83,25.91,27.24,27.45,26.15,27.48,27.02
T2M,1995,3.5,34.375,24.0,25.12,25.21,24.75,23.27,23.09,21.95,23.14,23.12,23.72,22.7,22.92,23.57
T2M,1995,3.5,35.0,27.52,28.66,28.98,28.59,27.2,26.79,26.22,27.14,27.22,27.97,26.93,27.02,27.51
T2M,1995,3.5,35.625,29.1,29.92,30.59,30.17,29.0,28.57,28.46,28.86,29.22,29.96,28.99,28.92,29.31
T2M,1995,3.5,36.25,29.25,30.0,30.2,29.81,28.97,28.27,28.34,28.47,29.3,29.63,28.65,28.87,29.14
T2M,1995,3.5,36.875,28.59,29.43,29.16,28.74,28.11,27.33,27.89,28.11,28.97,29.12,27.84,28.38,28.47
T2M,1995,3.5,37.5,27.77,28.29,27.4,26.88,26.23,25.48,25.7,26.09,27.11,27.35,26.24,27.08,26.79
T2M,1995,3.5,38.125,26.09,27.12,25.78,25.15,24.19,23.24,23.58,24.04,25.42,25.64,24.86,25.84,25.07
T2M,1995,3.5,38.75,25.94,27.16,25.78,24.77,23.34,22.49,22.82,23.22,24.7,24.94,24.3,25.53,24.57
T2M,1995,3.5,39.375,24.31,25.91,24.97,23.97,22.48,21.73,21.92,22.3,23.9,24.04,23.04,24.3,23.56
T2M,1995,3.5,40.0,25.14,26.92,26.38,25.3,24.04,23.59,23.78,24.1,25.68,25.53,24.14,25.49,25.0
T2M,1995,3.5,40.625,25.03,27.04,27.0,26.02,25.16,24.67,24.85,24.91,26.22,26.04,24.41,26.02,25.61
T2M,1995,3.5,41.25,25.4,28.26,28.68,27.52,26.85,26.07,26.03,26.09,27.39,27.49,26.0,27.4,26.92
T2M,1995,3.5,41.875,26.1,29.57,30.01,28.5,27.92,27.04,26.94,27.09,28.43,28.43,27.06,28.38,27.94
T2M,1995,4.0,34.375,26.9,27.9,27.8,26.98,25.47,25.4,24.35,25.89,25.98,26.37,25.25,25.95,26.18
T2M,1995,4.0,35.0,29.11,29.96,30.18,29.54,28.04,27.94,27.34,28.65,28.55,29.24,28.19,28.77,28.79
T2M,1995,4.0,35.625,28.28,29.02,29.52,28.94,27.56,26.96,26.97,27.67,27.97,28.75,27.87,28.26,28.14
T2M,1995,4.0,36.25,29.8,30.24,30.34,29.82,28.8,28.06,28.22,28.59,29.29,29.69,28.92,29.51,29.27
T2M,1995,4.0,36.875,28.3,28.77,28.33,27.56,26.57,25.95,26.26,27.03,27.59,27.82,27.07,28.09,27.44
T2M,1995,4.0,37.5,28.11,28.65,27.72,26.74,25.66,24.94,25.13,25.85,26.55,26.91,26.55,27.78,26.71
T2M,1995,4.0,38.125,24.28,25.45,24.13,23.07,21.84,20.75,20.69,21.26,22.28,22.7,22.52,23.83,22.72
T2M,1995,4.0,38.75,22.14,23.85,22.57,21.84,20.73,19.38,19.36,19.96,21.1,21.37,20.74,22.02,21.24
T2M,1995,4.0,39.375,22.62,24.97,23.63,22.59,21.46,20.65,20.82,21.4,22.81,22.54,21.44,22.69,22.28
T2M,1995,4.0,40.0,24.11,26.13,25.29,23.98,22.97,22.52,22.82,23.27,24.72,24.2,22.77,24.11,23.89
T2M,1995,4.0,40.625,23.99,26.2,26.2,25.03,24.43,24.26,24.37,24.53,25.8,25.19,23.36,24.8,24.84
T2M,1995,4.0,41.25,24.92,28.14,28.88,27.6,27.03,26.49,26.58,26.75,27.97,27.65,25.76,27.01,27.06
T2M,1995,4.0,41.875,26.18,29.98,31.03,29.4,28.82,28.12,28.17,28.37,29.68,29.29,27.51,28.85,28.77
T2M,1995,4.5,34.375,29.41,29.95,29.8,28.64,27.34,27.55,26.13,28.38,28.3,28.02,27.17,28.67,28.27
T2M,1995,4.5,35.0,29.41,30.04,30.19,29.22,27.54,27.73,27.19,28.9,28.79,29.09,28.21,29.36,28.8
T2M,1995,4.5,35.625,29.01,29.59,29.99,29.14,27.56,27.11,27.02,28.23,28.41,28.97,28.43,29.27,28.56
T2M,1995,4.5,36.25,30.15,30.33,30.51,29.67,28.18,27.75,27.87,28.91,29.1,29.48,29.28,30.23,29.28
T2M,1995,4.5,36.875,28.88,29.06,28.87,27.9,26.42,25.89,25.87,26.79,27.18,27.58,27.55,28.76,27.55
T2M,1995,4.5,37.5,26.64,26.71,26.14,25.2,23.65,23.06,23.06,24.08,24.14,24.47,24.71,26.15,24.82
T2M,1995,4.5,38.125,22.03,23.14,22.26,21.47,20.56,19.6,19.18,20.02,20.43,20.64,20.23,21.49,20.91
T2M,1995,4.5,38.75,22.11,23.95,23.07,22.19,21.23,20.47,20.26,21.04,21.75,21.61,20.93,22.21,21.72
T2M,1995,4.5,39.375,23.69,26.03,24.88,23.52,22.6,22.27,22.14,22.85,23.89,23.43,22.59,23.68,23.45
T2M,1995,4.5,40.0,22.7,25.0,24.21,23.02,22.25,21.61,21.54,22.05,23.17,22.81,21.72,22.84,22.73
T2M,1995,4.5,40.625,23.59,25.9,25.9,24.43,23.97,23.88,23.96,24.26,25.4,24.56,22.8,24.02,24.38
T2M,1995,4.5,41.25,23.46,26.35,27.16,25.74,25.03,24.84,24.85,25.18,26.37,25.75,23.7,24.93,25.27
T2M,1995,4.5,41.875,26.24,29.93,31.19,29.39,28.67,28.33,28.5,28.72,29.95,29.16,27.1,28.54,28.8
T2M,1996,-0.5,34.375,24.48,25.0,24.81,23.77,22.91,22.29,22.19,22.88,22.93,23.62,23.57,24.21,23.55
T2M,1996,-0.5,35.0,21.41,22.06,22.29,20.86,20.18,18.93,18.53,19.12,19.54,20.37,20.48,20.67,20.37
T2M,1996,-0.5,35.625,15.3,16.12,17.1,15.75,15.01,13.82,13.23,13.76,14.46,14.75,14.67,14.92,14.9
T2M,1996,-0.5,36.25,15.48,16.28,17.18,16.11,15.33,14.11,13.45,14.09,14.82,15.12,15.09,15.55,15.21
T2M,1996,-0.5,36.875,15.31,16.27,16.84,16.34,15.73,14.48,13.83,14.42,15.45,15.57,15.47,15.35,15.42
T2M,1996,-0.5,37.5,19.43,20.64,20.95,20.44,19.79,18.07,17.49,18.11,19.45,19.76,19.39,19.08,19.38
T2M,1996,-0.5,38.125,23.97,25.51,25.26,25.14,24.7,23.06,22.48,22.78,24.2,24.66,23.14,23.2,24.0
T2M,1996,-0.5,38.75,26.69,28.27,27.62,27.09,26.32,24.68,24.07,24.24,25.51,26.36,25.09,25.53,25.95
T2M,1996,-0.5,39.375,28.4,29.93,29.37,28.0,26.79,25.32,24.67,24.81,25.93,27.11,26.55,26.94,26.97
T2M,1996,-0.5,40.0,28.84,30.39,29.74,28.38,27.11,25.4,24.77,24.91,25.96,27.24,26.97,27.18,27.23
T2M,1996,-0.5,40.625,28.95,30.47,29.64,28.52,26.9,24.79,24.23,24.47,25.36,26.62,26.55,26.68,26.92
T2M,1996,-0.5,41.25,29.04,30.3,29.64,28.73,27.08,24.94,24.56,24.77,25.5,26.76,26.68,26.86,27.06
T2M,1996,-0.5,41.875,28.53,29.47,29.26,28.89,27.49,25.58,24.97,24.78,25.53,26.65,27.04,27.26,27.11
T2M,1996,-1.0,34.375,22.43,22.87,23.17,22.01,22.04,21.34,21.35,22.0,22.1,22.85,22.82,22.62,22.3
T2M,1996,-1.0,35.0,20.12,20.27,20.71,18.79,18.64,17.72,17.55,18.37,18.91,19.78,19.73,20.02,19.22
T2M,1996,-1.0,35.625,19.28,19.66,19.66,17.51,17.11,15.8,15.29,16.18,17.1,17.91,17.93,18.87,17.69
T2M,1996,-1.0,36.25,17.62,18.58,18.59,17.02,16.44,14.74,14.09,15.01,16.32,17.03,16.97,17.44,16.65
T2M,1996,-1.0,36.875,17.55,18.6,19.28,18.5,17.98,16.65,16.29,16.97,18.48,18.64,17.96,17.64,17.87
T2M,1996,-1.0,37.5,20.84,22.06,22.44,21.83,21.07,19.55,18.84,19.44,21.04,21.52,21.04,20.88,20.87
T2M,1996,-1.0,38.125,23.37,24.79,24.06,24.06,23.36,21.8,20.97,21.23,22.66,23.31,22.31,22.91,22.89
T2M,1996,-1.0,38.75,26.95,28.44,27.23,26.86,25.97,24.68,23.86,23.98,25.27,26.12,25.03,26.1,25.86
T2M,1996,-1.0,39.375,28.79,30.24,29.04,27.82,26.53,25.34,24.55,24.74,25.8,26.94,26.35,27.33,26.94
T2M,1996,-1.0,40.0,29.13,30.68,29.56,28.13,27.02,25.48,24.8,24.95,25.94,27.15,26.89,27.36,27.25
T2M,1996,-1.0,40.625,28.68,30.2,29.22,28.13,26.69,24.58,24.03,24.23,25.03,26.29,26.42,26.32,26.64
T2M,1996,-1.0,41.25,28.42,29.63,29.12,28.35,26.82,24.75,24.24,24.36,24.99,26.21,26.42,26.37,26.63
T2M,1996,-1.0,41.875,27.55,28.24,28.56,28.4,27.28,25.62,24.9,24.49,25.03,25.99,26.67,26.57,26.6
T2M,1996,-1.5,34.375,22.36,22.86,23.45,21.65,22.56,21.91,22.27,22.81,22.72,23.96,24.06,23.19,22.82
T2M,1996,-1.5,35.0,21.01,21.13,21.37,19.17,19.67,19.14,19.25,20.26,20.87,21.77,21.46,21.45,20.55
T2M,1996,-1.5,35.625,18.52,18.99,18.95,17.09,17.0,15.75,15.2,16.15,17.72,18.38,18.19,18.59,17.54
T2M,1996,-1.5,36.25,22.27,23.29,23.28,21.63,21.19,19.54,19.12,19.92,21.82,22.51,21.97,22.47,21.58
T2M,1996,-1.5,36.875,19.14,20.19,20.72,19.81,19.17,17.99,17.75,18.53,19.81,19.93,19.4,19.27,19.3
T2M,1996,-1.5,37.5,20.22,21.5,21.8,20.95,20.26,18.89,18.25,18.84,20.33,20.65,20.47,20.21,20.19
T2M,1996,-1.5,38.125,23.27,24.62,24.36,23.87,23.19,21.55,20.8,21.09,22.61,23.27,22.85,22.93,22.86
T2M,1996,-1.5,38.75,27.01,28.32,27.26,26.61,25.68,24.57,23.69,23.81,25.09,25.94,25.28,26.19,25.78
T2M,1996,-1.5,39.375,28.73,30.06,28.63,27.43,26.32,25.03,24.3,24.5,25.64,26.72,26.38,27.32,26.74
T2M,1996,-1.5,40.0,29.18,30.71,29.26,27.69,26.63,25.04,24.44,24.66,25.54,26.76,26.67,27.09,26.96
T2M,1996,-1.5,40.625,28.53,30.0,29.01,27.92,26.68,24.66,24.1,24.22,24.94,26.12,26.49,26.28,26.57
T2M,1996,-1.5,41.25,27.99,29.23,28.7,28.02,26.81,24.92,24.37,24.39,24.91,25.99,26.44,26.01,26.47
T2M,1996,-1.5,41.875,26.76,27.25,27.95,27.96,27.15,25.77,24.99,24.36,24.77,25.57,26.42,26.18,26.26
T2M,1996,-1.7975103014118005e-13,34.375,23.27,24.14,24.05,23.23,22.04,21.19,21.28,21.7,21.86,22.69,22.61,22.93,22.58
T2M,1996,-1.7975103014118005e-13,35.0,20.84,21.9,22.23,21.27,20.23,18.87,18.69,19.01,19.53,20.21,20.22,20.17,20.26
T2M,1996,-1.7975103014118005e-13,35.625,14.93,16.07,17.45,16.71,15.97,14.78,14.37,14.83,15.39,15.31,15.1,14.76,15.47
T2M,1996,-1.7975103014118005e-13,36.25,18.01,18.96,20.24,19.48,18.94,17.15,16.54,16.92,17.75,18.38,18.05,17.8,18.18
T2M,1996,-1.7975103014118005e-13,36.875,16.61,17.54,18.47,17.91,17.79,16.53,15.86,16.33,17.25,17.49,17.19,16.6,17.13
T2M,1996,-1.7975103014118005e-13,37.5,16.27,17.46,18.11,17.58,17.29,15.9,15.43,16.01,16.99,16.98,16.66,15.93,16.71
T2M,1996,-1.7975103014118005e-13,38.125,24.6,26.07,26.11,25.82,25.61,23.73,23.37,23.8,25.17,25.47,23.85,23.7,24.77
T2M,1996,-1.7975103014118005e-13,38.75,27.31,28.87,28.78,27.93,27.16,25.44,24.94,25.12,26.33,27.22,26.06,26.12,26.77
T2M,1996,-1.7975103014118005e-13,39.375,28.49,30.09,29.96,28.58,27.31,25.73,25.09,25.28,26.47,27.66,27.24,27.32,27.43
T2M,1996,-1.7975103014118005e-13,40.0,28.87,30.37,30.15,28.93,27.51,25.81,25.09,25.24,26.41,27.7,27.49,27.62,27.59
T2M,1996,-1.7975103014118005e-13,40.625,29.18,30.68,30.01,28.65,27.24,25.28,24.77,25.04,26.07,27.41,27.19,27.47,27.4
T2M,1996,-1.7975103014118005e-13,41.25,29.42,30.75,29.93,28.59,27.34,25.39,25.06,25.3,26.17,27.42,27.18,27.65,27.51
T2M,1996,-1.7975103014118005e-13,41.875,29.13,30.33,29.63,28.66,27.44,25.61,25.17,25.13,26.09,27.3,27.42,27.84,27.47
T2M,1996,-2.0,34.375,22.79,23.17,23.77,21.75,22.86,22.29,22.83,23.53,23.97,25.2,24.89,24.05,23.43
T2M,1996,-2.0,35.0,21.18,21.35,21.46,19.34,19.78,19.12,19.41,20.62,21.86,22.3,21.69,21.82,20.83
T2M,1996,-2.0,35.625,18.92,19.51,19.45,17.58,17.44,15.85,15.36,16.64,18.78,19.13,18.88,19.19,18.06
T2M,1996,-2.0,36.25,24.81,25.85,25.99,24.25,23.98,22.38,22.03,22.99,24.91,25.2,24.74,25.34,24.37
T2M,1996,-2.0,36.875,20.22,21.2,21.45,20.34,19.69,18.8,18.64,19.03,20.32,20.45,20.15,20.21,20.04
T2M,1996,-2.0,37.5,21.38,22.48,22.66,21.68,20.96,19.83,19.24,19.68,21.18,21.5,21.31,21.22,21.09
T2M,1996,-2.0,38.125,23.96,25.19,24.97,24.19,23.39,22.01,21.34,21.61,23.1,23.68,23.39,23.59,23.36
T2M,1996,-2.0,38.75,27.1,28.15,27.2,26.19,25.31,24.27,23.46,23.53,24.88,25.8,25.32,26.21,25.61
T2M,1996,-2.0,39.375,28.53,29.66,28.23,27.0,25.92,24.52,23.84,24.1,25.32,26.41,26.29,27.09,26.4
T2M,1996,-2.0,40.0,29.15,30.33,28.83,27.54,26.44,25.08,24.45,24.66,25.52,26.65,26.67,27.17,26.86
T2M,1996,-2.0,40.625,28.51,29.64,28.81,27.84,26.69,24.97,24.37,24.43,25.02,26.06,26.56,26.6,26.61
T2M,1996,-2.0,41.25,27.45,28.08,28.37,28.19,27.19,25.71,24.98,24.51,24.94,25.77,26.58,26.56,26.52
T2M,1996,-2.0,41.875,26.44,26.92,27.76,27.8,27.21,25.96,25.07,24.31,24.68,25.42,26.29,26.01,26.15
T2M,1996,-2.5,34.375,22.6,22.66,23.06,21.31,22.01,21.29,22.07,23.24,24.11,25.26,24.47,23.28,22.95
T2M,1996,-2.5,35.0,20.76,20.97,20.86,19.08,19.21,18.44,18.6,20.27,21.8,22.22,21.44,20.9,20.38
T2M,1996,-2.5,35.625,21.99,22.57,22.23,20.34,20.09,18.63,18.53,20.12,22.38,22.76,22.21,21.8,21.13
T2M,1996,-2.5,36.25,24.53,25.49,25.32,23.64,23.2,21.43,21.05,22.38,24.77,25.23,24.62,24.47,23.84
T2M,1996,-2.5,36.875,21.82,22.68,22.74,21.83,21.74,20.16,20.18,21.05,22.8,22.82,21.98,21.29,21.75
T2M,1996,-2.5,37.5,22.11,23.22,23.25,22.2,21.5,20.75,20.39,20.82,22.27,22.56,22.13,21.68,21.9
T2M,1996,-2.5,38.125,23.89,25.08,24.92,24.0,23.13,21.88,21.38,21.63,23.23,23.9,23.55,23.65,23.35
T2M,1996,-2.5,38.75,27.11,28.02,27.27,26.02,25.07,24.08,23.39,23.36,24.86,25.87,25.62,26.25,25.57
T2M,1996,-2.5,39.375,28.0,28.97,28.0,26.63,25.47,23.95,23.38,23.64,25.02,26.19,26.32,26.94,26.03
T2M,1996,-2.5,40.0,28.3,29.12,28.42,27.3,26.08,24.87,24.25,24.4,25.24,26.3,26.68,27.33,26.52
T2M,1996,-2.5,40.625,27.72,28.29,28.44,27.95,26.85,25.43,24.71,24.5,24.99,25.81,26.6,26.9,26.51
T2M,1996,-2.5,41.25,26.68,27.03,27.81,27.84,27.15,25.84,24.95,24.26,24.68,25.35,26.26,26.13,26.16
T2M,1996,-2.5,41.875,26.59,26.99,27.85,27.82,27.23,26.0,25.11,24.34,24.69,25.44,26.35,26.08,26.2
T2M,1996,-3.0,34.375,22.52,22.11,22.58,20.92,21.21,20.16,20.8,22.26,23.65,24.85,24.41,23.04,22.38
T2M,1996,-3.0,35.0,21.3,21.23,21.12,19.29,19.19,18.0,17.99,19.89,21.76,22.43,22.17,21.45,20.48
T2M,1996,-3.0,35.625,18.31,18.73,18.37,16.68,15.94,14.58,14.1,15.32,17.71,18.22,18.54,18.12,17.04
T2M,1996,-3.0,36.25,23.34,24.17,23.67,21.5,20.52,18.7,18.38,20.06,22.32,23.28,23.9,22.85,21.88
T2M,1996,-3.0,36.875,21.67,22.83,22.98,20.88,19.63,17.4,17.09,18.21,21.18,22.6,22.68,21.31,20.7
T2M,1996,-3.0,37.5,17.93,19.05,18.91,17.75,16.75,14.9,14.44,15.18,16.99,17.71,17.94,17.7,17.1
T2M,1996,-3.0,38.125,23.69,24.76,24.55,23.52,22.5,21.31,20.65,20.92,22.55,23.49,23.51,23.59,22.91
T2M,1996,-3.0,38.75,26.98,27.62,26.87,25.54,24.49,23.47,22.81,22.75,24.43,25.53,25.46,26.04,25.16
T2M,1996,-3.0,39.375,27.95,28.64,27.83,26.41,25.17,23.71,23.12,23.39,24.84,26.08,26.4,27.21,25.89
T2M,1996,-3.0,40.0,27.72,28.26,28.18,27.26,26.11,24.98,24.3,24.22,24.95,25.95,26.67,27.24,26.31
T2M,1996,-3.0,40.625,27.03,27.24,27.95,27.75,27.13,25.71,24.82,24.29,24.65,25.34,26.25,26.4,26.21
T2M,1996,-3.0,41.25,26.9,27.1,27.89,27.86,27.24,25.91,24.99,24.29,24.7,25.34,26.33,26.29,26.23
T2M,1996,-3.0,41.875,26.85,27.08,27.92,27.85,27.26,26.02,25.1,24.33,24.72,25.42,26.34,26.28,26.26
T2M,1996,-3.5,34.375,23.8,22.95,23.69,22.03,22.33,21.51,22.0,23.24,24.93,25.57,25.44,24.38,23.49
T2M,1996,-3.5,35.0,23.03,22.64,22.61,20.6,20.4,19.35,19.07,20.53,22.45,23.02,23.07,23.39,21.68
T2M,1996,-3.5,35.625,22.08,22.03,21.4,19.3,18.75,17.16,16.59,17.98,20.4,21.04,21.2,21.92,19.98
T2M,1996,-3.5,36.25,24.18,24.53,23.4,21.2,20.41,18.84,18.43,20.04,22.19,22.72,22.93,23.76,21.88
T2M,1996,-3.5,36.875,24.72,24.72,23.29,21.07,20.05,18.04,17.62,18.76,21.29,22.14,22.5,23.62,21.48
T2M,1996,-3.5,37.5,25.87,26.3,25.2,23.25,21.99,20.12,19.7,20.56,22.96,23.94,24.25,25.17,23.27
T2M,1996,-3.5,38.125,23.49,24.44,23.65,22.27,21.09,19.84,19.22,19.33,20.94,22.05,22.54,23.13,21.82
T2M,1996,-3.5,38.75,25.88,26.45,25.6,24.32,23.43,22.0,21.27,21.28,22.82,24.12,24.5,25.21,23.9
T2M,1996,-3.5,39.375,27.68,28.13,27.21,25.81,24.69,23.26,22.64,22.88,24.23,25.45,25.96,27.09,25.41
T2M,1996,-3.5,40.0,27.63,27.91,27.99,27.33,26.41,25.34,24.59,24.23,24.72,25.58,26.42,26.96,26.25
T2M,1996,-3.5,40.625,27.17,27.29,27.93,27.73,27.19,25.74,24.86,24.28,24.59,25.3,26.26,26.49,26.23
T2M,1996,-3.5,41.25,27.17,27.24,27.94,27.87,27.35,25.94,25.0,24.3,24.71,25.31,26.35,26.52,26.3
T2M,1996,-3.5,41.875,27.11,27.19,27.93,27.89,27.31,26.01,25.06,24.3,24.72,25.36,26.33,26.49,26.3
T2M,1996,-4.0,34.375,23.88,23.13,24.09,22.56,22.73,21.83,22.19,23.58,25.63,26.05,26.15,24.73,23.88
T2M,1996,-4.0,35.0,22.19,21.57,22.01,20.26,20.06,19.19,19.04,20.43,22.34,22.66,22.9,22.87,21.29
T2M,1996,-4.0,35.625,21.63,21.42,21.15,19.21,18.75,17.22,16.59,17.82,20.15,20.85,21.18,21.91,19.82
T2M,1996,-4.0,36.25,23.87,23.92,23.21,21.19,20.58,19.01,18.47,20.07,22.16,22.79,23.03,24.03,21.86
T2M,1996,-4.0,36.875,23.5,23.75,22.76,21.02,20.12,18.41,17.88,18.94,21.17,22.01,22.33,23.32,21.26
T2M,1996,-4.0,37.5,25.05,25.35,24.22,22.56,21.67,19.8,19.39,20.37,22.49,23.41,23.65,24.82,22.72
T2M,1996,-4.0,38.125,25.59,25.86,24.58,23.2,22.25,20.72,20.3,20.61,22.32,23.31,23.68,25.2,23.13
T2M,1996,-4.0,38.75,26.51,26.8,25.47,24.13,23.2,21.75,21.16,21.13,22.68,24.05,24.57,26.03,23.95
T2M,1996,-4.0,39.375,27.92,28.39,27.4,25.96,24.97,23.69,23.16,23.35,24.43,25.62,26.31,27.43,25.71
T2M,1996,-4.0,40.0,27.41,27.69,27.98,27.5,26.69,25.56,24.79,24.33,24.57,25.32,26.29,26.71,26.23
T2M,1996,-4.0,40.625,27.35,27.5,28.04,27.76,27.22,25.75,24.87,24.3,24.57,25.29,26.3,26.67,26.3
T2M,1996,-4.0,41.25,27.34,27.41,28.03,27.88,27.43,25.93,24.96,24.31,24.69,25.29,26.39,26.69,26.36
T2M,1996,-4.0,41.875,27.3,27.33,27.97,27.93,27.37,25.98,25.01,24.28,24.7,25.32,26.37,26.66,26.35
T2M,1996,-4.5,34.375,22.54,21.75,23.04,21.2,21.21,19.8,19.75,21.21,23.64,24.24,24.97,23.56,22.24
T2M,1996,-4.5,35.0,20.89,20.08,20.85,19.07,18.83,17.19,17.12,18.43,20.7,21.13,21.77,21.77,19.82
T2M,1996,-4.5,35.625,21.17,20.71,20.84,18.89,18.57,17.06,16.47,17.66,19.92,20.44,20.97,21.89,19.55
T2M,1996,-4.5,36.25,23.64,23.43,23.19,21.22,20.77,19.23,18.67,20.19,22.11,22.63,23.19,24.38,21.88
T2M,1996,-4.5,36.875,22.98,23.2,22.49,20.83,20.07,18.42,17.92,19.0,20.86,21.6,22.31,23.34,21.08
T2M,1996,-4.5,37.5,24.43,24.6,23.49,21.92,21.06,19.06,18.71,19.56,21.59,22.63,23.37,24.59,22.08
T2M,1996,-4.5,38.125,24.65,24.84,23.51,22.16,21.27,18.96,18.77,19.4,21.33,22.53,23.16,24.51,22.08
T2M,1996,-4.5,38.75,26.82,27.02,25.6,24.3,23.5,21.66,21.38,21.5,22.93,24.24,24.97,26.47,24.19
T2M,1996,-4.5,39.375,28.04,28.55,27.72,26.71,25.9,24.75,24.2,24.03,24.69,25.74,26.62,27.54,26.2
T2M,1996,-4.5,40.0,27.43,27.84,28.09,27.54,26.88,25.63,24.84,24.39,24.54,25.31,26.34,26.75,26.29
T2M,1996,-4.5,40.625,27.51,27.77,28.15,27.8,27.24,25.73,24.86,24.29,24.54,25.29,26.38,26.82,26.36
T2M,1996,-4.5,41.25,27.49,27.63,28.12,27.91,27.4,25.89,24.9,24.3,24.63,25.3,26.43,26.8,26.4
T2M,1996,-4.5,41.875,27.44,27.52,28.06,27.92,27.38,25.96,24.96,24.25,24.66,25.3,26.41,26.76,26.38
T2M,1996,0.5,34.375,22.14,23.38,23.6,22.39,21.13,19.82,19.95,20.32,20.69,21.28,21.23,21.62,21.46
T2M,1996,0.5,35.0,18.48,19.92,20.81,20.14,18.88,17.21,17.03,17.27,17.96,18.27,18.08,18.03,18.5
T2M,1996,0.5,35.625,19.04,20.56,21.36,20.71,19.48,17.62,17.3,17.58,18.35,18.59,18.13,18.48,18.93
T2M,1996,0.5,36.25,21.52,22.85,23.69,23.6,23.01,20.47,19.84,20.16,21.18,22.1,21.43,21.2,21.75
T2M,1996,0.5,36.875,18.51,19.73,20.77,20.62,20.8,18.76,18.1,18.44,19.4,20.06,19.1,18.17,19.37
T2M,1996,0.5,37.5,21.77,23.15,23.75,23.35,23.31,21.66,21.27,21.75,22.91,22.86,21.66,21.21,22.38
T2M,1996,0.5,38.125,24.61,26.11,26.61,25.99,25.43,23.49,22.97,23.39,24.76,25.28,24.06,23.75,24.7
T2M,1996,0.5,38.75,27.24,28.81,29.16,28.19,27.23,25.5,24.99,25.22,26.41,27.31,26.48,26.26,26.89
T2M,1996,0.5,39.375,28.6,30.36,30.36,28.86,27.7,26.08,25.48,25.78,26.99,28.16,27.71,27.49,27.79
T2M,1996,0.5,40.0,29.08,30.79,30.49,28.83,27.75,26.14,25.51,25.79,26.99,28.27,28.01,27.91,27.95
T2M,1996,0.5,40.625,29.41,30.93,30.35,28.63,27.59,25.9,25.47,25.77,26.94,28.25,28.0,28.1,27.93
T2M,1996,0.5,41.25,29.58,30.82,30.18,28.72,27.68,26.01,25.62,25.76,26.81,28.03,27.97,28.4,27.96
T2M,1996,0.5,41.875,29.6,30.76,30.03,28.65,27.57,25.91,25.52,25.53,26.72,27.96,28.04,28.48,27.89
T2M,1996,1.0,34.375,17.74,18.76,19.15,18.56,17.55,16.21,15.96,16.34,16.89,17.21,17.03,17.14,17.37
T2M,1996,1.0,35.0,16.05,17.72,18.75,18.17,17.09,15.7,15.41,15.82,16.36,16.19,16.0,15.58,16.56
T2M,1996,1.0,35.625,19.83,21.43,21.99,21.3,20.15,18.05,17.72,18.05,18.97,19.84,19.17,19.3,19.64
T2M,1996,1.0,36.25,23.24,24.68,25.42,25.5,25.06,22.52,21.76,22.28,23.5,24.19,23.18,22.86,23.68
T2M,1996,1.0,36.875,19.14,20.39,21.23,21.24,21.32,19.43,18.79,19.04,20.04,20.26,19.54,18.69,19.92
T2M,1996,1.0,37.5,23.13,24.46,25.13,24.74,24.64,22.82,22.3,22.8,24.07,24.28,23.0,22.61,23.66
T2M,1996,1.0,38.125,26.31,27.82,28.33,27.82,27.26,25.25,24.68,25.08,26.33,27.04,25.75,25.58,26.43
T2M,1996,1.0,38.75,28.17,29.87,30.13,29.13,28.27,26.64,26.08,26.29,27.51,28.38,27.47,27.24,27.92
T2M,1996,1.0,39.375,28.78,30.75,30.56,28.88,28.02,26.48,25.91,26.17,27.4,28.51,27.94,27.62,28.07
T2M,1996,1.0,40.0,29.06,30.91,30.45,28.44,27.73,26.21,25.64,26.05,27.25,28.51,28.11,27.82,28.0
T2M,1996,1.0,40.625,29.49,31.2,30.5,28.5,27.71,26.19,25.82,26.18,27.42,28.66,28.29,28.08,28.16
T2M,1996,1.0,41.25,29.76,31.28,30.64,28.82,27.81,26.24,25.89,26.21,27.38,28.6,28.47,28.45,28.29
T2M,1996,1.0,41.875,30.12,31.19,30.6,28.99,27.82,26.24,25.95,26.01,27.31,28.49,28.43,28.62,28.3
T2M,1996,1.5,34.375,23.72,25.28,24.83,24.25,21.79,19.86,19.86,20.29,20.89,22.34,22.4,23.12,22.38
T2M,1996,1.5,35.0,21.16,22.87,23.05,22.33,20.93,18.84,18.62,19.28,20.15,20.93,20.47,20.57,20.76
T2M,1996,1.5,35.625,24.06,25.69,25.78,25.33,24.56,22.11,21.71,22.67,24.18,24.73,23.52,23.37,23.97
T2M,1996,1.5,36.25,26.39,27.76,28.06,28.19,27.83,25.2,24.81,25.73,27.25,27.62,26.12,25.67,26.71
T2M,1996,1.5,36.875,21.77,23.03,23.49,23.16,23.49,21.72,21.38,21.96,23.02,23.12,21.83,21.28,22.43
T2M,1996,1.5,37.5,24.75,26.03,26.52,26.16,26.13,24.13,23.47,24.03,25.4,25.83,24.44,24.14,25.08
T2M,1996,1.5,38.125,27.34,28.96,29.02,28.58,28.21,26.35,25.79,26.1,27.31,28.06,26.59,26.55,27.4
T2M,1996,1.5,38.75,28.28,30.41,30.06,28.9,28.61,26.93,26.39,26.62,27.88,28.73,27.4,27.22,28.11
T2M,1996,1.5,39.375,28.53,30.37,30.1,28.31,27.81,26.34,25.74,26.19,27.44,28.52,27.79,27.37,27.87
T2M,1996,1.5,40.0,28.9,30.81,30.36,28.44,27.83,26.4,25.87,26.26,27.51,28.67,28.0,27.61,28.05
T2M,1996,1.5,40.625,29.41,31.15,30.49,28.26,27.65,26.25,25.96,26.35,27.63,28.74,28.28,27.9,28.16
T2M,1996,1.5,41.25,29.97,31.39,30.93,29.12,28.0,26.48,26.02,26.26,27.59,28.74,28.44,28.45,28.44
T2M,1996,1.5,41.875,30.28,31.25,30.68,29.03,27.81,26.26,26.0,26.17,27.49,28.58,28.25,28.42,28.34
T2M,1996,2.0,34.375,25.88,27.48,27.11,26.89,24.39,22.23,22.36,23.04,23.93,25.5,25.12,25.5,24.94
T2M,1996,2.0,35.0,23.72,25.42,25.21,24.67,23.53,21.3,21.13,22.12,23.33,24.12,23.14,23.2,23.4
T2M,1996,2.0,35.625,27.3,28.71,28.56,28.16,27.71,25.0,24.66,25.83,27.61,28.2,26.68,26.5,27.07
T2M,1996,2.0,36.25,28.81,30.23,30.19,30.29,30.25,27.61,27.42,28.68,30.25,30.18,28.51,28.1,29.2
T2M,1996,2.0,36.875,22.32,23.68,23.82,23.41,23.74,21.99,21.72,22.4,23.44,23.43,22.13,21.75,22.82
T2M,1996,2.0,37.5,25.8,27.22,27.27,26.71,26.81,25.05,24.52,25.1,26.29,26.76,25.35,25.1,25.99
T2M,1996,2.0,38.125,26.69,28.72,28.3,27.57,27.62,25.93,25.35,25.68,26.92,27.63,26.08,25.83,26.85
T2M,1996,2.0,38.75,28.03,29.93,29.43,28.31,28.09,26.51,25.91,26.34,27.64,28.49,27.19,27.02,27.73
T2M,1996,2.0,39.375,28.35,30.24,29.52,27.71,27.4,25.99,25.44,26.07,27.36,28.28,27.43,27.2,27.57
T2M,1996,2.0,40.0,28.41,30.24,29.44,27.58,27.16,25.76,25.27,25.8,27.1,28.04,27.3,27.11,27.42
T2M,1996,2.0,40.625,29.11,30.65,29.46,27.34,26.94,25.62,25.53,25.79,27.09,28.1,27.31,27.08,27.49
T2M,1996,2.0,41.25,29.6,31.04,30.11,28.12,27.53,26.18,25.91,26.17,27.57,28.62,27.97,27.97,28.06
T2M,1996,2.0,41.875,30.25,31.04,30.53,28.74,27.68,26.14,26.08,26.21,27.62,28.55,27.97,28.39,28.26
T2M,1996,2.5,34.375,24.9,26.78,26.28,26.04,24.31,21.89,22.1,23.18,24.63,25.27,24.37,24.57,24.52
T2M,1996,2.5,35.0,25.07,26.81,26.52,25.99,25.25,22.77,22.4,23.61,24.82,25.27,24.52,24.5,24.79
T2M,1996,2.5,35.625,28.18,29.61,29.4,28.96,28.69,25.76,25.29,26.47,27.92,28.7,27.53,27.4,27.82
T2M,1996,2.5,36.25,29.19,30.58,30.41,30.19,30.33,27.73,27.59,28.77,29.97,30.0,28.79,28.52,29.33
T2M,1996,2.5,36.875,25.52,27.05,26.52,26.05,26.08,24.45,24.24,24.88,25.89,25.99,24.89,24.95,25.54
T2M,1996,2.5,37.5,27.63,29.52,28.48,27.84,27.98,26.44,26.09,26.58,27.72,28.16,26.85,26.85,27.5
T2M,1996,2.5,38.125,26.54,28.76,27.31,26.48,26.37,24.87,24.37,24.89,26.18,26.83,25.56,25.61,26.14
T2M,1996,2.5,38.75,28.04,30.08,28.55,27.36,27.14,25.75,25.28,25.88,27.22,27.91,26.8,26.94,27.24
T2M,1996,2.5,39.375,28.12,30.2,28.7,26.83,26.55,25.29,24.79,25.55,26.91,27.53,26.9,27.06,27.02
T2M,1996,2.5,40.0,27.91,29.61,28.38,26.41,26.07,24.79,24.37,24.96,26.42,27.14,26.66,26.77,26.61
T2M,1996,2.5,40.625,28.51,29.72,28.75,26.87,26.34,25.11,24.94,25.23,26.6,27.39,26.88,27.03,26.94
T2M,1996,2.5,41.25,29.4,30.37,29.77,27.97,27.15,25.87,25.44,25.67,27.13,27.99,27.65,28.27,27.72
T2M,1996,2.5,41.875,29.4,30.23,30.06,28.29,27.17,25.72,25.4,25.6,27.08,27.81,27.65,28.12,27.7
T2M,1996,3.0,34.375,23.6,25.76,24.71,24.2,23.33,20.76,20.63,21.95,23.63,24.14,23.0,23.27,23.24
T2M,1996,3.0,35.0,26.17,28.16,27.39,26.82,26.34,23.68,23.34,24.75,26.24,26.51,25.58,25.64,25.88
T2M,1996,3.0,35.625,29.26,30.74,30.43,29.99,29.81,26.93,26.66,27.89,29.48,29.62,28.73,28.51,29.0
T2M,1996,3.0,36.25,29.75,31.21,30.7,30.29,30.25,28.13,27.98,28.75,29.88,29.97,29.23,29.15,29.6
T2M,1996,3.0,36.875,28.44,30.32,29.03,28.58,28.59,26.92,26.77,27.37,28.47,28.75,27.69,27.84,28.22
T2M,1996,3.0,37.5,28.73,30.8,28.76,28.16,28.18,26.86,26.66,27.16,28.39,28.82,27.66,27.95,28.17
T2M,1996,3.0,38.125,27.93,30.03,27.53,26.52,26.35,25.12,24.69,25.5,26.83,27.33,26.45,26.89,26.75
T2M,1996,3.0,38.75,28.19,30.13,27.53,26.09,25.78,24.63,24.37,25.21,26.59,27.01,26.47,27.21,26.59
T2M,1996,3.0,39.375,27.82,29.64,27.74,25.68,25.21,24.12,23.76,24.59,26.08,26.47,26.31,26.93,26.18
T2M,1996,3.0,40.0,27.44,28.9,27.62,25.48,25.02,23.88,23.61,24.25,25.78,26.27,26.09,26.35,25.88
T2M,1996,3.0,40.625,28.01,28.94,28.62,26.78,26.02,24.79,24.55,24.9,26.31,26.87,26.71,26.85,26.6
T2M,1996,3.0,41.25,28.83,29.62,29.63,27.87,26.82,25.61,25.15,25.38,26.89,27.54,27.53,27.68,27.37
T2M,1996,3.0,41.875,28.58,29.37,29.57,28.01,26.84,25.39,24.86,25.15,26.73,27.26,27.42,27.35,27.2
T2M,1996,3.5,34.375,23.6,25.8,24.48,23.61,23.31,20.96,20.87,22.54,24.04,24.02,22.93,23.06,23.26
T2M,1996,3.5,35.0,27.79,29.83,28.41,27.81,27.55,24.84,24.77,26.09,27.78,28.08,26.95,27.03,27.23
T2M,1996,3.5,35.625,29.67,31.14,30.21,29.75,29.66,27.06,26.89,28.15,29.58,29.76,28.92,28.76,29.12
T2M,1996,3.5,36.25,29.68,31.21,30.03,29.49,29.35,27.53,27.45,28.15,29.34,29.52,28.81,28.87,29.11
T2M,1996,3.5,36.875,29.24,31.14,29.07,28.48,28.36,26.87,26.9,27.73,28.9,29.14,28.29,28.52,28.54
T2M,1996,3.5,37.5,28.19,30.1,27.42,26.59,26.39,24.95,24.8,25.64,26.94,27.21,26.67,27.43,26.85
T2M,1996,3.5,38.125,27.24,29.08,26.1,24.65,24.05,22.92,22.64,23.48,24.95,25.38,25.34,26.22,25.16
T2M,1996,3.5,38.75,26.84,28.74,26.11,24.22,23.35,22.13,21.87,22.72,24.14,24.64,24.95,25.96,24.63
T2M,1996,3.5,39.375,25.53,27.25,25.47,23.43,22.67,21.37,21.03,21.84,23.3,23.77,23.94,24.49,23.66
T2M,1996,3.5,40.0,26.66,28.02,26.94,24.74,24.25,23.14,22.92,23.57,25.12,25.37,25.2,25.45,25.11
T2M,1996,3.5,40.625,26.96,27.82,27.63,25.76,25.17,24.1,23.9,24.29,25.71,25.92,25.62,25.63,25.7
T2M,1996,3.5,41.25,27.99,28.59,29.22,27.71,26.75,25.62,25.08,25.31,26.9,27.31,27.19,26.72,27.03
T2M,1996,3.5,41.875,29.11,29.61,30.29,29.0,27.98,26.6,26.05,26.29,27.95,28.35,28.39,27.75,28.11
T2M,1996,4.0,34.375,26.43,28.89,26.78,25.4,25.48,23.41,23.46,25.09,26.88,26.64,25.29,25.93,25.8
T2M,1996,4.0,35.0,29.32,31.43,29.41,28.45,28.4,26.07,26.08,27.52,29.11,29.44,28.12,28.54,28.48
T2M,1996,4.0,35.625,29.04,30.53,29.03,28.42,28.12,26.04,25.75,26.75,28.21,28.66,28.03,28.0,28.04
T2M,1996,4.0,36.25,30.43,31.85,30.15,29.59,29.12,27.5,27.39,28.17,29.45,29.62,29.23,29.49,29.32
T2M,1996,4.0,36.875,29.1,30.75,28.25,27.46,26.88,25.36,25.26,26.44,27.78,27.86,27.63,28.22,27.57
T2M,1996,4.0,37.5,28.9,30.49,27.75,26.57,25.76,24.32,24.19,25.32,26.6,26.83,27.08,27.99,26.8
T2M,1996,4.0,38.125,25.05,26.86,24.41,22.83,21.59,20.1,19.73,20.65,21.9,22.44,23.12,24.09,22.72
T2M,1996,4.0,38.75,23.25,24.83,22.98,21.44,20.56,18.88,18.35,19.39,20.6,21.17,21.49,22.23,21.25
T2M,1996,4.0,39.375,24.22,25.81,24.22,22.49,21.74,20.2,19.85,20.94,22.24,22.43,22.26,22.93,22.43
T2M,1996,4.0,40.0,25.52,27.03,25.81,23.87,23.22,21.98,21.9,22.87,24.25,24.07,23.81,24.33,24.05
T2M,1996,4.0,40.625,25.81,26.85,26.74,24.96,24.5,23.59,23.45,23.91,25.42,25.21,24.58,24.4,24.94
T2M,1996,4.0,41.25,27.82,28.49,29.26,27.85,27.06,26.08,25.66,25.97,27.58,27.6,27.09,26.24,27.22
T2M,1996,4.0,41.875,29.64,30.14,31.0,29.64,28.88,27.71,27.26,27.54,29.22,29.33,29.11,28.06,28.95
T2M,1996,4.5,34.375,28.63,31.23,28.49,26.91,27.4,25.35,25.7,27.16,28.95,28.85,27.05,28.35,27.83
T2M,1996,4.5,35.0,29.64,31.79,29.46,28.07,28.02,26.03,26.01,27.42,28.93,29.52,28.24,28.95,28.5
T2M,1996,4.5,35.625,29.96,31.51,29.53,28.7,28.2,26.2,25.95,26.85,28.38,29.11,28.73,28.92,28.49
T2M,1996,4.5,36.25,30.96,32.36,30.31,29.44,28.73,26.91,26.88,27.87,29.49,29.73,29.84,30.01,29.37
T2M,1996,4.5,36.875,29.78,31.11,29.06,27.86,26.79,25.12,25.02,26.04,27.32,27.62,28.34,28.83,27.73
T2M,1996,4.5,37.5,27.13,28.65,26.62,25.01,23.76,22.09,22.02,23.22,24.22,24.79,25.57,26.26,24.93
T2M,1996,4.5,38.125,22.64,24.4,22.84,21.45,20.25,18.71,18.23,19.36,20.36,20.73,21.04,21.63,20.96
T2M,1996,4.5,38.75,23.22,24.76,23.76,22.25,21.18,19.68,19.26,20.5,21.51,21.69,21.74,21.97,21.78
T2M,1996,4.5,39.375,24.89,26.61,25.55,23.87,22.79,21.51,21.2,22.41,23.75,23.56,23.29,23.62,23.58
T2M,1996,4.5,40.0,23.73,25.45,24.84,23.35,22.29,20.89,20.59,21.45,22.99,22.89,22.42,22.62,22.78
T2M,1996,4.5,40.625,25.0,26.43,26.35,24.74,24.02,23.12,22.95,23.66,25.16,24.68,23.94,23.65,24.47
T2M,1996,4.5,41.25,25.63,26.72,27.4,25.91,25.07,24.26,23.86,24.35,26.08,25.7,25.11,24.19,25.35
T2M,1996,4.5,41.875,29.41,29.97,31.01,29.35,28.61,27.77,27.5,27.89,29.58,29.18,28.91,27.78,28.91
T2M,1997,-0.5,34.375,24.75,26.23,26.51,22.38,22.03,22.71,22.46,23.17,25.52,24.92,22.9,22.9,23.86
T2M,1997,-0.5,35.0,21.59,22.95,23.89,19.57,19.05,19.27,18.68,19.29,21.4,21.34,19.98,19.69,20.54
T2M,1997,-0.5,35.625,15.75,16.6,17.97,15.07,14.33,13.99,13.39,13.86,15.63,15.29,14.98,14.55,15.11
T2M,1997,-0.5,36.25,16.41,17.1,17.93,15.6,14.85,14.39,13.78,14.18,16.05,15.56,15.21,15.01,15.49
T2M,1997,-0.5,36.875,16.4,17.67,18.14,16.51,15.39,14.86,14.41,14.96,16.53,16.03,15.73,15.44,15.99
T2M,1997,-0.5,37.5,20.29,21.36,22.36,20.5,19.18,18.96,18.29,18.85,20.43,19.95,19.25,18.92,19.85
T2M,1997,-0.5,38.125,24.65,25.31,26.71,24.37,23.92,24.07,23.21,23.64,24.9,23.53,22.86,22.53,24.13
T2M,1997,-0.5,38.75,27.2,27.81,28.88,25.94,25.55,25.62,24.72,25.06,26.38,25.11,24.57,24.26,25.91
T2M,1997,-0.5,39.375,28.63,29.27,29.93,26.72,26.16,25.73,24.86,25.58,27.03,25.77,25.64,25.41,26.71
T2M,1997,-0.5,40.0,28.99,29.67,30.27,27.28,26.23,25.78,24.8,25.57,27.18,26.26,26.32,26.23,27.03
T2M,1997,-0.5,40.625,28.89,29.67,30.08,27.3,26.15,25.32,24.11,24.94,26.71,25.99,26.0,25.86,26.73
T2M,1997,-0.5,41.25,28.95,29.6,29.92,27.47,26.36,25.39,24.27,25.21,27.09,26.21,26.12,25.98,26.86
T2M,1997,-0.5,41.875,28.24,28.74,29.33,28.06,26.81,25.84,24.77,25.32,26.78,26.72,26.63,26.52,26.97
T2M,1997,-1.0,34.375,23.12,23.88,25.0,21.01,20.15,20.57,20.93,22.02,24.43,24.29,22.03,21.31,22.39
T2M,1997,-1.0,35.0,20.55,21.56,22.64,18.46,17.37,17.1,16.91,17.99,20.3,20.31,19.12,18.62,19.23
T2M,1997,-1.0,35.625,19.86,21.25,21.4,17.36,16.14,15.49,14.96,15.94,18.34,18.27,17.45,17.23,17.79
T2M,1997,-1.0,36.25,18.56,19.82,19.69,16.9,15.53,14.96,14.32,15.33,17.42,17.16,16.34,16.31,16.84
T2M,1997,-1.0,36.875,18.67,20.06,20.64,18.59,17.04,16.98,16.75,17.67,19.23,18.36,17.42,17.09,18.19
T2M,1997,-1.0,37.5,22.0,22.86,24.0,21.84,20.34,19.98,19.49,20.25,21.86,21.3,20.61,20.15,21.21
T2M,1997,-1.0,38.125,24.24,24.68,25.58,23.38,22.72,22.61,21.68,22.07,23.52,22.52,22.17,22.05,23.09
T2M,1997,-1.0,38.75,27.7,28.13,28.82,25.7,25.26,25.33,24.5,24.83,26.2,24.92,24.57,24.41,25.85
T2M,1997,-1.0,39.375,29.1,29.62,29.9,26.55,26.13,25.55,24.74,25.53,26.95,25.59,25.65,25.8,26.74
T2M,1997,-1.0,40.0,29.4,30.07,30.33,27.05,26.11,25.78,24.78,25.62,27.21,26.22,26.28,26.37,27.08
T2M,1997,-1.0,40.625,28.55,29.47,29.82,27.01,25.73,25.04,23.8,24.57,26.31,25.86,26.01,25.94,26.49
T2M,1997,-1.0,41.25,28.12,28.97,29.41,27.23,25.91,25.1,23.92,24.57,26.43,25.98,26.05,25.92,26.45
T2M,1997,-1.0,41.875,26.98,27.37,28.4,27.94,26.63,25.84,24.9,25.09,26.25,26.58,26.73,26.8,26.62
T2M,1997,-1.5,34.375,23.65,24.23,25.82,20.93,20.15,21.32,22.0,23.31,25.32,25.17,22.44,21.29,22.96
T2M,1997,-1.5,35.0,22.14,22.99,24.15,19.3,17.96,18.05,18.6,20.13,22.3,21.8,20.03,19.24,20.54
T2M,1997,-1.5,35.625,19.61,21.11,20.91,17.32,15.75,15.39,14.92,16.43,18.53,18.3,17.35,16.93,17.69
T2M,1997,-1.5,36.25,23.77,24.93,24.74,21.3,19.25,19.61,19.2,20.74,22.83,22.01,20.61,20.31,21.59
T2M,1997,-1.5,36.875,20.71,21.77,22.03,19.61,18.05,18.18,18.16,19.21,20.46,19.41,18.59,18.25,19.52
T2M,1997,-1.5,37.5,21.42,22.43,23.12,21.1,19.39,19.29,18.81,19.67,21.02,20.49,19.95,19.62,20.51
T2M,1997,-1.5,38.125,24.03,24.57,25.65,23.76,22.44,22.32,21.47,22.02,23.52,22.93,22.55,22.16,23.11
T2M,1997,-1.5,38.75,27.65,28.11,28.58,25.7,24.9,25.01,24.31,24.62,26.0,24.8,24.75,24.54,25.73
T2M,1997,-1.5,39.375,29.02,29.63,29.71,26.39,25.53,25.41,24.44,25.2,26.67,25.57,25.66,25.74,26.56
T2M,1997,-1.5,40.0,29.32,30.1,30.11,26.74,25.67,25.2,24.19,25.22,26.97,25.94,26.09,26.21,26.79
T2M,1997,-1.5,40.625,28.35,29.41,29.73,26.96,25.62,25.02,23.86,24.49,26.15,25.92,26.05,26.06,26.45
T2M,1997,-1.5,41.25,27.51,28.49,29.08,27.15,25.72,25.13,24.07,24.49,26.21,26.04,26.14,26.05,26.32
T2M,1997,-1.5,41.875,26.07,26.29,27.64,27.74,26.61,26.05,25.27,25.08,25.89,26.48,26.87,27.08,26.42
T2M,1997,-1.7975103014118005e-13,34.375,23.46,24.62,25.84,21.97,21.96,22.4,21.82,22.28,24.36,23.57,22.39,22.6,23.1
T2M,1997,-1.7975103014118005e-13,35.0,21.07,22.18,23.73,19.88,19.82,19.92,19.13,19.54,21.38,21.1,20.08,19.91,20.64
T2M,1997,-1.7975103014118005e-13,35.625,15.46,16.22,18.12,15.75,15.31,15.1,14.55,14.9,15.94,15.72,15.36,14.84,15.6
T2M,1997,-1.7975103014118005e-13,36.25,18.6,19.06,20.81,18.07,17.6,17.78,16.7,17.05,19.35,18.71,17.63,16.89,18.18
T2M,1997,-1.7975103014118005e-13,36.875,17.56,18.56,19.8,18.05,16.99,17.02,16.38,16.81,18.83,18.08,17.11,16.36,17.62
T2M,1997,-1.7975103014118005e-13,37.5,16.93,17.78,18.98,17.8,16.71,16.6,16.07,16.5,17.88,17.21,16.55,15.99,17.08
T2M,1997,-1.7975103014118005e-13,38.125,24.96,25.71,27.13,25.08,24.48,24.99,24.23,24.68,25.78,24.11,23.2,22.92,24.76
T2M,1997,-1.7975103014118005e-13,38.75,27.45,28.25,29.51,26.7,26.23,26.39,25.59,25.91,27.22,25.68,24.94,24.59,26.53
T2M,1997,-1.7975103014118005e-13,39.375,28.51,29.4,30.21,27.09,26.41,26.24,25.36,26.01,27.49,26.02,25.66,25.27,26.96
T2M,1997,-1.7975103014118005e-13,40.0,28.79,29.68,30.43,27.62,26.58,26.21,25.26,25.91,27.53,26.36,26.2,25.9,27.19
T2M,1997,-1.7975103014118005e-13,40.625,29.17,29.91,30.37,27.49,26.5,25.84,24.77,25.69,27.5,26.23,26.01,25.75,27.08
T2M,1997,-1.7975103014118005e-13,41.25,29.47,30.01,30.25,27.49,26.73,25.9,24.86,25.96,27.78,26.39,26.15,26.0,27.23
T2M,1997,-1.7975103014118005e-13,41.875,29.12,29.68,29.96,27.88,26.77,26.06,25.04,25.9,27.45,26.64,26.28,26.11,27.22
T2M,1997,-2.0,34.375,24.62,24.78,26.61,21.37,20.55,21.59,22.55,24.02,25.85,25.64,22.9,21.9,23.53
T2M,1997,-2.0,35.0,22.68,23.29,24.18,19.54,18.09,18.43,18.87,20.72,22.64,21.9,20.32,19.65,20.85
T2M,1997,-2.0,35.625,20.34,21.27,21.17,17.98,16.04,15.85,15.17,16.84,19.11,18.83,18.08,17.6,18.17
T2M,1997,-2.0,36.25,26.41,27.15,27.04,24.0,22.0,22.42,21.8,23.59,25.29,24.6,23.74,23.37,24.27
T2M,1997,-2.0,36.875,21.85,22.96,22.43,20.19,18.55,18.6,18.84,19.56,20.7,19.87,19.39,19.04,20.15
T2M,1997,-2.0,37.5,22.43,23.38,23.63,21.61,19.88,19.86,19.6,20.38,21.67,21.01,20.68,20.38,21.19
T2M,1997,-2.0,38.125,24.65,25.08,25.95,24.08,22.53,22.45,21.78,22.35,23.75,23.14,22.9,22.54,23.42
T2M,1997,-2.0,38.75,27.8,28.27,28.4,25.68,24.4,24.54,23.99,24.32,25.67,24.69,24.73,24.64,25.58
T2M,1997,-2.0,39.375,28.84,29.47,29.27,26.35,25.1,24.9,23.87,24.68,26.19,25.42,25.65,25.74,26.27
T2M,1997,-2.0,40.0,29.04,29.91,29.66,26.7,25.47,25.14,24.19,25.2,26.72,25.85,26.08,26.26,26.66
T2M,1997,-2.0,40.625,28.01,28.96,29.2,27.07,25.71,25.18,24.14,24.6,26.08,25.93,26.23,26.39,26.44
T2M,1997,-2.0,41.25,26.66,27.1,28.19,27.79,26.45,25.89,25.06,25.21,26.11,26.41,26.69,26.93,26.54
T2M,1997,-2.0,41.875,25.64,25.85,27.39,27.68,26.85,26.32,25.61,25.08,25.67,26.5,27.03,27.34,26.42
T2M,1997,-2.5,34.375,23.88,23.84,25.41,21.21,20.17,20.84,21.49,23.25,25.14,25.11,22.53,21.6,22.87
T2M,1997,-2.5,35.0,22.06,22.3,22.97,19.19,17.56,17.81,18.06,19.88,21.88,21.8,20.32,19.49,20.27
T2M,1997,-2.5,35.625,23.52,23.93,23.45,20.39,18.12,18.21,17.9,19.81,22.24,22.28,21.26,20.6,20.96
T2M,1997,-2.5,36.25,25.84,26.66,25.82,23.22,21.13,21.26,20.55,22.46,24.92,24.59,23.72,23.31,23.6
T2M,1997,-2.5,36.875,23.1,24.22,22.74,21.35,19.88,20.24,19.93,21.65,22.99,22.17,21.2,20.67,21.66
T2M,1997,-2.5,37.5,23.19,24.09,23.29,21.73,20.06,20.17,20.28,21.16,22.48,21.85,21.34,20.95,21.7
T2M,1997,-2.5,38.125,24.79,25.33,25.73,23.95,22.19,22.04,21.49,22.24,23.75,23.03,22.89,22.69,23.33
T2M,1997,-2.5,38.75,27.9,28.25,28.06,25.7,24.05,24.15,23.75,24.17,25.48,24.73,24.78,24.86,25.47
T2M,1997,-2.5,39.375,28.56,29.08,28.45,26.27,24.58,24.35,23.36,24.1,25.57,25.25,25.55,25.76,25.89
T2M,1997,-2.5,40.0,28.35,28.96,28.75,26.64,25.34,24.99,24.13,24.91,26.09,25.62,25.88,26.11,26.3
T2M,1997,-2.5,40.625,27.1,27.47,28.33,27.38,26.28,25.72,24.8,24.95,25.93,25.99,26.59,26.94,26.45
T2M,1997,-2.5,41.25,25.73,25.93,27.42,27.55,26.86,26.32,25.46,24.94,25.56,26.29,26.94,27.37,26.37
T2M,1997,-2.5,41.875,25.65,25.85,27.46,27.67,26.88,26.38,25.69,25.06,25.68,26.49,27.09,27.34,26.44
T2M,1997,-3.0,34.375,23.43,23.05,24.43,20.88,19.56,19.98,20.04,22.05,24.32,24.39,22.4,21.46,22.16
T2M,1997,-3.0,35.0,22.42,22.24,22.83,19.39,17.56,17.45,17.41,19.3,21.79,22.07,20.97,20.17,20.29
T2M,1997,-3.0,35.625,19.05,19.57,19.43,16.82,14.78,14.23,13.63,15.08,17.13,18.04,17.85,17.42,16.9
T2M,1997,-3.0,36.25,24.63,25.33,24.69,21.11,18.5,18.21,17.98,19.57,22.34,22.82,22.48,22.23,21.63
T2M,1997,-3.0,36.875,22.75,24.26,21.97,20.36,18.39,17.53,16.68,18.55,21.5,22.15,21.61,20.92,20.53
T2M,1997,-3.0,37.5,18.65,19.59,18.61,17.54,15.71,15.16,14.3,15.33,16.95,17.35,17.4,17.44,16.98
T2M,1997,-3.0,38.125,24.78,25.2,25.13,23.56,21.57,21.32,20.73,21.3,22.94,22.64,22.58,22.64,22.85
T2M,1997,-3.0,38.75,27.69,27.98,27.3,25.24,23.39,23.43,22.99,23.6,24.95,24.35,24.31,24.56,24.96
T2M,1997,-3.0,39.375,28.49,28.88,27.93,26.06,24.28,24.05,23.02,23.88,25.26,24.96,25.3,25.61,25.62
T2M,1997,-3.0,40.0,27.57,27.86,28.04,26.79,25.5,25.12,24.36,24.78,25.69,25.66,25.95,26.27,26.12
T2M,1997,-3.0,40.625,26.11,26.06,27.59,27.41,26.82,26.22,25.27,24.91,25.54,26.16,26.87,27.32,26.36
T2M,1997,-3.0,41.25,25.88,25.92,27.52,27.49,26.88,26.36,25.54,24.97,25.61,26.29,27.01,27.35,26.4
T2M,1997,-3.0,41.875,25.82,25.89,27.53,27.6,26.87,26.42,25.71,25.07,25.71,26.49,27.15,27.3,26.47
T2M,1997,-3.5,34.375,24.81,24.09,25.51,21.76,20.41,20.95,21.27,22.92,24.83,25.08,23.76,22.78,23.18
T2M,1997,-3.5,35.0,24.25,24.04,23.62,20.54,18.62,18.55,18.42,19.88,22.04,22.66,22.45,21.99,21.41
T2M,1997,-3.5,35.625,23.38,23.43,21.8,19.17,16.96,16.65,16.06,17.54,19.52,20.61,20.91,20.78,19.71
T2M,1997,-3.5,36.25,25.62,25.88,23.37,20.8,18.46,18.14,17.84,19.37,21.74,22.27,22.54,22.55,21.52
T2M,1997,-3.5,36.875,25.75,26.55,22.84,20.65,18.45,17.98,17.04,18.65,20.9,21.56,22.07,22.34,21.2
T2M,1997,-3.5,37.5,26.86,27.7,25.03,22.77,20.4,20.01,19.29,20.71,22.82,23.15,23.53,23.97,22.99
T2M,1997,-3.5,38.125,24.38,24.69,24.03,22.24,20.12,19.9,19.28,19.9,21.39,21.42,21.62,21.89,21.72
T2M,1997,-3.5,38.75,26.39,26.68,25.89,24.32,22.45,22.22,21.39,22.03,23.37,23.53,23.68,23.96,23.81
T2M,1997,-3.5,39.375,27.91,28.12,27.28,25.62,23.89,23.6,22.55,23.45,24.73,24.55,24.86,25.22,25.13
T2M,1997,-3.5,40.0,27.09,26.86,27.69,27.08,26.15,25.66,24.84,24.82,25.52,25.86,26.42,26.81,26.23
T2M,1997,-3.5,40.625,26.25,25.94,27.57,27.4,26.9,26.35,25.35,24.92,25.52,26.19,26.92,27.34,26.39
T2M,1997,-3.5,41.25,26.2,25.95,27.58,27.49,26.87,26.42,25.56,25.0,25.65,26.3,27.03,27.31,26.45
T2M,1997,-3.5,41.875,26.1,25.92,27.56,27.59,26.87,26.5,25.65,25.08,25.74,26.44,27.17,27.23,26.49
T2M,1997,-4.0,34.375,24.96,24.04,25.51,22.3,21.21,21.61,21.65,23.37,25.24,25.61,24.49,23.16,23.59
T2M,1997,-4.0,35.0,23.48,22.91,22.37,20.11,18.57,18.45,18.19,19.67,21.56,22.28,22.23,21.46,20.93
T2M,1997,-4.0,35.625,23.05,22.81,20.7,18.98,17.05,16.79,15.96,17.35,19.16,20.33,20.95,20.53,19.45
T2M,1997,-4.0,36.25,25.36,25.19,22.4,20.65,18.65,18.37,17.73,19.22,21.28,22.24,22.73,22.38,21.32
T2M,1997,-4.0,36.875,24.69,24.93,21.91,20.51,18.59,18.12,17.18,18.45,20.44,21.42,21.93,21.85,20.81
T2M,1997,-4.0,37.5,26.07,26.43,23.97,22.27,20.16,19.83,18.96,20.25,22.36,22.65,22.97,23.04,22.39
T2M,1997,-4.0,38.125,26.37,26.65,25.01,23.15,21.13,20.87,20.26,21.18,22.8,22.61,22.87,23.36,23.0
T2M,1997,-4.0,38.75,26.92,27.16,25.76,24.03,22.13,21.86,21.15,21.91,23.27,23.48,23.73,24.21,23.78
T2M,1997,-4.0,39.375,27.86,27.93,27.54,25.82,24.39,24.05,23.09,23.99,25.11,24.99,25.31,25.66,25.46
T2M,1997,-4.0,40.0,26.66,26.05,27.57,27.31,26.69,26.14,25.15,24.88,25.42,26.04,26.86,27.26,26.34
T2M,1997,-4.0,40.625,26.53,25.97,27.6,27.43,26.89,26.4,25.38,24.92,25.53,26.19,26.97,27.33,26.43
T2M,1997,-4.0,41.25,26.45,25.97,27.62,27.51,26.86,26.48,25.51,25.01,25.66,26.3,27.09,27.28,26.48
T2M,1997,-4.0,41.875,26.34,25.95,27.57,27.56,26.87,26.57,25.57,25.06,25.74,26.38,27.21,27.21,26.5
T2M,1997,-4.5,34.375,23.68,22.15,24.05,21.08,20.25,20.46,19.56,21.22,23.43,23.94,23.23,21.88,22.08
T2M,1997,-4.5,35.0,22.19,21.1,20.93,19.04,17.75,17.59,16.89,18.28,20.1,20.83,21.03,20.29,19.66
T2M,1997,-4.5,35.625,22.65,22.01,20.1,18.73,16.97,16.71,15.93,17.28,18.93,19.99,20.73,20.17,19.16
T2M,1997,-4.5,36.25,25.27,24.77,22.21,20.74,18.94,18.82,17.98,19.44,21.23,22.15,22.87,22.25,21.37
T2M,1997,-4.5,36.875,24.52,24.38,21.67,20.45,18.68,18.36,17.33,18.52,20.26,21.16,21.86,21.64,20.71
T2M,1997,-4.5,37.5,25.69,25.82,23.14,21.75,19.75,19.4,18.29,19.31,21.13,22.0,22.64,22.67,21.77
T2M,1997,-4.5,38.125,25.52,25.89,23.94,22.35,20.15,19.67,18.62,19.59,21.57,21.88,22.19,22.5,21.96
T2M,1997,-4.5,38.75,27.37,27.48,25.9,24.33,22.36,22.05,21.24,22.02,23.42,23.9,24.11,24.46,24.03
T2M,1997,-4.5,39.375,27.83,27.45,27.74,26.64,25.42,25.1,24.28,24.6,25.41,25.89,26.4,26.63,26.11
T2M,1997,-4.5,40.0,26.73,25.94,27.66,27.39,26.8,26.26,25.24,24.93,25.42,26.15,27.0,27.29,26.4
T2M,1997,-4.5,40.625,26.78,26.05,27.69,27.43,26.83,26.4,25.37,24.9,25.51,26.2,27.05,27.32,26.46
T2M,1997,-4.5,41.25,26.62,26.05,27.67,27.47,26.81,26.49,25.45,24.98,25.64,26.27,27.15,27.27,26.49
T2M,1997,-4.5,41.875,26.53,26.0,27.58,27.51,26.85,26.57,25.52,25.02,25.72,26.31,27.23,27.24,26.51
T2M,1997,0.5,34.375,22.76,24.33,25.7,21.24,21.2,21.53,20.64,21.05,23.03,22.45,21.59,21.82,22.27
T2M,1997,0.5,35.0,19.21,20.38,22.2,18.61,18.54,18.53,17.72,18.01,19.45,19.12,18.29,18.05,19.0
T2M,1997,0.5,35.625,19.74,20.45,22.02,18.77,18.47,18.29,17.57,17.94,19.29,18.85,17.79,17.39,18.87
T2M,1997,0.5,36.25,22.3,22.84,24.09,21.47,21.48,21.92,20.25,20.61,23.04,22.36,20.76,20.18,21.77
T2M,1997,0.5,36.875,19.28,20.06,21.4,19.94,19.2,19.84,18.7,19.05,20.94,20.11,18.43,17.67,19.54
T2M,1997,0.5,37.5,22.35,23.38,24.45,22.83,22.09,22.55,22.04,22.55,23.65,22.2,20.67,19.98,22.39
T2M,1997,0.5,38.125,24.88,25.68,27.12,25.02,24.19,24.57,23.82,24.33,25.46,23.84,22.66,22.41,24.49
T2M,1997,0.5,38.75,27.29,28.15,29.46,26.87,25.99,26.24,25.5,25.95,27.23,25.63,24.8,24.61,26.47
T2M,1997,0.5,39.375,28.7,29.63,30.41,27.27,26.21,26.55,25.79,26.49,27.98,26.17,25.64,25.39,27.17
T2M,1997,0.5,40.0,29.18,30.07,30.61,27.28,26.31,26.56,25.76,26.48,28.13,26.39,25.93,25.65,27.34
T2M,1997,0.5,40.625,29.45,30.21,30.64,27.38,26.63,26.67,25.73,26.59,28.29,26.52,25.94,25.66,27.46
T2M,1997,0.5,41.25,29.61,30.16,30.55,27.84,27.09,26.73,25.74,26.65,28.22,26.71,26.43,26.21,27.65
T2M,1997,0.5,41.875,29.61,30.09,30.42,28.08,26.9,26.69,25.77,26.65,28.11,26.73,26.29,26.08,27.6
T2M,1997,1.0,34.375,17.83,18.91,20.95,17.69,17.71,17.58,16.66,16.92,18.6,17.9,17.51,17.52,17.98
T2M,1997,1.0,35.0,17.09,18.0,20.08,16.94,16.73,16.91,15.94,16.25,17.49,17.0,16.27,15.94,17.05
T2M,1997,1.0,35.625,20.56,21.25,22.53,19.48,19.43,19.89,18.28,18.88,21.34,19.62,18.0,17.75,19.74
T2M,1997,1.0,36.25,24.22,24.66,25.93,23.91,23.98,24.21,22.69,23.24,24.96,23.99,22.26,21.74,23.81
T2M,1997,1.0,36.875,19.66,20.43,21.86,20.78,20.03,20.34,19.68,19.89,20.69,20.14,18.64,18.13,20.02
T2M,1997,1.0,37.5,23.63,24.41,25.71,24.07,23.3,23.7,23.21,23.71,24.57,23.22,21.41,21.04,23.49
T2M,1997,1.0,38.125,26.63,27.25,28.74,26.54,25.87,26.15,25.45,25.92,27.04,25.64,23.95,23.56,26.05
T2M,1997,1.0,38.75,28.52,29.15,30.32,27.69,26.84,27.14,26.43,26.94,28.21,26.62,25.51,25.33,27.38
T2M,1997,1.0,39.375,29.21,29.85,30.55,27.33,26.25,26.87,26.23,26.91,28.35,26.42,25.65,25.48,27.41
T2M,1997,1.0,40.0,29.35,30.08,30.56,26.71,25.93,26.73,25.99,26.81,28.42,26.39,25.51,25.25,27.29
T2M,1997,1.0,40.625,29.71,30.41,30.8,27.25,26.54,27.01,26.24,27.12,28.71,26.73,25.92,25.66,27.66
T2M,1997,1.0,41.25,29.93,30.57,31.0,28.17,27.18,27.08,26.32,27.26,28.7,27.05,26.58,26.23,27.99
T2M,1997,1.0,41.875,29.96,30.44,30.95,28.35,27.12,27.31,26.51,27.28,28.62,26.86,26.08,25.83,27.93
T2M,1997,1.5,34.375,24.73,25.47,26.38,21.83,23.01,22.24,20.73,21.15,24.64,22.74,21.83,22.04,23.05
T2M,1997,1.5,35.0,22.08,22.73,23.95,20.52,20.9,21.06,19.45,19.89,22.33,21.02,19.4,19.21,21.03
T2M,1997,1.5,35.625,24.69,25.02,26.25,23.79,24.31,24.4,22.52,23.55,25.6,23.91,21.88,21.92,23.98
T2M,1997,1.5,36.25,26.89,27.2,28.61,26.75,27.13,27.31,25.51,26.39,28.16,26.86,24.9,24.64,26.69
T2M,1997,1.5,36.875,22.36,23.14,24.33,23.02,22.31,22.69,22.09,22.53,23.5,22.48,20.82,20.44,22.47
T2M,1997,1.5,37.5,25.2,25.65,27.06,25.35,24.74,25.1,24.19,24.84,25.97,24.74,23.04,22.82,24.89
T2M,1997,1.5,38.125,27.8,28.06,29.46,27.12,26.83,27.14,26.26,26.74,27.92,26.36,24.92,24.94,26.96
T2M,1997,1.5,38.75,29.08,29.42,30.31,27.36,26.82,27.38,26.76,27.3,28.54,26.74,25.75,25.71,27.59
T2M,1997,1.5,39.375,29.11,29.72,30.37,26.77,25.8,26.67,26.09,26.89,28.39,26.41,25.4,25.24,27.22
T2M,1997,1.5,40.0,29.49,30.01,30.58,27.06,25.93,26.75,26.12,27.04,28.62,26.65,25.62,25.42,27.42
T2M,1997,1.5,40.625,29.78,30.36,30.98,27.48,26.55,27.05,26.45,27.34,28.79,26.93,25.9,25.64,27.75
T2M,1997,1.5,41.25,29.99,30.64,31.3,28.37,27.3,27.39,26.6,27.48,28.83,27.08,26.05,25.67,28.04
T2M,1997,1.5,41.875,30.05,30.43,31.1,28.1,27.07,27.38,26.76,27.46,28.74,26.78,25.77,25.49,27.91
T2M,1997,2.0,34.375,26.67,26.91,28.07,24.11,25.71,24.82,22.89,23.8,27.28,25.16,23.78,24.09,25.26
T2M,1997,2.0,35.0,24.47,24.8,25.89,23.02,23.55,23.5,21.64,22.64,24.84,23.51,21.63,21.65,23.42
T2M,1997,2.0,35.625,27.62,27.9,28.96,26.73,27.13,27.35,25.2,26.52,28.46,26.97,24.85,25.0,26.88
T2M,1997,2.0,36.25,29.22,29.52,30.72,29.08,29.54,29.72,27.98,29.05,30.46,29.25,27.24,27.08,29.07
T2M,1997,2.0,36.875,22.95,23.59,24.52,23.3,22.57,23.03,22.29,22.82,23.63,22.83,21.38,21.01,22.82
T2M,1997,2.0,37.5,26.38,26.93,27.99,25.99,25.36,25.85,25.14,25.73,26.71,25.56,23.88,23.73,25.76
T2M,1997,2.0,38.125,27.46,28.01,28.96,26.28,25.89,26.43,25.82,26.31,27.52,25.79,24.43,24.4,26.43
T2M,1997,2.0,38.75,28.9,29.41,30.09,26.92,26.31,26.92,26.3,26.95,28.34,26.45,25.21,25.18,27.23
T2M,1997,2.0,39.375,29.24,29.71,30.33,26.55,25.53,26.48,25.87,26.77,28.33,26.19,24.91,24.82,27.04
T2M,1997,2.0,40.0,29.21,29.61,30.3,26.45,25.32,26.23,25.63,26.57,28.2,26.13,24.93,24.8,26.93
T2M,1997,2.0,40.625,29.46,29.67,30.6,26.61,25.79,26.56,26.05,26.85,28.23,26.14,24.91,24.72,27.12
T2M,1997,2.0,41.25,29.82,30.22,31.15,27.64,26.81,27.15,26.52,27.38,28.74,26.73,25.48,25.16,27.72
T2M,1997,2.0,41.875,29.88,30.15,30.98,27.12,26.5,27.45,26.79,27.44,28.68,26.55,25.49,25.25,27.68
T2M,1997,2.5,34.375,25.79,26.18,26.98,23.85,24.98,24.39,22.24,23.57,26.28,24.39,22.71,23.22,24.54
T2M,1997,2.5,35.0,25.74,26.01,27.05,24.64,24.68,24.85,22.88,24.0,25.74,24.87,22.8,23.01,24.68
T2M,1997,2.5,35.625,28.55,28.77,29.85,27.55,27.65,28.26,25.99,27.49,29.04,27.92,25.58,25.83,27.7
T2M,1997,2.5,36.25,29.57,29.86,30.82,29.23,29.29,29.7,28.25,29.14,30.11,29.25,27.32,27.31,29.15
T2M,1997,2.5,36.875,26.21,26.68,27.24,25.59,24.77,25.32,24.79,25.22,26.01,25.18,23.56,23.49,25.33
T2M,1997,2.5,37.5,28.54,28.99,29.49,27.04,26.37,27.13,26.64,27.12,28.07,26.68,24.79,24.73,27.12
T2M,1997,2.5,38.125,27.6,28.08,28.43,25.52,24.88,25.54,24.94,25.54,26.82,24.98,23.42,23.41,25.75
T2M,1997,2.5,38.75,29.14,29.32,29.91,26.34,25.55,26.4,25.77,26.56,28.01,25.86,24.24,24.17,26.76
T2M,1997,2.5,39.375,29.23,29.25,30.13,26.04,24.83,25.96,25.32,26.32,27.89,25.59,24.08,23.95,26.53
T2M,1997,2.5,40.0,28.68,28.66,29.87,25.8,24.58,25.52,24.89,25.87,27.52,25.38,24.06,23.92,26.21
T2M,1997,2.5,40.625,28.65,28.59,30.1,26.21,25.34,26.05,25.51,26.32,27.63,25.59,24.38,24.16,26.53
T2M,1997,2.5,41.25,29.24,29.33,30.72,27.07,26.51,26.77,26.07,26.84,28.21,26.12,24.89,24.5,27.18
T2M,1997,2.5,41.875,29.07,29.23,30.45,26.67,26.11,26.76,26.07,26.77,28.03,25.98,24.92,24.57,27.04
T2M,1997,3.0,34.375,24.54,24.89,25.58,22.43,22.63,23.02,20.91,21.99,24.29,22.84,21.05,21.27,22.94
T2M,1997,3.0,35.0,26.95,27.11,28.08,25.35,25.09,25.59,23.89,24.89,26.39,25.53,23.15,23.36,25.44
T2M,1997,3.0,35.625,29.59,29.64,30.94,28.39,28.22,29.06,27.29,28.76,29.6,28.66,26.1,26.43,28.55
T2M,1997,3.0,36.25,30.14,30.32,31.27,29.25,28.78,29.38,28.44,29.02,29.86,28.94,26.95,27.18,29.12
T2M,1997,3.0,36.875,29.21,29.51,30.14,27.51,26.86,27.63,27.24,27.76,28.62,27.18,25.08,25.22,27.65
T2M,1997,3.0,37.5,29.65,29.88,30.35,27.2,26.6,27.51,27.13,27.71,28.74,26.82,24.91,25.12,27.62
T2M,1997,3.0,38.125,28.91,29.0,29.35,26.12,25.23,25.96,25.31,26.2,27.49,25.44,23.84,23.88,26.38
T2M,1997,3.0,38.75,29.1,28.99,29.63,25.63,24.55,25.57,25.0,26.02,27.45,25.06,23.55,23.51,26.16
T2M,1997,3.0,39.375,28.6,28.43,29.58,25.3,23.84,25.07,24.38,25.49,27.11,24.7,23.23,23.05,25.72
T2M,1997,3.0,40.0,27.84,27.62,29.3,25.22,23.77,24.87,24.21,25.29,26.91,24.64,23.25,22.89,25.47
T2M,1997,3.0,40.625,27.88,27.68,29.76,26.17,25.13,25.73,25.15,26.0,27.28,25.26,23.97,23.52,26.12
T2M,1997,3.0,41.25,28.54,28.39,30.44,26.9,26.16,26.51,25.79,26.54,27.89,25.81,24.58,24.08,26.79
T2M,1997,3.0,41.875,28.24,28.15,29.97,26.45,25.76,26.34,25.51,26.3,27.56,25.63,24.39,23.91,26.51
T2M,1997,3.5,34.375,24.79,25.09,25.82,22.24,21.99,22.97,21.16,22.15,24.09,22.75,20.79,20.91,22.88
T2M,1997,3.5,35.0,28.49,28.53,29.55,26.14,25.93,26.7,25.17,26.24,27.97,26.5,24.1,24.38,26.63
T2M,1997,3.5,35.625,29.82,29.73,31.05,28.03,27.77,28.52,27.27,28.68,29.69,28.21,25.88,26.35,28.41
T2M,1997,3.5,36.25,29.97,30.08,30.87,28.36,27.74,28.36,27.72,28.46,29.37,27.98,26.27,26.74,28.48
T2M,1997,3.5,36.875,29.95,30.09,30.63,27.23,26.5,27.55,27.03,28.09,29.13,27.13,25.14,25.48,27.82
T2M,1997,3.5,37.5,28.97,29.27,29.11,25.65,24.94,25.87,25.3,26.21,27.42,25.45,24.02,24.31,26.36
T2M,1997,3.5,38.125,27.95,28.02,28.0,24.63,23.22,24.07,23.34,24.4,25.92,23.75,22.66,22.85,24.88
T2M,1997,3.5,38.75,27.57,27.65,27.96,24.18,22.39,23.39,22.6,23.76,25.35,23.14,22.18,22.16,24.34
T2M,1997,3.5,39.375,26.07,26.01,27.11,23.53,21.61,22.63,21.75,22.92,24.6,22.59,21.65,21.32,23.47
T2M,1997,3.5,40.0,26.86,26.63,28.48,24.7,23.12,24.36,23.55,24.7,26.3,23.81,22.61,22.14,24.76
T2M,1997,3.5,40.625,26.7,26.51,28.84,25.4,24.34,25.22,24.53,25.41,26.65,24.37,23.07,22.54,25.29
T2M,1997,3.5,41.25,27.54,27.28,29.96,26.92,26.15,26.63,25.75,26.48,27.85,25.61,24.16,23.59,26.49
T2M,1997,3.5,41.875,28.52,28.3,30.82,27.48,26.94,27.55,26.69,27.43,28.72,26.37,24.83,24.39,27.33
T2M,1997,4.0,34.375,27.8,28.02,28.67,24.43,24.09,25.15,23.69,24.89,27.05,24.85,22.87,23.38,25.39
T2M,1997,4.0,35.0,30.0,30.01,30.94,26.93,26.72,27.79,26.28,27.63,29.53,27.33,25.08,25.57,27.8
T2M,1997,4.0,35.625,29.14,28.97,30.12,26.71,26.23,27.07,25.88,27.24,28.65,26.79,24.79,25.38,27.24
T2M,1997,4.0,36.25,30.62,30.59,31.17,28.2,27.5,28.28,27.48,28.5,29.6,27.91,26.4,27.0,28.59
T2M,1997,4.0,36.875,29.67,29.62,29.91,25.87,24.86,26.17,25.43,26.71,28.18,25.89,24.29,24.96,26.78
T2M,1997,4.0,37.5,29.52,29.43,29.47,25.29,24.02,25.26,24.54,25.83,27.25,25.06,23.79,24.27,26.13
T2M,1997,4.0,38.125,25.71,25.73,25.97,22.52,20.81,21.39,20.43,21.68,23.06,21.44,20.98,20.94,22.54
T2M,1997,4.0,38.75,23.71,23.65,24.46,21.4,19.63,20.24,19.18,20.48,22.03,20.59,20.01,19.77,21.25
T2M,1997,4.0,39.375,24.59,24.48,25.63,22.43,20.72,21.6,20.7,22.08,23.71,21.55,20.74,20.38,22.37
T2M,1997,4.0,40.0,25.77,25.7,27.22,23.81,22.4,23.45,22.7,23.99,25.4,22.76,21.86,21.31,23.85
T2M,1997,4.0,40.625,25.66,25.52,27.76,24.82,23.95,24.99,24.15,25.08,26.26,23.61,22.4,21.84,24.66
T2M,1997,4.0,41.25,27.37,27.08,29.93,27.11,26.58,27.24,26.43,27.11,28.43,25.7,24.17,23.63,26.73
T2M,1997,4.0,41.875,29.04,28.75,31.67,28.29,27.89,28.7,27.96,28.68,29.92,27.1,25.47,25.03,28.21
T2M,1997,4.5,34.375,30.11,30.3,30.91,26.09,25.95,27.56,25.48,27.3,29.78,26.46,24.77,25.85,27.53
T2M,1997,4.5,35.0,30.41,30.36,31.22,26.69,26.08,27.49,26.11,27.7,29.96,27.22,25.03,25.65,27.81
T2M,1997,4.5,35.625,30.22,29.86,30.91,26.81,26.02,27.19,26.1,27.43,29.38,27.03,25.01,25.85,27.64
T2M,1997,4.5,36.25,31.19,30.88,31.74,27.54,26.68,27.97,27.02,28.46,30.03,27.64,25.95,26.96,28.49
T2M,1997,4.5,36.875,30.04,29.74,30.49,26.12,24.88,26.0,25.22,26.36,27.99,26.07,24.99,25.9,26.97
T2M,1997,4.5,37.5,27.6,27.41,28.12,23.28,22.07,23.14,22.38,23.92,25.62,23.37,22.42,22.96,24.34
T2M,1997,4.5,38.125,23.17,23.18,23.99,20.61,19.39,19.79,18.82,20.27,21.83,20.17,19.53,19.38,20.83
T2M,1997,4.5,38.75,23.58,23.35,24.74,21.5,20.16,20.86,19.95,21.49,23.04,20.94,20.18,19.9,21.63
T2M,1997,4.5,39.375,25.33,25.08,26.57,23.12,22.07,22.84,22.05,23.49,24.89,22.3,21.41,21.02,23.34
T2M,1997,4.5,40.0,24.1,24.08,25.58,22.58,21.68,22.44,21.44,22.64,24.04,21.72,20.97,20.32,22.62
T2M,1997,4.5,40.625,25.11,25.11,27.05,24.37,23.87,24.7,23.84,24.85,26.03,23.12,21.97,21.36,24.28
T2M,1997,4.5,41.25,25.47,25.42,27.99,25.4,24.92,25.59,24.73,25.62,26.79,24.01,22.73,22.18,25.07
T2M,1997,4.5,41.875,28.86,28.59,31.65,28.27,27.86,28.93,28.35,29.05,30.16,27.0,25.51,25.11,28.28
T2M,1998,-0.5,34.375,23.46,24.12,25.62,25.21,23.57,22.83,22.62,23.76,25.16,24.12,25.18,26.74,24.37
T2M,1998,-0.5,35.0,19.94,20.19,21.52,21.43,19.88,18.75,18.03,19.03,20.42,20.62,21.26,22.51,20.3
T2M,1998,-0.5,35.625,14.9,14.94,15.9,16.08,15.04,13.67,12.54,13.01,13.85,14.56,14.47,14.57,14.46
T2M,1998,-0.5,36.25,15.36,15.81,16.31,16.77,15.57,14.1,13.08,13.43,14.35,15.03,15.05,15.4,15.01
T2M,1998,-0.5,36.875,15.78,16.31,16.51,17.26,16.18,14.56,13.73,14.05,14.87,15.5,15.44,15.61,15.48
T2M,1998,-0.5,37.5,19.25,20.14,20.53,21.04,19.71,18.2,17.35,17.93,19.34,20.25,19.65,20.4,19.48
T2M,1998,-0.5,38.125,22.84,23.77,24.75,25.17,23.76,22.89,22.31,22.96,24.39,25.14,23.52,24.69,23.85
T2M,1998,-0.5,38.75,24.51,25.54,26.89,26.97,25.26,24.71,23.96,24.65,25.91,26.67,25.5,27.27,25.65
T2M,1998,-0.5,39.375,25.61,26.52,27.81,27.63,25.89,25.37,24.38,25.17,26.54,27.41,27.16,28.81,26.52
T2M,1998,-0.5,40.0,26.31,27.15,28.09,27.91,26.05,25.21,24.3,25.07,26.55,27.69,27.52,29.09,26.74
T2M,1998,-0.5,40.625,26.01,26.87,28.03,27.8,26.13,25.57,24.71,25.53,27.08,28.11,27.61,28.97,26.87
T2M,1998,-0.5,41.25,26.17,27.1,28.35,28.06,26.5,26.07,25.2,25.96,27.33,28.25,27.78,28.93,27.14
T2M,1998,-0.5,41.875,26.63,27.88,29.28,28.93,27.61,26.94,25.8,26.16,27.06,27.9,28.02,28.58,27.56
T2M,1998,-1.0,34.375,21.63,21.73,22.88,22.79,21.5,20.99,21.29,22.59,24.45,23.49,24.52,26.14,22.84
T2M,1998,-1.0,35.0,18.83,19.01,19.66,19.69,18.18,16.86,16.2,17.18,18.9,19.9,20.49,22.05,18.91
T2M,1998,-1.0,35.625,17.42,17.94,17.97,18.39,16.71,15.08,14.04,15.02,16.19,17.43,17.97,19.34,16.95
T2M,1998,-1.0,36.25,16.56,17.21,17.25,17.71,16.15,14.54,13.5,14.38,15.71,17.0,17.35,18.11,16.28
T2M,1998,-1.0,36.875,17.37,17.91,18.45,18.99,17.72,16.29,15.73,17.08,18.37,19.71,18.61,18.87,17.92
T2M,1998,-1.0,37.5,20.47,21.31,22.01,22.3,20.73,19.25,18.6,19.37,20.78,21.93,21.55,22.22,20.87
T2M,1998,-1.0,38.125,22.36,23.73,24.76,24.56,22.85,21.82,20.93,21.56,22.93,23.7,22.72,24.08,22.99
T2M,1998,-1.0,38.75,24.64,25.97,27.68,27.1,25.1,24.51,23.74,24.45,25.72,26.53,25.57,27.52,25.71
T2M,1998,-1.0,39.375,26.06,27.71,29.07,27.94,26.14,25.68,24.53,25.34,26.63,27.45,27.2,29.23,26.91
T2M,1998,-1.0,40.0,26.5,27.38,28.33,28.01,26.09,25.42,24.56,25.46,26.88,27.83,27.63,29.51,26.96
T2M,1998,-1.0,40.625,26.07,26.97,27.86,27.73,26.06,25.41,24.59,25.41,26.85,27.83,27.55,28.85,26.76
T2M,1998,-1.0,41.25,26.12,27.05,28.09,27.99,26.44,25.95,25.1,25.73,26.91,27.82,27.66,28.63,26.95
T2M,1998,-1.0,41.875,27.0,28.03,28.99,28.91,27.72,26.78,25.55,25.68,26.25,27.06,27.44,27.71,27.25
T2M,1998,-1.5,34.375,21.56,21.93,23.48,23.58,21.89,21.32,21.97,23.65,25.16,24.55,25.3,26.34,23.4
T2M,1998,-1.5,35.0,19.38,19.77,20.32,20.77,19.01,17.92,18.1,19.97,21.74,22.74,22.59,23.73,20.51
T2M,1998,-1.5,35.625,17.11,17.53,17.93,18.34,16.55,14.98,14.21,15.91,17.63,19.12,18.97,20.01,17.35
T2M,1998,-1.5,36.25,20.61,21.6,22.85,22.77,20.08,18.82,18.58,20.36,22.01,23.37,22.77,23.55,21.44
T2M,1998,-1.5,36.875,18.53,19.08,20.53,20.58,18.54,17.6,17.49,18.97,19.98,21.02,20.05,20.61,19.42
T2M,1998,-1.5,37.5,19.87,20.55,21.29,21.62,19.88,18.5,18.19,19.04,20.38,21.41,20.89,21.62,20.27
T2M,1998,-1.5,38.125,22.49,23.51,24.12,24.24,22.42,21.09,20.36,21.2,22.6,23.27,22.99,24.06,22.69
T2M,1998,-1.5,38.75,24.82,25.81,26.79,26.62,24.76,23.97,23.17,24.05,25.42,26.29,25.69,27.63,25.42
T2M,1998,-1.5,39.375,25.9,26.92,27.7,27.43,25.51,24.74,23.84,24.81,26.18,27.04,26.96,29.2,26.35
T2M,1998,-1.5,40.0,26.35,27.21,28.01,27.82,25.92,25.01,24.36,25.29,26.76,27.62,27.59,29.6,26.79
T2M,1998,-1.5,40.625,26.18,27.12,28.03,27.96,26.3,25.62,24.85,25.54,26.75,27.66,27.8,28.97,26.9
T2M,1998,-1.5,41.25,26.23,27.22,28.13,28.3,26.78,26.34,25.38,25.82,26.77,27.61,27.65,28.47,27.05
T2M,1998,-1.5,41.875,27.42,28.25,28.89,28.92,27.83,26.64,25.42,25.24,25.53,26.35,26.91,27.08,27.03
T2M,1998,-1.7975103014118005e-13,34.375,22.8,23.47,24.9,24.6,23.03,22.42,21.84,22.81,23.46,23.02,23.74,24.74,23.4
T2M,1998,-1.7975103014118005e-13,35.0,20.08,20.56,21.77,22.0,20.39,19.47,18.67,19.51,20.56,20.54,20.65,21.13,20.44
T2M,1998,-1.7975103014118005e-13,35.625,15.18,15.39,16.16,16.85,16.04,14.9,14.1,14.44,15.16,15.68,15.04,14.81,15.31
T2M,1998,-1.7975103014118005e-13,36.25,17.2,17.79,18.89,19.68,18.24,17.18,16.18,16.51,17.78,18.22,18.03,18.38,17.84
T2M,1998,-1.7975103014118005e-13,36.875,16.76,17.1,17.67,18.74,17.91,16.57,15.74,15.96,17.04,17.76,17.19,17.2,17.13
T2M,1998,-1.7975103014118005e-13,37.5,16.38,17.03,17.37,18.33,17.5,16.13,15.35,15.66,16.81,17.59,16.82,17.04,16.83
T2M,1998,-1.7975103014118005e-13,38.125,23.18,24.09,24.85,25.4,24.18,23.47,23.12,23.92,25.45,26.05,24.24,25.19,24.43
T2M,1998,-1.7975103014118005e-13,38.75,24.86,25.68,26.65,27.16,25.75,25.37,24.73,25.39,26.71,27.5,26.54,28.02,26.2
T2M,1998,-1.7975103014118005e-13,39.375,25.51,26.3,27.43,27.69,26.08,25.68,24.78,25.52,26.93,27.86,27.78,29.2,26.73
T2M,1998,-1.7975103014118005e-13,40.0,26.05,26.76,27.83,27.91,26.16,25.45,24.72,25.54,27.03,28.14,28.13,29.45,26.93
T2M,1998,-1.7975103014118005e-13,40.625,25.98,26.72,28.04,27.95,26.31,25.88,25.15,26.03,27.6,28.66,28.26,29.51,27.18
T2M,1998,-1.7975103014118005e-13,41.25,26.24,27.02,28.4,28.07,26.55,26.15,25.38,26.2,27.63,28.59,28.25,29.44,27.33
T2M,1998,-1.7975103014118005e-13,41.875,26.34,27.27,28.92,28.63,27.18,26.71,25.83,26.39,27.53,28.47,28.39,29.31,27.58
T2M,1998,-2.0,34.375,22.06,22.35,23.82,23.84,22.46,21.8,22.68,24.33,25.71,25.88,25.94,26.8,23.98
T2M,1998,-2.0,35.0,19.63,19.97,20.89,21.1,19.29,18.48,18.8,20.84,22.27,23.37,22.72,23.78,20.93
T2M,1998,-2.0,35.625,17.63,18.02,18.82,18.94,16.95,15.61,15.09,16.7,18.76,19.92,19.58,20.54,18.04
T2M,1998,-2.0,36.25,23.35,24.15,25.87,25.2,22.85,22.17,21.77,23.47,25.07,25.93,25.56,26.25,24.3
T2M,1998,-2.0,36.875,19.19,19.95,21.6,21.19,19.13,18.52,18.42,19.7,20.33,21.29,20.8,21.54,20.14
T2M,1998,-2.0,37.5,20.54,21.42,22.44,22.48,20.58,19.52,19.25,20.11,21.2,22.12,21.73,22.56,21.16
T2M,1998,-2.0,38.125,22.82,23.74,24.35,24.51,22.65,21.36,20.76,21.67,23.04,23.84,23.62,24.71,23.08
T2M,1998,-2.0,38.75,24.86,25.8,26.63,26.51,24.61,23.51,22.8,23.67,25.02,25.93,25.66,27.44,25.2
T2M,1998,-2.0,39.375,25.88,26.67,27.39,27.27,25.3,24.27,23.44,24.38,25.73,26.57,26.76,28.75,26.03
T2M,1998,-2.0,40.0,26.4,27.26,28.02,27.8,25.95,25.02,24.48,25.37,26.58,27.33,27.57,29.41,26.76
T2M,1998,-2.0,40.625,26.54,27.57,28.59,28.42,26.75,26.01,25.22,25.66,26.48,27.33,27.81,28.86,27.1
T2M,1998,-2.0,41.25,27.17,28.32,29.51,29.17,27.8,26.75,25.61,25.5,25.85,26.69,27.3,27.75,27.28
T2M,1998,-2.0,41.875,27.79,28.63,29.09,29.08,28.04,26.59,25.3,24.98,25.14,26.0,26.65,26.82,27.0
T2M,1998,-2.5,34.375,21.64,21.91,23.41,23.27,22.28,21.6,22.19,23.85,25.25,26.08,25.53,25.79,23.58
T2M,1998,-2.5,35.0,19.39,19.58,20.7,20.75,19.29,18.55,18.57,20.57,21.83,23.16,22.4,22.77,20.64
T2M,1998,-2.5,35.625,20.2,20.71,21.99,21.81,19.88,18.82,18.59,20.24,22.07,23.25,22.96,23.39,21.16
T2M,1998,-2.5,36.25,23.0,23.71,25.38,24.64,22.59,21.73,21.26,22.8,24.71,25.67,25.41,25.67,23.88
T2M,1998,-2.5,36.875,20.45,21.32,22.79,22.78,20.9,20.56,20.33,21.97,23.02,23.66,22.72,22.88,21.95
T2M,1998,-2.5,37.5,20.92,21.75,22.97,23.12,21.39,20.81,20.78,21.38,22.14,23.07,22.66,23.07,22.01
T2M,1998,-2.5,38.125,22.77,23.63,24.33,24.45,22.6,21.44,20.8,21.61,22.89,23.85,23.74,24.44,23.04
T2M,1998,-2.5,38.75,24.93,25.83,26.65,26.47,24.55,23.43,22.78,23.56,24.86,25.7,25.84,27.04,25.13
T2M,1998,-2.5,39.375,25.82,26.52,27.29,27.09,25.1,24.04,23.31,24.11,25.29,26.12,26.62,27.91,25.76
T2M,1998,-2.5,40.0,26.28,27.17,27.93,27.69,25.99,25.1,24.55,25.13,25.96,26.63,27.12,28.33,26.48
T2M,1998,-2.5,40.625,27.22,28.23,29.11,28.91,27.47,26.47,25.46,25.41,25.8,26.53,27.16,27.85,27.13
T2M,1998,-2.5,41.25,27.79,28.67,29.14,29.03,27.99,26.57,25.33,25.01,25.16,25.96,26.59,26.95,27.0
T2M,1998,-2.5,41.875,27.85,28.69,29.18,29.07,28.11,26.64,25.27,24.95,25.14,26.02,26.67,26.91,27.03
T2M,1998,-3.0,34.375,21.46,21.66,23.39,22.81,22.0,21.22,21.14,22.49,24.07,25.41,25.31,25.66,23.06
T2M,1998,-3.0,35.0,19.96,20.04,21.35,21.13,19.76,18.86,18.5,20.21,21.7,23.05,23.11,23.45,20.93
T2M,1998,-3.0,35.625,17.09,17.37,18.37,18.13,16.49,15.41,14.74,16.04,17.65,18.65,19.12,19.65,17.39
T2M,1998,-3.0,36.25,21.79,22.21,23.82,23.16,20.86,19.79,19.45,20.82,22.23,23.17,24.45,24.96,22.22
T2M,1998,-3.0,36.875,20.58,20.83,22.65,22.59,19.72,18.74,17.81,19.55,21.3,22.61,23.34,23.31,21.08
T2M,1998,-3.0,37.5,17.43,18.04,18.7,18.85,16.89,15.65,14.92,15.76,16.89,18.17,18.46,18.69,17.36
T2M,1998,-3.0,38.125,22.58,23.44,24.06,24.09,22.2,21.11,20.46,21.16,22.19,23.09,23.56,24.01,22.66
T2M,1998,-3.0,38.75,24.6,25.38,26.21,26.07,24.15,23.14,22.55,23.26,24.45,25.28,25.65,26.48,24.76
T2M,1998,-3.0,39.375,25.74,26.49,27.27,27.02,25.01,23.99,23.36,24.15,25.22,25.96,26.61,27.64,25.7
T2M,1998,-3.0,40.0,26.5,27.44,28.2,27.89,26.29,25.36,24.76,24.99,25.55,26.23,26.95,27.78,26.49
T2M,1998,-3.0,40.625,27.74,28.63,29.12,29.0,27.84,26.56,25.4,25.02,25.23,25.96,26.65,27.14,27.01
T2M,1998,-3.0,41.25,27.84,28.67,29.15,28.98,28.02,26.63,25.31,24.98,25.16,25.98,26.68,27.08,27.03
T2M,1998,-3.0,41.875,27.89,28.75,29.21,29.03,28.16,26.65,25.25,24.93,25.16,26.03,26.7,27.02,27.05
T2M,1998,-3.5,34.375,22.98,23.02,24.83,24.13,23.34,23.02,22.44,23.61,24.97,26.17,26.0,27.14,24.31
T2M,1998,-3.5,35.0,21.79,21.97,23.18,22.54,21.26,20.33,19.74,20.98,22.37,23.47,23.77,25.11,22.21
T2M,1998,-3.5,35.625,20.46,20.6,21.82,20.99,19.4,18.32,17.39,18.89,20.5,21.35,21.91,23.28,20.41
T2M,1998,-3.5,36.25,22.18,22.57,23.99,23.18,21.18,20.12,19.6,20.82,22.13,23.03,23.64,25.19,22.3
T2M,1998,-3.5,36.875,22.07,22.94,24.1,23.07,20.5,19.45,18.7,20.14,21.53,22.35,23.1,24.87,21.89
T2M,1998,-3.5,37.5,23.81,24.89,25.59,24.71,22.07,21.13,20.38,21.72,23.15,24.08,24.68,25.69,23.48
T2M,1998,-3.5,38.125,21.89,22.61,23.34,23.28,21.15,20.09,19.46,20.15,21.04,21.96,22.62,23.47,21.75
T2M,1998,-3.5,38.75,23.99,24.74,25.44,25.25,23.32,22.06,21.45,22.01,23.04,23.76,24.5,25.47,23.74
T2M,1998,-3.5,39.375,25.46,26.27,27.07,26.72,24.7,23.61,23.08,23.77,24.71,25.39,26.18,27.33,25.35
T2M,1998,-3.5,40.0,27.13,28.06,28.63,28.38,27.01,25.93,25.13,24.97,25.31,26.02,26.84,27.56,26.74
T2M,1998,-3.5,40.625,27.85,28.67,29.17,28.99,27.89,26.63,25.4,24.95,25.16,25.93,26.72,27.22,27.04
T2M,1998,-3.5,41.25,27.96,28.73,29.19,28.95,28.04,26.67,25.3,24.94,25.16,26.0,26.76,27.24,27.07
T2M,1998,-3.5,41.875,27.98,28.83,29.19,29.0,28.18,26.66,25.22,24.9,25.14,26.03,26.75,27.17,27.08
T2M,1998,-4.0,34.375,23.46,23.31,24.98,24.44,23.68,23.42,22.5,23.97,25.62,26.71,26.33,27.19,24.64
T2M,1998,-4.0,35.0,21.33,21.29,22.5,21.97,20.95,20.25,19.52,20.83,22.21,23.27,23.32,24.51,21.83
T2M,1998,-4.0,35.625,20.24,20.38,21.46,20.79,19.34,18.28,17.28,18.64,20.32,21.23,21.69,23.02,20.22
T2M,1998,-4.0,36.25,22.02,22.5,23.79,22.97,21.33,20.2,19.51,20.8,22.11,23.03,23.54,24.87,22.22
T2M,1998,-4.0,36.875,21.59,22.52,23.41,22.68,20.78,19.62,18.87,19.98,21.32,22.17,22.68,24.02,21.63
T2M,1998,-4.0,37.5,22.88,23.8,24.8,24.0,21.85,20.75,20.05,21.22,22.65,23.5,24.02,25.23,22.89
T2M,1998,-4.0,38.125,23.33,24.19,25.32,24.55,22.35,21.39,20.71,21.67,22.68,23.42,23.92,25.34,23.23
T2M,1998,-4.0,38.75,24.37,25.33,26.17,25.39,23.36,22.21,21.76,22.32,23.22,23.95,24.82,26.24,24.09
T2M,1998,-4.0,39.375,25.97,27.17,28.3,27.3,25.26,24.27,23.77,24.31,25.11,25.67,26.59,27.69,25.94
T2M,1998,-4.0,40.0,27.72,28.61,29.0,28.78,27.64,26.42,25.39,24.97,25.2,25.91,26.74,27.31,26.96
T2M,1998,-4.0,40.625,27.92,28.71,29.2,28.91,27.89,26.66,25.38,24.93,25.15,25.96,26.77,27.3,27.05
T2M,1998,-4.0,41.25,28.08,28.79,29.22,28.9,28.02,26.68,25.28,24.91,25.17,26.02,26.78,27.32,27.09
T2M,1998,-4.0,41.875,28.05,28.89,29.19,28.97,28.15,26.65,25.2,24.86,25.12,26.03,26.77,27.26,27.08
T2M,1998,-4.5,34.375,22.37,22.19,23.7,22.72,21.95,21.18,20.06,21.67,23.65,24.9,25.09,26.12,22.97
T2M,1998,-4.5,35.0,20.46,20.42,21.48,20.68,19.38,18.55,17.43,19.09,20.78,21.82,22.1,23.48,20.47
T2M,1998,-4.5,35.625,20.16,20.24,21.26,20.52,19.11,18.13,16.99,18.47,20.1,20.93,21.41,22.94,20.02
T2M,1998,-4.5,36.25,22.21,22.68,23.83,22.88,21.39,20.37,19.54,20.89,22.13,22.99,23.63,25.17,22.31
T2M,1998,-4.5,36.875,21.6,22.42,23.09,22.38,20.72,19.62,18.78,19.85,20.98,21.81,22.58,24.08,21.49
T2M,1998,-4.5,37.5,22.64,23.42,23.96,23.35,21.31,20.06,19.43,20.31,21.68,22.51,23.55,25.01,22.26
T2M,1998,-4.5,38.125,22.6,23.41,23.83,23.46,21.12,19.75,19.07,20.17,21.6,22.33,23.18,24.51,22.08
T2M,1998,-4.5,38.75,24.64,25.5,26.06,25.59,23.46,22.29,21.89,22.61,23.55,24.25,25.18,26.56,24.29
T2M,1998,-4.5,39.375,26.91,27.93,28.76,28.03,26.5,25.33,24.82,24.89,25.4,26.03,26.94,27.88,26.61
T2M,1998,-4.5,40.0,27.77,28.68,29.13,28.83,27.79,26.52,25.49,25.0,25.2,25.94,26.72,27.29,27.02
T2M,1998,-4.5,40.625,28.0,28.75,29.22,28.8,27.9,26.64,25.38,24.89,25.13,25.96,26.79,27.36,27.06
T2M,1998,-4.5,41.25,28.11,28.82,29.24,28.83,28.01,26.67,25.3,24.88,25.18,25.99,26.78,27.36,27.09
T2M,1998,-4.5,41.875,28.07,28.92,29.19,28.91,28.11,26.62,25.22,24.84,25.13,26.01,26.76,27.31,27.08
T2M,1998,0.5,34.375,22.07,23.22,25.27,24.18,21.93,21.12,20.43,21.34,22.13,21.87,22.55,24.38,22.54
T2M,1998,0.5,35.0,18.4,19.25,20.59,20.83,19.07,18.05,17.08,17.82,18.75,18.68,18.32,18.71,18.79
T2M,1998,0.5,35.625,17.78,18.78,19.99,20.85,19.04,17.94,17.37,17.79,18.52,18.88,18.02,18.48,18.62
T2M,1998,0.5,36.25,20.51,21.79,22.88,23.86,22.03,21.14,19.53,20.08,21.83,22.17,21.58,21.85,21.6
T2M,1998,0.5,36.875,18.01,18.64,19.64,21.11,20.1,19.38,18.19,18.58,19.96,20.49,19.27,19.34,19.39
T2M,1998,0.5,37.5,20.32,21.19,22.04,23.5,22.82,22.24,21.48,21.87,23.23,23.78,22.16,22.59,22.27
T2M,1998,0.5,38.125,22.7,23.47,24.16,25.18,24.1,23.54,23.05,23.67,25.17,25.79,24.56,25.36,24.23
T2M,1998,0.5,38.75,24.86,25.61,26.28,27.02,25.78,25.45,24.78,25.46,26.78,27.66,26.99,28.24,26.24
T2M,1998,0.5,39.375,25.65,26.41,27.36,27.96,26.34,26.06,25.3,26.03,27.49,28.46,28.25,29.65,27.08
T2M,1998,0.5,40.0,25.89,26.61,27.98,28.45,26.53,26.14,25.41,26.23,27.76,28.84,28.69,30.03,27.38
T2M,1998,0.5,40.625,25.97,26.77,28.39,28.51,26.71,26.6,25.88,26.7,28.2,29.25,28.97,30.1,27.67
T2M,1998,0.5,41.25,26.41,27.06,28.38,28.22,26.72,26.08,25.4,26.25,27.68,28.78,28.81,29.95,27.48
T2M,1998,0.5,41.875,26.32,27.05,28.75,28.63,27.1,26.58,25.74,26.36,27.61,28.78,28.87,29.99,27.65
T2M,1998,1.0,34.375,17.93,19.01,20.69,20.32,18.28,17.13,16.24,17.05,17.72,17.75,17.78,18.16,18.16
T2M,1998,1.0,35.0,16.39,17.37,19.1,19.44,17.58,16.49,15.71,16.35,16.96,16.91,16.22,16.41,17.07
T2M,1998,1.0,35.625,18.16,20.17,21.76,22.28,19.85,18.87,17.91,18.53,19.49,20.11,19.33,20.12,19.71
T2M,1998,1.0,36.25,21.94,23.6,24.96,26.04,24.27,23.47,21.69,22.47,24.33,24.58,23.46,23.85,23.72
T2M,1998,1.0,36.875,18.47,19.11,20.33,21.84,20.92,20.31,19.0,19.42,20.74,21.2,19.78,19.73,20.07
T2M,1998,1.0,37.5,21.37,22.11,23.14,24.57,23.9,23.37,22.76,23.24,24.57,25.18,23.49,24.06,23.49
T2M,1998,1.0,38.125,23.83,24.81,26.07,27.05,25.99,25.4,24.8,25.4,26.77,27.45,26.31,27.28,25.93
T2M,1998,1.0,38.75,25.54,26.43,27.4,28.05,26.88,26.53,25.79,26.46,27.78,28.74,28.05,29.28,27.25
T2M,1998,1.0,39.375,25.69,26.47,27.84,28.58,26.88,26.53,25.78,26.53,27.94,28.89,28.47,29.88,27.46
T2M,1998,1.0,40.0,25.53,26.3,28.34,29.08,26.96,26.68,25.81,26.63,28.12,29.13,28.71,30.09,27.62
T2M,1998,1.0,40.625,25.96,26.8,28.76,29.08,27.12,27.08,26.34,27.08,28.51,29.5,29.13,30.41,27.99
T2M,1998,1.0,41.25,26.45,27.26,28.64,28.67,27.1,26.42,25.77,26.63,28.15,29.3,29.31,30.6,27.86
T2M,1998,1.0,41.875,26.21,27.15,29.34,29.24,27.25,27.11,26.33,26.81,28.11,29.3,29.36,30.52,28.06
T2M,1998,1.5,34.375,22.47,24.35,26.77,25.92,22.74,21.67,20.52,21.16,22.46,22.55,22.69,23.97,23.09
T2M,1998,1.5,35.0,19.83,21.88,23.73,24.0,21.43,20.33,19.28,19.74,21.14,21.39,20.37,21.27,21.19
T2M,1998,1.5,35.625,22.4,24.71,26.18,26.76,24.55,23.33,21.71,22.72,24.8,25.01,23.61,24.23,24.16
T2M,1998,1.5,36.25,25.02,26.91,28.25,29.17,27.25,26.35,24.71,25.74,27.62,28.11,26.42,26.86,26.86
T2M,1998,1.5,36.875,20.64,21.62,22.7,23.91,23.27,22.72,21.56,22.03,23.37,24.04,22.14,22.51,22.54
T2M,1998,1.5,37.5,23.05,24.48,25.44,26.21,25.37,24.64,23.92,24.3,25.89,26.48,24.8,25.49,25.01
T2M,1998,1.5,38.125,25.07,26.31,27.32,27.79,26.69,26.17,25.58,26.19,27.45,28.3,27.08,28.19,26.85
T2M,1998,1.5,38.75,25.75,26.68,27.64,28.08,26.9,26.35,25.77,26.71,28.13,29.08,27.78,29.42,27.36
T2M,1998,1.5,39.375,25.4,26.16,27.42,28.25,26.8,26.46,25.71,26.53,27.99,28.98,28.17,29.57,27.29
T2M,1998,1.5,40.0,25.62,26.46,28.15,28.88,27.11,26.79,26.03,26.85,28.31,29.3,28.39,29.95,27.66
T2M,1998,1.5,40.625,25.95,26.93,29.02,29.35,27.44,27.28,26.51,27.16,28.5,29.49,28.99,30.46,28.09
T2M,1998,1.5,41.25,26.01,27.04,29.49,29.68,27.52,27.18,26.28,26.96,28.35,29.5,29.34,30.76,28.18
T2M,1998,1.5,41.875,26.0,27.4,30.68,30.16,27.4,27.41,26.63,27.05,28.32,29.46,29.26,30.55,28.36
T2M,1998,2.0,34.375,24.53,26.78,28.79,28.55,25.11,24.14,22.68,23.52,25.47,25.6,25.13,26.34,25.54
T2M,1998,2.0,35.0,22.1,24.29,26.26,26.59,24.04,22.93,21.59,22.29,23.98,24.34,23.13,24.06,23.79
T2M,1998,2.0,35.625,25.37,27.55,29.45,29.97,27.75,26.29,24.75,25.83,27.91,28.39,26.72,27.51,27.28
T2M,1998,2.0,36.25,27.44,29.47,30.84,31.61,29.92,28.58,27.44,28.48,30.43,30.87,28.72,29.26,29.42
T2M,1998,2.0,36.875,21.17,22.57,23.62,24.44,23.75,22.88,22.0,22.48,23.8,24.36,22.38,23.04,23.04
T2M,1998,2.0,37.5,23.87,25.3,26.53,27.03,26.05,25.2,24.69,25.32,26.63,27.33,25.62,26.54,25.84
T2M,1998,2.0,38.125,24.49,25.39,26.41,27.0,25.92,25.42,24.86,25.71,27.06,27.98,26.28,27.55,26.18
T2M,1998,2.0,38.75,25.22,26.06,27.09,27.61,26.47,26.0,25.44,26.26,27.81,28.86,27.35,28.74,26.91
T2M,1998,2.0,39.375,24.98,25.84,27.31,28.01,26.61,26.35,25.58,26.36,27.9,28.91,27.56,28.89,27.03
T2M,1998,2.0,40.0,25.07,26.13,28.2,28.49,26.71,26.39,25.55,26.34,27.87,28.8,27.48,29.02,27.18
T2M,1998,2.0,40.625,25.23,26.71,29.63,29.08,26.82,26.89,26.06,26.52,27.85,28.83,27.92,29.74,27.61
T2M,1998,2.0,41.25,25.61,26.95,30.11,29.75,27.42,27.26,26.32,26.85,28.25,29.34,28.75,30.35,28.08
T2M,1998,2.0,41.875,25.86,27.78,31.59,30.35,27.04,27.45,26.64,26.99,28.32,29.39,28.8,30.33,28.38
T2M,1998,2.5,34.375,23.52,25.94,27.61,27.82,24.99,24.09,22.34,23.43,25.73,25.46,24.59,25.55,25.08
T2M,1998,2.5,35.0,23.32,25.36,27.32,27.92,25.76,24.42,23.1,23.87,25.46,25.81,24.64,25.41,25.19
T2M,1998,2.5,35.625,26.14,28.1,30.07,30.72,28.75,27.1,25.98,26.66,28.65,29.27,27.65,28.37,28.12
T2M,1998,2.5,36.25,27.61,29.55,30.9,31.52,30.15,28.74,28.07,28.74,30.31,30.75,28.96,29.55,29.57
T2M,1998,2.5,36.875,23.74,25.57,26.54,27.03,26.09,25.07,24.67,25.07,26.11,26.84,25.16,26.1,25.66
T2M,1998,2.5,37.5,25.03,26.71,28.05,28.37,27.37,26.55,26.16,26.73,27.9,28.77,27.1,28.25,27.25
T2M,1998,2.5,38.125,23.64,24.59,26.13,26.46,25.27,24.82,24.19,24.94,26.36,27.29,25.7,26.75,25.52
T2M,1998,2.5,38.75,24.36,25.37,27.1,27.3,26.05,25.8,25.22,25.96,27.53,28.49,26.83,27.98,26.5
T2M,1998,2.5,39.375,24.21,25.31,27.67,27.72,25.97,25.83,25.06,25.82,27.49,28.37,26.85,28.09,26.54
T2M,1998,2.5,40.0,24.25,25.53,28.14,27.83,25.86,25.58,24.74,25.45,27.09,27.94,26.66,28.02,26.43
T2M,1998,2.5,40.625,24.6,25.96,28.82,28.39,26.33,26.24,25.43,25.86,27.14,28.08,27.23,28.74,26.91
T2M,1998,2.5,41.25,24.93,26.31,29.13,29.02,26.94,26.85,25.85,26.32,27.62,28.69,28.29,29.52,27.46
T2M,1998,2.5,41.875,25.02,26.35,29.66,29.54,26.49,26.71,25.85,26.28,27.59,28.59,28.21,29.49,27.49
T2M,1998,3.0,34.375,21.88,24.11,26.1,26.27,24.04,23.0,21.38,22.4,24.55,24.26,23.31,24.21,23.78
T2M,1998,3.0,35.0,24.0,26.33,28.13,28.73,26.84,25.41,24.25,25.09,26.63,27.24,25.73,26.53,26.24
T2M,1998,3.0,35.625,26.95,28.97,30.75,31.51,29.85,28.16,27.42,28.24,29.96,30.29,28.71,29.36,29.18
T2M,1998,3.0,36.25,27.76,29.66,30.98,31.4,30.09,28.92,28.52,28.82,29.98,30.65,29.36,30.02,29.68
T2M,1998,3.0,36.875,25.8,27.73,29.09,29.31,28.19,27.39,27.15,27.49,28.57,29.43,27.87,28.84,28.07
T2M,1998,3.0,37.5,25.63,27.35,28.78,28.75,27.73,27.02,26.73,27.27,28.48,29.41,27.86,28.95,27.83
T2M,1998,3.0,38.125,24.24,25.62,27.27,27.09,25.8,25.25,24.71,25.46,27.04,27.95,26.54,27.53,26.21
T2M,1998,3.0,38.75,23.86,25.41,27.38,26.83,25.24,25.01,24.44,25.31,27.02,27.83,26.37,27.58,26.03
T2M,1998,3.0,39.375,23.43,25.12,27.78,26.93,24.82,24.8,24.07,24.8,26.66,27.38,26.25,27.32,25.78
T2M,1998,3.0,40.0,23.33,24.97,27.96,27.1,24.92,24.76,23.98,24.68,26.36,27.09,26.09,27.09,25.7
T2M,1998,3.0,40.625,24.01,25.7,28.72,28.15,26.06,25.77,25.0,25.45,26.73,27.57,26.94,27.85,26.5
T2M,1998,3.0,41.25,24.7,26.5,29.49,29.06,26.69,26.52,25.55,25.97,27.27,28.24,27.88,28.62,27.21
T2M,1998,3.0,41.875,24.47,25.73,28.91,29.12,26.14,26.2,25.2,25.73,27.08,28.0,27.63,28.43,26.89
T2M,1998,3.5,34.375,21.87,24.25,25.81,25.93,24.33,23.25,21.81,22.73,24.52,24.62,23.15,24.08,23.86
T2M,1998,3.5,35.0,25.21,27.53,29.33,29.62,27.91,26.55,25.6,26.34,28.19,28.75,27.02,27.99,27.5
T2M,1998,3.5,35.625,26.99,28.94,30.74,31.06,29.42,28.07,27.64,28.31,29.8,30.31,28.74,29.51,29.13
T2M,1998,3.5,36.25,27.27,29.01,30.44,30.5,29.06,28.09,27.9,28.17,29.3,30.06,28.77,29.63,29.02
T2M,1998,3.5,36.875,26.11,27.96,29.43,29.32,28.07,27.31,27.29,27.78,28.94,29.73,28.13,29.25,28.28
T2M,1998,3.5,37.5,24.89,26.77,27.86,27.56,26.35,25.51,25.14,25.65,27.07,27.95,26.65,27.92,26.61
T2M,1998,3.5,38.125,23.33,25.27,26.49,25.62,23.95,23.34,22.8,23.53,25.34,26.31,25.26,26.34,24.79
T2M,1998,3.5,38.75,22.81,25.03,26.74,25.5,23.21,22.79,22.09,22.85,24.76,25.5,24.91,26.18,24.36
T2M,1998,3.5,39.375,21.68,23.36,25.89,24.92,22.54,22.14,21.34,22.02,23.99,24.58,23.98,24.95,23.45
T2M,1998,3.5,40.0,22.68,24.56,27.62,26.44,24.14,24.02,23.27,23.89,25.69,26.3,25.26,26.14,25.0
T2M,1998,3.5,40.625,23.27,25.2,28.37,27.42,25.2,25.01,24.33,24.73,26.1,26.78,25.84,26.53,25.73
T2M,1998,3.5,41.25,24.25,25.86,29.07,28.89,26.59,26.41,25.47,25.87,27.21,28.1,27.35,27.57,26.89
T2M,1998,3.5,41.875,25.0,26.77,30.12,30.21,27.33,27.36,26.33,26.87,28.22,29.09,28.3,28.62,27.85
T2M,1998,4.0,34.375,24.32,26.69,28.53,28.22,26.61,25.39,24.2,25.21,27.54,27.17,25.7,27.13,26.39
T2M,1998,4.0,35.0,26.43,28.54,30.63,30.45,28.73,27.51,26.88,27.67,29.71,29.99,28.19,29.47,28.68
T2M,1998,4.0,35.625,26.0,27.79,29.58,29.52,27.77,26.73,26.4,27.01,28.57,29.03,27.67,28.63,27.89
T2M,1998,4.0,36.25,27.57,29.25,30.68,30.45,28.8,28.03,27.89,28.28,29.43,30.1,28.99,30.01,29.12
T2M,1998,4.0,36.875,25.52,27.31,28.79,28.36,26.72,26.0,25.81,26.55,27.95,28.5,27.25,28.63,27.28
T2M,1998,4.0,37.5,24.85,26.93,28.59,27.77,25.84,24.98,24.68,25.32,26.9,27.57,26.78,28.26,26.54
T2M,1998,4.0,38.125,21.4,23.22,25.02,24.24,21.85,20.79,20.04,20.66,22.49,23.25,23.03,24.38,22.52
T2M,1998,4.0,38.75,20.0,21.27,23.23,23.05,20.83,19.61,18.74,19.4,21.36,21.98,21.31,22.47,21.1
T2M,1998,4.0,39.375,20.65,22.08,24.34,24.07,21.82,20.99,20.3,21.08,23.1,23.54,22.3,23.41,22.31
T2M,1998,4.0,40.0,21.87,23.68,26.36,25.58,23.3,22.98,22.3,23.09,24.88,25.25,23.97,25.06,24.03
T2M,1998,4.0,40.625,22.59,24.39,27.35,26.69,24.59,24.53,23.86,24.29,25.73,26.28,24.83,25.36,25.04
T2M,1998,4.0,41.25,24.26,25.69,29.04,29.09,26.89,26.88,26.09,26.48,27.82,28.58,27.12,27.23,27.1
T2M,1998,4.0,41.875,25.57,27.44,30.91,31.22,28.42,28.49,27.53,28.13,29.47,30.19,28.73,28.98,28.76
T2M,1998,4.5,34.375,26.81,29.14,30.7,29.88,28.21,27.19,26.1,27.55,29.99,28.97,27.88,29.6,28.49
T2M,1998,4.5,35.0,26.37,28.2,30.53,30.05,28.1,27.25,26.86,27.88,29.93,29.97,28.37,29.86,28.61
T2M,1998,4.5,35.625,26.49,28.11,30.06,29.71,27.7,26.94,26.67,27.25,29.13,29.42,28.23,29.44,28.26
T2M,1998,4.5,36.25,27.56,29.02,30.98,30.46,28.17,27.67,27.59,28.38,29.86,29.89,29.15,30.41,29.09
T2M,1998,4.5,36.875,26.26,27.59,29.39,28.97,26.69,25.83,25.6,26.33,27.95,28.03,27.63,29.03,27.44
T2M,1998,4.5,37.5,23.25,24.68,26.95,26.57,24.0,22.85,22.6,23.5,25.22,25.07,25.02,26.53,24.68
T2M,1998,4.5,38.125,19.4,20.56,22.58,22.87,20.86,19.43,18.71,19.33,21.1,21.41,20.99,22.06,20.77
T2M,1998,4.5,38.75,20.08,21.33,23.54,23.69,21.82,20.48,19.72,20.49,22.33,22.65,21.68,22.4,21.68
T2M,1998,4.5,39.375,21.58,23.49,25.83,25.41,23.27,22.31,21.65,22.44,24.34,24.68,23.53,24.24,23.56
T2M,1998,4.5,40.0,20.83,22.81,25.13,24.82,22.78,21.91,21.09,21.74,23.47,23.87,22.76,23.33,22.87
T2M,1998,4.5,40.625,22.03,23.94,26.45,26.38,24.44,24.14,23.49,24.0,25.48,25.82,24.39,24.71,24.61
T2M,1998,4.5,41.25,22.79,24.14,27.13,27.44,25.17,25.23,24.31,24.87,26.34,26.79,25.27,25.33,25.4
T2M,1998,4.5,41.875,25.8,27.87,31.04,31.39,28.45,28.64,27.85,28.44,29.83,30.32,28.49,28.75,28.91
T2M,1999,-0.5,34.375,24.97,27.12,24.15,23.55,23.66,23.72,23.45,23.48,25.25,24.66,23.42,23.56,24.23
T2M,1999,-0.5,35.0,21.76,23.99,21.49,20.63,20.44,20.38,19.86,19.9,21.34,21.5,20.54,20.55,21.01
T2M,1999,-0.5,35.625,14.85,16.11,16.22,15.47,14.71,14.57,13.6,13.83,14.91,15.67,14.98,14.9,14.98
T2M,1999,-0.5,36.25,15.84,16.78,17.12,16.29,15.3,14.99,13.91,14.21,15.28,16.06,15.45,15.42,15.54
T2M,1999,-0.5,36.875,16.29,17.43,17.72,16.94,15.95,15.51,14.84,15.08,16.17,16.8,16.04,15.62,16.19
T2M,1999,-0.5,37.5,20.9,21.91,21.77,20.99,20.11,19.36,18.63,18.97,20.02,20.74,19.65,19.13,20.17
T2M,1999,-0.5,38.125,25.46,26.32,25.61,25.33,24.75,23.9,23.18,23.56,24.6,24.89,23.25,22.65,24.45
T2M,1999,-0.5,38.75,28.0,28.66,27.67,27.35,26.31,25.43,24.67,24.97,25.99,26.42,25.17,24.79,26.27
T2M,1999,-0.5,39.375,29.43,30.0,29.26,28.29,26.71,25.99,25.39,25.59,26.68,27.47,26.75,26.8,27.35
T2M,1999,-0.5,40.0,29.84,30.35,30.06,28.76,26.93,26.29,25.72,25.87,27.09,27.95,27.46,27.49,27.8
T2M,1999,-0.5,40.625,29.91,30.25,30.98,29.35,27.05,26.2,25.91,25.88,27.42,28.2,27.91,27.73,28.05
T2M,1999,-0.5,41.25,29.74,30.01,30.85,29.37,27.25,26.42,26.18,26.07,27.5,28.18,28.03,27.82,28.11
T2M,1999,-0.5,41.875,28.91,29.19,29.97,29.19,27.71,26.85,26.23,26.06,27.14,27.7,28.08,27.96,27.91
T2M,1999,-1.0,34.375,23.14,25.69,22.59,22.23,22.74,22.97,22.51,22.88,24.51,23.95,22.61,22.21,23.15
T2M,1999,-1.0,35.0,20.96,23.09,20.42,19.39,19.11,18.78,18.17,18.83,20.3,21.07,19.79,19.46,19.93
T2M,1999,-1.0,35.625,19.98,21.41,19.76,18.09,17.27,16.74,15.99,16.61,17.92,18.88,18.13,18.02,18.21
T2M,1999,-1.0,36.25,18.75,19.59,18.97,17.63,16.47,15.95,15.0,15.64,16.88,17.63,17.24,16.92,17.21
T2M,1999,-1.0,36.875,19.46,20.23,20.07,19.13,18.08,17.77,17.24,17.55,18.67,19.39,18.18,17.3,18.58
T2M,1999,-1.0,37.5,22.64,23.69,23.22,22.27,21.27,20.49,19.97,20.28,21.36,22.13,21.27,20.42,21.57
T2M,1999,-1.0,38.125,24.54,25.42,24.6,24.25,23.48,22.42,21.72,22.06,23.11,23.55,22.42,22.14,23.29
T2M,1999,-1.0,38.75,28.13,28.85,27.67,27.13,26.09,25.22,24.48,24.75,25.77,26.26,25.11,24.95,26.18
T2M,1999,-1.0,39.375,29.71,30.27,29.46,28.14,26.62,25.94,25.33,25.52,26.57,27.4,26.63,27.05,27.37
T2M,1999,-1.0,40.0,30.16,30.62,30.06,28.75,26.94,26.38,25.81,25.92,27.09,27.96,27.33,27.43,27.85
T2M,1999,-1.0,40.625,29.74,30.04,30.76,29.06,26.85,26.06,25.72,25.6,27.1,27.89,27.67,27.57,27.82
T2M,1999,-1.0,41.25,29.19,29.45,30.34,28.96,27.05,26.14,25.84,25.64,26.98,27.69,27.68,27.57,27.7
T2M,1999,-1.0,41.875,27.64,27.89,28.77,28.55,27.4,26.49,25.77,25.55,26.34,26.82,27.39,27.38,27.16
T2M,1999,-1.5,34.375,23.42,26.15,22.76,22.27,23.09,23.42,22.69,23.46,24.85,24.9,23.25,22.5,23.54
T2M,1999,-1.5,35.0,22.23,24.23,21.38,19.85,20.0,20.03,19.6,20.6,21.84,22.64,21.12,20.34,21.13
T2M,1999,-1.5,35.625,19.91,20.85,19.25,17.58,16.99,16.19,15.89,16.87,18.07,18.85,18.14,17.66,18.0
T2M,1999,-1.5,36.25,24.02,24.58,23.6,22.0,21.14,20.61,19.76,20.82,22.1,22.92,21.91,21.28,22.05
T2M,1999,-1.5,36.875,20.88,21.69,21.16,20.12,19.2,19.07,18.34,18.68,19.73,20.51,19.56,18.61,19.78
T2M,1999,-1.5,37.5,21.96,22.86,22.46,21.46,20.43,19.67,19.2,19.44,20.41,21.12,20.64,19.66,20.76
T2M,1999,-1.5,38.125,24.38,25.3,24.96,24.27,23.47,22.32,21.77,22.07,23.17,23.7,23.03,22.34,23.38
T2M,1999,-1.5,38.75,28.08,28.72,27.5,26.72,25.84,24.96,24.26,24.51,25.54,26.2,25.35,25.13,26.05
T2M,1999,-1.5,39.375,29.61,30.16,29.0,27.66,26.35,25.63,25.0,25.29,26.32,27.15,26.56,26.77,27.11
T2M,1999,-1.5,40.0,30.23,30.64,30.21,28.57,26.64,26.1,25.65,25.67,26.88,27.74,27.42,27.57,27.76
T2M,1999,-1.5,40.625,29.69,30.0,30.66,28.99,26.94,26.08,25.7,25.47,26.86,27.64,27.78,27.8,27.79
T2M,1999,-1.5,41.25,28.74,29.04,29.95,28.81,27.1,26.17,25.78,25.55,26.69,27.33,27.62,27.57,27.52
T2M,1999,-1.5,41.875,26.63,26.83,27.69,28.06,27.19,26.27,25.41,25.18,25.66,26.07,26.8,27.01,26.56
T2M,1999,-1.7975103014118005e-13,34.375,24.31,26.24,23.99,23.28,22.85,22.8,21.99,22.41,23.88,23.22,22.99,23.19,23.41
T2M,1999,-1.7975103014118005e-13,35.0,21.24,22.83,21.83,21.12,20.61,20.25,19.37,19.71,20.95,20.78,20.53,20.72,20.81
T2M,1999,-1.7975103014118005e-13,35.625,15.04,15.73,16.9,16.39,15.73,15.39,14.48,14.9,15.94,16.25,15.53,15.46,15.64
T2M,1999,-1.7975103014118005e-13,36.25,18.73,19.36,19.74,19.4,18.97,18.62,17.18,17.63,18.78,19.18,18.19,17.87,18.63
T2M,1999,-1.7975103014118005e-13,36.875,17.8,18.82,19.17,18.74,18.38,17.8,16.8,17.25,18.45,18.8,17.72,16.89,18.04
T2M,1999,-1.7975103014118005e-13,37.5,17.48,18.26,18.63,18.26,17.7,17.09,16.31,16.77,17.79,18.16,17.11,16.38,17.49
T2M,1999,-1.7975103014118005e-13,38.125,25.92,26.72,26.38,26.01,25.48,24.8,24.09,24.62,25.63,25.72,24.1,23.37,25.23
T2M,1999,-1.7975103014118005e-13,38.75,28.68,29.24,28.42,28.05,26.96,26.2,25.56,25.87,26.9,27.32,26.27,25.75,27.09
T2M,1999,-1.7975103014118005e-13,39.375,29.7,30.19,29.54,28.75,27.09,26.31,25.75,26.04,27.17,27.89,27.49,27.3,27.75
T2M,1999,-1.7975103014118005e-13,40.0,29.98,30.46,30.39,29.34,27.38,26.52,25.93,26.22,27.52,28.33,28.15,28.11,28.18
T2M,1999,-1.7975103014118005e-13,40.625,30.17,30.53,31.19,29.87,27.58,26.63,26.17,26.41,27.94,28.56,28.45,28.31,28.47
T2M,1999,-1.7975103014118005e-13,41.25,30.11,30.42,31.1,29.83,27.69,26.86,26.41,26.59,28.01,28.52,28.54,28.36,28.52
T2M,1999,-1.7975103014118005e-13,41.875,29.75,30.05,30.5,29.65,27.86,27.05,26.4,26.53,27.75,28.14,28.47,28.36,28.36
T2M,1999,-2.0,34.375,23.88,26.72,22.85,22.29,23.21,23.18,22.73,23.98,25.31,25.88,23.85,22.76,23.87
T2M,1999,-2.0,35.0,22.36,24.24,21.3,19.7,19.74,19.76,19.5,20.63,21.94,22.85,21.25,20.39,21.12
T2M,1999,-2.0,35.625,20.19,20.95,19.57,17.82,17.11,16.04,15.89,17.25,18.5,19.23,18.67,18.13,18.26
T2M,1999,-2.0,36.25,26.49,26.91,25.97,24.47,23.69,22.99,22.23,23.59,24.77,25.49,24.51,24.02,24.58
T2M,1999,-2.0,36.875,21.84,22.58,21.74,20.5,19.69,19.42,18.8,19.15,20.12,20.87,20.18,19.45,20.35
T2M,1999,-2.0,37.5,22.87,23.64,23.06,21.91,21.03,20.3,19.82,20.12,21.06,21.79,21.37,20.62,21.45
T2M,1999,-2.0,38.125,25.08,25.73,25.32,24.42,23.62,22.46,22.01,22.33,23.36,24.04,23.55,22.96,23.73
T2M,1999,-2.0,38.75,28.09,28.6,27.38,26.29,25.44,24.59,23.97,24.21,25.28,25.99,25.46,25.28,25.86
T2M,1999,-2.0,39.375,29.34,29.75,28.69,27.25,25.97,25.07,24.59,24.92,25.98,26.86,26.55,26.69,26.79
T2M,1999,-2.0,40.0,29.95,30.23,29.73,28.21,26.54,25.91,25.42,25.46,26.59,27.38,27.28,27.62,27.51
T2M,1999,-2.0,40.625,29.24,29.42,30.05,28.74,26.91,26.04,25.59,25.35,26.46,27.1,27.66,28.03,27.54
T2M,1999,-2.0,41.25,27.47,27.55,28.53,28.4,27.41,26.39,25.58,25.32,25.91,26.34,27.19,27.6,26.97
T2M,1999,-2.0,41.875,26.22,26.36,27.2,27.88,27.21,26.19,25.28,25.02,25.34,25.73,26.54,26.9,26.32
T2M,1999,-2.5,34.375,23.37,25.61,22.09,21.41,21.85,21.94,21.74,23.34,24.77,25.51,23.48,22.26,23.1
T2M,1999,-2.5,35.0,21.67,23.11,20.39,18.87,18.65,18.38,18.66,19.95,21.32,22.28,20.82,19.76,20.3
T2M,1999,-2.5,35.625,23.1,23.81,21.94,20.07,19.03,18.29,18.66,20.09,21.42,22.27,21.62,20.76,20.9
T2M,1999,-2.5,36.25,25.93,26.34,25.13,23.58,22.19,21.39,21.04,22.68,24.18,25.02,24.11,23.69,23.76
T2M,1999,-2.5,36.875,23.24,23.85,23.0,22.03,21.03,20.74,20.32,21.4,22.71,23.33,21.79,21.0,22.02
T2M,1999,-2.5,37.5,23.53,24.21,23.53,22.22,21.09,20.63,20.67,21.03,21.93,22.75,21.96,21.26,22.05
T2M,1999,-2.5,38.125,25.03,25.62,25.15,24.03,23.23,22.16,21.78,22.23,23.21,23.91,23.5,23.02,23.56
T2M,1999,-2.5,38.75,27.9,28.25,27.44,25.97,25.03,24.24,23.74,24.06,25.14,25.85,25.54,25.45,25.7
T2M,1999,-2.5,39.375,28.75,29.01,28.51,26.8,25.35,24.28,23.96,24.44,25.48,26.42,26.4,26.56,26.31
T2M,1999,-2.5,40.0,28.77,28.92,29.0,27.7,26.02,25.23,24.81,24.93,25.86,26.56,26.84,27.4,26.82
T2M,1999,-2.5,40.625,27.83,27.79,28.73,28.24,26.84,25.92,25.34,25.01,25.72,26.19,27.09,27.68,26.86
T2M,1999,-2.5,41.25,26.48,26.38,27.42,27.88,27.24,26.11,25.23,24.87,25.27,25.62,26.5,27.0,26.33
T2M,1999,-2.5,41.875,26.43,26.39,27.32,27.94,27.32,26.22,25.32,25.03,25.34,25.76,26.58,27.02,26.39
T2M,1999,-3.0,34.375,23.03,24.92,21.74,20.73,20.86,20.72,20.38,22.18,23.67,24.43,23.55,22.48,22.37
T2M,1999,-3.0,35.0,22.16,23.44,20.6,18.78,18.12,17.81,17.85,19.77,21.17,22.06,21.5,20.48,20.29
T2M,1999,-3.0,35.625,19.17,19.85,18.07,16.21,14.89,13.81,14.0,15.31,16.88,17.82,18.06,17.4,16.77
T2M,1999,-3.0,36.25,24.73,25.37,23.32,21.15,19.06,18.37,18.62,20.29,21.54,22.5,23.1,22.5,21.69
T2M,1999,-3.0,36.875,23.57,24.14,22.94,21.1,18.29,17.19,17.26,19.07,20.76,21.95,22.08,21.36,20.79
T2M,1999,-3.0,37.5,19.03,19.57,19.17,17.74,15.97,14.81,14.53,15.47,16.6,17.73,17.74,17.5,17.14
T2M,1999,-3.0,38.125,24.55,25.06,24.83,23.5,22.42,21.19,20.8,21.4,22.4,23.16,23.19,23.07,22.95
T2M,1999,-3.0,38.75,27.41,27.55,27.17,25.43,24.32,23.47,22.99,23.51,24.59,25.31,25.13,25.18,25.16
T2M,1999,-3.0,39.375,28.31,28.52,28.37,26.57,24.94,23.81,23.49,24.02,25.0,25.95,26.21,26.59,25.97
T2M,1999,-3.0,40.0,27.92,28.0,28.56,27.51,26.01,25.17,24.64,24.65,25.47,26.01,26.54,27.2,26.46
T2M,1999,-3.0,40.625,26.85,26.7,27.8,28.01,27.14,26.01,25.16,24.73,25.27,25.61,26.59,27.19,26.42
T2M,1999,-3.0,41.25,26.71,26.52,27.6,27.99,27.31,26.14,25.27,24.89,25.3,25.64,26.58,27.16,26.42
T2M,1999,-3.0,41.875,26.73,26.48,27.51,28.02,27.38,26.21,25.37,25.05,25.37,25.74,26.61,27.17,26.47
T2M,1999,-3.5,34.375,24.17,26.24,23.03,22.0,22.04,21.82,21.68,23.32,24.33,25.3,24.8,24.16,23.56
T2M,1999,-3.5,35.0,23.73,25.15,22.07,20.29,19.51,18.9,18.91,20.51,21.62,22.64,22.56,22.34,21.5
T2M,1999,-3.5,35.625,22.79,23.8,21.0,18.97,17.47,16.63,16.65,18.09,19.56,20.59,20.76,20.77,19.73
T2M,1999,-3.5,36.25,25.06,25.77,23.14,20.92,18.93,18.3,18.45,20.11,21.38,22.38,22.5,22.68,21.61
T2M,1999,-3.5,36.875,25.1,25.6,23.32,21.11,18.85,17.62,17.82,19.17,20.78,21.77,22.14,22.51,21.29
T2M,1999,-3.5,37.5,26.35,26.67,25.3,23.13,21.02,19.83,19.73,21.09,22.58,23.57,23.91,24.24,23.1
T2M,1999,-3.5,38.125,24.04,24.2,23.85,22.14,20.96,19.71,19.24,19.82,20.85,21.72,22.22,22.48,21.76
T2M,1999,-3.5,38.75,26.01,26.12,25.97,24.32,23.23,22.02,21.38,21.95,23.03,23.78,24.24,24.53,23.87
T2M,1999,-3.5,39.375,27.73,27.79,27.78,26.08,24.49,23.32,22.98,23.44,24.4,25.25,25.79,26.34,25.44
T2M,1999,-3.5,40.0,27.59,27.57,28.24,27.64,26.53,25.59,24.87,24.59,25.28,25.68,26.5,27.21,26.43
T2M,1999,-3.5,40.625,26.99,26.89,27.91,28.07,27.26,26.1,25.18,24.71,25.2,25.55,26.55,27.26,26.47
T2M,1999,-3.5,41.25,27.01,26.83,27.86,28.11,27.37,26.18,25.3,24.91,25.31,25.63,26.61,27.3,26.53
T2M,1999,-3.5,41.875,26.97,26.72,27.79,28.09,27.4,26.19,25.4,25.05,25.39,25.7,26.66,27.27,26.55
T2M,1999,-4.0,34.375,24.39,26.59,23.42,22.55,22.69,22.27,21.92,23.84,24.89,25.86,25.37,24.89,24.04
T2M,1999,-4.0,35.0,22.88,24.79,21.46,20.02,19.4,18.78,18.69,20.31,21.37,22.47,22.3,22.2,21.2
T2M,1999,-4.0,35.625,22.49,23.69,20.75,18.97,17.67,16.7,16.64,17.99,19.19,20.35,20.74,20.83,19.64
T2M,1999,-4.0,36.25,24.65,25.54,22.78,20.9,19.33,18.57,18.44,19.96,21.28,22.39,22.58,22.86,21.58
T2M,1999,-4.0,36.875,23.93,24.59,22.63,20.85,19.06,17.95,17.91,19.06,20.45,21.54,21.95,22.31,21.0
T2M,1999,-4.0,37.5,25.38,25.79,24.27,22.42,20.86,19.65,19.33,20.62,22.0,22.91,23.28,23.73,22.5
T2M,1999,-4.0,38.125,25.74,25.76,24.8,23.01,22.04,20.67,20.19,21.18,22.32,23.05,23.33,23.92,22.99
T2M,1999,-4.0,38.75,26.55,26.51,26.02,24.11,22.97,21.8,21.18,21.82,22.92,23.69,24.27,24.85,23.88
T2M,1999,-4.0,39.375,27.85,27.84,28.08,26.37,24.86,23.87,23.47,23.82,24.76,25.43,26.15,26.89,25.77
T2M,1999,-4.0,40.0,27.28,27.23,28.07,27.89,27.0,25.97,25.07,24.59,25.19,25.47,26.57,27.24,26.46
T2M,1999,-4.0,40.625,27.17,27.12,28.05,28.12,27.33,26.19,25.21,24.7,25.2,25.53,26.59,27.33,26.54
T2M,1999,-4.0,41.25,27.2,27.11,28.08,28.18,27.44,26.24,25.32,24.91,25.32,25.61,26.66,27.36,26.62
T2M,1999,-4.0,41.875,27.12,26.99,27.98,28.15,27.43,26.18,25.38,25.04,25.39,25.64,26.69,27.29,26.6
T2M,1999,-4.5,34.375,23.2,25.84,22.12,21.42,21.61,20.51,19.7,21.76,23.16,24.22,24.19,23.93,22.62
T2M,1999,-4.5,35.0,21.74,23.81,20.27,18.96,18.57,17.62,17.15,18.88,20.05,21.19,21.22,21.35,20.04
T2M,1999,-4.5,35.625,22.18,23.51,20.39,18.66,17.68,16.75,16.6,18.01,19.04,20.08,20.58,20.89,19.51
T2M,1999,-4.5,36.25,24.6,25.67,22.57,20.93,19.91,19.03,18.68,20.16,21.34,22.39,22.77,23.25,21.75
T2M,1999,-4.5,36.875,23.7,24.49,22.2,20.73,19.49,18.44,17.97,19.08,20.23,21.29,21.92,22.44,20.98
T2M,1999,-4.5,37.5,24.86,25.37,23.62,21.91,20.59,19.21,18.63,19.71,20.99,21.99,22.92,23.45,21.92
T2M,1999,-4.5,38.125,24.7,24.9,23.93,22.21,20.92,19.29,18.62,19.75,21.07,21.89,22.73,23.08,21.91
T2M,1999,-4.5,38.75,26.8,26.81,26.16,24.49,23.23,22.01,21.25,21.94,23.12,23.84,24.68,25.17,24.11
T2M,1999,-4.5,39.375,27.96,27.94,28.2,27.08,25.99,25.01,24.35,24.37,25.2,25.63,26.65,27.33,26.3
T2M,1999,-4.5,40.0,27.27,27.28,28.09,28.01,27.16,26.11,25.12,24.59,25.18,25.46,26.69,27.26,26.51
T2M,1999,-4.5,40.625,27.31,27.29,28.14,28.14,27.35,26.24,25.23,24.67,25.21,25.5,26.71,27.31,26.59
T2M,1999,-4.5,41.25,27.31,27.27,28.16,28.2,27.47,26.26,25.33,24.87,25.31,25.56,26.76,27.31,26.65
T2M,1999,-4.5,41.875,27.21,27.21,28.1,28.19,27.45,26.18,25.35,24.99,25.38,25.58,26.74,27.28,26.63
T2M,1999,0.5,34.375,24.06,26.27,23.95,23.14,21.63,21.36,20.06,20.67,22.07,21.54,22.03,22.44,22.41
T2M,1999,0.5,35.0,19.4,20.97,20.68,20.19,19.01,18.39,16.98,17.69,18.85,18.59,18.45,18.63,18.97
T2M,1999,0.5,35.625,19.66,20.38,20.72,20.22,19.09,18.55,17.43,18.15,19.73,19.69,18.87,18.93,19.28
T2M,1999,0.5,36.25,22.55,22.94,23.32,23.16,22.93,22.41,20.65,21.46,22.89,22.82,21.61,21.23,22.32
T2M,1999,0.5,36.875,19.79,20.49,20.61,20.74,20.79,20.18,18.81,19.42,20.95,20.88,19.37,18.38,20.03
T2M,1999,0.5,37.5,23.18,23.89,23.65,23.58,23.32,22.88,22.17,22.82,23.98,24.0,22.2,21.3,23.07
T2M,1999,0.5,38.125,25.98,26.62,26.2,25.86,25.03,24.23,23.73,24.27,25.27,25.56,24.49,23.84,25.08
T2M,1999,0.5,38.75,28.73,29.13,28.37,27.87,26.69,25.98,25.54,25.92,26.95,27.44,26.91,26.37,27.14
T2M,1999,0.5,39.375,29.98,30.34,29.59,28.88,27.24,26.57,26.11,26.51,27.67,28.34,28.14,27.65,28.07
T2M,1999,0.5,40.0,30.35,30.71,30.53,29.71,27.7,26.83,26.29,26.72,28.07,28.72,28.67,28.33,28.54
T2M,1999,0.5,40.625,30.43,30.79,31.3,30.4,28.25,27.14,26.54,27.0,28.51,28.88,28.93,28.75,28.9
T2M,1999,0.5,41.25,30.31,30.7,31.2,30.32,28.33,27.29,26.6,27.04,28.42,28.75,28.97,28.91,28.89
T2M,1999,0.5,41.875,30.19,30.51,30.75,30.06,28.16,27.27,26.45,26.94,28.19,28.34,28.78,28.81,28.69
T2M,1999,1.0,34.375,18.79,20.6,20.1,19.62,17.77,17.18,15.88,16.53,17.28,17.04,17.19,17.32,17.92
T2M,1999,1.0,35.0,17.24,18.52,18.96,18.48,16.99,16.32,15.24,16.03,16.76,16.49,16.07,15.97,16.91
T2M,1999,1.0,35.625,20.82,21.45,21.52,21.02,19.63,19.08,17.94,18.99,20.52,20.39,19.55,19.41,20.01
T2M,1999,1.0,36.25,24.49,24.84,25.13,24.93,24.77,24.45,22.5,23.62,24.92,24.97,23.71,22.94,24.27
T2M,1999,1.0,36.875,20.18,21.01,21.04,21.11,20.82,20.19,19.35,20.15,21.16,21.22,20.01,19.09,20.44
T2M,1999,1.0,37.5,24.47,25.09,24.72,24.7,24.09,23.41,23.04,23.76,24.81,24.98,23.44,22.64,24.09
T2M,1999,1.0,38.125,27.79,28.25,27.63,27.52,26.6,25.69,25.37,25.88,26.82,27.21,26.26,25.71,26.72
T2M,1999,1.0,38.75,29.65,30.05,29.19,28.8,27.55,26.85,26.51,26.92,27.96,28.51,27.96,27.41,28.1
T2M,1999,1.0,39.375,30.18,30.52,29.61,29.07,27.5,26.93,26.54,26.93,28.07,28.69,28.37,27.69,28.33
T2M,1999,1.0,40.0,30.34,30.7,30.31,29.84,27.94,26.98,26.47,26.94,28.29,28.77,28.64,28.0,28.59
T2M,1999,1.0,40.625,30.6,30.98,31.23,30.56,28.57,27.44,26.71,27.29,28.75,28.95,28.94,28.61,29.04
T2M,1999,1.0,41.25,30.74,31.13,31.36,30.63,28.7,27.59,26.74,27.36,28.75,28.9,29.07,28.99,29.15
T2M,1999,1.0,41.875,30.54,30.95,30.94,30.45,28.44,27.44,26.58,27.29,28.56,28.58,28.92,28.98,28.96
T2M,1999,1.5,34.375,24.58,25.91,25.25,24.66,22.09,21.43,19.59,20.56,21.93,21.4,22.03,22.73,22.66
T2M,1999,1.5,35.0,22.08,23.09,22.9,22.38,20.66,19.96,18.54,19.54,20.87,20.45,20.19,20.51,20.91
T2M,1999,1.5,35.625,24.94,25.22,25.53,25.19,24.4,23.75,22.1,23.53,24.95,24.73,23.69,23.47,24.28
T2M,1999,1.5,36.25,27.23,27.55,27.77,27.8,27.64,27.24,25.26,26.74,28.12,27.99,26.59,25.97,27.15
T2M,1999,1.5,36.875,23.0,23.74,23.28,23.3,23.16,22.49,21.76,22.77,23.81,23.84,22.26,21.48,22.9
T2M,1999,1.5,37.5,25.87,26.47,26.02,26.07,25.51,24.69,24.14,24.87,25.88,26.08,24.9,24.25,25.39
T2M,1999,1.5,38.125,28.68,29.16,28.43,28.36,27.47,26.55,26.2,26.76,27.73,28.11,27.07,26.57,27.58
T2M,1999,1.5,38.75,29.89,30.3,29.17,28.77,27.69,27.23,26.9,27.29,28.29,28.79,27.9,27.22,28.27
T2M,1999,1.5,39.375,30.07,30.4,29.52,29.0,27.52,26.79,26.5,26.93,28.1,28.59,28.25,27.52,28.25
T2M,1999,1.5,40.0,30.28,30.68,29.81,29.31,27.88,27.04,26.62,27.12,28.43,28.81,28.46,27.8,28.5
T2M,1999,1.5,40.625,30.6,31.04,30.96,30.43,28.63,27.51,26.76,27.35,28.73,28.85,28.75,28.42,28.99
T2M,1999,1.5,41.25,30.8,31.26,31.3,30.7,28.91,27.61,26.83,27.43,28.75,28.88,28.99,28.98,29.19
T2M,1999,1.5,41.875,30.54,31.0,30.78,30.48,28.36,27.4,26.52,27.29,28.57,28.53,28.52,28.64,28.87
T2M,1999,2.0,34.375,26.75,27.4,27.34,26.99,24.39,24.1,22.02,23.11,24.84,24.42,24.54,24.91,25.05
T2M,1999,2.0,35.0,24.65,25.2,25.12,24.87,23.21,22.61,21.09,22.32,23.63,23.26,22.89,22.89,23.46
T2M,1999,2.0,35.625,27.93,28.28,28.28,28.2,27.34,26.52,25.01,26.63,28.08,27.77,26.97,26.64,27.29
T2M,1999,2.0,36.25,29.58,29.94,29.88,30.12,30.05,29.45,27.75,29.36,30.51,30.4,28.96,28.41,29.53
T2M,1999,2.0,36.875,23.44,24.1,23.58,23.49,23.34,22.61,22.09,22.96,23.76,23.86,22.56,21.95,23.14
T2M,1999,2.0,37.5,27.09,27.68,26.76,26.61,26.18,25.35,25.1,25.72,26.59,26.85,25.86,25.22,26.24
T2M,1999,2.0,38.125,28.35,28.89,27.72,27.36,26.71,26.04,25.78,26.28,27.26,27.64,26.61,25.95,27.04
T2M,1999,2.0,38.75,29.67,30.18,28.87,28.31,27.37,26.73,26.48,27.01,28.06,28.53,27.76,27.12,27.99
T2M,1999,2.0,39.375,29.93,30.36,29.17,28.59,27.39,26.52,26.26,26.81,28.02,28.35,27.94,27.23,28.03
T2M,1999,2.0,40.0,29.83,30.35,29.22,28.64,27.39,26.48,26.03,26.66,27.95,28.16,27.8,27.11,27.95
T2M,1999,2.0,40.625,29.98,30.49,30.0,29.62,27.93,26.94,26.05,26.71,28.05,28.06,27.6,27.2,28.2
T2M,1999,2.0,41.25,30.47,31.0,30.75,30.38,28.63,27.42,26.5,27.2,28.51,28.54,28.28,28.09,28.8
T2M,1999,2.0,41.875,30.31,30.85,30.42,30.33,28.0,27.03,26.33,27.19,28.46,28.24,27.83,27.99,28.56
T2M,1999,2.5,34.375,25.96,26.69,26.33,26.11,24.16,24.2,21.68,23.29,25.35,24.78,24.32,24.13,24.73
T2M,1999,2.5,35.0,25.95,26.5,26.33,26.16,24.76,24.05,22.54,23.96,25.21,25.03,24.5,24.26,24.92
T2M,1999,2.5,35.625,28.82,29.31,29.03,29.09,28.14,27.23,25.81,27.59,28.87,28.4,27.75,27.42,28.11
T2M,1999,2.5,36.25,29.9,30.28,30.15,30.26,30.0,29.16,28.04,29.35,30.17,30.19,29.08,28.68,29.6
T2M,1999,2.5,36.875,26.51,27.11,26.48,26.09,25.61,24.93,24.63,25.28,26.0,26.23,25.34,24.89,25.75
T2M,1999,2.5,37.5,28.96,29.53,28.27,27.82,27.45,26.76,26.52,27.1,27.94,28.27,27.36,26.84,27.72
T2M,1999,2.5,38.125,27.99,28.56,27.19,26.66,25.92,25.22,24.97,25.5,26.49,26.85,26.13,25.6,26.41
T2M,1999,2.5,38.75,29.31,29.87,28.57,27.88,26.98,26.25,26.01,26.62,27.67,28.0,27.36,26.77,27.59
T2M,1999,2.5,39.375,29.34,29.91,28.78,28.02,26.85,25.96,25.71,26.35,27.53,27.59,27.25,26.72,27.48
T2M,1999,2.5,40.0,28.87,29.52,28.7,28.01,26.64,25.69,25.16,25.93,27.19,27.16,26.85,26.36,27.16
T2M,1999,2.5,40.625,29.02,29.68,29.15,28.79,27.27,26.31,25.39,26.09,27.33,27.15,26.9,26.58,27.46
T2M,1999,2.5,41.25,29.7,30.39,30.11,29.72,28.09,26.83,25.99,26.65,27.86,27.79,27.86,27.69,28.21
T2M,1999,2.5,41.875,29.52,30.18,29.82,29.44,27.45,26.37,25.69,26.5,27.72,27.41,27.57,27.61,27.92
T2M,1999,3.0,34.375,24.78,25.47,24.6,24.11,22.96,22.64,20.78,21.92,24.01,24.02,23.34,22.98,23.45
T2M,1999,3.0,35.0,27.07,27.7,27.33,26.8,25.76,25.0,23.64,24.98,26.35,26.41,25.84,25.47,26.02
T2M,1999,3.0,35.625,29.77,30.32,30.22,30.11,29.21,28.4,27.2,28.85,29.61,29.49,28.83,28.57,29.21
T2M,1999,3.0,36.25,30.41,30.82,30.63,30.46,29.97,28.93,28.3,29.1,29.88,30.26,29.44,29.18,29.77
T2M,1999,3.0,36.875,29.43,29.98,29.27,28.75,28.29,27.52,27.12,27.79,28.53,28.93,28.01,27.65,28.43
T2M,1999,3.0,37.5,29.81,30.28,29.35,28.69,28.05,27.46,27.11,27.64,28.53,28.92,28.0,27.67,28.45
T2M,1999,3.0,38.125,28.77,29.26,28.34,27.46,26.55,25.78,25.64,26.14,27.11,27.44,26.69,26.42,27.12
T2M,1999,3.0,38.75,28.85,29.37,28.33,27.27,26.26,25.68,25.41,26.06,27.08,27.18,26.58,26.47,27.03
T2M,1999,3.0,39.375,28.45,29.05,28.23,27.25,25.89,25.06,24.76,25.59,26.7,26.52,26.31,26.1,26.64
T2M,1999,3.0,40.0,27.82,28.5,27.86,27.26,25.81,24.99,24.43,25.32,26.51,26.19,25.94,25.63,26.34
T2M,1999,3.0,40.625,28.09,28.84,28.46,28.21,26.8,25.92,25.02,25.76,26.89,26.6,26.54,26.19,26.93
T2M,1999,3.0,41.25,28.78,29.55,29.32,29.16,27.57,26.45,25.59,26.29,27.43,27.2,27.39,27.02,27.63
T2M,1999,3.0,41.875,28.5,29.25,29.04,28.63,27.04,25.86,25.17,26.03,27.18,26.76,27.22,26.88,27.28
T2M,1999,3.5,34.375,24.91,25.6,24.67,23.8,23.14,22.7,21.12,22.31,24.28,24.16,23.39,22.85,23.56
T2M,1999,3.5,35.0,28.56,29.24,28.51,27.85,27.22,26.41,25.09,26.49,27.93,27.86,27.19,26.82,27.42
T2M,1999,3.5,35.625,29.95,30.43,30.23,30.03,29.37,28.56,27.39,28.81,29.57,29.53,28.91,28.64,29.28
T2M,1999,3.5,36.25,30.12,30.42,30.23,29.84,29.21,28.35,27.72,28.47,29.22,29.59,28.97,28.75,29.23
T2M,1999,3.5,36.875,29.97,30.34,29.69,28.98,28.42,27.98,27.44,28.11,28.91,29.21,28.44,28.17,28.79
T2M,1999,3.5,37.5,28.87,29.2,28.3,27.35,26.67,26.01,25.6,26.21,27.12,27.36,26.84,26.83,27.18
T2M,1999,3.5,38.125,27.61,28.1,27.14,25.86,24.78,24.1,23.83,24.62,25.62,25.64,25.46,25.61,25.68
T2M,1999,3.5,38.75,27.34,27.92,26.82,25.39,24.04,23.41,23.03,23.91,25.03,24.85,24.92,25.35,25.15
T2M,1999,3.5,39.375,25.94,26.53,25.8,24.81,23.26,22.53,22.09,23.02,24.24,23.91,23.78,23.92,24.14
T2M,1999,3.5,40.0,26.8,27.42,26.77,26.34,24.95,24.34,23.67,24.69,25.86,25.37,24.92,24.87,25.49
T2M,1999,3.5,40.625,26.81,27.53,26.91,26.98,25.84,25.28,24.3,25.12,26.2,25.71,25.23,25.09,25.9
T2M,1999,3.5,41.25,27.69,28.5,28.49,28.69,27.43,26.38,25.49,26.25,27.35,27.06,26.9,26.31,27.2
T2M,1999,3.5,41.875,28.67,29.53,29.57,29.45,28.21,27.05,26.34,27.19,28.32,27.85,28.0,27.29,28.11
T2M,1999,4.0,34.375,27.83,28.62,27.26,26.08,25.8,25.59,23.76,25.34,27.27,26.78,26.06,25.42,26.3
T2M,1999,4.0,35.0,30.04,30.73,29.59,28.87,28.58,28.07,26.57,28.11,29.47,29.03,28.44,27.95,28.77
T2M,1999,4.0,35.625,29.17,29.66,29.07,28.88,28.12,27.45,26.34,27.56,28.35,28.22,27.91,27.59,28.18
T2M,1999,4.0,36.25,30.57,30.84,30.47,29.95,29.2,28.53,27.8,28.59,29.33,29.53,29.33,29.2,29.44
T2M,1999,4.0,36.875,29.36,29.87,28.84,27.97,27.17,26.8,26.24,27.06,27.9,27.86,27.76,27.78,27.87
T2M,1999,4.0,37.5,29.08,29.64,28.39,27.28,26.11,25.62,25.24,25.99,26.94,26.89,27.16,27.51,27.14
T2M,1999,4.0,38.125,25.38,26.01,24.84,23.65,21.99,21.33,20.88,21.66,22.77,22.61,23.16,23.9,23.16
T2M,1999,4.0,38.75,23.37,24.14,23.14,22.34,20.77,20.0,19.62,20.45,21.45,21.2,21.27,22.06,21.63
T2M,1999,4.0,39.375,24.33,25.04,24.16,23.55,22.04,21.42,21.13,22.04,23.23,22.59,22.09,22.75,22.85
T2M,1999,4.0,40.0,25.67,26.35,25.34,24.99,23.81,23.36,22.83,23.85,24.99,24.19,23.56,23.99,24.4
T2M,1999,4.0,40.625,25.65,26.41,25.73,25.97,25.16,24.8,23.85,24.72,25.83,25.16,24.27,24.16,25.13
T2M,1999,4.0,41.25,27.34,28.23,28.21,28.58,27.77,26.9,26.12,26.86,27.95,27.44,26.74,26.04,27.34
T2M,1999,4.0,41.875,29.01,30.0,30.12,30.11,29.26,28.25,27.64,28.44,29.58,28.9,28.48,27.69,28.95
T2M,1999,4.5,34.375,30.13,30.91,29.47,27.81,28.16,28.13,25.87,28.22,29.63,28.6,28.23,27.38,28.53
T2M,1999,4.5,35.0,30.33,31.03,29.71,28.88,28.58,28.58,26.88,28.58,29.75,28.88,28.71,27.96,28.97
T2M,1999,4.5,35.625,29.88,30.54,29.47,29.31,28.38,28.06,26.89,28.04,28.95,28.42,28.64,28.17,28.71
T2M,1999,4.5,36.25,30.78,31.43,30.31,29.95,29.05,28.8,27.77,28.88,29.69,29.31,29.67,29.47,29.58
T2M,1999,4.5,36.875,29.54,30.23,28.95,28.32,27.06,26.7,26.1,27.12,27.93,27.59,28.13,28.31,27.98
T2M,1999,4.5,37.5,27.13,27.84,26.33,25.64,23.92,23.95,23.16,24.27,25.26,24.68,25.46,25.84,25.27
T2M,1999,4.5,38.125,22.84,23.59,22.63,22.17,20.37,19.94,19.25,20.21,21.1,20.64,21.06,21.63,21.27
T2M,1999,4.5,38.75,23.13,24.08,23.47,23.13,21.43,21.03,20.44,21.38,22.35,21.78,21.65,22.1,22.15
T2M,1999,4.5,39.375,24.98,25.85,25.08,24.76,23.25,22.85,22.31,23.32,24.41,23.77,23.3,23.83,23.96
T2M,1999,4.5,40.0,23.93,24.82,24.2,23.97,22.81,22.23,21.46,22.48,23.58,22.96,22.48,22.86,23.14
T2M,1999,4.5,40.625,25.04,25.86,25.27,25.51,24.85,24.43,23.53,24.48,25.59,24.73,23.92,23.82,24.74
T2M,1999,4.5,41.25,25.42,26.37,26.29,26.63,25.97,25.18,24.48,25.33,26.4,25.76,24.91,24.31,25.58
T2M,1999,4.5,41.875,28.72,29.79,29.93,29.93,29.23,28.53,28.0,28.79,29.91,28.98,28.21,27.62,28.96
T2M,2000,-0.5,34.375,25.47,26.0,25.88,25.25,24.98,24.32,23.7,23.81,24.64,23.95,23.38,23.32,24.55
T2M,2000,-0.5,35.0,22.27,23.08,23.3,22.2,21.69,20.57,19.77,20.22,20.98,21.17,20.69,20.35,21.35
T2M,2000,-0.5,35.625,16.31,16.87,17.85,16.67,16.1,14.53,13.67,13.92,14.82,15.54,15.43,15.53,15.6
T2M,2000,-0.5,36.25,16.61,17.3,18.35,17.05,16.4,14.83,14.02,14.03,15.12,15.88,15.89,16.53,16.0
T2M,2000,-0.5,36.875,16.52,17.79,18.49,17.6,16.98,15.62,14.93,15.07,16.03,16.82,16.45,16.76,16.58
T2M,2000,-0.5,37.5,19.96,21.39,22.44,21.49,20.92,19.45,18.89,18.84,19.79,20.92,20.32,20.3,20.39
T2M,2000,-0.5,38.125,23.83,25.14,26.7,25.64,25.13,23.78,23.35,23.55,24.41,25.46,24.08,23.86,24.58
T2M,2000,-0.5,38.75,26.68,27.81,29.02,27.34,26.52,25.14,24.71,24.92,25.8,27.01,26.12,26.0,26.42
T2M,2000,-0.5,39.375,28.57,29.49,30.41,28.21,27.07,25.81,25.44,25.54,26.54,27.64,27.82,28.06,27.54
T2M,2000,-0.5,40.0,29.07,30.0,30.73,28.73,27.35,26.16,25.76,25.88,27.0,27.93,28.46,28.69,27.97
T2M,2000,-0.5,40.625,29.58,30.29,30.55,29.37,27.36,26.2,25.98,25.97,27.26,27.74,28.44,29.2,28.15
T2M,2000,-0.5,41.25,29.57,30.12,30.27,29.5,27.58,26.41,26.2,26.11,27.36,27.71,28.47,29.21,28.2
T2M,2000,-0.5,41.875,28.85,29.15,29.45,29.33,27.68,26.59,26.24,26.16,27.06,27.4,28.37,28.87,27.92
T2M,2000,-1.0,34.375,24.15,23.86,24.21,24.04,23.94,23.2,22.7,22.87,23.85,23.21,22.1,21.07,23.26
T2M,2000,-1.0,35.0,21.71,21.69,21.87,20.56,20.12,18.94,18.45,18.91,19.85,20.4,19.75,18.82,20.08
T2M,2000,-1.0,35.625,20.56,21.29,21.25,18.99,18.33,16.64,15.96,16.34,17.54,18.73,18.43,18.52,18.54
T2M,2000,-1.0,36.25,18.66,19.65,20.0,18.32,17.52,15.87,14.98,15.38,16.66,17.7,17.53,18.06,17.52
T2M,2000,-1.0,36.875,18.09,19.65,20.75,19.6,19.16,17.93,17.35,17.46,18.64,19.53,18.73,18.62,18.79
T2M,2000,-1.0,37.5,21.27,22.67,23.96,22.79,22.05,20.57,20.25,20.25,21.17,22.46,21.8,21.66,21.74
T2M,2000,-1.0,38.125,23.59,24.56,25.79,24.49,23.76,22.27,21.82,22.02,22.92,24.17,23.08,23.06,23.46
T2M,2000,-1.0,38.75,27.24,28.13,28.97,27.13,26.24,24.87,24.5,24.69,25.55,26.82,25.95,26.04,26.34
T2M,2000,-1.0,39.375,29.21,29.9,30.42,28.05,26.93,25.68,25.33,25.45,26.42,27.55,27.62,28.24,27.56
T2M,2000,-1.0,40.0,29.64,30.47,30.78,28.59,27.37,26.19,25.8,25.9,27.0,27.94,28.3,28.71,28.05
T2M,2000,-1.0,40.625,29.5,30.2,30.25,28.98,27.21,25.99,25.71,25.7,26.99,27.48,28.18,29.05,27.93
T2M,2000,-1.0,41.25,29.0,29.52,29.69,29.06,27.35,26.07,25.8,25.71,26.88,27.28,28.05,28.79,27.76
T2M,2000,-1.0,41.875,27.6,27.8,28.27,28.64,27.35,26.2,25.73,25.61,26.36,26.7,27.68,27.92,27.15
T2M,2000,-1.5,34.375,24.93,24.19,24.59,24.07,24.32,23.48,23.17,23.35,24.69,24.05,22.5,21.07,23.7
T2M,2000,-1.5,35.0,23.13,23.28,22.92,21.41,21.32,20.38,20.16,20.49,21.76,21.96,20.95,19.73,21.45
T2M,2000,-1.5,35.625,19.49,20.92,20.46,18.54,18.01,16.56,16.15,16.44,17.9,18.83,18.54,18.15,18.32
T2M,2000,-1.5,36.25,23.22,24.74,24.83,22.68,22.12,20.71,19.91,20.39,21.91,23.09,22.42,22.63,22.38
T2M,2000,-1.5,36.875,19.88,21.7,22.16,20.64,20.17,18.97,18.43,18.72,19.8,20.71,19.91,19.79,20.07
T2M,2000,-1.5,37.5,20.57,22.26,23.34,21.86,21.06,19.73,19.38,19.43,20.37,21.56,21.13,20.86,20.96
T2M,2000,-1.5,38.125,23.35,24.35,25.73,24.63,23.61,22.24,21.88,22.11,23.01,24.25,23.6,23.51,23.52
T2M,2000,-1.5,38.75,27.2,28.05,28.8,27.0,25.93,24.6,24.26,24.41,25.29,26.63,26.04,26.2,26.2
T2M,2000,-1.5,39.375,29.21,29.85,30.06,27.77,26.62,25.36,25.02,25.23,26.15,27.38,27.4,28.03,27.33
T2M,2000,-1.5,40.0,30.02,30.62,30.58,28.43,26.99,25.93,25.63,25.68,26.78,27.59,28.21,29.12,27.96
T2M,2000,-1.5,40.625,29.5,30.15,30.14,28.83,27.16,25.96,25.61,25.62,26.78,27.32,28.22,29.11,27.86
T2M,2000,-1.5,41.25,28.48,29.03,29.32,28.81,27.34,26.07,25.7,25.59,26.63,27.01,27.88,28.58,27.53
T2M,2000,-1.5,41.875,26.58,26.75,27.36,28.13,27.1,25.93,25.35,25.18,25.73,26.0,27.08,27.25,26.53
T2M,2000,-1.7975103014118005e-13,34.375,25.2,25.82,25.86,24.4,23.64,22.93,22.43,22.6,23.58,22.89,23.01,23.24,23.79
T2M,2000,-1.7975103014118005e-13,35.0,22.02,23.25,23.85,22.6,21.47,20.35,19.52,19.92,20.82,20.83,20.82,21.16,21.38
T2M,2000,-1.7975103014118005e-13,35.625,16.02,16.97,18.44,17.83,17.05,15.7,14.77,14.96,15.88,16.32,15.96,16.25,16.34
T2M,2000,-1.7975103014118005e-13,36.25,18.46,19.46,20.71,20.37,19.89,18.3,17.17,17.18,18.41,19.09,18.5,18.76,18.85
T2M,2000,-1.7975103014118005e-13,36.875,17.61,18.9,19.83,19.75,19.4,17.88,17.03,17.03,18.14,18.86,17.97,17.98,18.36
T2M,2000,-1.7975103014118005e-13,37.5,16.86,18.13,19.18,18.92,18.43,17.38,16.72,16.57,17.55,18.28,17.46,17.4,17.74
T2M,2000,-1.7975103014118005e-13,38.125,24.7,25.81,27.53,26.56,26.14,24.89,24.39,24.62,25.37,26.27,24.9,24.91,25.51
T2M,2000,-1.7975103014118005e-13,38.75,27.28,28.33,29.89,28.35,27.47,26.13,25.66,25.88,26.7,27.86,27.23,27.3,27.34
T2M,2000,-1.7975103014118005e-13,39.375,28.52,29.59,30.89,28.92,27.61,26.32,25.92,26.04,26.97,28.1,28.55,28.74,28.01
T2M,2000,-1.7975103014118005e-13,40.0,29.08,29.95,31.08,29.49,27.82,26.58,26.16,26.3,27.36,28.31,29.03,29.37,28.37
T2M,2000,-1.7975103014118005e-13,40.625,29.66,30.36,31.03,30.02,27.91,26.7,26.47,26.54,27.61,28.13,28.97,29.69,28.58
T2M,2000,-1.7975103014118005e-13,41.25,29.9,30.44,30.84,30.06,28.03,26.91,26.69,26.67,27.67,28.06,28.91,29.78,28.66
T2M,2000,-1.7975103014118005e-13,41.875,29.57,30.03,30.34,29.9,27.97,26.95,26.68,26.66,27.44,27.62,28.48,29.46,28.42
T2M,2000,-2.0,34.375,25.7,24.69,24.74,24.36,24.6,23.73,23.51,23.98,25.56,25.0,23.27,21.58,24.22
T2M,2000,-2.0,35.0,23.09,23.51,22.83,21.44,21.35,20.33,20.19,20.66,22.08,22.43,21.43,20.22,21.62
T2M,2000,-2.0,35.625,19.59,20.91,20.67,19.01,18.43,16.81,16.39,16.86,18.48,19.44,19.23,18.96,18.72
T2M,2000,-2.0,36.25,25.79,27.01,27.15,25.25,24.82,23.3,22.59,23.28,24.65,25.68,24.96,25.12,24.96
T2M,2000,-2.0,36.875,21.14,22.79,22.84,21.15,20.48,19.44,18.98,19.32,20.08,21.06,20.54,20.56,20.69
T2M,2000,-2.0,37.5,21.78,23.31,24.08,22.43,21.59,20.29,20.0,20.14,20.98,22.13,21.8,21.64,21.68
T2M,2000,-2.0,38.125,24.09,25.06,26.24,24.96,23.73,22.43,22.11,22.35,23.18,24.45,24.1,23.93,23.88
T2M,2000,-2.0,38.75,27.49,28.26,28.73,26.77,25.37,24.18,23.98,24.12,24.89,26.36,26.13,26.16,26.03
T2M,2000,-2.0,39.375,29.11,29.67,29.65,27.56,26.0,24.78,24.58,24.84,25.7,26.98,27.28,27.78,26.99
T2M,2000,-2.0,40.0,29.89,30.32,30.06,28.35,26.73,25.67,25.45,25.57,26.49,27.34,27.94,28.91,27.72
T2M,2000,-2.0,40.625,29.14,29.54,29.54,28.74,27.14,25.91,25.57,25.55,26.45,26.93,28.1,29.04,27.63
T2M,2000,-2.0,41.25,27.34,27.47,28.12,28.47,27.43,26.1,25.49,25.36,25.96,26.36,27.49,28.1,26.97
T2M,2000,-2.0,41.875,26.17,26.27,27.0,27.92,27.07,25.83,25.2,24.96,25.44,25.63,26.69,27.07,26.27
T2M,2000,-2.5,34.375,24.74,24.34,23.42,23.74,24.01,22.84,22.65,23.21,24.86,24.8,22.95,21.19,23.56
T2M,2000,-2.5,35.0,21.79,22.75,21.79,20.95,20.75,19.67,19.5,20.06,21.43,22.11,21.13,20.07,20.99
T2M,2000,-2.5,35.625,22.47,23.67,23.69,21.75,21.16,19.56,19.31,19.95,21.46,22.81,22.28,21.94,21.66
T2M,2000,-2.5,36.25,25.38,26.39,26.6,24.79,23.89,22.14,21.7,22.39,24.14,25.59,24.67,24.72,24.36
T2M,2000,-2.5,36.875,22.53,24.04,24.28,22.98,22.46,21.13,20.52,21.19,22.5,23.54,22.18,21.82,22.42
T2M,2000,-2.5,37.5,22.59,24.1,24.66,23.08,22.06,20.95,20.97,21.12,21.79,23.02,22.52,22.01,22.4
T2M,2000,-2.5,38.125,24.11,25.15,26.13,24.77,23.45,22.06,21.94,22.13,22.89,24.35,24.1,23.64,23.72
T2M,2000,-2.5,38.75,27.61,28.29,28.63,26.68,24.9,23.81,23.78,23.92,24.53,26.19,26.35,26.01,25.88
T2M,2000,-2.5,39.375,28.62,29.18,29.13,27.23,25.12,23.98,23.95,24.31,25.0,26.4,27.19,27.19,26.43
T2M,2000,-2.5,40.0,28.83,29.14,29.01,28.11,26.02,24.95,24.93,25.05,25.68,26.56,27.39,28.05,26.97
T2M,2000,-2.5,40.625,27.76,27.83,28.35,28.45,26.97,25.74,25.36,25.19,25.79,26.2,27.45,28.16,26.93
T2M,2000,-2.5,41.25,26.34,26.29,27.17,27.98,27.13,25.8,25.19,24.88,25.35,25.63,26.73,27.27,26.31
T2M,2000,-2.5,41.875,26.24,26.3,27.13,27.97,27.2,25.86,25.25,24.96,25.42,25.63,26.73,27.27,26.33
T2M,2000,-3.0,34.375,24.72,24.59,22.48,22.96,23.26,21.61,21.32,22.06,23.74,24.18,23.14,20.91,22.91
T2M,2000,-3.0,35.0,22.35,23.23,21.75,20.96,20.67,19.27,19.05,19.7,21.29,22.25,21.92,20.45,21.06
T2M,2000,-3.0,35.625,18.34,19.07,19.45,17.75,16.84,15.23,15.17,15.83,17.11,18.39,18.8,18.22,17.51
T2M,2000,-3.0,36.25,24.05,24.85,25.55,22.54,21.42,19.91,19.67,20.21,21.57,23.36,24.21,23.41,22.56
T2M,2000,-3.0,36.875,22.16,23.83,24.59,22.23,20.11,18.23,18.0,18.72,20.44,22.79,23.06,21.96,21.33
T2M,2000,-3.0,37.5,18.23,19.31,19.88,18.48,17.08,15.39,14.86,15.4,16.56,18.11,18.44,18.15,17.48
T2M,2000,-3.0,38.125,24.18,25.03,25.7,24.3,22.66,21.2,21.05,21.26,22.02,23.7,23.95,23.34,23.19
T2M,2000,-3.0,38.75,27.5,28.07,28.13,26.33,24.32,23.07,23.09,23.29,23.81,25.74,26.04,25.42,25.39
T2M,2000,-3.0,39.375,28.51,28.92,28.8,27.14,24.65,23.47,23.48,23.88,24.46,25.93,27.05,26.81,26.08
T2M,2000,-3.0,40.0,27.87,28.09,28.36,27.91,25.85,24.82,24.75,24.74,25.19,26.1,27.09,27.51,26.52
T2M,2000,-3.0,40.625,26.68,26.64,27.54,28.08,27.05,25.78,25.18,24.82,25.32,25.69,26.84,27.52,26.43
T2M,2000,-3.0,41.25,26.54,26.44,27.35,28.08,27.23,25.82,25.25,24.9,25.34,25.64,26.83,27.48,26.41
T2M,2000,-3.0,41.875,26.46,26.41,27.26,28.03,27.29,25.86,25.29,24.97,25.4,25.64,26.86,27.5,26.41
T2M,2000,-3.5,34.375,26.22,26.07,23.49,24.06,24.49,22.87,22.6,23.48,24.59,25.14,24.51,22.02,24.12
T2M,2000,-3.5,35.0,24.43,24.97,22.91,22.17,21.84,20.3,20.07,20.78,21.9,23.07,23.21,21.8,22.28
T2M,2000,-3.5,35.625,22.62,23.43,22.41,20.57,19.81,18.21,17.95,18.66,19.92,21.33,21.88,21.29,20.66
T2M,2000,-3.5,36.25,25.06,25.49,24.88,22.43,21.47,19.93,19.74,20.3,21.51,23.06,23.82,23.38,22.58
T2M,2000,-3.5,36.875,25.28,25.78,24.82,22.4,20.86,19.15,18.99,19.54,20.71,22.59,23.58,23.43,22.25
T2M,2000,-3.5,37.5,26.56,27.41,26.61,24.47,22.51,20.81,20.6,21.29,22.34,24.3,25.07,25.0,23.9
T2M,2000,-3.5,38.125,23.96,24.63,24.74,23.0,21.2,19.62,19.51,19.73,20.37,22.32,23.07,22.53,22.05
T2M,2000,-3.5,38.75,26.3,26.75,26.66,25.12,23.27,21.83,21.54,21.81,22.4,24.33,24.98,24.65,24.13
T2M,2000,-3.5,39.375,28.04,28.24,28.05,26.65,24.19,23.05,22.97,23.37,23.89,25.44,26.52,26.45,25.56
T2M,2000,-3.5,40.0,27.44,27.57,28.06,27.87,26.4,25.29,24.97,24.69,25.06,25.85,26.96,27.51,26.47
T2M,2000,-3.5,40.625,26.84,26.86,27.63,28.09,27.14,25.82,25.21,24.78,25.25,25.64,26.84,27.64,26.48
T2M,2000,-3.5,41.25,26.85,26.79,27.57,28.16,27.26,25.82,25.28,24.89,25.34,25.61,26.85,27.68,26.51
T2M,2000,-3.5,41.875,26.72,26.65,27.45,28.1,27.31,25.84,25.28,24.94,25.36,25.62,26.89,27.64,26.48
T2M,2000,-4.0,34.375,26.25,25.97,23.82,24.74,25.01,23.24,22.88,23.99,25.22,25.79,24.82,22.28,24.49
T2M,2000,-4.0,35.0,23.77,23.99,22.01,21.91,21.71,20.13,19.99,20.76,21.87,22.89,22.61,20.93,21.87
T2M,2000,-4.0,35.625,22.45,23.06,21.55,20.58,19.85,18.18,17.97,18.7,19.95,21.34,21.62,20.83,20.5
T2M,2000,-4.0,36.25,24.84,25.28,24.13,22.62,21.63,19.99,19.75,20.42,21.6,23.19,23.6,22.95,22.49
T2M,2000,-4.0,36.875,24.22,24.76,23.96,22.28,20.94,19.28,19.09,19.55,20.61,22.45,23.0,22.63,21.89
T2M,2000,-4.0,37.5,25.61,26.09,25.43,23.73,22.13,20.47,20.12,20.77,21.83,23.79,24.2,23.81,23.16
T2M,2000,-4.0,38.125,26.12,26.42,25.64,24.05,22.33,20.62,20.46,20.96,21.59,23.59,24.22,23.83,23.31
T2M,2000,-4.0,38.75,26.92,27.24,26.59,25.02,23.06,21.56,21.42,21.7,22.15,24.17,25.11,24.8,24.14
T2M,2000,-4.0,39.375,28.15,28.24,28.02,27.01,24.67,23.69,23.59,23.87,24.33,25.77,26.74,26.94,25.91
T2M,2000,-4.0,40.0,27.13,27.31,27.89,28.01,26.91,25.71,25.18,24.72,25.1,25.72,26.79,27.63,26.51
T2M,2000,-4.0,40.625,27.1,27.26,27.81,28.15,27.19,25.81,25.25,24.78,25.23,25.61,26.84,27.76,26.56
T2M,2000,-4.0,41.25,27.1,27.17,27.8,28.2,27.26,25.81,25.28,24.85,25.33,25.56,26.86,27.77,26.58
T2M,2000,-4.0,41.875,26.96,26.93,27.64,28.16,27.3,25.82,25.27,24.86,25.32,25.59,26.87,27.71,26.53
T2M,2000,-4.5,34.375,24.76,24.51,22.54,23.6,23.23,21.14,20.65,21.89,23.44,24.55,23.7,21.24,22.93
T2M,2000,-4.5,35.0,22.59,22.67,20.64,20.74,20.4,18.53,18.01,19.22,20.56,21.67,21.46,19.9,20.52
T2M,2000,-4.5,35.625,22.24,22.68,21.07,20.46,19.83,18.06,17.61,18.64,19.84,21.14,21.34,20.53,20.28
T2M,2000,-4.5,36.25,24.9,25.3,23.7,22.73,21.86,20.17,19.81,20.61,21.73,23.2,23.68,22.87,22.54
T2M,2000,-4.5,36.875,24.07,24.56,23.31,22.07,20.84,19.18,18.88,19.48,20.44,22.13,22.89,22.33,21.67
T2M,2000,-4.5,37.5,25.29,25.68,24.65,23.03,21.37,19.77,19.3,19.99,20.91,22.96,23.79,23.28,22.49
T2M,2000,-4.5,38.125,25.18,25.56,24.56,23.15,21.07,19.38,18.79,19.6,20.36,22.51,23.37,22.88,22.19
T2M,2000,-4.5,38.75,27.16,27.44,26.63,25.3,23.33,21.86,21.5,21.96,22.5,24.3,25.29,24.96,24.34
T2M,2000,-4.5,39.375,28.13,28.26,28.2,27.57,25.94,24.9,24.5,24.47,24.87,25.99,26.91,27.36,26.42
T2M,2000,-4.5,40.0,27.22,27.48,28.01,28.1,27.03,25.81,25.2,24.74,25.16,25.67,26.73,27.76,26.57
T2M,2000,-4.5,40.625,27.31,27.55,28.01,28.18,27.2,25.77,25.23,24.75,25.2,25.55,26.83,27.88,26.62
T2M,2000,-4.5,41.25,27.27,27.41,27.92,28.22,27.26,25.77,25.27,24.79,25.3,25.52,26.86,27.85,26.62
T2M,2000,-4.5,41.875,27.16,27.16,27.77,28.19,27.28,25.8,25.24,24.79,25.27,25.57,26.84,27.8,26.57
T2M,2000,0.5,34.375,24.69,25.65,25.84,23.69,22.05,21.23,20.74,21.01,21.92,21.46,22.03,22.77,22.75
T2M,2000,0.5,35.0,19.77,21.33,22.46,21.37,19.67,18.38,17.33,17.6,18.62,18.78,18.67,19.22,19.42
T2M,2000,0.5,35.625,19.62,20.9,22.27,21.57,20.37,19.09,17.82,17.74,18.85,19.31,19.16,19.9,19.71
T2M,2000,0.5,36.25,21.89,23.05,24.03,24.15,23.68,22.06,20.53,20.28,21.72,22.57,21.78,22.16,22.32
T2M,2000,0.5,36.875,18.84,20.2,21.41,21.85,21.59,20.13,18.88,18.83,19.93,20.85,19.53,19.29,20.11
T2M,2000,0.5,37.5,22.26,23.55,24.85,24.59,24.13,23.29,22.44,22.36,23.38,24.01,22.55,22.61,23.33
T2M,2000,0.5,38.125,24.92,25.95,27.69,26.71,25.9,24.55,23.95,24.25,24.99,26.01,25.16,25.24,25.44
T2M,2000,0.5,38.75,27.33,28.34,30.13,28.68,27.6,26.23,25.72,25.91,26.71,27.85,27.75,27.81,27.5
T2M,2000,0.5,39.375,28.61,29.81,31.3,29.56,28.18,26.83,26.38,26.5,27.33,28.49,29.05,29.2,28.43
T2M,2000,0.5,40.0,29.22,30.31,31.5,30.13,28.4,27.09,26.63,26.79,27.69,28.61,29.38,29.78,28.79
T2M,2000,0.5,40.625,29.75,30.53,31.49,30.62,28.57,27.32,27.01,27.17,27.95,28.45,29.31,30.15,29.02
T2M,2000,0.5,41.25,29.97,30.55,31.34,30.55,28.6,27.41,27.14,27.2,27.91,28.34,29.16,30.21,29.03
T2M,2000,0.5,41.875,29.86,30.38,31.03,30.41,28.32,27.3,27.04,27.11,27.64,27.7,28.57,29.92,28.77
T2M,2000,1.0,34.375,18.24,19.94,20.92,19.88,18.06,17.0,16.08,16.37,17.31,17.2,17.4,17.62,17.99
T2M,2000,1.0,35.0,16.7,18.24,20.01,19.4,17.67,16.61,15.5,15.69,16.51,16.58,16.18,16.13,17.09
T2M,2000,1.0,35.625,20.21,21.45,22.62,22.19,21.07,19.76,18.31,18.12,19.4,20.07,19.65,20.33,20.26
T2M,2000,1.0,36.25,23.77,24.79,25.91,26.2,25.63,23.93,22.34,21.85,23.48,24.5,23.49,23.72,24.13
T2M,2000,1.0,36.875,19.36,20.44,22.0,22.23,21.69,20.46,19.5,19.18,20.01,20.98,20.06,19.67,20.46
T2M,2000,1.0,37.5,23.35,24.41,26.22,25.9,25.07,24.0,23.28,23.28,24.22,24.97,23.84,23.79,24.36
T2M,2000,1.0,38.125,26.43,27.47,29.39,28.61,27.62,26.16,25.48,25.81,26.57,27.62,26.91,26.82,27.07
T2M,2000,1.0,38.75,28.19,29.28,31.15,29.8,28.68,27.3,26.75,26.93,27.72,28.82,28.78,28.73,28.51
T2M,2000,1.0,39.375,28.7,30.02,31.51,30.01,28.67,27.25,26.71,26.86,27.67,28.82,29.22,29.29,28.72
T2M,2000,1.0,40.0,29.05,30.3,31.58,30.42,28.62,27.27,26.78,26.98,27.75,28.59,29.28,29.75,28.86
T2M,2000,1.0,40.625,29.77,30.68,31.75,30.86,28.82,27.59,27.25,27.44,28.02,28.49,29.26,30.32,29.18
T2M,2000,1.0,41.25,30.24,30.87,31.82,30.93,28.85,27.74,27.45,27.54,28.0,28.36,29.1,30.5,29.28
T2M,2000,1.0,41.875,30.16,30.7,31.58,30.86,28.52,27.59,27.31,27.45,27.86,27.75,28.59,30.06,29.03
T2M,2000,1.5,34.375,24.53,25.7,26.25,25.38,22.87,21.63,20.54,20.2,21.75,21.7,22.18,23.21,22.98
T2M,2000,1.5,35.0,21.62,22.9,23.95,23.46,21.75,20.49,19.24,18.95,20.3,20.58,20.23,20.88,21.19
T2M,2000,1.5,35.625,24.39,25.22,26.44,26.42,25.31,23.95,22.46,22.12,24.1,24.8,23.57,24.19,24.41
T2M,2000,1.5,36.25,26.53,27.34,28.69,29.11,28.49,26.88,25.3,24.93,26.72,27.81,26.24,26.59,27.05
T2M,2000,1.5,36.875,21.95,23.02,24.55,24.62,24.15,22.9,22.12,21.93,22.88,23.72,22.34,22.13,23.02
T2M,2000,1.5,37.5,24.88,25.73,27.52,27.33,26.54,25.18,24.34,24.33,25.36,26.21,25.18,25.08,25.64
T2M,2000,1.5,38.125,27.31,28.21,30.33,29.53,28.64,27.18,26.54,26.83,27.53,28.56,27.72,27.74,28.01
T2M,2000,1.5,38.75,28.45,29.58,31.4,30.13,29.05,27.68,27.06,27.29,28.05,29.09,28.6,28.78,28.76
T2M,2000,1.5,39.375,28.37,29.78,31.41,30.05,28.67,27.29,26.68,26.92,27.63,28.64,28.94,29.13,28.62
T2M,2000,1.5,40.0,28.83,30.12,31.6,30.41,28.8,27.48,26.88,27.15,27.88,28.72,29.02,29.48,28.86
T2M,2000,1.5,40.625,29.72,30.6,31.84,30.88,28.83,27.69,27.26,27.49,27.87,28.36,29.11,30.14,29.14
T2M,2000,1.5,41.25,30.07,30.9,31.98,31.08,28.86,27.77,27.46,27.56,27.95,28.28,29.08,30.19,29.26
T2M,2000,1.5,41.875,30.2,30.66,31.7,30.93,28.4,27.52,27.24,27.41,27.75,27.52,28.27,29.97,28.96
T2M,2000,2.0,34.375,26.31,27.12,28.21,27.92,25.54,24.1,22.92,22.52,24.54,24.53,24.53,25.66,25.32
T2M,2000,2.0,35.0,24.12,24.96,26.13,25.89,24.37,22.97,21.95,21.46,23.13,23.49,22.79,23.37,23.71
T2M,2000,2.0,35.625,27.31,28.09,29.36,29.42,28.32,26.92,25.75,25.15,27.05,27.94,26.48,27.07,27.4
T2M,2000,2.0,36.25,28.82,29.63,31.02,31.38,30.82,29.31,28.14,27.51,29.48,30.57,28.46,28.81,29.49
T2M,2000,2.0,36.875,22.52,23.6,24.91,24.87,24.37,23.1,22.55,22.21,23.24,24.02,22.6,22.48,23.37
T2M,2000,2.0,37.5,25.79,26.98,28.68,28.17,27.45,26.01,25.33,25.31,26.27,27.21,26.1,26.02,26.61
T2M,2000,2.0,38.125,26.76,28.06,30.08,28.98,28.19,26.71,26.1,26.37,27.06,28.04,27.06,27.16,27.55
T2M,2000,2.0,38.75,27.97,29.39,31.25,29.89,28.86,27.42,26.78,27.03,27.81,28.78,28.23,28.5,28.49
T2M,2000,2.0,39.375,28.19,29.75,31.36,29.9,28.53,27.18,26.53,26.78,27.54,28.38,28.41,28.81,28.44
T2M,2000,2.0,40.0,28.38,29.69,31.24,29.86,28.33,27.04,26.37,26.66,27.36,28.05,28.18,28.85,28.33
T2M,2000,2.0,40.625,29.26,29.91,31.35,30.16,28.09,27.07,26.57,26.83,27.09,27.42,28.02,29.4,28.43
T2M,2000,2.0,41.25,29.67,30.49,31.82,30.81,28.52,27.54,27.12,27.28,27.7,27.88,28.5,29.8,28.92
T2M,2000,2.0,41.875,29.9,30.4,31.64,30.73,27.97,27.38,27.04,27.25,27.51,26.98,27.83,29.83,28.7
T2M,2000,2.5,34.375,25.44,26.34,27.46,27.22,25.57,24.07,23.08,22.48,24.83,24.59,24.22,24.94,25.01
T2M,2000,2.5,35.0,25.33,26.2,27.53,27.22,26.18,24.64,24.08,23.3,24.74,25.23,24.43,24.89,25.31
T2M,2000,2.5,35.625,28.17,28.94,30.27,30.07,29.45,27.85,27.11,26.13,27.59,28.83,27.47,27.81,28.3
T2M,2000,2.5,36.25,29.23,29.97,31.3,31.29,30.72,29.4,28.68,27.92,29.44,30.46,28.82,29.14,29.7
T2M,2000,2.5,36.875,25.88,26.82,27.96,27.45,26.79,25.51,25.01,24.57,25.62,26.44,25.41,25.55,26.08
T2M,2000,2.5,37.5,27.8,29.09,30.49,29.55,28.86,27.43,26.82,26.7,27.73,28.57,27.61,27.81,28.2
T2M,2000,2.5,38.125,26.54,28.09,29.66,28.31,27.39,25.85,25.23,25.45,26.24,27.07,26.5,26.79,26.92
T2M,2000,2.5,38.75,27.78,29.38,31.06,29.54,28.41,26.94,26.27,26.51,27.33,28.04,27.69,28.15,28.09
T2M,2000,2.5,39.375,27.89,29.44,31.0,29.47,27.89,26.7,26.0,26.22,26.99,27.45,27.59,28.21,27.9
T2M,2000,2.5,40.0,27.68,28.9,30.57,29.21,27.42,26.3,25.59,25.84,26.53,26.82,27.15,27.98,27.49
T2M,2000,2.5,40.625,28.22,28.85,30.61,29.61,27.24,26.48,25.88,26.14,26.53,26.34,27.14,28.36,27.61
T2M,2000,2.5,41.25,28.96,29.59,31.24,30.4,27.86,26.98,26.45,26.67,27.29,27.09,27.89,29.0,28.28
T2M,2000,2.5,41.875,28.86,29.49,31.06,30.21,27.25,26.68,26.25,26.53,27.05,26.21,27.28,28.72,27.96
T2M,2000,3.0,34.375,24.23,25.13,26.34,25.75,24.62,23.01,22.45,21.77,23.38,23.51,23.23,23.78,23.93
T2M,2000,3.0,35.0,26.52,27.36,28.78,28.19,27.29,25.87,25.53,24.54,25.65,26.33,25.8,26.3,26.51
T2M,2000,3.0,35.625,29.14,29.84,31.34,31.09,30.49,28.97,28.56,27.3,28.26,29.7,28.83,29.03,29.38
T2M,2000,3.0,36.25,29.77,30.44,31.82,31.47,30.71,29.35,28.84,28.19,29.29,30.23,29.51,29.77,29.95
T2M,2000,3.0,36.875,28.62,29.63,30.96,30.18,29.49,28.08,27.52,27.0,28.11,28.92,28.23,28.58,28.77
T2M,2000,3.0,37.5,28.8,29.94,31.32,30.23,29.5,28.0,27.39,27.27,28.26,28.9,28.45,28.85,28.91
T2M,2000,3.0,38.125,27.75,29.03,30.31,29.03,27.98,26.45,25.78,25.93,26.72,27.28,27.18,27.76,27.59
T2M,2000,3.0,38.75,27.9,29.15,30.48,29.05,27.67,26.33,25.55,25.69,26.53,26.87,27.01,27.85,27.5
T2M,2000,3.0,39.375,27.53,28.72,30.15,28.75,26.86,25.9,25.1,25.19,26.02,26.16,26.58,27.38,27.02
T2M,2000,3.0,40.0,26.94,27.95,29.65,28.63,26.49,25.64,24.87,25.01,25.73,25.65,26.11,26.93,26.63
T2M,2000,3.0,40.625,27.32,27.93,29.91,29.33,26.7,26.13,25.43,25.69,26.24,25.78,26.59,27.46,27.04
T2M,2000,3.0,41.25,28.1,28.68,30.6,30.11,27.23,26.59,25.98,26.24,26.95,26.37,27.37,28.15,27.69
T2M,2000,3.0,41.875,27.82,28.49,30.29,29.71,26.67,26.05,25.6,25.95,26.66,25.7,26.82,27.5,27.26
T2M,2000,3.5,34.375,24.34,25.31,26.66,25.28,24.73,23.28,23.03,22.16,23.59,23.76,23.32,23.81,24.1
T2M,2000,3.5,35.0,27.97,28.76,30.39,29.24,28.81,27.16,26.93,25.89,26.91,27.65,27.29,27.75,27.89
T2M,2000,3.5,35.625,29.28,29.92,31.65,31.11,30.49,28.91,28.46,27.47,28.54,29.6,29.07,29.27,29.48
T2M,2000,3.5,36.25,29.46,30.17,31.58,30.91,30.13,28.72,28.16,27.63,28.73,29.41,29.16,29.55,29.46
T2M,2000,3.5,36.875,29.22,30.11,31.49,30.38,29.9,28.45,27.77,27.29,28.52,28.83,28.68,29.15,29.15
T2M,2000,3.5,37.5,28.32,29.35,30.1,28.73,28.02,26.5,25.82,25.47,26.67,26.95,27.22,28.01,27.59
T2M,2000,3.5,38.125,26.98,28.09,28.94,27.5,26.24,24.91,24.1,24.06,24.97,25.17,25.75,26.58,26.1
T2M,2000,3.5,38.75,26.78,27.91,28.73,27.11,25.43,24.27,23.31,23.25,24.27,24.45,25.23,26.28,25.58
T2M,2000,3.5,39.375,25.27,26.35,27.57,26.35,24.33,23.38,22.48,22.43,23.43,23.51,23.99,24.88,24.49
T2M,2000,3.5,40.0,26.16,27.02,28.63,27.97,25.63,24.97,24.11,24.21,25.04,24.7,25.01,25.89,25.77
T2M,2000,3.5,40.625,26.29,26.87,28.73,28.51,25.7,25.47,24.68,24.93,25.54,24.8,25.27,26.2,26.08
T2M,2000,3.5,41.25,27.04,27.59,29.7,29.86,27.02,26.51,25.81,26.1,26.96,26.18,26.75,27.13,27.22
T2M,2000,3.5,41.875,28.1,28.61,30.7,30.64,27.7,27.17,26.64,27.03,27.88,26.81,27.57,27.91,28.06
T2M,2000,4.0,34.375,27.32,28.27,29.75,27.56,27.36,25.81,25.77,24.74,26.21,26.26,26.02,26.81,26.82
T2M,2000,4.0,35.0,29.44,30.23,31.96,30.18,30.21,28.51,28.34,27.12,28.34,28.78,28.64,29.18,29.24
T2M,2000,4.0,35.625,28.5,29.2,30.96,29.81,29.33,27.78,27.22,26.37,27.5,28.17,28.1,28.46,28.45
T2M,2000,4.0,36.25,29.97,30.72,32.03,30.99,30.23,28.84,28.22,27.69,28.79,29.29,29.36,30.08,29.68
T2M,2000,4.0,36.875,28.79,29.77,30.9,29.36,28.69,27.33,26.65,26.06,27.1,27.33,27.66,28.57,28.18
T2M,2000,4.0,37.5,28.56,29.66,30.49,28.7,27.61,26.27,25.56,25.18,26.15,26.33,27.0,28.21,27.47
T2M,2000,4.0,38.125,24.94,26.04,26.9,25.11,23.38,22.12,21.14,20.96,21.85,22.12,23.0,24.22,23.47
T2M,2000,4.0,38.75,22.95,24.0,24.96,23.78,21.99,20.81,19.74,19.55,20.46,20.77,21.31,22.41,21.89
T2M,2000,4.0,39.375,23.86,24.86,26.07,25.29,23.14,22.39,21.37,21.19,22.12,22.21,22.21,23.22,23.15
T2M,2000,4.0,40.0,25.23,26.1,27.45,26.98,24.4,24.08,23.2,23.23,24.05,23.54,23.54,24.5,24.68
T2M,2000,4.0,40.625,25.22,25.96,27.62,27.79,25.02,24.99,24.21,24.42,25.14,24.25,24.15,24.84,25.29
T2M,2000,4.0,41.25,26.82,27.48,29.52,30.01,27.34,27.03,26.38,26.63,27.48,26.5,26.51,26.49,27.34
T2M,2000,4.0,41.875,28.56,29.07,31.25,31.48,28.66,28.32,27.87,28.21,29.09,27.78,28.05,28.0,28.86
T2M,2000,4.5,34.375,29.7,30.57,32.18,29.28,29.59,27.89,27.98,26.76,28.81,27.88,28.24,29.05,28.99
T2M,2000,4.5,35.0,29.8,30.64,32.41,30.03,30.29,28.82,28.63,27.23,28.81,28.75,28.82,29.45,29.47
T2M,2000,4.5,35.625,29.37,30.15,31.93,30.12,29.86,28.44,27.8,26.85,28.02,28.53,28.62,29.27,29.08
T2M,2000,4.5,36.25,30.31,31.16,32.69,30.94,30.36,29.13,28.44,27.66,28.76,29.06,29.41,30.33,29.85
T2M,2000,4.5,36.875,29.07,30.08,31.32,29.51,28.46,27.34,26.71,25.98,26.72,27.03,27.76,28.95,28.24
T2M,2000,4.5,37.5,26.68,27.77,28.84,27.15,25.54,24.48,23.8,23.02,23.87,23.9,24.84,26.26,25.5
T2M,2000,4.5,38.125,22.44,23.54,24.62,23.47,21.78,20.54,19.68,19.19,20.01,20.03,20.57,21.53,21.44
T2M,2000,4.5,38.75,22.68,23.69,25.07,24.6,22.76,21.79,20.75,20.37,21.12,21.13,21.27,22.08,22.27
T2M,2000,4.5,39.375,24.52,25.47,26.9,26.53,24.16,23.64,22.64,22.46,23.3,23.14,22.95,23.86,24.12
T2M,2000,4.5,40.0,23.62,24.53,25.83,25.64,23.31,22.76,21.78,21.79,22.59,22.48,22.2,22.95,23.28
T2M,2000,4.5,40.625,24.71,25.54,27.04,27.38,24.69,24.6,23.9,24.08,24.81,23.84,23.51,24.14,24.85
T2M,2000,4.5,41.25,24.94,25.81,27.65,28.11,25.65,25.31,24.76,25.02,25.87,24.81,24.47,24.65,25.58
T2M,2000,4.5,41.875,28.42,28.93,31.08,31.47,28.67,28.56,28.23,28.49,29.37,27.67,27.67,27.75,28.85
T2M,2001,-0.5,34.375,22.23,24.25,24.34,23.83,23.35,22.5,22.62,23.09,23.23,23.59,22.69,24.52,23.35
T2M,2001,-0.5,35.0,19.36,20.92,21.36,20.55,19.89,18.82,18.64,19.16,19.94,20.24,19.53,20.84,19.93
T2M,2001,-0.5,35.625,14.66,15.88,16.44,15.54,14.83,13.58,13.21,13.57,14.93,14.77,14.52,15.26,14.76
T2M,2001,-0.5,36.25,15.53,16.86,16.88,16.04,15.41,14.14,13.81,14.03,15.46,15.55,15.12,15.85,15.38
T2M,2001,-0.5,36.875,16.3,17.52,17.51,16.88,16.31,15.04,14.67,15.11,16.35,16.73,15.82,15.9,16.17
T2M,2001,-0.5,37.5,20.1,21.28,21.49,20.91,20.41,18.92,18.21,18.72,20.22,20.82,19.46,19.66,20.01
T2M,2001,-0.5,38.125,23.88,25.87,25.95,25.17,25.57,23.94,22.85,23.62,24.85,25.57,22.88,23.57,24.47
T2M,2001,-0.5,38.75,26.1,28.66,28.21,26.84,27.12,25.41,24.31,25.02,26.27,27.24,24.73,25.86,26.3
T2M,2001,-0.5,39.375,28.37,30.2,29.69,27.52,26.91,25.32,24.75,25.61,26.91,28.26,26.24,27.69,27.27
T2M,2001,-0.5,40.0,29.24,30.54,30.29,28.16,27.12,25.25,24.7,25.71,27.05,28.62,26.86,28.09,27.62
T2M,2001,-0.5,40.625,30.27,30.52,30.67,29.04,26.98,24.49,24.04,25.2,26.6,28.57,26.78,28.02,27.58
T2M,2001,-0.5,41.25,30.23,30.18,30.52,29.31,27.16,24.47,24.19,25.44,26.77,28.66,26.98,28.27,27.67
T2M,2001,-0.5,41.875,29.35,29.21,29.81,29.47,27.69,25.12,24.73,25.53,26.66,28.18,27.46,28.45,27.63
T2M,2001,-1.0,34.375,19.95,21.84,22.13,21.76,21.28,20.81,21.42,21.91,22.23,22.6,21.39,22.81,21.68
T2M,2001,-1.0,35.0,17.7,19.02,19.32,18.56,17.86,16.91,17.0,17.86,19.13,19.45,18.62,20.37,18.48
T2M,2001,-1.0,35.625,17.5,17.93,18.34,17.21,16.38,15.11,14.9,15.67,17.66,17.95,17.29,19.11,17.08
T2M,2001,-1.0,36.25,16.89,17.2,17.69,16.85,16.02,14.71,14.4,15.02,16.94,17.49,16.71,17.78,16.47
T2M,2001,-1.0,36.875,17.8,18.74,19.08,19.1,18.42,17.33,16.86,17.73,19.28,19.49,17.89,17.91,18.3
T2M,2001,-1.0,37.5,21.14,22.18,22.57,22.23,21.6,20.1,19.44,20.2,21.7,22.52,21.01,21.17,21.32
T2M,2001,-1.0,38.125,23.17,25.31,24.84,24.19,24.22,22.47,21.34,22.07,23.44,24.3,22.22,23.01,23.37
T2M,2001,-1.0,38.75,26.11,28.89,28.1,26.67,26.89,25.24,24.12,24.82,26.13,27.12,24.75,26.14,26.23
T2M,2001,-1.0,39.375,28.52,30.49,29.67,27.31,26.73,25.27,24.76,25.65,26.87,28.19,26.31,28.06,27.3
T2M,2001,-1.0,40.0,29.22,30.82,30.36,28.01,27.13,25.34,24.86,25.81,27.09,28.61,26.86,28.35,27.69
T2M,2001,-1.0,40.625,30.06,30.35,30.4,28.87,26.87,24.3,23.87,24.99,26.37,28.3,26.79,28.14,27.43
T2M,2001,-1.0,41.25,29.59,29.69,30.02,29.06,27.04,24.28,23.75,24.95,26.27,28.12,26.96,28.17,27.31
T2M,2001,-1.0,41.875,27.93,27.94,28.73,28.99,27.71,25.4,24.73,25.16,26.03,27.26,27.3,27.98,27.09
T2M,2001,-1.5,34.375,20.04,22.22,22.81,21.84,22.14,21.8,22.35,22.45,23.1,23.23,22.03,23.32,22.28
T2M,2001,-1.5,35.0,18.61,19.78,20.44,19.33,19.25,18.82,19.09,19.91,21.09,21.36,20.23,21.8,19.98
T2M,2001,-1.5,35.625,17.04,17.42,17.93,17.25,16.73,15.58,15.2,16.14,17.93,18.54,17.91,18.92,17.21
T2M,2001,-1.5,36.25,21.2,22.11,22.69,21.85,21.33,20.0,19.37,20.18,22.33,23.15,21.63,22.42,21.52
T2M,2001,-1.5,36.875,18.88,19.92,20.62,20.47,19.71,18.62,18.37,19.01,20.57,20.93,19.21,19.4,19.64
T2M,2001,-1.5,37.5,20.29,21.56,21.86,21.7,20.97,19.51,18.88,19.65,21.02,21.77,20.29,20.44,20.65
T2M,2001,-1.5,38.125,23.41,25.0,24.63,24.4,23.99,22.27,21.28,21.99,23.45,24.39,22.76,23.32,23.4
T2M,2001,-1.5,38.75,26.25,28.71,28.05,26.48,26.57,25.02,23.93,24.66,25.99,27.02,25.1,26.41,26.17
T2M,2001,-1.5,39.375,28.17,30.32,29.49,27.19,26.77,25.21,24.48,25.42,26.65,27.89,26.38,28.06,27.15
T2M,2001,-1.5,40.0,29.82,30.96,30.27,28.02,26.86,24.88,24.51,25.6,26.86,28.38,26.99,28.66,27.63
T2M,2001,-1.5,40.625,29.94,30.3,30.28,28.93,27.06,24.45,23.99,24.92,26.24,28.06,27.14,28.47,27.47
T2M,2001,-1.5,41.25,29.05,29.28,29.7,29.01,27.24,24.53,23.88,24.94,26.12,27.83,27.21,28.19,27.24
T2M,2001,-1.5,41.875,26.72,26.84,27.83,28.56,27.85,25.9,24.86,24.92,25.53,26.47,27.1,27.59,26.68
T2M,2001,-1.7975103014118005e-13,34.375,22.57,24.55,23.92,23.43,22.81,21.71,21.56,22.04,22.21,22.46,22.06,23.26,22.7
T2M,2001,-1.7975103014118005e-13,35.0,20.44,22.06,22.02,21.3,20.65,19.24,18.99,19.43,20.07,20.22,19.82,20.46,20.38
T2M,2001,-1.7975103014118005e-13,35.625,15.73,16.88,17.36,16.89,16.39,14.94,14.62,14.91,15.82,15.69,15.21,15.33,15.81
T2M,2001,-1.7975103014118005e-13,36.25,17.94,19.36,19.89,19.24,19.0,17.4,16.87,16.97,18.25,18.51,17.55,17.93,18.23
T2M,2001,-1.7975103014118005e-13,36.875,17.54,18.86,19.31,18.69,18.49,17.09,16.55,16.85,17.97,18.43,17.3,17.0,17.83
T2M,2001,-1.7975103014118005e-13,37.5,17.23,18.3,18.65,18.35,18.17,16.85,16.17,16.56,17.56,18.02,16.84,16.57,17.43
T2M,2001,-1.7975103014118005e-13,38.125,24.92,26.41,26.59,25.99,26.5,24.92,23.83,24.62,25.73,26.29,23.65,24.28,25.3
T2M,2001,-1.7975103014118005e-13,38.75,27.3,29.16,29.01,27.69,27.87,26.21,25.19,25.85,27.11,28.1,25.72,26.78,27.15
T2M,2001,-1.7975103014118005e-13,39.375,28.91,30.32,30.11,28.13,27.55,25.88,25.16,25.96,27.37,28.73,26.93,28.13,27.75
T2M,2001,-1.7975103014118005e-13,40.0,29.76,30.62,30.59,28.79,27.69,25.76,25.01,25.96,27.38,29.0,27.46,28.55,28.03
T2M,2001,-1.7975103014118005e-13,40.625,30.56,30.7,30.96,29.34,27.54,25.15,24.66,25.84,27.26,29.11,27.36,28.51,28.07
T2M,2001,-1.7975103014118005e-13,41.25,30.67,30.54,30.91,29.44,27.61,25.13,24.96,26.19,27.45,29.17,27.34,28.74,28.17
T2M,2001,-1.7975103014118005e-13,41.875,30.23,29.96,30.52,29.42,27.8,25.39,25.18,26.12,27.31,28.82,27.62,28.84,28.09
T2M,2001,-2.0,34.375,20.43,22.67,23.32,22.12,22.93,22.7,22.91,23.1,24.18,24.3,22.58,24.08,22.95
T2M,2001,-2.0,35.0,18.78,20.32,21.04,19.85,20.07,19.36,19.65,20.53,21.87,22.08,20.65,21.87,20.51
T2M,2001,-2.0,35.625,17.6,18.51,18.64,18.25,17.88,16.34,15.75,16.78,18.87,19.52,18.61,19.39,18.01
T2M,2001,-2.0,36.25,23.54,24.99,25.25,24.74,24.67,23.15,22.38,23.24,25.22,26.07,24.42,25.16,24.4
T2M,2001,-2.0,36.875,19.74,20.92,21.58,21.04,20.62,19.56,18.9,19.64,20.92,21.54,19.99,20.29,20.39
T2M,2001,-2.0,37.5,21.11,22.42,22.65,22.42,21.83,20.41,19.66,20.37,21.76,22.58,21.08,21.47,21.47
T2M,2001,-2.0,38.125,23.81,25.51,25.1,24.71,24.31,22.7,21.64,22.43,23.77,24.79,23.29,23.99,23.83
T2M,2001,-2.0,38.75,26.23,28.66,28.06,26.43,26.35,24.76,23.7,24.46,25.78,26.88,25.2,26.56,26.07
T2M,2001,-2.0,39.375,27.98,30.03,29.29,27.17,26.58,24.84,24.09,25.14,26.38,27.64,26.42,28.05,26.95
T2M,2001,-2.0,40.0,29.51,30.55,29.85,28.07,26.99,25.04,24.64,25.48,26.65,28.03,27.1,28.86,27.55
T2M,2001,-2.0,40.625,29.46,29.72,29.75,28.94,27.34,24.79,24.25,25.01,26.1,27.6,27.45,28.68,27.41
T2M,2001,-2.0,41.25,27.58,27.69,28.51,28.87,27.85,25.59,24.97,25.14,25.73,26.75,27.45,28.09,27.01
T2M,2001,-2.0,41.875,26.21,26.37,27.47,28.36,28.06,26.32,25.0,24.8,25.24,26.08,26.98,27.4,26.52
T2M,2001,-2.5,34.375,19.82,22.07,22.91,22.13,22.92,22.59,22.52,23.06,24.63,24.96,22.52,23.47,22.8
T2M,2001,-2.5,35.0,18.28,19.98,20.56,20.06,20.27,19.35,19.43,20.22,22.11,22.45,20.55,21.12,20.37
T2M,2001,-2.5,35.625,20.38,22.0,21.94,21.8,21.63,19.97,19.31,20.08,22.65,23.42,21.63,22.13,21.41
T2M,2001,-2.5,36.25,23.19,25.12,25.1,24.8,24.72,22.69,21.92,22.71,25.21,26.23,24.24,24.71,24.21
T2M,2001,-2.5,36.875,21.2,22.72,23.27,23.12,23.32,21.61,20.79,21.69,23.24,24.03,21.72,21.69,22.36
T2M,2001,-2.5,37.5,21.67,23.38,23.79,23.31,23.08,21.6,20.87,21.62,22.95,23.64,21.87,22.02,22.48
T2M,2001,-2.5,38.125,23.74,25.36,25.22,24.75,24.37,22.7,21.71,22.54,23.91,24.93,23.26,23.73,23.84
T2M,2001,-2.5,38.75,26.26,28.62,28.18,26.58,26.42,24.6,23.59,24.37,25.63,26.8,25.37,26.43,26.06
T2M,2001,-2.5,39.375,27.68,29.52,29.06,27.26,26.48,24.44,23.62,24.78,26.01,27.32,26.4,27.62,26.67
T2M,2001,-2.5,40.0,28.42,29.2,29.09,28.14,27.15,25.13,24.49,25.04,26.02,27.25,26.94,28.34,27.09
T2M,2001,-2.5,40.625,27.78,27.95,28.68,28.7,27.75,25.51,24.73,24.95,25.59,26.7,27.24,28.14,26.97
T2M,2001,-2.5,41.25,26.28,26.41,27.62,28.33,28.01,26.19,24.94,24.72,25.12,25.97,26.96,27.41,26.5
T2M,2001,-2.5,41.875,26.28,26.41,27.55,28.33,28.07,26.35,25.02,24.84,25.22,26.08,27.03,27.49,26.56
T2M,2001,-3.0,34.375,19.4,21.35,22.66,22.28,22.64,21.91,21.6,22.49,24.79,25.17,22.75,23.25,22.53
T2M,2001,-3.0,35.0,18.55,20.5,21.28,20.91,20.77,19.63,19.37,20.19,22.43,22.94,21.35,21.69,20.8
T2M,2001,-3.0,35.625,16.66,18.56,18.49,18.28,17.6,15.86,15.37,16.14,18.21,18.98,18.26,18.61,17.58
T2M,2001,-3.0,36.25,22.15,24.34,24.35,23.33,22.69,20.56,19.87,20.52,22.86,24.15,23.39,23.86,22.66
T2M,2001,-3.0,36.875,21.13,23.31,23.78,22.59,21.57,19.21,18.93,19.91,22.26,23.42,22.45,22.03,21.7
T2M,2001,-3.0,37.5,17.97,19.37,19.35,18.87,18.07,16.08,15.41,16.3,18.06,18.72,18.05,18.07,17.85
T2M,2001,-3.0,38.125,23.45,25.15,25.12,24.44,23.93,22.03,21.11,21.88,23.35,24.42,23.22,23.46,23.45
T2M,2001,-3.0,38.75,26.08,28.32,27.89,26.44,26.12,23.98,23.04,23.88,25.16,26.33,25.09,25.89,25.67
T2M,2001,-3.0,39.375,27.58,29.22,28.82,27.34,26.39,24.17,23.38,24.42,25.62,26.97,26.34,27.48,26.46
T2M,2001,-3.0,40.0,27.55,28.2,28.58,28.15,27.46,25.4,24.59,24.82,25.62,26.69,27.01,27.84,26.82
T2M,2001,-3.0,40.625,26.45,26.63,27.91,28.29,28.0,26.06,24.9,24.71,25.11,26.0,27.0,27.53,26.55
T2M,2001,-3.0,41.25,26.38,26.52,27.75,28.36,28.07,26.25,24.96,24.79,25.12,26.0,27.01,27.54,26.56
T2M,2001,-3.0,41.875,26.44,26.51,27.64,28.34,28.06,26.36,25.02,24.89,25.22,26.07,27.03,27.61,26.6
T2M,2001,-3.5,34.375,20.55,22.51,23.68,23.44,24.03,23.04,22.46,23.26,25.54,26.09,24.33,24.77,23.65
T2M,2001,-3.5,35.0,20.21,22.32,22.82,22.35,22.03,20.59,20.11,20.82,22.98,23.86,22.75,23.57,22.03
T2M,2001,-3.5,35.625,20.04,22.2,21.78,21.21,20.59,18.75,18.09,18.72,20.89,22.06,21.23,22.22,20.64
T2M,2001,-3.5,36.25,22.54,24.71,24.13,23.1,22.55,20.57,19.93,20.69,22.7,23.83,23.1,24.17,22.65
T2M,2001,-3.5,36.875,23.15,25.25,24.29,22.74,22.04,19.89,19.31,20.11,22.03,23.25,22.56,23.94,22.36
T2M,2001,-3.5,37.5,25.11,26.98,26.13,24.61,23.88,21.77,21.15,21.91,23.82,24.99,24.23,25.26,24.14
T2M,2001,-3.5,38.125,22.83,24.76,24.55,23.2,22.48,20.53,19.61,20.33,21.75,22.9,22.41,22.89,22.34
T2M,2001,-3.5,38.75,25.09,26.76,26.42,25.23,24.66,22.55,21.55,22.35,23.64,24.87,24.41,25.14,24.37
T2M,2001,-3.5,39.375,27.22,28.5,28.08,26.89,25.89,23.69,22.92,23.8,24.91,26.19,26.07,27.19,25.93
T2M,2001,-3.5,40.0,27.04,27.58,28.32,28.12,27.78,25.8,24.83,24.8,25.35,26.27,27.01,27.72,26.71
T2M,2001,-3.5,40.625,26.47,26.71,27.97,28.27,28.07,26.15,24.93,24.72,25.08,25.9,27.01,27.64,26.58
T2M,2001,-3.5,41.25,26.58,26.71,27.9,28.44,28.1,26.27,24.96,24.82,25.14,25.97,27.03,27.74,26.64
T2M,2001,-3.5,41.875,26.62,26.66,27.76,28.41,28.05,26.31,24.98,24.88,25.21,26.02,27.01,27.77,26.64
T2M,2001,-4.0,34.375,20.99,22.91,23.74,23.88,24.44,23.27,22.63,23.7,26.12,26.74,25.22,25.14,24.07
T2M,2001,-4.0,35.0,19.79,21.7,22.09,21.9,21.71,20.32,19.88,20.77,22.87,23.73,22.63,22.97,21.69
T2M,2001,-4.0,35.625,19.93,21.87,21.44,21.04,20.3,18.56,17.99,18.82,20.89,22.11,21.35,21.83,20.5
T2M,2001,-4.0,36.25,22.22,24.25,23.69,23.1,22.52,20.63,19.99,20.83,22.79,24.0,23.38,23.79,22.59
T2M,2001,-4.0,36.875,22.45,24.22,23.45,22.64,21.99,20.06,19.38,20.14,21.98,23.16,22.64,23.05,22.08
T2M,2001,-4.0,37.5,23.9,25.94,25.19,24.07,23.36,21.36,20.7,21.49,23.38,24.49,23.85,24.26,23.48
T2M,2001,-4.0,38.125,24.42,26.34,25.72,24.3,23.74,21.75,20.94,21.72,23.23,24.27,23.68,24.39,23.69
T2M,2001,-4.0,38.75,25.65,27.23,26.65,25.11,24.6,22.53,21.6,22.32,23.53,24.79,24.7,25.58,24.51
T2M,2001,-4.0,39.375,27.51,28.48,28.15,27.25,26.27,24.17,23.48,24.08,25.08,26.31,26.67,27.65,26.25
T2M,2001,-4.0,40.0,26.69,27.12,28.22,28.24,27.97,26.06,24.92,24.73,25.13,25.95,27.0,27.68,26.64
T2M,2001,-4.0,40.625,26.7,26.96,28.15,28.34,28.08,26.15,24.93,24.74,25.09,25.87,27.0,27.75,26.64
T2M,2001,-4.0,41.25,26.78,26.93,28.11,28.51,28.08,26.24,24.95,24.82,25.15,25.93,26.99,27.83,26.69
T2M,2001,-4.0,41.875,26.8,26.83,27.96,28.49,28.02,26.24,24.94,24.86,25.19,25.96,26.97,27.85,26.67
T2M,2001,-4.5,34.375,19.88,22.12,22.54,22.3,22.55,20.84,20.2,21.69,24.15,25.16,24.44,23.95,22.48
T2M,2001,-4.5,35.0,18.82,20.87,20.98,20.49,20.22,18.42,17.72,18.97,21.23,22.44,21.68,21.87,20.3
T2M,2001,-4.5,35.625,19.79,21.56,21.21,20.73,19.99,18.15,17.52,18.55,20.63,21.88,21.38,21.65,20.24
T2M,2001,-4.5,36.25,22.09,23.99,23.55,22.89,22.45,20.62,19.98,20.91,22.77,23.97,23.71,23.94,22.56
T2M,2001,-4.5,36.875,22.0,23.65,23.13,22.33,21.72,19.91,19.24,20.02,21.69,22.86,22.84,22.95,21.85
T2M,2001,-4.5,37.5,23.4,24.96,24.5,23.33,22.6,20.69,19.94,20.71,22.5,23.8,23.71,23.93,22.82
T2M,2001,-4.5,38.125,23.41,24.89,24.75,23.42,22.54,20.56,19.78,20.68,22.51,23.67,23.28,23.66,22.75
T2M,2001,-4.5,38.75,25.71,27.13,26.86,25.47,24.98,23.04,22.04,22.7,23.98,25.15,25.28,25.95,24.84
T2M,2001,-4.5,39.375,27.38,28.22,28.47,27.78,27.34,25.51,24.56,24.56,25.35,26.5,27.25,27.93,26.73
T2M,2001,-4.5,40.0,26.79,27.18,28.27,28.33,27.98,26.09,24.97,24.7,25.1,25.92,27.01,27.7,26.67
T2M,2001,-4.5,40.625,26.95,27.17,28.23,28.4,28.06,26.1,24.94,24.75,25.08,25.85,27.0,27.8,26.69
T2M,2001,-4.5,41.25,26.98,27.09,28.21,28.53,28.05,26.16,24.93,24.82,25.14,25.87,26.98,27.85,26.71
T2M,2001,-4.5,41.875,26.99,26.97,28.11,28.51,27.99,26.19,24.89,24.84,25.15,25.92,26.94,27.89,26.7
T2M,2001,0.5,34.375,22.25,24.6,23.45,22.73,21.66,20.38,20.2,20.64,21.08,21.1,21.12,21.66,21.72
T2M,2001,0.5,35.0,19.18,21.0,20.99,20.37,19.51,17.79,17.45,17.71,18.46,18.5,18.2,18.45,18.95
T2M,2001,0.5,35.625,19.7,20.89,21.27,20.77,20.19,18.28,18.06,18.01,19.13,19.28,18.18,18.9,19.38
T2M,2001,0.5,36.25,21.84,23.02,23.55,23.2,23.18,21.1,20.34,20.42,21.74,22.24,21.09,21.21,21.9
T2M,2001,0.5,36.875,19.23,20.37,20.91,20.84,21.08,19.36,18.58,18.75,19.7,20.39,18.87,18.59,19.72
T2M,2001,0.5,37.5,22.66,23.86,24.22,23.86,24.19,22.72,21.9,22.41,23.2,23.75,21.64,21.77,23.01
T2M,2001,0.5,38.125,25.32,26.69,26.96,26.15,26.21,24.55,23.5,24.29,25.38,26.15,23.92,24.47,25.29
T2M,2001,0.5,38.75,27.84,29.24,29.26,27.91,27.79,26.14,25.24,25.91,27.15,28.22,26.29,27.1,27.33
T2M,2001,0.5,39.375,29.55,30.62,30.49,28.57,27.97,26.36,25.59,26.4,27.84,29.18,27.5,28.34,28.19
T2M,2001,0.5,40.0,30.41,30.9,30.87,29.12,28.16,26.31,25.52,26.49,27.93,29.47,27.94,28.77,28.48
T2M,2001,0.5,40.625,30.94,30.88,31.15,29.61,28.38,26.19,25.54,26.64,28.0,29.61,28.1,28.99,28.66
T2M,2001,0.5,41.25,30.88,30.73,31.17,29.56,28.45,26.23,25.75,26.83,28.01,29.51,28.07,29.32,28.7
T2M,2001,0.5,41.875,30.59,30.36,30.95,29.42,28.34,26.26,25.86,26.76,27.86,29.19,28.16,29.44,28.59
T2M,2001,1.0,34.375,17.68,19.24,19.37,18.92,18.16,16.61,16.26,16.56,17.33,17.3,17.05,17.35,17.64
T2M,2001,1.0,35.0,16.78,18.41,18.8,18.36,17.81,16.07,15.86,16.0,16.78,16.64,16.1,15.94,16.95
T2M,2001,1.0,35.625,20.33,21.71,22.01,21.54,21.2,19.0,18.72,18.59,20.22,20.29,18.9,19.57,20.16
T2M,2001,1.0,36.25,23.75,24.99,25.47,25.14,25.41,23.16,22.26,22.33,23.83,24.43,23.06,22.96,23.89
T2M,2001,1.0,36.875,19.94,20.82,21.32,21.61,21.76,19.99,19.19,19.57,20.17,20.83,19.5,19.12,20.31
T2M,2001,1.0,37.5,23.85,25.1,25.44,25.16,25.28,23.83,22.87,23.62,24.38,24.96,22.96,23.1,24.21
T2M,2001,1.0,38.125,26.91,28.48,28.71,27.84,27.9,26.18,25.15,25.92,26.96,27.81,25.72,26.26,26.98
T2M,2001,1.0,38.75,28.86,30.29,30.26,28.85,28.71,27.13,26.23,26.95,28.2,29.23,27.36,28.05,28.33
T2M,2001,1.0,39.375,29.8,30.81,30.61,28.71,28.21,26.77,26.0,26.75,28.19,29.45,27.67,28.35,28.43
T2M,2001,1.0,40.0,30.53,30.84,30.76,29.13,28.29,26.53,25.78,26.73,28.12,29.55,27.92,28.55,28.55
T2M,2001,1.0,40.625,31.13,30.98,31.17,29.58,28.7,26.73,26.02,27.1,28.33,29.76,28.2,28.94,28.88
T2M,2001,1.0,41.25,31.22,31.07,31.44,29.53,28.71,26.81,26.32,27.33,28.43,29.77,28.33,29.39,29.02
T2M,2001,1.0,41.875,30.91,30.82,31.37,29.58,28.77,26.97,26.37,27.2,28.27,29.44,28.51,29.67,28.98
T2M,2001,1.5,34.375,23.23,25.25,24.6,24.19,22.75,20.5,20.28,20.44,21.86,21.96,21.22,22.73,22.4
T2M,2001,1.5,35.0,21.3,22.8,22.71,22.43,21.94,19.61,19.26,19.29,20.76,20.8,19.57,20.33,20.89
T2M,2001,1.5,35.625,24.39,25.76,25.9,25.61,25.73,23.11,22.4,22.7,24.76,25.03,23.24,23.66,24.35
T2M,2001,1.5,36.25,26.81,27.95,28.22,28.17,28.69,25.91,25.12,25.63,27.28,27.88,25.86,26.18,26.97
T2M,2001,1.5,36.875,22.45,23.46,23.73,23.84,24.16,22.46,21.79,22.48,23.07,23.56,21.89,21.79,22.89
T2M,2001,1.5,37.5,25.21,26.51,26.69,26.54,26.71,24.82,23.81,24.63,25.66,26.27,24.44,24.69,25.49
T2M,2001,1.5,38.125,27.72,29.43,29.43,28.54,28.85,27.09,26.1,26.91,27.96,28.7,26.54,27.23,27.87
T2M,2001,1.5,38.75,28.86,30.6,30.36,28.7,28.98,27.5,26.53,27.26,28.56,29.44,27.13,27.84,28.47
T2M,2001,1.5,39.375,29.64,30.59,30.37,28.63,28.16,26.69,25.96,26.74,28.18,29.33,27.44,27.95,28.29
T2M,2001,1.5,40.0,30.01,30.75,30.58,28.82,28.22,26.67,25.96,26.88,28.31,29.54,27.64,28.24,28.46
T2M,2001,1.5,40.625,31.0,30.98,31.08,29.39,28.67,26.93,26.24,27.22,28.41,29.68,28.05,28.58,28.84
T2M,2001,1.5,41.25,31.19,31.2,31.55,29.72,28.92,27.04,26.47,27.44,28.55,29.75,28.46,29.16,29.11
T2M,2001,1.5,41.875,30.94,30.92,31.41,29.45,28.71,27.13,26.49,27.26,28.36,29.37,28.27,29.18,28.95
T2M,2001,2.0,34.375,25.72,27.45,26.68,26.65,25.44,22.92,22.77,22.91,24.75,24.65,23.61,24.91,24.85
T2M,2001,2.0,35.0,23.74,25.35,24.97,24.77,24.37,22.12,21.65,21.88,23.68,23.75,22.25,22.99,23.45
T2M,2001,2.0,35.625,27.27,28.63,28.64,28.25,28.49,25.96,25.18,25.68,27.99,28.41,26.21,26.89,27.29
T2M,2001,2.0,36.25,29.01,30.32,30.36,30.44,30.95,28.36,27.63,28.37,30.25,30.54,28.13,28.7,29.42
T2M,2001,2.0,36.875,22.75,23.92,24.05,24.09,24.42,22.73,21.91,22.79,23.61,23.97,22.14,22.24,23.21
T2M,2001,2.0,37.5,26.14,27.56,27.64,27.19,27.36,25.61,24.74,25.54,26.7,27.22,25.18,25.62,26.37
T2M,2001,2.0,38.125,27.22,29.03,28.95,27.69,28.12,26.59,25.63,26.41,27.55,28.22,25.73,26.31,27.28
T2M,2001,2.0,38.75,28.5,30.28,30.06,28.4,28.52,27.03,26.12,26.92,28.3,29.13,26.73,27.49,28.11
T2M,2001,2.0,39.375,29.3,30.42,30.15,28.27,27.95,26.46,25.77,26.58,28.05,29.05,26.94,27.53,28.03
T2M,2001,2.0,40.0,29.38,30.31,30.1,28.12,27.64,26.2,25.45,26.42,27.84,28.86,26.84,27.44,27.87
T2M,2001,2.0,40.625,30.16,30.41,30.48,28.36,27.93,26.52,25.74,26.61,27.79,28.94,26.95,27.42,28.1
T2M,2001,2.0,41.25,30.75,30.92,31.22,29.23,28.63,26.94,26.35,27.21,28.36,29.44,27.86,28.55,28.78
T2M,2001,2.0,41.875,30.67,30.85,31.35,29.23,28.75,27.18,26.46,27.14,28.22,29.1,27.89,28.83,28.8
T2M,2001,2.5,34.375,25.04,26.68,26.0,25.95,25.26,22.71,22.49,22.79,24.88,24.36,22.95,24.42,24.45
T2M,2001,2.5,35.0,25.19,26.67,26.32,26.01,25.61,23.69,23.12,23.59,25.35,25.53,23.68,24.51,24.93
T2M,2001,2.5,35.625,28.0,29.49,29.31,28.9,28.98,27.09,26.32,26.88,29.11,29.4,26.96,27.95,28.19
T2M,2001,2.5,36.25,29.28,30.63,30.54,30.44,30.75,28.9,28.17,28.9,30.35,30.62,28.38,29.08,29.66
T2M,2001,2.5,36.875,25.79,27.04,26.96,26.51,26.64,25.22,24.45,25.37,26.29,26.59,24.66,25.3,25.89
T2M,2001,2.5,37.5,27.8,29.33,29.12,28.17,28.51,27.17,26.41,27.17,28.29,28.69,26.43,27.25,27.85
T2M,2001,2.5,38.125,27.04,28.34,28.14,26.75,26.9,25.52,24.74,25.56,26.83,27.45,25.15,25.91,26.52
T2M,2001,2.5,38.75,28.37,29.65,29.38,27.62,27.66,26.35,25.58,26.42,27.86,28.58,26.26,27.18,27.56
T2M,2001,2.5,39.375,28.79,29.71,29.48,27.34,27.15,25.89,25.23,26.04,27.56,28.36,26.37,27.28,27.42
T2M,2001,2.5,40.0,28.51,29.29,29.25,27.08,26.7,25.47,24.68,25.6,27.1,27.96,26.14,27.03,27.06
T2M,2001,2.5,40.625,28.83,29.47,29.76,27.8,27.38,26.08,25.21,25.96,27.22,28.21,26.53,27.54,27.49
T2M,2001,2.5,41.25,29.57,30.23,30.69,28.96,28.34,26.57,25.86,26.6,27.85,28.79,27.59,28.97,28.33
T2M,2001,2.5,41.875,29.45,30.14,30.76,28.93,28.28,26.61,25.81,26.46,27.65,28.37,27.61,29.04,28.25
T2M,2001,3.0,34.375,23.9,25.52,24.72,24.32,23.77,21.67,21.34,21.72,23.39,23.03,21.57,22.79,23.13
T2M,2001,3.0,35.0,26.53,27.92,27.43,26.84,26.49,24.73,24.19,24.78,26.43,26.53,24.61,25.69,26.0
T2M,2001,3.0,35.625,29.08,30.45,30.39,29.84,29.84,28.75,27.84,28.33,29.91,30.31,28.05,29.23,29.33
T2M,2001,3.0,36.25,29.83,30.97,30.95,30.46,30.66,29.3,28.42,29.03,30.21,30.58,28.74,29.64,29.89
T2M,2001,3.0,36.875,28.55,29.72,29.63,28.88,29.08,27.97,27.15,27.84,28.91,29.26,27.07,28.07,28.5
T2M,2001,3.0,37.5,28.92,29.83,29.59,28.47,28.83,27.75,27.03,27.71,28.93,29.35,27.05,28.09,28.46
T2M,2001,3.0,38.125,28.4,28.66,28.53,26.9,27.0,25.8,25.2,26.07,27.42,27.94,25.87,26.86,27.05
T2M,2001,3.0,38.75,28.5,28.77,28.53,26.4,26.44,25.46,24.9,25.69,27.2,27.72,25.72,27.04,26.86
T2M,2001,3.0,39.375,28.21,28.58,28.51,26.06,25.87,24.95,24.31,25.12,26.69,27.33,25.7,26.98,26.52
T2M,2001,3.0,40.0,27.59,28.12,28.37,26.14,25.73,24.83,24.07,24.88,26.44,27.15,25.61,26.82,26.3
T2M,2001,3.0,40.625,27.72,28.64,29.24,27.59,27.09,25.8,24.89,25.57,26.88,27.72,26.47,27.76,27.11
T2M,2001,3.0,41.25,28.33,29.44,30.26,28.65,28.03,26.36,25.51,26.15,27.51,28.32,27.43,28.75,27.89
T2M,2001,3.0,41.875,28.05,29.35,30.16,28.64,27.86,26.16,25.33,25.92,27.21,27.82,27.28,28.6,27.69
T2M,2001,3.5,34.375,24.07,25.78,24.81,23.99,23.62,21.62,21.46,21.85,23.45,23.09,21.27,22.87,23.14
T2M,2001,3.5,35.0,27.82,29.38,28.66,27.75,27.62,25.96,25.54,26.06,27.51,27.67,25.8,27.06,27.22
T2M,2001,3.5,35.625,29.38,30.56,30.38,29.54,29.63,28.76,27.95,28.44,29.82,30.15,28.0,29.28,29.32
T2M,2001,3.5,36.25,29.82,30.51,30.44,29.55,29.72,28.73,27.85,28.41,29.62,30.02,28.13,29.18,29.33
T2M,2001,3.5,36.875,29.27,29.86,29.83,28.7,29.0,28.03,27.44,28.08,29.32,29.62,27.42,28.44,28.75
T2M,2001,3.5,37.5,28.46,28.63,28.34,26.82,27.07,26.05,25.38,26.11,27.49,27.81,25.96,27.27,27.11
T2M,2001,3.5,38.125,27.63,27.25,27.11,25.03,24.94,23.92,23.33,24.21,25.77,26.14,24.76,26.03,25.5
T2M,2001,3.5,38.75,27.18,27.18,26.86,24.4,24.1,23.27,22.61,23.34,25.03,25.53,24.44,26.04,24.99
T2M,2001,3.5,39.375,25.78,26.05,26.15,23.76,23.19,22.46,21.81,22.45,24.17,24.74,23.61,24.87,24.08
T2M,2001,3.5,40.0,26.68,27.22,27.57,25.35,24.98,24.24,23.44,24.18,25.78,26.29,24.96,26.15,25.56
T2M,2001,3.5,40.625,26.53,27.48,28.27,26.61,26.29,25.23,24.26,24.86,26.17,26.76,25.58,26.84,26.23
T2M,2001,3.5,41.25,27.07,28.47,29.77,28.51,28.05,26.4,25.43,25.99,27.46,28.1,27.2,28.15,27.54
T2M,2001,3.5,41.875,28.01,29.67,30.9,29.72,29.09,27.38,26.45,27.01,28.4,28.89,28.19,29.33,28.58
T2M,2001,4.0,34.375,26.69,28.77,27.35,26.11,25.89,24.05,24.0,24.31,26.01,25.62,23.73,25.4,25.64
T2M,2001,4.0,35.0,28.94,30.7,29.75,28.52,28.54,27.14,26.84,27.42,28.94,28.74,26.85,28.31,28.38
T2M,2001,4.0,35.625,28.54,29.59,29.3,28.21,28.27,27.29,26.71,27.33,28.71,28.8,26.97,28.29,28.16
T2M,2001,4.0,36.25,30.16,30.85,30.65,29.47,29.59,28.65,27.91,28.46,29.8,30.0,28.46,29.65,29.46
T2M,2001,4.0,36.875,28.74,29.37,29.14,27.37,27.57,26.57,26.13,26.82,28.28,28.34,26.72,28.11,27.76
T2M,2001,4.0,37.5,28.69,29.09,28.65,26.46,26.37,25.5,25.07,25.77,27.29,27.36,26.35,27.99,27.04
T2M,2001,4.0,38.125,25.25,25.63,25.21,22.81,22.14,21.22,20.78,21.26,22.89,23.15,22.79,24.39,23.11
T2M,2001,4.0,38.75,23.43,23.75,23.71,21.61,20.81,19.73,19.42,19.87,21.59,21.82,21.11,22.61,21.61
T2M,2001,4.0,39.375,24.31,24.8,24.94,22.73,22.1,21.25,20.96,21.49,23.26,23.4,22.11,23.33,22.88
T2M,2001,4.0,40.0,25.61,26.32,26.58,24.37,24.02,23.26,22.67,23.29,24.89,25.02,23.82,25.09,24.57
T2M,2001,4.0,40.625,25.47,26.55,27.41,25.88,25.8,24.84,23.89,24.43,25.75,26.01,24.78,25.68,25.54
T2M,2001,4.0,41.25,26.79,28.42,29.8,28.68,28.51,27.03,26.08,26.51,28.04,28.42,27.14,27.9,27.77
T2M,2001,4.0,41.875,28.26,30.17,31.62,30.48,30.2,28.65,27.7,28.16,29.61,29.85,28.82,29.92,29.45
T2M,2001,4.5,34.375,28.57,30.93,29.16,27.53,27.75,25.98,26.07,26.38,28.26,27.42,25.67,28.12,27.64
T2M,2001,4.5,35.0,29.01,30.84,29.71,28.18,28.24,27.16,26.96,27.54,29.17,28.76,26.9,28.43,28.39
T2M,2001,4.5,35.625,28.96,30.15,29.64,28.36,28.4,27.43,27.04,27.81,29.38,29.08,27.43,29.0,28.55
T2M,2001,4.5,36.25,29.8,31.21,30.72,29.08,29.2,28.29,27.87,28.45,30.04,29.8,28.36,30.07,29.4
T2M,2001,4.5,36.875,28.82,30.09,29.52,27.48,27.4,26.44,26.03,26.7,28.37,28.14,27.12,28.82,27.9
T2M,2001,4.5,37.5,26.71,27.78,27.07,24.63,24.23,23.62,23.35,23.78,25.56,25.16,24.45,26.5,25.22
T2M,2001,4.5,38.125,23.09,23.69,23.53,21.42,20.57,19.67,19.63,19.69,21.47,21.14,20.67,22.1,21.38
T2M,2001,4.5,38.75,23.36,24.16,24.38,22.24,21.49,20.62,20.59,20.85,22.6,22.42,21.38,22.75,22.23
T2M,2001,4.5,39.375,24.99,26.04,26.19,23.9,23.36,22.64,22.36,22.91,24.5,24.36,23.25,24.51,24.07
T2M,2001,4.5,40.0,23.89,25.04,25.25,23.4,22.98,22.04,21.39,22.03,23.49,23.66,22.6,23.63,23.27
T2M,2001,4.5,40.625,24.96,26.16,26.96,25.51,25.46,24.48,23.67,24.19,25.47,25.55,24.36,25.15,25.15
T2M,2001,4.5,41.25,24.98,26.64,27.93,26.9,26.82,25.38,24.53,25.0,26.39,26.56,25.33,25.91,26.03
T2M,2001,4.5,41.875,28.09,29.99,31.53,30.28,30.29,28.99,28.08,28.45,29.84,29.83,28.72,29.74,29.48
T2M,2002,-0.5,34.375,23.0,25.17,24.59,24.94,23.44,23.71,24.17,24.25,25.89,24.56,23.23,23.21,24.17
T2M,2002,-0.5,35.0,20.05,21.99,21.97,21.93,19.97,19.68,20.17,20.09,21.77,21.4,20.16,19.94,20.75
T2M,2002,-0.5,35.625,14.94,16.46,16.8,16.54,14.98,14.45,14.36,13.94,15.39,15.62,15.02,15.07,15.29
T2M,2002,-0.5,36.25,15.79,16.94,17.22,16.78,15.48,15.02,14.65,14.33,15.58,16.13,15.84,15.85,15.79
T2M,2002,-0.5,36.875,16.37,17.47,17.48,17.19,16.08,15.42,15.14,15.22,16.21,16.8,16.48,16.46,16.35
T2M,2002,-0.5,37.5,20.12,21.08,21.58,21.07,19.79,19.04,18.66,18.77,19.99,20.67,20.27,20.24,20.1
T2M,2002,-0.5,38.125,24.32,25.29,25.84,24.82,24.14,23.67,23.39,23.38,24.44,24.9,23.74,23.93,24.32
T2M,2002,-0.5,38.75,27.01,27.83,28.26,26.61,25.66,25.47,24.96,24.96,25.95,26.54,25.46,25.74,26.19
T2M,2002,-0.5,39.375,28.85,29.35,29.92,27.64,26.33,25.77,25.11,25.52,26.46,27.38,26.41,27.11,27.14
T2M,2002,-0.5,40.0,29.27,29.78,30.46,28.2,26.51,25.6,25.09,25.67,26.64,27.75,26.95,27.65,27.45
T2M,2002,-0.5,40.625,29.61,29.92,31.0,28.46,26.32,24.96,24.56,25.35,26.29,27.71,26.63,27.42,27.34
T2M,2002,-0.5,41.25,29.82,29.89,30.85,28.61,26.48,25.06,24.61,25.64,26.52,27.87,26.76,27.65,27.47
T2M,2002,-0.5,41.875,29.29,29.19,30.2,28.79,27.12,25.67,25.23,25.75,26.52,27.69,27.36,28.37,27.59
T2M,2002,-1.0,34.375,21.23,23.76,22.71,23.64,21.33,22.05,22.72,22.8,24.68,23.48,21.54,21.35,22.59
T2M,2002,-1.0,35.0,19.08,21.01,20.48,20.32,18.31,17.99,18.36,18.61,20.03,20.23,19.01,18.76,19.34
T2M,2002,-1.0,35.625,18.75,20.36,19.54,18.78,16.69,15.93,16.04,16.27,17.75,18.61,17.78,17.83,17.84
T2M,2002,-1.0,36.25,17.89,18.99,18.48,17.98,16.15,15.15,15.36,15.6,17.0,17.92,17.22,17.4,17.08
T2M,2002,-1.0,36.875,18.29,19.14,19.57,19.38,17.94,17.45,17.52,17.97,18.79,19.41,18.69,18.54,18.55
T2M,2002,-1.0,37.5,21.5,22.41,22.9,22.45,21.0,20.18,19.94,20.19,21.37,22.23,21.83,21.64,21.46
T2M,2002,-1.0,38.125,23.77,24.68,24.81,23.82,23.29,22.38,21.87,21.89,23.0,23.64,23.05,23.3,23.28
T2M,2002,-1.0,38.75,27.27,28.12,28.11,26.4,25.68,25.5,24.8,24.75,25.69,26.29,25.49,25.95,26.16
T2M,2002,-1.0,39.375,29.25,29.71,29.87,27.37,26.34,25.94,25.18,25.52,26.39,27.2,26.65,27.43,27.22
T2M,2002,-1.0,40.0,29.68,30.2,30.43,28.05,26.44,25.83,25.21,25.8,26.69,27.69,26.89,27.72,27.54
T2M,2002,-1.0,40.625,29.54,29.83,30.71,28.26,26.2,24.85,24.39,25.19,26.1,27.51,26.57,27.39,27.2
T2M,2002,-1.0,41.25,29.3,29.41,30.33,28.33,26.47,24.89,24.29,25.21,26.17,27.42,26.54,27.42,27.14
T2M,2002,-1.0,41.875,28.13,27.93,29.11,28.37,27.15,25.8,25.13,25.4,26.09,26.97,27.14,28.0,27.1
T2M,2002,-1.5,34.375,21.74,23.78,23.11,23.89,21.55,22.56,23.39,23.45,24.93,23.73,21.81,21.52,22.94
T2M,2002,-1.5,35.0,20.6,22.18,21.3,21.21,19.05,19.34,19.83,20.4,21.7,21.53,20.12,19.83,20.58
T2M,2002,-1.5,35.625,18.72,19.75,19.16,18.62,16.5,15.77,16.02,16.48,17.95,18.72,17.89,17.95,17.78
T2M,2002,-1.5,36.25,22.53,23.89,23.2,22.58,20.52,20.02,20.35,20.72,22.07,23.01,22.18,22.02,21.91
T2M,2002,-1.5,36.875,19.57,21.11,20.87,20.51,19.07,18.71,19.19,19.12,19.74,20.61,19.88,19.74,19.83
T2M,2002,-1.5,37.5,20.84,21.86,22.28,21.6,20.24,19.4,19.38,19.53,20.4,21.32,20.98,20.8,20.71
T2M,2002,-1.5,38.125,23.74,24.42,25.02,24.12,23.06,21.97,21.63,21.75,22.95,23.72,23.36,23.41,23.25
T2M,2002,-1.5,38.75,27.14,28.08,27.87,26.33,25.73,25.43,24.66,24.53,25.46,26.22,25.6,26.0,26.08
T2M,2002,-1.5,39.375,29.07,29.69,29.39,27.19,26.14,25.72,25.07,25.25,26.18,26.99,26.43,27.15,27.01
T2M,2002,-1.5,40.0,29.91,30.29,30.48,27.85,26.2,25.53,24.98,25.57,26.47,27.44,26.79,27.63,27.41
T2M,2002,-1.5,40.625,29.55,29.83,30.58,28.24,26.38,25.02,24.48,25.19,26.1,27.36,26.8,27.65,27.25
T2M,2002,-1.5,41.25,28.84,29.01,30.02,28.21,26.69,25.11,24.45,25.25,26.21,27.22,26.59,27.5,27.08
T2M,2002,-1.5,41.875,27.17,26.9,28.25,27.91,27.24,26.1,25.23,25.21,25.74,26.33,27.06,27.76,26.74
T2M,2002,-1.7975103014118005e-13,34.375,22.45,23.88,23.94,24.2,23.0,22.81,23.23,22.76,24.02,23.35,22.79,22.67,23.25
T2M,2002,-1.7975103014118005e-13,35.0,20.23,21.59,22.03,22.08,20.49,20.03,20.27,19.9,21.46,21.2,20.57,20.27,20.84
T2M,2002,-1.7975103014118005e-13,35.625,15.33,16.29,17.44,17.31,16.09,15.57,15.52,15.03,16.59,16.48,15.77,15.65,16.09
T2M,2002,-1.7975103014118005e-13,36.25,17.87,18.96,19.82,19.81,18.23,18.18,17.99,17.48,19.17,19.24,18.49,18.12,18.61
T2M,2002,-1.7975103014118005e-13,36.875,17.39,18.41,19.04,18.78,17.7,17.41,17.14,17.09,18.39,18.77,18.11,17.7,17.99
T2M,2002,-1.7975103014118005e-13,37.5,17.04,17.75,18.64,18.2,17.37,16.77,16.62,16.67,17.66,18.07,17.5,17.23,17.46
T2M,2002,-1.7975103014118005e-13,38.125,25.1,25.81,26.65,25.43,24.68,24.26,24.3,24.48,25.39,25.72,24.63,24.52,25.08
T2M,2002,-1.7975103014118005e-13,38.75,27.76,28.33,29.17,27.28,26.38,26.03,25.62,25.8,26.8,27.42,26.49,26.44,26.95
T2M,2002,-1.7975103014118005e-13,39.375,28.98,29.52,30.43,28.04,26.65,26.03,25.47,25.9,26.92,27.94,27.16,27.47,27.53
T2M,2002,-1.7975103014118005e-13,40.0,29.35,29.81,31.06,28.51,26.82,25.89,25.37,25.97,27.02,28.2,27.54,27.97,27.78
T2M,2002,-1.7975103014118005e-13,40.625,29.78,30.13,31.53,28.67,26.56,25.43,25.04,25.92,26.93,28.29,27.38,28.12,27.8
T2M,2002,-1.7975103014118005e-13,41.25,30.19,30.24,31.44,28.69,26.62,25.58,25.21,26.24,27.1,28.37,27.41,28.33,27.94
T2M,2002,-1.7975103014118005e-13,41.875,29.98,29.95,31.01,28.78,26.99,25.86,25.55,26.24,27.02,28.16,27.66,28.73,27.99
T2M,2002,-2.0,34.375,22.03,23.91,23.37,24.09,21.94,23.05,23.9,24.08,25.36,24.29,22.24,21.96,23.34
T2M,2002,-2.0,35.0,20.76,22.13,21.4,21.32,19.47,19.49,20.37,20.75,21.94,21.79,20.4,20.09,20.82
T2M,2002,-2.0,35.625,19.05,19.84,19.53,19.15,17.33,16.23,16.62,17.1,18.63,19.27,18.43,18.48,18.29
T2M,2002,-2.0,36.25,24.82,26.1,25.73,25.18,23.78,23.03,23.5,23.57,24.71,25.57,24.75,24.46,24.59
T2M,2002,-2.0,36.875,20.37,22.16,21.5,20.99,19.98,19.65,19.62,19.49,20.1,21.01,20.51,20.38,20.47
T2M,2002,-2.0,37.5,21.78,22.8,22.92,22.27,21.2,20.39,20.33,20.22,21.04,22.03,21.76,21.63,21.52
T2M,2002,-2.0,38.125,24.35,24.97,25.44,24.42,23.6,22.61,22.27,22.26,23.3,24.12,23.87,23.82,23.74
T2M,2002,-2.0,38.75,27.19,28.26,27.67,26.27,25.63,25.32,24.5,24.28,25.17,26.06,25.57,25.91,25.97
T2M,2002,-2.0,39.375,28.81,29.54,28.97,27.13,26.01,25.45,24.89,24.95,25.86,26.77,26.3,26.97,26.79
T2M,2002,-2.0,40.0,29.67,30.09,29.96,27.78,26.32,25.84,25.19,25.53,26.37,27.19,26.68,27.6,27.34
T2M,2002,-2.0,40.625,29.21,29.39,30.09,28.24,26.72,25.45,24.78,25.32,26.11,27.09,26.9,27.85,27.25
T2M,2002,-2.0,41.25,27.73,27.63,29.09,28.1,27.32,26.1,25.22,25.39,26.01,26.59,27.2,28.13,27.04
T2M,2002,-2.0,41.875,26.8,26.52,27.89,27.69,27.4,26.38,25.33,25.11,25.57,25.99,27.16,27.7,26.63
T2M,2002,-2.5,34.375,21.3,23.01,22.69,23.45,22.08,22.5,23.53,23.46,24.94,24.29,21.87,21.5,22.88
T2M,2002,-2.5,35.0,19.87,20.93,20.61,20.86,19.41,18.97,19.97,20.15,21.48,21.57,19.72,19.53,20.25
T2M,2002,-2.5,35.625,21.38,22.13,21.93,21.91,20.47,19.34,20.05,20.1,21.75,22.29,20.76,20.79,21.07
T2M,2002,-2.5,36.25,23.97,25.08,24.94,24.71,23.64,22.62,23.05,22.72,24.55,25.26,23.94,23.65,24.0
T2M,2002,-2.5,36.875,21.51,22.83,22.74,22.64,22.23,21.73,21.91,21.61,22.59,23.28,21.78,21.57,22.2
T2M,2002,-2.5,37.5,22.04,23.06,23.34,22.89,22.26,22.03,21.5,21.2,21.93,22.85,22.1,21.93,22.25
T2M,2002,-2.5,38.125,23.98,24.82,25.14,24.41,23.68,22.82,22.43,22.21,23.2,24.15,23.84,23.73,23.69
T2M,2002,-2.5,38.75,26.84,28.19,27.54,26.4,25.66,25.27,24.53,24.18,25.04,26.07,25.59,25.86,25.92
T2M,2002,-2.5,39.375,28.11,29.16,28.43,27.12,25.84,25.12,24.74,24.62,25.44,26.51,26.14,26.75,26.48
T2M,2002,-2.5,40.0,28.61,29.06,29.18,27.65,26.49,25.89,25.23,25.19,25.85,26.64,26.52,27.5,26.97
T2M,2002,-2.5,40.625,28.04,27.89,29.11,28.1,27.21,26.09,25.21,25.29,25.78,26.44,27.03,28.05,27.02
T2M,2002,-2.5,41.25,26.85,26.5,28.17,27.71,27.45,26.35,25.27,25.08,25.54,25.91,27.11,27.69,26.64
T2M,2002,-2.5,41.875,26.89,26.6,28.01,27.64,27.4,26.41,25.32,25.14,25.63,26.0,27.21,27.8,26.67
T2M,2002,-3.0,34.375,20.74,22.19,22.12,23.06,22.08,21.7,22.55,22.19,24.13,24.12,21.89,21.41,22.35
T2M,2002,-3.0,35.0,19.86,20.58,20.58,21.02,19.81,18.92,19.99,19.84,21.6,21.75,20.03,19.8,20.31
T2M,2002,-3.0,35.625,17.33,17.59,17.77,17.83,16.54,15.31,15.74,15.83,17.46,18.0,16.96,17.06,16.95
T2M,2002,-3.0,36.25,22.3,23.04,23.04,22.77,21.39,20.31,20.76,20.38,22.07,22.87,22.01,22.11,21.91
T2M,2002,-3.0,36.875,21.13,22.27,22.56,22.3,20.71,19.23,19.96,19.21,21.19,22.28,21.48,21.25,21.12
T2M,2002,-3.0,37.5,17.66,18.42,18.94,18.38,17.5,15.99,16.16,15.72,17.02,18.06,17.95,17.98,17.48
T2M,2002,-3.0,38.125,23.45,24.46,24.72,24.12,23.33,22.28,21.81,21.49,22.56,23.62,23.59,23.42,23.23
T2M,2002,-3.0,38.75,26.15,27.79,27.15,26.18,25.28,24.68,24.03,23.61,24.55,25.66,25.17,25.4,25.46
T2M,2002,-3.0,39.375,27.74,28.94,28.17,27.14,25.77,24.97,24.68,24.37,25.09,26.23,26.06,26.61,26.3
T2M,2002,-3.0,40.0,27.81,28.08,28.71,27.68,26.82,25.99,25.19,25.01,25.6,26.32,26.62,27.38,26.76
T2M,2002,-3.0,40.625,27.2,26.72,28.43,27.85,27.48,26.31,25.2,25.04,25.49,25.99,27.06,27.74,26.71
T2M,2002,-3.0,41.25,27.0,26.58,28.31,27.81,27.51,26.39,25.26,25.1,25.61,25.96,27.12,27.74,26.7
T2M,2002,-3.0,41.875,27.02,26.68,28.17,27.71,27.45,26.43,25.29,25.15,25.68,26.01,27.19,27.86,26.72
T2M,2002,-3.5,34.375,21.58,23.24,23.22,24.15,23.11,22.64,23.22,23.23,24.75,25.11,23.52,22.91,23.39
T2M,2002,-3.5,35.0,21.19,22.35,22.04,22.18,21.28,19.98,20.61,20.59,22.15,22.68,21.84,21.62,21.54
T2M,2002,-3.5,35.625,20.57,21.26,20.71,20.45,19.55,17.99,18.54,18.56,20.21,20.87,20.22,20.27,19.92
T2M,2002,-3.5,36.25,22.57,23.41,22.81,22.31,21.5,20.38,20.73,20.33,21.83,22.67,22.04,22.33,21.9
T2M,2002,-3.5,36.875,22.87,24.15,23.22,22.28,21.11,19.65,20.23,19.64,21.27,22.25,21.86,22.35,21.73
T2M,2002,-3.5,37.5,24.69,26.23,25.27,24.23,22.93,21.67,22.02,21.47,22.88,24.01,23.86,24.07,23.59
T2M,2002,-3.5,38.125,22.75,24.17,24.06,23.04,21.88,20.96,20.39,19.97,21.09,22.29,22.48,22.39,22.11
T2M,2002,-3.5,38.75,25.12,26.34,26.07,25.1,23.93,23.03,22.5,22.14,23.25,24.37,24.51,24.55,24.23
T2M,2002,-3.5,39.375,27.25,28.32,27.7,26.64,25.3,24.43,24.13,23.82,24.56,25.67,25.79,26.31,25.81
T2M,2002,-3.5,40.0,27.61,27.59,28.52,27.7,27.19,26.19,25.16,24.98,25.49,26.05,26.81,27.44,26.72
T2M,2002,-3.5,40.625,27.34,26.8,28.48,27.86,27.53,26.32,25.15,25.01,25.48,25.93,27.1,27.72,26.73
T2M,2002,-3.5,41.25,27.27,26.75,28.46,27.91,27.54,26.38,25.22,25.1,25.64,25.96,27.15,27.81,26.77
T2M,2002,-3.5,41.875,27.2,26.73,28.32,27.83,27.49,26.4,25.23,25.11,25.7,25.99,27.18,27.94,26.76
T2M,2002,-4.0,34.375,21.89,23.72,23.54,24.55,23.79,23.15,23.73,23.74,25.25,25.71,24.22,23.52,23.9
T2M,2002,-4.0,35.0,20.49,21.81,21.45,21.75,21.15,20.17,20.5,20.43,21.89,22.5,21.7,21.43,21.27
T2M,2002,-4.0,35.625,20.32,21.07,20.43,20.3,19.65,17.96,18.39,18.37,20.08,20.88,20.5,20.38,19.85
T2M,2002,-4.0,36.25,22.32,23.37,22.46,22.26,21.67,20.35,20.73,20.32,21.9,22.76,22.41,22.34,21.9
T2M,2002,-4.0,36.875,22.21,23.52,22.47,22.04,21.1,19.78,20.09,19.59,21.16,22.11,21.96,22.0,21.49
T2M,2002,-4.0,37.5,23.5,25.1,24.25,23.58,22.45,21.18,21.46,20.98,22.48,23.53,23.43,23.34,22.93
T2M,2002,-4.0,38.125,24.22,25.87,25.04,24.04,22.93,21.87,21.69,21.29,22.4,23.57,23.56,23.75,23.34
T2M,2002,-4.0,38.75,25.65,27.02,26.14,24.97,23.81,23.03,22.45,22.06,23.15,24.24,24.31,24.71,24.28
T2M,2002,-4.0,39.375,27.61,28.35,28.0,26.89,25.73,24.85,24.44,24.16,24.93,25.92,26.28,26.88,26.16
T2M,2002,-4.0,40.0,27.6,27.21,28.44,27.8,27.45,26.28,25.15,24.98,25.47,25.94,26.99,27.63,26.74
T2M,2002,-4.0,40.625,27.55,27.01,28.49,27.88,27.52,26.32,25.12,25.01,25.52,25.93,27.1,27.78,26.77
T2M,2002,-4.0,41.25,27.5,26.95,28.55,27.92,27.55,26.36,25.19,25.08,25.65,25.98,27.19,27.92,26.82
T2M,2002,-4.0,41.875,27.43,26.81,28.43,27.91,27.52,26.36,25.17,25.09,25.7,25.98,27.19,28.08,26.81
T2M,2002,-4.5,34.375,20.95,22.93,22.27,23.19,22.57,21.11,21.7,21.6,23.65,24.25,23.32,22.86,22.53
T2M,2002,-4.5,35.0,19.5,21.09,20.23,20.55,20.11,18.41,18.95,18.84,20.53,21.26,20.85,20.71,20.08
T2M,2002,-4.5,35.625,20.0,21.08,20.1,20.06,19.64,17.8,18.21,18.22,19.78,20.65,20.51,20.5,19.7
T2M,2002,-4.5,36.25,22.24,23.47,22.4,22.31,21.91,20.54,20.75,20.39,21.9,22.84,22.77,22.69,22.01
T2M,2002,-4.5,36.875,21.93,23.4,22.07,21.81,21.1,19.78,19.9,19.41,20.87,21.91,22.07,22.08,21.35
T2M,2002,-4.5,37.5,23.14,24.64,23.44,22.84,21.66,20.32,20.55,20.16,21.68,22.77,22.93,23.09,22.25
T2M,2002,-4.5,38.125,23.46,24.81,23.99,23.05,21.47,20.25,20.45,20.17,21.49,22.61,22.65,22.83,22.25
T2M,2002,-4.5,38.75,25.98,27.15,26.25,25.13,23.94,23.17,22.75,22.44,23.46,24.52,24.49,24.87,24.5
T2M,2002,-4.5,39.375,27.89,28.32,28.39,27.41,26.71,25.78,25.02,24.79,25.42,26.24,26.77,27.21,26.65
T2M,2002,-4.5,40.0,27.65,27.26,28.49,27.89,27.51,26.28,25.16,24.98,25.5,26.01,27.12,27.73,26.8
T2M,2002,-4.5,40.625,27.69,27.23,28.48,27.91,27.49,26.32,25.08,24.99,25.55,25.95,27.09,27.93,26.81
T2M,2002,-4.5,41.25,27.68,27.11,28.54,27.9,27.55,26.35,25.15,25.03,25.66,25.98,27.15,28.08,26.85
T2M,2002,-4.5,41.875,27.65,26.91,28.45,27.92,27.56,26.33,25.14,25.04,25.7,26.0,27.16,28.18,26.84
T2M,2002,0.5,34.375,21.4,22.99,22.99,23.27,21.65,21.23,21.8,21.12,22.5,22.15,21.83,21.99,22.07
T2M,2002,0.5,35.0,18.61,20.03,20.58,20.51,19.08,18.61,18.89,18.06,19.66,19.39,18.89,18.75,19.25
T2M,2002,0.5,35.625,19.24,20.28,21.19,20.58,19.16,19.19,19.32,18.38,20.37,19.94,19.16,19.04,19.65
T2M,2002,0.5,36.25,21.46,22.6,23.29,23.24,21.69,21.81,21.75,21.19,23.14,22.97,22.1,21.56,22.23
T2M,2002,0.5,36.875,18.94,19.76,20.67,20.59,19.45,19.61,19.47,19.21,20.81,20.88,19.75,19.22,19.86
T2M,2002,0.5,37.5,22.43,23.13,24.1,23.25,22.42,22.37,22.42,22.56,23.61,23.65,22.66,22.02,22.88
T2M,2002,0.5,38.125,25.36,25.89,26.92,25.4,24.29,23.88,23.83,24.13,25.15,25.66,24.94,24.44,24.99
T2M,2002,0.5,38.75,27.9,28.36,29.35,27.38,26.25,25.81,25.45,25.81,26.81,27.59,26.97,26.75,27.03
T2M,2002,0.5,39.375,29.2,29.82,30.75,28.24,26.52,26.14,25.78,26.33,27.34,28.44,27.77,27.87,27.84
T2M,2002,0.5,40.0,29.63,30.3,31.52,28.66,26.54,26.12,25.74,26.45,27.54,28.77,28.16,28.45,28.14
T2M,2002,0.5,40.625,30.07,30.46,32.06,28.88,26.49,26.08,25.74,26.63,27.74,28.97,28.38,28.87,28.35
T2M,2002,0.5,41.25,30.4,30.44,31.94,28.88,27.08,26.27,25.81,26.74,27.65,28.81,28.36,29.09,28.45
T2M,2002,0.5,41.875,30.3,30.3,31.63,28.84,27.16,26.3,25.98,26.75,27.57,28.56,28.21,29.25,28.4
T2M,2002,1.0,34.375,17.27,18.44,19.18,19.07,17.94,17.13,17.48,16.98,17.95,18.02,17.74,17.53,17.89
T2M,2002,1.0,35.0,16.16,17.59,18.6,18.21,17.23,16.78,17.17,16.41,17.45,17.11,16.5,16.5,17.14
T2M,2002,1.0,35.625,19.96,20.99,21.83,20.94,19.75,20.17,20.3,19.48,21.26,20.62,19.84,19.67,20.39
T2M,2002,1.0,36.25,23.35,24.47,25.19,24.75,23.42,23.76,23.78,23.28,25.04,24.88,24.0,23.36,24.1
T2M,2002,1.0,36.875,19.56,20.16,21.27,20.97,19.86,19.96,19.88,19.74,20.85,21.14,20.37,19.86,20.3
T2M,2002,1.0,37.5,23.69,24.19,25.39,24.36,23.21,23.05,22.99,23.5,24.46,24.77,24.11,23.33,23.92
T2M,2002,1.0,38.125,26.96,27.56,28.58,27.06,25.93,25.35,25.17,25.71,26.83,27.41,26.71,26.1,26.61
T2M,2002,1.0,38.75,28.8,29.39,30.28,28.27,27.23,26.66,26.3,26.8,27.77,28.65,28.04,27.73,27.99
T2M,2002,1.0,39.375,29.29,30.08,30.91,28.32,26.66,26.37,26.12,26.76,27.71,28.78,28.01,28.13,28.08
T2M,2002,1.0,40.0,29.56,30.35,31.64,28.55,26.05,26.16,25.84,26.67,27.76,28.96,28.25,28.44,28.17
T2M,2002,1.0,40.625,30.18,30.65,32.29,28.87,26.25,26.22,25.99,27.0,28.15,29.24,28.53,28.9,28.51
T2M,2002,1.0,41.25,30.6,30.77,32.37,29.03,27.16,26.33,25.98,27.1,28.12,29.15,28.61,29.2,28.69
T2M,2002,1.0,41.875,30.54,30.61,32.14,28.99,26.91,26.59,26.39,27.18,28.08,28.88,28.33,29.25,28.65
T2M,2002,1.5,34.375,23.0,25.07,25.02,24.72,22.8,22.29,23.0,21.48,23.27,23.05,22.76,22.43,23.23
T2M,2002,1.5,35.0,21.01,22.41,22.92,22.25,21.13,20.95,21.31,20.27,21.81,21.44,20.57,20.44,21.37
T2M,2002,1.5,35.625,24.15,25.12,25.8,25.01,24.45,23.99,24.14,23.68,25.69,25.2,24.15,23.57,24.57
T2M,2002,1.5,36.25,26.43,27.28,28.11,27.63,26.58,26.4,26.73,26.25,28.25,27.95,26.88,26.15,27.05
T2M,2002,1.5,36.875,22.14,22.72,23.79,23.14,22.36,22.24,22.19,22.23,23.33,23.61,22.67,22.19,22.72
T2M,2002,1.5,37.5,25.16,25.6,26.79,25.76,24.73,24.22,24.06,24.47,25.89,26.2,25.36,24.89,25.26
T2M,2002,1.5,38.125,27.92,28.38,29.34,27.64,27.09,26.37,26.01,26.57,27.69,28.21,27.39,26.97,27.46
T2M,2002,1.5,38.75,28.96,29.64,30.17,28.1,27.3,26.82,26.57,27.16,28.15,28.73,27.74,27.7,28.08
T2M,2002,1.5,39.375,28.81,29.86,30.91,28.2,26.53,26.28,25.97,26.72,27.79,28.7,27.81,27.95,27.95
T2M,2002,1.5,40.0,29.38,30.23,31.27,28.3,26.42,26.25,25.97,26.88,28.02,28.93,27.89,28.22,28.14
T2M,2002,1.5,40.625,29.96,30.55,32.25,28.83,26.5,26.3,26.08,27.15,28.3,29.2,28.26,28.58,28.49
T2M,2002,1.5,41.25,30.22,30.75,32.52,29.23,26.87,26.61,26.22,27.16,28.27,29.27,28.43,28.84,28.69
T2M,2002,1.5,41.875,30.54,30.58,32.26,28.92,26.43,26.57,26.43,27.33,28.19,28.84,27.67,28.55,28.52
T2M,2002,2.0,34.375,25.41,26.99,27.27,26.92,24.9,24.84,25.69,23.84,26.08,25.5,24.96,24.49,25.56
T2M,2002,2.0,35.0,23.53,24.87,25.31,24.47,23.43,23.11,23.54,22.92,24.43,24.05,23.21,22.69,23.79
T2M,2002,2.0,35.625,27.25,28.02,28.62,27.73,27.01,26.33,26.66,26.78,28.55,28.07,27.06,26.4,27.37
T2M,2002,2.0,36.25,28.83,29.57,30.35,29.75,28.75,28.52,28.96,28.93,30.61,30.28,29.2,28.43,29.34
T2M,2002,2.0,36.875,22.72,23.28,24.11,23.39,22.75,22.28,22.14,22.54,23.72,23.86,22.9,22.68,23.03
T2M,2002,2.0,37.5,26.21,26.71,27.63,26.33,25.47,24.93,24.73,25.45,26.7,26.99,26.05,25.85,26.08
T2M,2002,2.0,38.125,27.31,28.03,28.73,26.87,26.36,25.75,25.52,26.19,27.29,27.63,26.52,26.39,26.88
T2M,2002,2.0,38.75,28.37,29.32,30.01,27.7,26.96,26.41,26.1,26.82,27.97,28.44,27.4,27.44,27.74
T2M,2002,2.0,39.375,28.56,29.78,30.66,27.76,26.34,26.09,25.7,26.56,27.8,28.42,27.22,27.51,27.69
T2M,2002,2.0,40.0,28.81,29.72,30.8,27.64,26.0,25.76,25.44,26.38,27.68,28.25,26.93,27.41,27.56
T2M,2002,2.0,40.625,29.6,29.92,31.62,27.84,25.74,25.72,25.6,26.69,27.78,28.28,26.85,27.42,27.74
T2M,2002,2.0,41.25,30.07,30.37,32.27,28.62,26.44,26.29,26.04,27.08,28.24,28.87,27.64,28.12,28.33
T2M,2002,2.0,41.875,30.46,30.31,32.24,28.65,26.24,26.56,26.41,27.3,28.23,28.31,26.64,27.86,28.26
T2M,2002,2.5,34.375,24.77,26.17,26.61,26.03,24.31,24.36,24.89,23.88,25.78,24.89,24.16,23.69,24.95
T2M,2002,2.5,35.0,25.06,26.06,26.64,25.84,24.77,24.26,24.46,24.7,25.86,25.29,24.64,24.07,25.13
T2M,2002,2.5,35.625,28.02,28.91,29.29,28.52,27.38,26.73,27.2,28.09,29.13,28.55,27.95,27.17,28.07
T2M,2002,2.5,36.25,29.24,29.95,30.45,29.83,28.79,28.36,28.71,29.31,30.25,30.11,29.39,28.74,29.42
T2M,2002,2.5,36.875,25.87,26.63,26.84,25.91,24.93,24.47,24.3,25.13,26.07,26.21,25.59,25.46,25.61
T2M,2002,2.5,37.5,28.07,28.94,28.87,27.48,26.61,26.39,26.31,27.04,28.02,28.18,27.43,27.16,27.53
T2M,2002,2.5,38.125,27.02,28.12,28.12,26.13,25.46,24.95,24.76,25.41,26.56,26.82,26.0,25.84,26.25
T2M,2002,2.5,38.75,28.25,29.48,29.53,27.08,26.31,25.9,25.66,26.41,27.61,27.87,27.02,26.97,27.33
T2M,2002,2.5,39.375,28.39,29.6,29.92,27.07,25.83,25.56,25.24,26.16,27.41,27.65,26.73,27.01,27.2
T2M,2002,2.5,40.0,28.3,29.01,29.9,26.85,25.36,25.05,24.8,25.69,27.05,27.21,26.37,26.75,26.85
T2M,2002,2.5,40.625,29.0,28.97,30.79,27.35,25.54,25.36,25.23,26.14,27.3,27.37,26.43,27.08,27.21
T2M,2002,2.5,41.25,29.81,29.61,31.62,28.25,26.56,26.15,25.81,26.6,27.79,28.15,27.27,28.02,27.96
T2M,2002,2.5,41.875,29.73,29.48,31.6,28.34,26.37,26.14,25.94,26.63,27.7,27.6,26.49,27.76,27.81
T2M,2002,3.0,34.375,23.58,25.03,25.31,24.69,23.13,22.86,23.42,23.18,24.45,23.61,23.0,22.42,23.71
T2M,2002,3.0,35.0,26.21,27.29,27.7,26.91,25.58,25.12,25.24,25.96,26.74,26.26,25.92,25.29,26.18
T2M,2002,3.0,35.625,29.04,29.9,30.14,29.52,27.99,27.6,28.07,29.14,29.66,29.27,29.37,28.26,28.99
T2M,2002,3.0,36.25,29.76,30.48,30.71,30.03,28.68,28.29,28.38,29.16,29.89,29.94,29.92,29.2,29.53
T2M,2002,3.0,36.875,28.69,29.65,29.35,28.27,26.92,26.83,26.85,27.76,28.57,28.53,28.32,27.73,28.11
T2M,2002,3.0,37.5,29.11,30.05,29.44,27.97,26.97,26.94,26.99,27.64,28.58,28.56,28.22,27.73,28.17
T2M,2002,3.0,38.125,28.12,29.26,28.61,26.66,25.85,25.39,25.26,26.07,27.18,27.24,26.86,26.66,26.92
T2M,2002,3.0,38.75,28.33,29.39,28.61,26.29,25.37,25.06,25.14,25.87,27.02,26.94,26.69,26.51,26.75
T2M,2002,3.0,39.375,28.09,28.89,28.86,26.2,24.96,24.68,24.56,25.43,26.66,26.55,26.34,26.39,26.45
T2M,2002,3.0,40.0,27.77,28.1,28.94,26.19,24.77,24.46,24.38,25.2,26.55,26.31,25.93,26.16,26.22
T2M,2002,3.0,40.625,28.35,28.14,30.17,27.22,25.71,25.23,25.13,25.82,27.08,26.83,26.31,26.94,26.91
T2M,2002,3.0,41.25,29.11,28.84,31.18,28.1,26.56,26.0,25.7,26.33,27.6,27.59,26.98,27.81,27.65
T2M,2002,3.0,41.875,28.86,28.56,31.0,28.02,26.41,25.78,25.54,26.17,27.36,27.09,26.38,27.47,27.38
T2M,2002,3.5,34.375,23.73,24.98,25.29,24.54,23.23,23.01,23.07,23.35,24.03,23.61,23.03,22.56,23.69
T2M,2002,3.5,35.0,27.5,28.74,28.81,28.04,26.58,26.27,26.45,27.31,27.95,27.34,27.21,26.49,27.38
T2M,2002,3.5,35.625,29.26,30.02,30.17,29.42,27.89,27.62,28.08,28.97,29.51,28.95,29.38,28.38,28.96
T2M,2002,3.5,36.25,29.5,30.21,30.29,29.26,27.85,27.59,27.69,28.52,29.17,29.02,29.33,28.61,28.91
T2M,2002,3.5,36.875,29.24,30.27,29.52,28.29,26.7,26.85,27.04,28.09,28.84,28.33,28.65,27.94,28.3
T2M,2002,3.5,37.5,28.23,29.41,28.07,26.61,25.28,25.23,25.46,26.15,27.15,26.7,27.1,26.56,26.81
T2M,2002,3.5,38.125,27.1,28.3,27.28,25.07,23.91,23.55,23.57,24.33,25.6,25.36,25.7,25.63,25.43
T2M,2002,3.5,38.75,26.96,28.05,27.08,24.55,23.17,22.91,23.03,23.72,25.01,24.82,25.27,25.22,24.96
T2M,2002,3.5,39.375,25.79,26.51,26.41,23.96,22.49,22.17,22.25,22.93,24.36,24.12,24.02,24.15,24.08
T2M,2002,3.5,40.0,27.02,27.13,28.14,25.47,24.1,23.9,23.94,24.63,26.02,25.47,24.98,25.28,25.5
T2M,2002,3.5,40.625,27.25,26.95,29.13,26.36,24.91,24.69,24.7,25.19,26.53,25.81,25.05,25.71,26.02
T2M,2002,3.5,41.25,28.15,27.72,30.71,27.92,26.6,26.04,25.77,26.27,27.67,27.29,26.44,27.17,27.31
T2M,2002,3.5,41.875,29.11,28.75,31.8,28.85,27.71,26.99,26.74,27.28,28.62,28.02,27.02,28.09,28.25
T2M,2002,4.0,34.375,26.37,27.86,27.8,26.71,25.53,25.45,25.67,25.86,26.65,25.76,25.43,24.93,26.16
T2M,2002,4.0,35.0,28.84,30.15,29.74,28.93,27.44,27.5,27.88,28.7,29.13,28.06,28.21,27.43,28.49
T2M,2002,4.0,35.625,28.42,29.28,29.19,28.26,26.58,26.43,26.68,27.72,28.26,27.46,28.15,27.4,27.81
T2M,2002,4.0,36.25,29.92,30.67,30.6,29.34,27.82,27.65,27.71,28.62,29.2,28.78,29.42,28.84,29.04
T2M,2002,4.0,36.875,28.58,29.76,28.8,27.25,25.35,25.6,25.79,26.9,27.68,26.73,27.59,26.99,27.23
T2M,2002,4.0,37.5,28.48,29.66,28.43,26.49,24.65,24.83,25.02,25.88,26.79,26.0,27.17,26.68,26.65
T2M,2002,4.0,38.125,25.05,26.16,25.24,22.99,21.4,20.91,21.03,21.55,22.81,22.52,23.49,23.39,23.02
T2M,2002,4.0,38.75,23.29,24.12,23.62,21.73,20.23,19.57,19.71,20.36,21.65,21.29,21.51,21.76,21.55
T2M,2002,4.0,39.375,24.43,24.96,24.95,22.81,21.46,21.02,21.42,21.99,23.31,22.6,22.39,22.68,22.82
T2M,2002,4.0,40.0,26.01,26.15,26.98,24.4,23.05,22.88,23.26,23.81,25.17,24.2,23.7,24.11,24.47
T2M,2002,4.0,40.625,26.23,25.91,28.16,25.6,24.25,24.31,24.4,24.81,26.23,25.13,24.01,24.73,25.31
T2M,2002,4.0,41.25,28.03,27.49,30.65,28.01,26.82,26.51,26.41,26.85,28.31,27.49,26.11,26.94,27.47
T2M,2002,4.0,41.875,29.64,29.2,32.49,29.55,28.63,28.09,28.0,28.48,29.91,28.8,27.33,28.53,29.06
T2M,2002,4.5,34.375,28.58,30.18,29.58,28.2,27.14,27.47,28.15,28.04,28.89,27.28,27.08,26.59,28.08
T2M,2002,4.5,35.0,29.07,30.45,29.65,28.6,27.13,27.47,28.19,28.88,29.27,27.67,28.03,27.25,28.46
T2M,2002,4.5,35.625,29.18,30.06,29.57,28.54,26.75,26.83,27.01,28.34,28.78,27.5,28.38,27.61,28.2
T2M,2002,4.5,36.25,30.07,30.98,30.53,29.14,27.32,27.55,27.79,28.93,29.45,28.2,29.31,28.48,28.96
T2M,2002,4.5,36.875,29.03,29.96,29.34,27.56,25.62,25.81,25.84,26.87,27.7,26.57,27.98,27.36,27.45
T2M,2002,4.5,37.5,26.81,27.83,26.89,24.91,22.8,23.0,23.6,24.24,25.1,23.78,25.41,24.87,24.92
T2M,2002,4.5,38.125,22.88,23.72,23.54,21.48,20.01,19.55,19.8,20.22,21.37,20.63,21.39,21.21,21.3
T2M,2002,4.5,38.75,23.34,24.07,24.47,22.29,21.03,20.58,20.9,21.4,22.61,21.79,22.01,22.05,22.2
T2M,2002,4.5,39.375,25.26,25.77,26.48,23.97,22.69,22.45,22.82,23.34,24.6,23.6,23.6,23.77,24.02
T2M,2002,4.5,40.0,24.3,24.61,25.64,23.43,22.16,21.73,22.01,22.44,23.89,23.12,22.77,22.97,23.25
T2M,2002,4.5,40.625,25.69,25.51,27.62,25.28,23.96,23.91,24.19,24.55,26.03,24.76,23.77,24.44,24.97
T2M,2002,4.5,41.25,26.22,25.79,28.53,26.3,25.05,24.83,24.9,25.35,26.83,25.73,24.23,25.17,25.75
T2M,2002,4.5,41.875,29.53,29.04,32.26,29.53,28.5,28.28,28.43,28.82,30.24,28.6,27.18,28.49,29.08
T2M,2003,-0.5,34.375,23.78,24.93,26.06,24.26,22.71,22.39,22.47,23.09,25.1,25.29,24.71,23.61,24.03
T2M,2003,-0.5,35.0,20.25,21.82,23.25,21.23,19.57,18.93,18.56,19.15,20.74,21.48,20.96,20.19,20.5
T2M,2003,-0.5,35.625,15.01,16.46,17.4,16.12,14.72,14.03,13.11,13.54,14.48,15.34,15.11,14.69,14.99
T2M,2003,-0.5,36.25,16.01,17.34,17.79,16.71,15.18,14.35,13.56,13.95,14.81,15.8,15.7,15.49,15.54
T2M,2003,-0.5,36.875,16.81,18.18,18.43,17.39,15.94,14.76,14.32,14.58,15.67,16.62,16.34,16.02,16.24
T2M,2003,-0.5,37.5,20.55,22.2,22.58,21.36,19.6,18.46,18.22,18.47,19.89,20.71,20.25,19.69,20.15
T2M,2003,-0.5,38.125,24.78,26.4,26.93,25.56,23.91,23.93,23.43,23.31,24.94,25.13,23.65,23.51,24.61
T2M,2003,-0.5,38.75,27.25,28.68,29.28,27.42,25.57,25.69,25.01,24.81,26.44,26.85,25.41,25.9,26.51
T2M,2003,-0.5,39.375,28.5,29.81,30.44,28.35,26.8,25.97,25.48,25.68,27.17,27.81,26.66,27.41,27.49
T2M,2003,-0.5,40.0,28.72,30.19,30.68,28.68,27.01,25.86,25.46,25.83,27.44,28.26,27.15,27.83,27.74
T2M,2003,-0.5,40.625,29.05,30.24,30.79,28.92,26.96,25.32,24.75,25.49,27.42,28.38,26.95,27.99,27.67
T2M,2003,-0.5,41.25,29.32,30.09,30.66,29.1,27.14,25.43,25.07,25.75,27.57,28.43,27.11,28.27,27.82
T2M,2003,-0.5,41.875,28.95,29.27,30.01,29.1,27.48,26.06,25.37,25.48,27.14,28.1,27.69,28.5,27.75
T2M,2003,-1.0,34.375,21.39,23.0,24.21,22.62,20.55,20.38,20.89,21.77,23.51,24.01,23.27,22.18,22.31
T2M,2003,-1.0,35.0,19.07,20.32,21.66,19.75,17.84,16.94,16.51,17.69,18.94,20.2,20.0,19.65,19.04
T2M,2003,-1.0,35.625,18.57,19.94,20.78,18.62,16.63,15.28,14.36,15.56,16.58,18.24,18.16,18.66,17.6
T2M,2003,-1.0,36.25,17.63,19.15,19.58,18.14,15.94,14.6,13.85,14.56,15.88,17.39,17.45,17.67,16.8
T2M,2003,-1.0,36.875,18.6,20.21,20.79,19.63,17.41,16.19,16.33,16.97,18.44,19.34,18.85,18.15,18.4
T2M,2003,-1.0,37.5,21.85,23.49,24.05,22.9,20.69,19.54,19.3,19.77,21.34,22.32,21.86,21.19,21.51
T2M,2003,-1.0,38.125,24.48,25.65,25.94,24.69,23.16,22.71,22.03,21.91,23.48,23.91,22.94,23.2,23.66
T2M,2003,-1.0,38.75,27.81,28.97,29.37,27.44,25.45,25.54,24.85,24.76,26.26,26.67,25.54,26.36,26.57
T2M,2003,-1.0,39.375,29.29,30.37,30.66,28.35,26.79,25.91,25.48,25.72,27.1,27.63,26.75,27.97,27.65
T2M,2003,-1.0,40.0,29.32,30.64,30.89,28.72,27.03,25.98,25.63,25.91,27.47,28.21,27.09,28.19,27.91
T2M,2003,-1.0,40.625,28.94,30.07,30.52,28.89,26.9,25.18,24.61,25.28,27.15,28.09,26.82,28.07,27.53
T2M,2003,-1.0,41.25,28.71,29.53,30.14,29.04,27.22,25.38,24.89,25.3,27.03,27.91,26.97,28.16,27.51
T2M,2003,-1.0,41.875,27.69,27.94,28.84,28.85,27.58,26.37,25.48,25.15,26.45,27.24,27.48,27.93,27.24
T2M,2003,-1.5,34.375,21.64,23.72,25.12,23.07,20.41,20.59,21.12,22.19,23.65,24.73,23.6,22.76,22.71
T2M,2003,-1.5,35.0,20.28,22.03,23.3,20.86,18.44,17.64,17.88,19.43,20.67,21.89,21.46,21.31,20.42
T2M,2003,-1.5,35.625,18.37,19.69,20.65,18.48,16.28,14.86,14.13,15.87,17.25,18.45,18.58,18.87,17.61
T2M,2003,-1.5,36.25,22.61,24.37,24.73,22.8,19.32,18.63,18.88,19.93,21.85,22.87,22.58,22.8,21.76
T2M,2003,-1.5,36.875,19.87,21.98,22.19,20.88,18.16,17.21,17.78,18.39,20.22,20.77,20.21,19.82,19.77
T2M,2003,-1.5,37.5,21.09,22.83,23.43,22.32,19.79,18.75,18.8,19.25,20.86,21.64,21.26,20.81,20.89
T2M,2003,-1.5,38.125,24.12,25.17,25.93,24.96,23.06,22.35,21.71,21.83,23.49,24.11,23.51,23.38,23.62
T2M,2003,-1.5,38.75,27.63,28.72,29.18,27.41,25.63,25.26,24.69,24.69,26.06,26.56,25.83,26.44,26.49
T2M,2003,-1.5,39.375,29.12,30.27,30.45,28.15,26.63,25.66,25.25,25.49,26.83,27.39,26.76,27.88,27.47
T2M,2003,-1.5,40.0,29.56,30.72,30.96,28.75,26.96,25.63,25.39,25.71,27.25,27.99,27.01,28.42,27.85
T2M,2003,-1.5,40.625,29.09,30.09,30.55,29.06,27.08,25.38,24.77,25.21,26.91,27.88,27.06,28.33,27.6
T2M,2003,-1.5,41.25,28.34,29.1,29.86,29.13,27.42,25.69,25.05,25.24,26.8,27.61,26.97,28.01,27.42
T2M,2003,-1.5,41.875,26.64,26.81,27.84,28.65,27.63,26.8,25.7,24.95,25.87,26.49,27.19,27.42,26.83
T2M,2003,-1.7975103014118005e-13,34.375,22.99,24.3,25.33,23.65,22.52,22.06,21.85,22.04,23.79,23.89,23.66,22.5,23.21
T2M,2003,-1.7975103014118005e-13,35.0,20.52,22.15,23.47,21.61,20.18,19.47,19.07,19.27,20.87,21.33,20.9,19.96,20.72
T2M,2003,-1.7975103014118005e-13,35.625,15.2,17.07,17.94,16.99,15.72,15.17,14.51,14.62,15.52,16.07,15.61,14.6,15.74
T2M,2003,-1.7975103014118005e-13,36.25,17.95,19.71,20.39,19.43,17.73,17.25,16.82,16.79,18.1,18.97,18.39,17.61,18.25
T2M,2003,-1.7975103014118005e-13,36.875,17.6,19.17,19.74,19.02,17.63,16.67,16.41,16.51,17.66,18.58,17.95,17.11,17.83
T2M,2003,-1.7975103014118005e-13,37.5,17.18,18.7,19.17,18.55,17.34,16.38,16.1,16.17,17.44,18.02,17.38,16.51,17.4
T2M,2003,-1.7975103014118005e-13,38.125,25.31,26.67,27.37,26.18,24.46,24.57,24.34,24.13,25.91,25.95,24.38,24.19,25.28
T2M,2003,-1.7975103014118005e-13,38.75,27.5,28.9,29.88,28.11,26.45,26.4,25.82,25.67,27.3,27.69,26.26,26.4,27.19
T2M,2003,-1.7975103014118005e-13,39.375,28.48,29.87,30.81,28.69,27.19,26.35,25.8,26.05,27.62,28.29,27.29,27.38,27.81
T2M,2003,-1.7975103014118005e-13,40.0,28.83,30.15,31.0,29.01,27.39,26.24,25.74,26.09,27.79,28.64,27.72,27.92,28.03
T2M,2003,-1.7975103014118005e-13,40.625,29.44,30.59,31.23,28.99,27.15,25.62,25.22,25.94,27.85,28.84,27.65,28.08,28.03
T2M,2003,-1.7975103014118005e-13,41.25,29.87,30.6,31.17,28.97,27.18,25.68,25.46,26.2,27.92,28.81,27.62,28.25,28.13
T2M,2003,-1.7975103014118005e-13,41.875,29.74,30.19,30.83,28.98,27.14,25.74,25.35,25.75,27.54,28.63,27.84,28.33,27.99
T2M,2003,-2.0,34.375,22.22,24.34,25.69,23.52,20.56,20.8,21.54,22.71,24.42,25.38,24.42,23.37,23.24
T2M,2003,-2.0,35.0,20.66,22.31,23.61,21.16,18.67,17.85,18.28,19.93,21.35,22.38,21.85,21.8,20.81
T2M,2003,-2.0,35.625,18.87,20.06,20.97,19.14,16.83,15.42,14.86,16.62,18.34,19.3,19.32,19.48,18.26
T2M,2003,-2.0,36.25,25.08,26.56,27.17,25.65,21.85,21.84,21.85,23.05,25.13,25.75,25.39,25.7,24.57
T2M,2003,-2.0,36.875,20.81,22.67,23.0,21.7,18.84,18.25,18.79,19.41,20.6,21.22,20.91,21.03,20.59
T2M,2003,-2.0,37.5,22.08,23.66,24.22,23.11,20.44,19.68,19.77,20.27,21.66,22.34,22.09,21.94,21.76
T2M,2003,-2.0,38.125,24.61,25.67,26.45,25.41,23.5,22.71,22.23,22.41,23.85,24.49,24.16,24.04,24.12
T2M,2003,-2.0,38.75,27.72,28.66,29.11,27.28,25.46,24.86,24.44,24.48,25.77,26.44,25.98,26.62,26.39
T2M,2003,-2.0,39.375,28.82,29.93,30.13,27.98,26.51,25.22,24.84,25.22,26.46,27.19,26.8,27.89,27.23
T2M,2003,-2.0,40.0,29.39,30.41,30.61,28.64,27.09,25.78,25.5,25.58,26.91,27.63,27.21,28.64,27.77
T2M,2003,-2.0,40.625,28.83,29.52,30.11,29.07,27.34,25.79,25.13,25.25,26.59,27.43,27.33,28.52,27.56
T2M,2003,-2.0,41.25,27.3,27.54,28.56,28.93,27.57,26.66,25.77,25.19,26.14,26.78,27.58,27.97,27.16
T2M,2003,-2.0,41.875,26.13,26.4,27.46,28.59,27.89,27.15,25.87,24.81,25.59,26.19,27.14,27.15,26.7
T2M,2003,-2.5,34.375,21.78,23.6,24.63,23.4,20.42,20.8,21.25,22.67,24.8,25.09,24.46,23.17,23.0
T2M,2003,-2.5,35.0,19.75,21.26,22.5,21.01,18.43,17.88,18.07,19.89,21.53,22.16,21.77,21.45,20.47
T2M,2003,-2.5,35.625,21.26,22.55,23.78,22.29,19.34,18.42,18.17,20.34,22.2,22.87,22.67,22.78,21.38
T2M,2003,-2.5,36.25,24.19,25.51,26.51,25.52,21.87,21.37,21.03,22.77,24.99,25.67,25.32,25.57,24.18
T2M,2003,-2.5,36.875,21.68,23.59,24.42,23.71,20.96,20.44,20.72,21.76,23.24,23.41,22.79,22.84,22.45
T2M,2003,-2.5,37.5,22.37,24.17,24.91,23.96,21.31,20.73,21.08,21.67,22.66,23.23,23.03,22.97,22.66
T2M,2003,-2.5,38.125,24.45,25.7,26.45,25.41,23.48,22.54,22.17,22.52,23.83,24.63,24.37,24.26,24.14
T2M,2003,-2.5,38.75,27.61,28.65,29.07,27.42,25.46,24.67,24.3,24.4,25.69,26.52,26.4,26.88,26.41
T2M,2003,-2.5,39.375,28.2,29.43,29.7,27.86,26.42,24.79,24.37,24.84,25.95,26.98,26.85,27.79,26.92
T2M,2003,-2.5,40.0,28.63,29.31,29.67,28.47,27.13,25.78,25.28,25.13,26.16,26.98,27.2,28.39,27.33
T2M,2003,-2.5,40.625,27.55,27.98,28.79,28.88,27.52,26.41,25.53,25.09,25.9,26.65,27.28,28.09,27.13
T2M,2003,-2.5,41.25,26.12,26.45,27.52,28.59,27.64,27.03,25.78,24.8,25.56,26.13,27.14,27.3,26.67
T2M,2003,-2.5,41.875,26.14,26.49,27.53,28.61,28.0,27.12,25.88,24.84,25.62,26.25,27.23,27.26,26.75
T2M,2003,-3.0,34.375,21.28,22.76,24.08,23.29,20.36,20.5,20.68,22.62,24.44,24.68,24.78,23.13,22.71
T2M,2003,-3.0,35.0,19.63,21.03,22.51,21.54,18.79,18.24,18.09,20.11,21.82,22.45,22.69,22.04,20.74
T2M,2003,-3.0,35.625,16.94,17.95,19.32,18.59,16.17,14.89,14.45,15.72,17.61,18.63,19.09,18.96,17.35
T2M,2003,-3.0,36.25,21.9,23.66,25.32,24.02,20.14,19.22,18.88,20.81,22.59,23.86,24.46,24.53,22.44
T2M,2003,-3.0,36.875,21.01,22.88,24.38,23.18,19.87,18.46,17.82,19.75,21.81,23.0,23.39,23.39,21.57
T2M,2003,-3.0,37.5,17.72,19.06,19.92,19.2,17.27,15.79,15.04,16.01,17.27,18.48,18.92,18.95,17.79
T2M,2003,-3.0,38.125,24.17,25.38,25.92,25.01,23.16,21.98,21.44,21.93,23.07,24.32,24.48,24.41,23.76
T2M,2003,-3.0,38.75,27.29,28.49,28.68,27.22,25.16,24.13,23.66,23.88,25.21,26.26,26.54,26.92,26.1
T2M,2003,-3.0,39.375,28.17,29.29,29.5,27.84,26.41,24.6,24.11,24.5,25.47,26.69,26.94,27.95,26.77
T2M,2003,-3.0,40.0,27.72,28.32,28.85,28.47,27.13,26.01,25.27,24.88,25.8,26.7,27.41,28.1,27.05
T2M,2003,-3.0,40.625,26.36,26.9,27.74,28.64,27.57,26.82,25.61,24.81,25.51,26.19,27.16,27.46,26.73
T2M,2003,-3.0,41.25,26.26,26.69,27.61,28.64,27.82,27.02,25.81,24.87,25.61,26.21,27.25,27.42,26.76
T2M,2003,-3.0,41.875,26.24,26.62,27.6,28.6,28.07,27.11,25.87,24.85,25.64,26.27,27.29,27.4,26.79
T2M,2003,-3.5,34.375,22.4,23.72,25.28,24.68,21.82,21.97,22.11,23.65,25.35,25.77,26.07,24.46,23.94
T2M,2003,-3.5,35.0,21.59,22.6,24.01,23.0,20.36,19.75,19.36,20.97,22.6,23.36,23.94,23.67,22.09
T2M,2003,-3.5,35.625,20.37,21.53,22.73,21.51,18.78,17.93,17.32,18.53,20.6,21.51,22.26,22.64,20.47
T2M,2003,-3.5,36.25,22.35,23.89,25.29,23.79,20.47,19.62,19.26,20.93,22.46,23.43,24.17,24.9,22.54
T2M,2003,-3.5,36.875,23.09,24.43,25.45,23.49,20.61,19.36,18.7,20.29,21.9,22.93,23.82,25.06,22.41
T2M,2003,-3.5,37.5,25.33,26.55,27.29,25.3,22.7,21.37,20.7,22.03,23.57,24.83,25.61,26.49,24.3
T2M,2003,-3.5,38.125,23.82,25.01,25.25,23.71,21.97,20.64,19.96,20.42,21.5,22.96,23.78,23.93,22.73
T2M,2003,-3.5,38.75,26.05,26.94,27.15,25.78,24.21,22.85,22.1,22.3,23.67,24.93,25.56,26.06,24.79
T2M,2003,-3.5,39.375,27.86,28.68,28.76,27.27,25.9,24.23,23.57,23.86,24.87,26.08,26.62,27.8,26.28
T2M,2003,-3.5,40.0,27.16,27.82,28.3,28.46,27.26,26.42,25.46,24.86,25.57,26.44,27.32,27.89,26.91
T2M,2003,-3.5,40.625,26.57,27.17,27.78,28.66,27.68,26.86,25.64,24.82,25.49,26.19,27.2,27.51,26.79
T2M,2003,-3.5,41.25,26.57,27.05,27.75,28.7,27.96,27.0,25.82,24.89,25.62,26.26,27.31,27.56,26.87
T2M,2003,-3.5,41.875,26.42,26.83,27.68,28.6,28.09,27.07,25.84,24.82,25.63,26.26,27.3,27.5,26.83
T2M,2003,-4.0,34.375,22.9,23.96,25.42,24.96,22.65,22.75,22.51,24.0,25.92,26.29,26.6,24.83,24.4
T2M,2003,-4.0,35.0,21.12,22.04,23.37,22.44,20.32,19.83,19.39,20.97,22.37,23.06,23.72,23.06,21.8
T2M,2003,-4.0,35.625,20.45,21.26,22.33,21.24,19.03,18.07,17.37,18.52,20.47,21.39,22.26,22.52,20.4
T2M,2003,-4.0,36.25,22.33,23.64,24.66,23.45,20.83,19.98,19.47,20.92,22.47,23.43,24.28,24.85,22.52
T2M,2003,-4.0,36.875,22.55,23.71,24.36,23.05,20.8,19.66,19.04,20.32,21.75,22.8,23.6,24.23,22.14
T2M,2003,-4.0,37.5,24.61,25.73,26.28,24.53,22.33,21.1,20.53,21.6,23.12,24.25,24.98,25.52,23.7
T2M,2003,-4.0,38.125,25.84,26.73,26.78,24.96,23.23,21.89,21.15,21.83,22.99,24.27,25.02,25.77,24.19
T2M,2003,-4.0,38.75,26.66,27.52,27.51,25.82,24.29,22.86,22.11,22.29,23.6,24.91,25.92,26.68,25.0
T2M,2003,-4.0,39.375,28.11,28.71,28.77,27.58,26.28,24.81,24.05,24.13,25.28,26.27,27.18,28.25,26.61
T2M,2003,-4.0,40.0,26.88,27.56,27.99,28.53,27.46,26.7,25.57,24.83,25.41,26.2,27.19,27.7,26.83
T2M,2003,-4.0,40.625,26.96,27.49,27.94,28.7,27.75,26.86,25.66,24.85,25.5,26.2,27.24,27.7,26.9
T2M,2003,-4.0,41.25,26.88,27.33,27.87,28.72,28.02,26.97,25.8,24.85,25.59,26.25,27.33,27.7,26.94
T2M,2003,-4.0,41.875,26.66,27.09,27.78,28.58,28.12,27.02,25.8,24.77,25.6,26.26,27.3,27.61,26.88
T2M,2003,-4.5,34.375,22.22,23.15,24.61,23.44,21.55,21.27,20.31,21.87,24.1,24.74,25.37,23.81,23.03
T2M,2003,-4.5,35.0,20.63,21.3,22.53,21.12,19.23,18.6,17.74,19.09,21.03,21.77,22.58,22.07,20.63
T2M,2003,-4.5,35.625,20.58,21.17,22.29,20.97,19.01,18.07,17.23,18.41,20.32,21.1,22.09,22.37,20.29
T2M,2003,-4.5,36.25,22.83,23.74,24.8,23.37,21.16,20.33,19.85,21.06,22.51,23.31,24.42,24.96,22.69
T2M,2003,-4.5,36.875,22.79,23.58,24.19,22.78,20.89,19.85,19.18,20.19,21.42,22.41,23.45,24.12,22.06
T2M,2003,-4.5,37.5,24.17,25.22,25.67,23.89,21.99,20.66,19.93,20.83,22.31,23.47,24.52,25.18,23.14
T2M,2003,-4.5,38.125,24.47,25.64,25.82,24.1,22.55,20.65,19.81,20.7,22.18,23.54,24.31,25.03,23.22
T2M,2003,-4.5,38.75,26.53,27.63,27.73,26.24,24.9,23.23,22.45,22.69,23.97,25.22,26.19,27.2,25.32
T2M,2003,-4.5,39.375,27.89,28.57,28.76,28.22,27.05,25.96,25.05,24.66,25.65,26.53,27.62,28.41,27.02
T2M,2003,-4.5,40.0,27.04,27.69,28.07,28.61,27.61,26.79,25.6,24.84,25.38,26.17,27.18,27.68,26.88
T2M,2003,-4.5,40.625,27.25,27.71,28.12,28.72,27.79,26.84,25.65,24.86,25.47,26.2,27.26,27.83,26.97
T2M,2003,-4.5,41.25,27.13,27.56,27.98,28.71,28.03,26.91,25.75,24.82,25.55,26.2,27.29,27.8,26.97
T2M,2003,-4.5,41.875,26.9,27.35,27.83,28.57,28.12,26.97,25.76,24.74,25.55,26.23,27.27,27.67,26.91
T2M,2003,0.5,34.375,22.41,24.7,25.25,23.09,21.46,20.61,20.31,20.63,21.84,22.35,22.14,21.28,22.15
T2M,2003,0.5,35.0,18.93,21.3,22.0,20.3,18.76,17.94,17.43,17.51,18.78,19.13,18.7,17.84,19.03
T2M,2003,0.5,35.625,19.1,21.19,21.81,20.25,18.68,18.1,17.65,17.58,18.76,19.58,18.85,18.37,19.15
T2M,2003,0.5,36.25,21.46,23.46,23.86,22.77,21.02,20.7,20.21,19.91,21.66,22.64,21.98,21.08,21.71
T2M,2003,0.5,36.875,18.74,20.8,21.32,20.73,19.33,18.73,18.79,18.44,19.93,20.66,19.85,18.58,19.65
T2M,2003,0.5,37.5,22.36,24.05,24.62,23.72,22.11,22.24,22.29,21.76,23.46,23.6,22.46,21.66,22.85
T2M,2003,0.5,38.125,25.17,26.57,27.35,26.13,24.31,24.36,23.94,23.77,25.59,25.84,24.57,24.2,25.14
T2M,2003,0.5,38.75,27.27,28.72,29.81,28.18,26.53,26.24,25.67,25.75,27.37,27.78,26.72,26.35,27.19
T2M,2003,0.5,39.375,28.38,30.06,31.17,28.95,27.26,26.51,26.1,26.47,28.1,28.7,27.76,27.24,28.04
T2M,2003,0.5,40.0,29.02,30.66,31.54,29.17,27.37,26.39,26.07,26.55,28.33,29.08,28.22,27.76,28.33
T2M,2003,0.5,40.625,29.66,31.03,31.63,29.04,27.1,25.84,25.84,26.48,28.32,29.34,28.52,28.11,28.39
T2M,2003,0.5,41.25,30.01,30.89,31.5,29.04,27.36,25.98,25.83,26.35,28.01,29.04,28.34,28.31,28.37
T2M,2003,0.5,41.875,30.09,30.68,31.33,28.96,27.12,25.79,25.48,25.88,27.67,28.93,28.3,28.2,28.19
T2M,2003,1.0,34.375,17.98,19.99,20.81,19.04,17.74,16.83,16.41,16.53,17.75,17.97,17.69,16.82,17.95
T2M,2003,1.0,35.0,16.3,18.93,19.62,18.19,16.92,16.27,15.96,15.94,16.89,16.96,16.55,15.38,16.98
T2M,2003,1.0,35.625,19.96,22.17,22.39,20.58,19.16,18.63,18.5,18.31,20.12,20.88,19.8,19.06,19.95
T2M,2003,1.0,36.25,23.5,25.68,25.75,24.56,22.97,22.87,22.21,21.69,23.6,24.55,23.91,22.83,23.66
T2M,2003,1.0,36.875,19.45,21.38,21.86,21.28,19.88,19.67,19.35,18.9,20.17,20.81,20.29,18.94,20.15
T2M,2003,1.0,37.5,23.66,25.3,25.93,24.97,23.37,23.42,23.34,22.93,24.56,24.77,23.7,22.76,24.05
T2M,2003,1.0,38.125,26.65,28.18,29.1,27.69,26.27,26.0,25.49,25.42,27.18,27.45,26.29,25.72,26.78
T2M,2003,1.0,38.75,28.11,29.72,30.78,29.07,27.66,27.16,26.6,26.78,28.42,28.81,27.74,27.05,28.15
T2M,2003,1.0,39.375,28.42,30.5,31.4,29.1,27.35,26.67,26.41,26.83,28.49,28.97,27.88,27.13,28.25
T2M,2003,1.0,40.0,28.88,30.86,31.61,29.04,27.02,26.22,26.13,26.71,28.53,29.22,28.27,27.25,28.29
T2M,2003,1.0,40.625,29.56,31.27,31.84,29.0,26.88,25.68,26.05,26.7,28.57,29.54,28.66,27.75,28.44
T2M,2003,1.0,41.25,30.0,31.38,31.93,29.21,27.32,25.89,25.71,26.27,28.12,29.4,28.58,28.15,28.48
T2M,2003,1.0,41.875,30.13,31.17,31.78,28.93,26.82,25.55,25.72,26.28,28.03,29.37,28.75,27.99,28.36
T2M,2003,1.5,34.375,23.56,26.26,26.08,23.82,22.31,20.67,20.2,20.17,21.76,22.66,22.62,21.81,22.64
T2M,2003,1.5,35.0,20.94,23.46,23.67,21.88,20.55,19.63,19.18,18.95,20.42,21.16,20.64,19.72,20.83
T2M,2003,1.5,35.625,24.22,26.33,26.2,24.79,23.78,23.16,22.75,22.26,24.5,25.1,23.86,22.96,24.14
T2M,2003,1.5,36.25,26.61,28.58,28.48,27.52,26.32,25.99,25.4,24.82,26.8,27.52,26.58,25.51,26.66
T2M,2003,1.5,36.875,22.17,24.07,24.44,23.76,22.46,22.22,21.77,21.65,22.97,23.34,22.44,21.32,22.7
T2M,2003,1.5,37.5,25.13,26.89,27.29,26.31,24.94,24.5,24.0,23.9,25.55,26.1,25.03,24.06,25.29
T2M,2003,1.5,38.125,27.44,29.05,29.84,28.28,27.39,26.92,26.35,26.43,28.07,28.28,26.87,26.22,27.58
T2M,2003,1.5,38.75,28.03,30.18,30.96,28.88,27.59,27.14,26.84,27.08,28.71,28.92,27.33,26.62,28.18
T2M,2003,1.5,39.375,28.04,30.16,31.27,28.85,27.01,26.33,26.16,26.75,28.49,28.96,27.69,26.39,27.99
T2M,2003,1.5,40.0,28.31,30.66,31.53,28.94,26.87,26.13,26.1,26.83,28.65,29.18,27.89,26.73,28.13
T2M,2003,1.5,40.625,29.1,31.23,31.89,28.98,26.75,25.51,25.88,26.67,28.52,29.53,28.49,27.09,28.28
T2M,2003,1.5,41.25,29.62,31.46,32.13,29.02,26.72,25.47,25.89,26.42,28.16,29.65,28.92,27.61,28.4
T2M,2003,1.5,41.875,29.83,31.33,31.93,28.69,26.3,25.18,25.87,26.49,28.22,29.61,28.65,27.38,28.27
T2M,2003,2.0,34.375,25.9,28.32,27.82,26.03,24.53,23.11,22.49,22.32,24.13,25.29,24.63,23.6,24.82
T2M,2003,2.0,35.0,23.58,26.06,25.76,24.23,23.2,22.24,21.83,21.29,22.95,24.03,23.03,22.12,23.34
T2M,2003,2.0,35.625,27.32,29.33,29.07,27.78,26.86,26.15,25.92,25.43,27.35,28.15,26.8,26.09,27.17
T2M,2003,2.0,36.25,29.11,30.94,30.78,29.8,28.73,28.32,27.91,27.68,29.62,30.23,28.87,27.98,29.15
T2M,2003,2.0,36.875,22.73,24.65,24.81,23.95,22.96,22.4,22.09,22.2,23.34,23.74,22.66,21.81,23.1
T2M,2003,2.0,37.5,26.07,27.94,28.41,27.07,25.8,25.19,24.83,24.98,26.58,27.04,25.66,24.94,26.2
T2M,2003,2.0,38.125,26.67,28.69,29.54,27.63,26.65,26.1,25.83,26.07,27.65,27.76,25.94,25.35,26.98
T2M,2003,2.0,38.75,27.67,29.73,30.74,28.52,27.2,26.63,26.33,26.71,28.46,28.64,26.92,26.26,27.8
T2M,2003,2.0,39.375,27.81,30.05,31.17,28.5,26.54,25.95,25.84,26.49,28.38,28.68,27.06,25.95,27.68
T2M,2003,2.0,40.0,27.89,30.19,31.16,28.33,26.13,25.45,25.46,26.19,28.13,28.56,26.94,25.83,27.5
T2M,2003,2.0,40.625,28.56,30.87,31.41,28.11,25.83,24.72,25.26,26.18,27.85,28.83,27.33,25.77,27.54
T2M,2003,2.0,41.25,29.11,31.25,31.98,28.65,26.32,25.14,25.66,26.31,28.08,29.5,28.24,26.53,28.04
T2M,2003,2.0,41.875,29.52,31.2,31.88,28.52,26.12,24.98,25.8,26.55,28.2,29.61,28.03,26.4,28.05
T2M,2003,2.5,34.375,24.99,27.43,26.89,25.39,24.04,23.36,22.79,22.24,24.47,25.55,24.35,23.25,24.54
T2M,2003,2.5,35.0,24.93,27.27,27.02,25.63,24.73,24.06,23.96,23.26,24.92,25.87,24.62,23.7,24.98
T2M,2003,2.5,35.625,28.14,30.19,29.92,28.54,27.7,27.1,27.16,26.82,28.74,29.4,27.67,27.13,28.2
T2M,2003,2.5,36.25,29.49,31.19,31.06,29.88,29.12,28.62,28.67,28.61,30.22,30.54,29.07,28.43,29.56
T2M,2003,2.5,36.875,25.93,27.85,27.75,26.36,25.3,24.61,24.54,25.01,26.05,26.54,25.21,24.8,25.82
T2M,2003,2.5,37.5,27.75,29.88,30.05,28.19,27.0,26.53,26.59,26.87,28.28,28.54,26.8,26.43,27.73
T2M,2003,2.5,38.125,26.3,28.52,29.2,27.09,25.84,25.25,25.04,25.43,26.91,27.17,25.28,24.83,26.39
T2M,2003,2.5,38.75,27.4,29.82,30.61,28.15,26.53,26.11,25.86,26.34,28.1,28.27,26.33,25.79,27.43
T2M,2003,2.5,39.375,27.51,30.0,30.82,28.02,25.93,25.48,25.35,26.03,27.92,28.23,26.39,25.58,27.25
T2M,2003,2.5,40.0,27.35,29.63,30.54,27.66,25.45,24.74,24.77,25.4,27.37,27.96,26.24,25.19,26.84
T2M,2003,2.5,40.625,27.95,29.97,30.78,27.62,25.51,24.47,24.9,25.59,27.25,28.35,26.83,25.46,27.04
T2M,2003,2.5,41.25,28.98,30.57,31.46,28.27,26.24,25.23,25.49,25.9,27.64,29.1,27.93,26.58,27.77
T2M,2003,2.5,41.875,28.7,30.41,31.28,28.11,26.06,24.98,25.38,25.88,27.63,29.15,27.79,26.29,27.62
T2M,2003,3.0,34.375,23.41,26.13,25.57,24.01,22.65,22.45,22.42,21.65,23.63,24.72,23.23,22.24,23.49
T2M,2003,3.0,35.0,25.96,28.34,28.15,26.61,25.44,25.19,25.47,24.91,26.42,27.32,25.82,24.85,26.19
T2M,2003,3.0,35.625,29.11,31.18,30.98,29.38,28.67,28.14,28.8,28.54,30.11,30.48,28.62,28.09,29.33
T2M,2003,3.0,36.25,29.87,31.61,31.59,29.95,29.22,28.66,28.89,29.19,30.2,30.72,29.23,28.8,29.82
T2M,2003,3.0,36.875,28.48,30.61,30.5,28.67,27.52,27.06,27.32,27.94,28.86,29.34,27.51,27.15,28.4
T2M,2003,3.0,37.5,28.48,30.76,30.76,28.71,27.44,27.16,27.36,27.78,28.93,29.37,27.32,26.98,28.41
T2M,2003,3.0,38.125,27.09,29.56,30.04,27.8,26.36,25.71,25.57,26.15,27.54,28.02,26.07,25.62,27.11
T2M,2003,3.0,38.75,27.11,30.01,30.22,27.57,25.7,25.28,25.29,25.79,27.53,27.96,25.86,25.36,26.95
T2M,2003,3.0,39.375,26.99,29.6,30.1,27.32,25.17,24.68,24.57,25.21,27.15,27.76,25.79,25.01,26.59
T2M,2003,3.0,40.0,26.65,29.02,29.85,27.08,24.92,24.2,24.24,24.79,26.78,27.72,25.75,24.45,26.27
T2M,2003,3.0,40.625,27.36,29.28,30.37,27.6,25.67,24.61,24.81,25.26,26.98,28.34,26.7,25.12,26.83
T2M,2003,3.0,41.25,28.23,29.97,31.14,28.2,26.36,25.29,25.38,25.68,27.47,29.19,27.72,26.04,27.54
T2M,2003,3.0,41.875,27.62,29.61,30.77,27.9,26.1,25.04,25.02,25.35,27.25,28.98,27.5,25.7,27.22
T2M,2003,3.5,34.375,23.4,25.85,25.68,24.07,22.96,22.93,22.92,22.15,23.85,24.65,23.38,22.22,23.66
T2M,2003,3.5,35.0,27.23,29.72,29.55,27.75,26.56,26.46,26.65,26.23,27.84,28.96,27.11,26.14,27.5
T2M,2003,3.5,35.625,29.19,31.35,31.12,29.26,28.38,28.01,28.49,28.48,29.95,30.49,28.66,28.16,29.28
T2M,2003,3.5,36.25,29.42,31.29,31.11,29.31,28.3,27.88,28.1,28.47,29.56,30.19,28.59,28.29,29.2
T2M,2003,3.5,36.875,28.64,31.05,30.74,28.61,27.16,27.08,27.37,28.2,29.29,29.81,27.78,27.5,28.59
T2M,2003,3.5,37.5,27.51,29.88,29.42,27.23,25.71,25.44,25.65,26.23,27.5,28.1,26.21,26.32,27.08
T2M,2003,3.5,38.125,26.02,28.38,28.62,26.2,24.44,23.84,23.71,24.26,26.05,26.69,24.95,24.68,25.64
T2M,2003,3.5,38.75,25.84,28.38,28.47,25.72,23.68,23.12,23.01,23.43,25.48,26.35,24.58,24.25,25.17
T2M,2003,3.5,39.375,24.54,27.17,27.67,24.98,23.01,22.28,22.09,22.55,24.72,25.77,23.82,22.8,24.26
T2M,2003,3.5,40.0,25.77,28.2,29.09,26.33,24.34,23.69,23.69,24.14,26.17,27.35,25.09,23.55,25.6
T2M,2003,3.5,40.625,26.21,28.34,29.55,26.84,25.01,24.15,24.42,24.64,26.42,27.95,25.77,23.7,26.07
T2M,2003,3.5,41.25,27.12,29.08,30.68,28.14,26.57,25.54,25.47,25.64,27.47,29.31,27.42,25.15,27.29
T2M,2003,3.5,41.875,27.99,30.05,31.54,28.92,27.46,26.48,26.3,26.54,28.44,30.19,28.35,26.02,28.18
T2M,2003,4.0,34.375,25.96,28.71,28.33,26.33,25.44,25.45,25.49,24.63,26.67,27.51,25.92,24.57,26.23
T2M,2003,4.0,35.0,28.28,31.1,30.79,28.56,27.56,27.61,27.95,27.45,29.39,30.24,28.25,27.18,28.68
T2M,2003,4.0,35.625,28.07,30.44,30.2,28.16,26.98,26.75,27.05,27.27,28.7,29.37,27.69,27.21,28.14
T2M,2003,4.0,36.25,29.59,31.64,31.35,29.35,28.08,27.9,28.02,28.39,29.66,30.38,28.93,28.69,29.32
T2M,2003,4.0,36.875,27.68,30.29,29.87,27.4,25.51,25.73,25.99,26.81,28.21,28.9,27.13,26.95,27.52
T2M,2003,4.0,37.5,27.43,30.16,29.6,26.95,24.92,24.92,25.05,25.89,27.22,28.3,26.75,26.49,26.95
T2M,2003,4.0,38.125,23.92,26.53,26.44,23.8,22.02,21.09,20.84,21.44,23.02,24.51,23.12,22.57,23.25
T2M,2003,4.0,38.75,21.79,24.94,24.94,22.49,20.93,19.78,19.42,20.09,21.87,23.27,21.56,20.55,21.78
T2M,2003,4.0,39.375,22.62,25.97,26.32,23.63,22.06,21.08,21.05,21.71,23.66,24.82,22.52,21.27,23.04
T2M,2003,4.0,40.0,24.42,27.32,28.02,25.23,23.53,22.82,22.89,23.36,25.35,26.5,24.04,22.61,24.66
T2M,2003,4.0,40.625,24.97,27.31,28.65,26.13,24.63,23.93,24.12,24.3,26.08,27.43,24.93,22.79,25.43
T2M,2003,4.0,41.25,26.52,28.92,30.79,28.39,27.04,26.17,26.13,26.33,28.12,29.7,27.39,24.81,27.51
T2M,2003,4.0,41.875,28.14,30.63,32.45,29.82,28.47,27.72,27.52,27.82,29.69,31.24,29.1,26.38,29.07
T2M,2003,4.5,34.375,27.95,30.98,30.22,28.01,27.26,27.59,27.53,26.44,29.15,29.78,27.79,26.23,28.22
T2M,2003,4.5,35.0,28.18,31.28,30.9,28.24,27.29,27.5,28.03,27.55,29.75,30.33,28.32,27.16,28.69
T2M,2003,4.5,35.625,28.37,31.11,30.8,28.49,27.14,27.07,27.31,27.73,29.22,29.92,28.38,27.71,28.59
T2M,2003,4.5,36.25,29.19,31.97,31.62,29.05,27.47,27.69,27.96,28.29,29.96,30.78,29.25,28.66,29.31
T2M,2003,4.5,36.875,27.85,30.46,30.3,27.55,25.6,25.74,25.89,26.63,28.17,29.38,27.92,27.43,27.73
T2M,2003,4.5,37.5,25.29,28.53,27.9,24.99,23.0,22.91,23.28,23.98,25.52,27.02,25.19,24.68,25.17
T2M,2003,4.5,38.125,21.34,24.52,24.36,22.11,20.74,19.56,19.3,20.05,21.49,22.9,21.26,20.23,21.47
T2M,2003,4.5,38.75,21.84,24.96,25.34,22.98,21.66,20.59,20.46,21.16,22.85,24.01,21.99,20.62,22.35
T2M,2003,4.5,39.375,23.85,26.77,27.31,24.64,23.28,22.48,22.44,23.04,24.81,25.9,23.69,22.32,24.19
T2M,2003,4.5,40.0,23.03,25.72,26.39,24.05,22.81,21.89,21.64,22.0,23.9,25.03,22.93,21.53,23.39
T2M,2003,4.5,40.625,24.32,26.87,28.02,25.66,24.47,23.77,23.75,24.09,25.88,26.9,24.58,22.59,25.06
T2M,2003,4.5,41.25,24.79,27.14,28.91,26.7,25.49,24.7,24.48,24.82,26.64,27.85,25.64,23.06,25.84
T2M,2003,4.5,41.875,28.06,30.67,32.53,29.8,28.42,27.98,27.85,28.21,30.02,31.32,29.12,26.17,29.17
T2M,2004,-0.5,34.375,24.8,24.73,25.44,23.41,23.15,23.3,23.49,24.23,24.74,25.24,24.39,24.08,24.25
T2M,2004,-0.5,35.0,21.47,21.79,22.55,20.45,19.78,19.35,19.69,20.33,20.87,21.66,21.06,20.99,20.83
T2M,2004,-0.5,35.625,16.04,16.3,17.21,15.79,15.18,13.72,13.86,14.33,15.22,15.72,15.52,15.69,15.38
T2M,2004,-0.5,36.25,16.85,17.26,17.88,16.43,15.9,14.1,14.35,14.84,15.83,16.18,16.02,16.59,16.02
T2M,2004,-0.5,36.875,17.3,17.82,18.3,17.06,16.35,14.75,15.11,15.8,16.77,16.9,16.56,16.87,16.63
T2M,2004,-0.5,37.5,21.01,21.78,22.3,21.09,20.23,18.59,18.68,19.32,20.65,21.0,20.56,20.64,20.48
T2M,2004,-0.5,38.125,24.75,25.86,26.65,25.33,25.28,23.68,23.31,23.83,25.24,25.16,24.28,24.47,24.82
T2M,2004,-0.5,38.75,27.16,28.55,28.95,27.27,27.07,25.38,24.78,25.23,26.58,26.89,26.21,26.76,26.73
T2M,2004,-0.5,39.375,29.14,30.2,30.41,28.24,28.23,25.98,25.41,25.93,27.36,27.87,27.4,28.2,27.86
T2M,2004,-0.5,40.0,29.59,30.59,30.82,28.73,28.51,26.27,25.65,26.28,27.71,28.27,27.75,28.52,28.22
T2M,2004,-0.5,40.625,30.0,30.8,30.98,29.56,28.95,26.08,25.67,26.56,27.93,28.48,27.52,28.24,28.39
T2M,2004,-0.5,41.25,29.96,30.65,30.75,29.86,29.23,26.43,25.96,26.71,27.87,28.47,27.6,28.34,28.48
T2M,2004,-0.5,41.875,29.27,29.74,29.99,29.84,29.03,26.62,25.96,26.37,27.38,28.29,27.98,28.61,28.25
T2M,2004,-1.0,34.375,22.8,23.14,23.87,22.48,21.62,21.91,22.29,22.98,23.28,24.09,23.1,21.92,22.79
T2M,2004,-1.0,35.0,20.44,20.53,21.18,19.24,18.17,17.54,18.2,19.02,19.66,20.49,20.37,19.92,19.56
T2M,2004,-1.0,35.625,19.73,19.9,20.28,18.02,16.69,15.4,16.06,16.8,17.93,18.78,19.02,19.62,18.18
T2M,2004,-1.0,36.25,18.73,19.07,19.23,17.59,16.14,14.87,15.3,16.05,17.33,17.9,18.07,18.61,17.4
T2M,2004,-1.0,36.875,19.37,19.77,20.15,19.36,18.22,17.01,17.54,18.57,19.34,19.41,19.17,18.96,18.9
T2M,2004,-1.0,37.5,22.48,23.08,23.57,22.45,21.38,19.81,20.02,20.76,22.1,22.53,22.27,22.1,21.88
T2M,2004,-1.0,38.125,24.03,25.11,25.69,24.25,24.1,22.17,21.75,22.25,23.78,24.1,23.58,23.8,23.71
T2M,2004,-1.0,38.75,27.29,28.77,29.05,27.04,27.09,25.18,24.61,25.07,26.41,26.76,26.3,27.02,26.71
T2M,2004,-1.0,39.375,29.45,30.56,30.6,28.04,28.25,25.93,25.39,25.92,27.29,27.85,27.45,28.59,27.94
T2M,2004,-1.0,40.0,29.9,30.87,31.09,28.59,28.6,26.39,25.77,26.34,27.7,28.31,27.86,28.94,28.36
T2M,2004,-1.0,40.625,29.88,30.49,30.79,29.33,28.73,25.93,25.52,26.29,27.59,28.34,27.49,28.4,28.23
T2M,2004,-1.0,41.25,29.47,29.95,30.24,29.47,28.92,26.21,25.67,26.26,27.31,28.18,27.52,28.22,28.11
T2M,2004,-1.0,41.875,28.17,28.26,28.78,29.2,28.48,26.4,25.56,25.73,26.48,27.56,27.74,28.06,27.53
T2M,2004,-1.5,34.375,23.1,23.34,24.35,22.83,21.74,22.06,22.76,23.37,23.44,24.59,23.55,22.19,23.11
T2M,2004,-1.5,35.0,21.8,21.71,22.22,20.27,19.09,18.79,19.81,20.8,21.13,22.21,21.95,21.03,20.9
T2M,2004,-1.5,35.625,19.78,19.4,19.7,18.04,16.45,15.54,15.72,17.03,18.11,19.06,19.19,19.24,18.1
T2M,2004,-1.5,36.25,23.71,23.59,24.24,22.42,20.7,19.93,19.99,21.14,22.49,23.2,23.11,23.31,22.32
T2M,2004,-1.5,36.875,20.94,20.93,21.91,20.55,19.48,18.37,18.82,19.52,20.4,20.71,20.55,20.3,20.21
T2M,2004,-1.5,37.5,22.0,22.34,23.04,21.86,20.85,19.14,19.39,19.93,21.14,21.73,21.67,21.47,21.21
T2M,2004,-1.5,38.125,24.44,25.04,25.74,24.54,23.95,21.94,21.68,22.23,23.82,24.35,24.22,24.21,23.84
T2M,2004,-1.5,38.75,27.39,28.61,28.99,26.8,27.09,24.99,24.39,24.88,26.28,26.72,26.54,27.13,26.65
T2M,2004,-1.5,39.375,29.24,30.31,30.37,27.69,27.95,25.76,25.16,25.72,27.04,27.66,27.51,28.6,27.75
T2M,2004,-1.5,40.0,30.21,30.98,31.07,28.5,28.48,26.17,25.64,26.2,27.5,28.22,27.77,28.93,28.3
T2M,2004,-1.5,40.625,29.89,30.4,30.76,29.3,28.61,26.01,25.53,26.14,27.33,28.25,27.71,28.6,28.21
T2M,2004,-1.5,41.25,29.06,29.45,29.93,29.3,28.73,26.28,25.63,26.05,26.96,27.96,27.6,28.04,27.91
T2M,2004,-1.5,41.875,27.23,27.04,27.82,28.57,27.93,26.26,25.22,25.23,25.71,26.79,27.47,27.51,26.9
T2M,2004,-1.7975103014118005e-13,34.375,24.12,24.34,24.88,22.66,22.73,22.42,22.43,22.94,23.54,24.48,23.39,23.56,23.46
T2M,2004,-1.7975103014118005e-13,35.0,21.43,21.96,22.71,20.77,20.26,19.73,19.56,20.15,20.9,21.6,20.85,20.99,20.91
T2M,2004,-1.7975103014118005e-13,35.625,16.31,16.8,17.81,16.67,16.09,15.01,15.06,15.29,16.3,16.51,15.87,15.81,16.13
T2M,2004,-1.7975103014118005e-13,36.25,19.18,19.59,20.63,19.6,18.75,17.66,17.64,17.86,18.96,19.13,18.38,18.25,18.8
T2M,2004,-1.7975103014118005e-13,36.875,18.6,19.06,20.0,19.11,18.17,17.0,17.24,17.75,18.75,18.82,17.88,17.62,18.33
T2M,2004,-1.7975103014118005e-13,37.5,17.94,18.54,19.15,18.4,17.76,16.5,16.67,17.19,18.22,18.21,17.46,17.24,17.77
T2M,2004,-1.7975103014118005e-13,38.125,25.54,26.53,27.15,25.99,25.77,24.68,24.39,24.89,26.16,25.96,24.91,25.17,25.59
T2M,2004,-1.7975103014118005e-13,38.75,27.99,29.16,29.5,27.98,27.7,26.22,25.64,26.11,27.46,27.74,26.96,27.33,27.48
T2M,2004,-1.7975103014118005e-13,39.375,29.36,30.31,30.62,28.75,28.44,26.39,25.82,26.36,27.83,28.26,27.78,28.25,28.17
T2M,2004,-1.7975103014118005e-13,40.0,29.83,30.68,30.95,29.29,28.73,26.55,25.96,26.65,28.15,28.63,28.1,28.49,28.49
T2M,2004,-1.7975103014118005e-13,40.625,30.24,31.19,31.26,29.76,29.2,26.52,26.13,27.03,28.43,28.54,27.9,28.28,28.7
T2M,2004,-1.7975103014118005e-13,41.25,30.37,31.17,31.2,29.91,29.43,26.79,26.34,27.14,28.37,28.37,27.96,28.49,28.79
T2M,2004,-1.7975103014118005e-13,41.875,29.96,30.69,30.82,29.82,29.12,26.79,26.27,26.88,28.03,28.3,27.94,28.58,28.59
T2M,2004,-2.0,34.375,23.73,23.59,24.56,22.91,22.15,22.46,23.04,23.83,24.08,25.3,24.2,22.55,23.53
T2M,2004,-2.0,35.0,22.11,21.68,22.11,20.44,19.47,18.88,20.07,20.95,21.48,22.67,22.16,21.09,21.09
T2M,2004,-2.0,35.625,20.33,19.63,19.98,18.55,17.1,15.91,15.94,17.36,18.8,19.78,19.71,19.54,18.55
T2M,2004,-2.0,36.25,26.24,25.78,26.63,25.11,23.87,22.77,22.68,23.86,25.33,25.98,25.8,25.74,24.98
T2M,2004,-2.0,36.875,21.75,21.52,22.57,21.19,20.32,19.28,19.27,19.89,20.88,21.23,21.2,21.21,20.86
T2M,2004,-2.0,37.5,22.8,22.87,23.76,22.53,21.62,20.04,19.99,20.52,21.87,22.33,22.4,22.41,21.93
T2M,2004,-2.0,38.125,24.95,25.42,26.16,24.85,24.35,22.31,21.99,22.52,24.09,24.57,24.62,24.77,24.21
T2M,2004,-2.0,38.75,27.44,28.37,28.99,26.61,26.86,24.67,24.12,24.65,26.07,26.42,26.47,27.17,26.48
T2M,2004,-2.0,39.375,28.98,29.88,30.08,27.45,27.62,25.32,24.79,25.46,26.8,27.29,27.35,28.41,27.45
T2M,2004,-2.0,40.0,30.01,30.55,30.62,28.36,28.27,26.08,25.5,26.02,27.2,27.86,27.83,28.99,28.1
T2M,2004,-2.0,40.625,29.61,29.88,30.17,29.05,28.41,26.14,25.53,25.91,26.88,27.74,27.8,28.73,27.98
T2M,2004,-2.0,41.25,28.08,27.94,28.55,29.02,28.12,26.3,25.44,25.44,26.02,27.13,27.72,28.11,27.32
T2M,2004,-2.0,41.875,26.89,26.54,27.46,28.35,27.7,26.22,25.04,25.0,25.34,26.4,27.32,27.26,26.63
T2M,2004,-2.5,34.375,23.28,22.69,23.33,22.15,22.04,21.78,22.42,23.58,24.0,25.24,23.95,21.87,23.03
T2M,2004,-2.5,35.0,21.39,20.61,20.79,19.82,19.27,18.32,19.39,20.49,21.28,22.45,21.87,20.33,20.5
T2M,2004,-2.5,35.625,22.83,21.75,22.09,21.09,20.15,18.64,19.11,20.31,22.33,23.15,23.01,22.02,21.37
T2M,2004,-2.5,36.25,25.33,24.62,25.39,24.37,23.31,21.89,21.77,23.0,25.16,25.73,25.67,25.04,24.27
T2M,2004,-2.5,36.875,22.75,22.29,23.23,22.71,22.35,21.4,21.06,22.21,23.31,23.45,23.14,22.53,22.54
T2M,2004,-2.5,37.5,23.02,22.84,23.82,23.03,22.68,21.1,21.04,21.65,22.9,22.99,23.08,22.83,22.58
T2M,2004,-2.5,38.125,24.6,24.87,25.79,24.63,24.19,22.2,21.9,22.48,24.13,24.27,24.39,24.38,23.98
T2M,2004,-2.5,38.75,27.09,27.76,28.78,26.5,26.7,24.44,23.94,24.49,25.97,26.06,26.38,26.88,26.25
T2M,2004,-2.5,39.375,28.21,28.92,29.59,27.13,27.14,24.73,24.19,25.11,26.47,26.63,26.99,27.8,26.9
T2M,2004,-2.5,40.0,28.91,29.2,29.58,28.03,27.74,25.6,24.95,25.47,26.47,26.99,27.49,28.38,27.4
T2M,2004,-2.5,40.625,28.38,28.27,28.77,28.78,27.92,26.04,25.24,25.38,26.01,26.81,27.52,28.16,27.27
T2M,2004,-2.5,41.25,27.12,26.7,27.5,28.43,27.56,26.06,25.03,24.95,25.3,26.37,27.25,27.38,26.64
T2M,2004,-2.5,41.875,27.15,26.59,27.56,28.45,27.75,26.29,25.07,25.02,25.34,26.42,27.35,27.39,26.7
T2M,2004,-3.0,34.375,22.83,22.06,22.33,21.52,21.76,20.85,21.2,22.71,23.66,24.9,23.99,21.4,22.44
T2M,2004,-3.0,35.0,21.53,20.42,20.38,19.71,19.5,18.24,18.88,20.38,21.72,22.55,22.31,20.39,20.5
T2M,2004,-3.0,35.625,18.74,17.49,17.56,17.01,16.23,14.76,14.7,16.12,18.06,18.5,18.88,18.1,17.18
T2M,2004,-3.0,36.25,23.76,22.71,23.24,22.12,20.93,19.61,19.73,20.69,22.94,23.43,24.15,23.32,22.22
T2M,2004,-3.0,36.875,22.49,21.73,22.89,21.84,20.29,18.61,18.74,20.05,22.03,22.53,22.92,22.38,21.37
T2M,2004,-3.0,37.5,18.84,18.41,19.13,18.32,17.34,15.37,15.26,16.27,17.8,18.18,18.6,18.49,17.67
T2M,2004,-3.0,38.125,24.16,24.34,25.27,24.12,23.52,21.33,21.12,21.76,23.49,23.62,24.05,23.89,23.39
T2M,2004,-3.0,38.75,26.35,26.94,28.24,25.97,26.08,23.75,23.23,23.92,25.51,25.46,26.1,26.23,25.64
T2M,2004,-3.0,39.375,27.88,28.45,29.28,26.87,26.86,24.32,23.75,24.8,26.15,26.19,26.84,27.5,26.57
T2M,2004,-3.0,40.0,28.05,28.21,28.69,27.78,27.46,25.5,24.76,25.15,25.99,26.58,27.3,27.81,26.94
T2M,2004,-3.0,40.625,27.49,27.14,27.7,28.44,27.49,25.97,24.99,24.99,25.41,26.36,27.3,27.53,26.73
T2M,2004,-3.0,41.25,27.46,26.92,27.63,28.51,27.62,26.14,25.03,24.97,25.32,26.41,27.33,27.57,26.74
T2M,2004,-3.0,41.875,27.46,26.7,27.65,28.53,27.75,26.33,25.06,25.03,25.33,26.43,27.39,27.59,26.77
T2M,2004,-3.5,34.375,23.82,23.06,23.16,22.84,23.41,22.25,22.08,23.59,24.99,25.97,25.32,22.58,23.59
T2M,2004,-3.5,35.0,23.01,21.8,21.7,21.17,21.17,19.44,19.56,20.89,22.79,23.46,23.6,21.97,21.71
T2M,2004,-3.5,35.625,21.96,20.61,20.57,19.72,19.15,17.45,17.3,18.8,20.99,21.49,21.93,21.23,20.1
T2M,2004,-3.5,36.25,23.96,22.9,23.07,21.89,21.18,19.63,19.74,20.77,22.79,23.13,23.71,23.48,22.19
T2M,2004,-3.5,36.875,24.12,23.23,23.63,21.92,20.75,19.08,19.19,20.18,22.17,22.49,23.27,23.86,21.99
T2M,2004,-3.5,37.5,25.76,25.19,25.88,24.03,22.82,21.06,20.89,22.06,23.95,24.17,24.96,25.68,23.87
T2M,2004,-3.5,38.125,23.46,23.7,24.75,22.88,22.31,19.97,19.59,20.29,21.92,22.32,23.14,23.11,22.28
T2M,2004,-3.5,38.75,25.46,25.81,26.78,24.83,24.32,22.26,21.73,22.38,23.95,24.38,25.11,25.28,24.35
T2M,2004,-3.5,39.375,27.54,27.99,28.66,26.32,26.21,23.84,23.21,24.21,25.42,25.66,26.5,27.15,26.05
T2M,2004,-3.5,40.0,27.92,27.85,28.16,27.98,27.45,25.76,24.9,25.08,25.68,26.42,27.21,27.66,26.84
T2M,2004,-3.5,40.625,27.75,27.36,27.76,28.47,27.47,26.01,24.97,24.96,25.34,26.37,27.31,27.61,26.78
T2M,2004,-3.5,41.25,27.82,27.26,27.76,28.53,27.63,26.17,25.0,24.98,25.32,26.42,27.4,27.71,26.83
T2M,2004,-3.5,41.875,27.71,26.93,27.75,28.56,27.72,26.31,25.01,25.01,25.3,26.45,27.42,27.72,26.82
T2M,2004,-4.0,34.375,24.1,23.2,23.69,23.46,24.26,22.69,22.47,24.1,25.65,26.45,25.93,22.85,24.07
T2M,2004,-4.0,35.0,22.37,21.14,21.31,20.9,21.25,19.45,19.51,20.85,22.62,23.19,23.3,21.33,21.44
T2M,2004,-4.0,35.625,21.71,20.45,20.46,19.73,19.35,17.44,17.18,18.65,20.94,21.44,21.98,20.95,20.02
T2M,2004,-4.0,36.25,23.82,22.76,22.95,21.89,21.44,19.6,19.73,20.82,22.84,23.27,23.89,23.23,22.18
T2M,2004,-4.0,36.875,23.45,22.69,23.15,21.7,21.02,19.08,19.21,20.06,22.04,22.47,23.14,23.07,21.75
T2M,2004,-4.0,37.5,24.75,24.32,24.99,23.23,22.4,20.49,20.35,21.5,23.45,23.77,24.37,24.48,23.17
T2M,2004,-4.0,38.125,25.12,25.18,26.01,23.79,23.41,21.14,20.73,21.76,23.46,23.56,24.26,24.84,23.6
T2M,2004,-4.0,38.75,26.16,26.28,27.06,24.61,24.26,22.24,21.71,22.4,23.91,24.34,25.13,25.81,24.49
T2M,2004,-4.0,39.375,27.97,28.26,28.74,26.6,26.41,24.33,23.78,24.44,25.58,26.07,26.94,27.63,26.39
T2M,2004,-4.0,40.0,27.92,27.66,27.92,28.24,27.43,25.93,25.02,24.98,25.4,26.36,27.2,27.58,26.8
T2M,2004,-4.0,40.625,28.04,27.63,27.95,28.47,27.48,26.07,24.96,24.95,25.32,26.4,27.35,27.69,26.86
T2M,2004,-4.0,41.25,28.01,27.51,27.85,28.5,27.6,26.18,24.96,24.97,25.29,26.4,27.42,27.76,26.87
T2M,2004,-4.0,41.875,27.89,27.23,27.81,28.54,27.68,26.25,24.96,24.97,25.27,26.44,27.44,27.76,26.85
T2M,2004,-4.5,34.375,22.97,22.18,22.77,22.2,22.56,20.62,20.42,22.03,23.82,24.86,24.74,21.51,22.56
T2M,2004,-4.5,35.0,21.33,20.25,20.43,19.83,19.71,17.97,17.71,19.27,21.06,21.83,22.05,20.22,20.14
T2M,2004,-4.5,35.625,21.54,20.35,20.3,19.52,19.4,17.36,16.99,18.46,20.7,21.11,21.65,20.79,19.85
T2M,2004,-4.5,36.25,23.82,22.83,23.03,21.92,21.78,19.77,19.77,20.92,22.87,23.26,23.89,23.17,22.25
T2M,2004,-4.5,36.875,23.2,22.57,22.91,21.5,20.99,19.02,19.08,19.95,21.75,22.25,22.96,22.81,21.58
T2M,2004,-4.5,37.5,24.43,23.84,24.34,22.54,21.6,19.76,19.7,20.64,22.55,23.14,23.87,23.96,22.53
T2M,2004,-4.5,38.125,24.48,24.1,24.82,22.8,21.63,19.82,19.41,20.65,22.63,22.88,23.5,23.79,22.54
T2M,2004,-4.5,38.75,26.63,26.31,26.97,24.79,24.23,22.63,22.07,22.77,24.29,24.74,25.41,25.98,24.73
T2M,2004,-4.5,39.375,28.24,28.16,28.5,27.28,26.92,25.38,24.69,24.88,25.75,26.54,27.28,27.82,26.78
T2M,2004,-4.5,40.0,28.07,27.73,27.98,28.29,27.39,25.97,25.07,24.99,25.36,26.4,27.19,27.58,26.83
T2M,2004,-4.5,40.625,28.23,27.81,28.15,28.44,27.44,26.08,24.95,24.93,25.29,26.43,27.37,27.78,26.9
T2M,2004,-4.5,41.25,28.12,27.67,28.01,28.5,27.55,26.16,24.91,24.95,25.24,26.41,27.43,27.83,26.89
T2M,2004,-4.5,41.875,28.01,27.46,27.89,28.5,27.63,26.17,24.9,24.93,25.23,26.41,27.43,27.82,26.86
T2M,2004,0.5,34.375,23.01,23.99,24.37,21.75,21.64,21.08,20.95,21.33,21.95,22.88,22.1,22.75,22.31
T2M,2004,0.5,35.0,19.45,20.44,21.24,19.49,19.03,18.43,17.94,18.19,19.15,19.45,18.82,19.1,19.22
T2M,2004,0.5,35.625,20.31,21.04,21.71,19.98,19.34,18.93,18.92,18.78,20.2,20.16,18.98,19.2,19.79
T2M,2004,0.5,36.25,22.66,23.24,24.04,23.17,22.15,21.7,21.2,21.16,22.55,22.61,21.65,21.44,22.29
T2M,2004,0.5,36.875,20.06,20.68,21.5,20.91,20.04,19.46,19.34,19.36,20.58,20.55,19.5,18.85,20.07
T2M,2004,0.5,37.5,23.13,24.01,24.61,23.67,23.21,22.42,22.49,23.06,24.03,23.56,22.49,22.23,23.24
T2M,2004,0.5,38.125,25.63,26.7,27.06,25.95,25.26,24.17,23.93,24.5,25.76,25.84,24.91,25.07,25.39
T2M,2004,0.5,38.75,28.15,29.19,29.33,28.06,27.59,26.13,25.66,26.15,27.53,27.79,27.04,27.28,27.49
T2M,2004,0.5,39.375,29.52,30.6,30.81,28.97,28.52,26.74,26.25,26.79,28.28,28.52,27.85,28.05,28.4
T2M,2004,0.5,40.0,30.12,31.18,31.32,29.49,28.85,26.9,26.45,27.13,28.62,28.71,28.11,28.23,28.75
T2M,2004,0.5,40.625,30.54,31.59,31.58,29.94,29.29,27.01,26.63,27.54,28.92,28.55,28.24,28.28,29.0
T2M,2004,0.5,41.25,30.61,31.37,31.5,29.98,29.5,27.16,26.62,27.44,28.75,28.47,28.45,28.59,29.03
T2M,2004,0.5,41.875,30.42,31.16,31.28,29.84,28.99,26.94,26.51,27.23,28.48,28.32,28.11,28.49,28.81
T2M,2004,1.0,34.375,18.23,18.82,19.71,18.21,17.84,17.06,16.46,17.14,17.67,17.88,17.48,17.58,17.84
T2M,2004,1.0,35.0,17.21,18.2,19.07,17.62,17.21,16.55,16.18,16.34,17.16,16.91,16.46,16.51,17.11
T2M,2004,1.0,35.625,20.99,21.74,22.15,20.47,20.07,19.97,19.69,19.53,20.98,20.71,19.55,19.79,20.47
T2M,2004,1.0,36.25,24.44,25.06,25.71,24.74,23.9,23.73,23.13,22.89,24.48,24.41,23.45,23.19,24.09
T2M,2004,1.0,36.875,20.48,21.09,21.61,21.28,20.39,19.82,19.71,19.7,20.9,20.78,19.9,19.43,20.42
T2M,2004,1.0,37.5,24.26,25.27,25.64,24.8,24.13,23.19,23.24,23.79,24.93,24.68,23.65,23.49,24.25
T2M,2004,1.0,38.125,27.21,28.34,28.6,27.51,26.89,25.77,25.52,26.0,27.33,27.45,26.41,26.58,26.96
T2M,2004,1.0,38.75,29.03,30.23,30.19,28.82,28.52,27.11,26.67,27.17,28.56,28.7,27.72,27.97,28.38
T2M,2004,1.0,39.375,29.64,30.98,30.92,28.93,28.57,27.11,26.61,27.15,28.64,28.69,27.72,27.89,28.56
T2M,2004,1.0,40.0,30.05,31.44,31.28,29.32,28.67,26.94,26.6,27.32,28.77,28.5,27.77,27.72,28.69
T2M,2004,1.0,40.625,30.6,31.88,31.72,29.85,29.06,27.14,26.88,27.77,29.1,28.41,28.09,27.89,29.02
T2M,2004,1.0,41.25,30.89,31.87,31.92,30.07,29.19,27.15,26.94,27.75,29.06,28.59,28.37,28.22,29.16
T2M,2004,1.0,41.875,30.76,31.62,31.7,29.89,28.88,27.09,26.69,27.53,28.87,28.35,28.15,28.23,28.97
T2M,2004,1.5,34.375,23.81,25.0,25.52,22.94,22.39,21.18,21.16,21.04,22.24,22.92,22.29,22.99,22.78
T2M,2004,1.5,35.0,21.78,22.9,23.3,21.6,20.96,20.25,20.15,19.9,21.16,21.29,20.45,20.73,21.2
T2M,2004,1.5,35.625,24.87,25.91,26.13,24.76,24.43,23.96,23.65,23.65,25.18,24.98,23.84,23.95,24.6
T2M,2004,1.5,36.25,27.34,28.05,28.45,27.57,26.95,26.77,26.3,25.94,27.62,27.67,26.42,26.39,27.12
T2M,2004,1.5,36.875,22.79,23.66,24.06,23.44,22.78,22.25,22.19,22.3,23.51,23.36,22.38,22.11,22.9
T2M,2004,1.5,37.5,25.55,26.8,26.9,25.96,25.41,24.38,24.16,24.44,26.05,26.07,24.99,24.95,25.47
T2M,2004,1.5,38.125,27.92,29.27,29.21,27.83,27.78,26.69,26.33,26.84,28.24,28.23,26.96,27.3,27.71
T2M,2004,1.5,38.75,28.82,30.48,30.4,28.31,28.29,27.37,26.91,27.46,28.84,28.68,27.33,27.56,28.36
T2M,2004,1.5,39.375,29.2,30.55,30.72,28.58,28.19,26.85,26.54,27.17,28.63,28.43,27.27,27.24,28.27
T2M,2004,1.5,40.0,29.58,31.11,31.01,28.86,28.31,26.93,26.68,27.43,28.83,28.51,27.48,27.38,28.5
T2M,2004,1.5,40.625,30.36,31.87,31.7,29.62,28.72,27.09,26.91,27.77,29.05,28.29,27.78,27.35,28.86
T2M,2004,1.5,41.25,30.86,32.01,31.97,29.95,28.97,27.14,26.8,27.74,29.07,28.41,28.09,27.61,29.04
T2M,2004,1.5,41.875,30.83,31.72,31.73,29.74,28.51,26.98,26.66,27.52,28.89,28.07,27.7,27.71,28.83
T2M,2004,2.0,34.375,26.01,27.27,27.47,25.14,24.77,23.68,23.81,23.42,24.78,25.26,24.46,25.08,25.09
T2M,2004,2.0,35.0,24.15,25.39,25.54,23.81,23.35,22.59,22.64,22.4,23.5,23.82,22.95,23.11,23.6
T2M,2004,2.0,35.625,27.9,28.75,29.01,27.49,27.1,26.46,26.51,26.46,27.95,28.06,26.75,26.95,27.45
T2M,2004,2.0,36.25,29.61,30.31,30.67,29.76,29.17,29.12,28.61,28.45,30.4,30.24,28.77,28.91,29.5
T2M,2004,2.0,36.875,23.18,24.12,24.43,23.49,22.98,22.32,22.27,22.57,23.89,23.77,22.65,22.63,23.19
T2M,2004,2.0,37.5,26.51,27.7,27.82,26.41,25.92,25.13,24.94,25.42,26.96,26.94,25.74,25.95,26.28
T2M,2004,2.0,38.125,27.22,28.72,28.8,26.82,26.74,25.99,25.8,26.39,27.78,27.61,26.2,26.49,27.04
T2M,2004,2.0,38.75,28.56,29.86,29.96,27.73,27.61,26.72,26.36,27.13,28.57,28.41,27.06,27.33,27.94
T2M,2004,2.0,39.375,28.96,30.25,30.51,28.0,27.67,26.5,26.24,27.03,28.47,28.18,26.87,26.98,27.96
T2M,2004,2.0,40.0,29.12,30.48,30.54,27.96,27.39,26.28,26.0,26.93,28.28,27.92,26.7,26.72,27.85
T2M,2004,2.0,40.625,29.88,31.36,31.13,28.59,27.63,26.39,26.29,27.09,28.36,27.53,26.7,26.41,28.1
T2M,2004,2.0,41.25,30.37,31.69,31.67,29.47,28.44,26.83,26.59,27.49,28.82,28.1,27.45,27.17,28.66
T2M,2004,2.0,41.875,30.68,31.6,31.55,29.53,28.24,26.68,26.41,27.39,28.78,27.83,27.12,27.22,28.58
T2M,2004,2.5,34.375,25.54,26.64,26.9,24.54,24.38,23.88,23.96,23.18,24.61,25.0,23.91,24.35,24.74
T2M,2004,2.5,35.0,25.82,26.74,26.99,25.2,24.82,24.14,24.4,24.2,25.08,25.47,24.34,24.51,25.14
T2M,2004,2.5,35.625,28.85,29.55,29.84,28.21,27.72,27.28,27.39,27.61,28.93,28.95,27.39,27.66,28.28
T2M,2004,2.5,36.25,29.94,30.67,30.87,29.84,29.21,29.02,28.59,29.1,30.42,30.37,28.82,29.21,29.67
T2M,2004,2.5,36.875,26.28,27.28,27.38,25.88,25.26,24.56,24.6,25.22,26.47,26.38,25.1,25.58,25.83
T2M,2004,2.5,37.5,28.22,29.51,29.51,27.38,27.02,26.61,26.55,27.18,28.48,28.33,26.86,27.43,27.75
T2M,2004,2.5,38.125,27.01,28.37,28.58,26.11,25.86,25.16,25.0,25.64,27.07,26.91,25.59,26.08,26.44
T2M,2004,2.5,38.75,28.49,29.7,29.93,27.16,27.02,26.21,25.9,26.72,28.19,27.95,26.54,27.05,27.57
T2M,2004,2.5,39.375,28.79,29.95,30.23,27.3,27.0,25.93,25.74,26.56,27.97,27.7,26.29,26.8,27.52
T2M,2004,2.5,40.0,28.71,29.7,29.98,27.21,26.65,25.54,25.22,26.16,27.5,27.23,26.01,26.32,27.18
T2M,2004,2.5,40.625,29.37,30.27,30.26,27.9,27.26,25.9,25.63,26.41,27.68,27.21,26.34,26.46,27.55
T2M,2004,2.5,41.25,30.24,30.89,30.92,28.93,28.33,26.46,26.04,26.86,28.21,27.91,27.31,27.56,28.3
T2M,2004,2.5,41.875,29.91,30.74,30.81,29.07,28.0,26.23,25.75,26.66,28.08,27.59,26.88,27.22,28.07
T2M,2004,3.0,34.375,24.5,25.64,25.92,23.33,22.96,22.81,23.07,22.49,23.28,23.79,22.61,22.98,23.61
T2M,2004,3.0,35.0,27.05,28.11,28.23,26.18,25.65,25.18,25.58,25.56,26.28,26.62,25.29,25.63,26.28
T2M,2004,3.0,35.625,30.01,30.68,30.76,29.23,28.56,28.46,28.45,29.0,29.75,30.06,28.21,28.52,29.3
T2M,2004,3.0,36.25,30.48,31.31,31.17,29.84,29.21,28.72,28.51,29.33,30.25,30.43,28.9,29.45,29.8
T2M,2004,3.0,36.875,29.13,30.24,30.03,28.06,27.66,27.18,27.23,27.98,29.07,29.01,27.25,27.92,28.39
T2M,2004,3.0,37.5,29.13,30.44,30.33,27.89,27.7,27.33,27.24,27.86,29.12,28.89,27.2,28.05,28.43
T2M,2004,3.0,38.125,27.95,29.18,29.52,26.86,26.6,25.77,25.66,26.28,27.7,27.45,26.16,26.92,27.17
T2M,2004,3.0,38.75,28.26,29.56,29.69,26.5,26.32,25.69,25.42,26.12,27.58,27.27,25.81,26.7,27.07
T2M,2004,3.0,39.375,28.3,29.35,29.56,26.52,26.14,25.12,24.97,25.75,27.16,26.98,25.57,26.4,26.81
T2M,2004,3.0,40.0,28.12,28.87,29.23,26.56,26.09,24.97,24.64,25.52,26.91,26.69,25.43,25.87,26.57
T2M,2004,3.0,40.625,28.89,29.26,29.57,27.57,27.19,25.72,25.25,26.0,27.32,27.14,26.31,26.44,27.22
T2M,2004,3.0,41.25,29.66,30.01,30.33,28.61,28.12,26.24,25.7,26.47,27.85,27.79,27.09,27.25,27.92
T2M,2004,3.0,41.875,28.98,29.8,30.14,28.65,27.7,25.92,25.27,26.14,27.58,27.41,26.58,26.69,27.56
T2M,2004,3.5,34.375,24.27,25.55,26.07,23.4,23.0,22.83,23.17,22.81,23.53,23.94,22.58,22.97,23.67
T2M,2004,3.5,35.0,28.25,29.54,29.6,27.17,26.7,26.42,26.74,26.81,27.6,28.08,26.38,26.77,27.5
T2M,2004,3.5,35.625,30.2,30.96,30.8,28.98,28.45,28.29,28.32,29.04,29.75,30.03,28.05,28.55,29.28
T2M,2004,3.5,36.25,30.16,31.0,30.74,29.08,28.56,28.05,27.99,28.76,29.72,29.8,28.21,28.92,29.24
T2M,2004,3.5,36.875,29.64,30.72,30.44,28.1,27.76,27.45,27.61,28.33,29.47,29.22,27.32,28.22,28.69
T2M,2004,3.5,37.5,28.4,29.35,29.22,26.49,26.14,25.81,25.75,26.36,27.67,27.42,25.82,26.99,27.11
T2M,2004,3.5,38.125,27.1,27.86,28.16,25.33,24.94,24.14,24.0,24.72,26.15,25.93,24.76,25.92,25.75
T2M,2004,3.5,38.75,27.0,27.74,27.98,24.84,24.35,23.54,23.31,24.05,25.57,25.53,24.31,25.45,25.3
T2M,2004,3.5,39.375,25.93,26.79,27.08,24.35,23.7,22.73,22.49,23.33,24.82,24.76,23.46,24.04,24.45
T2M,2004,3.5,40.0,27.21,27.88,28.35,25.82,25.51,24.4,24.04,24.85,26.33,26.02,24.67,25.0,25.83
T2M,2004,3.5,40.625,27.61,28.05,28.64,26.59,26.52,25.16,24.57,25.3,26.68,26.36,25.22,25.15,26.32
T2M,2004,3.5,41.25,28.67,28.92,29.67,28.41,28.15,26.29,25.6,26.36,27.8,27.74,26.71,26.39,27.55
T2M,2004,3.5,41.875,29.51,29.98,30.66,29.5,28.98,27.17,26.42,27.25,28.72,28.5,27.32,27.08,28.42
T2M,2004,4.0,34.375,26.74,28.36,28.94,25.73,25.37,25.31,25.82,25.32,26.1,26.64,24.77,25.41,26.21
T2M,2004,4.0,35.0,29.42,30.87,30.9,28.0,27.67,27.73,28.1,28.03,28.98,29.29,27.12,27.64,28.64
T2M,2004,4.0,35.625,29.25,30.19,29.91,27.65,27.18,26.92,27.07,27.85,28.55,28.68,26.72,27.43,28.11
T2M,2004,4.0,36.25,30.61,31.36,31.08,29.14,28.59,28.07,28.12,28.88,29.75,29.82,28.23,29.11,29.39
T2M,2004,4.0,36.875,29.08,29.96,29.78,26.99,26.61,26.23,26.53,27.28,28.38,28.05,26.18,27.41,27.7
T2M,2004,4.0,37.5,28.73,29.57,29.4,26.37,25.95,25.37,25.46,26.2,27.46,27.32,25.73,27.1,27.05
T2M,2004,4.0,38.125,25.02,25.74,25.96,23.11,22.42,21.54,21.25,21.91,23.37,23.53,22.62,23.5,23.32
T2M,2004,4.0,38.75,23.26,24.18,24.36,21.94,21.08,20.29,19.92,20.51,22.05,22.11,21.1,21.3,21.83
T2M,2004,4.0,39.375,24.36,25.42,25.65,23.18,22.54,21.92,21.51,22.21,23.83,23.44,21.99,22.12,23.17
T2M,2004,4.0,40.0,25.94,26.81,27.3,24.77,24.49,23.68,23.26,24.0,25.54,24.95,23.45,23.71,24.82
T2M,2004,4.0,40.625,26.29,26.96,27.78,25.9,26.07,24.79,24.16,24.88,26.31,25.66,24.24,24.08,25.59
T2M,2004,4.0,41.25,28.06,28.7,29.7,28.51,28.58,26.95,26.2,26.91,28.36,27.95,26.54,25.97,27.7
T2M,2004,4.0,41.875,29.74,30.39,31.36,30.1,30.11,28.45,27.67,28.46,29.91,29.3,27.76,27.31,29.21
T2M,2004,4.5,34.375,28.82,30.54,31.15,27.22,27.3,27.79,27.88,27.21,28.25,28.77,26.15,27.42,28.2
T2M,2004,4.5,35.0,29.19,31.1,31.14,27.79,27.58,27.91,28.28,28.27,29.14,29.26,26.76,27.6,28.66
T2M,2004,4.5,35.625,29.68,30.94,30.63,27.77,27.49,27.32,27.61,28.38,28.94,28.96,26.86,27.88,28.53
T2M,2004,4.5,36.25,30.82,31.58,31.43,28.58,28.2,28.05,28.29,29.09,29.87,29.81,27.91,28.93,29.38
T2M,2004,4.5,36.875,29.55,30.09,30.14,27.21,26.77,26.23,26.52,27.34,28.42,28.18,26.75,27.8,27.91
T2M,2004,4.5,37.5,27.06,27.55,27.86,24.52,24.23,23.79,23.85,24.52,25.83,25.48,24.07,25.15,25.32
T2M,2004,4.5,38.125,22.77,23.36,24.07,21.6,21.2,20.22,19.88,20.5,21.86,21.54,20.73,20.9,21.55
T2M,2004,4.5,38.75,23.56,24.1,24.73,22.5,22.27,21.36,21.07,21.61,23.18,22.48,21.42,21.41,22.47
T2M,2004,4.5,39.375,25.45,26.21,26.61,24.25,24.17,23.24,22.91,23.53,25.16,24.39,22.98,23.2,24.34
T2M,2004,4.5,40.0,24.44,25.15,25.67,23.76,23.54,22.47,21.95,22.62,24.15,23.68,22.27,22.37,23.5
T2M,2004,4.5,40.625,25.61,26.45,27.18,25.56,25.78,24.58,23.9,24.64,26.14,25.2,23.74,23.73,25.2
T2M,2004,4.5,41.25,26.05,26.78,27.84,26.72,26.8,25.42,24.72,25.39,26.81,26.03,24.49,24.18,25.93
T2M,2004,4.5,41.875,29.41,30.18,31.3,29.86,30.21,28.84,28.06,28.77,30.17,29.15,27.43,27.18,29.21
T2M,2005,-0.5,34.375,24.09,25.41,24.75,24.56,22.74,23.1,23.2,24.19,24.8,25.29,24.89,26.05,24.42
T2M,2005,-0.5,35.0,21.31,22.81,22.41,21.83,19.75,19.61,19.38,20.22,21.01,21.59,21.55,22.68,21.17
T2M,2005,-0.5,35.625,16.77,17.76,17.66,16.83,14.93,14.54,13.82,14.54,15.16,15.69,15.95,16.54,15.84
T2M,2005,-0.5,36.25,17.4,18.05,18.05,17.18,15.57,14.85,14.18,14.85,15.47,16.03,16.55,16.96,16.25
T2M,2005,-0.5,36.875,17.62,18.51,18.58,17.92,16.58,15.45,14.91,15.4,16.24,16.8,17.11,17.35,16.86
T2M,2005,-0.5,37.5,21.34,22.52,22.74,22.02,20.72,19.35,18.74,19.0,20.12,20.84,20.8,21.28,20.78
T2M,2005,-0.5,38.125,25.22,26.58,27.21,26.83,25.36,24.34,23.56,23.54,24.87,25.18,24.52,25.51,25.22
T2M,2005,-0.5,38.75,27.81,28.95,29.45,28.82,27.0,25.89,25.08,24.97,26.44,26.78,26.61,28.1,27.15
T2M,2005,-0.5,39.375,29.33,30.26,30.61,29.91,27.24,26.36,25.45,25.64,27.18,27.79,27.99,29.61,28.1
T2M,2005,-0.5,40.0,29.75,30.55,30.9,30.35,27.23,26.43,25.49,25.9,27.42,28.28,28.36,30.0,28.37
T2M,2005,-0.5,40.625,29.81,30.43,30.74,30.58,26.79,26.16,24.9,25.81,27.49,28.68,28.11,29.84,28.26
T2M,2005,-0.5,41.25,29.68,30.18,30.47,30.55,26.9,26.42,25.09,26.04,27.5,28.71,28.16,29.74,28.27
T2M,2005,-0.5,41.875,28.91,29.19,29.72,30.26,27.48,26.96,25.63,25.91,27.12,28.28,28.37,29.17,28.07
T2M,2005,-1.0,34.375,22.19,23.7,23.16,22.69,20.93,21.28,21.79,22.98,23.33,24.05,23.6,24.63,22.86
T2M,2005,-1.0,35.0,20.14,21.42,20.75,19.68,18.23,17.68,17.55,18.83,19.55,20.25,20.43,21.74,19.68
T2M,2005,-1.0,35.625,20.38,21.33,20.16,18.71,16.9,15.78,15.32,16.6,17.76,18.27,19.03,20.48,18.38
T2M,2005,-1.0,36.25,19.05,19.96,19.5,18.11,16.47,15.09,14.47,15.58,16.73,17.63,18.08,18.66,17.43
T2M,2005,-1.0,36.875,19.44,20.8,20.92,19.85,18.72,17.38,16.89,17.7,18.96,19.51,19.31,19.52,19.07
T2M,2005,-1.0,37.5,22.74,24.04,24.19,23.34,21.97,20.4,19.98,20.3,21.62,22.29,22.36,22.97,22.17
T2M,2005,-1.0,38.125,24.67,25.77,25.94,25.55,24.22,22.91,22.16,21.93,23.45,23.87,23.6,24.84,24.06
T2M,2005,-1.0,38.75,28.26,29.14,29.18,28.6,26.84,25.72,24.97,24.7,26.27,26.56,26.56,28.43,27.09
T2M,2005,-1.0,39.375,29.89,30.59,30.53,29.81,27.05,26.4,25.46,25.56,27.13,27.65,27.91,29.98,28.15
T2M,2005,-1.0,40.0,30.34,30.95,30.94,30.35,27.22,26.56,25.66,25.92,27.43,28.19,28.44,30.41,28.52
T2M,2005,-1.0,40.625,29.83,30.35,30.45,30.38,26.67,26.08,24.78,25.64,27.22,28.36,28.09,29.8,28.12
T2M,2005,-1.0,41.25,29.19,29.65,29.94,30.19,26.86,26.21,24.82,25.53,26.94,28.17,27.95,29.29,27.88
T2M,2005,-1.0,41.875,27.71,27.83,28.59,29.53,27.61,26.94,25.59,25.49,26.29,27.33,27.83,28.02,27.39
T2M,2005,-1.5,34.375,22.41,23.96,23.24,22.49,21.57,21.62,22.29,23.46,23.69,24.55,24.08,25.57,23.24
T2M,2005,-1.5,35.0,21.23,22.58,21.59,20.35,19.4,18.85,19.01,20.51,21.36,21.96,21.96,23.51,21.02
T2M,2005,-1.5,35.625,19.8,20.85,19.61,18.35,16.98,15.64,15.34,16.65,18.07,18.54,19.11,20.04,18.23
T2M,2005,-1.5,36.25,24.34,25.07,24.36,22.36,21.13,19.8,19.51,20.62,22.13,22.89,23.23,23.95,22.43
T2M,2005,-1.5,36.875,21.26,22.39,22.24,20.77,19.85,18.56,18.35,19.15,20.2,20.63,20.65,21.06,20.41
T2M,2005,-1.5,37.5,22.12,23.43,23.51,22.45,21.36,19.79,19.31,19.6,20.92,21.39,21.61,22.23,21.46
T2M,2005,-1.5,38.125,24.9,25.87,26.12,25.57,24.41,22.9,22.18,21.98,23.52,24.06,24.0,24.93,24.19
T2M,2005,-1.5,38.75,28.3,29.0,28.91,28.27,26.72,25.52,24.84,24.54,26.09,26.46,26.56,28.4,26.95
T2M,2005,-1.5,39.375,29.87,30.49,30.2,29.42,27.12,26.15,25.41,25.34,26.91,27.39,27.8,29.91,27.99
T2M,2005,-1.5,40.0,30.46,31.03,30.83,30.2,27.0,26.33,25.42,25.72,27.25,28.02,28.27,30.47,28.4
T2M,2005,-1.5,40.625,29.79,30.31,30.4,30.32,26.88,26.31,24.96,25.54,27.0,28.09,28.27,29.88,28.13
T2M,2005,-1.5,41.25,28.67,29.17,29.64,30.0,27.15,26.36,25.03,25.47,26.71,27.86,28.0,28.97,27.74
T2M,2005,-1.5,41.875,26.64,26.65,27.64,28.86,27.83,27.03,25.66,25.16,25.57,26.51,27.31,27.11,26.83
T2M,2005,-1.7975103014118005e-13,34.375,23.76,25.41,24.61,24.28,22.41,22.75,22.55,23.33,24.11,24.44,24.4,25.72,23.97
T2M,2005,-1.7975103014118005e-13,35.0,21.44,23.08,22.88,22.45,20.14,20.13,19.78,20.38,21.05,21.67,21.51,22.5,21.41
T2M,2005,-1.7975103014118005e-13,35.625,16.68,17.7,18.63,17.98,16.0,15.69,15.14,15.62,16.0,16.78,16.38,16.17,16.56
T2M,2005,-1.7975103014118005e-13,36.25,19.14,20.16,21.16,20.3,18.43,18.04,17.56,17.87,18.3,19.31,18.98,18.79,18.99
T2M,2005,-1.7975103014118005e-13,36.875,18.47,19.51,20.28,19.75,18.51,17.64,17.22,17.52,18.12,18.93,18.67,18.44,18.58
T2M,2005,-1.7975103014118005e-13,37.5,17.68,18.89,19.59,19.28,18.22,17.2,16.67,16.94,17.55,18.3,17.86,17.74,17.99
T2M,2005,-1.7975103014118005e-13,38.125,25.56,26.82,27.89,27.44,26.05,25.24,24.5,24.63,25.8,26.03,25.07,25.69,25.89
T2M,2005,-1.7975103014118005e-13,38.75,27.91,29.29,30.35,29.55,27.71,26.65,25.9,25.91,27.33,27.67,27.41,28.34,27.82
T2M,2005,-1.7975103014118005e-13,39.375,28.88,30.21,31.14,30.25,27.74,26.7,25.83,26.1,27.63,28.3,28.47,29.53,28.38
T2M,2005,-1.7975103014118005e-13,40.0,29.14,30.34,31.33,30.58,27.74,26.76,25.79,26.24,27.81,28.78,28.76,29.82,28.58
T2M,2005,-1.7975103014118005e-13,40.625,29.5,30.42,31.25,30.74,27.46,26.7,25.47,26.39,28.01,29.23,28.64,29.94,28.63
T2M,2005,-1.7975103014118005e-13,41.25,29.82,30.43,31.07,30.7,27.43,26.97,25.66,26.68,28.06,29.27,28.67,30.06,28.72
T2M,2005,-1.7975103014118005e-13,41.875,29.46,30.0,30.54,30.52,27.64,27.15,25.9,26.47,27.78,28.97,28.77,29.76,28.57
T2M,2005,-2.0,34.375,22.64,24.2,23.49,22.49,21.91,22.05,22.74,23.95,24.42,25.12,24.71,26.33,23.67
T2M,2005,-2.0,35.0,21.34,22.66,21.66,20.41,19.56,19.07,19.18,20.93,21.82,22.23,22.32,23.62,21.23
T2M,2005,-2.0,35.625,20.04,20.85,19.96,18.49,17.35,16.17,15.67,17.23,18.79,19.08,19.81,20.29,18.63
T2M,2005,-2.0,36.25,26.7,27.43,26.56,24.56,23.77,22.86,22.35,23.67,24.98,25.55,25.87,26.41,25.05
T2M,2005,-2.0,36.875,22.19,23.16,22.7,21.05,20.48,19.45,19.3,19.58,20.71,21.05,21.19,21.89,21.05
T2M,2005,-2.0,37.5,23.12,24.17,24.11,22.79,21.93,20.58,20.22,20.32,21.66,22.06,22.23,22.94,22.17
T2M,2005,-2.0,38.125,25.52,26.26,26.47,25.61,24.64,23.22,22.57,22.38,23.81,24.39,24.42,25.3,24.54
T2M,2005,-2.0,38.75,28.42,29.04,28.78,27.73,26.56,25.2,24.66,24.38,25.85,26.31,26.46,28.25,26.79
T2M,2005,-2.0,39.375,29.65,30.21,29.79,28.81,26.9,25.78,25.13,25.15,26.67,27.2,27.64,29.55,27.69
T2M,2005,-2.0,40.0,30.14,30.73,30.33,29.81,27.23,26.43,25.58,25.63,26.99,27.74,28.23,30.14,28.23
T2M,2005,-2.0,40.625,29.28,29.75,29.87,29.97,27.28,26.51,25.25,25.49,26.59,27.63,28.19,29.44,27.92
T2M,2005,-2.0,41.25,27.41,27.57,28.44,29.3,27.88,27.07,25.67,25.39,25.9,26.81,27.68,27.87,27.24
T2M,2005,-2.0,41.875,26.15,26.15,27.27,28.57,28.0,27.1,25.73,25.0,25.27,26.14,26.99,26.77,26.59
T2M,2005,-2.5,34.375,21.89,23.56,22.88,21.87,21.26,21.59,21.99,23.66,24.3,24.81,24.42,25.51,23.14
T2M,2005,-2.5,35.0,20.54,21.35,20.75,19.37,18.75,18.51,18.52,20.42,21.42,21.82,21.92,22.62,20.49
T2M,2005,-2.5,35.625,22.72,22.94,22.34,20.23,19.65,18.89,18.7,20.47,22.08,22.19,23.09,23.11,21.36
T2M,2005,-2.5,36.25,25.83,26.35,25.48,23.17,22.4,21.8,21.42,23.06,24.48,25.16,25.54,25.71,24.19
T2M,2005,-2.5,36.875,23.37,23.89,23.82,21.85,21.78,21.1,21.05,21.85,22.76,23.3,22.91,23.11,22.56
T2M,2005,-2.5,37.5,23.58,24.26,24.48,22.67,22.28,21.39,21.3,21.48,22.57,22.99,22.96,23.43,22.77
T2M,2005,-2.5,38.125,25.26,26.03,26.22,25.06,24.27,23.01,22.52,22.47,23.79,24.36,24.22,24.99,24.34
T2M,2005,-2.5,38.75,28.19,28.8,28.53,27.1,26.44,24.98,24.55,24.44,25.68,26.32,26.42,27.89,26.6
T2M,2005,-2.5,39.375,29.06,29.64,29.19,27.88,26.61,25.3,24.8,25.0,26.3,26.98,27.23,28.87,27.22
T2M,2005,-2.5,40.0,28.88,29.48,29.31,28.96,27.26,26.22,25.45,25.3,26.32,27.15,27.73,28.95,27.57
T2M,2005,-2.5,40.625,27.74,28.07,28.61,29.31,27.75,26.8,25.62,25.28,25.86,26.77,27.58,28.1,27.28
T2M,2005,-2.5,41.25,26.27,26.4,27.38,28.64,27.96,26.94,25.62,24.94,25.2,26.06,26.95,26.93,26.61
T2M,2005,-2.5,41.875,26.24,26.29,27.34,28.63,28.03,27.16,25.78,25.03,25.31,26.18,27.1,27.01,26.67
T2M,2005,-3.0,34.375,21.08,22.73,22.28,21.31,20.62,20.89,20.92,22.69,23.89,24.24,24.61,25.44,22.56
T2M,2005,-3.0,35.0,20.54,20.8,20.62,19.26,18.39,18.33,18.15,20.21,21.35,21.87,22.71,23.19,20.45
T2M,2005,-3.0,35.625,18.36,18.01,18.05,16.66,15.52,14.73,14.36,15.67,17.16,17.89,19.17,19.15,17.05
T2M,2005,-3.0,36.25,23.82,23.87,23.66,20.93,19.85,19.38,19.05,20.76,22.17,22.74,24.55,24.67,22.11
T2M,2005,-3.0,36.875,23.08,23.1,23.54,20.71,19.44,18.38,18.1,19.89,20.85,22.08,23.41,23.6,21.34
T2M,2005,-3.0,37.5,18.87,19.29,19.55,17.89,17.08,15.87,15.18,16.01,16.92,17.97,18.62,18.98,17.68
T2M,2005,-3.0,38.125,24.63,25.38,25.69,24.35,23.52,22.21,21.71,21.89,23.03,23.91,23.99,24.59,23.73
T2M,2005,-3.0,38.75,27.62,28.26,27.97,26.34,25.84,24.36,23.97,24.03,25.11,25.98,26.1,27.41,26.07
T2M,2005,-3.0,39.375,28.7,29.3,28.8,27.43,26.33,25.07,24.57,24.84,25.94,26.76,26.99,28.61,26.93
T2M,2005,-3.0,40.0,27.93,28.41,28.55,28.36,27.27,26.16,25.4,25.05,25.83,26.65,27.46,28.14,27.09
T2M,2005,-3.0,40.625,26.66,26.9,27.72,28.83,27.88,26.79,25.62,24.9,25.24,26.09,27.04,27.15,26.73
T2M,2005,-3.0,41.25,26.46,26.74,27.55,28.74,27.99,27.03,25.68,24.97,25.27,26.13,27.06,27.19,26.73
T2M,2005,-3.0,41.875,26.38,26.6,27.43,28.67,28.04,27.16,25.79,25.03,25.31,26.2,27.14,27.22,26.75
T2M,2005,-3.5,34.375,22.17,23.49,23.16,22.19,22.06,22.43,22.21,23.67,25.15,25.27,26.05,26.91,23.73
T2M,2005,-3.5,35.0,22.15,22.27,21.88,20.61,19.84,19.77,19.25,20.83,22.37,22.78,24.06,24.77,21.71
T2M,2005,-3.5,35.625,21.71,21.41,20.76,19.16,18.21,17.71,17.09,18.36,20.05,20.88,22.36,22.88,20.04
T2M,2005,-3.5,36.25,24.16,24.18,23.28,20.97,20.19,19.72,19.2,20.71,21.99,22.81,24.17,24.97,22.18
T2M,2005,-3.5,36.875,24.91,24.89,23.79,21.18,19.9,19.14,18.66,19.94,21.21,22.22,23.62,25.11,22.03
T2M,2005,-3.5,37.5,26.55,27.02,26.27,23.49,22.37,21.33,20.84,21.89,23.05,24.19,25.18,26.4,24.03
T2M,2005,-3.5,38.125,24.15,24.94,24.75,23.09,22.19,20.86,20.29,20.37,21.51,22.44,23.17,24.15,22.65
T2M,2005,-3.5,38.75,26.23,26.86,26.63,25.29,24.48,22.91,22.4,22.49,23.56,24.57,25.14,26.3,24.73
T2M,2005,-3.5,39.375,28.12,28.64,28.07,26.92,25.8,24.6,24.01,24.24,25.22,26.08,26.57,28.1,26.35
T2M,2005,-3.5,40.0,27.49,27.83,28.27,28.42,27.55,26.35,25.54,24.95,25.5,26.26,27.22,27.77,26.92
T2M,2005,-3.5,40.625,26.86,27.2,27.92,28.88,27.9,26.81,25.64,24.87,25.22,26.06,27.06,27.3,26.8
T2M,2005,-3.5,41.25,26.76,27.18,27.78,28.84,27.97,27.03,25.69,24.97,25.3,26.17,27.11,27.4,26.84
T2M,2005,-3.5,41.875,26.53,26.99,27.57,28.75,28.01,27.11,25.76,24.99,25.29,26.19,27.11,27.32,26.8
T2M,2005,-4.0,34.375,22.7,23.83,23.58,22.97,22.91,23.03,22.43,24.19,25.58,25.84,26.66,26.98,24.22
T2M,2005,-4.0,35.0,21.58,21.72,21.31,20.45,19.89,19.71,19.13,20.69,22.15,22.64,23.84,24.23,21.44
T2M,2005,-4.0,35.625,21.4,21.18,20.45,19.27,18.42,17.85,16.99,18.28,19.82,20.8,22.29,22.72,19.95
T2M,2005,-4.0,36.25,23.79,23.94,22.9,21.13,20.5,19.95,19.16,20.58,22.02,22.93,24.26,24.81,22.15
T2M,2005,-4.0,36.875,23.91,23.97,23.08,21.24,20.29,19.49,18.84,19.84,21.18,22.2,23.44,24.18,21.79
T2M,2005,-4.0,37.5,25.45,25.89,25.08,23.08,22.12,21.07,20.59,21.46,22.63,23.72,24.65,25.7,23.44
T2M,2005,-4.0,38.125,25.89,26.67,25.89,24.16,23.38,22.06,21.63,21.88,22.97,23.88,24.54,26.07,24.07
T2M,2005,-4.0,38.75,26.76,27.55,26.77,25.06,24.35,22.85,22.48,22.51,23.53,24.44,25.44,26.93,24.87
T2M,2005,-4.0,39.375,28.21,28.7,28.19,27.29,26.15,25.1,24.42,24.51,25.42,26.24,27.04,28.26,26.62
T2M,2005,-4.0,40.0,27.2,27.48,28.17,28.71,27.82,26.53,25.6,24.85,25.28,26.05,27.04,27.43,26.84
T2M,2005,-4.0,40.625,27.15,27.55,28.14,28.98,27.91,26.81,25.65,24.86,25.24,26.09,27.07,27.46,26.9
T2M,2005,-4.0,41.25,26.98,27.47,27.99,28.93,27.93,26.96,25.66,24.9,25.27,26.14,27.1,27.46,26.89
T2M,2005,-4.0,41.875,26.7,27.28,27.77,28.81,27.97,27.02,25.7,24.94,25.25,26.17,27.06,27.4,26.83
T2M,2005,-4.5,34.375,21.87,23.38,22.64,22.2,21.98,21.36,20.3,22.05,23.64,24.33,25.41,25.82,22.91
T2M,2005,-4.5,35.0,20.64,21.15,20.49,19.64,19.12,18.5,17.48,19.05,20.45,21.35,22.55,23.16,20.29
T2M,2005,-4.5,35.625,21.16,20.91,20.3,19.21,18.45,17.76,16.83,18.18,19.63,20.6,21.98,22.55,19.79
T2M,2005,-4.5,36.25,23.68,24.0,22.85,21.47,21.0,20.23,19.39,20.68,22.07,22.95,24.31,25.01,22.29
T2M,2005,-4.5,36.875,23.5,23.93,22.69,21.28,20.57,19.67,18.94,19.73,20.98,21.94,23.3,24.13,21.71
T2M,2005,-4.5,37.5,24.86,25.3,24.27,22.56,21.67,20.48,19.94,20.59,21.88,22.91,24.21,25.38,22.82
T2M,2005,-4.5,38.125,24.82,25.66,24.83,23.22,22.21,20.6,20.26,20.84,22.07,23.09,23.88,25.23,23.04
T2M,2005,-4.5,38.75,26.92,27.7,26.99,25.39,24.7,23.13,22.84,22.91,23.94,24.84,25.8,27.28,25.19
T2M,2005,-4.5,39.375,28.07,28.54,28.47,27.85,27.09,25.92,25.2,24.91,25.58,26.35,27.41,28.23,26.96
T2M,2005,-4.5,40.0,27.24,27.62,28.29,28.81,27.93,26.61,25.6,24.87,25.28,26.06,27.03,27.41,26.89
T2M,2005,-4.5,40.625,27.3,27.81,28.26,28.95,27.91,26.76,25.63,24.83,25.23,26.1,27.1,27.54,26.94
T2M,2005,-4.5,41.25,27.11,27.67,28.12,28.94,27.91,26.85,25.61,24.84,25.24,26.1,27.15,27.5,26.91
T2M,2005,-4.5,41.875,26.86,27.46,27.95,28.85,27.96,26.93,25.61,24.9,25.2,26.13,27.09,27.48,26.86
T2M,2005,0.5,34.375,23.36,25.16,24.36,23.88,21.37,21.38,20.93,21.88,22.5,23.09,23.35,25.2,23.02
T2M,2005,0.5,35.0,19.9,21.52,21.84,21.21,18.64,18.5,17.92,18.51,18.77,19.67,19.37,20.24,19.66
T2M,2005,0.5,35.625,20.05,21.26,22.41,21.55,18.93,18.57,18.55,18.8,19.12,20.39,19.74,19.53,19.9
T2M,2005,0.5,36.25,22.22,23.48,24.67,23.79,21.69,21.27,20.99,21.23,21.38,22.9,22.27,22.02,22.32
T2M,2005,0.5,36.875,19.28,20.7,22.03,21.57,20.47,19.62,19.32,19.47,19.74,20.88,20.06,19.56,20.22
T2M,2005,0.5,37.5,22.64,24.09,25.36,24.66,23.73,22.89,22.57,22.79,23.22,23.95,22.86,22.79,23.46
T2M,2005,0.5,38.125,25.34,26.54,28.16,27.24,25.85,24.68,24.05,24.28,25.55,25.85,25.16,25.29,25.66
T2M,2005,0.5,38.75,27.51,28.9,30.57,29.51,27.71,26.5,25.82,25.99,27.37,27.76,27.54,27.98,27.75
T2M,2005,0.5,39.375,28.61,30.25,31.67,30.45,28.07,26.86,26.17,26.59,28.09,28.76,28.67,29.5,28.63
T2M,2005,0.5,40.0,28.99,30.58,31.88,30.8,28.18,27.03,26.19,26.78,28.35,29.29,29.05,29.87,28.9
T2M,2005,0.5,40.625,29.3,30.54,31.79,30.94,28.37,27.45,26.34,27.1,28.59,29.8,29.31,29.98,29.11
T2M,2005,0.5,41.25,29.53,30.34,31.48,30.81,28.33,27.68,26.43,27.19,28.5,29.73,29.36,30.15,29.12
T2M,2005,0.5,41.875,29.5,30.31,31.14,30.74,28.24,27.6,26.48,27.0,28.25,29.47,29.3,29.97,28.99
T2M,2005,1.0,34.375,17.99,19.61,20.01,19.61,17.53,17.3,16.56,17.41,17.68,18.16,17.95,18.76,18.2
T2M,2005,1.0,35.0,17.35,18.9,19.86,19.01,16.79,16.57,16.14,16.73,16.62,17.27,16.77,17.05,17.41
T2M,2005,1.0,35.625,20.43,21.9,22.98,21.97,19.3,18.86,19.02,19.36,19.7,20.94,20.32,20.11,20.4
T2M,2005,1.0,36.25,23.91,25.22,26.53,25.53,23.53,23.08,22.73,23.08,23.16,24.75,24.24,23.93,24.13
T2M,2005,1.0,36.875,19.67,20.96,22.41,22.15,21.22,20.02,19.68,19.86,20.1,21.04,20.46,19.8,20.61
T2M,2005,1.0,37.5,23.69,24.99,26.65,25.95,24.92,23.79,23.5,23.72,24.41,24.92,24.12,23.97,24.55
T2M,2005,1.0,38.125,26.7,27.97,29.95,28.95,27.51,26.24,25.75,25.91,27.2,27.46,26.86,27.03,27.29
T2M,2005,1.0,38.75,28.19,29.73,31.64,30.41,28.74,27.48,26.85,27.08,28.41,28.82,28.45,28.99,28.72
T2M,2005,1.0,39.375,28.59,30.44,32.03,30.6,28.33,27.03,26.55,27.0,28.46,29.09,28.77,29.58,28.86
T2M,2005,1.0,40.0,28.75,30.56,32.02,30.77,28.31,27.1,26.34,27.03,28.55,29.47,29.09,29.69,28.96
T2M,2005,1.0,40.625,29.12,30.69,32.05,31.0,28.75,27.78,26.77,27.47,28.85,30.03,29.55,29.9,29.32
T2M,2005,1.0,41.25,29.29,30.66,31.96,31.07,28.82,28.05,26.97,27.59,28.86,30.09,29.73,30.14,29.43
T2M,2005,1.0,41.875,29.63,30.7,31.7,31.16,28.81,27.93,26.93,27.37,28.63,29.87,29.66,29.95,29.35
T2M,2005,1.5,34.375,23.66,25.44,25.59,24.82,21.7,21.98,20.75,21.63,22.11,23.29,23.1,24.07,23.16
T2M,2005,1.5,35.0,21.44,23.06,23.96,22.99,20.36,20.25,19.8,20.14,20.29,21.67,21.07,21.26,21.35
T2M,2005,1.5,35.625,24.52,25.78,27.04,26.0,23.25,22.94,22.92,23.37,23.7,25.31,24.45,24.18,24.45
T2M,2005,1.5,36.25,26.77,27.91,29.39,28.41,26.26,25.76,25.47,25.92,26.19,27.79,27.27,26.61,26.97
T2M,2005,1.5,36.875,22.21,23.49,24.93,24.43,23.56,22.55,22.11,22.46,23.09,23.57,22.9,22.56,23.15
T2M,2005,1.5,37.5,25.06,26.28,28.01,27.24,26.19,24.8,24.4,24.66,25.65,26.15,25.57,25.29,25.77
T2M,2005,1.5,38.125,27.42,28.71,30.84,29.66,28.43,27.23,26.77,26.92,28.21,28.39,27.65,27.93,28.18
T2M,2005,1.5,38.75,28.3,29.89,32.03,30.36,28.7,27.7,27.15,27.43,28.72,28.99,28.24,29.13,28.88
T2M,2005,1.5,39.375,28.1,29.95,31.99,30.47,28.27,26.96,26.45,27.01,28.5,29.08,28.55,29.12,28.69
T2M,2005,1.5,40.0,28.43,30.33,32.05,30.58,28.29,27.07,26.5,27.22,28.69,29.46,28.87,29.43,28.9
T2M,2005,1.5,40.625,28.83,30.59,32.18,31.01,28.79,27.82,26.94,27.55,28.86,30.0,29.53,29.67,29.3
T2M,2005,1.5,41.25,29.35,30.75,32.25,31.37,29.11,28.13,27.07,27.64,28.91,30.1,29.78,29.93,29.52
T2M,2005,1.5,41.875,29.65,30.8,31.93,31.26,28.91,27.88,26.99,27.37,28.66,29.91,29.57,29.7,29.37
T2M,2005,2.0,34.375,25.91,27.24,28.06,26.99,23.97,24.16,22.94,23.9,24.16,25.69,25.38,25.89,25.34
T2M,2005,2.0,35.0,23.8,25.3,26.33,25.17,22.68,22.41,21.93,22.53,22.63,24.07,23.71,23.82,23.69
T2M,2005,2.0,35.625,27.29,28.56,29.91,28.7,26.13,25.49,25.49,26.09,26.4,28.04,27.74,27.25,27.25
T2M,2005,2.0,36.25,28.88,30.12,31.71,30.54,28.49,27.87,27.73,28.37,28.95,30.46,29.77,28.95,29.31
T2M,2005,2.0,36.875,22.62,23.84,25.35,24.47,23.73,22.54,22.25,22.61,23.53,23.91,23.27,22.97,23.42
T2M,2005,2.0,37.5,25.95,27.23,29.14,27.91,26.93,25.56,25.23,25.57,26.7,27.1,26.36,26.35,26.66
T2M,2005,2.0,38.125,26.86,28.28,30.65,28.89,27.61,26.56,26.2,26.46,27.72,27.85,26.83,27.31,27.6
T2M,2005,2.0,38.75,27.88,29.47,31.81,29.92,28.23,27.2,26.63,27.12,28.48,28.75,27.89,28.44,28.48
T2M,2005,2.0,39.375,28.03,29.86,31.79,30.14,27.94,26.65,26.14,26.83,28.37,28.89,28.18,28.52,28.43
T2M,2005,2.0,40.0,28.19,29.85,31.55,29.97,27.68,26.44,25.92,26.66,28.2,28.87,28.2,28.48,28.32
T2M,2005,2.0,40.625,28.67,30.2,31.38,30.33,27.92,27.04,26.37,26.89,28.23,29.27,28.65,28.69,28.62
T2M,2005,2.0,41.25,29.13,30.66,31.84,31.03,28.72,27.84,26.92,27.41,28.71,29.83,29.37,29.25,29.21
T2M,2005,2.0,41.875,29.61,30.64,31.57,31.13,28.57,27.46,26.76,27.25,28.58,29.8,29.33,29.21,29.15
T2M,2005,2.5,34.375,24.96,26.43,27.5,26.32,23.35,23.64,22.79,23.95,23.96,25.59,24.97,25.14,24.87
T2M,2005,2.5,35.0,25.0,26.4,27.78,26.43,24.11,23.53,23.38,24.25,24.27,25.59,25.39,25.11,25.09
T2M,2005,2.5,35.625,27.89,29.27,30.65,29.2,26.98,25.91,26.14,27.17,27.38,29.13,28.7,28.16,28.04
T2M,2005,2.5,36.25,29.11,30.27,31.89,30.5,28.98,28.08,28.06,29.05,29.56,30.58,29.94,29.31,29.61
T2M,2005,2.5,36.875,25.55,26.85,28.28,26.96,26.03,24.84,24.59,25.21,26.2,26.57,26.04,26.03,26.09
T2M,2005,2.5,37.5,27.64,29.13,30.85,29.04,27.94,26.95,26.77,27.24,28.27,28.57,27.77,28.12,28.19
T2M,2005,2.5,38.125,26.52,28.21,30.17,28.13,26.58,25.46,25.13,25.64,26.93,27.19,26.22,26.71,26.9
T2M,2005,2.5,38.75,27.78,29.56,31.49,29.32,27.45,26.46,25.99,26.66,28.07,28.4,27.37,27.9,28.03
T2M,2005,2.5,39.375,27.88,29.79,31.18,29.44,27.16,26.01,25.55,26.37,27.88,28.39,27.48,27.95,27.91
T2M,2005,2.5,40.0,27.76,29.32,30.59,29.18,26.73,25.6,25.14,25.89,27.44,28.15,27.33,27.61,27.55
T2M,2005,2.5,40.625,28.21,29.49,30.45,29.7,27.22,26.39,25.78,26.28,27.59,28.63,27.95,27.91,27.95
T2M,2005,2.5,41.25,29.02,30.2,31.14,30.5,28.15,27.35,26.34,26.81,28.13,29.2,28.89,28.8,28.7
T2M,2005,2.5,41.875,28.75,30.04,30.86,30.53,27.96,26.96,26.11,26.57,27.91,29.04,28.84,28.51,28.49
T2M,2005,3.0,34.375,23.45,25.2,26.42,25.12,22.24,21.94,21.98,23.11,23.1,24.41,23.81,24.01,23.72
T2M,2005,3.0,35.0,25.89,27.49,28.97,27.45,25.14,24.32,24.59,25.55,25.69,26.86,26.64,26.39,26.24
T2M,2005,3.0,35.625,28.71,30.06,31.68,29.92,28.04,26.95,27.47,28.78,28.93,30.16,29.81,29.12,29.13
T2M,2005,3.0,36.25,29.34,30.54,32.27,30.61,29.39,28.54,28.49,29.37,29.93,30.54,30.23,29.79,29.92
T2M,2005,3.0,36.875,28.06,29.57,31.28,29.29,28.16,27.27,27.24,28.01,28.87,29.21,28.64,28.67,28.68
T2M,2005,3.0,37.5,28.47,30.06,31.72,29.46,28.12,27.35,27.32,27.9,28.96,29.3,28.34,28.85,28.81
T2M,2005,3.0,38.125,27.44,29.3,30.83,28.53,26.71,25.73,25.43,26.28,27.58,27.98,26.78,27.59,27.5
T2M,2005,3.0,38.75,27.77,29.47,30.77,28.42,26.19,25.43,25.19,26.11,27.45,27.92,26.58,27.72,27.41
T2M,2005,3.0,39.375,27.48,29.21,30.25,28.39,25.89,25.04,24.65,25.6,27.05,27.64,26.46,27.29,27.07
T2M,2005,3.0,40.0,27.11,28.62,29.65,28.35,25.68,24.87,24.5,25.34,26.8,27.61,26.41,26.73,26.79
T2M,2005,3.0,40.625,27.6,28.85,30.1,29.29,26.82,26.08,25.41,25.93,27.21,28.24,27.39,27.18,27.5
T2M,2005,3.0,41.25,28.23,29.6,30.81,30.23,27.67,26.98,25.98,26.45,27.77,28.85,28.41,27.9,28.23
T2M,2005,3.0,41.875,27.54,29.31,30.33,30.1,27.48,26.53,25.58,26.1,27.41,28.47,28.28,27.46,27.87
T2M,2005,3.5,34.375,23.15,25.04,26.56,25.3,22.67,22.36,22.32,23.21,23.29,24.37,23.75,23.95,23.82
T2M,2005,3.5,35.0,26.9,28.78,30.32,28.72,26.34,25.66,25.8,26.84,26.92,28.3,27.96,27.84,27.52
T2M,2005,3.5,35.625,28.64,30.11,31.82,29.91,28.15,27.25,27.54,28.98,28.89,30.08,29.9,29.21,29.2
T2M,2005,3.5,36.25,28.91,30.14,31.86,29.97,28.67,27.81,27.72,28.75,29.3,29.96,29.64,29.38,29.34
T2M,2005,3.5,36.875,28.29,29.7,31.65,29.33,27.94,27.26,27.32,28.38,29.21,29.6,28.94,29.18,28.9
T2M,2005,3.5,37.5,27.54,28.96,30.22,27.84,26.24,25.48,25.55,26.39,27.45,27.86,27.17,28.12,27.39
T2M,2005,3.5,38.125,26.35,28.11,29.16,26.7,24.51,23.69,23.57,24.49,25.99,26.43,25.48,26.54,25.91
T2M,2005,3.5,38.75,26.37,28.06,28.84,26.3,23.6,22.95,22.88,23.83,25.33,25.9,25.02,26.33,25.44
T2M,2005,3.5,39.375,25.09,26.74,27.66,25.74,23.01,22.25,22.05,23.02,24.54,25.29,24.05,24.8,24.51
T2M,2005,3.5,40.0,26.23,27.71,28.81,27.42,24.71,24.2,23.83,24.74,26.14,26.98,25.47,25.7,25.98
T2M,2005,3.5,40.625,26.48,27.77,29.13,28.35,25.77,25.36,24.74,25.27,26.51,27.54,26.24,25.94,26.58
T2M,2005,3.5,41.25,27.05,28.65,30.32,29.89,27.43,26.9,25.88,26.35,27.65,28.8,27.94,26.85,27.8
T2M,2005,3.5,41.875,27.72,29.65,31.09,30.96,28.52,27.69,26.73,27.23,28.52,29.59,29.03,27.77,28.7
T2M,2005,4.0,34.375,25.64,28.05,29.34,27.98,25.13,24.91,24.59,25.76,25.76,27.23,26.32,26.96,26.46
T2M,2005,4.0,35.0,27.86,30.09,31.49,29.85,27.42,26.93,27.0,28.31,28.29,29.63,29.05,29.28,28.76
T2M,2005,4.0,35.625,27.38,29.14,30.71,28.84,27.08,26.27,26.38,27.72,27.83,28.86,28.73,28.44,28.11
T2M,2005,4.0,36.25,29.04,30.47,31.95,30.05,28.67,27.86,27.73,28.8,29.33,30.02,29.91,29.8,29.46
T2M,2005,4.0,36.875,27.46,29.07,30.55,28.2,26.46,25.87,25.93,27.17,28.02,28.5,28.2,28.67,27.83
T2M,2005,4.0,37.5,27.59,29.26,30.18,27.68,25.54,24.93,24.95,26.12,27.21,27.64,27.49,28.33,27.23
T2M,2005,4.0,38.125,24.48,26.15,26.65,24.41,21.62,20.75,20.65,21.72,23.01,23.68,23.39,24.53,23.4
T2M,2005,4.0,38.75,22.72,24.22,24.96,23.21,20.45,19.39,19.18,20.42,21.78,22.42,21.6,22.49,21.89
T2M,2005,4.0,39.375,23.51,25.21,26.07,24.39,21.63,20.8,20.83,22.07,23.53,24.1,22.48,23.28,23.15
T2M,2005,4.0,40.0,25.02,26.72,27.5,26.21,23.5,23.02,22.82,23.89,25.3,25.95,24.31,24.74,24.9
T2M,2005,4.0,40.625,25.2,26.75,28.01,27.41,25.0,24.78,24.24,24.85,26.07,27.06,25.43,24.83,25.79
T2M,2005,4.0,41.25,26.51,28.5,30.17,29.84,27.71,27.33,26.47,26.94,28.2,29.35,27.94,26.6,27.95
T2M,2005,4.0,41.875,27.82,30.2,31.95,31.6,29.37,28.79,27.98,28.46,29.7,30.7,29.75,28.27,29.54
T2M,2005,4.5,34.375,27.64,30.39,31.35,29.98,26.66,27.16,26.57,28.0,28.06,29.5,28.39,29.37,28.58
T2M,2005,4.5,35.0,27.6,30.19,31.46,29.78,27.28,27.03,27.2,28.57,28.84,29.86,29.06,29.63,28.87
T2M,2005,4.5,35.625,27.64,29.66,31.04,29.1,27.3,26.78,26.79,28.2,28.49,29.32,29.19,29.2,28.55
T2M,2005,4.5,36.25,28.81,30.76,31.82,29.81,28.09,27.61,27.68,29.04,29.38,30.15,30.21,30.09,29.45
T2M,2005,4.5,36.875,27.89,29.52,30.46,28.4,26.48,25.86,25.88,27.15,27.97,28.59,28.72,28.81,27.97
T2M,2005,4.5,37.5,26.05,27.52,28.01,26.08,23.36,22.85,23.12,24.52,25.39,25.91,25.87,26.34,25.41
T2M,2005,4.5,38.125,22.12,23.74,24.24,22.9,20.08,19.14,18.97,20.31,21.56,21.89,21.4,22.0,21.51
T2M,2005,4.5,38.75,22.61,24.16,25.14,23.82,21.05,20.05,20.03,21.49,22.83,23.2,22.09,22.11,22.37
T2M,2005,4.5,39.375,24.27,26.08,26.98,25.54,22.72,22.13,22.02,23.39,24.77,25.3,23.81,23.88,24.23
T2M,2005,4.5,40.0,23.36,25.07,26.03,24.86,22.3,21.66,21.38,22.44,23.81,24.49,23.14,23.05,23.45
T2M,2005,4.5,40.625,24.5,26.3,27.34,26.66,24.69,24.3,23.8,24.57,25.79,26.66,24.99,24.3,25.32
T2M,2005,4.5,41.25,24.69,26.72,28.3,27.81,25.93,25.58,24.7,25.37,26.6,27.59,26.08,24.82,26.17
T2M,2005,4.5,41.875,27.73,30.12,32.15,31.36,29.2,28.92,28.31,28.82,29.96,30.82,29.69,28.14,29.59
T2M,2006,-0.5,34.375,26.44,25.87,24.26,23.21,22.5,22.78,23.32,24.18,25.19,25.58,22.7,21.61,23.96
T2M,2006,-0.5,35.0,23.25,23.56,21.61,20.23,19.66,19.22,19.46,20.2,20.92,21.91,19.48,19.06,20.7
T2M,2006,-0.5,35.625,16.94,17.99,16.89,15.53,15.11,14.41,14.15,14.38,14.97,16.06,14.67,14.68,15.47
T2M,2006,-0.5,36.25,17.2,18.17,17.63,16.14,15.71,15.07,14.66,14.87,15.33,16.48,15.47,15.65,16.02
T2M,2006,-0.5,36.875,17.48,18.58,18.11,16.89,16.24,15.71,15.13,15.64,16.13,17.15,16.27,16.31,16.62
T2M,2006,-0.5,37.5,21.51,22.85,22.07,20.9,20.17,19.59,18.73,19.2,20.04,21.11,20.2,20.02,20.52
T2M,2006,-0.5,38.125,26.0,27.26,26.42,24.8,24.69,24.57,23.34,23.71,24.61,24.83,23.53,23.28,24.74
T2M,2006,-0.5,38.75,28.45,29.62,28.81,26.32,26.34,26.03,24.93,25.34,26.04,26.29,24.98,25.03,26.5
T2M,2006,-0.5,39.375,29.83,30.84,30.35,26.95,26.83,26.03,25.44,26.02,26.65,26.91,26.11,26.26,27.33
T2M,2006,-0.5,40.0,30.13,31.04,30.81,27.39,27.07,25.93,25.51,26.16,26.9,27.29,26.8,26.93,27.65
T2M,2006,-0.5,40.625,29.8,30.72,31.02,27.48,27.11,25.26,25.04,25.81,26.74,27.32,26.5,26.58,27.43
T2M,2006,-0.5,41.25,29.62,30.3,30.76,27.74,27.33,25.38,25.33,26.02,26.97,27.46,26.61,26.74,27.51
T2M,2006,-0.5,41.875,28.92,29.28,30.0,28.27,27.8,25.96,25.52,26.01,26.76,27.57,27.2,27.45,27.55
T2M,2006,-1.0,34.375,24.92,24.21,22.58,21.64,21.0,21.48,22.08,22.94,23.73,24.54,21.26,19.93,22.52
T2M,2006,-1.0,35.0,22.0,21.98,20.06,18.68,17.97,17.33,17.96,18.91,19.49,20.86,18.57,18.08,19.31
T2M,2006,-1.0,35.625,20.52,21.41,19.34,17.38,16.58,15.56,15.68,16.61,17.24,18.81,17.41,17.4,17.81
T2M,2006,-1.0,36.25,18.81,19.76,18.74,16.87,15.98,15.09,14.92,15.82,16.49,18.05,16.84,16.86,17.0
T2M,2006,-1.0,36.875,19.41,20.73,19.87,18.71,17.76,17.51,17.09,18.02,18.75,19.65,18.27,18.0,18.63
T2M,2006,-1.0,37.5,22.93,24.3,23.21,21.94,21.11,20.44,19.8,20.61,21.49,22.48,21.48,21.03,21.72
T2M,2006,-1.0,38.125,25.08,26.23,25.09,23.66,23.51,22.9,21.73,22.43,23.13,23.55,22.79,22.69,23.55
T2M,2006,-1.0,38.75,28.57,29.71,28.45,25.98,25.99,25.8,24.71,25.23,25.81,25.95,25.0,25.15,26.34
T2M,2006,-1.0,39.375,30.02,30.93,30.21,26.73,26.72,25.95,25.39,25.98,26.57,26.69,26.1,26.58,27.3
T2M,2006,-1.0,40.0,30.37,31.17,30.71,27.29,26.95,26.02,25.6,26.22,26.92,27.19,26.69,26.97,27.66
T2M,2006,-1.0,40.625,29.63,30.47,30.77,27.38,26.87,25.02,24.84,25.59,26.5,27.16,26.53,26.63,27.27
T2M,2006,-1.0,41.25,29.11,29.71,30.3,27.65,27.0,25.12,24.94,25.58,26.46,27.18,26.61,26.66,27.18
T2M,2006,-1.0,41.875,27.78,27.95,28.86,28.23,27.65,26.06,25.38,25.63,26.18,27.1,27.15,27.45,27.11
T2M,2006,-1.5,34.375,25.14,24.0,22.56,21.72,21.37,21.93,22.76,23.53,24.08,25.23,21.63,19.79,22.81
T2M,2006,-1.5,35.0,22.97,22.6,20.93,19.28,18.72,18.75,19.53,20.74,21.28,22.56,19.86,18.62,20.48
T2M,2006,-1.5,35.625,19.74,20.66,18.8,17.1,16.22,15.47,15.62,16.82,17.64,19.15,17.7,16.99,17.64
T2M,2006,-1.5,36.25,23.63,25.0,23.19,21.15,20.17,20.04,19.71,20.95,22.07,23.15,21.61,20.87,21.77
T2M,2006,-1.5,36.875,20.92,22.19,20.82,19.63,18.73,18.6,18.58,19.45,19.93,20.71,19.42,18.95,19.81
T2M,2006,-1.5,37.5,22.35,23.51,22.46,21.12,20.1,19.57,19.11,20.1,20.64,21.49,20.74,20.27,20.94
T2M,2006,-1.5,38.125,25.26,26.46,25.2,23.89,23.31,22.43,21.47,22.42,23.12,23.73,23.21,22.74,23.58
T2M,2006,-1.5,38.75,28.61,29.56,27.96,25.81,25.67,25.54,24.48,25.05,25.57,25.75,25.19,25.11,26.17
T2M,2006,-1.5,39.375,29.93,30.76,29.62,26.64,26.35,25.69,25.1,25.71,26.32,26.51,26.08,26.27,27.06
T2M,2006,-1.5,40.0,30.32,31.16,30.66,27.15,26.62,25.51,25.28,25.95,26.68,27.01,26.5,26.74,27.45
T2M,2006,-1.5,40.625,29.64,30.42,30.62,27.56,26.85,25.09,24.84,25.55,26.32,27.14,26.63,26.76,27.27
T2M,2006,-1.5,41.25,28.74,29.29,29.91,27.83,26.92,25.25,24.95,25.55,26.27,27.14,26.68,26.61,27.08
T2M,2006,-1.5,41.875,26.83,26.9,27.9,28.13,27.59,26.34,25.4,25.35,25.72,26.62,26.96,27.32,26.75
T2M,2006,-1.7975103014118005e-13,34.375,26.14,25.96,24.02,22.79,22.17,22.17,22.5,23.14,24.03,24.68,22.28,21.72,23.45
T2M,2006,-1.7975103014118005e-13,35.0,23.28,23.85,22.25,20.81,20.14,19.78,19.68,20.23,21.01,21.66,19.87,19.59,21.0
T2M,2006,-1.7975103014118005e-13,35.625,17.04,18.24,17.92,16.51,16.29,15.79,15.42,15.45,16.07,16.87,15.34,15.15,16.33
T2M,2006,-1.7975103014118005e-13,36.25,19.37,20.63,20.43,19.03,19.1,18.61,17.82,17.78,18.56,19.58,17.74,17.33,18.82
T2M,2006,-1.7975103014118005e-13,36.875,18.69,19.85,19.91,18.61,18.31,18.06,17.37,17.57,18.27,19.15,17.69,17.17,18.38
T2M,2006,-1.7975103014118005e-13,37.5,18.14,19.24,19.22,18.14,17.7,17.51,16.72,16.99,17.67,18.41,17.28,16.73,17.8
T2M,2006,-1.7975103014118005e-13,38.125,26.23,27.56,27.31,25.52,25.37,25.51,24.43,24.51,25.61,25.69,24.17,23.89,25.47
T2M,2006,-1.7975103014118005e-13,38.75,28.89,30.13,29.72,27.15,27.1,26.79,25.77,26.11,26.92,27.19,25.72,25.69,27.25
T2M,2006,-1.7975103014118005e-13,39.375,29.94,30.99,30.83,27.36,27.28,26.47,25.8,26.43,27.14,27.51,26.46,26.46,27.71
T2M,2006,-1.7975103014118005e-13,40.0,30.17,31.09,31.2,27.68,27.5,26.31,25.8,26.47,27.28,27.82,26.98,26.87,27.91
T2M,2006,-1.7975103014118005e-13,40.625,30.11,30.98,31.35,27.72,27.62,25.89,25.62,26.44,27.38,27.73,26.64,26.82,27.84
T2M,2006,-1.7975103014118005e-13,41.25,30.08,30.77,31.21,27.84,27.84,26.02,25.93,26.67,27.57,27.77,26.7,27.09,27.94
T2M,2006,-1.7975103014118005e-13,41.875,29.66,30.17,30.73,27.95,27.83,26.17,25.87,26.52,27.36,27.77,26.9,27.04,27.82
T2M,2006,-2.0,34.375,25.55,24.05,22.67,21.76,21.74,22.33,23.24,24.01,24.83,25.82,22.23,20.02,23.18
T2M,2006,-2.0,35.0,22.9,22.53,20.85,19.38,19.06,19.16,19.72,21.21,21.66,22.84,20.28,18.68,20.68
T2M,2006,-2.0,35.625,20.02,21.02,19.18,17.65,16.91,16.1,15.85,17.51,18.5,19.83,18.35,17.52,18.19
T2M,2006,-2.0,36.25,26.22,27.47,25.59,23.86,23.29,22.78,22.48,23.97,24.97,25.73,24.27,23.32,24.48
T2M,2006,-2.0,36.875,21.84,23.04,21.38,20.19,19.48,19.31,19.15,20.09,20.35,21.09,20.26,19.58,20.46
T2M,2006,-2.0,37.5,23.18,24.34,22.82,21.6,20.8,20.3,19.86,20.89,21.3,22.03,21.55,20.92,21.62
T2M,2006,-2.0,38.125,25.77,26.9,25.42,24.06,23.55,22.7,21.91,22.85,23.42,23.98,23.62,22.98,23.91
T2M,2006,-2.0,38.75,28.6,29.51,27.57,25.66,25.45,25.25,24.24,24.81,25.35,25.54,25.22,25.03,26.0
T2M,2006,-2.0,39.375,29.66,30.51,29.08,26.49,26.11,25.19,24.66,25.35,26.03,26.28,26.03,26.11,26.77
T2M,2006,-2.0,40.0,30.0,30.82,30.09,27.1,26.48,25.54,25.26,25.83,26.51,26.87,26.41,26.65,27.28
T2M,2006,-2.0,40.625,29.22,29.89,30.01,27.79,26.87,25.38,25.06,25.57,26.24,26.97,26.67,26.95,27.2
T2M,2006,-2.0,41.25,27.54,27.9,28.58,28.24,27.58,26.18,25.49,25.57,25.95,26.85,27.01,27.48,27.03
T2M,2006,-2.0,41.875,26.37,26.55,27.47,28.08,27.85,26.66,25.46,25.23,25.49,26.4,26.94,27.35,26.65
T2M,2006,-2.5,34.375,24.75,23.49,21.68,21.1,21.34,21.69,22.6,23.76,24.65,25.44,22.14,19.6,22.68
T2M,2006,-2.5,35.0,22.14,21.75,19.86,18.87,18.84,18.66,19.14,20.83,21.35,22.37,20.11,18.35,20.18
T2M,2006,-2.5,35.625,22.85,23.81,21.54,20.19,19.97,19.02,19.23,20.94,21.7,22.88,21.17,19.98,21.09
T2M,2006,-2.5,36.25,25.68,26.75,24.61,23.28,23.06,22.02,21.79,23.55,24.47,25.45,23.93,22.88,23.94
T2M,2006,-2.5,36.875,23.15,24.42,22.61,21.81,21.48,21.1,20.95,22.32,22.81,23.14,21.96,20.84,22.2
T2M,2006,-2.5,37.5,23.81,24.99,23.13,22.16,21.73,21.41,21.06,22.02,22.21,22.71,22.17,21.09,22.36
T2M,2006,-2.5,38.125,25.69,26.86,25.06,23.89,23.42,22.48,21.86,22.87,23.32,23.75,23.66,22.91,23.79
T2M,2006,-2.5,38.75,28.47,29.44,27.42,25.68,25.39,25.06,24.12,24.72,25.26,25.41,25.34,25.01,25.92
T2M,2006,-2.5,39.375,29.19,30.11,28.55,26.34,25.79,24.66,24.23,24.9,25.64,25.9,25.95,25.99,26.42
T2M,2006,-2.5,40.0,29.0,29.71,29.16,26.98,26.32,25.38,25.04,25.37,25.96,26.35,26.17,26.4,26.8
T2M,2006,-2.5,40.625,27.88,28.39,28.79,27.99,27.18,25.98,25.34,25.44,25.81,26.51,26.72,27.25,26.93
T2M,2006,-2.5,41.25,26.5,26.86,27.58,28.06,27.74,26.55,25.37,25.17,25.4,26.31,26.81,27.4,26.64
T2M,2006,-2.5,41.875,26.42,26.8,27.56,28.08,27.93,26.74,25.5,25.25,25.51,26.43,26.95,27.44,26.72
T2M,2006,-3.0,34.375,24.47,23.1,20.75,20.59,20.98,20.75,21.4,22.93,23.87,24.9,22.21,19.42,22.11
T2M,2006,-3.0,35.0,22.6,22.11,19.77,19.06,19.15,18.61,18.98,20.74,21.39,22.39,20.62,18.64,20.33
T2M,2006,-3.0,35.625,19.08,19.55,17.39,16.52,16.24,15.23,15.02,16.62,17.27,18.41,17.61,16.5,17.11
T2M,2006,-3.0,36.25,24.39,25.37,22.55,21.21,20.98,19.7,19.85,21.4,22.04,22.94,22.55,21.36,22.01
T2M,2006,-3.0,36.875,23.52,24.57,22.2,20.92,20.28,18.74,18.63,20.45,21.14,22.04,21.9,20.41,21.21
T2M,2006,-3.0,37.5,19.32,20.28,18.81,17.83,17.21,15.86,15.29,16.56,16.96,17.99,18.01,17.38,17.61
T2M,2006,-3.0,38.125,25.37,26.49,24.67,23.56,23.08,21.91,21.19,22.18,22.58,23.19,23.37,22.64,23.33
T2M,2006,-3.0,38.75,28.03,29.07,26.95,25.32,24.95,24.3,23.51,24.2,24.74,24.95,24.89,24.53,25.43
T2M,2006,-3.0,39.375,28.96,29.9,28.31,26.19,25.58,24.33,24.03,24.58,25.3,25.57,25.73,25.76,26.16
T2M,2006,-3.0,40.0,28.17,28.82,28.47,27.04,26.48,25.52,25.03,25.17,25.66,26.14,26.23,26.46,26.59
T2M,2006,-3.0,40.625,26.91,27.34,27.87,27.97,27.53,26.39,25.33,25.17,25.39,26.3,26.78,27.36,26.69
T2M,2006,-3.0,41.25,26.8,27.21,27.71,28.09,27.83,26.63,25.42,25.16,25.42,26.39,26.88,27.48,26.75
T2M,2006,-3.0,41.875,26.66,27.09,27.66,28.05,27.97,26.78,25.53,25.24,25.52,26.48,26.97,27.56,26.79
T2M,2006,-3.5,34.375,25.87,24.22,21.81,21.93,22.47,22.11,22.57,23.89,24.81,25.66,23.47,20.74,23.29
T2M,2006,-3.5,35.0,24.23,23.69,21.08,20.64,20.72,19.87,19.77,21.37,22.14,23.12,22.01,20.22,21.56
T2M,2006,-3.5,35.625,22.66,23.18,20.19,19.34,19.18,18.02,17.63,19.29,20.17,21.17,20.62,19.36,20.05
T2M,2006,-3.5,36.25,24.99,25.7,22.27,21.17,20.98,19.79,19.73,21.35,21.89,22.76,22.5,21.31,22.01
T2M,2006,-3.5,36.875,25.39,26.05,22.45,21.19,20.62,19.33,18.91,20.72,21.3,22.08,22.22,21.65,21.8
T2M,2006,-3.5,37.5,26.8,27.75,24.81,23.34,22.61,21.17,20.77,22.41,23.01,23.64,23.93,23.75,23.64
T2M,2006,-3.5,38.125,24.74,25.77,23.48,22.3,21.7,20.4,19.78,20.68,21.08,21.82,22.13,21.77,22.11
T2M,2006,-3.5,38.75,26.71,27.7,25.58,24.37,23.88,22.58,21.89,22.62,23.24,23.98,24.14,23.85,24.19
T2M,2006,-3.5,39.375,28.32,29.17,27.57,25.82,25.13,23.74,23.53,24.0,24.74,25.1,25.34,25.39,25.63
T2M,2006,-3.5,40.0,27.78,28.32,28.15,27.43,26.92,26.0,25.22,25.16,25.49,26.1,26.49,26.85,26.65
T2M,2006,-3.5,40.625,27.17,27.54,27.96,27.96,27.63,26.48,25.38,25.13,25.35,26.31,26.83,27.45,26.76
T2M,2006,-3.5,41.25,27.2,27.51,27.89,28.07,27.88,26.68,25.48,25.18,25.44,26.43,26.93,27.58,26.85
T2M,2006,-3.5,41.875,27.01,27.3,27.77,28.04,27.98,26.78,25.54,25.2,25.51,26.48,27.02,27.62,26.85
T2M,2006,-4.0,34.375,26.02,24.45,22.43,22.64,23.35,22.64,22.95,24.33,25.4,26.17,24.16,21.49,23.83
T2M,2006,-4.0,35.0,23.6,22.96,20.61,20.42,20.72,19.78,19.76,21.23,21.93,22.85,21.81,20.01,21.3
T2M,2006,-4.0,35.625,22.44,22.73,19.94,19.33,19.32,18.04,17.57,19.05,20.04,21.08,20.72,19.54,19.97
T2M,2006,-4.0,36.25,24.71,25.36,21.96,21.15,21.2,19.82,19.56,21.29,21.85,22.86,22.67,21.33,21.96
T2M,2006,-4.0,36.875,24.27,25.21,21.93,21.13,20.86,19.45,18.94,20.58,21.07,22.07,22.18,21.32,21.56
T2M,2006,-4.0,37.5,25.9,26.95,23.69,22.76,22.34,20.77,20.38,21.81,22.44,23.27,23.3,22.59,22.99
T2M,2006,-4.0,38.125,26.34,27.41,24.53,23.31,22.74,21.34,20.88,22.04,22.51,23.07,23.22,22.99,23.34
T2M,2006,-4.0,38.75,27.08,28.1,25.44,24.11,23.53,22.24,21.77,22.49,23.16,23.77,24.12,24.1,24.14
T2M,2006,-4.0,39.375,28.34,29.11,27.65,26.13,25.41,24.12,24.0,24.36,25.02,25.47,25.8,25.95,25.93
T2M,2006,-4.0,40.0,27.47,27.85,28.07,27.8,27.29,26.33,25.33,25.18,25.33,26.13,26.73,27.28,26.73
T2M,2006,-4.0,40.625,27.47,27.74,28.14,27.97,27.69,26.51,25.39,25.11,25.36,26.3,26.88,27.55,26.84
T2M,2006,-4.0,41.25,27.42,27.62,28.06,28.04,27.9,26.71,25.5,25.18,25.43,26.43,26.96,27.65,26.9
T2M,2006,-4.0,41.875,27.28,27.42,27.9,28.03,27.97,26.77,25.56,25.18,25.48,26.44,27.04,27.66,26.89
T2M,2006,-4.5,34.375,25.05,23.59,21.42,21.34,22.13,20.76,20.5,22.23,23.47,24.7,23.25,20.67,22.42
T2M,2006,-4.5,35.0,22.62,22.0,19.45,19.23,19.63,18.26,17.99,19.47,20.47,21.53,20.87,19.18,20.05
T2M,2006,-4.5,35.625,22.25,22.5,19.55,18.98,19.19,17.87,17.39,18.78,19.74,20.79,20.72,19.6,19.76
T2M,2006,-4.5,36.25,24.85,25.36,21.63,21.09,21.35,19.88,19.49,21.19,21.81,22.86,22.91,21.67,21.99
T2M,2006,-4.5,36.875,24.19,25.01,21.5,20.97,20.83,19.25,18.77,20.29,20.72,21.87,22.21,21.28,21.38
T2M,2006,-4.5,37.5,25.49,26.47,23.04,22.09,21.65,19.95,19.45,20.8,21.47,22.61,22.94,22.39,22.34
T2M,2006,-4.5,38.125,25.45,26.49,23.76,22.4,21.54,19.8,19.33,20.64,21.39,22.22,22.5,22.29,22.29
T2M,2006,-4.5,38.75,27.48,28.37,25.88,24.46,23.68,22.31,21.9,22.73,23.47,24.16,24.45,24.41,24.42
T2M,2006,-4.5,39.375,28.41,28.95,27.89,26.96,26.28,25.28,24.81,24.93,25.36,26.0,26.45,26.66,26.48
T2M,2006,-4.5,40.0,27.6,27.83,28.1,27.96,27.4,26.42,25.39,25.19,25.29,26.14,26.84,27.38,26.79
T2M,2006,-4.5,40.625,27.67,27.85,28.24,28.02,27.7,26.5,25.4,25.1,25.35,26.29,26.94,27.61,26.88
T2M,2006,-4.5,41.25,27.58,27.69,28.21,28.0,27.88,26.67,25.47,25.16,25.42,26.39,27.01,27.72,26.93
T2M,2006,-4.5,41.875,27.47,27.5,28.06,27.98,27.96,26.74,25.53,25.15,25.44,26.38,27.08,27.69,26.91
T2M,2006,0.5,34.375,25.9,25.87,23.53,22.1,21.29,21.04,21.09,21.82,22.57,23.49,21.47,21.15,22.59
T2M,2006,0.5,35.0,21.3,22.28,21.24,19.54,19.08,18.63,18.19,18.43,19.29,19.77,18.29,18.15,19.5
T2M,2006,0.5,35.625,20.64,21.88,21.57,19.75,19.68,19.59,19.08,18.76,19.6,20.14,18.17,17.95,19.72
T2M,2006,0.5,36.25,22.72,23.84,23.92,22.62,22.93,22.38,21.37,20.94,21.97,22.76,20.98,20.73,22.25
T2M,2006,0.5,36.875,20.07,21.1,21.26,20.36,20.49,20.48,19.38,19.29,20.14,20.97,19.2,18.46,20.09
T2M,2006,0.5,37.5,23.37,24.5,24.56,23.22,23.25,23.46,22.6,22.68,23.61,23.68,21.91,21.24,23.16
T2M,2006,0.5,38.125,26.02,27.35,27.35,25.45,25.25,24.99,24.04,24.27,25.29,25.5,24.0,23.64,25.25
T2M,2006,0.5,38.75,28.76,29.96,29.82,27.13,27.0,26.59,25.71,26.16,26.98,27.26,25.98,25.78,27.25
T2M,2006,0.5,39.375,30.07,31.08,31.2,27.4,27.33,26.77,26.19,26.88,27.64,27.9,26.67,26.52,27.95
T2M,2006,0.5,40.0,30.4,31.26,31.55,27.6,27.63,26.72,26.26,27.01,27.86,28.16,26.81,26.73,28.15
T2M,2006,0.5,40.625,30.41,31.23,31.67,27.93,28.2,26.76,26.39,27.22,28.12,28.14,26.58,26.92,28.28
T2M,2006,0.5,41.25,30.37,31.09,31.54,28.2,28.47,26.92,26.55,27.22,28.12,28.11,27.07,27.4,28.41
T2M,2006,0.5,41.875,30.14,30.69,31.18,27.91,28.07,26.81,26.42,27.11,27.93,27.99,26.96,26.91,28.16
T2M,2006,1.0,34.375,20.01,20.96,19.8,18.54,17.91,17.34,17.05,17.22,17.96,18.75,17.47,17.26,18.34
T2M,2006,1.0,35.0,18.43,19.69,19.39,17.75,17.53,17.1,16.61,16.56,17.4,17.59,16.33,16.06,17.52
T2M,2006,1.0,35.625,21.2,22.23,22.08,20.46,20.47,20.47,19.78,19.38,20.48,20.76,18.71,18.61,20.37
T2M,2006,1.0,36.25,24.63,25.63,25.75,24.62,24.74,24.38,23.22,22.57,23.99,24.51,23.09,22.81,24.15
T2M,2006,1.0,36.875,20.51,21.62,21.86,21.06,21.0,20.87,19.8,19.77,20.5,21.02,19.77,19.13,20.57
T2M,2006,1.0,37.5,24.62,25.73,25.79,24.4,24.42,24.3,23.5,23.77,24.56,24.59,22.99,22.37,24.24
T2M,2006,1.0,38.125,27.74,29.0,29.08,27.02,27.02,26.57,25.65,25.97,26.91,27.07,25.51,25.16,26.88
T2M,2006,1.0,38.75,29.72,30.84,30.9,27.93,27.94,27.47,26.7,27.18,27.98,28.13,26.77,26.55,28.16
T2M,2006,1.0,39.375,30.26,31.24,31.42,27.44,27.48,27.07,26.62,27.24,28.02,28.09,26.59,26.49,28.15
T2M,2006,1.0,40.0,30.39,31.29,31.53,27.35,27.6,26.94,26.48,27.29,28.09,28.06,26.18,26.21,28.1
T2M,2006,1.0,40.625,30.61,31.47,31.7,27.82,28.32,27.19,26.82,27.63,28.46,28.23,26.39,26.45,28.41
T2M,2006,1.0,41.25,30.7,31.53,31.8,28.21,28.5,27.24,26.99,27.68,28.54,28.36,27.1,27.03,28.63
T2M,2006,1.0,41.875,30.47,31.19,31.56,27.84,28.29,27.35,26.9,27.55,28.36,28.16,26.59,26.46,28.38
T2M,2006,1.5,34.375,25.13,26.03,24.96,23.39,22.69,22.1,21.65,21.65,22.86,23.7,21.85,21.81,23.13
T2M,2006,1.5,35.0,22.51,23.6,23.11,21.76,21.6,21.18,20.46,20.27,21.29,21.65,19.89,19.54,21.39
T2M,2006,1.5,35.625,25.04,26.12,26.22,24.87,24.99,24.61,23.49,23.12,24.55,24.93,23.0,22.77,24.46
T2M,2006,1.5,36.25,27.3,28.41,28.56,27.49,27.94,27.33,26.0,25.38,27.11,27.52,25.86,25.55,27.03
T2M,2006,1.5,36.875,23.1,24.3,24.34,23.2,23.32,23.17,22.16,22.44,23.22,23.54,22.08,21.45,23.02
T2M,2006,1.5,37.5,25.98,27.19,27.24,25.76,25.85,25.31,24.44,24.73,25.68,25.97,24.39,24.0,25.53
T2M,2006,1.5,38.125,28.8,29.99,30.17,27.69,27.94,27.47,26.54,26.85,27.81,27.79,26.14,26.11,27.76
T2M,2006,1.5,38.75,30.03,31.07,31.1,27.81,28.04,27.78,27.07,27.39,28.32,28.13,26.6,26.52,28.31
T2M,2006,1.5,39.375,30.14,31.19,31.25,27.15,27.29,26.96,26.5,27.19,28.03,27.83,26.11,26.0,27.95
T2M,2006,1.5,40.0,30.39,31.37,31.3,27.31,27.39,26.9,26.57,27.33,28.22,28.09,26.3,26.14,28.09
T2M,2006,1.5,40.625,30.68,31.63,31.52,27.55,28.12,27.23,26.92,27.72,28.52,28.19,26.21,26.14,28.35
T2M,2006,1.5,41.25,30.86,31.74,31.74,27.83,28.55,27.43,27.03,27.8,28.57,28.26,26.26,26.07,28.5
T2M,2006,1.5,41.875,30.5,31.34,31.58,27.44,28.25,27.43,27.01,27.62,28.38,28.04,26.07,25.91,28.28
T2M,2006,2.0,34.375,26.79,27.73,27.2,25.91,25.58,24.67,24.11,23.94,25.17,26.05,23.95,23.99,25.41
T2M,2006,2.0,35.0,24.72,25.68,25.37,24.08,24.13,23.58,22.7,22.53,23.36,23.96,22.27,21.97,23.68
T2M,2006,2.0,35.625,27.98,29.03,28.97,27.57,27.92,27.31,26.01,25.7,27.03,27.68,25.95,25.57,27.21
T2M,2006,2.0,36.25,29.6,30.76,30.78,29.64,30.31,29.59,28.35,27.72,29.5,30.08,28.1,27.66,29.33
T2M,2006,2.0,36.875,23.47,24.72,24.63,23.29,23.49,23.14,22.27,22.51,23.33,23.81,22.37,21.84,23.23
T2M,2006,2.0,37.5,27.2,28.44,28.21,26.31,26.51,25.95,25.28,25.37,26.48,26.75,25.09,24.8,26.35
T2M,2006,2.0,38.125,28.51,29.72,29.73,26.9,27.13,26.86,26.09,26.33,27.32,27.15,25.45,25.31,27.19
T2M,2006,2.0,38.75,29.84,30.97,30.84,27.46,27.58,27.28,26.63,27.02,28.05,27.84,26.23,26.09,27.97
T2M,2006,2.0,39.375,30.06,31.17,30.94,26.76,26.91,26.69,26.25,26.96,27.92,27.6,25.74,25.65,27.7
T2M,2006,2.0,40.0,30.02,31.06,30.72,26.57,26.67,26.35,26.01,26.76,27.76,27.5,25.58,25.45,27.52
T2M,2006,2.0,40.625,30.12,31.16,30.78,26.53,27.12,26.78,26.44,27.09,27.88,27.4,25.12,25.2,27.62
T2M,2006,2.0,41.25,30.61,31.56,31.36,27.31,27.97,27.25,26.89,27.57,28.32,27.93,25.62,25.65,28.15
T2M,2006,2.0,41.875,30.41,31.28,31.4,27.07,27.81,27.45,26.94,27.5,28.22,27.82,25.64,25.6,28.08
T2M,2006,2.5,34.375,25.98,26.79,26.4,25.18,25.21,24.55,23.4,23.3,24.52,25.36,23.3,23.25,24.76
T2M,2006,2.5,35.0,26.01,26.89,26.68,25.31,25.42,24.83,23.67,23.48,24.4,25.21,23.65,23.34,24.9
T2M,2006,2.5,35.625,28.89,29.77,29.49,28.1,28.4,27.87,26.45,26.05,27.4,28.3,26.61,26.18,27.78
T2M,2006,2.5,36.25,29.96,30.95,30.88,29.43,30.07,29.44,28.28,27.79,29.33,30.05,28.25,27.86,29.35
T2M,2006,2.5,36.875,26.64,27.6,27.36,25.47,25.81,25.33,24.61,24.52,25.45,26.15,24.72,24.37,25.66
T2M,2006,2.5,37.5,29.16,30.08,29.57,27.22,27.6,27.38,26.71,26.51,27.89,27.98,26.2,25.89,27.67
T2M,2006,2.5,38.125,28.24,29.18,28.85,26.03,26.17,25.78,25.13,25.5,26.5,26.41,24.79,24.58,26.41
T2M,2006,2.5,38.75,29.61,30.61,30.15,26.68,26.8,26.56,26.03,26.51,27.61,27.36,25.64,25.43,27.4
T2M,2006,2.5,39.375,29.62,30.71,30.1,26.05,26.13,26.09,25.63,26.3,27.38,27.01,25.21,25.16,27.1
T2M,2006,2.5,40.0,29.19,30.29,29.67,25.74,25.8,25.58,25.2,25.85,26.95,26.65,24.91,24.83,26.7
T2M,2006,2.5,40.625,29.3,30.46,29.95,26.14,26.52,26.17,25.77,26.37,27.18,26.79,24.89,25.03,27.03
T2M,2006,2.5,41.25,30.03,31.05,30.78,27.08,27.67,26.8,26.28,26.92,27.68,27.31,25.34,25.84,27.72
T2M,2006,2.5,41.875,29.81,30.75,30.76,26.79,27.36,26.74,26.11,26.75,27.47,27.16,25.22,25.32,27.5
T2M,2006,3.0,34.375,24.86,25.59,25.02,23.68,23.8,23.47,22.02,21.7,22.81,23.65,22.1,21.78,23.36
T2M,2006,3.0,35.0,27.25,28.05,27.66,26.13,26.2,25.67,24.46,23.97,25.25,26.11,24.63,24.29,25.79
T2M,2006,3.0,35.625,29.93,30.69,30.37,28.79,29.04,28.7,27.53,26.7,28.18,29.2,27.57,27.04,28.63
T2M,2006,3.0,36.25,30.57,31.41,31.2,29.27,29.69,29.22,28.4,27.85,29.16,29.91,28.49,28.08,29.43
T2M,2006,3.0,36.875,29.65,30.47,29.94,27.48,28.08,27.71,27.11,26.69,27.97,28.5,26.76,26.26,28.04
T2M,2006,3.0,37.5,30.06,30.79,30.16,27.38,27.96,27.82,27.13,26.97,28.45,28.38,26.64,26.35,28.16
T2M,2006,3.0,38.125,29.11,29.8,29.13,26.31,26.41,26.05,25.43,25.9,27.07,26.95,25.53,25.38,26.91
T2M,2006,3.0,38.75,29.2,29.94,29.16,25.66,25.72,25.63,25.23,25.71,26.93,26.56,25.08,25.02,26.64
T2M,2006,3.0,39.375,28.82,29.81,28.98,25.08,25.09,25.14,24.62,25.26,26.42,26.07,24.51,24.58,26.18
T2M,2006,3.0,40.0,28.21,29.41,28.7,25.06,25.04,24.89,24.45,25.05,26.18,25.88,24.2,24.22,25.92
T2M,2006,3.0,40.625,28.45,29.93,29.43,26.15,26.3,25.78,25.3,25.89,26.78,26.47,24.97,24.99,26.69
T2M,2006,3.0,41.25,29.15,30.57,30.27,26.9,27.29,26.5,25.86,26.46,27.31,27.01,25.61,25.84,27.38
T2M,2006,3.0,41.875,28.84,30.09,30.04,26.51,26.99,26.21,25.44,26.12,26.99,26.73,25.08,25.1,27.0
T2M,2006,3.5,34.375,24.99,25.91,24.92,23.67,23.56,23.24,21.92,22.0,23.03,23.78,22.18,21.83,23.4
T2M,2006,3.5,35.0,28.78,29.58,28.74,27.03,27.11,26.65,25.62,25.4,26.72,27.49,25.81,25.45,27.02
T2M,2006,3.5,35.625,30.11,30.86,30.34,28.39,28.71,28.35,27.54,27.11,28.56,29.41,27.55,27.11,28.66
T2M,2006,3.5,36.25,30.28,31.06,30.67,28.38,28.77,28.4,27.68,27.36,28.67,29.29,27.94,27.59,28.83
T2M,2006,3.5,36.875,30.32,30.98,30.1,27.18,27.72,27.71,27.08,26.87,28.34,28.77,27.05,26.5,28.2
T2M,2006,3.5,37.5,29.19,29.56,28.7,25.73,26.11,25.99,25.3,25.24,26.74,26.98,25.64,25.33,26.69
T2M,2006,3.5,38.125,28.0,28.41,27.6,24.55,24.4,24.15,23.48,24.05,25.17,25.24,24.48,24.58,25.33
T2M,2006,3.5,38.75,27.66,28.27,27.35,23.81,23.66,23.5,22.8,23.37,24.57,24.46,23.66,23.93,24.73
T2M,2006,3.5,39.375,26.3,27.31,26.45,23.06,22.88,22.64,21.94,22.59,23.77,23.66,22.33,22.38,23.76
T2M,2006,3.5,40.0,27.23,28.54,27.82,24.48,24.49,24.28,23.72,24.33,25.49,25.16,23.32,23.38,25.17
T2M,2006,3.5,40.625,27.24,28.82,28.4,25.33,25.48,25.15,24.59,25.16,26.14,25.63,23.87,23.76,25.78
T2M,2006,3.5,41.25,28.14,29.79,29.81,26.81,27.22,26.48,25.73,26.35,27.25,26.9,25.37,25.12,27.07
T2M,2006,3.5,41.875,29.04,30.61,30.77,27.46,28.18,27.36,26.56,27.22,28.14,27.7,26.0,25.89,27.9
T2M,2006,4.0,34.375,27.95,28.91,27.41,25.79,25.61,25.36,24.39,24.67,25.85,26.48,24.55,24.25,25.92
T2M,2006,4.0,35.0,30.26,30.91,29.61,27.76,27.81,27.61,26.8,26.68,28.19,28.77,26.79,26.28,28.11
T2M,2006,4.0,35.625,29.45,29.96,29.12,27.05,27.26,27.07,26.32,26.07,27.45,28.2,26.43,26.0,27.52
T2M,2006,4.0,36.25,30.84,31.26,30.73,28.31,28.62,28.39,27.64,27.54,28.81,29.43,28.17,27.78,28.95
T2M,2006,4.0,36.875,29.89,30.16,29.13,25.89,26.22,26.39,25.77,25.71,27.1,27.59,26.41,25.87,27.16
T2M,2006,4.0,37.5,29.52,29.75,28.79,25.36,25.53,25.52,24.8,25.0,26.29,26.57,26.01,25.57,26.54
T2M,2006,4.0,38.125,25.72,26.21,25.66,22.6,22.2,21.57,20.72,21.15,22.25,22.39,22.5,22.47,22.93
T2M,2006,4.0,38.75,23.8,24.52,23.84,21.42,21.0,20.08,19.41,19.78,21.05,21.21,20.84,20.54,21.44
T2M,2006,4.0,39.375,24.73,25.77,25.0,22.42,22.1,21.46,20.9,21.4,22.7,22.53,21.28,21.06,22.59
T2M,2006,4.0,40.0,26.07,27.33,26.63,23.7,23.65,23.24,22.79,23.49,24.71,24.1,22.42,22.39,24.19
T2M,2006,4.0,40.625,26.18,27.62,27.42,24.7,24.93,24.7,24.09,24.75,25.78,25.1,23.04,22.99,25.09
T2M,2006,4.0,41.25,27.93,29.58,29.81,27.0,27.51,26.95,26.31,26.95,27.86,27.27,25.22,25.03,27.27
T2M,2006,4.0,41.875,29.56,31.2,31.55,28.22,29.02,28.45,27.73,28.47,29.39,28.68,26.49,26.39,28.75
T2M,2006,4.5,34.375,30.29,31.08,28.99,27.07,27.02,27.26,26.33,26.69,28.11,28.59,26.01,25.96,27.76
T2M,2006,4.5,35.0,30.61,31.01,29.36,27.31,27.35,27.59,26.9,26.74,28.35,28.9,26.7,26.1,28.06
T2M,2006,4.5,35.625,30.36,30.56,29.29,27.12,27.3,27.37,26.69,26.5,27.75,28.51,26.88,26.36,27.88
T2M,2006,4.5,36.25,31.27,31.41,30.36,27.71,27.99,28.14,27.47,27.35,28.79,29.34,27.95,27.39,28.75
T2M,2006,4.5,36.875,30.11,30.36,29.28,26.26,26.37,26.34,25.63,25.74,26.91,27.53,26.94,26.74,27.33
T2M,2006,4.5,37.5,27.58,27.96,26.9,23.64,23.78,23.71,22.86,23.02,24.58,24.67,24.32,24.03,24.74
T2M,2006,4.5,38.125,23.26,23.88,23.76,21.24,20.93,20.08,19.28,19.53,20.82,20.85,20.68,20.34,21.2
T2M,2006,4.5,38.75,23.69,24.66,24.53,22.18,21.87,21.16,20.27,20.67,21.97,21.84,21.11,20.81,22.05
T2M,2006,4.5,39.375,25.51,26.69,26.42,23.71,23.49,22.93,22.23,22.8,24.03,23.56,22.27,22.28,23.81
T2M,2006,4.5,40.0,24.47,25.7,25.5,23.11,23.05,22.16,21.48,22.11,23.33,23.06,21.52,21.48,23.07
T2M,2006,4.5,40.625,25.61,26.98,26.9,24.63,24.87,24.37,23.74,24.48,25.53,24.77,22.8,22.96,24.79
T2M,2006,4.5,41.25,26.05,27.57,27.81,25.4,25.76,25.32,24.56,25.41,26.36,25.61,23.44,23.59,25.56
T2M,2006,4.5,41.875,29.4,31.03,31.46,28.14,28.8,28.61,28.02,28.79,29.72,28.7,26.45,26.72,28.81
T2M,2007,-0.5,34.375,23.22,23.16,24.53,24.3,23.68,22.14,22.57,23.18,23.64,24.6,24.77,24.08,23.66
T2M,2007,-0.5,35.0,19.7,19.79,20.93,20.94,20.15,18.54,18.41,19.02,19.55,20.51,20.72,20.26,19.88
T2M,2007,-0.5,35.625,14.45,14.82,15.63,15.89,14.98,13.79,13.23,13.77,14.13,14.74,14.96,14.39,14.56
T2M,2007,-0.5,36.25,15.78,16.34,17.02,16.72,15.63,14.56,13.86,14.31,14.85,15.44,15.74,15.48,15.47
T2M,2007,-0.5,36.875,16.64,17.77,18.0,17.52,16.44,15.42,14.66,15.08,16.0,16.3,16.31,16.21,16.35
T2M,2007,-0.5,37.5,20.16,21.62,21.98,21.64,20.57,19.38,18.56,18.91,19.97,20.47,20.24,20.02,20.28
T2M,2007,-0.5,38.125,23.65,25.6,26.15,25.89,25.13,23.99,23.41,23.87,25.15,24.88,24.1,23.94,24.64
T2M,2007,-0.5,38.75,25.63,28.07,28.57,27.93,26.58,25.42,25.02,25.33,26.52,26.5,26.07,26.03,26.46
T2M,2007,-0.5,39.375,26.9,29.35,29.87,28.85,26.59,25.61,25.66,25.75,26.91,27.08,27.18,27.4,27.25
T2M,2007,-0.5,40.0,27.48,29.49,30.26,29.27,26.79,25.48,25.61,25.84,26.94,27.31,27.53,27.73,27.46
T2M,2007,-0.5,40.625,28.0,30.11,30.95,29.78,26.59,25.07,25.21,25.6,26.36,27.1,27.21,27.59,27.45
T2M,2007,-0.5,41.25,28.37,30.16,30.9,29.87,26.78,25.3,25.53,25.89,26.65,27.34,27.38,27.86,27.65
T2M,2007,-0.5,41.875,28.45,29.52,30.32,29.85,27.57,25.87,25.75,26.2,26.71,27.46,27.83,28.12,27.79
T2M,2007,-1.0,34.375,20.77,20.86,21.89,22.13,21.37,20.24,20.82,21.73,21.91,23.27,22.83,22.1,21.67
T2M,2007,-1.0,35.0,18.44,18.29,18.99,19.09,18.13,17.01,16.74,17.49,18.17,19.1,19.64,19.11,18.35
T2M,2007,-1.0,35.625,17.73,17.53,17.96,17.68,16.66,15.51,14.85,15.64,16.47,17.2,18.12,18.28,16.96
T2M,2007,-1.0,36.25,16.76,17.14,17.75,17.51,16.22,14.91,14.39,15.05,15.88,16.81,17.53,17.54,16.45
T2M,2007,-1.0,36.875,18.09,19.49,19.86,19.67,18.5,17.43,16.88,17.28,18.46,18.86,18.72,18.36,18.46
T2M,2007,-1.0,37.5,21.07,22.8,23.15,22.83,21.54,20.54,19.83,20.12,21.4,22.0,21.86,21.43,21.54
T2M,2007,-1.0,38.125,23.34,25.38,25.26,24.76,23.82,22.53,21.95,22.38,23.63,23.6,23.31,23.11,23.57
T2M,2007,-1.0,38.75,26.06,28.69,28.64,27.71,26.17,25.25,24.84,25.06,26.24,26.2,26.13,26.1,26.41
T2M,2007,-1.0,39.375,27.84,30.2,30.18,28.77,26.35,25.65,25.65,25.58,26.84,26.93,27.34,27.63,27.39
T2M,2007,-1.0,40.0,27.71,30.06,30.46,29.2,26.68,25.57,25.76,25.82,27.0,27.26,27.69,27.91,27.58
T2M,2007,-1.0,40.625,28.05,30.03,30.74,29.55,26.45,24.84,24.98,25.35,26.14,26.97,27.21,27.5,27.3
T2M,2007,-1.0,41.25,27.96,29.43,30.38,29.57,26.72,25.05,25.15,25.51,26.28,27.08,27.24,27.63,27.32
T2M,2007,-1.0,41.875,27.87,28.22,29.23,29.29,27.7,26.02,25.65,25.91,26.28,27.05,27.51,27.52,27.35
T2M,2007,-1.5,34.375,20.83,20.83,22.13,22.8,22.12,21.1,21.76,22.49,22.32,23.81,23.62,22.45,22.2
T2M,2007,-1.5,35.0,19.4,19.06,19.98,19.98,19.0,18.57,18.69,19.57,20.16,21.19,21.48,20.65,19.81
T2M,2007,-1.5,35.625,17.15,17.09,17.72,17.74,16.65,15.55,15.28,16.28,17.41,18.26,18.68,18.25,17.17
T2M,2007,-1.5,36.25,20.48,21.88,23.1,22.48,20.92,19.73,19.6,20.32,21.57,22.48,22.77,22.47,21.48
T2M,2007,-1.5,36.875,18.82,20.5,21.16,20.88,19.65,18.44,18.42,18.5,19.86,20.46,20.19,19.63,19.7
T2M,2007,-1.5,37.5,20.13,22.05,22.44,22.17,20.96,19.8,19.29,19.55,20.89,21.33,21.31,20.59,20.86
T2M,2007,-1.5,38.125,22.97,24.62,24.88,24.67,23.53,22.07,21.67,22.24,23.56,23.78,23.74,23.27,23.41
T2M,2007,-1.5,38.75,25.69,27.9,28.04,27.38,25.72,24.97,24.6,24.81,26.01,26.0,26.17,25.95,26.09
T2M,2007,-1.5,39.375,27.07,29.47,29.48,28.37,26.17,25.16,25.24,25.38,26.61,26.68,27.34,27.51,27.02
T2M,2007,-1.5,40.0,27.77,30.24,30.52,29.19,26.42,25.24,25.48,25.52,26.71,27.09,27.69,27.98,27.47
T2M,2007,-1.5,40.625,28.09,29.98,30.61,29.52,26.63,24.93,25.03,25.39,26.15,27.05,27.51,27.68,27.36
T2M,2007,-1.5,41.25,27.6,28.94,30.03,29.46,27.02,25.23,25.23,25.61,26.26,27.08,27.44,27.6,27.28
T2M,2007,-1.5,41.875,27.33,27.15,28.27,28.77,27.97,26.44,25.68,25.77,25.94,26.63,27.19,27.04,27.01
T2M,2007,-1.7975103014118005e-13,34.375,22.97,22.85,23.99,23.71,23.04,21.26,21.54,22.1,22.47,23.42,23.7,23.12,22.85
T2M,2007,-1.7975103014118005e-13,35.0,20.1,20.35,21.39,21.32,20.61,18.83,18.75,19.3,19.71,20.6,20.67,20.19,20.15
T2M,2007,-1.7975103014118005e-13,35.625,14.82,15.43,16.25,16.71,16.09,14.78,14.42,15.01,15.28,15.49,15.32,14.56,15.34
T2M,2007,-1.7975103014118005e-13,36.25,17.61,18.51,19.6,19.63,18.81,17.2,16.65,17.04,17.37,18.22,18.27,17.62,18.04
T2M,2007,-1.7975103014118005e-13,36.875,17.35,18.72,19.34,19.16,18.48,17.39,16.5,16.95,17.56,18.09,17.77,17.14,17.86
T2M,2007,-1.7975103014118005e-13,37.5,16.8,18.29,18.78,18.72,18.19,16.96,16.26,16.72,17.52,17.7,17.28,16.8,17.49
T2M,2007,-1.7975103014118005e-13,38.125,24.44,26.32,26.91,26.75,26.23,24.93,24.38,24.92,26.26,25.75,24.89,24.84,25.54
T2M,2007,-1.7975103014118005e-13,38.75,26.28,28.58,29.27,28.73,27.61,26.32,26.0,26.34,27.54,27.37,27.03,26.88,27.32
T2M,2007,-1.7975103014118005e-13,39.375,27.15,29.51,30.29,29.42,27.43,26.17,26.16,26.41,27.48,27.66,27.76,27.81,27.76
T2M,2007,-1.7975103014118005e-13,40.0,27.6,29.72,30.67,29.82,27.47,26.04,26.03,26.4,27.38,27.84,27.99,28.11,27.91
T2M,2007,-1.7975103014118005e-13,40.625,28.2,30.24,31.19,30.1,27.25,25.77,25.93,26.31,27.12,27.57,27.76,28.1,27.95
T2M,2007,-1.7975103014118005e-13,41.25,28.67,30.58,31.24,30.05,27.26,25.93,26.25,26.56,27.31,27.56,27.87,28.39,28.12
T2M,2007,-1.7975103014118005e-13,41.875,28.36,30.23,31.0,29.94,27.58,26.03,26.12,26.61,27.23,27.57,27.96,28.44,28.07
T2M,2007,-2.0,34.375,21.16,20.91,22.21,23.07,22.46,21.63,22.51,23.37,22.98,24.52,24.53,22.94,22.7
T2M,2007,-2.0,35.0,19.51,19.17,20.33,20.37,19.54,19.11,19.2,20.32,21.01,21.7,21.97,20.86,20.26
T2M,2007,-2.0,35.625,17.55,17.63,18.62,18.42,17.39,16.25,15.99,17.13,18.51,19.21,19.46,18.65,17.9
T2M,2007,-2.0,36.25,22.62,24.06,25.39,25.1,24.03,22.44,22.54,23.49,24.95,25.54,25.7,24.76,24.22
T2M,2007,-2.0,36.875,19.3,20.85,21.53,21.44,20.35,19.38,19.37,19.38,20.76,21.0,20.98,20.31,20.38
T2M,2007,-2.0,37.5,20.7,22.52,22.92,22.88,21.56,20.46,20.15,20.34,21.75,22.01,22.15,21.38,21.56
T2M,2007,-2.0,38.125,23.2,24.8,25.1,25.03,23.69,22.27,22.04,22.59,23.89,24.03,24.23,23.58,23.69
T2M,2007,-2.0,38.75,25.57,27.72,27.73,27.21,25.38,24.5,24.23,24.44,25.68,25.68,26.18,25.97,25.84
T2M,2007,-2.0,39.375,26.7,28.94,28.98,28.12,25.92,24.63,24.73,24.98,26.15,26.37,27.19,27.32,26.65
T2M,2007,-2.0,40.0,27.56,29.83,30.0,28.97,26.41,25.25,25.53,25.58,26.66,27.01,27.72,28.05,27.36
T2M,2007,-2.0,40.625,28.05,29.54,30.08,29.39,26.98,25.36,25.36,25.6,26.28,27.05,27.71,27.96,27.43
T2M,2007,-2.0,41.25,27.76,27.88,28.84,29.08,27.82,26.29,25.81,25.91,26.18,26.96,27.61,27.61,27.31
T2M,2007,-2.0,41.875,27.01,26.76,27.85,28.56,28.3,26.85,25.82,25.72,25.8,26.45,27.06,26.87,26.92
T2M,2007,-2.5,34.375,20.71,20.21,21.03,22.0,21.82,21.08,21.96,23.49,23.45,25.17,24.37,22.44,22.32
T2M,2007,-2.5,35.0,18.94,18.57,19.35,19.58,19.17,18.52,18.76,20.38,21.14,22.15,21.72,20.32,19.89
T2M,2007,-2.5,35.625,19.87,20.19,21.38,21.21,20.28,19.12,19.32,20.6,22.11,23.04,22.76,21.48,20.95
T2M,2007,-2.5,36.25,22.34,23.15,24.2,24.23,23.28,21.64,21.96,23.14,24.75,25.63,25.4,24.08,23.65
T2M,2007,-2.5,36.875,20.32,21.72,22.36,22.9,22.22,20.82,21.24,21.84,23.22,23.12,22.68,21.52,21.99
T2M,2007,-2.5,37.5,20.94,22.59,23.14,23.47,22.18,21.26,21.23,21.55,22.75,22.83,22.93,21.81,22.22
T2M,2007,-2.5,38.125,23.18,24.46,24.69,24.9,23.39,22.01,21.86,22.44,23.73,23.86,24.2,23.41,23.5
T2M,2007,-2.5,38.75,25.67,27.53,27.38,27.11,25.17,24.13,23.94,24.23,25.5,25.51,26.23,25.76,25.66
T2M,2007,-2.5,39.375,26.5,28.28,28.25,27.78,25.65,23.98,24.12,24.58,25.6,25.93,26.87,26.81,26.18
T2M,2007,-2.5,40.0,27.1,28.88,29.0,28.54,26.3,25.02,25.23,25.34,26.13,26.53,27.28,27.53,26.89
T2M,2007,-2.5,40.625,27.61,28.1,28.86,29.03,27.55,26.1,25.68,25.7,26.06,26.64,27.39,27.66,27.19
T2M,2007,-2.5,41.25,26.95,26.74,27.86,28.58,28.2,26.78,25.74,25.64,25.78,26.38,27.03,27.02,26.89
T2M,2007,-2.5,41.875,26.99,26.78,27.84,28.59,28.31,26.9,25.84,25.75,25.83,26.48,27.1,27.03,26.95
T2M,2007,-3.0,34.375,20.46,19.8,20.38,20.9,20.95,20.18,20.96,22.69,23.89,25.61,24.56,22.24,21.9
T2M,2007,-3.0,35.0,19.28,18.73,19.3,19.46,19.18,18.1,18.5,20.28,21.63,22.99,22.54,20.86,20.08
T2M,2007,-3.0,35.625,16.73,16.5,16.92,16.9,16.2,14.7,15.03,16.11,17.44,18.86,19.01,17.75,16.85
T2M,2007,-3.0,36.25,20.86,21.39,22.15,22.01,20.98,19.21,19.91,20.93,22.46,23.99,24.31,22.78,21.75
T2M,2007,-3.0,36.875,20.19,21.07,22.07,22.17,20.37,18.31,18.53,19.59,21.45,22.69,23.2,21.61,20.93
T2M,2007,-3.0,37.5,17.25,17.98,18.34,18.48,17.33,15.38,15.46,16.12,17.22,18.15,18.83,17.86,17.36
T2M,2007,-3.0,38.125,23.2,24.16,24.25,24.45,22.74,21.33,21.18,21.66,22.79,23.31,23.96,23.02,22.99
T2M,2007,-3.0,38.75,25.5,27.31,26.87,26.63,24.62,23.36,23.27,23.71,24.9,25.08,25.97,25.21,25.19
T2M,2007,-3.0,39.375,26.47,28.32,28.04,27.64,25.43,23.58,23.84,24.31,25.28,25.64,26.71,26.51,25.96
T2M,2007,-3.0,40.0,26.89,28.07,28.31,28.24,26.53,25.19,25.13,25.22,25.86,26.3,27.2,27.12,26.66
T2M,2007,-3.0,40.625,26.85,26.87,27.96,28.62,28.03,26.62,25.65,25.56,25.79,26.32,27.04,27.19,26.87
T2M,2007,-3.0,41.25,26.91,26.77,27.9,28.64,28.21,26.83,25.75,25.67,25.8,26.41,27.08,27.22,26.93
T2M,2007,-3.0,41.875,26.99,26.83,27.9,28.63,28.27,26.92,25.82,25.78,25.84,26.49,27.12,27.25,26.99
T2M,2007,-3.5,34.375,21.83,20.99,21.46,21.94,22.26,21.51,22.44,23.78,25.36,26.34,25.9,23.68,23.14
T2M,2007,-3.5,35.0,21.3,20.33,20.73,20.73,20.5,19.46,19.74,21.12,22.78,23.75,23.88,22.43,21.4
T2M,2007,-3.5,35.625,19.8,19.42,19.74,19.6,19.2,17.55,17.93,18.86,20.63,21.79,22.05,21.11,19.81
T2M,2007,-3.5,36.25,21.42,21.76,21.97,21.86,21.12,19.5,20.04,20.96,22.53,23.45,23.96,23.15,21.81
T2M,2007,-3.5,36.875,22.32,22.79,22.54,22.07,20.88,19.08,19.19,20.16,21.86,22.74,23.47,23.45,21.7
T2M,2007,-3.5,37.5,24.64,25.45,24.96,24.52,22.62,20.74,20.84,21.61,23.37,24.2,25.12,24.95,23.57
T2M,2007,-3.5,38.125,22.63,23.73,23.55,23.45,21.4,19.84,19.79,20.22,21.46,21.98,23.11,22.25,21.94
T2M,2007,-3.5,38.75,24.76,26.04,25.58,25.37,23.61,21.91,21.78,22.31,23.34,23.91,25.01,24.37,23.98
T2M,2007,-3.5,39.375,26.46,28.21,27.48,27.11,25.04,23.05,23.36,23.78,24.74,25.22,26.41,26.17,25.57
T2M,2007,-3.5,40.0,26.91,27.64,28.08,28.28,27.27,25.86,25.33,25.32,25.75,26.21,27.15,27.17,26.74
T2M,2007,-3.5,40.625,26.84,26.93,27.99,28.61,28.12,26.71,25.65,25.56,25.75,26.31,27.11,27.34,26.91
T2M,2007,-3.5,41.25,26.98,26.9,27.97,28.68,28.2,26.84,25.72,25.69,25.8,26.42,27.15,27.46,26.98
T2M,2007,-3.5,41.875,27.02,26.89,27.95,28.66,28.22,26.9,25.77,25.78,25.82,26.49,27.12,27.42,27.0
T2M,2007,-4.0,34.375,22.31,21.55,21.97,22.6,22.68,21.79,22.61,24.13,25.8,26.77,26.38,24.03,23.56
T2M,2007,-4.0,35.0,20.74,19.84,20.29,20.53,20.16,19.11,19.6,20.79,22.53,23.37,23.52,21.72,21.02
T2M,2007,-4.0,35.625,19.87,19.33,19.63,19.63,19.25,17.52,17.83,18.77,20.52,21.61,22.03,20.86,19.74
T2M,2007,-4.0,36.25,21.57,21.54,21.59,21.73,21.21,19.49,19.84,20.89,22.58,23.51,24.02,23.04,21.75
T2M,2007,-4.0,36.875,21.86,22.05,21.8,21.78,20.85,19.22,19.24,20.09,21.74,22.61,23.28,22.81,21.44
T2M,2007,-4.0,37.5,23.5,24.24,23.71,23.56,22.18,20.3,20.47,21.26,22.85,23.67,24.56,23.84,22.83
T2M,2007,-4.0,38.125,24.56,25.79,24.77,24.44,22.55,20.69,20.77,21.47,22.89,23.22,24.49,23.96,23.28
T2M,2007,-4.0,38.75,25.6,27.01,25.77,25.23,23.49,21.58,21.66,22.2,23.28,23.82,25.25,24.97,24.14
T2M,2007,-4.0,39.375,27.35,28.64,27.71,27.39,25.48,23.51,23.87,24.17,25.13,25.71,26.85,26.76,26.03
T2M,2007,-4.0,40.0,26.88,27.35,28.07,28.52,27.89,26.41,25.52,25.43,25.71,26.2,27.03,27.33,26.86
T2M,2007,-4.0,40.625,27.0,27.18,28.09,28.63,28.15,26.72,25.65,25.58,25.73,26.3,27.14,27.51,26.97
T2M,2007,-4.0,41.25,27.07,27.06,28.07,28.66,28.19,26.83,25.68,25.69,25.77,26.41,27.19,27.59,27.02
T2M,2007,-4.0,41.875,27.07,26.97,28.0,28.67,28.17,26.85,25.7,25.75,25.78,26.48,27.16,27.54,27.01
T2M,2007,-4.5,34.375,21.25,20.59,21.12,21.67,21.3,19.83,20.31,21.71,23.7,25.01,25.08,22.77,22.03
T2M,2007,-4.5,35.0,19.84,19.04,19.54,19.73,19.25,17.47,18.0,19.18,20.91,21.9,22.27,20.62,19.82
T2M,2007,-4.5,35.625,20.01,19.46,19.58,19.47,19.18,17.31,17.68,18.62,20.36,21.23,21.76,20.65,19.61
T2M,2007,-4.5,36.25,21.89,21.7,21.56,21.73,21.32,19.55,19.77,20.9,22.7,23.4,24.06,23.05,21.8
T2M,2007,-4.5,36.875,21.84,21.79,21.44,21.46,20.69,19.03,19.11,19.92,21.54,22.22,23.11,22.59,21.22
T2M,2007,-4.5,37.5,23.12,23.65,22.91,22.64,21.5,19.6,19.66,20.46,21.95,22.78,24.01,23.5,22.14
T2M,2007,-4.5,38.125,23.17,24.28,23.57,23.18,21.5,19.18,19.2,20.13,21.52,22.16,23.47,23.22,22.03
T2M,2007,-4.5,38.75,25.26,26.7,25.87,25.26,23.8,21.61,21.76,22.46,23.59,24.11,25.39,25.32,24.24
T2M,2007,-4.5,39.375,27.32,28.4,27.99,27.83,26.7,24.93,24.71,24.92,25.58,26.16,27.12,27.27,26.56
T2M,2007,-4.5,40.0,27.08,27.51,28.17,28.63,28.06,26.56,25.61,25.5,25.74,26.24,27.04,27.45,26.96
T2M,2007,-4.5,40.625,27.24,27.44,28.16,28.66,28.15,26.69,25.62,25.57,25.7,26.27,27.12,27.66,27.02
T2M,2007,-4.5,41.25,27.19,27.24,28.09,28.62,28.16,26.8,25.62,25.66,25.73,26.36,27.17,27.71,27.03
T2M,2007,-4.5,41.875,27.13,27.07,28.02,28.62,28.13,26.82,25.64,25.71,25.73,26.43,27.17,27.66,27.01
T2M,2007,0.5,34.375,22.22,22.33,23.71,23.3,21.86,19.99,20.16,20.58,21.08,21.84,22.09,21.95,21.76
T2M,2007,0.5,35.0,18.39,19.1,20.23,20.16,19.15,17.34,17.23,17.65,18.0,18.48,18.4,18.0,18.51
T2M,2007,0.5,35.625,18.18,19.3,20.81,20.4,19.4,17.93,17.56,18.08,18.37,18.83,18.84,18.68,18.86
T2M,2007,0.5,36.25,21.26,22.27,23.42,23.33,22.75,20.6,19.93,20.16,20.47,21.64,21.66,21.32,21.56
T2M,2007,0.5,36.875,18.53,20.03,21.0,21.05,20.9,19.43,18.37,18.74,19.48,20.07,19.41,18.69,19.64
T2M,2007,0.5,37.5,21.73,23.58,24.28,24.22,24.13,22.73,21.92,22.55,23.61,23.29,22.36,22.07,23.03
T2M,2007,0.5,38.125,24.42,26.45,27.08,26.9,26.3,24.76,24.16,24.7,26.06,25.63,24.99,24.87,25.52
T2M,2007,0.5,38.75,26.31,28.56,29.37,28.93,27.86,26.49,26.12,26.53,27.67,27.53,27.22,27.02,27.46
T2M,2007,0.5,39.375,27.27,29.73,30.77,29.94,28.11,26.69,26.65,27.02,28.07,28.12,28.08,28.02,28.19
T2M,2007,0.5,40.0,27.88,30.19,31.3,30.27,28.17,26.6,26.63,27.06,28.05,28.24,28.33,28.37,28.41
T2M,2007,0.5,40.625,28.39,30.48,31.48,30.4,28.22,26.67,26.8,27.2,28.05,28.14,28.34,28.55,28.55
T2M,2007,0.5,41.25,28.39,30.41,31.25,30.15,28.16,26.79,26.96,27.26,28.04,28.06,28.49,28.81,28.55
T2M,2007,0.5,41.875,27.98,30.31,31.22,30.03,28.04,26.56,26.76,27.17,27.9,27.91,28.28,28.81,28.4
T2M,2007,1.0,34.375,18.07,18.47,19.55,19.54,18.32,16.39,16.29,16.53,16.65,17.56,17.51,16.97,17.65
T2M,2007,1.0,35.0,16.14,17.23,18.42,18.42,17.42,15.89,15.65,16.08,16.19,16.33,16.22,15.56,16.62
T2M,2007,1.0,35.625,19.4,20.6,21.76,21.45,20.25,18.88,18.54,18.77,19.14,19.79,19.57,19.38,19.79
T2M,2007,1.0,36.25,23.18,24.31,25.32,25.38,24.77,22.65,21.88,22.08,22.48,23.78,23.4,23.01,23.51
T2M,2007,1.0,36.875,19.06,20.64,21.4,21.59,21.6,20.15,18.96,19.34,20.23,20.51,19.75,19.19,20.2
T2M,2007,1.0,37.5,22.86,24.81,25.48,25.57,25.57,24.13,23.24,23.85,25.12,24.59,23.62,23.25,24.33
T2M,2007,1.0,38.125,25.86,27.97,28.7,28.6,28.22,26.6,25.91,26.44,27.76,27.3,26.49,26.35,27.17
T2M,2007,1.0,38.75,27.1,29.4,30.34,29.88,28.96,27.57,27.14,27.66,28.73,28.53,27.98,27.82,28.42
T2M,2007,1.0,39.375,27.33,30.0,31.19,30.2,28.54,27.12,27.08,27.46,28.47,28.44,28.15,28.08,28.49
T2M,2007,1.0,40.0,27.62,30.23,31.47,30.28,28.44,26.84,26.94,27.37,28.34,28.35,28.2,28.17,28.51
T2M,2007,1.0,40.625,27.83,30.49,31.59,30.41,28.61,27.14,27.29,27.65,28.52,28.43,28.34,28.52,28.72
T2M,2007,1.0,41.25,27.71,30.22,31.46,30.34,28.54,27.24,27.53,27.76,28.56,28.52,28.6,28.87,28.77
T2M,2007,1.0,41.875,27.78,30.64,31.73,30.38,28.51,27.06,27.28,27.64,28.37,28.31,28.48,29.02,28.75
T2M,2007,1.5,34.375,23.11,23.92,25.27,24.78,22.93,20.37,20.09,20.2,20.22,21.87,22.43,22.77,22.32
T2M,2007,1.5,35.0,20.3,21.74,22.92,22.66,21.41,19.41,18.99,19.17,19.28,20.1,20.36,20.45,20.56
T2M,2007,1.5,35.625,23.41,24.84,25.92,25.7,24.93,22.84,22.46,22.6,23.11,24.31,23.54,23.45,23.92
T2M,2007,1.5,36.25,25.98,27.39,28.32,28.34,27.77,25.51,24.95,25.48,25.88,26.89,26.16,25.85,26.54
T2M,2007,1.5,36.875,21.5,23.1,23.69,23.97,24.06,22.69,21.66,22.36,23.09,23.05,22.01,21.53,22.72
T2M,2007,1.5,37.5,24.37,26.19,26.84,26.91,26.81,25.1,24.22,24.92,26.1,25.89,24.87,24.55,25.56
T2M,2007,1.5,38.125,26.67,28.74,29.48,29.17,29.03,27.52,26.89,27.51,28.75,28.14,27.17,27.13,28.01
T2M,2007,1.5,38.75,26.91,29.31,30.55,29.9,29.26,27.87,27.44,27.98,29.03,28.66,27.79,27.95,28.55
T2M,2007,1.5,39.375,26.76,29.44,30.86,30.03,28.57,27.12,27.1,27.54,28.54,28.41,27.92,27.77,28.33
T2M,2007,1.5,40.0,26.95,29.74,31.23,30.12,28.52,27.02,27.16,27.58,28.58,28.55,28.09,28.01,28.45
T2M,2007,1.5,40.625,27.03,30.21,31.57,30.32,28.65,27.33,27.48,27.82,28.7,28.64,28.21,28.3,28.68
T2M,2007,1.5,41.25,27.42,30.66,31.9,30.64,28.85,27.42,27.61,27.92,28.72,28.77,28.63,28.89,28.94
T2M,2007,1.5,41.875,27.6,30.99,32.06,30.43,28.57,27.23,27.46,27.71,28.44,28.4,28.16,28.92,28.82
T2M,2007,2.0,34.375,25.35,26.3,27.48,26.91,25.26,22.38,22.22,22.45,22.38,24.3,24.47,24.79,24.51
T2M,2007,2.0,35.0,22.72,24.24,25.41,25.0,23.99,21.76,21.43,21.62,21.59,22.9,22.8,22.92,23.02
T2M,2007,2.0,35.625,26.12,27.64,28.8,28.54,27.79,25.65,25.21,25.59,26.12,27.29,26.59,26.65,26.83
T2M,2007,2.0,36.25,28.07,29.71,30.48,30.55,30.09,27.83,27.28,28.1,28.73,29.71,28.79,28.28,28.96
T2M,2007,2.0,36.875,21.93,23.57,23.9,24.06,24.26,22.82,21.91,22.73,23.61,23.53,22.5,22.06,23.07
T2M,2007,2.0,37.5,25.18,27.12,27.57,27.43,27.49,25.88,25.19,26.01,27.09,26.92,25.8,25.56,26.43
T2M,2007,2.0,38.125,25.79,28.04,28.91,28.44,28.41,27.01,26.51,27.1,28.19,27.61,26.52,26.6,27.42
T2M,2007,2.0,38.75,26.71,29.04,30.13,29.4,28.88,27.38,27.15,27.77,28.76,28.42,27.66,27.62,28.24
T2M,2007,2.0,39.375,26.8,29.5,30.76,29.58,28.41,26.88,26.97,27.46,28.49,28.29,27.65,27.61,28.19
T2M,2007,2.0,40.0,26.66,29.67,30.84,29.39,28.06,26.56,26.71,27.17,28.2,28.06,27.43,27.53,28.01
T2M,2007,2.0,40.625,26.61,30.4,31.44,29.46,27.82,26.89,26.98,27.21,28.15,27.92,27.08,27.6,28.11
T2M,2007,2.0,41.25,27.2,30.63,32.03,30.27,28.47,27.34,27.49,27.71,28.58,28.51,27.9,28.29,28.69
T2M,2007,2.0,41.875,27.15,31.05,32.06,30.07,28.19,27.1,27.32,27.5,28.36,28.13,27.51,28.5,28.56
T2M,2007,2.5,34.375,24.46,25.64,26.63,26.14,24.79,22.07,22.0,22.45,22.56,23.97,24.15,24.04,24.07
T2M,2007,2.5,35.0,24.05,25.7,26.62,26.31,25.38,23.26,22.94,23.3,23.42,24.48,24.2,24.33,24.49
T2M,2007,2.5,35.625,26.73,28.37,29.46,29.21,28.34,26.26,25.89,26.49,27.09,28.08,27.43,27.61,27.57
T2M,2007,2.5,36.25,28.29,30.02,30.7,30.54,30.13,28.21,27.63,28.5,29.51,30.13,29.07,28.81,29.29
T2M,2007,2.5,36.875,24.85,26.58,26.77,26.55,26.51,25.19,24.26,25.14,26.34,26.39,25.37,25.29,25.76
T2M,2007,2.5,37.5,26.6,28.64,29.17,28.66,28.55,27.25,26.73,27.48,28.73,28.41,27.31,27.41,27.9
T2M,2007,2.5,38.125,25.51,27.77,28.48,27.65,27.34,26.05,25.64,26.27,27.32,26.91,26.05,26.25,26.76
T2M,2007,2.5,38.75,26.71,29.07,29.94,28.75,28.18,26.81,26.64,27.33,28.3,27.94,27.21,27.36,27.84
T2M,2007,2.5,39.375,26.85,29.37,30.34,28.75,27.76,26.33,26.43,26.99,28.01,27.69,27.05,27.25,27.72
T2M,2007,2.5,40.0,26.38,29.19,30.13,28.45,27.2,25.84,25.91,26.45,27.48,27.26,26.65,26.86,27.3
T2M,2007,2.5,40.625,26.46,29.62,30.56,28.86,27.33,26.34,26.38,26.65,27.64,27.4,26.69,27.08,27.57
T2M,2007,2.5,41.25,27.67,30.31,31.31,29.72,28.23,26.89,26.92,27.22,28.09,28.1,27.67,28.14,28.34
T2M,2007,2.5,41.875,26.81,29.95,31.22,29.54,27.87,26.58,26.69,26.93,27.8,27.73,27.24,27.85,28.0
T2M,2007,3.0,34.375,22.91,24.51,25.32,24.85,23.57,21.35,21.16,21.5,21.97,22.56,22.67,22.83,22.92
T2M,2007,3.0,35.0,25.27,26.9,27.74,27.28,26.14,24.32,24.0,24.49,24.87,25.64,25.43,25.61,25.63
T2M,2007,3.0,35.625,27.77,29.43,30.58,30.06,29.08,27.27,26.93,27.63,28.48,29.34,28.78,28.96,28.69
T2M,2007,3.0,36.25,28.73,30.41,31.13,30.62,30.09,28.61,27.95,28.86,30.2,30.49,29.45,29.63,29.67
T2M,2007,3.0,36.875,27.07,29.07,29.74,29.16,28.8,27.55,26.74,27.68,29.25,29.13,28.02,28.36,28.37
T2M,2007,3.0,37.5,27.35,29.42,30.19,29.15,28.86,27.76,27.32,28.09,29.4,28.97,27.96,28.54,28.58
T2M,2007,3.0,38.125,26.46,28.54,29.07,27.93,27.53,26.4,25.98,26.8,27.85,27.46,26.63,27.21,27.31
T2M,2007,3.0,38.75,26.59,28.9,29.43,27.74,27.07,25.98,25.87,26.64,27.61,27.15,26.43,27.28,27.21
T2M,2007,3.0,39.375,26.48,28.91,29.43,27.61,26.61,25.39,25.41,26.14,27.11,26.74,26.13,26.65,26.87
T2M,2007,3.0,40.0,25.9,28.54,29.18,27.59,26.31,25.15,25.21,25.81,26.8,26.55,25.71,26.01,26.55
T2M,2007,3.0,40.625,26.26,28.97,29.76,28.54,27.08,26.03,26.03,26.36,27.33,27.16,26.36,26.42,27.18
T2M,2007,3.0,41.25,27.23,29.66,30.69,29.4,27.89,26.61,26.56,26.89,27.78,27.83,27.22,27.22,27.9
T2M,2007,3.0,41.875,26.59,29.08,30.51,29.24,27.65,26.17,26.18,26.51,27.4,27.48,26.86,26.71,27.52
T2M,2007,3.5,34.375,22.98,24.49,25.03,24.73,23.59,21.88,21.4,21.72,22.32,22.77,22.94,23.18,23.08
T2M,2007,3.5,35.0,26.49,27.94,28.74,28.34,27.29,25.53,25.17,25.7,26.25,27.12,26.93,27.08,26.87
T2M,2007,3.5,35.625,27.89,29.39,30.55,29.92,29.07,27.45,27.1,27.71,28.66,29.55,29.09,29.36,28.81
T2M,2007,3.5,36.25,28.28,29.83,30.71,29.94,29.4,28.14,27.48,28.25,29.62,29.85,29.15,29.41,29.17
T2M,2007,3.5,36.875,27.36,29.34,30.1,29.08,28.78,27.68,27.0,27.95,29.62,29.37,28.69,29.14,28.67
T2M,2007,3.5,37.5,26.51,28.39,29.09,27.48,27.04,25.92,25.49,26.24,27.74,27.48,27.06,27.89,27.19
T2M,2007,3.5,38.125,25.78,27.76,27.76,26.13,25.52,24.46,24.0,24.9,26.1,25.72,25.62,26.28,25.82
T2M,2007,3.5,38.75,25.63,27.85,27.76,25.72,24.79,23.7,23.4,24.25,25.34,25.1,25.04,25.87,25.36
T2M,2007,3.5,39.375,24.14,26.71,26.84,25.24,24.02,22.8,22.72,23.48,24.53,24.32,23.71,24.18,24.38
T2M,2007,3.5,40.0,25.11,27.82,28.1,26.77,25.52,24.49,24.52,25.18,26.19,25.79,24.72,24.95,25.75
T2M,2007,3.5,40.625,25.1,27.94,28.39,27.52,26.17,25.41,25.41,25.73,26.69,26.3,24.97,25.06,26.21
T2M,2007,3.5,41.25,26.13,28.68,29.81,29.05,27.77,26.59,26.47,26.85,27.74,27.74,26.54,26.05,27.44
T2M,2007,3.5,41.875,27.07,29.67,31.05,30.08,28.83,27.36,27.31,27.7,28.59,28.59,27.41,26.89,28.37
T2M,2007,4.0,34.375,25.35,26.84,27.58,26.98,25.76,24.27,23.87,24.06,24.82,25.52,25.71,25.99,25.55
T2M,2007,4.0,35.0,27.38,28.7,29.9,29.2,28.19,26.62,26.26,26.71,27.47,28.35,28.39,28.55,27.97
T2M,2007,4.0,35.625,26.88,28.27,29.44,28.69,27.91,26.41,26.07,26.58,27.52,28.4,28.19,28.62,27.74
T2M,2007,4.0,36.25,28.67,30.04,30.93,29.98,29.39,28.15,27.62,28.25,29.54,29.94,29.68,29.96,29.34
T2M,2007,4.0,36.875,26.82,28.69,29.39,27.91,27.4,26.36,25.78,26.58,28.07,28.23,28.16,28.67,27.66
T2M,2007,4.0,37.5,26.75,28.93,29.33,27.27,26.55,25.62,25.01,25.84,27.2,27.31,27.49,28.17,27.11
T2M,2007,4.0,38.125,23.59,26.17,25.93,23.97,22.79,21.68,21.23,21.91,23.08,23.09,23.37,24.11,23.39
T2M,2007,4.0,38.75,21.34,24.57,24.27,22.77,21.54,20.21,20.0,20.68,21.81,21.71,21.44,22.12,21.85
T2M,2007,4.0,39.375,22.24,25.57,25.3,23.99,22.76,21.57,21.7,22.43,23.53,23.01,22.17,22.75,23.07
T2M,2007,4.0,40.0,23.87,26.91,26.79,25.57,24.4,23.43,23.72,24.31,25.35,24.58,23.54,23.83,24.68
T2M,2007,4.0,40.625,24.18,26.88,27.28,26.55,25.55,24.93,24.96,25.34,26.35,25.55,23.93,23.86,25.43
T2M,2007,4.0,41.25,25.83,28.29,29.64,29.03,28.14,27.12,27.11,27.51,28.43,27.95,26.17,25.54,27.56
T2M,2007,4.0,41.875,27.36,29.99,31.59,30.74,29.73,28.47,28.53,28.99,29.89,29.41,27.62,26.97,29.1
T2M,2007,4.5,34.375,27.42,28.67,29.38,28.59,27.46,25.97,25.76,25.92,26.75,27.69,28.04,28.2,27.48
T2M,2007,4.5,35.0,27.19,28.34,29.73,28.95,27.9,26.46,26.29,26.7,27.54,28.45,28.52,28.87,27.91
T2M,2007,4.5,35.625,27.42,28.48,29.78,28.89,28.19,26.78,26.44,26.99,27.82,28.81,28.73,29.52,28.15
T2M,2007,4.5,36.25,28.59,29.85,30.98,29.83,29.05,27.62,27.37,27.89,29.02,29.87,30.11,30.41,29.21
T2M,2007,4.5,36.875,27.62,29.16,29.82,28.43,27.42,26.37,25.76,26.42,27.66,28.27,28.68,29.01,27.88
T2M,2007,4.5,37.5,25.02,27.4,27.96,25.89,24.54,23.63,23.12,23.72,25.01,25.42,25.8,26.31,25.3
T2M,2007,4.5,38.125,20.92,23.9,24.08,22.47,21.22,20.11,19.67,20.2,21.26,21.27,21.16,21.8,21.49
T2M,2007,4.5,38.75,21.47,24.54,24.71,23.42,22.27,21.24,20.98,21.48,22.52,22.23,21.72,21.88,22.36
T2M,2007,4.5,39.375,23.37,26.32,26.37,25.11,23.95,23.02,22.98,23.7,24.75,24.15,23.27,23.43,24.19
T2M,2007,4.5,40.0,22.6,25.32,25.43,24.5,23.43,22.26,22.26,22.88,23.95,23.41,22.42,22.37,23.39
T2M,2007,4.5,40.625,23.96,26.51,26.79,26.11,25.35,24.47,24.65,25.02,26.13,25.03,23.65,23.42,25.08
T2M,2007,4.5,41.25,24.43,26.69,27.73,27.07,26.35,25.41,25.49,25.94,26.92,25.96,24.23,23.88,25.83
T2M,2007,4.5,41.875,27.5,30.17,31.39,30.51,29.5,28.61,28.86,29.38,30.26,29.16,27.18,26.83,29.1
T2M,2008,-0.5,34.375,24.5,24.33,24.01,23.23,23.91,22.65,22.67,23.67,24.04,23.32,23.28,24.43,23.67
T2M,2008,-0.5,35.0,21.01,21.21,21.33,19.95,20.13,18.96,18.64,19.79,20.42,20.08,19.82,20.73,20.17
T2M,2008,-0.5,35.625,15.27,16.07,16.29,15.04,14.86,14.11,13.46,14.36,15.43,14.97,14.98,15.63,15.04
T2M,2008,-0.5,36.25,16.15,17.03,17.29,15.65,15.38,14.75,14.19,14.93,16.23,15.7,15.76,16.45,15.79
T2M,2008,-0.5,36.875,16.65,17.75,18.07,16.56,16.21,15.42,14.98,15.56,17.02,16.8,16.6,17.06,16.55
T2M,2008,-0.5,37.5,20.42,21.43,22.01,20.67,20.36,19.15,18.65,19.42,21.2,21.13,20.38,20.67,20.45
T2M,2008,-0.5,38.125,24.33,25.74,26.44,24.82,25.21,23.58,23.2,24.07,25.78,25.5,24.19,25.25,24.84
T2M,2008,-0.5,38.75,26.72,28.05,28.42,26.73,26.79,24.92,24.65,25.58,27.1,27.28,26.28,27.92,26.7
T2M,2008,-0.5,39.375,28.13,29.21,29.52,27.54,26.83,25.05,25.28,26.2,27.72,28.61,27.72,29.54,27.61
T2M,2008,-0.5,40.0,28.47,29.61,29.95,27.87,26.8,25.0,25.33,26.35,27.94,29.14,28.28,30.08,27.9
T2M,2008,-0.5,40.625,28.36,29.69,30.04,28.12,26.64,24.51,24.74,26.04,27.88,29.63,28.25,30.11,27.83
T2M,2008,-0.5,41.25,28.62,29.76,29.93,28.43,26.78,24.67,24.99,26.26,28.05,29.64,28.31,30.0,27.95
T2M,2008,-0.5,41.875,28.4,29.11,29.39,28.69,27.31,25.29,25.16,26.03,27.51,29.02,28.48,29.32,27.81
T2M,2008,-1.0,34.375,22.79,22.44,22.1,21.25,21.96,21.2,21.17,22.37,22.83,22.08,21.3,22.45,22.0
T2M,2008,-1.0,35.0,19.85,20.09,19.78,18.18,17.92,17.42,17.29,18.48,19.47,19.04,18.88,19.92,18.86
T2M,2008,-1.0,35.625,19.0,19.91,19.3,16.89,16.39,15.65,15.25,16.41,17.96,17.81,17.91,19.38,17.65
T2M,2008,-1.0,36.25,18.11,18.83,18.3,16.42,15.9,14.99,14.63,15.73,17.32,17.33,17.08,18.06,16.89
T2M,2008,-1.0,36.875,18.57,19.25,19.73,18.67,18.31,17.49,17.01,18.01,19.56,19.37,18.61,18.89,18.62
T2M,2008,-1.0,37.5,21.75,22.53,23.17,21.85,21.42,20.23,19.9,20.67,22.48,22.65,21.75,22.13,21.71
T2M,2008,-1.0,38.125,23.64,24.98,25.04,23.67,23.85,22.03,21.64,22.52,24.24,24.44,23.6,24.71,23.69
T2M,2008,-1.0,38.75,26.95,28.39,28.08,26.39,26.47,24.63,24.43,25.32,26.87,27.15,26.53,28.42,26.63
T2M,2008,-1.0,39.375,28.58,29.81,29.29,27.31,26.66,24.98,25.23,26.13,27.61,28.47,28.19,30.19,27.7
T2M,2008,-1.0,40.0,28.88,30.23,29.85,27.69,26.82,25.06,25.41,26.43,27.91,29.04,28.59,30.65,28.04
T2M,2008,-1.0,40.625,28.34,29.72,29.72,27.87,26.47,24.32,24.5,25.77,27.54,29.26,28.5,30.08,27.67
T2M,2008,-1.0,41.25,28.3,29.37,29.48,28.21,26.57,24.47,24.57,25.77,27.4,29.04,28.46,29.53,27.59
T2M,2008,-1.0,41.875,27.54,27.84,28.38,28.35,27.24,25.46,25.05,25.61,26.65,27.97,27.97,28.12,27.18
T2M,2008,-1.5,34.375,23.09,22.6,22.38,21.13,22.4,21.64,21.56,22.92,23.18,22.44,21.43,22.99,22.32
T2M,2008,-1.5,35.0,21.2,21.4,20.89,18.82,19.13,18.86,18.94,20.2,21.24,20.64,20.19,21.64,20.26
T2M,2008,-1.5,35.625,18.85,19.53,18.66,16.82,16.55,15.76,15.69,16.86,18.4,18.33,18.2,19.1,17.72
T2M,2008,-1.5,36.25,22.91,23.58,22.92,21.25,21.18,20.01,19.51,21.03,22.8,22.78,22.39,23.21,21.96
T2M,2008,-1.5,36.875,20.02,20.86,21.08,19.82,19.5,18.84,18.33,19.28,20.78,20.67,20.04,20.61,19.98
T2M,2008,-1.5,37.5,21.0,21.95,22.48,21.22,20.58,19.33,19.16,19.95,21.65,21.92,21.4,21.84,21.04
T2M,2008,-1.5,38.125,23.83,24.77,25.08,23.93,23.52,21.79,21.52,22.48,24.2,24.69,24.02,24.83,23.72
T2M,2008,-1.5,38.75,26.94,28.36,27.8,26.2,26.04,24.34,24.23,25.08,26.66,27.15,26.58,28.53,26.49
T2M,2008,-1.5,39.375,28.64,29.84,28.9,27.02,26.41,24.68,24.9,25.85,27.31,28.13,28.05,30.13,27.48
T2M,2008,-1.5,40.0,29.16,30.37,29.61,27.5,26.48,24.7,25.13,26.21,27.67,28.88,28.68,30.74,27.92
T2M,2008,-1.5,40.625,28.54,29.81,29.58,28.02,26.53,24.48,24.52,25.64,27.24,28.96,28.6,30.02,27.66
T2M,2008,-1.5,41.25,28.09,28.95,29.28,28.26,26.68,24.68,24.58,25.66,27.08,28.65,28.41,29.09,27.45
T2M,2008,-1.5,41.875,26.76,26.68,27.59,27.98,27.29,25.8,25.14,25.3,25.94,27.06,27.31,27.08,26.66
T2M,2008,-1.7975103014118005e-13,34.375,23.76,23.58,23.53,22.91,23.22,21.89,21.57,22.35,22.86,22.48,22.61,23.32,22.84
T2M,2008,-1.7975103014118005e-13,35.0,21.01,21.21,21.45,20.56,20.72,19.33,18.72,19.69,20.46,20.24,19.9,20.43,20.31
T2M,2008,-1.7975103014118005e-13,35.625,15.39,16.38,17.06,15.91,16.07,15.1,14.71,15.38,16.27,15.95,15.22,15.2,15.72
T2M,2008,-1.7975103014118005e-13,36.25,18.36,19.22,20.04,18.73,19.13,17.91,17.17,17.96,19.05,18.54,17.65,18.13,18.49
T2M,2008,-1.7975103014118005e-13,36.875,17.65,18.76,19.83,18.45,18.59,17.7,17.16,17.77,18.99,18.68,17.7,17.86,18.26
T2M,2008,-1.7975103014118005e-13,37.5,17.19,18.03,19.15,17.99,17.98,17.0,16.68,17.22,18.59,18.33,17.34,17.32,17.73
T2M,2008,-1.7975103014118005e-13,38.125,25.16,26.17,27.27,25.76,26.15,24.61,24.26,25.22,26.78,26.26,24.76,25.61,25.67
T2M,2008,-1.7975103014118005e-13,38.75,27.39,28.33,29.4,27.71,27.62,25.82,25.61,26.57,28.0,28.22,26.82,28.05,27.46
T2M,2008,-1.7975103014118005e-13,39.375,28.19,29.03,30.12,28.24,27.46,25.65,25.73,26.67,28.2,29.17,27.51,28.96,27.91
T2M,2008,-1.7975103014118005e-13,40.0,28.46,29.23,30.44,28.59,27.36,25.54,25.64,26.68,28.32,29.66,27.96,29.33,28.1
T2M,2008,-1.7975103014118005e-13,40.625,28.55,29.6,30.58,28.59,27.21,25.11,25.3,26.63,28.45,30.19,27.79,29.64,28.14
T2M,2008,-1.7975103014118005e-13,41.25,28.77,29.86,30.5,28.55,27.28,25.18,25.57,26.89,28.6,30.17,27.8,29.91,28.26
T2M,2008,-1.7975103014118005e-13,41.875,28.69,29.58,30.1,28.58,27.37,25.32,25.4,26.52,28.2,29.73,27.87,29.48,28.07
T2M,2008,-2.0,34.375,23.7,22.85,22.84,21.4,22.56,22.31,22.21,23.69,23.96,23.11,21.99,23.7,22.86
T2M,2008,-2.0,35.0,21.46,21.39,21.03,19.26,19.53,19.15,19.4,20.72,21.87,21.38,20.89,22.3,20.7
T2M,2008,-2.0,35.625,19.21,19.72,19.12,17.66,17.21,16.13,16.03,17.55,19.22,19.35,19.12,19.96,18.35
T2M,2008,-2.0,36.25,25.3,25.88,25.32,24.19,24.03,22.66,22.3,23.94,25.61,25.76,25.28,26.25,24.71
T2M,2008,-2.0,36.875,20.85,21.67,21.63,20.32,19.99,19.38,19.03,19.82,21.28,21.47,20.92,21.72,20.67
T2M,2008,-2.0,37.5,21.87,22.78,22.98,21.72,21.17,19.93,19.84,20.65,22.27,22.77,22.17,22.84,21.75
T2M,2008,-2.0,38.125,24.21,25.16,25.29,24.05,23.59,21.85,21.81,22.72,24.41,25.24,24.51,25.32,24.01
T2M,2008,-2.0,38.75,26.93,28.29,27.5,25.83,25.49,23.88,23.87,24.76,26.34,27.12,26.59,28.48,26.25
T2M,2008,-2.0,39.375,28.39,29.54,28.43,26.7,25.95,24.18,24.39,25.42,26.93,27.95,27.86,29.79,27.12
T2M,2008,-2.0,40.0,29.08,30.08,29.09,27.39,26.43,24.78,25.09,26.02,27.31,28.54,28.65,30.35,27.73
T2M,2008,-2.0,40.625,28.54,29.3,29.2,28.09,26.77,24.88,24.76,25.65,26.89,28.4,28.62,29.57,27.55
T2M,2008,-2.0,41.25,27.45,27.4,28.32,28.25,27.26,25.66,25.18,25.56,26.23,27.45,27.86,27.84,27.04
T2M,2008,-2.0,41.875,26.46,26.23,27.33,27.89,27.46,26.17,25.28,25.14,25.62,26.63,27.01,26.62,26.49
T2M,2008,-2.5,34.375,22.92,21.92,21.99,20.95,21.6,21.71,22.04,23.43,24.27,23.55,22.11,23.36,22.49
T2M,2008,-2.5,35.0,20.74,20.3,20.13,18.66,18.53,18.37,18.85,20.29,21.97,21.8,20.85,21.79,20.19
T2M,2008,-2.5,35.625,21.78,22.14,21.72,19.98,19.35,18.54,19.19,20.72,22.82,23.26,22.12,23.23,21.24
T2M,2008,-2.5,36.25,24.59,24.75,24.43,23.11,22.63,21.48,21.46,23.21,25.49,26.23,24.93,25.77,24.01
T2M,2008,-2.5,36.875,22.02,22.48,22.62,21.67,21.49,20.76,20.71,21.95,23.57,24.12,22.32,22.83,22.21
T2M,2008,-2.5,37.5,22.37,22.9,23.22,21.85,21.44,20.59,20.87,21.66,23.2,23.98,22.63,23.11,22.32
T2M,2008,-2.5,38.125,24.06,24.98,25.01,23.67,23.15,21.52,21.59,22.56,24.34,25.39,24.27,24.86,23.78
T2M,2008,-2.5,38.75,26.81,27.97,27.22,25.48,25.0,23.47,23.62,24.55,26.05,27.33,26.46,27.95,25.99
T2M,2008,-2.5,39.375,27.79,28.85,27.8,26.26,25.37,23.57,23.81,24.9,26.42,27.77,27.44,28.92,26.57
T2M,2008,-2.5,40.0,28.31,28.8,28.18,27.12,26.2,24.68,24.76,25.49,26.5,27.85,28.14,29.04,27.09
T2M,2008,-2.5,40.625,27.74,27.58,28.24,28.0,27.06,25.54,25.06,25.43,26.13,27.38,27.96,28.14,27.02
T2M,2008,-2.5,41.25,26.63,26.2,27.5,27.84,27.41,26.11,25.16,25.13,25.53,26.56,27.09,26.79,26.5
T2M,2008,-2.5,41.875,26.58,26.24,27.42,27.96,27.5,26.22,25.34,25.15,25.63,26.62,27.15,26.77,26.55
T2M,2008,-3.0,34.375,22.35,20.9,21.29,20.56,21.04,20.87,21.33,22.66,24.71,24.18,22.67,23.4,22.17
T2M,2008,-3.0,35.0,21.0,20.07,20.06,18.61,18.22,18.14,18.5,20.23,22.44,22.63,21.65,22.23,20.32
T2M,2008,-3.0,35.625,18.0,17.68,17.39,16.02,15.03,14.17,14.47,15.94,18.08,19.18,18.5,18.9,16.95
T2M,2008,-3.0,36.25,23.01,22.8,22.29,20.35,19.43,18.71,19.08,20.97,23.24,24.56,23.41,24.21,21.84
T2M,2008,-3.0,36.875,21.86,21.87,21.92,19.93,18.72,17.8,17.9,19.65,22.33,23.62,22.66,22.57,20.9
T2M,2008,-3.0,37.5,18.17,18.25,18.48,17.05,16.18,14.96,14.97,15.97,17.87,19.2,18.61,18.61,17.36
T2M,2008,-3.0,38.125,23.78,24.43,24.4,23.01,22.34,20.77,20.8,21.68,23.43,24.97,23.98,24.34,23.16
T2M,2008,-3.0,38.75,26.53,27.51,26.58,24.87,24.32,22.72,22.91,23.89,25.39,27.07,25.99,27.09,25.4
T2M,2008,-3.0,39.375,27.6,28.45,27.37,25.99,25.07,23.28,23.52,24.54,25.97,27.58,27.26,28.4,26.25
T2M,2008,-3.0,40.0,27.67,27.72,27.72,26.88,26.23,24.83,24.63,25.18,25.94,27.31,27.64,28.07,26.65
T2M,2008,-3.0,40.625,26.98,26.29,27.68,27.74,27.26,25.97,25.07,25.1,25.51,26.6,27.23,27.1,26.54
T2M,2008,-3.0,41.25,26.84,26.21,27.66,27.92,27.45,26.17,25.21,25.14,25.54,26.58,27.25,27.03,26.58
T2M,2008,-3.0,41.875,26.79,26.28,27.51,27.99,27.5,26.26,25.36,25.15,25.64,26.61,27.27,27.02,26.61
T2M,2008,-3.5,34.375,23.76,22.06,22.5,21.87,22.47,22.13,22.68,23.94,25.96,25.96,24.52,24.76,23.56
T2M,2008,-3.5,35.0,22.69,21.58,21.55,20.07,19.99,19.3,19.66,21.18,23.39,24.07,23.3,23.89,21.73
T2M,2008,-3.5,35.625,21.49,20.88,20.35,18.69,18.15,17.13,17.22,18.85,21.18,22.33,21.74,22.41,20.03
T2M,2008,-3.5,36.25,23.52,22.81,22.27,20.49,19.9,18.96,19.34,20.99,23.09,24.3,23.49,24.53,21.97
T2M,2008,-3.5,36.875,23.99,23.45,22.44,20.57,19.63,18.34,18.36,20.15,22.35,23.73,23.26,24.45,21.72
T2M,2008,-3.5,37.5,25.68,25.67,24.59,22.6,21.61,20.1,20.15,21.63,23.86,25.56,25.01,25.87,23.52
T2M,2008,-3.5,38.125,23.18,23.88,23.28,21.75,21.05,19.26,19.35,20.25,21.94,23.55,23.12,23.69,22.02
T2M,2008,-3.5,38.75,25.41,26.03,25.28,23.92,23.17,21.41,21.45,22.29,23.74,25.46,25.12,25.85,24.09
T2M,2008,-3.5,39.375,27.27,27.87,26.75,25.47,24.59,22.84,23.03,23.97,25.27,26.9,26.86,27.83,25.72
T2M,2008,-3.5,40.0,27.5,27.09,27.64,27.13,26.68,25.34,24.8,25.07,25.59,26.85,27.41,27.7,26.57
T2M,2008,-3.5,40.625,27.15,26.31,27.68,27.75,27.34,26.04,25.09,25.07,25.44,26.53,27.28,27.23,26.58
T2M,2008,-3.5,41.25,27.17,26.34,27.78,27.94,27.44,26.2,25.23,25.14,25.55,26.6,27.4,27.32,26.68
T2M,2008,-3.5,41.875,27.05,26.35,27.63,28.01,27.47,26.25,25.35,25.12,25.63,26.59,27.41,27.25,26.68
T2M,2008,-4.0,34.375,24.16,22.48,23.08,22.63,23.21,22.63,22.97,24.46,26.47,27.02,25.05,24.88,24.09
T2M,2008,-4.0,35.0,22.16,20.84,21.13,19.91,20.04,19.3,19.66,21.07,23.17,24.09,22.91,23.06,21.45
T2M,2008,-4.0,35.625,21.31,20.5,20.24,18.77,18.53,17.21,17.22,18.79,21.02,22.31,21.63,22.07,19.97
T2M,2008,-4.0,36.25,23.47,22.47,22.14,20.66,20.38,19.1,19.3,21.01,23.04,24.38,23.54,24.21,21.98
T2M,2008,-4.0,36.875,23.15,22.45,22.17,20.55,19.99,18.59,18.59,20.16,22.14,23.6,22.9,23.55,21.49
T2M,2008,-4.0,37.5,24.41,24.33,23.8,22.09,21.54,19.81,19.9,21.36,23.33,24.95,24.27,24.98,22.9
T2M,2008,-4.0,38.125,24.84,25.58,24.44,22.73,22.16,20.23,20.4,21.5,23.23,24.95,24.52,25.47,23.33
T2M,2008,-4.0,38.75,25.97,26.67,25.3,23.7,22.96,21.2,21.34,22.23,23.62,25.39,25.49,26.37,24.18
T2M,2008,-4.0,39.375,27.64,27.99,26.97,25.72,24.99,23.46,23.46,24.33,25.41,26.99,27.28,28.1,26.02
T2M,2008,-4.0,40.0,27.42,26.66,27.74,27.47,27.12,25.74,24.94,25.05,25.41,26.56,27.29,27.43,26.57
T2M,2008,-4.0,40.625,27.42,26.53,27.75,27.79,27.34,26.06,25.1,25.08,25.43,26.53,27.41,27.46,26.66
T2M,2008,-4.0,41.25,27.42,26.52,27.84,27.96,27.41,26.2,25.23,25.13,25.54,26.59,27.46,27.5,26.73
T2M,2008,-4.0,41.875,27.28,26.47,27.73,27.99,27.43,26.22,25.31,25.07,25.62,26.57,27.49,27.41,26.72
T2M,2008,-4.5,34.375,23.02,21.51,21.78,21.42,21.91,20.44,20.49,22.18,24.68,25.87,24.17,23.51,22.59
T2M,2008,-4.5,35.0,21.19,19.83,19.92,18.86,19.0,17.78,17.76,19.41,21.51,22.87,21.83,21.8,20.15
T2M,2008,-4.5,35.625,21.24,20.23,20.06,18.48,18.47,17.14,17.11,18.68,20.62,22.08,21.49,21.78,19.78
T2M,2008,-4.5,36.25,23.62,22.43,22.25,20.7,20.76,19.27,19.5,21.08,22.9,24.34,23.81,24.27,22.08
T2M,2008,-4.5,36.875,22.92,22.0,21.89,20.34,20.08,18.56,18.62,20.0,21.73,23.29,22.91,23.44,21.32
T2M,2008,-4.5,37.5,23.97,23.64,23.12,21.43,20.83,19.14,19.27,20.48,22.32,24.1,23.94,24.47,22.22
T2M,2008,-4.5,38.125,23.83,24.42,23.52,21.73,20.81,18.81,18.98,20.07,21.93,23.88,23.74,24.3,22.16
T2M,2008,-4.5,38.75,26.07,26.78,25.63,23.99,23.12,21.37,21.48,22.43,23.81,25.61,25.81,26.55,24.38
T2M,2008,-4.5,39.375,27.84,27.82,27.54,26.49,26.0,24.59,24.25,24.82,25.51,26.95,27.53,28.1,26.45
T2M,2008,-4.5,40.0,27.53,26.77,27.85,27.6,27.27,25.85,25.02,25.07,25.41,26.54,27.34,27.5,26.65
T2M,2008,-4.5,40.625,27.63,26.83,27.85,27.82,27.33,26.04,25.09,25.06,25.41,26.53,27.51,27.64,26.73
T2M,2008,-4.5,41.25,27.57,26.73,27.9,27.95,27.36,26.17,25.21,25.1,25.51,26.56,27.56,27.63,26.77
T2M,2008,-4.5,41.875,27.45,26.6,27.78,27.96,27.38,26.19,25.26,25.02,25.6,26.54,27.55,27.57,26.74
T2M,2008,0.5,34.375,23.31,22.65,22.83,22.14,21.99,20.55,19.88,20.68,21.51,21.44,21.41,21.74,21.68
T2M,2008,0.5,35.0,19.21,19.7,20.19,19.18,19.37,17.96,17.03,17.93,18.85,18.67,17.96,18.16,18.68
T2M,2008,0.5,35.625,19.55,20.63,21.18,19.62,19.7,18.54,18.3,18.83,20.12,19.36,18.08,18.94,19.4
T2M,2008,0.5,36.25,21.94,22.88,23.81,22.6,23.08,21.55,20.62,21.34,22.74,22.24,20.88,21.41,22.09
T2M,2008,0.5,36.875,19.13,20.04,21.55,20.48,21.06,19.8,19.29,19.74,20.95,20.72,19.0,19.02,20.07
T2M,2008,0.5,37.5,22.45,23.42,24.76,23.49,23.76,22.8,22.54,23.15,24.47,23.91,22.14,22.48,23.28
T2M,2008,0.5,38.125,25.15,25.84,27.33,25.97,25.93,24.23,23.93,24.95,26.43,26.32,24.51,25.27,25.49
T2M,2008,0.5,38.75,27.35,27.95,29.62,28.0,27.63,25.88,25.75,26.64,28.06,28.47,26.63,27.57,27.46
T2M,2008,0.5,39.375,28.3,28.96,30.66,28.78,27.93,26.17,26.23,27.16,28.67,29.67,27.06,28.39,28.17
T2M,2008,0.5,40.0,28.61,29.29,30.98,29.02,27.85,26.11,26.14,27.23,28.86,30.21,27.13,28.74,28.35
T2M,2008,0.5,40.625,28.75,29.51,31.04,28.99,27.9,25.92,25.99,27.31,29.06,30.74,27.22,29.04,28.46
T2M,2008,0.5,41.25,28.9,29.68,30.86,28.84,27.94,25.94,26.12,27.35,28.98,30.55,27.77,29.41,28.53
T2M,2008,0.5,41.875,28.91,29.6,30.61,28.61,27.69,25.71,25.76,27.06,28.69,30.17,27.41,29.13,28.28
T2M,2008,1.0,34.375,18.14,18.42,18.84,18.31,18.1,16.87,15.86,16.74,17.58,17.53,17.07,17.21,17.55
T2M,2008,1.0,35.0,17.03,17.88,18.51,17.4,17.57,16.27,15.54,16.36,17.15,16.76,15.77,15.79,16.83
T2M,2008,1.0,35.625,20.09,21.37,21.92,20.51,20.69,19.32,19.08,19.69,21.02,20.2,18.9,19.96,20.23
T2M,2008,1.0,36.25,23.6,24.75,25.79,24.84,25.22,23.66,22.67,23.45,24.98,24.46,23.14,23.64,24.18
T2M,2008,1.0,36.875,19.52,20.26,21.94,21.31,21.45,20.43,20.07,20.34,21.54,21.21,19.76,19.64,20.62
T2M,2008,1.0,37.5,23.45,24.22,26.02,25.06,25.0,23.73,23.59,24.28,25.59,25.22,23.48,23.89,24.46
T2M,2008,1.0,38.125,26.49,27.21,29.06,27.81,27.72,25.91,25.59,26.59,28.0,28.12,26.14,26.86,27.13
T2M,2008,1.0,38.75,28.08,28.73,30.65,29.09,28.63,26.96,26.86,27.72,29.09,29.66,27.31,28.29,28.42
T2M,2008,1.0,39.375,28.39,29.08,30.98,29.06,28.28,26.7,26.64,27.55,29.02,29.98,27.01,28.33,28.42
T2M,2008,1.0,40.0,28.44,29.09,31.07,29.04,28.01,26.32,26.37,27.46,29.07,30.39,26.58,28.27,28.34
T2M,2008,1.0,40.625,28.79,29.42,31.26,29.05,28.1,26.31,26.34,27.7,29.35,30.93,26.8,28.47,28.55
T2M,2008,1.0,41.25,29.14,29.78,31.29,29.03,28.08,26.24,26.4,27.8,29.34,30.88,27.55,28.84,28.7
T2M,2008,1.0,41.875,29.22,29.76,31.16,28.82,27.95,26.09,26.06,27.47,29.08,30.55,27.03,28.94,28.51
T2M,2008,1.5,34.375,24.15,24.2,24.28,23.73,23.13,21.17,20.17,20.82,21.83,21.7,21.08,22.84,22.42
T2M,2008,1.5,35.0,21.43,22.41,22.85,21.86,21.73,19.92,19.2,19.9,21.0,20.55,19.28,20.57,20.89
T2M,2008,1.5,35.625,24.1,25.24,26.01,24.98,25.29,23.7,22.9,23.62,25.31,24.61,23.19,23.98,24.41
T2M,2008,1.5,36.25,26.34,27.34,28.58,27.91,28.25,26.43,25.66,26.27,28.15,27.51,26.02,26.66,27.09
T2M,2008,1.5,36.875,21.86,22.68,24.23,23.76,23.98,22.85,22.56,22.91,24.3,23.84,22.33,22.49,23.15
T2M,2008,1.5,37.5,24.81,25.6,27.23,26.52,26.57,24.88,24.6,25.27,26.64,26.66,24.92,25.45,25.76
T2M,2008,1.5,38.125,27.13,27.99,29.81,28.59,28.69,26.9,26.65,27.58,28.95,29.15,26.94,27.92,28.03
T2M,2008,1.5,38.75,27.94,29.0,30.76,29.04,28.97,27.35,27.18,28.07,29.41,29.71,27.36,28.75,28.63
T2M,2008,1.5,39.375,27.96,28.65,30.74,28.87,28.18,26.6,26.62,27.58,29.05,29.97,26.9,28.09,28.27
T2M,2008,1.5,40.0,28.34,29.03,30.96,29.0,28.11,26.59,26.54,27.63,29.22,30.29,27.15,28.19,28.42
T2M,2008,1.5,40.625,28.66,29.23,31.3,28.94,27.99,26.45,26.5,27.81,29.38,30.86,26.64,27.98,28.48
T2M,2008,1.5,41.25,29.14,29.66,31.57,29.15,28.19,26.47,26.42,27.73,29.4,30.88,26.75,28.59,28.66
T2M,2008,1.5,41.875,29.21,29.72,31.34,28.79,27.86,26.16,26.05,27.54,29.18,30.56,26.56,28.69,28.47
T2M,2008,2.0,34.375,25.86,26.33,26.5,26.15,25.57,23.46,22.44,23.31,24.33,24.07,23.33,25.01,24.69
T2M,2008,2.0,35.0,23.72,24.78,25.25,24.4,24.08,22.36,21.69,22.5,23.67,23.17,21.95,23.11,23.39
T2M,2008,2.0,35.625,26.98,28.04,28.91,28.04,27.82,26.46,25.93,26.59,28.31,27.67,26.21,27.28,27.35
T2M,2008,2.0,36.25,28.56,29.5,30.89,30.24,30.59,28.95,28.27,28.82,30.81,30.11,28.58,29.15,29.54
T2M,2008,2.0,36.875,22.28,23.09,24.53,24.02,24.3,22.91,22.74,23.14,24.54,24.3,22.75,23.1,23.48
T2M,2008,2.0,37.5,25.67,26.5,28.12,27.29,27.37,25.74,25.52,26.22,27.64,27.67,25.88,26.64,26.69
T2M,2008,2.0,38.125,26.48,27.61,29.16,27.83,28.05,26.43,26.25,27.13,28.5,28.4,26.35,27.39,27.47
T2M,2008,2.0,38.75,27.53,28.65,30.28,28.64,28.54,27.01,26.89,27.81,29.21,29.27,27.24,28.37,28.29
T2M,2008,2.0,39.375,27.75,28.61,30.5,28.39,27.87,26.36,26.44,27.46,28.99,29.51,26.9,28.05,28.07
T2M,2008,2.0,40.0,27.8,28.58,30.48,28.15,27.46,26.03,26.06,27.17,28.77,29.43,26.56,27.78,27.86
T2M,2008,2.0,40.625,28.0,28.76,30.84,27.76,26.94,25.82,25.85,27.21,28.77,30.05,25.72,27.34,27.76
T2M,2008,2.0,41.25,28.65,29.22,31.38,28.42,27.57,26.19,26.19,27.57,29.24,30.57,26.38,28.0,28.28
T2M,2008,2.0,41.875,28.82,29.55,31.21,28.17,27.29,25.82,25.82,27.47,29.13,30.33,26.15,28.26,28.17
T2M,2008,2.5,34.375,25.02,25.86,26.18,25.45,25.29,23.53,22.31,23.64,24.38,23.82,23.09,24.53,24.42
T2M,2008,2.5,35.0,25.0,26.2,26.81,25.79,25.34,24.05,23.57,24.49,25.47,24.89,23.53,24.51,24.97
T2M,2008,2.5,35.625,27.84,28.81,29.65,28.75,28.39,27.4,26.99,27.85,29.0,28.46,26.96,28.11,28.18
T2M,2008,2.5,36.25,28.92,29.79,30.94,30.2,30.34,29.15,28.7,29.5,30.73,30.48,28.84,29.51,29.76
T2M,2008,2.5,36.875,25.43,26.35,27.38,26.43,26.5,25.26,25.21,25.73,27.09,27.06,25.33,26.21,26.17
T2M,2008,2.5,37.5,27.35,28.5,29.6,28.33,28.56,27.24,27.09,27.83,29.19,29.07,27.15,28.37,28.19
T2M,2008,2.5,38.125,26.21,27.41,28.43,26.95,27.0,25.61,25.43,26.28,27.74,27.55,25.67,26.85,26.76
T2M,2008,2.5,38.75,27.42,28.6,29.73,27.94,27.88,26.47,26.38,27.34,28.8,28.68,26.68,27.93,27.82
T2M,2008,2.5,39.375,27.56,28.53,29.9,27.6,27.26,25.81,25.94,26.94,28.5,28.64,26.39,27.69,27.56
T2M,2008,2.5,40.0,27.17,27.97,29.65,27.11,26.57,25.26,25.24,26.42,28.02,28.39,25.78,27.13,27.06
T2M,2008,2.5,40.625,27.42,28.07,30.07,27.14,26.4,25.35,25.23,26.52,28.12,29.13,25.61,27.02,27.18
T2M,2008,2.5,41.25,28.38,28.94,30.7,27.88,27.31,25.86,25.72,26.94,28.62,29.73,26.55,28.12,27.9
T2M,2008,2.5,41.875,28.32,28.89,30.53,27.71,26.92,25.43,25.29,26.71,28.41,29.35,26.2,27.75,27.63
T2M,2008,3.0,34.375,23.94,24.98,25.32,24.1,24.15,22.78,21.8,23.19,23.56,22.8,21.83,22.95,23.45
T2M,2008,3.0,35.0,26.29,27.43,28.05,26.68,26.27,25.38,25.07,26.1,26.69,26.1,24.86,25.67,26.21
T2M,2008,3.0,35.625,28.92,29.79,30.64,29.53,29.22,28.72,28.49,29.33,29.84,29.58,28.12,29.22,29.28
T2M,2008,3.0,36.25,29.49,30.28,31.19,30.18,30.18,29.22,28.99,29.81,30.75,30.76,29.09,30.03,30.0
T2M,2008,3.0,36.875,28.16,29.26,29.97,28.56,28.8,27.82,27.75,28.47,29.74,29.67,27.5,28.9,28.72
T2M,2008,3.0,37.5,28.24,29.52,30.09,28.47,28.86,27.79,27.66,28.43,29.83,29.6,27.48,29.04,28.75
T2M,2008,3.0,38.125,27.27,28.44,28.93,27.21,27.37,26.1,25.99,26.84,28.31,28.02,26.22,27.61,27.36
T2M,2008,3.0,38.75,27.35,28.6,28.94,26.89,26.91,25.75,25.68,26.65,28.13,27.75,25.93,27.64,27.18
T2M,2008,3.0,39.375,27.1,28.05,28.9,26.57,26.3,24.92,25.06,26.06,27.65,27.53,25.48,27.0,26.72
T2M,2008,3.0,40.0,26.47,27.23,28.74,26.31,25.82,24.62,24.56,25.71,27.34,27.5,24.86,26.18,26.28
T2M,2008,3.0,40.625,26.81,27.37,29.42,27.04,26.29,25.15,24.92,26.1,27.71,28.38,25.35,26.34,26.74
T2M,2008,3.0,41.25,27.65,28.09,30.2,27.81,27.1,25.66,25.4,26.55,28.27,29.05,26.13,27.13,27.42
T2M,2008,3.0,41.875,27.41,27.89,29.87,27.47,26.65,25.2,24.86,26.13,27.9,28.57,25.64,26.49,27.01
T2M,2008,3.5,34.375,23.86,25.3,25.55,24.16,24.09,23.05,22.31,23.35,23.87,22.92,22.28,23.24,23.66
T2M,2008,3.5,35.0,27.67,28.84,29.25,27.82,27.6,26.82,26.21,27.51,27.81,27.23,26.38,27.3,27.53
T2M,2008,3.5,35.625,29.04,30.03,30.57,29.23,29.11,28.74,28.51,29.29,29.86,29.48,28.37,29.59,29.32
T2M,2008,3.5,36.25,29.18,30.1,30.61,29.15,29.21,28.49,28.42,29.23,30.18,29.97,28.66,29.83,29.42
T2M,2008,3.5,36.875,28.73,29.99,30.15,28.23,28.55,27.8,27.93,28.82,30.06,29.55,27.97,29.65,28.95
T2M,2008,3.5,37.5,27.7,28.99,28.67,26.59,26.82,26.05,25.97,26.83,28.19,27.72,26.57,28.3,27.36
T2M,2008,3.5,38.125,26.51,27.6,27.42,25.43,25.41,24.13,24.05,25.15,26.55,26.08,25.03,26.54,25.82
T2M,2008,3.5,38.75,26.22,27.35,27.2,24.92,24.73,23.43,23.28,24.43,25.93,25.48,24.42,26.16,25.29
T2M,2008,3.5,39.375,24.75,25.77,26.38,24.2,23.76,22.48,22.34,23.45,25.08,24.88,23.06,24.51,24.22
T2M,2008,3.5,40.0,25.54,26.41,27.91,25.63,25.13,24.01,23.87,25.02,26.68,26.59,23.87,25.15,25.48
T2M,2008,3.5,40.625,25.5,26.35,28.43,26.24,25.51,24.64,24.29,25.39,27.06,27.25,23.83,24.89,25.78
T2M,2008,3.5,41.25,26.61,27.1,29.42,27.69,27.06,25.74,25.32,26.46,28.19,28.73,25.22,25.7,26.94
T2M,2008,3.5,41.875,27.7,28.09,30.3,28.4,27.82,26.5,26.06,27.29,29.06,29.45,25.8,26.43,27.74
T2M,2008,4.0,34.375,26.78,28.27,28.42,26.55,26.77,25.76,24.56,25.91,26.43,25.39,25.06,26.46,26.36
T2M,2008,4.0,35.0,29.01,30.35,30.4,28.61,28.67,28.19,27.26,28.7,28.79,28.08,27.68,29.12,28.73
T2M,2008,4.0,35.625,28.2,29.42,29.49,27.86,27.7,27.3,27.19,28.05,28.64,28.13,27.53,28.78,28.19
T2M,2008,4.0,36.25,29.68,30.71,30.79,29.03,28.98,28.34,28.4,29.31,30.18,29.81,29.07,30.28,29.55
T2M,2008,4.0,36.875,28.36,29.68,29.36,26.92,26.94,26.38,26.53,27.69,28.72,28.01,27.22,28.95,27.89
T2M,2008,4.0,37.5,28.15,29.33,28.94,26.32,26.14,25.43,25.45,26.54,27.7,27.09,26.5,28.31,27.15
T2M,2008,4.0,38.125,24.45,25.58,25.52,23.17,22.69,21.51,21.14,22.14,23.32,23.03,22.54,24.23,23.27
T2M,2008,4.0,38.75,22.39,23.47,23.87,21.8,21.25,20.18,19.83,20.8,21.88,21.72,20.59,22.12,21.65
T2M,2008,4.0,39.375,23.15,24.3,25.23,22.89,22.41,21.56,21.43,22.46,23.86,23.26,21.47,22.91,22.91
T2M,2008,4.0,40.0,24.5,25.52,26.9,24.43,24.02,23.1,23.0,24.11,25.76,25.14,22.72,24.02,24.43
T2M,2008,4.0,40.625,24.57,25.37,27.44,25.47,24.91,24.27,23.9,24.97,26.68,26.43,22.84,23.79,25.05
T2M,2008,4.0,41.25,26.29,26.96,29.26,27.86,27.41,26.33,25.98,27.07,28.82,28.83,24.83,25.12,27.07
T2M,2008,4.0,41.875,27.93,28.6,30.85,29.14,28.71,27.71,27.34,28.57,30.29,30.12,25.95,26.34,28.46
T2M,2008,4.5,34.375,29.11,30.54,30.48,27.97,28.94,27.92,26.05,27.94,28.12,26.91,27.4,29.32,28.39
T2M,2008,4.5,35.0,29.31,30.85,30.56,28.12,28.55,28.38,27.23,28.82,28.75,27.95,27.74,29.75,28.83
T2M,2008,4.5,35.625,29.02,30.41,30.12,28.0,27.87,27.56,27.53,28.56,28.94,28.32,28.09,29.52,28.66
T2M,2008,4.5,36.25,30.02,31.24,30.94,28.68,28.6,28.23,28.26,29.39,30.04,29.32,28.95,30.58,29.52
T2M,2008,4.5,36.875,28.83,29.97,29.74,27.27,26.92,26.41,26.42,27.62,28.44,27.87,27.36,29.02,27.99
T2M,2008,4.5,37.5,26.41,27.53,27.31,24.82,24.29,23.92,23.5,24.69,25.43,24.87,24.23,26.35,25.27
T2M,2008,4.5,38.125,22.05,23.24,23.65,21.66,21.16,20.39,19.64,20.52,21.17,21.08,20.18,21.54,21.35
T2M,2008,4.5,38.75,22.38,23.33,24.33,22.49,22.18,21.38,20.74,21.68,22.47,22.28,20.59,21.82,22.14
T2M,2008,4.5,39.375,24.11,25.02,26.36,24.05,23.67,22.99,22.76,23.69,24.9,24.36,22.25,23.51,23.97
T2M,2008,4.5,40.0,23.2,23.95,25.39,23.44,22.97,22.01,21.75,22.74,24.13,23.75,21.54,22.5,23.11
T2M,2008,4.5,40.625,24.35,24.97,26.87,25.01,24.67,23.87,23.61,24.66,26.41,25.8,22.59,23.37,24.68
T2M,2008,4.5,41.25,24.68,25.22,27.39,25.99,25.61,24.66,24.32,25.53,27.23,26.78,23.27,23.6,25.36
T2M,2008,4.5,41.875,27.87,28.53,30.67,29.02,28.57,27.98,27.69,28.94,30.56,29.81,25.78,26.16,28.47
T2M,2009,-0.5,34.375,24.59,25.31,25.95,23.26,22.59,23.25,22.85,24.28,24.73,24.52,23.96,23.72,24.08
T2M,2009,-0.5,35.0,21.28,22.18,23.42,20.6,19.66,19.69,19.18,20.42,21.15,21.11,20.66,20.3,20.8
T2M,2009,-0.5,35.625,16.01,16.42,17.83,16.13,15.29,14.96,14.19,15.27,16.11,15.47,15.48,15.3,15.7
T2M,2009,-0.5,36.25,16.85,16.97,18.25,16.88,16.03,15.84,14.85,15.76,16.73,15.99,16.31,16.07,16.37
T2M,2009,-0.5,36.875,17.33,17.53,18.67,17.58,16.77,16.61,15.53,16.27,17.45,16.79,16.88,16.62,17.0
T2M,2009,-0.5,37.5,20.88,21.55,22.93,21.56,20.78,20.56,19.33,19.98,21.52,20.83,20.78,20.35,20.91
T2M,2009,-0.5,38.125,24.81,26.15,27.57,26.05,25.68,25.21,23.87,24.2,25.65,24.83,24.71,24.14,25.23
T2M,2009,-0.5,38.75,27.33,28.84,29.81,28.06,27.38,26.58,25.39,25.67,26.97,26.33,26.99,26.07,27.1
T2M,2009,-0.5,39.375,29.12,30.38,31.13,29.08,27.91,26.92,26.01,26.4,27.7,27.05,28.1,27.57,28.1
T2M,2009,-0.5,40.0,29.66,30.72,31.48,29.4,28.07,27.07,26.16,26.67,28.05,27.5,28.34,28.25,28.43
T2M,2009,-0.5,40.625,29.85,30.54,31.25,29.58,28.1,26.6,25.85,26.69,28.25,27.34,28.0,28.18,28.34
T2M,2009,-0.5,41.25,29.81,30.21,30.9,29.72,28.27,26.8,26.1,26.84,28.28,27.38,28.06,28.4,28.38
T2M,2009,-0.5,41.875,29.07,29.31,29.96,29.57,28.29,27.19,26.24,26.65,27.78,27.52,28.12,28.65,28.19
T2M,2009,-1.0,34.375,23.0,23.39,24.09,21.81,21.07,21.07,21.31,23.01,23.68,23.34,22.0,21.67,22.45
T2M,2009,-1.0,35.0,20.46,20.68,21.8,19.27,18.36,17.85,17.67,19.15,20.1,19.94,19.44,19.18,19.49
T2M,2009,-1.0,35.625,19.94,19.95,21.21,18.46,17.28,16.52,15.93,17.12,18.44,18.41,18.57,18.09,18.32
T2M,2009,-1.0,36.25,18.71,18.71,19.77,18.0,16.69,16.05,15.36,16.36,17.92,17.69,17.8,17.42,17.53
T2M,2009,-1.0,36.875,19.24,19.41,20.86,19.64,18.67,18.32,17.73,18.53,20.09,19.31,19.05,18.71,19.13
T2M,2009,-1.0,37.5,22.25,22.82,24.4,22.8,21.85,21.5,20.37,21.09,22.74,22.33,22.29,21.83,22.18
T2M,2009,-1.0,38.125,24.11,25.07,26.29,24.72,24.25,23.71,22.3,22.69,24.15,23.66,24.01,23.39,24.02
T2M,2009,-1.0,38.75,27.65,28.87,29.7,27.67,27.08,26.32,25.16,25.49,26.81,26.14,27.13,26.2,27.0
T2M,2009,-1.0,39.375,29.59,30.54,31.12,28.81,27.73,26.82,25.96,26.37,27.63,26.85,28.46,27.75,28.12
T2M,2009,-1.0,40.0,30.1,30.91,31.53,29.29,27.97,27.11,26.24,26.73,28.03,27.42,28.43,28.32,28.49
T2M,2009,-1.0,40.625,29.82,30.29,31.0,29.36,27.81,26.44,25.64,26.4,27.88,27.15,27.87,28.16,28.14
T2M,2009,-1.0,41.25,29.38,29.64,30.33,29.46,27.99,26.58,25.7,26.3,27.68,27.06,27.58,28.07,27.97
T2M,2009,-1.0,41.875,27.81,28.04,28.7,29.08,27.91,27.0,25.93,26.0,26.86,27.09,27.72,28.27,27.53
T2M,2009,-1.5,34.375,23.99,23.43,24.42,22.05,21.2,21.69,22.22,23.6,24.13,23.63,22.22,22.0,22.88
T2M,2009,-1.5,35.0,22.24,21.73,22.77,20.26,19.17,19.28,19.29,20.87,22.02,21.49,20.7,20.42,20.85
T2M,2009,-1.5,35.625,19.78,19.38,20.43,18.19,17.03,16.66,15.82,17.24,18.86,18.67,18.58,18.18,18.23
T2M,2009,-1.5,36.25,23.89,23.65,24.86,22.42,21.31,20.94,20.37,21.45,23.34,22.85,22.9,22.19,22.51
T2M,2009,-1.5,36.875,20.93,20.82,22.24,20.57,19.74,19.36,19.04,19.56,21.02,20.44,20.32,19.95,20.33
T2M,2009,-1.5,37.5,21.99,22.19,23.52,22.0,21.14,20.65,19.6,20.09,21.66,21.48,21.7,21.29,21.44
T2M,2009,-1.5,38.125,24.52,25.23,26.43,24.85,24.34,23.64,22.33,22.79,24.3,24.03,24.34,23.94,24.22
T2M,2009,-1.5,38.75,27.78,28.72,29.5,27.34,26.91,26.11,24.94,25.3,26.65,26.08,27.02,26.39,26.88
T2M,2009,-1.5,39.375,29.56,30.3,30.78,28.41,27.5,26.72,25.77,26.19,27.42,26.78,28.14,27.65,27.92
T2M,2009,-1.5,40.0,30.32,30.92,31.39,29.1,27.7,26.77,26.09,26.57,27.82,27.15,28.37,28.25,28.35
T2M,2009,-1.5,40.625,29.82,30.24,30.89,29.35,27.76,26.54,25.63,26.23,27.56,27.11,27.91,28.19,28.09
T2M,2009,-1.5,41.25,28.96,29.24,29.93,29.41,27.89,26.66,25.72,26.1,27.3,26.96,27.09,27.9,27.75
T2M,2009,-1.5,41.875,26.74,27.03,27.66,28.62,27.61,26.91,25.79,25.54,26.09,26.71,27.33,27.91,26.99
T2M,2009,-1.7975103014118005e-13,34.375,23.72,24.64,25.43,22.72,22.11,23.04,22.18,23.4,23.65,23.57,23.5,23.13,23.42
T2M,2009,-1.7975103014118005e-13,35.0,21.05,22.11,23.4,21.01,20.04,20.46,19.54,20.41,21.34,21.02,20.96,20.55,20.98
T2M,2009,-1.7975103014118005e-13,35.625,15.85,16.73,18.28,17.03,16.17,16.04,15.29,16.23,17.23,16.2,16.01,15.87,16.41
T2M,2009,-1.7975103014118005e-13,36.25,18.68,19.26,20.79,20.0,19.04,19.28,18.19,18.98,20.15,19.09,18.77,18.36,19.21
T2M,2009,-1.7975103014118005e-13,36.875,18.3,18.66,20.13,19.65,18.88,18.95,17.82,18.63,19.83,18.83,18.23,17.86,18.81
T2M,2009,-1.7975103014118005e-13,37.5,17.61,18.22,19.52,18.93,18.36,18.29,17.18,17.83,19.08,18.13,17.67,17.38,18.18
T2M,2009,-1.7975103014118005e-13,38.125,25.44,26.73,28.09,26.85,26.62,26.23,24.98,25.27,26.62,25.6,25.37,24.97,26.06
T2M,2009,-1.7975103014118005e-13,38.75,27.79,29.43,30.51,28.87,28.24,27.48,26.31,26.56,27.85,27.16,27.7,27.05,27.9
T2M,2009,-1.7975103014118005e-13,39.375,28.95,30.48,31.39,29.54,28.45,27.46,26.44,26.82,28.16,27.59,28.43,28.16,28.47
T2M,2009,-1.7975103014118005e-13,40.0,29.36,30.72,31.64,29.84,28.58,27.47,26.5,27.03,28.49,27.89,28.62,28.61,28.71
T2M,2009,-1.7975103014118005e-13,40.625,29.69,30.75,31.57,29.82,28.54,27.22,26.42,27.21,28.76,27.67,28.29,28.46,28.69
T2M,2009,-1.7975103014118005e-13,41.25,29.9,30.62,31.38,29.8,28.55,27.35,26.69,27.4,28.78,27.66,28.43,28.72,28.76
T2M,2009,-1.7975103014118005e-13,41.875,29.65,30.14,30.84,29.54,28.4,27.49,26.69,27.21,28.44,27.71,28.01,28.65,28.55
T2M,2009,-2.0,34.375,24.7,23.5,24.49,22.16,21.95,22.53,23.14,24.14,24.88,24.35,22.6,22.59,23.42
T2M,2009,-2.0,35.0,22.66,21.58,22.49,20.34,19.72,19.85,19.81,21.13,22.46,21.85,20.92,20.7,21.12
T2M,2009,-2.0,35.625,20.29,19.62,20.46,18.72,17.8,17.46,16.3,17.81,19.54,19.36,19.18,18.75,18.77
T2M,2009,-2.0,36.25,26.55,26.13,27.22,25.01,24.37,24.12,23.24,24.25,25.98,25.53,25.61,24.72,25.22
T2M,2009,-2.0,36.875,22.08,21.61,22.89,21.11,20.46,20.28,19.4,19.85,21.29,20.91,21.1,20.62,20.96
T2M,2009,-2.0,37.5,23.01,23.01,24.21,22.51,21.84,21.36,20.27,20.72,22.2,22.0,22.4,22.03,22.12
T2M,2009,-2.0,38.125,25.17,25.73,26.7,25.14,24.67,23.74,22.56,23.02,24.5,24.24,24.82,24.45,24.55
T2M,2009,-2.0,38.75,28.05,28.59,29.33,27.0,26.65,25.71,24.63,25.07,26.42,25.91,27.03,26.46,26.72
T2M,2009,-2.0,39.375,29.42,29.9,30.37,28.03,27.13,26.27,25.42,25.95,27.2,26.66,27.95,27.58,27.64
T2M,2009,-2.0,40.0,30.08,30.46,30.78,28.96,27.65,26.82,26.05,26.38,27.52,27.03,28.32,28.23,28.17
T2M,2009,-2.0,40.625,29.38,29.74,30.16,29.27,27.76,26.71,25.8,26.08,27.1,27.0,27.88,28.31,27.92
T2M,2009,-2.0,41.25,27.48,27.91,28.42,29.08,27.84,26.96,25.9,25.76,26.33,26.86,27.66,28.33,27.37
T2M,2009,-2.0,41.875,26.29,26.65,27.19,28.41,27.5,26.93,25.75,25.36,25.74,26.6,27.29,27.75,26.79
T2M,2009,-2.5,34.375,23.55,22.35,23.07,21.68,22.1,22.44,22.74,23.94,25.03,24.61,22.04,22.19,22.99
T2M,2009,-2.5,35.0,21.84,20.46,21.24,19.9,19.84,19.57,19.32,20.62,22.39,21.79,20.19,20.06,20.6
T2M,2009,-2.5,35.625,23.37,22.13,23.11,21.61,21.05,20.68,19.49,20.97,22.92,22.69,21.7,21.21,21.74
T2M,2009,-2.5,36.25,26.15,25.29,26.45,24.53,24.19,23.8,22.36,23.68,25.6,25.31,24.6,23.92,24.65
T2M,2009,-2.5,36.875,23.49,22.78,24.18,22.95,22.7,22.57,21.39,22.25,23.79,23.07,22.25,21.74,22.76
T2M,2009,-2.5,37.5,23.75,23.44,24.7,23.18,22.81,22.3,21.22,21.73,23.17,22.72,22.68,22.25,22.82
T2M,2009,-2.5,38.125,25.23,25.65,26.45,24.83,24.4,23.44,22.38,22.87,24.35,23.98,24.35,24.1,24.33
T2M,2009,-2.5,38.75,28.17,28.5,29.05,26.78,26.5,25.36,24.41,24.9,26.26,25.75,26.76,26.32,26.55
T2M,2009,-2.5,39.375,29.0,29.41,29.79,27.54,26.71,25.71,24.99,25.59,26.84,26.39,27.26,27.17,27.19
T2M,2009,-2.5,40.0,28.96,29.34,29.63,28.56,27.43,26.51,25.69,25.84,26.8,26.65,27.53,27.79,27.55
T2M,2009,-2.5,40.625,27.76,28.28,28.66,28.92,27.7,26.81,25.83,25.68,26.29,26.71,27.34,28.23,27.34
T2M,2009,-2.5,41.25,26.29,26.86,27.31,28.52,27.52,26.83,25.69,25.3,25.65,26.5,27.26,27.86,26.8
T2M,2009,-2.5,41.875,26.37,26.8,27.27,28.49,27.54,26.94,25.79,25.38,25.75,26.63,27.33,27.88,26.84
T2M,2009,-3.0,34.375,22.98,21.18,21.91,21.17,22.03,22.05,21.73,23.13,24.79,24.93,21.71,21.93,22.47
T2M,2009,-3.0,35.0,22.15,20.28,21.1,20.08,20.19,19.88,19.4,20.75,22.51,22.34,20.23,20.17,20.76
T2M,2009,-3.0,35.625,18.99,18.05,18.83,17.65,17.09,16.57,15.21,16.6,18.24,18.35,17.56,17.31,17.53
T2M,2009,-3.0,36.25,24.78,23.35,24.82,22.55,22.05,21.62,20.12,21.23,22.98,23.28,22.81,22.29,22.65
T2M,2009,-3.0,36.875,23.7,22.81,24.25,22.2,21.18,20.51,19.3,20.51,22.25,22.28,22.05,21.53,21.87
T2M,2009,-3.0,37.5,19.14,18.85,19.81,18.67,17.72,16.99,15.7,16.51,18.04,17.98,18.23,18.14,17.97
T2M,2009,-3.0,38.125,24.87,25.13,25.79,24.36,23.65,22.55,21.59,22.12,23.61,23.39,24.02,23.74,23.72
T2M,2009,-3.0,38.75,27.9,28.0,28.39,26.25,25.92,24.6,23.73,24.31,25.72,25.24,26.14,25.83,25.99
T2M,2009,-3.0,39.375,28.75,29.11,29.36,27.25,26.47,25.41,24.66,25.27,26.48,26.1,26.9,26.91,26.88
T2M,2009,-3.0,40.0,27.91,28.48,28.76,28.22,27.27,26.38,25.52,25.5,26.28,26.43,27.24,27.53,27.12
T2M,2009,-3.0,40.625,26.55,27.2,27.65,28.53,27.52,26.79,25.65,25.27,25.67,26.53,27.22,27.94,26.87
T2M,2009,-3.0,41.25,26.44,27.02,27.45,28.57,27.57,26.86,25.73,25.32,25.68,26.56,27.31,28.02,26.87
T2M,2009,-3.0,41.875,26.5,26.94,27.38,28.58,27.55,26.94,25.82,25.4,25.76,26.65,27.35,28.05,26.91
T2M,2009,-3.5,34.375,24.25,22.41,23.14,22.49,23.45,23.54,22.45,24.12,25.94,26.09,23.3,23.37,23.72
T2M,2009,-3.5,35.0,23.86,21.99,22.66,21.51,21.63,21.22,20.04,21.45,23.21,23.41,21.82,21.95,22.06
T2M,2009,-3.5,35.625,22.98,21.34,22.03,20.51,20.03,19.54,18.18,19.43,21.16,21.36,20.56,20.48,20.63
T2M,2009,-3.5,36.25,25.59,23.56,24.66,22.63,22.02,21.63,20.14,21.22,22.95,22.96,22.67,22.48,22.7
T2M,2009,-3.5,36.875,25.83,24.19,24.86,22.39,21.5,21.01,19.67,20.58,22.31,22.31,22.74,22.6,22.49
T2M,2009,-3.5,37.5,26.96,26.22,26.72,24.21,23.39,22.54,21.53,22.46,24.11,23.91,24.86,24.69,24.29
T2M,2009,-3.5,38.125,24.47,24.35,24.82,22.89,22.3,20.99,20.03,20.53,21.99,21.94,23.39,23.02,22.55
T2M,2009,-3.5,38.75,26.51,26.44,26.84,25.04,24.45,23.22,22.16,22.73,24.13,24.2,25.28,25.08,24.66
T2M,2009,-3.5,39.375,28.13,28.28,28.49,26.68,25.89,24.88,24.06,24.63,25.72,25.61,26.57,26.72,26.29
T2M,2009,-3.5,40.0,27.4,27.98,28.29,28.27,27.35,26.56,25.57,25.34,25.91,26.45,27.26,27.74,27.0
T2M,2009,-3.5,40.625,26.7,27.31,27.77,28.54,27.54,26.81,25.65,25.22,25.62,26.56,27.28,28.02,26.91
T2M,2009,-3.5,41.25,26.71,27.26,27.65,28.63,27.59,26.86,25.75,25.34,25.71,26.62,27.33,28.17,26.96
T2M,2009,-3.5,41.875,26.65,27.11,27.54,28.66,27.54,26.91,25.82,25.4,25.75,26.66,27.36,28.18,26.96
T2M,2009,-4.0,34.375,24.5,23.0,23.6,23.12,24.16,23.99,22.74,24.7,26.53,26.64,23.99,23.95,24.25
T2M,2009,-4.0,35.0,23.09,21.33,22.08,21.18,21.48,21.13,19.78,21.38,23.08,23.19,21.68,21.68,21.76
T2M,2009,-4.0,35.625,22.7,20.92,21.6,20.33,19.94,19.49,18.02,19.4,21.16,21.4,20.62,20.57,20.51
T2M,2009,-4.0,36.25,25.3,23.12,24.1,22.49,22.01,21.64,20.18,21.26,23.0,23.17,22.81,22.58,22.64
T2M,2009,-4.0,36.875,24.64,23.1,24.12,22.23,21.57,20.97,19.64,20.46,22.22,22.34,22.72,22.4,22.2
T2M,2009,-4.0,37.5,26.0,24.96,25.86,23.54,22.95,22.12,20.95,21.93,23.64,23.58,24.4,23.98,23.65
T2M,2009,-4.0,38.125,26.4,25.84,26.1,24.01,23.45,22.23,21.2,22.03,23.63,23.33,24.79,24.46,23.94
T2M,2009,-4.0,38.75,27.05,26.74,26.94,24.9,24.4,23.12,22.14,22.69,24.02,24.08,25.53,25.34,24.73
T2M,2009,-4.0,39.375,28.19,28.33,28.5,27.02,26.31,25.34,24.47,24.87,25.85,25.94,27.09,27.32,26.59
T2M,2009,-4.0,40.0,27.07,27.66,28.08,28.44,27.48,26.73,25.59,25.21,25.62,26.51,27.26,27.96,26.96
T2M,2009,-4.0,40.625,27.02,27.55,27.99,28.57,27.58,26.81,25.67,25.22,25.63,26.62,27.33,28.14,27.01
T2M,2009,-4.0,41.25,26.99,27.48,27.89,28.69,27.6,26.84,25.75,25.34,25.72,26.67,27.36,28.24,27.04
T2M,2009,-4.0,41.875,26.84,27.29,27.75,28.71,27.53,26.86,25.79,25.38,25.73,26.66,27.36,28.23,27.01
T2M,2009,-4.5,34.375,23.21,21.78,22.51,21.57,22.59,21.82,20.38,22.32,24.48,25.11,23.14,23.17,22.68
T2M,2009,-4.5,35.0,21.9,20.08,20.95,19.7,20.05,19.52,18.03,19.76,21.65,21.95,20.85,20.92,20.45
T2M,2009,-4.5,35.625,22.44,20.45,21.34,19.85,19.67,19.2,17.6,19.2,21.01,21.21,20.66,20.66,20.27
T2M,2009,-4.5,36.25,25.29,22.92,23.88,22.19,21.96,21.62,20.14,21.33,23.05,23.3,23.1,22.89,22.64
T2M,2009,-4.5,36.875,24.44,22.64,23.51,21.84,21.28,20.77,19.47,20.25,21.9,22.21,22.75,22.49,21.96
T2M,2009,-4.5,37.5,25.62,24.17,24.91,22.83,22.08,21.33,20.25,21.0,22.77,23.12,24.0,23.72,22.98
T2M,2009,-4.5,38.125,25.39,24.73,25.04,23.05,22.13,21.05,19.9,20.97,22.83,22.89,23.82,23.76,22.95
T2M,2009,-4.5,38.75,27.33,26.95,27.01,25.27,24.55,23.54,22.5,23.09,24.49,24.73,25.72,25.74,25.06
T2M,2009,-4.5,39.375,28.15,28.39,28.52,27.72,26.94,26.15,25.16,25.19,25.92,26.53,27.46,27.8,26.98
T2M,2009,-4.5,40.0,27.22,27.7,28.17,28.52,27.51,26.77,25.6,25.2,25.58,26.58,27.32,28.11,27.02
T2M,2009,-4.5,40.625,27.32,27.72,28.21,28.56,27.59,26.78,25.66,25.22,25.62,26.64,27.38,28.23,27.07
T2M,2009,-4.5,41.25,27.24,27.61,28.1,28.66,27.6,26.8,25.72,25.31,25.7,26.66,27.4,28.28,27.09
T2M,2009,-4.5,41.875,27.05,27.41,27.95,28.71,27.53,26.81,25.74,25.34,25.7,26.65,27.42,28.25,27.04
T2M,2009,0.5,34.375,22.75,23.83,25.25,22.02,21.25,21.92,20.9,21.91,22.35,22.51,22.86,22.71,22.51
T2M,2009,0.5,35.0,19.01,20.33,21.95,20.06,18.95,19.31,18.14,18.77,19.81,19.1,19.22,19.18,19.48
T2M,2009,0.5,35.625,19.81,20.7,22.25,20.76,19.52,19.83,18.78,19.59,21.11,19.46,19.36,19.19,20.02
T2M,2009,0.5,36.25,22.12,22.81,24.24,23.74,22.68,23.04,21.81,22.42,24.04,22.71,22.2,21.73,22.79
T2M,2009,0.5,36.875,19.32,20.07,21.75,21.47,20.95,21.31,19.92,20.55,22.04,20.74,19.69,19.37,20.6
T2M,2009,0.5,37.5,22.69,23.49,25.09,24.33,24.12,24.16,23.22,23.74,24.92,23.47,22.8,22.51,23.71
T2M,2009,0.5,38.125,25.27,26.58,27.98,26.78,26.42,25.86,24.62,24.88,26.24,25.42,25.45,25.14,25.88
T2M,2009,0.5,38.75,27.59,29.25,30.5,28.92,28.32,27.53,26.34,26.57,27.86,27.32,27.77,27.47,27.94
T2M,2009,0.5,39.375,28.87,30.6,31.61,29.78,28.81,27.98,26.87,27.24,28.62,28.06,28.5,28.62,28.78
T2M,2009,0.5,40.0,29.34,30.95,31.87,30.02,28.95,28.02,26.98,27.47,28.98,28.23,28.63,28.98,29.02
T2M,2009,0.5,40.625,29.64,30.97,31.87,30.03,28.99,28.01,27.1,27.78,29.29,28.08,28.58,28.97,29.1
T2M,2009,0.5,41.25,29.74,30.73,31.66,29.87,28.87,28.09,27.22,27.84,29.17,28.08,28.87,29.02,29.08
T2M,2009,0.5,41.875,29.74,30.56,31.37,29.49,28.5,28.03,27.19,27.65,28.89,27.94,28.07,28.78,28.84
T2M,2009,1.0,34.375,17.96,18.97,20.43,18.69,17.72,18.06,16.82,17.49,18.3,17.81,18.16,18.03,18.2
T2M,2009,1.0,35.0,16.89,18.29,19.89,18.54,17.37,17.61,16.5,17.18,17.94,17.0,16.95,16.9,17.58
T2M,2009,1.0,35.625,20.61,21.41,22.84,21.46,20.17,21.07,19.56,20.39,21.81,19.99,19.9,19.61,20.73
T2M,2009,1.0,36.25,23.9,24.64,26.17,25.78,24.68,25.14,23.81,24.4,26.19,24.72,24.23,23.55,24.76
T2M,2009,1.0,36.875,19.73,20.55,22.18,22.02,21.57,21.54,20.39,20.83,22.21,21.11,20.42,20.04,21.05
T2M,2009,1.0,37.5,23.88,24.89,26.46,25.67,25.45,25.15,24.14,24.51,25.67,24.49,24.37,23.87,24.88
T2M,2009,1.0,38.125,26.77,28.36,29.79,28.52,28.25,27.51,26.21,26.41,27.77,27.09,27.3,26.91,27.57
T2M,2009,1.0,38.75,28.48,30.31,31.48,29.88,29.4,28.58,27.34,27.55,28.9,28.39,28.77,28.53,28.96
T2M,2009,1.0,39.375,29.05,30.88,31.81,29.89,29.14,28.43,27.21,27.56,28.99,28.38,28.71,28.89,29.06
T2M,2009,1.0,40.0,29.23,31.01,31.87,29.86,29.02,28.23,27.17,27.61,29.16,28.29,28.53,28.9,29.06
T2M,2009,1.0,40.625,29.67,31.23,32.05,29.85,29.1,28.43,27.45,28.01,29.5,28.27,28.43,28.96,29.23
T2M,2009,1.0,41.25,29.83,31.24,32.11,29.68,28.94,28.62,27.65,28.17,29.49,28.39,28.55,28.96,29.29
T2M,2009,1.0,41.875,30.1,31.07,31.89,29.58,28.73,28.47,27.54,27.98,29.26,28.12,27.82,28.87,29.11
T2M,2009,1.5,34.375,24.04,25.16,26.26,23.68,22.29,23.52,21.59,22.35,23.45,22.58,23.23,22.86,23.4
T2M,2009,1.5,35.0,21.55,22.77,24.12,22.54,21.31,21.96,20.57,21.22,22.47,21.05,21.03,20.68,21.76
T2M,2009,1.5,35.625,24.55,25.4,26.76,25.73,24.73,25.39,23.72,24.52,26.23,24.54,24.26,23.64,24.95
T2M,2009,1.5,36.25,26.7,27.53,29.08,28.63,27.57,28.14,26.7,27.45,29.16,27.74,27.12,26.48,27.69
T2M,2009,1.5,36.875,22.44,23.21,24.96,24.28,24.0,24.11,23.05,23.48,24.64,23.52,22.89,22.4,23.58
T2M,2009,1.5,37.5,25.18,26.33,28.06,27.06,26.81,26.45,25.07,25.46,26.8,25.97,25.88,25.32,26.19
T2M,2009,1.5,38.125,27.57,29.39,30.78,29.35,29.21,28.5,27.16,27.38,28.72,28.04,28.31,27.81,28.51
T2M,2009,1.5,38.75,28.56,30.58,31.71,29.77,29.64,28.9,27.63,27.87,29.27,28.47,28.88,28.49,29.14
T2M,2009,1.5,39.375,28.74,30.72,31.68,29.57,28.99,28.37,27.19,27.53,29.03,28.29,28.45,28.48,28.91
T2M,2009,1.5,40.0,29.26,30.98,31.86,29.57,28.98,28.42,27.28,27.7,29.28,28.38,28.38,28.62,29.04
T2M,2009,1.5,40.625,29.61,31.3,32.13,29.43,29.0,28.52,27.54,28.01,29.47,28.28,28.14,28.66,29.16
T2M,2009,1.5,41.25,30.01,31.51,32.31,29.67,29.09,28.58,27.7,28.15,29.5,28.35,28.24,29.11,29.34
T2M,2009,1.5,41.875,30.34,31.23,32.01,29.32,28.67,28.51,27.54,27.92,29.27,28.04,27.43,28.78,29.08
T2M,2009,2.0,34.375,25.98,26.82,28.22,26.21,24.91,26.21,24.35,25.15,26.31,25.18,25.74,25.04,25.83
T2M,2009,2.0,35.0,23.94,25.01,26.39,24.88,24.0,24.46,23.3,23.97,25.21,23.65,23.72,23.03,24.29
T2M,2009,2.0,35.625,27.42,28.35,29.81,28.64,27.85,28.09,26.75,27.54,29.11,27.66,27.47,26.67,27.94
T2M,2009,2.0,36.25,28.99,29.91,31.6,30.83,30.15,30.48,29.08,29.96,31.24,30.25,29.65,28.87,30.08
T2M,2009,2.0,36.875,22.84,23.75,25.51,24.45,24.42,24.25,23.07,23.42,24.5,23.78,23.39,22.82,23.85
T2M,2009,2.0,37.5,26.3,27.5,29.28,27.82,27.8,27.29,25.89,26.23,27.54,26.85,26.76,26.25,27.12
T2M,2009,2.0,38.125,27.27,29.06,30.43,28.56,28.6,27.99,26.6,26.89,28.26,27.43,27.48,27.18,27.97
T2M,2009,2.0,38.75,28.53,30.36,31.48,29.26,29.15,28.58,27.31,27.62,29.05,28.17,28.39,28.21,28.83
T2M,2009,2.0,39.375,28.9,30.64,31.52,28.99,28.61,28.12,27.03,27.38,28.95,27.98,28.0,28.1,28.67
T2M,2009,2.0,40.0,29.0,30.59,31.46,28.64,28.21,27.84,26.8,27.2,28.79,27.74,27.61,27.91,28.47
T2M,2009,2.0,40.625,29.48,30.78,31.65,28.02,27.88,28.01,26.91,27.34,28.8,27.43,26.92,27.71,28.4
T2M,2009,2.0,41.25,29.76,31.3,32.13,28.81,28.49,28.35,27.45,27.86,29.27,27.99,27.66,28.42,28.94
T2M,2009,2.0,41.875,30.06,31.12,31.83,28.58,28.2,28.43,27.39,27.75,29.17,27.84,26.95,28.53,28.81
T2M,2009,2.5,34.375,24.95,26.04,27.44,25.54,24.9,25.89,24.69,25.35,26.31,24.69,25.23,24.28,25.43
T2M,2009,2.5,35.0,25.12,26.39,27.72,26.12,25.68,25.87,24.99,25.62,26.58,25.26,25.32,24.47,25.75
T2M,2009,2.5,35.625,28.18,29.39,30.73,29.47,28.84,28.87,27.64,28.51,29.53,28.62,28.53,27.52,28.81
T2M,2009,2.5,36.25,29.39,30.42,31.91,30.83,30.58,30.35,29.09,29.78,30.88,30.24,29.96,29.15,30.21
T2M,2009,2.5,36.875,25.96,27.0,28.54,26.95,27.18,26.63,25.29,25.64,26.87,26.29,26.3,25.63,26.52
T2M,2009,2.5,37.5,28.17,29.47,30.96,28.9,29.18,28.66,27.27,27.59,28.92,28.16,28.28,27.69,28.6
T2M,2009,2.5,38.125,27.07,28.53,29.85,27.46,27.45,27.04,25.67,26.04,27.5,26.65,26.79,26.78,27.23
T2M,2009,2.5,38.75,28.35,29.93,31.13,28.34,28.29,27.98,26.75,27.16,28.65,27.63,27.79,27.94,28.32
T2M,2009,2.5,39.375,28.5,30.01,31.08,28.06,27.79,27.42,26.46,26.91,28.48,27.31,27.35,27.72,28.08
T2M,2009,2.5,40.0,28.04,29.6,30.73,27.51,27.15,26.96,25.96,26.48,28.04,26.84,26.78,27.24,27.6
T2M,2009,2.5,40.625,28.38,29.79,30.87,27.46,27.24,27.4,26.25,26.7,28.16,26.75,26.57,27.32,27.73
T2M,2009,2.5,41.25,29.14,30.5,31.49,28.46,28.18,27.87,26.82,27.22,28.69,27.34,27.61,28.35,28.46
T2M,2009,2.5,41.875,28.98,30.39,31.23,28.2,27.71,27.75,26.65,27.02,28.51,27.28,26.95,28.22,28.23
T2M,2009,3.0,34.375,23.7,25.16,26.33,24.02,23.8,24.59,23.94,24.65,25.13,23.32,23.9,22.96,24.28
T2M,2009,3.0,35.0,26.31,27.73,29.01,27.06,26.76,26.67,26.08,26.61,27.52,26.48,26.65,25.7,26.87
T2M,2009,3.0,35.625,29.23,30.61,31.92,30.69,30.23,29.9,28.74,29.25,30.37,29.74,29.94,28.62,29.93
T2M,2009,3.0,36.25,30.03,31.04,32.48,31.0,31.02,30.37,29.03,29.47,30.67,30.23,30.5,29.59,30.45
T2M,2009,3.0,36.875,28.92,30.01,31.54,29.47,29.77,29.21,27.8,28.17,29.46,28.77,29.07,28.29,29.2
T2M,2009,3.0,37.5,29.09,30.29,31.7,29.08,29.46,29.19,27.76,28.12,29.52,28.66,28.95,28.53,29.19
T2M,2009,3.0,38.125,27.98,29.18,30.51,27.52,27.56,27.3,26.16,26.62,28.11,27.18,27.37,27.67,27.75
T2M,2009,3.0,38.75,27.99,29.36,30.52,27.14,27.07,27.11,26.0,26.52,28.06,26.87,27.09,27.67,27.61
T2M,2009,3.0,39.375,27.66,29.04,30.19,26.92,26.56,26.4,25.49,26.1,27.68,26.4,26.53,27.25,27.17
T2M,2009,3.0,40.0,27.02,28.53,29.79,26.68,26.23,26.26,25.23,25.86,27.43,26.05,25.84,26.68,26.79
T2M,2009,3.0,40.625,27.34,28.94,30.21,27.52,27.09,27.12,25.85,26.32,27.81,26.38,26.25,27.16,27.32
T2M,2009,3.0,41.25,28.17,29.75,30.97,28.42,27.9,27.65,26.43,26.86,28.35,27.0,27.09,28.03,28.04
T2M,2009,3.0,41.875,27.77,29.59,30.62,28.13,27.41,27.23,26.1,26.51,27.99,26.89,26.4,27.53,27.67
T2M,2009,3.5,34.375,23.81,25.33,26.42,24.0,23.82,23.97,23.8,24.42,25.0,23.62,23.92,22.95,24.25
T2M,2009,3.5,35.0,27.67,29.12,30.46,28.18,27.95,27.97,27.33,27.9,28.8,27.78,28.19,26.88,28.18
T2M,2009,3.5,35.625,29.42,30.74,32.11,30.57,30.2,29.93,28.74,29.23,30.34,29.6,30.16,28.59,29.96
T2M,2009,3.5,36.25,29.8,30.73,32.06,30.21,30.26,29.72,28.45,28.87,30.06,29.49,30.06,29.08,29.89
T2M,2009,3.5,36.875,29.64,30.6,31.91,29.36,29.82,29.48,28.14,28.56,29.82,28.93,29.53,28.65,29.53
T2M,2009,3.5,37.5,28.46,29.34,30.28,27.52,27.65,27.45,26.16,26.67,28.05,27.16,27.74,27.41,27.81
T2M,2009,3.5,38.125,27.03,28.14,28.96,25.69,25.49,25.46,24.32,25.12,26.57,25.42,26.0,26.52,26.21
T2M,2009,3.5,38.75,26.66,27.91,28.59,25.06,24.72,24.83,23.75,24.48,26.02,24.83,25.44,26.24,25.7
T2M,2009,3.5,39.375,25.24,26.57,27.55,24.42,23.84,23.91,22.91,23.66,25.26,23.99,23.9,24.94,24.67
T2M,2009,3.5,40.0,26.06,27.66,28.76,25.93,25.49,25.66,24.54,25.24,26.81,25.15,24.65,25.92,25.98
T2M,2009,3.5,40.625,26.09,27.82,29.12,26.69,26.4,26.55,25.14,25.64,27.17,25.45,24.7,25.99,26.39
T2M,2009,3.5,41.25,26.93,28.83,30.34,28.48,27.92,27.67,26.27,26.75,28.31,26.81,26.35,27.19,27.64
T2M,2009,3.5,41.875,27.89,29.89,31.28,29.31,28.62,28.48,27.16,27.6,29.13,27.75,26.95,27.92,28.49
T2M,2009,4.0,34.375,26.61,28.08,29.09,26.19,26.09,26.41,26.21,26.95,27.59,26.06,26.88,25.39,26.79
T2M,2009,4.0,35.0,28.96,30.47,31.73,29.03,28.9,29.25,28.67,29.2,30.0,28.81,29.61,27.76,29.36
T2M,2009,4.0,35.625,28.52,30.0,31.17,29.2,28.97,28.65,27.6,28.06,29.07,28.33,29.18,27.56,28.85
T2M,2009,4.0,36.25,30.19,31.27,32.31,30.17,30.11,29.72,28.58,28.98,30.07,29.55,30.4,29.21,30.04
T2M,2009,4.0,36.875,29.08,30.26,31.1,28.13,28.36,28.22,27.0,27.49,28.71,27.74,28.68,27.88,28.54
T2M,2009,4.0,37.5,28.66,29.88,30.53,27.2,27.21,27.06,25.87,26.46,27.77,26.88,27.9,27.76,27.75
T2M,2009,4.0,38.125,24.77,26.17,26.76,23.27,22.83,22.62,21.53,22.3,23.64,22.81,23.64,24.46,23.72
T2M,2009,4.0,38.75,22.85,24.18,25.09,21.87,21.29,21.13,20.31,21.01,22.42,21.43,21.42,22.68,22.13
T2M,2009,4.0,39.375,23.67,25.2,26.15,23.05,22.52,22.72,21.92,22.64,24.2,22.65,22.12,23.5,23.35
T2M,2009,4.0,40.0,24.94,26.65,27.57,24.73,24.35,24.81,23.72,24.43,25.97,23.95,23.31,24.6,24.91
T2M,2009,4.0,40.625,24.99,26.83,28.08,25.96,25.86,26.18,24.66,25.22,26.75,24.7,23.56,24.89,25.63
T2M,2009,4.0,41.25,26.49,28.73,30.28,28.62,28.24,28.33,26.82,27.29,28.86,26.94,25.81,26.78,27.76
T2M,2009,4.0,41.875,27.97,30.42,32.02,30.08,29.66,29.79,28.37,28.83,30.33,28.5,27.03,28.08,29.25
T2M,2009,4.5,34.375,28.7,30.29,30.84,27.39,27.89,28.74,28.36,29.15,29.53,27.96,28.96,27.06,28.73
T2M,2009,4.5,35.0,29.22,30.78,31.75,28.67,28.74,29.1,28.89,29.46,30.13,28.74,29.83,27.71,29.41
T2M,2009,4.5,35.625,29.16,30.94,31.65,29.24,29.23,29.03,28.19,28.68,29.6,28.66,29.78,27.92,29.33
T2M,2009,4.5,36.25,30.23,31.89,32.65,29.89,29.86,29.84,28.84,29.34,30.3,29.49,30.79,28.97,30.16
T2M,2009,4.5,36.875,29.21,30.7,31.54,28.22,28.22,28.15,27.0,27.52,28.59,27.79,29.13,28.16,28.67
T2M,2009,4.5,37.5,26.76,28.15,29.05,25.34,25.25,25.44,24.17,24.87,25.93,24.8,26.09,26.0,25.97
T2M,2009,4.5,38.125,22.42,23.74,24.86,21.68,21.25,21.21,20.12,20.86,21.95,20.83,21.18,22.14,21.84
T2M,2009,4.5,38.75,22.68,24.21,25.56,22.51,22.15,22.29,21.26,21.98,23.31,21.72,21.68,22.99,22.69
T2M,2009,4.5,39.375,24.41,26.05,27.23,24.24,23.94,24.31,23.15,23.89,25.38,23.49,23.27,24.58,24.48
T2M,2009,4.5,40.0,23.41,25.04,26.14,23.67,23.37,23.55,22.26,22.96,24.43,22.81,22.37,23.57,23.62
T2M,2009,4.5,40.625,24.58,26.29,27.51,25.65,25.52,25.92,24.36,24.98,26.48,24.23,23.31,24.61,25.28
T2M,2009,4.5,41.25,24.81,26.82,28.27,26.76,26.52,26.64,25.26,25.77,27.24,25.13,23.87,25.0,26.0
T2M,2009,4.5,41.875,27.88,30.22,31.94,29.9,29.77,30.14,28.7,29.17,30.58,28.37,26.74,27.93,29.27
T2M,2010,-0.5,34.375,23.43,24.24,23.71,23.92,22.95,22.76,22.68,23.76,23.8,23.28,23.63,23.58,23.47
T2M,2010,-0.5,35.0,19.73,20.89,20.24,20.68,19.72,19.06,18.6,19.46,19.81,19.89,19.96,19.91,19.82
T2M,2010,-0.5,35.625,14.51,15.88,15.49,15.65,14.89,14.06,13.15,13.7,14.22,14.63,14.62,14.26,14.58
T2M,2010,-0.5,36.25,15.41,16.72,16.32,16.23,15.36,14.64,13.8,14.21,14.64,15.22,15.35,15.3,15.26
T2M,2010,-0.5,36.875,16.55,17.47,17.31,17.14,16.28,15.5,14.8,15.06,15.62,16.38,16.31,16.51,16.24
T2M,2010,-0.5,37.5,20.37,21.45,21.31,21.09,20.23,19.46,18.61,18.77,19.69,20.81,20.33,20.41,20.2
T2M,2010,-0.5,38.125,24.89,26.23,25.42,25.35,25.27,24.74,23.36,23.6,24.82,25.94,24.45,24.99,24.91
T2M,2010,-0.5,38.75,27.42,28.87,27.53,27.14,26.73,26.26,24.88,25.22,26.16,27.6,26.62,27.51,26.81
T2M,2010,-0.5,39.375,28.93,30.35,29.12,27.73,26.81,26.28,25.17,25.82,26.72,28.41,27.92,28.98,27.67
T2M,2010,-0.5,40.0,29.36,30.71,29.65,28.06,26.92,26.08,25.11,25.81,26.86,28.6,28.26,29.29,27.88
T2M,2010,-0.5,40.625,29.58,30.66,30.12,27.72,26.46,25.38,24.43,25.11,26.39,28.3,28.16,29.04,27.6
T2M,2010,-0.5,41.25,29.68,30.4,30.25,27.87,26.55,25.46,24.56,25.41,26.74,28.48,28.35,29.08,27.72
T2M,2010,-0.5,41.875,29.13,29.55,29.94,28.44,27.22,26.15,25.18,25.62,26.64,28.06,28.48,28.79,27.76
T2M,2010,-1.0,34.375,21.2,22.09,21.77,22.25,21.09,20.64,20.89,22.22,22.42,21.92,21.98,21.62,21.67
T2M,2010,-1.0,35.0,18.64,19.55,19.15,19.12,18.14,17.3,17.02,18.05,18.5,18.87,19.0,18.89,18.51
T2M,2010,-1.0,35.625,17.67,18.63,18.08,17.65,16.84,15.74,15.01,16.15,16.64,17.32,17.59,18.15,17.11
T2M,2010,-1.0,36.25,16.64,17.74,17.6,17.19,16.27,15.23,14.29,15.32,16.02,16.69,16.96,17.23,16.42
T2M,2010,-1.0,36.875,18.21,19.4,19.49,19.25,18.23,17.71,17.25,17.82,18.44,19.47,18.88,18.62,18.56
T2M,2010,-1.0,37.5,21.58,22.79,22.69,22.41,21.43,20.57,19.89,20.27,21.36,22.65,21.91,21.93,21.61
T2M,2010,-1.0,38.125,24.35,25.21,24.51,24.32,24.05,23.18,21.87,22.17,23.34,24.59,23.52,24.04,23.75
T2M,2010,-1.0,38.75,27.86,28.88,27.46,26.96,26.45,26.01,24.71,25.06,25.98,27.37,26.54,27.53,26.72
T2M,2010,-1.0,39.375,29.58,30.53,29.02,27.53,26.71,26.24,25.14,25.87,26.71,28.28,27.81,29.1,27.69
T2M,2010,-1.0,40.0,29.87,30.94,29.61,27.92,26.85,26.18,25.24,25.96,26.97,28.56,28.23,29.45,27.96
T2M,2010,-1.0,40.625,29.6,30.42,29.97,27.62,26.37,25.22,24.27,24.95,26.21,28.1,27.97,28.71,27.43
T2M,2010,-1.0,41.25,29.18,29.79,29.98,27.82,26.45,25.3,24.31,25.06,26.31,28.01,28.09,28.58,27.39
T2M,2010,-1.0,41.875,28.03,28.3,29.1,28.55,27.44,26.38,25.25,25.42,26.07,27.24,27.85,27.76,27.27
T2M,2010,-1.5,34.375,21.34,22.77,21.79,22.52,21.39,21.68,22.34,23.51,23.11,22.76,22.58,21.9,22.3
T2M,2010,-1.5,35.0,19.6,20.76,19.98,19.95,19.15,18.84,19.34,20.72,20.8,21.13,20.73,20.49,20.12
T2M,2010,-1.5,35.625,17.33,18.59,18.06,17.78,16.91,15.96,15.72,16.97,17.65,18.39,18.31,18.43,17.5
T2M,2010,-1.5,36.25,21.58,23.2,22.81,22.26,21.03,20.35,19.92,20.89,21.9,22.85,22.41,22.81,21.82
T2M,2010,-1.5,36.875,19.62,20.89,20.86,20.72,19.59,19.1,18.92,19.18,19.97,20.87,20.19,20.29,20.01
T2M,2010,-1.5,37.5,21.23,22.28,22.31,21.89,20.82,20.03,19.4,19.79,20.72,22.0,21.49,21.49,21.11
T2M,2010,-1.5,38.125,24.4,25.29,25.07,24.62,23.8,22.84,21.79,22.15,23.32,24.69,24.05,24.26,23.85
T2M,2010,-1.5,38.75,27.84,28.78,27.52,26.84,26.22,25.74,24.48,24.88,25.79,27.18,26.54,27.56,26.6
T2M,2010,-1.5,39.375,29.47,30.25,28.82,27.41,26.48,25.83,24.82,25.54,26.46,27.94,27.65,28.92,27.45
T2M,2010,-1.5,40.0,30.14,30.89,29.73,27.65,26.51,25.65,24.87,25.68,26.74,28.3,28.13,29.16,27.77
T2M,2010,-1.5,40.625,29.57,30.33,29.9,27.82,26.51,25.35,24.42,25.03,26.14,27.96,28.21,28.67,27.48
T2M,2010,-1.5,41.25,28.72,29.39,29.73,28.04,26.68,25.59,24.55,25.19,26.22,27.84,28.14,28.3,27.35
T2M,2010,-1.5,41.875,26.95,27.18,28.3,28.68,27.82,26.79,25.48,25.22,25.58,26.46,27.39,27.06,26.9
T2M,2010,-1.7975103014118005e-13,34.375,23.23,24.06,23.35,23.37,22.79,22.2,21.97,22.64,22.93,22.6,23.1,22.8,22.91
T2M,2010,-1.7975103014118005e-13,35.0,20.22,21.3,20.81,21.16,20.34,19.69,19.07,19.61,20.21,20.35,20.36,20.15,20.26
T2M,2010,-1.7975103014118005e-13,35.625,14.77,16.3,16.13,16.6,16.04,15.38,14.46,14.78,15.47,15.68,15.31,14.84,15.47
T2M,2010,-1.7975103014118005e-13,36.25,17.24,19.16,18.67,19.01,18.39,17.98,16.99,17.14,17.78,18.21,18.05,18.17,18.06
T2M,2010,-1.7975103014118005e-13,36.875,17.4,18.99,18.79,18.74,18.31,17.78,16.88,16.93,17.59,18.2,17.77,17.95,17.94
T2M,2010,-1.7975103014118005e-13,37.5,17.23,18.44,18.46,18.4,18.04,17.48,16.43,16.46,17.37,18.1,17.5,17.44,17.6
T2M,2010,-1.7975103014118005e-13,38.125,25.48,26.81,26.31,26.11,26.13,25.79,24.35,24.58,25.91,26.82,25.24,25.6,25.75
T2M,2010,-1.7975103014118005e-13,38.75,27.86,29.49,28.54,27.97,27.59,27.1,25.74,26.11,27.04,28.42,27.55,28.23,27.62
T2M,2010,-1.7975103014118005e-13,39.375,28.81,30.49,29.66,28.39,27.38,26.79,25.62,26.2,27.17,28.88,28.61,29.31,28.09
T2M,2010,-1.7975103014118005e-13,40.0,29.18,30.69,30.15,28.54,27.35,26.53,25.47,26.09,27.2,28.96,28.94,29.56,28.21
T2M,2010,-1.7975103014118005e-13,40.625,29.44,30.9,30.22,28.06,26.86,25.9,25.0,25.74,27.07,28.9,28.94,29.65,28.04
T2M,2010,-1.7975103014118005e-13,41.25,29.7,30.88,30.23,28.04,26.96,26.01,25.13,26.02,27.38,28.95,28.99,29.69,28.15
T2M,2010,-1.7975103014118005e-13,41.875,29.4,30.4,30.11,28.21,27.15,26.21,25.38,25.94,27.19,28.63,28.96,29.55,28.08
T2M,2010,-2.0,34.375,21.59,23.24,22.07,22.81,22.02,22.28,23.12,24.16,24.03,23.78,23.26,22.29,22.88
T2M,2010,-2.0,35.0,19.89,21.3,20.28,20.3,19.61,19.47,19.81,21.14,21.6,21.87,21.17,20.83,20.6
T2M,2010,-2.0,35.625,18.04,19.33,18.81,18.56,17.46,16.62,16.05,17.48,18.76,19.49,19.04,19.04,18.21
T2M,2010,-2.0,36.25,24.36,25.74,25.5,25.23,24.03,23.14,22.66,23.7,25.15,26.05,25.2,25.56,24.68
T2M,2010,-2.0,36.875,20.42,21.64,21.55,21.39,20.29,19.98,19.47,19.84,20.58,21.59,20.85,21.28,20.73
T2M,2010,-2.0,37.5,21.95,22.99,23.04,22.77,21.54,20.86,20.27,20.57,21.59,22.77,22.17,22.33,21.9
T2M,2010,-2.0,38.125,24.88,25.8,25.55,25.13,24.11,23.22,22.28,22.63,23.64,24.97,24.53,24.84,24.29
T2M,2010,-2.0,38.75,27.84,28.71,27.64,26.84,25.86,25.36,24.22,24.68,25.54,26.99,26.51,27.49,26.46
T2M,2010,-2.0,39.375,29.27,29.93,28.81,27.32,26.17,25.32,24.38,25.14,26.09,27.64,27.5,28.57,27.16
T2M,2010,-2.0,40.0,29.98,30.44,29.64,27.74,26.51,25.74,25.05,25.73,26.56,28.03,28.16,29.01,27.7
T2M,2010,-2.0,40.625,29.26,29.7,29.72,28.14,26.83,25.78,24.85,25.33,26.12,27.65,28.34,28.59,27.51
T2M,2010,-2.0,41.25,27.63,27.91,28.83,28.68,27.59,26.67,25.64,25.5,25.82,26.85,27.9,27.73,27.22
T2M,2010,-2.0,41.875,26.45,26.76,27.92,28.84,28.26,27.2,25.7,25.11,25.32,26.09,27.2,26.88,26.81
T2M,2010,-2.5,34.375,21.01,22.66,21.71,22.33,21.81,21.91,22.46,23.48,24.14,23.98,22.87,21.63,22.49
T2M,2010,-2.5,35.0,19.13,20.55,19.86,19.92,19.16,18.98,19.03,20.44,21.49,21.78,20.61,19.94,20.07
T2M,2010,-2.5,35.625,20.5,21.93,21.58,21.33,19.85,19.29,19.14,20.61,22.26,23.21,21.69,21.45,21.06
T2M,2010,-2.5,36.25,23.54,24.87,24.71,24.61,22.87,22.09,21.69,22.97,24.78,25.93,24.48,24.67,23.93
T2M,2010,-2.5,36.875,21.12,22.59,22.78,23.0,21.71,21.17,20.85,21.77,23.03,23.69,22.02,22.21,22.16
T2M,2010,-2.5,37.5,21.88,23.35,23.43,23.23,21.74,21.38,21.25,21.66,22.57,23.69,22.49,22.59,22.43
T2M,2010,-2.5,38.125,24.35,25.45,25.25,25.05,23.72,22.89,22.1,22.62,23.63,25.05,24.23,24.49,24.06
T2M,2010,-2.5,38.75,27.38,28.65,27.62,26.9,25.58,25.04,24.02,24.57,25.37,26.93,26.39,27.2,26.29
T2M,2010,-2.5,39.375,28.36,29.41,28.51,27.28,25.8,24.73,23.9,24.65,25.61,27.32,27.14,27.86,26.7
T2M,2010,-2.5,40.0,28.87,29.27,29.17,27.86,26.49,25.73,25.01,25.4,25.94,27.35,27.79,28.39,27.26
T2M,2010,-2.5,40.625,27.99,28.16,28.94,28.59,27.49,26.56,25.51,25.42,25.71,26.82,27.81,27.95,27.24
T2M,2010,-2.5,41.25,26.56,26.78,27.96,28.83,28.2,27.17,25.66,25.06,25.19,26.06,27.18,27.04,26.8
T2M,2010,-2.5,41.875,26.52,26.83,27.94,28.85,28.32,27.24,25.7,25.07,25.31,26.08,27.26,27.06,26.85
T2M,2010,-3.0,34.375,20.5,22.15,21.57,22.25,21.5,21.26,21.41,22.43,23.71,24.51,23.13,21.32,22.14
T2M,2010,-3.0,35.0,19.1,20.55,20.13,20.21,19.1,18.76,18.56,20.12,21.55,22.49,21.16,20.06,20.14
T2M,2010,-3.0,35.625,16.45,17.53,17.5,17.34,15.88,15.13,14.71,15.69,17.45,18.8,18.02,17.38,16.82
T2M,2010,-3.0,36.25,21.09,22.97,22.9,22.56,20.28,19.58,19.34,20.68,22.34,24.14,23.15,22.81,21.81
T2M,2010,-3.0,36.875,20.32,22.27,22.47,21.69,19.08,18.08,17.83,18.98,21.15,23.09,22.13,22.13,20.76
T2M,2010,-3.0,37.5,17.4,18.59,18.87,18.47,16.7,15.66,14.98,15.63,17.09,18.6,18.28,18.24,17.37
T2M,2010,-3.0,38.125,23.82,25.02,24.8,24.53,22.85,22.02,21.2,21.78,22.83,24.53,23.94,24.14,23.44
T2M,2010,-3.0,38.75,26.64,28.28,27.15,26.5,24.86,24.25,23.34,23.96,24.76,26.5,25.88,26.77,25.72
T2M,2010,-3.0,39.375,27.91,29.12,28.33,27.18,25.52,24.42,23.66,24.44,25.26,27.05,26.91,27.7,26.44
T2M,2010,-3.0,40.0,27.85,28.38,28.64,28.0,26.69,25.92,25.05,25.16,25.52,26.81,27.44,27.89,26.94
T2M,2010,-3.0,40.625,26.92,27.09,28.19,28.75,28.06,27.03,25.57,25.08,25.2,26.1,27.18,27.29,26.87
T2M,2010,-3.0,41.25,26.76,26.92,28.05,28.86,28.28,27.22,25.67,25.04,25.19,26.08,27.23,27.26,26.88
T2M,2010,-3.0,41.875,26.7,26.94,27.98,28.87,28.34,27.26,25.7,25.03,25.29,26.07,27.26,27.28,26.89
T2M,2010,-3.5,34.375,21.88,23.25,22.84,23.67,23.0,22.99,22.76,23.56,25.18,26.34,24.8,22.89,23.59
T2M,2010,-3.5,35.0,20.95,22.07,21.8,21.91,20.79,20.29,19.85,20.93,22.5,23.9,22.78,21.89,21.63
T2M,2010,-3.5,35.625,19.64,20.87,20.75,20.53,18.95,18.23,17.56,18.58,20.47,22.0,21.04,20.57,19.92
T2M,2010,-3.5,36.25,21.66,23.23,23.3,22.69,20.75,19.95,19.67,20.75,22.24,23.85,22.84,22.68,21.96
T2M,2010,-3.5,36.875,22.59,23.63,23.67,22.57,20.15,19.18,18.73,19.81,21.51,23.18,22.63,22.98,21.71
T2M,2010,-3.5,37.5,24.9,25.91,25.82,24.67,22.17,21.15,20.55,21.51,23.3,25.03,24.59,25.04,23.71
T2M,2010,-3.5,38.125,23.31,24.71,24.09,23.47,21.48,20.52,19.74,20.34,21.31,23.12,23.03,23.6,22.38
T2M,2010,-3.5,38.75,25.53,26.88,26.13,25.47,23.83,22.7,21.78,22.3,23.11,24.97,24.98,25.66,24.43
T2M,2010,-3.5,39.375,27.56,28.53,27.93,26.78,25.09,23.96,23.22,23.87,24.62,26.3,26.51,27.38,25.96
T2M,2010,-3.5,40.0,27.44,27.92,28.39,28.31,27.34,26.43,25.31,25.09,25.28,26.33,27.14,27.59,26.87
T2M,2010,-3.5,40.625,27.08,27.28,28.27,28.78,28.18,27.11,25.58,25.03,25.13,26.01,27.1,27.4,26.91
T2M,2010,-3.5,41.25,27.1,27.21,28.19,28.89,28.3,27.22,25.65,24.99,25.17,26.07,27.21,27.47,26.95
T2M,2010,-3.5,41.875,26.94,27.15,28.08,28.86,28.31,27.24,25.66,24.96,25.26,26.06,27.27,27.43,26.93
T2M,2010,-4.0,34.375,22.42,23.38,23.17,24.22,23.53,23.6,22.94,23.93,25.84,27.11,25.61,23.53,24.1
T2M,2010,-4.0,35.0,20.6,21.44,21.21,21.53,20.54,20.27,19.77,20.84,22.37,23.88,22.7,21.55,21.39
T2M,2010,-4.0,35.625,19.89,20.66,20.55,20.52,19.09,18.3,17.54,18.44,20.28,22.05,21.19,20.54,19.91
T2M,2010,-4.0,36.25,21.94,23.01,23.02,22.66,21.03,20.15,19.73,20.74,22.21,24.02,23.07,22.63,22.01
T2M,2010,-4.0,36.875,22.25,23.17,22.96,22.35,20.48,19.53,18.98,19.89,21.34,23.14,22.55,22.52,21.59
T2M,2010,-4.0,37.5,24.16,25.28,24.75,24.01,21.98,20.96,20.37,21.3,22.71,24.49,24.04,24.34,23.19
T2M,2010,-4.0,38.125,25.17,26.31,25.46,24.59,22.58,21.58,20.85,21.73,22.82,24.42,24.31,25.14,23.73
T2M,2010,-4.0,38.75,26.12,27.35,26.37,25.37,23.57,22.45,21.68,22.28,23.06,24.95,25.11,26.11,24.52
T2M,2010,-4.0,39.375,28.03,28.71,28.28,27.11,25.53,24.5,23.74,24.24,24.83,26.37,26.93,27.71,26.32
T2M,2010,-4.0,40.0,27.33,27.71,28.44,28.63,27.94,26.86,25.52,25.06,25.13,26.03,27.0,27.41,26.92
T2M,2010,-4.0,40.625,27.38,27.59,28.46,28.81,28.21,27.1,25.58,25.01,25.11,26.0,27.07,27.49,26.98
T2M,2010,-4.0,41.25,27.38,27.5,28.37,28.89,28.27,27.2,25.62,24.94,25.15,26.04,27.15,27.54,27.0
T2M,2010,-4.0,41.875,27.18,27.4,28.22,28.84,28.25,27.19,25.6,24.9,25.22,26.04,27.2,27.49,26.96
T2M,2010,-4.5,34.375,21.64,22.36,22.14,23.07,22.14,21.51,20.59,21.63,23.71,25.54,24.6,22.65,22.63
T2M,2010,-4.5,35.0,20.03,20.63,20.36,20.63,19.49,18.89,17.98,18.95,20.84,22.49,21.77,20.68,20.22
T2M,2010,-4.5,35.625,20.07,20.69,20.45,20.46,19.1,18.33,17.45,18.31,20.18,21.81,21.14,20.57,19.87
T2M,2010,-4.5,36.25,22.38,23.25,23.09,22.85,21.41,20.45,19.99,20.86,22.29,24.04,23.32,22.84,22.22
T2M,2010,-4.5,36.875,22.36,23.22,22.74,22.26,20.76,19.69,19.11,19.88,21.09,22.92,22.53,22.44,21.57
T2M,2010,-4.5,37.5,23.79,24.77,24.19,23.37,21.61,20.48,19.84,20.6,21.79,23.82,23.64,23.84,22.63
T2M,2010,-4.5,38.125,24.16,25.15,24.61,23.65,21.46,20.16,19.43,20.37,21.65,23.61,23.6,24.02,22.64
T2M,2010,-4.5,38.75,26.32,27.42,26.75,25.72,23.84,22.68,21.97,22.57,23.44,25.16,25.48,26.21,24.78
T2M,2010,-4.5,39.375,28.02,28.7,28.6,27.95,26.72,25.69,24.74,24.75,25.13,26.46,27.21,27.82,26.8
T2M,2010,-4.5,40.0,27.51,27.94,28.58,28.77,28.12,26.99,25.62,25.08,25.16,26.03,27.02,27.47,27.02
T2M,2010,-4.5,40.625,27.65,27.92,28.62,28.84,28.21,27.07,25.56,24.98,25.1,26.0,27.14,27.6,27.05
T2M,2010,-4.5,41.25,27.6,27.77,28.54,28.88,28.22,27.17,25.56,24.89,25.12,26.02,27.19,27.58,27.04
T2M,2010,-4.5,41.875,27.41,27.64,28.35,28.82,28.2,27.14,25.55,24.84,25.18,26.01,27.17,27.51,26.98
T2M,2010,0.5,34.375,22.95,23.95,22.62,22.59,21.65,20.83,20.61,21.12,21.44,21.56,21.91,21.48,21.88
T2M,2010,0.5,35.0,18.68,19.88,19.39,19.66,19.02,18.33,17.45,17.8,18.58,18.78,18.48,18.14,18.67
T2M,2010,0.5,35.625,18.25,19.94,19.26,19.63,19.09,18.54,17.58,17.87,18.68,19.21,18.82,19.34,18.84
T2M,2010,0.5,36.25,21.02,22.63,22.38,22.69,22.27,21.88,20.36,20.22,21.24,22.12,21.89,22.16,21.73
T2M,2010,0.5,36.875,18.77,20.36,20.54,20.76,20.82,20.29,18.98,18.76,19.6,20.39,19.77,19.78,19.9
T2M,2010,0.5,37.5,22.59,23.89,23.76,23.81,24.07,23.55,22.26,22.25,23.43,24.0,22.82,23.04,23.28
T2M,2010,0.5,38.125,25.45,26.86,26.46,26.17,26.07,25.37,24.02,24.35,25.54,26.59,25.36,25.54,25.64
T2M,2010,0.5,38.75,27.76,29.43,28.8,28.22,27.71,27.05,25.8,26.18,27.08,28.54,27.84,28.23,27.71
T2M,2010,0.5,39.375,28.84,30.73,29.88,28.79,27.76,27.23,26.07,26.69,27.68,29.31,29.01,29.59,28.45
T2M,2010,0.5,40.0,29.21,31.08,30.29,28.8,27.68,27.04,25.98,26.63,27.79,29.45,29.44,29.96,28.6
T2M,2010,0.5,40.625,29.45,31.17,30.29,28.48,27.44,26.77,25.86,26.52,27.85,29.48,29.68,30.1,28.57
T2M,2010,0.5,41.25,29.57,31.05,30.19,28.59,27.68,26.82,25.84,26.52,27.84,29.27,29.65,30.09,28.58
T2M,2010,0.5,41.875,29.42,30.83,30.19,28.39,27.54,26.69,25.86,26.28,27.75,29.03,29.52,29.96,28.44
T2M,2010,1.0,34.375,18.17,19.18,18.47,18.6,17.98,17.16,16.43,16.92,17.34,17.73,17.64,17.17,17.72
T2M,2010,1.0,35.0,16.22,17.73,17.17,17.55,17.32,16.6,15.84,16.13,16.7,16.77,16.33,15.84,16.67
T2M,2010,1.0,35.625,19.34,20.84,19.82,20.15,19.69,19.28,18.44,18.58,19.39,20.2,19.85,20.31,19.65
T2M,2010,1.0,36.25,23.56,24.9,24.51,24.65,24.31,23.97,22.34,22.0,23.16,24.22,23.91,24.18,23.8
T2M,2010,1.0,36.875,19.75,21.09,21.29,21.28,21.38,20.82,19.49,19.28,19.98,20.92,20.33,20.0,20.46
T2M,2010,1.0,37.5,23.83,25.37,25.07,25.06,25.28,24.63,23.4,23.59,24.63,25.47,24.19,24.23,24.56
T2M,2010,1.0,38.125,27.0,28.69,27.97,27.92,27.88,27.02,25.72,26.09,27.02,28.31,27.12,27.29,27.33
T2M,2010,1.0,38.75,28.58,30.49,29.57,29.15,28.77,28.07,26.87,27.25,28.1,29.66,28.81,29.21,28.7
T2M,2010,1.0,39.375,28.9,31.04,29.84,28.84,28.08,27.67,26.53,27.07,28.05,29.66,29.22,29.78,28.71
T2M,2010,1.0,40.0,28.97,31.14,30.01,28.49,27.69,27.25,26.2,26.89,28.04,29.63,29.51,29.94,28.63
T2M,2010,1.0,40.625,29.31,31.38,30.1,28.39,27.63,27.15,26.31,26.92,28.29,29.74,29.91,30.23,28.76
T2M,2010,1.0,41.25,29.53,31.45,30.21,28.74,27.93,27.03,26.15,26.87,28.33,29.67,30.09,30.41,28.85
T2M,2010,1.0,41.875,29.6,31.34,30.37,28.37,27.73,27.11,26.33,26.64,28.19,29.43,29.97,30.26,28.76
T2M,2010,1.5,34.375,23.05,23.98,22.89,23.07,21.45,21.07,20.44,20.73,21.28,22.21,22.47,23.01,22.12
T2M,2010,1.5,35.0,20.54,21.96,20.83,21.14,20.4,19.98,19.21,19.52,20.23,20.8,20.57,21.03,20.51
T2M,2010,1.5,35.625,23.93,25.18,24.19,24.54,23.92,23.67,22.57,22.77,24.11,24.92,24.2,24.49,24.03
T2M,2010,1.5,36.25,26.68,27.86,27.23,27.47,27.24,26.82,25.45,25.4,26.57,27.49,26.97,26.89,26.83
T2M,2010,1.5,36.875,22.37,23.85,23.56,23.55,23.98,23.38,22.19,22.35,23.13,23.76,22.66,22.46,23.1
T2M,2010,1.5,37.5,25.32,26.94,26.31,26.36,26.61,25.67,24.49,24.77,25.54,26.69,25.57,25.39,25.8
T2M,2010,1.5,38.125,27.81,29.67,28.56,28.58,28.9,27.95,26.73,27.16,27.93,29.21,27.91,28.07,28.2
T2M,2010,1.5,38.75,28.62,30.69,29.1,28.82,28.96,28.47,27.23,27.57,28.43,29.83,28.71,29.3,28.8
T2M,2010,1.5,39.375,28.39,30.61,29.41,28.28,27.88,27.55,26.45,27.1,28.06,29.66,29.12,29.42,28.48
T2M,2010,1.5,40.0,28.7,30.93,29.62,28.4,27.86,27.41,26.44,27.12,28.21,29.76,29.32,29.77,28.61
T2M,2010,1.5,40.625,28.93,31.37,29.77,28.19,27.77,27.2,26.5,27.11,28.41,29.8,29.94,30.1,28.74
T2M,2010,1.5,41.25,29.56,31.6,30.34,28.37,27.96,27.26,26.42,26.98,28.37,29.83,30.28,30.4,28.93
T2M,2010,1.5,41.875,29.68,31.64,30.03,27.98,27.68,27.17,26.44,26.74,28.3,29.48,30.01,30.21,28.76
T2M,2010,2.0,34.375,25.36,26.39,25.12,25.4,23.56,23.57,22.9,23.08,23.61,24.79,24.67,25.24,24.46
T2M,2010,2.0,35.0,23.3,24.64,23.51,23.66,22.74,22.52,21.78,22.04,22.83,23.69,23.29,23.5,23.11
T2M,2010,2.0,35.625,26.99,28.37,27.25,27.5,26.97,26.45,25.53,25.8,27.16,28.11,27.5,27.42,27.08
T2M,2010,2.0,36.25,29.07,30.22,29.54,29.83,29.6,29.26,28.15,28.16,29.41,30.57,29.54,29.09,29.36
T2M,2010,2.0,36.875,22.71,24.23,23.77,23.8,24.38,23.52,22.47,22.78,23.55,24.25,22.96,22.77,23.43
T2M,2010,2.0,37.5,26.24,27.89,27.11,26.99,27.39,26.55,25.57,25.85,26.57,27.71,26.45,26.28,26.71
T2M,2010,2.0,38.125,27.29,29.11,27.85,27.63,28.12,27.47,26.3,26.72,27.44,28.52,27.2,27.43,27.58
T2M,2010,2.0,38.75,28.26,30.18,28.91,28.3,28.42,27.94,26.76,27.28,28.19,29.38,28.42,28.79,28.39
T2M,2010,2.0,39.375,28.09,30.3,29.08,27.77,27.61,27.27,26.18,26.97,28.0,29.37,28.79,29.09,28.2
T2M,2010,2.0,40.0,28.07,30.44,28.91,27.54,27.28,26.88,25.87,26.66,27.8,29.11,28.77,29.08,28.02
T2M,2010,2.0,40.625,28.23,31.14,28.53,27.04,27.06,26.71,26.03,26.48,27.85,29.16,29.33,29.32,28.05
T2M,2010,2.0,41.25,28.97,31.46,29.43,27.71,27.64,27.04,26.36,26.87,28.3,29.66,29.96,29.91,28.59
T2M,2010,2.0,41.875,29.62,31.59,29.44,27.48,27.46,27.04,26.47,26.48,28.21,29.23,29.71,29.98,28.54
T2M,2010,2.5,34.375,24.65,26.05,24.75,24.95,23.53,23.77,23.04,23.25,24.07,24.76,24.63,24.72,24.33
T2M,2010,2.5,35.0,24.67,26.37,25.11,25.25,24.58,24.09,23.47,23.9,24.81,25.6,25.03,25.01,24.81
T2M,2010,2.5,35.625,27.49,29.44,28.1,28.34,27.87,27.15,26.43,26.97,28.08,29.23,28.56,28.09,27.97
T2M,2010,2.5,36.25,29.12,30.65,29.75,30.04,30.06,29.43,28.64,28.92,30.06,30.87,29.76,29.35,29.71
T2M,2010,2.5,36.875,25.62,27.07,26.31,26.28,26.74,25.87,25.09,25.45,26.22,27.03,25.91,25.84,26.11
T2M,2010,2.5,37.5,27.7,29.54,28.2,28.08,28.61,28.05,27.09,27.43,28.22,29.12,28.01,28.14,28.17
T2M,2010,2.5,38.125,27.13,28.58,27.18,26.68,27.01,26.43,25.39,25.87,26.69,27.7,26.78,27.14,26.87
T2M,2010,2.5,38.75,28.2,29.92,28.4,27.55,27.74,27.29,26.2,26.84,27.82,28.85,28.18,28.65,27.96
T2M,2010,2.5,39.375,27.92,30.11,28.36,27.0,27.03,26.76,25.66,26.51,27.58,28.71,28.37,28.85,27.72
T2M,2010,2.5,40.0,27.53,29.9,27.87,26.58,26.52,26.18,25.11,25.92,27.16,28.3,28.26,28.43,27.3
T2M,2010,2.5,40.625,27.85,30.36,27.81,26.58,26.61,26.34,25.49,25.93,27.29,28.46,28.83,28.55,27.49
T2M,2010,2.5,41.25,29.05,30.91,28.89,27.38,27.42,26.82,25.94,26.41,27.76,29.0,29.61,29.31,28.19
T2M,2010,2.5,41.875,28.99,30.82,28.98,27.2,27.19,26.61,25.84,25.96,27.57,28.54,29.31,29.16,27.99
T2M,2010,3.0,34.375,22.99,24.91,23.65,23.71,22.82,22.48,22.03,22.68,23.69,23.97,23.94,23.75,23.37
T2M,2010,3.0,35.0,25.63,27.66,26.28,26.29,25.71,25.21,24.56,25.4,26.24,27.12,26.8,26.42,26.1
T2M,2010,3.0,35.625,28.09,30.5,29.0,29.26,29.05,28.32,27.68,28.7,29.53,30.68,29.96,29.14,29.15
T2M,2010,3.0,36.25,29.19,31.03,29.88,30.15,30.34,29.64,28.87,29.38,30.3,31.04,30.36,29.89,30.0
T2M,2010,3.0,36.875,27.94,29.83,28.41,28.58,28.99,28.37,27.66,28.03,28.94,29.75,28.91,28.82,28.68
T2M,2010,3.0,37.5,28.48,30.32,28.44,28.43,28.93,28.53,27.59,27.95,28.86,29.75,29.02,29.25,28.78
T2M,2010,3.0,38.125,28.31,29.41,27.57,27.0,27.3,26.77,25.87,26.41,27.38,28.24,27.79,28.3,27.52
T2M,2010,3.0,38.75,28.27,29.64,27.48,26.6,26.82,26.54,25.49,26.17,27.3,28.09,27.97,28.54,27.39
T2M,2010,3.0,39.375,27.66,29.64,27.34,26.02,26.16,25.89,24.76,25.66,26.86,27.78,27.9,28.22,26.97
T2M,2010,3.0,40.0,27.03,29.28,26.83,25.67,25.83,25.56,24.46,25.26,26.62,27.54,27.76,27.59,26.6
T2M,2010,3.0,40.625,27.52,29.71,27.44,26.39,26.45,26.15,25.18,25.61,26.99,27.94,28.48,27.78,27.12
T2M,2010,3.0,41.25,28.34,30.44,28.42,27.2,27.23,26.68,25.68,26.09,27.49,28.45,29.23,28.47,27.79
T2M,2010,3.0,41.875,27.81,30.14,28.45,26.94,27.04,26.35,25.31,25.58,27.17,27.98,28.69,28.19,27.45
T2M,2010,3.5,34.375,23.28,25.02,24.02,23.86,23.07,22.69,22.26,22.98,23.8,24.23,23.96,23.88,23.58
T2M,2010,3.5,35.0,26.65,28.81,27.45,27.32,26.94,26.48,25.79,26.72,27.64,28.62,28.32,27.85,27.37
T2M,2010,3.5,35.625,27.85,30.28,28.88,28.96,29.04,28.42,27.81,28.73,29.76,30.58,30.12,29.36,29.14
T2M,2010,3.5,36.25,28.49,30.41,29.22,29.25,29.54,28.9,28.16,28.69,29.69,30.39,29.96,29.6,29.35
T2M,2010,3.5,36.875,27.97,29.92,28.51,28.44,28.89,28.41,27.75,28.25,29.3,29.93,29.45,29.45,28.85
T2M,2010,3.5,37.5,27.2,28.94,27.16,26.84,27.1,26.73,25.84,26.29,27.42,28.15,27.86,28.39,27.31
T2M,2010,3.5,38.125,27.22,28.12,26.22,25.26,25.32,24.88,23.82,24.64,25.88,26.48,26.5,27.14,25.94
T2M,2010,3.5,38.75,26.91,28.07,25.81,24.67,24.61,24.29,23.07,23.86,25.22,25.95,26.25,26.89,25.45
T2M,2010,3.5,39.375,25.36,27.21,24.87,23.72,23.73,23.38,22.15,22.92,24.42,25.2,25.2,25.48,24.45
T2M,2010,3.5,40.0,26.25,28.51,25.87,24.78,25.19,24.98,23.77,24.54,26.02,26.64,26.52,26.43,25.77
T2M,2010,3.5,40.625,26.41,28.76,26.21,25.36,25.71,25.64,24.56,24.93,26.37,27.0,26.98,26.41,26.18
T2M,2010,3.5,41.25,27.2,29.71,27.88,26.95,27.19,26.74,25.63,26.01,27.43,28.2,28.4,27.29,27.37
T2M,2010,3.5,41.875,28.04,30.64,29.03,27.87,28.25,27.6,26.46,26.77,28.36,29.02,29.3,28.28,28.28
T2M,2010,4.0,34.375,25.76,28.01,26.56,26.04,25.66,25.23,24.62,25.39,26.3,26.88,26.9,26.93,26.18
T2M,2010,4.0,35.0,27.34,29.97,28.51,28.11,28.01,27.68,27.06,27.97,28.94,29.74,29.64,29.23,28.5
T2M,2010,4.0,35.625,26.59,29.03,27.82,27.51,27.76,27.31,26.56,27.39,28.53,29.09,29.12,28.54,27.93
T2M,2010,4.0,36.25,28.63,30.49,29.35,29.11,29.45,28.91,28.05,28.61,29.75,30.2,30.29,30.07,29.4
T2M,2010,4.0,36.875,27.19,29.0,27.56,27.12,27.47,27.08,26.34,26.94,28.24,28.49,28.7,28.89,27.74
T2M,2010,4.0,37.5,27.32,29.13,27.09,26.5,26.52,26.17,25.33,25.89,27.23,27.66,28.16,28.62,27.12
T2M,2010,4.0,38.125,25.06,26.05,23.88,23.04,22.56,22.1,20.92,21.62,22.95,23.65,24.12,24.82,23.38
T2M,2010,4.0,38.75,23.18,24.52,22.29,21.72,21.32,20.73,19.66,20.37,21.77,22.38,22.09,22.85,21.89
T2M,2010,4.0,39.375,24.11,25.88,23.28,22.67,22.66,22.28,21.22,21.97,23.47,23.86,23.14,23.81,23.18
T2M,2010,4.0,40.0,25.37,27.41,24.7,23.77,24.15,23.99,23.01,23.64,25.21,25.49,24.67,25.15,24.69
T2M,2010,4.0,40.625,25.22,27.74,25.37,24.58,25.17,25.27,24.14,24.54,26.02,26.4,25.35,25.18,25.4
T2M,2010,4.0,41.25,26.6,29.61,27.93,26.99,27.54,27.29,26.28,26.65,28.04,28.61,27.77,26.98,27.51
T2M,2010,4.0,41.875,28.07,31.27,29.66,28.5,29.12,28.75,27.68,28.05,29.6,30.07,29.66,28.65,29.07
T2M,2010,4.5,34.375,27.63,30.14,28.27,27.6,27.4,27.49,26.68,27.36,28.38,28.92,29.22,29.19,28.17
T2M,2010,4.5,35.0,26.95,29.98,28.45,27.71,27.86,27.76,27.12,28.07,29.02,29.62,29.92,29.57,28.49
T2M,2010,4.5,35.625,26.96,29.39,28.19,27.59,27.88,27.71,26.9,27.81,28.92,29.26,29.82,29.3,28.3
T2M,2010,4.5,36.25,28.16,30.42,29.04,28.62,28.87,28.71,27.9,28.53,29.81,29.94,30.72,30.33,29.24
T2M,2010,4.5,36.875,27.64,29.37,27.82,27.33,27.38,27.06,26.18,26.77,28.04,28.28,29.16,29.23,27.84
T2M,2010,4.5,37.5,25.36,27.53,25.09,24.63,24.36,24.34,23.58,23.89,25.3,25.47,26.36,26.76,25.2
T2M,2010,4.5,38.125,22.49,23.87,21.74,21.4,20.95,20.51,19.55,20.04,21.37,21.72,21.75,22.38,21.46
T2M,2010,4.5,38.75,22.99,24.85,22.57,22.3,22.01,21.63,20.66,21.25,22.66,22.94,22.35,22.69,22.39
T2M,2010,4.5,39.375,24.89,26.93,24.25,23.66,23.69,23.55,22.54,23.25,24.69,24.91,24.1,24.48,24.23
T2M,2010,4.5,40.0,23.81,25.84,23.58,23.01,23.22,22.84,21.64,22.27,23.79,24.05,23.08,23.38,23.36
T2M,2010,4.5,40.625,24.74,27.15,25.03,24.14,24.82,24.89,23.82,24.27,25.82,25.86,24.47,24.35,24.93
T2M,2010,4.5,41.25,24.9,27.73,26.12,25.1,25.75,25.68,24.58,25.05,26.54,26.75,25.6,24.86,25.71
T2M,2010,4.5,41.875,28.02,31.2,29.55,28.26,28.92,28.96,27.98,28.43,29.93,30.08,29.22,28.43,29.06
T2M,2011,-0.5,34.375,24.18,24.97,24.47,24.11,23.37,22.92,23.49,22.84,22.97,23.29,22.31,23.16,23.5
T2M,2011,-0.5,35.0,20.43,21.33,21.55,21.11,20.08,19.36,19.42,19.18,19.59,20.21,19.0,19.41,20.05
T2M,2011,-0.5,35.625,14.74,15.39,16.36,16.08,15.08,14.38,14.07,13.79,14.59,14.88,14.4,14.28,14.83
T2M,2011,-0.5,36.25,16.01,16.74,17.31,16.76,15.69,15.08,14.67,14.25,15.07,15.4,15.21,15.07,15.6
T2M,2011,-0.5,36.875,17.43,18.06,18.23,17.59,16.73,16.0,15.51,15.06,16.08,16.28,16.18,15.81,16.57
T2M,2011,-0.5,37.5,21.0,22.04,22.46,21.75,20.85,19.8,19.24,18.85,20.13,20.35,19.94,19.74,20.5
T2M,2011,-0.5,38.125,25.5,26.15,27.07,26.39,25.65,24.8,24.06,23.78,25.3,24.61,23.69,23.88,25.06
T2M,2011,-0.5,38.75,27.83,28.57,29.33,28.33,27.07,26.4,25.65,25.52,26.82,26.25,25.24,26.2,26.92
T2M,2011,-0.5,39.375,29.18,30.02,30.74,29.16,27.26,27.25,26.3,26.42,27.53,27.05,26.34,27.24,27.86
T2M,2011,-0.5,40.0,29.6,30.34,31.1,29.61,27.46,27.47,26.51,26.68,27.84,27.44,26.91,27.59,28.2
T2M,2011,-0.5,40.625,29.46,30.17,30.98,30.08,27.41,27.26,26.21,26.55,28.01,27.22,26.71,27.22,28.09
T2M,2011,-0.5,41.25,29.4,29.93,30.66,30.25,27.61,27.56,26.4,26.79,28.1,27.31,26.86,27.36,28.17
T2M,2011,-0.5,41.875,28.8,29.06,29.79,29.88,28.07,27.57,26.54,26.74,27.83,27.6,27.42,27.78,28.08
T2M,2011,-1.0,34.375,22.32,23.31,22.53,22.21,21.84,21.66,22.2,21.42,21.42,22.07,20.46,20.9,21.85
T2M,2011,-1.0,35.0,19.65,20.44,20.35,19.69,18.58,18.3,18.24,18.1,18.59,19.17,18.15,18.5,18.97
T2M,2011,-1.0,35.625,19.2,19.87,20.06,18.84,17.15,16.71,16.38,16.23,17.24,17.76,17.2,17.73,17.85
T2M,2011,-1.0,36.25,18.36,19.21,19.07,18.15,16.74,16.05,15.62,15.25,16.27,16.79,16.59,16.68,17.05
T2M,2011,-1.0,36.875,19.17,20.25,20.3,19.69,19.04,18.24,17.76,17.34,18.56,18.61,18.17,17.84,18.74
T2M,2011,-1.0,37.5,22.45,23.27,23.73,23.02,22.18,21.15,20.56,20.18,21.65,21.78,21.32,20.96,21.84
T2M,2011,-1.0,38.125,24.6,25.19,25.85,25.02,24.28,23.45,22.64,22.41,23.92,23.56,22.99,23.53,23.94
T2M,2011,-1.0,38.75,27.96,28.51,29.23,27.94,26.79,26.3,25.48,25.39,26.66,25.99,25.2,26.58,26.83
T2M,2011,-1.0,39.375,29.44,30.17,30.76,28.79,27.07,27.21,26.26,26.42,27.45,26.77,26.32,27.75,27.85
T2M,2011,-1.0,40.0,29.84,30.56,31.16,29.4,27.41,27.52,26.61,26.76,27.81,27.24,26.87,27.96,28.25
T2M,2011,-1.0,40.625,29.21,29.99,30.72,29.71,27.28,27.07,25.99,26.36,27.68,27.03,26.72,27.43,27.92
T2M,2011,-1.0,41.25,28.88,29.43,30.1,29.8,27.51,27.19,26.07,26.41,27.59,27.05,26.81,27.44,27.84
T2M,2011,-1.0,41.875,27.57,27.63,28.52,29.21,27.92,27.26,26.2,26.23,27.02,27.23,27.54,27.89,27.51
T2M,2011,-1.5,34.375,22.4,23.72,23.08,22.71,22.49,22.24,22.48,21.87,21.92,22.55,20.98,20.83,22.26
T2M,2011,-1.5,35.0,20.96,21.92,21.64,20.6,19.84,19.94,19.87,19.68,20.38,20.7,19.6,19.56,20.38
T2M,2011,-1.5,35.625,19.01,19.76,19.62,18.62,17.48,17.0,16.56,16.62,17.88,18.24,17.69,17.67,18.0
T2M,2011,-1.5,36.25,23.72,24.28,23.95,22.82,21.93,21.05,20.47,20.47,22.06,22.3,21.66,21.9,22.2
T2M,2011,-1.5,36.875,20.94,21.64,21.5,20.78,20.32,19.74,19.06,18.67,20.23,20.14,19.54,19.42,20.15
T2M,2011,-1.5,37.5,22.02,22.74,22.97,22.28,21.45,20.58,20.09,19.74,21.23,21.3,20.82,20.63,21.31
T2M,2011,-1.5,38.125,24.59,25.29,25.85,25.2,24.37,23.4,22.64,22.61,24.04,23.99,23.42,23.59,24.07
T2M,2011,-1.5,38.75,28.02,28.43,28.97,27.5,26.53,26.1,25.29,25.29,26.45,25.92,25.33,26.49,26.68
T2M,2011,-1.5,39.375,29.43,29.98,30.46,28.35,26.89,26.88,26.13,26.22,27.23,26.56,26.16,27.54,27.64
T2M,2011,-1.5,40.0,29.84,30.56,31.18,29.11,27.17,27.28,26.4,26.61,27.56,26.94,26.74,27.81,28.08
T2M,2011,-1.5,40.625,29.24,29.95,30.65,29.59,27.49,27.01,26.01,26.3,27.46,27.03,26.94,27.65,27.93
T2M,2011,-1.5,41.25,28.52,28.94,29.74,29.58,27.62,27.11,26.07,26.28,27.28,26.99,26.97,27.4,27.7
T2M,2011,-1.5,41.875,26.67,26.46,27.51,28.6,27.79,27.08,26.02,25.84,26.32,26.84,27.49,27.63,27.02
T2M,2011,-1.7975103014118005e-13,34.375,23.6,24.69,24.09,23.75,22.7,21.96,22.49,21.82,22.14,22.56,21.93,22.51,22.84
T2M,2011,-1.7975103014118005e-13,35.0,20.68,21.67,21.84,21.61,20.45,19.43,19.57,19.24,19.8,20.42,19.37,19.57,20.3
T2M,2011,-1.7975103014118005e-13,35.625,15.4,16.31,17.04,16.96,16.18,15.43,15.07,14.81,15.51,15.76,15.2,14.52,15.68
T2M,2011,-1.7975103014118005e-13,36.25,18.86,19.39,19.92,19.78,18.89,17.86,17.52,16.96,17.71,18.24,17.35,16.68,18.26
T2M,2011,-1.7975103014118005e-13,36.875,18.52,19.28,19.72,19.37,18.71,17.89,17.41,16.93,17.83,18.04,17.37,16.53,18.12
T2M,2011,-1.7975103014118005e-13,37.5,17.89,18.78,19.22,18.92,18.32,17.56,17.0,16.67,17.64,17.57,17.11,16.48,17.75
T2M,2011,-1.7975103014118005e-13,38.125,25.87,26.71,27.69,27.24,26.56,25.65,25.1,24.77,26.26,25.35,24.16,24.34,25.8
T2M,2011,-1.7975103014118005e-13,38.75,28.37,29.2,30.1,29.25,27.96,27.28,26.61,26.46,27.72,27.02,25.85,26.56,27.69
T2M,2011,-1.7975103014118005e-13,39.375,29.39,30.19,31.08,29.83,27.94,27.62,26.76,26.84,28.03,27.46,26.49,27.07,28.21
T2M,2011,-1.7975103014118005e-13,40.0,29.72,30.41,31.35,30.22,28.08,27.73,26.87,27.03,28.31,27.78,26.94,27.25,28.46
T2M,2011,-1.7975103014118005e-13,40.625,29.85,30.46,31.36,30.55,28.06,27.86,26.81,27.11,28.58,27.4,26.55,26.9,28.44
T2M,2011,-1.7975103014118005e-13,41.25,29.88,30.35,31.2,30.55,28.1,28.16,26.97,27.32,28.65,27.4,26.72,27.21,28.53
T2M,2011,-1.7975103014118005e-13,41.875,29.62,29.93,30.68,30.12,28.17,27.93,26.97,27.23,28.45,27.51,26.81,26.88,28.35
T2M,2011,-2.0,34.375,22.68,24.31,23.41,22.93,23.0,23.11,23.15,22.6,23.0,23.06,21.75,21.09,22.83
T2M,2011,-2.0,35.0,21.2,22.16,21.73,20.8,20.37,20.37,20.43,20.23,21.22,21.1,20.16,19.83,20.79
T2M,2011,-2.0,35.625,19.54,20.28,19.82,19.1,18.2,17.53,17.06,17.38,18.98,18.98,18.46,18.5,18.64
T2M,2011,-2.0,36.25,26.24,26.43,26.2,25.46,24.97,23.92,23.3,23.65,25.47,25.2,24.39,24.68,24.98
T2M,2011,-2.0,36.875,21.96,22.42,22.05,21.25,21.03,20.44,19.81,19.58,21.03,20.77,20.32,20.36,20.91
T2M,2011,-2.0,37.5,22.86,23.45,23.37,22.74,22.11,21.42,20.74,20.55,22.04,22.0,21.61,21.61,22.03
T2M,2011,-2.0,38.125,25.19,25.58,26.03,25.24,24.52,23.75,22.93,23.0,24.24,24.32,23.81,24.09,24.38
T2M,2011,-2.0,38.75,28.04,28.26,28.65,27.07,26.13,25.8,25.08,25.07,26.15,25.82,25.3,26.43,26.47
T2M,2011,-2.0,39.375,29.2,29.59,29.96,27.86,26.57,26.43,25.77,25.94,26.9,26.4,26.12,27.28,27.32
T2M,2011,-2.0,40.0,29.67,30.22,30.59,28.73,27.18,27.12,26.36,26.5,27.33,26.81,26.72,27.8,27.91
T2M,2011,-2.0,40.625,28.98,29.49,30.02,29.26,27.64,27.11,26.11,26.27,27.11,26.95,27.16,27.9,27.82
T2M,2011,-2.0,41.25,27.53,27.51,28.31,28.96,27.97,27.21,26.1,26.01,26.54,26.99,27.77,27.98,27.4
T2M,2011,-2.0,41.875,26.37,26.05,27.1,28.36,27.79,27.01,25.99,25.67,26.0,26.72,27.48,27.54,26.84
T2M,2011,-2.5,34.375,22.0,23.36,22.33,22.35,22.76,23.14,23.18,22.69,23.77,22.91,21.7,20.6,22.56
T2M,2011,-2.5,35.0,20.33,21.17,20.43,20.17,20.02,19.99,20.23,20.11,21.53,20.89,20.13,19.35,20.35
T2M,2011,-2.5,35.625,22.24,22.99,21.98,21.74,20.89,20.57,20.34,20.8,22.45,22.06,21.4,21.22,21.55
T2M,2011,-2.5,36.25,25.56,25.58,24.92,24.83,24.0,23.04,22.74,23.34,25.11,24.86,24.04,24.01,24.33
T2M,2011,-2.5,36.875,23.26,23.47,22.64,22.83,22.73,22.2,21.69,21.99,23.52,22.53,21.84,21.57,22.51
T2M,2011,-2.5,37.5,23.49,23.7,23.36,23.12,22.49,22.2,21.83,21.74,23.01,22.57,22.1,21.91,22.62
T2M,2011,-2.5,38.125,25.08,25.2,25.56,24.82,24.16,23.68,22.87,22.96,24.08,24.15,23.62,23.62,24.14
T2M,2011,-2.5,38.75,27.93,27.87,28.32,26.71,25.84,25.6,24.9,24.96,25.93,25.79,25.3,26.05,26.26
T2M,2011,-2.5,39.375,28.68,28.84,29.27,27.29,26.17,25.8,25.33,25.59,26.4,26.15,25.95,26.71,26.84
T2M,2011,-2.5,40.0,28.8,29.0,29.3,28.28,26.99,26.63,25.92,26.03,26.66,26.46,26.51,27.4,27.32
T2M,2011,-2.5,40.625,27.97,28.0,28.51,28.73,27.68,27.01,26.02,25.92,26.41,26.67,27.37,27.97,27.35
T2M,2011,-2.5,41.25,26.67,26.43,27.2,28.31,27.74,26.91,25.9,25.56,25.89,26.57,27.47,27.65,26.86
T2M,2011,-2.5,41.875,26.59,26.32,27.19,28.45,27.81,27.01,26.06,25.67,25.99,26.77,27.53,27.64,26.92
T2M,2011,-3.0,34.375,21.57,22.5,21.53,21.74,22.29,22.83,22.46,22.37,24.09,22.9,22.02,20.55,22.23
T2M,2011,-3.0,35.0,20.5,21.19,20.22,20.12,20.06,19.93,20.11,20.31,21.81,21.38,20.96,19.81,20.53
T2M,2011,-3.0,35.625,18.03,18.31,17.58,17.43,16.7,16.19,15.74,16.45,17.83,17.94,17.93,17.32,17.28
T2M,2011,-3.0,36.25,23.99,24.2,22.79,22.47,21.28,20.56,20.66,21.22,22.69,22.8,22.57,22.24,22.28
T2M,2011,-3.0,36.875,23.05,23.09,22.3,22.02,20.03,19.32,19.14,20.17,21.59,21.69,21.54,21.34,21.26
T2M,2011,-3.0,37.5,18.79,19.08,18.71,18.4,17.43,16.62,16.01,16.45,17.67,18.06,18.05,17.78,17.74
T2M,2011,-3.0,38.125,24.74,24.49,24.97,24.19,23.34,22.74,22.14,22.29,23.3,23.66,23.27,23.21,23.52
T2M,2011,-3.0,38.75,27.58,27.15,27.76,26.16,25.24,24.92,24.28,24.42,25.27,25.3,24.86,25.41,25.69
T2M,2011,-3.0,39.375,28.5,28.41,28.9,26.93,25.93,25.44,24.98,25.29,25.97,25.83,25.77,26.43,26.52
T2M,2011,-3.0,40.0,28.1,28.08,28.42,27.95,26.92,26.47,25.71,25.74,26.21,26.29,26.54,27.23,26.96
T2M,2011,-3.0,40.625,27.11,26.92,27.44,28.27,27.6,26.85,25.8,25.54,25.86,26.44,27.4,27.75,26.91
T2M,2011,-3.0,41.25,26.99,26.76,27.3,28.32,27.76,26.92,25.96,25.57,25.88,26.62,27.52,27.78,26.95
T2M,2011,-3.0,41.875,26.95,26.69,27.28,28.48,27.82,27.0,26.09,25.66,25.97,26.79,27.55,27.81,27.01
T2M,2011,-3.5,34.375,23.13,23.67,22.72,22.67,23.58,24.01,23.29,24.0,25.37,24.7,23.52,21.89,23.54
T2M,2011,-3.5,35.0,22.43,22.79,21.61,21.41,21.38,21.1,20.83,21.46,22.85,22.85,22.51,21.65,21.9
T2M,2011,-3.5,35.625,21.5,21.81,20.52,20.27,19.61,18.93,18.46,19.36,20.77,20.92,20.93,20.75,20.31
T2M,2011,-3.5,36.25,24.02,24.32,22.78,22.18,21.3,20.78,20.71,21.27,22.63,22.75,22.78,22.78,22.35
T2M,2011,-3.5,36.875,24.54,24.67,22.91,22.13,20.86,19.96,19.83,20.57,21.88,22.13,22.31,23.15,22.06
T2M,2011,-3.5,37.5,26.5,26.24,25.13,24.29,22.86,22.0,21.8,22.46,23.63,23.94,23.98,24.97,23.97
T2M,2011,-3.5,38.125,24.23,23.84,24.08,23.0,21.82,21.25,20.64,20.76,21.65,22.25,22.19,22.66,22.36
T2M,2011,-3.5,38.75,26.34,25.9,26.34,24.95,24.03,23.28,22.71,22.84,23.7,24.24,24.2,24.77,24.43
T2M,2011,-3.5,39.375,28.06,27.87,28.21,26.45,25.44,24.9,24.38,24.66,25.26,25.3,25.41,26.23,26.0
T2M,2011,-3.5,40.0,27.83,27.7,27.98,27.93,27.17,26.6,25.74,25.64,25.93,26.26,26.92,27.51,26.93
T2M,2011,-3.5,40.625,27.31,27.15,27.48,28.21,27.63,26.82,25.81,25.51,25.79,26.46,27.44,27.89,26.96
T2M,2011,-3.5,41.25,27.34,27.13,27.45,28.31,27.76,26.9,26.0,25.57,25.86,26.65,27.55,27.97,27.04
T2M,2011,-3.5,41.875,27.25,27.02,27.4,28.44,27.82,26.96,26.09,25.62,25.93,26.78,27.57,27.95,27.07
T2M,2011,-4.0,34.375,23.82,24.12,23.16,23.2,24.12,24.17,23.43,24.64,25.98,25.76,24.1,22.33,24.07
T2M,2011,-4.0,35.0,21.89,22.27,21.16,21.03,21.14,21.09,20.64,21.46,22.71,22.83,22.25,21.17,21.63
T2M,2011,-4.0,35.625,21.12,21.53,20.31,20.2,19.6,19.01,18.31,19.35,20.78,21.04,21.15,20.74,20.25
T2M,2011,-4.0,36.25,23.5,23.9,22.56,22.23,21.44,21.0,20.7,21.35,22.61,23.01,23.13,22.94,22.35
T2M,2011,-4.0,36.875,23.48,23.68,22.48,21.95,20.9,20.22,20.01,20.56,21.78,22.19,22.49,22.89,21.87
T2M,2011,-4.0,37.5,25.45,25.19,24.35,23.53,22.4,21.79,21.42,21.91,23.11,23.57,23.66,24.3,23.38
T2M,2011,-4.0,38.125,26.01,25.67,25.37,24.08,22.99,22.39,21.9,22.21,23.13,23.52,23.34,24.55,23.75
T2M,2011,-4.0,38.75,26.9,26.58,26.51,24.74,23.75,23.13,22.64,22.8,23.56,23.99,23.98,25.25,24.48
T2M,2011,-4.0,39.375,28.28,28.05,28.25,26.79,25.78,25.31,24.66,24.89,25.5,25.62,25.87,27.16,26.34
T2M,2011,-4.0,40.0,27.59,27.51,27.77,28.11,27.47,26.74,25.74,25.56,25.77,26.3,27.3,27.84,26.97
T2M,2011,-4.0,40.625,27.55,27.44,27.64,28.2,27.64,26.8,25.83,25.52,25.77,26.49,27.49,28.06,27.03
T2M,2011,-4.0,41.25,27.53,27.38,27.6,28.3,27.74,26.87,26.0,25.55,25.85,26.66,27.54,28.09,27.09
T2M,2011,-4.0,41.875,27.4,27.27,27.55,28.37,27.79,26.92,26.08,25.56,25.89,26.75,27.57,28.04,27.1
T2M,2011,-4.5,34.375,23.04,23.3,22.24,21.98,22.72,21.79,21.18,22.31,24.04,24.81,23.13,21.38,22.65
T2M,2011,-4.5,35.0,21.14,21.38,20.2,19.93,19.96,19.35,18.61,19.74,21.12,21.84,21.23,20.1,20.37
T2M,2011,-4.5,35.625,21.04,21.49,20.17,19.97,19.52,19.02,18.08,19.23,20.55,20.99,21.16,20.6,20.14
T2M,2011,-4.5,36.25,23.49,23.92,22.48,22.27,21.6,21.3,20.76,21.47,22.67,23.13,23.4,23.08,22.45
T2M,2011,-4.5,36.875,23.14,23.36,22.25,21.76,20.85,20.34,19.96,20.44,21.49,21.97,22.61,22.83,21.74
T2M,2011,-4.5,37.5,24.64,24.77,23.7,22.8,21.73,20.96,20.68,21.1,22.21,22.84,23.23,23.85,22.7
T2M,2011,-4.5,38.125,24.75,24.86,24.35,23.06,21.8,20.8,20.55,21.01,22.09,22.57,22.57,23.38,22.64
T2M,2011,-4.5,38.75,27.08,26.98,26.63,25.06,24.07,23.28,22.99,23.22,24.0,24.22,24.35,25.25,24.75
T2M,2011,-4.5,39.375,28.32,28.14,28.3,27.42,26.67,26.14,25.36,25.35,25.82,26.12,26.63,27.53,26.81
T2M,2011,-4.5,40.0,27.62,27.57,27.88,28.19,27.57,26.76,25.73,25.54,25.75,26.37,27.42,28.0,27.03
T2M,2011,-4.5,40.625,27.7,27.63,27.79,28.18,27.63,26.74,25.82,25.5,25.74,26.46,27.5,28.16,27.07
T2M,2011,-4.5,41.25,27.61,27.55,27.75,28.25,27.69,26.81,25.97,25.5,25.8,26.62,27.54,28.17,27.1
T2M,2011,-4.5,41.875,27.49,27.45,27.69,28.32,27.75,26.86,26.05,25.49,25.84,26.72,27.54,28.11,27.11
T2M,2011,0.5,34.375,22.66,24.13,23.52,23.2,21.48,20.52,20.96,20.39,20.96,21.44,20.81,21.17,21.75
T2M,2011,0.5,35.0,18.99,20.25,20.48,20.43,19.03,17.82,17.84,17.4,18.26,18.64,17.75,17.44,18.68
T2M,2011,0.5,35.625,20.23,20.93,21.06,20.87,19.31,18.34,18.4,17.79,18.69,18.96,17.84,17.39,19.14
T2M,2011,0.5,36.25,22.8,23.27,23.51,23.38,22.52,21.22,20.97,20.02,20.89,21.84,20.44,19.93,21.72
T2M,2011,0.5,36.875,20.05,20.86,21.23,21.23,20.82,19.89,19.35,18.77,19.62,20.02,19.03,17.94,19.89
T2M,2011,0.5,37.5,23.38,24.14,24.7,24.52,24.02,23.25,22.85,22.39,23.48,22.86,21.81,21.27,23.21
T2M,2011,0.5,38.125,25.75,26.7,27.59,27.25,26.32,25.35,24.88,24.55,25.96,25.11,23.78,24.08,25.6
T2M,2011,0.5,38.75,28.38,29.12,30.08,29.37,28.03,27.37,26.72,26.55,27.81,27.09,25.85,26.33,27.71
T2M,2011,0.5,39.375,29.65,30.33,31.32,30.25,28.42,28.01,27.26,27.3,28.54,27.61,26.43,26.72,28.47
T2M,2011,0.5,40.0,30.01,30.66,31.59,30.64,28.58,28.17,27.41,27.51,28.85,27.66,26.5,26.57,28.66
T2M,2011,0.5,40.625,30.11,30.74,31.67,30.92,28.84,28.53,27.59,27.75,29.19,27.51,26.28,26.36,28.78
T2M,2011,0.5,41.25,30.11,30.65,31.6,30.78,28.82,28.74,27.68,27.84,29.15,27.67,26.88,27.05,28.9
T2M,2011,0.5,41.875,29.97,30.36,31.27,30.37,28.58,28.45,27.56,27.68,28.94,27.55,26.68,26.43,28.64
T2M,2011,1.0,34.375,17.91,18.76,19.13,18.96,17.85,16.69,16.7,16.39,16.96,17.46,16.71,16.69,17.51
T2M,2011,1.0,35.0,16.97,18.33,18.59,18.52,17.25,16.28,16.12,15.79,16.46,16.57,15.85,15.29,16.82
T2M,2011,1.0,35.625,21.28,21.66,21.87,21.47,19.88,19.13,19.37,18.45,19.45,19.64,18.23,18.17,19.87
T2M,2011,1.0,36.25,24.73,25.23,25.61,25.49,24.53,23.12,23.02,22.0,22.79,23.8,22.41,21.98,23.72
T2M,2011,1.0,36.875,20.39,21.38,21.89,21.87,21.47,20.52,20.14,19.3,20.07,20.39,19.56,18.63,20.46
T2M,2011,1.0,37.5,24.56,25.32,26.07,25.95,25.35,24.39,24.1,23.64,24.8,24.15,22.84,22.58,24.47
T2M,2011,1.0,38.125,27.46,28.25,29.25,28.98,28.12,27.03,26.6,26.25,27.66,26.73,25.24,25.74,27.27
T2M,2011,1.0,38.75,29.34,29.98,31.09,30.35,29.12,28.47,27.8,27.66,28.92,28.0,26.56,27.05,28.69
T2M,2011,1.0,39.375,29.86,30.48,31.55,30.5,28.81,28.38,27.65,27.66,28.94,27.74,26.31,26.59,28.69
T2M,2011,1.0,40.0,29.97,30.66,31.66,30.73,28.82,28.36,27.65,27.7,29.05,27.36,25.85,25.89,28.63
T2M,2011,1.0,40.625,30.27,30.9,31.88,31.01,29.18,28.9,27.97,28.06,29.44,27.52,26.16,25.79,28.91
T2M,2011,1.0,41.25,30.46,30.98,31.97,30.98,29.14,29.16,28.14,28.21,29.48,27.88,26.96,26.47,29.14
T2M,2011,1.0,41.875,30.29,30.72,31.7,30.75,28.83,28.83,28.02,28.03,29.29,27.5,26.37,25.79,28.83
T2M,2011,1.5,34.375,24.34,25.24,24.74,24.54,22.07,20.5,21.15,20.08,20.59,21.49,20.29,20.75,22.13
T2M,2011,1.5,35.0,22.03,22.97,22.89,22.71,21.19,19.68,19.92,19.02,19.57,20.06,18.89,18.91,20.64
T2M,2011,1.5,35.625,25.01,25.57,25.91,25.8,24.88,23.47,23.38,22.62,23.67,24.02,22.34,22.7,24.11
T2M,2011,1.5,36.25,27.24,27.88,28.45,28.44,27.59,26.09,26.04,25.33,26.26,26.76,25.19,25.11,26.69
T2M,2011,1.5,36.875,23.09,23.96,24.38,24.28,24.08,23.05,22.92,22.34,23.22,22.9,21.89,21.33,23.11
T2M,2011,1.5,37.5,25.88,26.6,27.28,27.34,26.76,25.49,25.26,24.73,25.99,25.46,24.13,24.03,25.74
T2M,2011,1.5,38.125,28.47,29.1,30.3,29.88,29.15,28.12,27.69,27.38,28.78,27.4,25.9,26.58,28.22
T2M,2011,1.5,38.75,29.6,30.13,31.38,30.53,29.46,28.76,28.14,27.97,29.27,27.87,26.32,26.67,28.83
T2M,2011,1.5,39.375,29.66,30.32,31.5,30.41,28.82,28.32,27.68,27.67,29.01,27.35,25.77,25.63,28.5
T2M,2011,1.5,40.0,29.93,30.53,31.66,30.63,28.89,28.49,27.79,27.83,29.22,27.56,25.96,25.77,28.67
T2M,2011,1.5,40.625,30.18,30.84,31.94,30.96,29.27,28.98,28.08,28.12,29.45,27.5,26.08,25.55,28.9
T2M,2011,1.5,41.25,30.5,31.01,32.07,31.14,29.33,29.15,28.24,28.26,29.49,27.58,26.25,25.49,29.03
T2M,2011,1.5,41.875,30.28,30.71,31.74,30.89,28.79,28.85,28.04,28.03,29.29,27.27,25.94,25.29,28.74
T2M,2011,2.0,34.375,26.41,27.09,26.86,27.09,24.66,23.05,23.67,22.28,22.63,23.74,22.4,23.09,24.4
T2M,2011,2.0,35.0,24.42,25.17,25.22,25.38,23.91,22.38,22.44,21.47,21.78,22.65,21.26,21.62,23.13
T2M,2011,2.0,35.625,27.77,28.45,28.86,28.99,27.92,26.48,26.23,25.69,26.82,27.03,25.31,25.62,27.09
T2M,2011,2.0,36.25,29.44,30.22,30.72,30.84,30.26,28.78,28.66,28.05,29.08,29.46,27.61,27.7,29.23
T2M,2011,2.0,36.875,23.42,24.27,24.59,24.5,24.43,23.27,23.21,22.78,23.78,23.31,22.31,22.0,23.48
T2M,2011,2.0,37.5,27.04,27.71,28.32,28.11,27.75,26.43,26.23,25.87,27.16,26.38,24.89,25.04,26.74
T2M,2011,2.0,38.125,28.16,28.8,30.01,29.24,28.59,27.61,27.24,27.0,28.35,26.84,25.09,25.52,27.7
T2M,2011,2.0,38.75,29.45,29.97,31.29,30.18,29.13,28.38,27.86,27.74,29.09,27.55,25.83,26.11,28.54
T2M,2011,2.0,39.375,29.57,30.2,31.45,30.16,28.62,28.04,27.56,27.54,28.93,27.06,25.31,25.16,28.29
T2M,2011,2.0,40.0,29.52,30.09,31.3,30.08,28.41,27.87,27.33,27.35,28.74,26.9,25.19,24.88,28.12
T2M,2011,2.0,40.625,29.54,30.19,31.41,30.3,28.55,28.29,27.47,27.48,28.79,26.65,25.07,24.51,28.17
T2M,2011,2.0,41.25,30.05,30.71,31.89,30.88,29.02,28.84,27.98,28.01,29.24,27.12,25.68,25.04,28.69
T2M,2011,2.0,41.875,30.07,30.5,31.68,30.82,28.35,28.64,27.91,27.85,29.15,27.02,25.61,24.93,28.53
T2M,2011,2.5,34.375,25.51,26.46,26.15,26.59,24.68,23.37,23.73,22.39,22.66,23.7,21.98,22.73,24.15
T2M,2011,2.5,35.0,25.64,26.57,26.62,26.88,25.55,24.43,24.21,23.41,23.99,24.56,22.77,23.07,24.8
T2M,2011,2.5,35.625,28.48,29.31,29.58,29.87,28.72,27.56,27.31,26.88,28.09,28.36,26.0,26.18,28.02
T2M,2011,2.5,36.25,29.72,30.51,30.78,31.05,30.51,29.4,29.2,28.88,29.94,29.87,27.83,28.03,29.64
T2M,2011,2.5,36.875,26.47,27.3,27.34,27.24,26.98,25.83,25.77,25.51,26.51,26.0,24.62,24.74,26.18
T2M,2011,2.5,37.5,28.91,29.53,29.8,29.51,29.17,28.0,27.87,27.63,28.8,27.81,25.97,26.38,28.27
T2M,2011,2.5,38.125,27.93,28.53,29.38,28.48,27.59,26.68,26.41,26.24,27.55,26.25,24.31,24.78,27.0
T2M,2011,2.5,38.75,29.25,29.78,30.77,29.7,28.51,27.78,27.38,27.31,28.67,27.15,25.05,25.43,28.05
T2M,2011,2.5,39.375,29.25,29.81,30.79,29.64,28.0,27.42,27.06,27.06,28.46,26.7,24.62,24.68,27.78
T2M,2011,2.5,40.0,28.72,29.34,30.39,29.36,27.59,27.01,26.57,26.6,28.0,26.26,24.44,24.15,27.35
T2M,2011,2.5,40.625,28.72,29.41,30.63,29.66,27.74,27.54,26.85,26.83,28.18,26.23,24.63,24.13,27.53
T2M,2011,2.5,41.25,29.51,30.11,31.25,30.39,28.54,28.1,27.42,27.4,28.7,26.69,25.23,25.01,28.18
T2M,2011,2.5,41.875,29.27,29.82,31.06,30.25,27.81,27.74,27.18,27.15,28.49,26.56,25.18,24.39,27.89
T2M,2011,3.0,34.375,24.37,25.41,24.9,25.31,23.68,22.75,22.78,21.98,22.15,22.65,20.91,21.47,23.18
T2M,2011,3.0,35.0,26.92,27.85,27.84,28.06,26.67,25.86,25.5,24.94,25.84,25.9,23.8,24.3,26.11
T2M,2011,3.0,35.625,29.53,30.39,30.5,30.9,29.85,29.16,28.82,28.59,29.74,29.78,26.84,27.13,29.26
T2M,2011,3.0,36.25,30.26,31.06,31.07,31.32,30.92,29.83,29.6,29.59,30.48,30.08,27.97,28.37,30.04
T2M,2011,3.0,36.875,29.35,30.1,29.98,29.95,29.72,28.53,28.46,28.44,29.28,28.63,26.46,26.98,28.82
T2M,2011,3.0,37.5,29.78,30.35,30.41,30.19,29.74,28.62,28.49,28.4,29.44,28.44,26.3,27.07,28.93
T2M,2011,3.0,38.125,28.86,29.37,29.74,29.0,28.03,27.19,26.97,26.86,28.14,26.98,25.07,25.66,27.65
T2M,2011,3.0,38.75,28.94,29.49,29.84,28.98,27.67,26.96,26.69,26.66,28.04,26.65,24.52,25.12,27.45
T2M,2011,3.0,39.375,28.5,29.15,29.65,28.8,27.04,26.41,26.2,26.22,27.64,26.17,23.95,24.24,26.98
T2M,2011,3.0,40.0,27.74,28.46,29.24,28.62,26.76,26.22,25.9,25.96,27.37,25.78,23.71,23.46,26.59
T2M,2011,3.0,40.625,27.87,28.71,29.84,29.3,27.31,27.03,26.45,26.42,27.84,26.14,24.39,23.91,27.09
T2M,2011,3.0,41.25,28.5,29.33,30.53,30.09,27.95,27.56,27.0,26.95,28.33,26.55,25.04,24.68,27.7
T2M,2011,3.0,41.875,28.19,28.91,30.26,29.81,27.35,26.95,26.59,26.58,27.95,26.2,24.77,23.66,27.25
T2M,2011,3.5,34.375,24.71,25.69,25.34,25.34,24.07,23.11,23.0,22.23,22.55,22.74,21.15,21.8,23.46
T2M,2011,3.5,35.0,28.42,29.31,29.21,29.4,28.03,27.07,26.81,26.23,27.33,27.11,24.98,25.69,27.45
T2M,2011,3.5,35.625,29.78,30.62,30.57,30.91,30.06,29.22,28.93,28.69,29.81,29.6,26.87,27.44,29.37
T2M,2011,3.5,36.25,30.02,30.74,30.7,30.77,30.33,29.23,29.02,29.01,29.95,29.37,27.4,28.02,29.54
T2M,2011,3.5,36.875,29.93,30.6,30.25,30.12,30.01,28.84,28.72,28.79,29.57,28.94,26.69,27.44,29.15
T2M,2011,3.5,37.5,28.94,29.53,28.94,28.55,28.05,26.95,26.84,26.87,27.76,27.23,25.22,26.14,27.57
T2M,2011,3.5,38.125,27.73,28.25,28.18,27.27,26.2,25.23,25.25,25.26,26.49,25.45,23.86,24.67,26.14
T2M,2011,3.5,38.75,27.47,28.03,28.04,26.99,25.48,24.56,24.47,24.55,25.86,24.82,23.09,23.93,25.59
T2M,2011,3.5,39.375,26.08,26.74,27.0,26.32,24.57,23.74,23.63,23.76,25.07,23.92,22.08,22.17,24.58
T2M,2011,3.5,40.0,26.76,27.6,28.2,27.8,25.99,25.46,25.23,25.28,26.74,25.01,23.01,22.73,25.8
T2M,2011,3.5,40.625,26.58,27.56,28.52,28.42,26.24,26.25,25.72,25.71,27.15,25.27,23.36,22.68,26.11
T2M,2011,3.5,41.25,27.33,28.32,29.66,29.87,27.74,27.35,26.83,26.79,28.25,26.39,24.68,23.91,27.25
T2M,2011,3.5,41.875,28.25,29.16,30.66,30.85,28.54,28.01,27.68,27.66,29.08,27.07,25.42,24.22,28.04
T2M,2011,4.0,34.375,27.72,28.56,28.2,28.28,26.54,25.39,25.46,24.55,25.4,25.16,23.81,24.45,26.11
T2M,2011,4.0,35.0,29.83,30.72,30.42,30.63,29.15,28.03,28.04,27.32,28.42,28.16,26.05,26.83,28.62
T2M,2011,4.0,35.625,29.0,29.82,29.66,29.68,28.84,27.96,27.69,27.45,28.59,28.19,25.91,26.64,28.28
T2M,2011,4.0,36.25,30.46,31.1,31.02,30.78,30.32,29.28,29.02,28.95,29.98,29.33,27.59,28.39,29.68
T2M,2011,4.0,36.875,29.36,29.96,29.48,28.93,28.54,27.55,27.42,27.47,28.39,27.8,25.8,26.65,28.1
T2M,2011,4.0,37.5,29.03,29.68,29.23,28.42,27.49,26.56,26.52,26.58,27.47,27.04,25.19,26.03,27.42
T2M,2011,4.0,38.125,25.33,25.98,26.22,24.96,23.32,22.33,22.37,22.43,23.5,22.92,21.69,22.14,23.58
T2M,2011,4.0,38.75,23.35,24.04,24.41,23.68,21.9,21.13,21.09,21.07,22.18,21.59,20.47,20.08,22.07
T2M,2011,4.0,39.375,24.38,25.22,25.63,25.08,23.22,22.79,22.65,22.73,24.01,22.64,21.25,20.82,23.35
T2M,2011,4.0,40.0,25.72,26.61,27.17,26.59,24.78,24.57,24.32,24.45,25.86,23.83,22.18,21.83,24.81
T2M,2011,4.0,40.625,25.52,26.56,27.38,27.5,25.62,25.7,25.28,25.3,26.74,24.52,22.62,21.94,25.38
T2M,2011,4.0,41.25,27.02,28.08,29.38,30.0,28.1,27.76,27.38,27.33,28.82,26.51,24.53,23.67,27.37
T2M,2011,4.0,41.875,28.61,29.61,31.16,31.8,29.54,29.12,28.91,28.86,30.3,27.82,25.84,24.29,28.81
T2M,2011,4.5,34.375,29.92,30.76,30.31,30.34,28.24,26.96,27.55,26.28,27.49,26.78,25.48,26.75,28.06
T2M,2011,4.5,35.0,30.22,31.08,30.55,30.53,29.05,27.88,28.21,27.39,28.42,27.93,26.04,26.79,28.66
T2M,2011,4.5,35.625,29.83,30.66,30.3,29.76,28.98,28.18,28.16,27.76,29.02,28.28,26.26,27.16,28.68
T2M,2011,4.5,36.25,30.74,31.45,31.14,30.54,29.89,29.03,28.92,28.8,29.96,29.14,27.13,28.15,29.56
T2M,2011,4.5,36.875,29.56,30.19,29.99,29.17,28.18,27.34,27.28,27.37,28.28,27.9,26.12,27.01,28.19
T2M,2011,4.5,37.5,27.01,27.77,27.59,27.04,25.24,24.57,24.58,24.74,25.53,25.15,23.36,23.91,25.53
T2M,2011,4.5,38.125,22.71,23.6,24.19,23.36,21.47,20.77,20.96,20.89,21.7,21.13,20.0,19.75,21.7
T2M,2011,4.5,38.75,23.05,24.03,24.88,24.38,22.49,22.16,22.18,22.14,23.01,21.98,20.79,20.07,22.59
T2M,2011,4.5,39.375,24.98,25.95,26.85,26.1,24.4,24.17,24.05,24.03,25.17,23.49,22.16,21.83,24.42
T2M,2011,4.5,40.0,24.03,25.01,25.69,25.3,23.72,23.27,22.99,23.06,24.32,22.76,21.54,20.98,23.54
T2M,2011,4.5,40.625,25.02,26.13,26.9,26.87,25.39,25.28,25.0,25.06,26.46,23.91,22.18,21.85,24.99
T2M,2011,4.5,41.25,25.25,26.37,27.49,28.05,26.32,26.01,25.73,25.79,27.23,24.76,22.89,21.9,25.64
T2M,2011,4.5,41.875,28.4,29.49,30.97,31.7,29.4,29.3,29.25,29.17,30.61,27.73,25.56,24.22,28.81
T2M,2012,-0.5,34.375,24.04,25.34,25.62,22.99,22.5,22.07,22.58,23.21,24.03,24.56,22.74,23.46,23.59
T2M,2012,-0.5,35.0,19.84,21.35,22.38,19.96,19.27,18.43,18.42,18.92,19.84,20.54,19.84,19.84,19.88
T2M,2012,-0.5,35.625,14.02,15.48,16.72,15.13,14.58,13.58,13.26,13.37,14.17,14.82,14.98,14.69,14.56
T2M,2012,-0.5,36.25,15.17,16.38,17.61,15.92,14.94,14.11,13.91,13.94,14.6,15.31,15.61,15.38,15.24
T2M,2012,-0.5,36.875,16.29,17.45,18.6,16.86,15.75,14.88,14.69,14.86,15.77,16.41,16.52,16.16,16.18
T2M,2012,-0.5,37.5,20.54,21.53,22.89,20.86,19.65,18.62,18.32,18.89,20.13,20.8,20.6,20.06,20.24
T2M,2012,-0.5,38.125,24.71,26.01,27.15,25.21,24.99,24.32,23.34,23.93,25.37,25.36,24.45,23.79,24.88
T2M,2012,-0.5,38.75,27.43,28.43,29.44,27.35,26.47,25.89,24.95,25.53,26.81,27.04,26.49,25.86,26.8
T2M,2012,-0.5,39.375,28.57,29.68,30.56,28.96,27.06,26.19,25.73,26.28,27.48,27.86,27.89,27.48,27.8
T2M,2012,-0.5,40.0,28.86,30.02,30.84,29.37,27.02,26.21,25.87,26.53,27.72,28.13,28.43,28.22,28.09
T2M,2012,-0.5,40.625,29.03,30.06,30.77,29.71,26.83,25.49,25.28,26.45,27.78,28.01,28.53,28.51,28.03
T2M,2012,-0.5,41.25,29.24,30.05,30.58,29.79,26.98,25.64,25.57,26.73,27.96,28.15,28.69,28.76,28.17
T2M,2012,-0.5,41.875,28.76,29.29,29.71,29.36,27.35,26.19,25.85,26.64,27.69,28.15,28.81,28.93,28.05
T2M,2012,-1.0,34.375,21.09,23.19,23.45,21.39,20.62,20.09,20.85,21.94,22.77,23.37,21.21,21.61,21.8
T2M,2012,-1.0,35.0,18.61,20.48,20.99,18.56,17.77,16.74,17.15,17.58,18.63,19.62,19.06,18.89,18.67
T2M,2012,-1.0,35.625,18.62,20.06,20.99,17.57,16.39,15.13,15.25,15.72,16.54,17.53,17.76,17.77,17.44
T2M,2012,-1.0,36.25,17.99,19.11,19.86,17.08,15.71,14.5,14.28,14.8,15.73,16.76,17.06,16.96,16.65
T2M,2012,-1.0,36.875,18.95,20.05,20.95,18.85,17.32,16.48,16.71,17.34,18.85,19.39,19.05,18.45,18.53
T2M,2012,-1.0,37.5,21.92,23.17,24.32,22.18,20.88,19.77,19.47,20.14,21.71,22.42,22.14,21.53,21.63
T2M,2012,-1.0,38.125,24.54,25.41,26.12,24.21,23.79,22.82,21.9,22.43,23.9,24.19,23.51,23.08,23.82
T2M,2012,-1.0,38.75,28.12,28.9,29.53,27.12,26.14,25.68,24.83,25.33,26.65,26.81,26.25,25.9,26.76
T2M,2012,-1.0,39.375,29.53,30.34,30.85,28.84,26.75,26.03,25.76,26.22,27.43,27.67,27.59,27.4,27.86
T2M,2012,-1.0,40.0,29.89,30.66,31.16,29.35,26.94,26.25,26.01,26.56,27.74,28.03,28.16,27.98,28.22
T2M,2012,-1.0,40.625,29.53,30.07,30.62,29.61,26.68,25.33,25.18,26.21,27.48,27.77,28.24,28.19,27.9
T2M,2012,-1.0,41.25,29.08,29.52,30.04,29.64,26.94,25.52,25.31,26.23,27.43,27.8,28.4,28.4,27.85
T2M,2012,-1.0,41.875,27.89,27.98,28.44,28.98,27.49,26.23,25.71,26.18,26.96,27.56,28.21,28.34,27.49
T2M,2012,-1.5,34.375,22.05,24.65,24.07,21.62,20.59,20.64,21.85,23.01,23.67,24.16,21.79,21.94,22.5
T2M,2012,-1.5,35.0,20.52,22.83,22.6,19.62,18.45,17.75,19.05,19.94,21.24,21.88,20.51,20.33,20.39
T2M,2012,-1.5,35.625,19.05,20.24,20.54,17.38,16.14,14.93,15.4,16.43,17.63,18.8,18.53,18.1,17.76
T2M,2012,-1.5,36.25,23.66,24.52,24.83,21.33,19.46,18.76,19.29,20.44,22.18,23.0,22.78,22.27,21.87
T2M,2012,-1.5,36.875,20.82,21.72,22.15,19.8,18.16,17.66,18.16,18.98,20.65,20.8,20.56,19.89,19.94
T2M,2012,-1.5,37.5,21.53,23.02,23.52,21.48,19.95,19.28,19.25,19.91,21.33,21.85,21.67,21.02,21.14
T2M,2012,-1.5,38.125,24.4,25.46,26.14,24.43,23.6,22.54,21.79,22.4,23.89,24.46,24.03,23.54,23.88
T2M,2012,-1.5,38.75,28.15,28.94,29.28,27.15,25.99,25.48,24.71,25.11,26.49,26.7,26.25,25.99,26.68
T2M,2012,-1.5,39.375,29.61,30.28,30.67,28.46,26.52,25.81,25.52,26.0,27.23,27.43,27.24,27.11,27.65
T2M,2012,-1.5,40.0,30.13,30.74,31.17,29.23,26.78,25.91,25.86,26.4,27.58,27.82,27.86,27.9,28.11
T2M,2012,-1.5,40.625,29.52,30.09,30.57,29.57,26.86,25.5,25.34,26.09,27.32,27.76,28.28,28.21,27.92
T2M,2012,-1.5,41.25,28.57,29.1,29.65,29.55,27.22,25.72,25.37,26.16,27.19,27.67,28.32,28.31,27.73
T2M,2012,-1.5,41.875,26.83,26.82,27.35,28.43,27.62,26.4,25.69,25.84,26.34,27.04,27.79,27.96,27.01
T2M,2012,-1.7975103014118005e-13,34.375,23.06,23.81,24.87,22.38,22.05,21.75,21.64,22.16,22.82,23.45,22.31,22.67,22.75
T2M,2012,-1.7975103014118005e-13,35.0,19.96,21.27,22.31,20.23,19.7,19.03,18.71,19.2,20.11,20.59,20.05,20.06,20.1
T2M,2012,-1.7975103014118005e-13,35.625,14.1,15.3,16.97,16.1,15.65,14.72,14.28,14.51,15.4,15.67,15.67,15.19,15.29
T2M,2012,-1.7975103014118005e-13,36.25,17.11,18.44,20.11,18.85,17.6,16.96,16.49,16.65,17.48,17.99,18.05,17.69,17.78
T2M,2012,-1.7975103014118005e-13,36.875,16.87,18.49,19.79,18.88,17.52,16.85,16.5,16.74,17.56,18.0,17.96,17.51,17.72
T2M,2012,-1.7975103014118005e-13,37.5,16.73,17.92,19.21,18.29,17.37,16.65,16.11,16.59,17.53,17.89,17.71,17.08,17.42
T2M,2012,-1.7975103014118005e-13,38.125,25.25,26.36,27.63,25.82,25.73,25.25,24.12,24.89,26.36,26.22,25.44,24.75,25.65
T2M,2012,-1.7975103014118005e-13,38.75,27.29,28.63,29.94,28.18,27.45,26.72,25.81,26.41,27.67,28.0,27.63,26.97,27.55
T2M,2012,-1.7975103014118005e-13,39.375,28.02,29.49,30.74,29.27,27.71,26.69,26.12,26.71,27.92,28.5,28.72,28.32,28.18
T2M,2012,-1.7975103014118005e-13,40.0,28.11,29.51,30.84,29.53,27.68,26.63,26.12,26.86,28.11,28.74,29.21,29.01,28.36
T2M,2012,-1.7975103014118005e-13,40.625,28.1,29.72,30.85,29.4,27.44,26.08,25.79,26.95,28.3,28.68,29.28,29.32,28.32
T2M,2012,-1.7975103014118005e-13,41.25,28.48,29.94,30.82,29.18,27.37,26.09,26.03,27.23,28.45,28.66,29.29,29.45,28.41
T2M,2012,-1.7975103014118005e-13,41.875,28.11,29.7,30.47,28.74,27.2,26.22,26.04,27.0,28.25,28.53,29.18,29.37,28.23
T2M,2012,-2.0,34.375,22.44,25.22,24.35,22.03,21.03,21.31,22.67,23.92,24.78,24.98,22.36,22.54,23.13
T2M,2012,-2.0,35.0,21.02,23.02,22.5,19.9,18.76,18.48,19.72,20.87,22.23,22.47,20.9,20.67,20.87
T2M,2012,-2.0,35.625,19.57,20.49,20.59,17.96,16.85,15.85,16.4,17.4,18.91,19.82,19.19,18.86,18.49
T2M,2012,-2.0,36.25,25.91,26.86,26.98,23.9,22.6,22.31,22.58,23.68,25.5,26.07,25.57,25.14,24.75
T2M,2012,-2.0,36.875,21.9,22.7,22.8,20.48,19.06,18.89,19.48,19.93,21.12,21.41,21.32,20.75,20.81
T2M,2012,-2.0,37.5,22.62,24.0,24.1,21.98,20.67,20.14,20.3,20.7,22.06,22.57,22.47,21.95,21.96
T2M,2012,-2.0,38.125,24.91,26.09,26.3,24.73,23.85,22.88,22.37,22.74,24.15,24.81,24.55,24.07,24.28
T2M,2012,-2.0,38.75,28.3,29.03,28.95,26.89,25.51,25.11,24.52,24.78,26.23,26.52,26.12,26.04,26.49
T2M,2012,-2.0,39.375,29.28,29.96,30.12,28.06,26.18,25.35,25.17,25.68,26.97,27.16,26.94,26.98,27.31
T2M,2012,-2.0,40.0,29.9,30.42,30.7,28.94,26.84,26.07,25.89,26.27,27.34,27.67,27.53,27.79,27.94
T2M,2012,-2.0,40.625,29.18,29.61,30.0,29.35,27.28,25.91,25.65,26.13,27.07,27.62,28.17,28.43,27.86
T2M,2012,-2.0,41.25,27.53,27.64,28.15,28.83,27.69,26.41,25.84,26.03,26.51,27.34,28.15,28.44,27.38
T2M,2012,-2.0,41.875,26.33,26.3,26.89,28.16,27.75,26.58,25.69,25.69,26.04,26.77,27.62,27.87,26.81
T2M,2012,-2.5,34.375,21.16,23.37,22.69,21.46,20.93,20.98,21.99,23.75,25.05,25.14,22.35,22.15,22.58
T2M,2012,-2.5,35.0,19.65,21.26,20.69,19.3,18.51,18.41,19.24,20.62,22.1,22.44,20.49,20.25,20.24
T2M,2012,-2.5,35.625,21.67,22.68,22.56,20.59,19.67,19.17,19.97,20.89,22.38,23.39,22.0,21.77,21.39
T2M,2012,-2.5,36.25,24.51,25.76,25.54,23.38,22.38,21.81,22.07,23.31,24.99,26.03,25.11,24.71,24.13
T2M,2012,-2.5,36.875,22.38,23.8,23.59,22.06,21.11,20.78,21.14,21.99,23.49,23.64,22.93,22.34,22.43
T2M,2012,-2.5,37.5,22.67,24.38,24.13,22.55,21.51,21.25,21.82,21.69,23.0,23.44,23.04,22.6,22.67
T2M,2012,-2.5,38.125,24.55,25.95,25.9,24.37,23.54,22.73,22.5,22.68,24.09,24.71,24.27,24.05,24.1
T2M,2012,-2.5,38.75,27.82,28.8,28.49,26.66,25.31,24.93,24.42,24.59,26.04,26.48,25.96,26.22,26.3
T2M,2012,-2.5,39.375,28.19,29.26,29.32,27.58,25.84,24.96,24.78,25.27,26.58,26.83,26.49,26.89,26.82
T2M,2012,-2.5,40.0,28.81,29.17,29.41,28.43,26.8,26.03,25.61,25.8,26.67,27.21,26.91,27.57,27.36
T2M,2012,-2.5,40.625,27.85,27.94,28.43,28.82,27.59,26.37,25.84,25.89,26.46,27.12,27.73,28.38,27.37
T2M,2012,-2.5,41.25,26.33,26.35,26.96,28.19,27.66,26.5,25.66,25.6,25.95,26.72,27.5,27.99,26.78
T2M,2012,-2.5,41.875,26.3,26.29,26.94,28.21,27.75,26.61,25.7,25.71,26.0,26.78,27.62,27.97,26.82
T2M,2012,-3.0,34.375,20.37,21.49,20.85,20.76,20.58,20.47,20.97,22.91,24.5,25.25,22.54,21.89,21.88
T2M,2012,-3.0,35.0,19.33,20.48,19.8,19.36,18.58,18.46,18.71,20.47,22.09,22.94,20.75,20.63,20.13
T2M,2012,-3.0,35.625,16.96,17.72,17.57,16.84,15.77,15.21,15.26,16.13,17.79,19.06,17.97,17.87,17.01
T2M,2012,-3.0,36.25,21.9,23.44,23.22,21.48,20.13,19.67,19.97,21.11,22.55,24.29,23.31,23.28,22.02
T2M,2012,-3.0,36.875,21.18,22.87,23.09,21.33,19.35,18.79,18.63,19.78,21.66,22.97,22.81,22.47,21.24
T2M,2012,-3.0,37.5,17.72,19.05,19.01,17.99,16.71,15.9,15.6,16.25,17.58,18.62,18.69,18.47,17.63
T2M,2012,-3.0,38.125,24.05,25.25,25.19,23.87,23.01,22.2,21.84,22.03,23.31,24.2,23.95,24.01,23.57
T2M,2012,-3.0,38.75,27.11,28.25,27.84,26.1,24.82,24.38,23.85,24.05,25.42,26.09,25.46,26.11,25.78
T2M,2012,-3.0,39.375,27.81,28.85,28.89,27.27,25.61,24.8,24.57,24.94,26.21,26.61,26.16,26.89,26.54
T2M,2012,-3.0,40.0,27.76,28.02,28.43,28.03,26.82,26.05,25.49,25.47,26.22,26.89,26.71,27.56,26.95
T2M,2012,-3.0,40.625,26.65,26.58,27.26,28.29,27.59,26.44,25.65,25.51,25.91,26.66,27.37,28.11,26.83
T2M,2012,-3.0,41.25,26.47,26.33,27.03,28.26,27.65,26.55,25.69,25.61,25.9,26.72,27.5,28.12,26.82
T2M,2012,-3.0,41.875,26.42,26.31,27.01,28.27,27.73,26.62,25.71,25.71,25.94,26.79,27.56,28.12,26.85
T2M,2012,-3.5,34.375,21.53,22.12,21.64,22.01,22.06,21.88,22.35,23.93,25.49,26.56,24.33,23.42,23.11
T2M,2012,-3.5,35.0,21.12,21.72,21.05,20.76,20.23,19.89,19.89,21.24,22.79,24.06,22.73,22.38,21.49
T2M,2012,-3.5,35.625,20.26,21.13,20.48,19.58,18.7,18.16,17.82,18.9,20.63,22.13,21.46,21.26,20.04
T2M,2012,-3.5,36.25,22.48,23.62,22.92,21.55,20.55,20.04,20.22,21.1,22.55,23.9,23.75,23.7,22.19
T2M,2012,-3.5,36.875,23.47,24.52,23.48,21.59,20.42,19.67,19.6,20.36,21.95,23.21,23.4,23.84,22.12
T2M,2012,-3.5,37.5,25.95,26.86,26.03,23.83,22.4,21.6,21.36,22.03,23.72,24.91,25.04,25.48,24.09
T2M,2012,-3.5,38.125,23.76,24.75,24.43,22.79,21.66,20.9,20.36,20.58,21.77,22.91,22.89,23.41,22.51
T2M,2012,-3.5,38.75,25.86,26.72,26.49,24.93,23.68,22.9,22.26,22.68,23.79,24.79,24.74,25.31,24.51
T2M,2012,-3.5,39.375,27.47,28.19,28.22,26.62,24.96,24.26,24.0,24.31,25.47,26.04,25.79,26.72,26.0
T2M,2012,-3.5,40.0,27.29,27.41,27.95,28.07,27.12,26.25,25.59,25.36,25.96,26.65,26.99,27.82,26.87
T2M,2012,-3.5,40.625,26.8,26.56,27.34,28.3,27.59,26.47,25.64,25.43,25.82,26.6,27.33,28.19,26.84
T2M,2012,-3.5,41.25,26.79,26.42,27.19,28.3,27.62,26.57,25.71,25.59,25.86,26.7,27.45,28.25,26.87
T2M,2012,-3.5,41.875,26.65,26.34,27.11,28.3,27.69,26.6,25.68,25.67,25.88,26.77,27.47,28.21,26.86
T2M,2012,-4.0,34.375,21.95,22.37,22.01,22.45,22.55,22.36,22.58,24.27,25.78,27.27,25.14,23.92,23.56
T2M,2012,-4.0,35.0,20.46,20.97,20.42,20.42,20.04,19.79,19.81,21.04,22.52,23.9,22.72,22.06,21.18
T2M,2012,-4.0,35.625,20.13,20.88,20.16,19.48,18.86,18.24,17.71,18.76,20.47,22.09,21.71,21.27,19.98
T2M,2012,-4.0,36.25,22.49,23.39,22.46,21.43,20.89,20.24,20.12,21.08,22.57,23.9,24.16,23.65,22.19
T2M,2012,-4.0,36.875,22.95,23.72,22.72,21.44,20.77,19.99,19.9,20.37,21.81,23.05,23.61,23.44,21.97
T2M,2012,-4.0,37.5,24.87,25.83,24.73,23.06,22.1,21.42,21.17,21.73,23.25,24.4,24.67,24.85,23.5
T2M,2012,-4.0,38.125,25.96,26.57,25.77,23.92,22.74,22.08,21.67,21.97,23.3,24.28,24.22,24.91,23.94
T2M,2012,-4.0,38.75,26.59,27.18,26.82,24.96,23.59,22.89,22.28,22.64,23.72,24.76,24.69,25.65,24.64
T2M,2012,-4.0,39.375,28.04,28.31,28.42,26.88,25.27,24.68,24.37,24.61,25.62,26.34,26.28,27.38,26.34
T2M,2012,-4.0,40.0,27.1,27.04,27.73,28.22,27.45,26.41,25.62,25.34,25.77,26.52,27.25,28.09,26.88
T2M,2012,-4.0,40.625,27.12,26.75,27.58,28.33,27.58,26.48,25.65,25.39,25.77,26.57,27.35,28.28,26.9
T2M,2012,-4.0,41.25,27.07,26.54,27.42,28.33,27.59,26.56,25.68,25.54,25.81,26.66,27.43,28.31,26.91
T2M,2012,-4.0,41.875,26.9,26.41,27.26,28.31,27.65,26.55,25.63,25.6,25.82,26.74,27.44,28.27,26.88
T2M,2012,-4.5,34.375,21.05,21.93,21.31,21.15,20.73,20.38,20.21,21.95,23.66,25.67,24.13,22.86,22.08
T2M,2012,-4.5,35.0,19.7,20.48,19.7,19.29,18.74,18.17,17.71,19.21,20.88,22.62,21.74,20.95,19.93
T2M,2012,-4.5,35.625,20.09,20.81,19.99,19.16,18.64,18.1,17.29,18.56,20.21,21.88,21.7,21.05,19.78
T2M,2012,-4.5,36.25,22.44,23.42,22.35,21.29,20.99,20.33,20.1,21.11,22.61,23.98,24.29,23.6,22.2
T2M,2012,-4.5,36.875,22.6,23.39,22.3,21.08,20.68,19.91,19.73,20.3,21.59,22.81,23.47,23.19,21.75
T2M,2012,-4.5,37.5,24.1,25.08,23.92,22.3,21.49,20.77,20.43,21.04,22.38,23.69,24.19,24.34,22.8
T2M,2012,-4.5,38.125,24.66,25.33,24.58,22.83,21.49,20.7,20.3,21.0,22.35,23.49,23.46,23.95,22.84
T2M,2012,-4.5,38.75,26.58,27.37,26.86,25.21,23.9,23.2,22.67,23.11,24.1,25.13,25.06,25.84,24.91
T2M,2012,-4.5,39.375,27.99,28.13,28.38,27.53,26.39,25.7,25.12,25.11,25.84,26.67,26.99,27.83,26.8
T2M,2012,-4.5,40.0,27.24,27.12,27.84,28.24,27.53,26.46,25.62,25.35,25.76,26.53,27.38,28.19,26.94
T2M,2012,-4.5,40.625,27.38,26.96,27.79,28.3,27.54,26.47,25.63,25.33,25.72,26.53,27.38,28.33,26.95
T2M,2012,-4.5,41.25,27.29,26.68,27.63,28.32,27.54,26.53,25.62,25.45,25.74,26.58,27.45,28.34,26.93
T2M,2012,-4.5,41.875,27.13,26.54,27.44,28.32,27.58,26.49,25.55,25.52,25.76,26.66,27.45,28.29,26.89
T2M,2012,0.5,34.375,21.39,22.13,23.55,21.36,20.9,20.32,20.27,20.69,21.21,21.66,21.37,21.47,21.36
T2M,2012,0.5,35.0,17.63,18.84,20.25,18.83,18.47,17.64,16.99,17.51,18.26,18.58,18.39,18.22,18.3
T2M,2012,0.5,35.625,18.05,19.76,21.2,19.6,18.7,17.83,17.45,17.58,18.53,18.8,18.55,18.12,18.68
T2M,2012,0.5,36.25,20.99,22.27,23.82,22.52,20.9,20.48,19.54,19.7,20.78,21.62,21.59,21.4,21.3
T2M,2012,0.5,36.875,18.62,20.05,21.31,20.63,19.54,19.15,18.37,18.58,19.68,20.21,20.0,19.34,19.62
T2M,2012,0.5,37.5,22.21,23.5,24.75,23.58,23.14,22.68,21.62,22.33,23.58,23.63,23.22,22.4,23.05
T2M,2012,0.5,38.125,25.0,26.08,27.55,25.87,25.63,24.8,23.74,24.65,26.06,26.22,25.82,25.14,25.54
T2M,2012,0.5,38.75,26.83,28.37,29.9,28.36,27.69,26.68,25.86,26.51,27.7,28.19,28.14,27.59,27.65
T2M,2012,0.5,39.375,27.63,29.63,31.05,29.41,28.16,27.09,26.53,27.18,28.37,29.0,29.25,28.91,28.51
T2M,2012,0.5,40.0,27.82,29.78,31.22,29.5,28.14,27.06,26.56,27.36,28.61,29.28,29.74,29.59,28.72
T2M,2012,0.5,40.625,27.68,29.68,31.01,29.14,28.01,26.82,26.43,27.53,28.86,29.38,30.03,30.05,28.71
T2M,2012,0.5,41.25,27.62,29.42,30.62,28.71,27.8,26.72,26.48,27.54,28.76,29.2,29.95,30.08,28.57
T2M,2012,0.5,41.875,27.25,29.42,30.57,28.38,27.26,26.46,26.3,27.29,28.63,29.02,29.72,29.91,28.35
T2M,2012,1.0,34.375,17.1,17.84,19.16,17.76,17.3,16.54,16.1,16.51,17.05,17.47,17.35,17.39,17.3
T2M,2012,1.0,35.0,15.45,17.05,18.64,17.42,16.69,16.07,15.61,15.95,16.45,16.59,16.45,16.23,16.55
T2M,2012,1.0,35.625,19.74,21.0,22.2,20.36,19.22,18.57,18.31,18.2,19.21,19.8,19.27,19.29,19.59
T2M,2012,1.0,36.25,23.13,24.43,25.76,24.52,23.18,22.79,21.49,21.7,23.1,24.04,23.99,23.56,23.47
T2M,2012,1.0,36.875,19.3,20.52,21.73,21.3,20.68,19.92,19.08,19.33,20.43,20.93,20.68,19.94,20.32
T2M,2012,1.0,37.5,23.37,24.64,26.09,24.91,24.74,23.92,22.93,23.74,24.98,25.06,24.67,23.87,24.41
T2M,2012,1.0,38.125,26.22,27.58,29.14,27.67,27.52,26.54,25.53,26.4,27.64,27.94,27.56,26.9,27.22
T2M,2012,1.0,38.75,27.36,29.23,30.82,29.33,28.85,27.8,26.92,27.65,28.76,29.21,29.11,28.56,28.63
T2M,2012,1.0,39.375,27.47,29.88,31.28,29.35,28.44,27.5,26.85,27.6,28.74,29.27,29.37,29.02,28.72
T2M,2012,1.0,40.0,27.28,29.74,31.23,28.98,28.11,27.12,26.66,27.58,28.81,29.39,29.78,29.57,28.68
T2M,2012,1.0,40.625,27.1,29.69,31.24,28.64,28.08,27.06,26.73,27.87,29.13,29.63,30.14,30.15,28.78
T2M,2012,1.0,41.25,26.95,29.36,30.94,28.58,27.89,26.96,26.79,27.88,29.12,29.61,30.15,30.29,28.71
T2M,2012,1.0,41.875,27.03,29.87,31.15,28.45,27.49,26.8,26.62,27.62,29.0,29.49,29.92,30.07,28.62
T2M,2012,1.5,34.375,22.45,24.07,25.31,22.47,21.13,20.33,19.89,20.06,20.86,21.71,21.54,22.11,21.82
T2M,2012,1.5,35.0,20.54,21.98,23.23,21.31,20.12,19.25,18.81,18.98,19.89,20.34,20.15,20.27,20.4
T2M,2012,1.5,35.625,23.94,24.96,26.1,24.49,23.68,22.89,22.08,22.15,23.67,24.42,24.04,23.76,23.84
T2M,2012,1.5,36.25,26.15,27.27,28.45,27.47,26.53,25.88,24.61,25.22,26.66,27.21,27.2,26.64,26.6
T2M,2012,1.5,36.875,21.95,23.12,24.46,23.69,23.6,22.68,21.88,22.58,23.59,23.61,23.19,22.44,23.06
T2M,2012,1.5,37.5,24.67,25.9,27.33,26.3,26.15,25.12,24.18,25.15,26.15,26.42,26.04,25.32,25.72
T2M,2012,1.5,38.125,26.8,28.17,29.83,28.44,28.62,27.6,26.68,27.54,28.6,28.82,28.29,27.65,28.08
T2M,2012,1.5,38.75,26.99,29.28,30.96,28.85,28.84,28.15,27.24,28.02,29.08,29.4,28.8,28.34,28.66
T2M,2012,1.5,39.375,26.51,29.04,30.98,28.84,28.24,27.31,26.81,27.65,28.76,29.23,29.14,28.79,28.44
T2M,2012,1.5,40.0,26.68,29.43,31.19,28.55,28.1,27.27,26.82,27.74,28.94,29.35,29.32,29.09,28.54
T2M,2012,1.5,40.625,26.46,29.62,31.29,28.31,27.96,27.08,26.84,27.93,29.15,29.63,29.76,29.85,28.65
T2M,2012,1.5,41.25,26.91,30.05,31.47,28.73,28.04,27.12,26.79,27.9,29.2,29.72,30.03,30.1,28.83
T2M,2012,1.5,41.875,27.08,30.4,31.47,28.39,27.52,26.84,26.65,27.69,29.01,29.46,29.48,29.7,28.63
T2M,2012,2.0,34.375,24.73,26.3,27.27,24.77,23.26,22.35,22.0,22.06,23.02,24.19,23.94,24.51,24.03
T2M,2012,2.0,35.0,23.12,24.6,25.58,23.68,22.54,21.73,21.21,21.12,22.14,23.15,23.02,23.0,22.9
T2M,2012,2.0,35.625,26.95,27.99,28.99,27.43,26.62,25.91,24.98,25.16,26.73,27.59,27.34,27.0,26.89
T2M,2012,2.0,36.25,28.83,29.66,30.88,29.83,28.89,28.37,27.31,28.12,29.81,30.26,29.92,29.16,29.25
T2M,2012,2.0,36.875,22.55,23.7,24.97,23.96,23.98,22.97,22.35,23.24,24.16,24.06,23.51,22.93,23.53
T2M,2012,2.0,37.5,25.71,27.06,28.54,27.05,27.1,26.08,25.46,26.41,27.25,27.49,26.92,26.33,26.78
T2M,2012,2.0,38.125,26.01,27.77,29.6,27.52,27.91,27.11,26.35,27.17,28.11,28.32,27.52,27.05,27.54
T2M,2012,2.0,38.75,26.72,28.81,30.71,28.43,28.45,27.61,26.99,27.81,28.87,29.1,28.56,28.19,28.35
T2M,2012,2.0,39.375,26.51,28.96,30.95,28.27,27.91,26.98,26.61,27.52,28.67,28.96,28.64,28.44,28.2
T2M,2012,2.0,40.0,26.33,29.08,30.89,27.73,27.45,26.63,26.24,27.25,28.47,28.73,28.46,28.39,27.97
T2M,2012,2.0,40.625,26.04,29.73,30.95,27.13,27.03,26.46,26.33,27.32,28.49,28.87,28.45,28.83,27.96
T2M,2012,2.0,41.25,26.6,29.96,31.41,28.06,27.6,26.85,26.64,27.75,28.96,29.42,29.21,29.52,28.49
T2M,2012,2.0,41.875,26.52,30.36,31.36,27.92,27.14,26.49,26.48,27.67,28.89,29.27,28.78,29.29,28.34
T2M,2012,2.5,34.375,24.33,25.62,26.73,24.5,23.05,22.57,21.74,21.9,22.98,24.04,23.57,24.11,23.76
T2M,2012,2.5,35.0,24.48,25.93,27.04,25.12,24.16,23.64,22.93,22.6,23.77,24.72,24.57,24.62,24.46
T2M,2012,2.5,35.625,27.58,28.97,29.92,28.06,27.31,26.73,25.97,25.85,27.53,28.38,28.25,28.07,27.71
T2M,2012,2.5,36.25,29.16,30.09,31.23,29.88,29.3,28.68,28.03,28.8,30.41,30.58,30.16,29.53,29.65
T2M,2012,2.5,36.875,25.68,26.94,28.01,26.38,26.35,25.42,25.07,26.04,26.81,26.8,26.32,25.93,26.31
T2M,2012,2.5,37.5,27.6,29.14,30.36,28.08,28.33,27.61,27.12,27.99,28.85,28.91,28.33,27.91,28.35
T2M,2012,2.5,38.125,26.1,27.98,29.41,26.59,26.9,26.0,25.57,26.27,27.33,27.51,26.9,26.66,26.93
T2M,2012,2.5,38.75,27.01,29.13,30.72,27.66,27.83,26.89,26.49,27.21,28.44,28.53,27.95,27.81,27.97
T2M,2012,2.5,39.375,26.69,29.13,30.69,27.42,27.27,26.33,26.01,26.78,28.08,28.31,27.84,27.88,27.7
T2M,2012,2.5,40.0,25.91,28.6,30.14,26.77,26.62,25.78,25.37,26.24,27.6,27.89,27.49,27.69,27.17
T2M,2012,2.5,40.625,25.53,28.74,30.06,26.57,26.47,25.82,25.63,26.34,27.6,28.09,27.69,28.21,27.22
T2M,2012,2.5,41.25,26.66,29.43,30.65,27.62,27.23,26.42,26.03,26.95,28.12,28.75,28.64,29.2,27.97
T2M,2012,2.5,41.875,25.65,29.01,30.45,27.47,26.63,25.88,25.71,26.63,27.69,28.34,28.25,28.85,27.54
T2M,2012,3.0,34.375,23.09,24.82,25.96,23.38,22.14,21.99,21.03,21.01,21.93,22.75,22.22,22.86,22.76
T2M,2012,3.0,35.0,25.78,27.27,28.44,26.13,25.18,24.87,24.23,23.76,25.13,25.99,25.74,26.03,25.71
T2M,2012,3.0,35.625,28.47,30.06,31.09,28.98,28.32,27.71,27.37,27.29,29.03,29.65,29.71,29.54,28.93
T2M,2012,3.0,36.25,29.44,30.68,31.83,30.02,29.89,29.0,28.69,29.61,30.81,30.76,30.49,30.19,30.11
T2M,2012,3.0,36.875,28.08,29.78,30.88,28.57,28.74,27.95,27.67,28.69,29.49,29.49,28.99,28.7,28.92
T2M,2012,3.0,37.5,28.44,30.07,31.21,28.2,28.79,28.11,27.69,28.38,29.45,29.43,28.86,28.63,28.94
T2M,2012,3.0,38.125,26.98,29.1,30.26,26.79,27.21,26.25,26.05,26.53,27.89,27.94,27.37,27.37,27.47
T2M,2012,3.0,38.75,27.05,29.24,30.33,26.49,26.75,25.94,25.71,26.15,27.67,27.66,27.1,27.24,27.27
T2M,2012,3.0,39.375,26.44,28.74,29.88,26.29,26.23,25.33,24.92,25.59,26.89,27.29,26.93,27.15,26.8
T2M,2012,3.0,40.0,25.47,28.0,29.21,25.93,25.79,24.96,24.52,25.18,26.51,27.01,26.65,26.97,26.34
T2M,2012,3.0,40.625,25.18,27.99,29.31,26.45,26.25,25.48,25.14,25.7,26.94,27.57,27.36,27.78,26.76
T2M,2012,3.0,41.25,25.8,28.61,29.96,27.32,26.83,26.05,25.59,26.3,27.42,28.15,28.13,28.58,27.39
T2M,2012,3.0,41.875,24.78,27.7,29.59,27.07,26.16,25.45,25.04,25.89,26.83,27.52,27.73,28.1,26.82
T2M,2012,3.5,34.375,23.63,24.98,26.21,23.5,22.37,22.38,21.41,21.33,22.18,22.95,22.38,23.12,23.03
T2M,2012,3.5,35.0,27.14,28.87,29.97,27.15,26.27,26.02,25.28,25.14,26.53,27.32,26.89,27.34,26.99
T2M,2012,3.5,35.625,28.81,30.33,31.34,28.78,28.3,27.71,27.43,27.56,29.16,29.83,29.52,29.74,29.04
T2M,2012,3.5,36.25,29.09,30.42,31.51,29.14,29.11,28.28,28.01,28.91,30.19,30.12,29.87,29.83,29.54
T2M,2012,3.5,36.875,28.56,30.43,31.32,28.48,28.75,27.97,27.84,28.78,29.83,29.62,29.26,29.21,29.17
T2M,2012,3.5,37.5,27.77,29.27,29.99,26.68,26.78,26.13,25.91,26.63,27.83,27.77,27.59,27.54,27.49
T2M,2012,3.5,38.125,26.0,27.89,28.91,25.0,25.01,24.24,23.91,24.44,25.75,26.02,26.09,26.26,25.79
T2M,2012,3.5,38.75,25.74,27.66,28.6,24.45,24.25,23.56,23.14,23.59,25.04,25.42,25.57,25.84,25.23
T2M,2012,3.5,39.375,24.11,26.29,27.33,23.72,23.46,22.67,22.14,22.69,23.9,24.58,24.54,24.78,24.18
T2M,2012,3.5,40.0,24.73,27.06,28.24,24.92,24.94,24.23,23.69,24.3,25.56,26.12,25.9,26.2,25.49
T2M,2012,3.5,40.625,24.21,26.96,28.22,25.43,25.35,24.84,24.35,24.81,26.02,26.64,26.32,26.74,25.82
T2M,2012,3.5,41.25,24.59,27.41,29.04,26.98,26.69,26.04,25.42,26.14,27.25,27.88,27.72,27.9,26.92
T2M,2012,3.5,41.875,24.99,28.02,29.94,27.83,27.23,26.64,26.11,27.01,27.98,28.58,28.51,28.68,27.62
T2M,2012,4.0,34.375,26.47,28.04,29.22,25.91,24.77,24.81,23.75,23.93,24.8,25.25,24.78,25.5,25.59
T2M,2012,4.0,35.0,28.59,30.49,31.45,28.01,27.1,26.98,26.31,26.34,27.63,28.24,27.75,28.41,28.1
T2M,2012,4.0,35.625,27.87,29.68,30.53,27.43,26.98,26.55,26.21,26.42,27.86,28.38,28.08,28.58,27.88
T2M,2012,4.0,36.25,29.37,30.85,31.85,28.96,28.93,28.26,27.82,28.74,30.15,30.06,29.83,30.18,29.58
T2M,2012,4.0,36.875,27.84,29.81,30.61,27.19,27.11,26.5,26.18,27.2,28.58,28.2,28.17,28.43,27.98
T2M,2012,4.0,37.5,27.66,29.33,30.23,26.36,25.98,25.54,25.34,25.99,27.28,27.26,27.65,27.82,27.2
T2M,2012,4.0,38.125,23.8,25.45,26.72,22.54,21.9,21.31,20.97,21.3,22.4,23.07,23.83,24.14,23.11
T2M,2012,4.0,38.75,21.64,23.79,24.82,21.19,20.71,19.85,19.46,19.92,20.78,21.76,22.24,22.44,21.54
T2M,2012,4.0,39.375,22.53,24.8,25.83,22.13,22.08,21.33,21.18,21.48,22.68,23.29,23.19,23.33,22.82
T2M,2012,4.0,40.0,23.66,25.92,27.09,23.41,23.64,23.12,22.75,23.2,24.31,24.94,24.78,25.03,24.32
T2M,2012,4.0,40.625,23.39,25.79,27.2,24.38,24.72,24.42,23.88,24.36,25.49,25.97,25.51,25.7,25.06
T2M,2012,4.0,41.25,24.35,26.85,29.01,27.02,27.01,26.56,25.97,26.77,27.78,28.26,27.69,27.61,27.07
T2M,2012,4.0,41.875,25.01,27.99,30.52,28.55,28.2,27.83,27.28,28.35,29.25,29.59,29.07,29.06,28.39
T2M,2012,4.5,34.375,29.04,30.45,31.46,27.54,26.44,27.09,25.32,25.82,26.79,26.92,26.42,27.33,27.54
T2M,2012,4.5,35.0,28.82,30.9,31.78,27.81,26.8,26.91,26.27,26.53,27.64,27.95,27.42,28.33,28.09
T2M,2012,4.5,35.625,28.37,30.5,31.36,27.59,26.97,26.83,26.33,26.7,28.08,28.26,28.0,28.76,28.14
T2M,2012,4.5,36.25,29.33,31.22,32.21,28.44,28.0,27.78,27.21,28.09,29.56,29.53,29.23,30.02,29.21
T2M,2012,4.5,36.875,28.12,29.88,30.93,27.16,26.61,26.27,25.86,26.7,28.06,27.9,28.19,28.71,27.86
T2M,2012,4.5,37.5,26.05,27.37,28.51,24.24,23.35,23.26,23.09,23.66,24.81,24.98,25.56,26.09,25.08
T2M,2012,4.5,38.125,21.29,23.13,24.46,20.71,20.02,19.54,19.34,19.69,20.39,21.05,21.64,21.93,21.09
T2M,2012,4.5,38.75,21.55,23.67,25.01,21.46,20.95,20.62,20.41,20.75,21.61,22.11,22.49,22.71,21.94
T2M,2012,4.5,39.375,23.28,25.42,26.75,22.82,23.0,22.64,22.42,22.74,23.71,24.12,24.41,24.57,23.82
T2M,2012,4.5,40.0,22.4,24.5,25.64,22.27,22.52,21.91,21.41,22.03,23.09,23.51,23.67,23.67,23.05
T2M,2012,4.5,40.625,23.28,25.49,26.77,23.68,24.34,23.96,23.41,24.0,24.8,25.28,25.15,25.12,24.6
T2M,2012,4.5,41.25,23.16,25.35,27.39,25.19,25.29,24.96,24.2,25.15,26.06,26.38,25.94,25.7,25.4
T2M,2012,4.5,41.875,25.25,28.07,30.71,28.41,28.23,28.09,27.6,28.73,29.51,29.57,28.93,29.0,28.51
T2M,2013,-0.5,34.375,23.79,25.08,25.01,22.37,22.75,22.86,23.19,23.55,24.22,24.42,23.5,23.41,23.67
T2M,2013,-0.5,35.0,20.14,21.32,21.77,19.53,19.58,18.95,18.77,19.08,20.11,20.48,20.19,19.84,19.97
T2M,2013,-0.5,35.625,14.87,15.75,16.33,15.11,14.59,13.78,12.98,13.43,14.5,14.64,14.79,14.45,14.59
T2M,2013,-0.5,36.25,15.88,16.84,17.4,15.69,14.82,14.18,13.82,13.99,15.06,15.46,15.55,15.23,15.32
T2M,2013,-0.5,36.875,16.93,18.26,18.23,16.69,15.56,14.86,14.76,14.78,16.21,16.93,16.54,16.08,16.31
T2M,2013,-0.5,37.5,21.02,22.1,22.21,20.65,19.63,18.78,18.55,18.64,20.37,21.3,20.56,19.93,20.3
T2M,2013,-0.5,38.125,25.28,26.85,26.55,24.84,24.83,23.67,23.26,23.64,25.44,26.14,24.44,24.01,24.9
T2M,2013,-0.5,38.75,27.82,29.37,28.61,26.33,26.37,25.26,24.8,25.16,26.77,27.68,26.32,26.23,26.71
T2M,2013,-0.5,39.375,29.32,30.57,29.83,27.22,26.24,25.83,25.44,25.7,27.37,28.34,27.62,27.91,27.6
T2M,2013,-0.5,40.0,29.7,30.83,30.32,27.35,26.21,25.7,25.52,25.75,27.58,28.65,28.11,28.49,27.83
T2M,2013,-0.5,40.625,29.9,30.72,30.42,27.18,25.66,25.12,25.21,25.37,27.54,28.59,28.32,28.77,27.72
T2M,2013,-0.5,41.25,29.88,30.36,30.35,27.41,25.72,25.31,25.47,25.61,27.69,28.58,28.55,29.01,27.81
T2M,2013,-0.5,41.875,29.38,29.35,29.93,28.09,26.3,25.66,25.59,25.74,27.32,28.31,28.73,29.02,27.78
T2M,2013,-1.0,34.375,21.6,23.14,23.51,20.95,20.58,20.67,21.21,22.04,22.84,23.18,22.15,21.44,21.94
T2M,2013,-1.0,35.0,19.03,20.21,20.48,18.41,17.58,17.13,17.11,17.69,18.99,19.57,19.4,18.66,18.68
T2M,2013,-1.0,35.625,18.21,19.97,19.59,17.21,16.05,15.4,15.24,15.66,17.0,17.76,17.91,17.5,17.27
T2M,2013,-1.0,36.25,17.63,19.07,18.93,16.69,15.46,14.68,14.36,14.78,16.19,17.19,17.32,16.74,16.57
T2M,2013,-1.0,36.875,19.04,20.21,20.51,18.58,17.55,17.18,17.14,17.26,18.99,19.93,18.95,18.07,18.61
T2M,2013,-1.0,37.5,22.37,23.61,23.71,21.95,20.74,19.84,19.91,20.0,21.93,22.86,22.06,21.22,21.67
T2M,2013,-1.0,38.125,24.63,25.88,25.39,24.05,23.56,22.23,21.84,22.11,23.87,24.76,23.48,23.16,23.73
T2M,2013,-1.0,38.75,28.07,29.52,28.43,26.25,26.14,25.06,24.66,24.91,26.5,27.41,26.15,26.3,26.6
T2M,2013,-1.0,39.375,29.73,30.8,29.63,27.07,26.15,25.82,25.42,25.65,27.24,28.2,27.43,27.99,27.58
T2M,2013,-1.0,40.0,29.95,31.06,30.24,27.28,26.2,25.85,25.68,25.84,27.55,28.62,27.93,28.46,27.87
T2M,2013,-1.0,40.625,29.62,30.4,30.22,27.1,25.52,24.94,25.07,25.16,27.22,28.33,28.14,28.53,27.5
T2M,2013,-1.0,41.25,29.31,29.71,29.97,27.37,25.6,24.89,25.15,25.25,27.1,28.16,28.27,28.66,27.44
T2M,2013,-1.0,41.875,28.2,28.01,28.99,28.21,26.51,25.56,25.34,25.38,26.48,27.45,28.02,28.14,27.19
T2M,2013,-1.5,34.375,21.58,23.37,24.05,20.79,20.4,21.78,22.73,22.91,23.46,23.73,22.84,21.6,22.43
T2M,2013,-1.5,35.0,20.02,21.76,21.88,19.15,18.21,18.6,19.53,19.83,21.12,21.53,21.09,19.75,20.2
T2M,2013,-1.5,35.625,18.21,19.75,19.43,17.11,15.95,15.45,15.82,16.47,17.85,18.6,18.48,17.55,17.54
T2M,2013,-1.5,36.25,22.86,24.44,23.99,20.59,19.99,19.74,19.76,20.5,22.07,23.32,22.63,21.56,21.77
T2M,2013,-1.5,36.875,20.33,21.88,21.87,19.31,18.67,18.48,18.66,18.67,20.35,21.29,20.25,19.13,19.89
T2M,2013,-1.5,37.5,21.71,23.0,23.09,21.13,20.04,19.32,19.51,19.48,21.28,22.16,21.49,20.63,21.06
T2M,2013,-1.5,38.125,24.66,25.55,25.57,24.19,23.18,22.0,21.75,22.07,23.77,24.74,23.96,23.55,23.74
T2M,2013,-1.5,38.75,27.9,29.25,28.27,26.37,25.78,24.88,24.49,24.72,26.21,27.14,26.09,26.3,26.43
T2M,2013,-1.5,39.375,29.47,30.57,29.28,27.03,26.0,25.49,25.16,25.43,26.91,27.86,27.15,27.78,27.33
T2M,2013,-1.5,40.0,30.07,30.99,29.98,27.21,25.83,25.48,25.5,25.58,27.29,28.35,27.89,28.6,27.71
T2M,2013,-1.5,40.625,29.57,30.21,30.11,27.35,25.7,25.01,25.1,25.19,26.97,28.16,28.22,28.66,27.51
T2M,2013,-1.5,41.25,28.87,29.16,29.71,27.64,25.81,24.96,25.23,25.28,26.84,27.95,28.28,28.49,27.34
T2M,2013,-1.5,41.875,27.28,26.87,28.23,28.29,26.85,25.67,25.2,25.11,25.8,26.76,27.42,27.4,26.74
T2M,2013,-1.7975103014118005e-13,34.375,23.17,24.13,24.24,21.96,22.48,22.23,21.92,22.23,22.87,23.17,22.78,22.77,22.82
T2M,2013,-1.7975103014118005e-13,35.0,20.37,21.24,21.98,19.95,20.17,19.38,18.98,19.26,20.22,20.55,20.32,20.1,20.2
T2M,2013,-1.7975103014118005e-13,35.625,15.21,15.71,16.83,16.05,15.79,14.93,14.03,14.6,15.64,15.6,15.46,14.88,15.39
T2M,2013,-1.7975103014118005e-13,36.25,18.26,19.15,20.38,18.16,17.94,17.17,16.82,16.93,18.09,18.56,18.12,17.47,18.08
T2M,2013,-1.7975103014118005e-13,36.875,18.1,19.31,20.12,18.18,17.42,16.81,16.57,16.62,18.01,18.51,17.89,17.07,17.87
T2M,2013,-1.7975103014118005e-13,37.5,17.68,18.64,19.19,18.05,17.18,16.57,16.19,16.4,17.85,18.25,17.63,16.96,17.54
T2M,2013,-1.7975103014118005e-13,38.125,25.96,27.16,27.31,25.35,25.48,24.56,23.95,24.68,26.41,27.08,25.21,24.91,25.66
T2M,2013,-1.7975103014118005e-13,38.75,28.44,29.76,29.48,27.11,27.04,26.04,25.62,26.08,27.66,28.58,27.32,27.27,27.52
T2M,2013,-1.7975103014118005e-13,39.375,29.57,30.69,30.39,27.69,26.8,26.17,25.79,26.17,27.83,28.89,28.28,28.54,28.05
T2M,2013,-1.7975103014118005e-13,40.0,30.03,30.86,30.75,27.82,26.68,26.0,25.75,26.12,27.94,29.09,28.73,29.14,28.23
T2M,2013,-1.7975103014118005e-13,40.625,30.45,31.06,30.73,27.46,26.05,25.58,25.63,25.93,28.09,29.16,28.88,29.43,28.19
T2M,2013,-1.7975103014118005e-13,41.25,30.53,30.94,30.7,27.53,26.1,25.91,25.92,26.13,28.23,29.12,29.06,29.57,28.3
T2M,2013,-1.7975103014118005e-13,41.875,30.26,30.36,30.46,27.81,26.17,25.8,25.81,26.1,27.96,28.93,29.04,29.48,28.17
T2M,2013,-2.0,34.375,21.92,23.67,24.16,20.99,20.76,22.5,23.45,23.66,24.43,24.8,23.54,22.04,22.99
T2M,2013,-2.0,35.0,20.36,22.02,21.97,19.25,18.54,19.21,20.26,20.55,21.89,22.18,21.43,20.01,20.63
T2M,2013,-2.0,35.625,18.93,20.28,20.0,17.59,16.69,16.17,16.42,17.29,18.81,19.34,19.13,18.23,18.23
T2M,2013,-2.0,36.25,25.54,27.02,26.51,23.15,23.29,22.61,22.64,23.62,25.12,26.15,25.32,24.08,24.57
T2M,2013,-2.0,36.875,21.3,22.78,22.41,19.93,19.43,19.35,19.39,19.37,20.85,21.68,20.91,19.89,20.59
T2M,2013,-2.0,37.5,22.59,23.76,23.67,21.63,20.65,20.1,20.34,20.28,21.94,22.78,22.14,21.33,21.75
T2M,2013,-2.0,38.125,25.16,26.1,25.84,24.41,23.31,22.34,22.24,22.42,23.97,24.91,24.39,23.96,24.07
T2M,2013,-2.0,38.75,27.92,29.11,27.98,26.06,25.22,24.52,24.22,24.43,25.74,26.75,26.08,26.21,26.17
T2M,2013,-2.0,39.375,29.16,30.19,28.89,26.86,25.57,24.94,24.69,25.01,26.38,27.37,27.04,27.59,26.96
T2M,2013,-2.0,40.0,29.88,30.59,29.56,27.33,25.84,25.51,25.45,25.58,26.93,27.98,27.86,28.61,27.58
T2M,2013,-2.0,40.625,29.42,29.61,29.68,27.79,26.0,25.2,25.24,25.3,26.67,27.79,28.24,28.81,27.47
T2M,2013,-2.0,41.25,28.04,27.57,28.88,28.41,26.69,25.82,25.41,25.31,26.09,27.08,27.84,27.99,27.09
T2M,2013,-2.0,41.875,26.91,26.38,27.92,28.48,27.24,25.83,25.14,24.97,25.48,26.44,27.16,26.99,26.58
T2M,2013,-2.5,34.375,21.38,22.74,22.94,20.5,20.59,21.86,22.86,23.59,24.38,24.87,23.44,21.48,22.55
T2M,2013,-2.5,35.0,19.65,20.99,20.96,18.8,18.1,18.63,19.54,20.37,21.62,21.79,21.22,19.62,20.1
T2M,2013,-2.5,35.625,21.6,22.83,22.78,20.28,19.41,18.99,19.79,20.58,22.13,22.29,22.11,20.78,21.12
T2M,2013,-2.5,36.25,24.75,26.14,25.84,22.96,22.46,21.81,22.11,23.14,24.76,25.37,24.98,23.47,23.97
T2M,2013,-2.5,36.875,22.6,23.94,23.84,21.68,21.23,21.11,21.11,21.73,23.03,23.56,22.7,20.99,22.28
T2M,2013,-2.5,37.5,23.06,24.41,24.14,22.25,21.31,21.17,21.49,21.31,22.71,23.29,22.91,21.53,22.45
T2M,2013,-2.5,38.125,24.9,26.0,25.51,24.19,22.92,22.1,22.18,22.33,23.77,24.77,24.37,23.56,23.87
T2M,2013,-2.5,38.75,27.73,28.99,27.6,25.85,24.8,24.24,24.03,24.25,25.35,26.41,26.31,25.91,25.94
T2M,2013,-2.5,39.375,28.41,29.54,28.33,26.51,25.05,24.23,24.11,24.52,25.66,26.71,26.99,26.98,26.4
T2M,2013,-2.5,40.0,28.92,29.23,28.84,27.28,25.72,25.17,25.05,25.17,26.1,27.11,27.51,27.75,26.97
T2M,2013,-2.5,40.625,28.34,27.85,28.87,28.23,26.58,25.62,25.27,25.19,25.94,26.97,27.68,28.01,27.04
T2M,2013,-2.5,41.25,27.05,26.32,28.04,28.44,27.22,25.81,25.11,24.91,25.39,26.36,27.11,27.08,26.57
T2M,2013,-2.5,41.875,26.99,26.37,27.96,28.51,27.27,25.85,25.19,24.97,25.46,26.45,27.2,27.06,26.61
T2M,2013,-3.0,34.375,20.9,21.65,22.01,20.17,20.39,20.93,21.62,22.86,24.11,24.62,23.77,21.35,22.03
T2M,2013,-3.0,35.0,19.65,20.6,20.83,19.03,18.3,18.53,19.08,20.47,21.77,21.77,22.05,20.17,20.18
T2M,2013,-3.0,35.625,17.23,18.23,18.42,16.72,15.45,15.03,15.14,16.23,17.75,17.83,18.44,17.32,16.97
T2M,2013,-3.0,36.25,22.79,23.92,23.99,21.18,20.02,19.51,20.23,20.98,22.39,22.51,23.78,21.91,21.92
T2M,2013,-3.0,36.875,22.42,23.51,23.69,20.88,19.11,18.57,18.85,19.77,21.49,21.88,22.93,20.9,21.15
T2M,2013,-3.0,37.5,18.85,19.64,19.39,18.0,16.35,15.59,15.49,15.96,17.49,18.07,18.68,17.71,17.59
T2M,2013,-3.0,38.125,24.55,25.65,25.06,23.79,22.24,21.46,21.41,21.54,22.89,23.94,24.2,23.11,23.3
T2M,2013,-3.0,38.75,27.35,28.68,26.96,25.4,24.18,23.58,23.42,23.64,24.62,25.77,26.17,25.17,25.39
T2M,2013,-3.0,39.375,28.22,29.27,27.95,26.22,24.71,23.89,23.81,24.22,25.14,26.21,27.01,26.6,26.08
T2M,2013,-3.0,40.0,28.17,28.1,28.35,27.26,25.87,25.12,24.85,24.89,25.58,26.53,27.26,27.22,26.59
T2M,2013,-3.0,40.625,27.43,26.51,28.28,28.33,27.08,25.77,25.07,24.86,25.39,26.34,27.15,27.33,26.63
T2M,2013,-3.0,41.25,27.27,26.36,28.16,28.45,27.28,25.85,25.15,24.91,25.38,26.37,27.15,27.24,26.63
T2M,2013,-3.0,41.875,27.23,26.41,28.02,28.53,27.27,25.84,25.2,24.98,25.44,26.46,27.24,27.21,26.65
T2M,2013,-3.5,34.375,22.35,22.81,23.36,21.59,22.09,22.4,22.57,24.02,25.42,25.7,25.45,22.83,23.38
T2M,2013,-3.5,35.0,21.61,22.11,22.33,20.62,20.15,19.84,19.99,21.34,22.77,22.95,23.67,21.9,21.6
T2M,2013,-3.5,35.625,20.83,21.68,21.43,19.52,18.72,17.96,17.87,19.11,20.62,20.92,21.83,20.63,20.08
T2M,2013,-3.5,36.25,23.23,24.3,23.95,21.75,20.67,20.02,20.39,21.01,22.4,22.64,23.89,22.47,22.21
T2M,2013,-3.5,36.875,23.97,25.23,23.89,21.75,20.32,19.34,19.78,20.26,21.66,22.32,23.54,22.74,22.05
T2M,2013,-3.5,37.5,26.3,27.59,25.68,23.74,22.06,21.06,21.19,21.91,23.25,24.3,25.36,24.34,23.87
T2M,2013,-3.5,38.125,24.07,25.4,23.93,22.59,21.04,20.11,20.09,20.07,21.3,22.42,23.37,22.33,22.2
T2M,2013,-3.5,38.75,26.29,27.23,25.85,24.49,23.07,22.17,21.91,22.11,23.18,24.28,25.23,24.46,24.17
T2M,2013,-3.5,39.375,27.91,28.61,27.38,25.7,24.25,23.4,23.29,23.66,24.5,25.6,26.63,26.33,25.59
T2M,2013,-3.5,40.0,27.9,27.51,28.25,27.65,26.44,25.45,24.97,24.79,25.34,26.23,27.17,27.35,26.58
T2M,2013,-3.5,40.625,27.62,26.63,28.32,28.36,27.17,25.84,25.11,24.83,25.35,26.27,27.16,27.44,26.68
T2M,2013,-3.5,41.25,27.65,26.57,28.25,28.48,27.29,25.86,25.18,24.93,25.39,26.38,27.2,27.43,26.72
T2M,2013,-3.5,41.875,27.54,26.5,28.11,28.53,27.25,25.81,25.19,24.97,25.43,26.44,27.25,27.37,26.7
T2M,2013,-4.0,34.375,22.98,23.2,24.01,22.42,22.97,22.83,22.79,24.44,26.08,26.49,26.09,23.08,23.95
T2M,2013,-4.0,35.0,21.26,21.46,21.95,20.49,20.21,19.86,19.95,21.18,22.64,23.04,23.52,21.3,21.4
T2M,2013,-4.0,35.625,20.93,21.38,21.33,19.71,18.96,18.01,17.8,19.02,20.58,21.15,22.0,20.76,20.13
T2M,2013,-4.0,36.25,23.28,24.07,23.84,22.0,21.05,20.22,20.34,21.04,22.42,23.06,24.12,22.78,22.34
T2M,2013,-4.0,36.875,23.58,24.67,23.66,22.03,20.72,19.72,19.92,20.19,21.58,22.43,23.51,22.52,22.03
T2M,2013,-4.0,37.5,25.31,26.64,24.95,23.35,21.93,20.89,20.96,21.46,22.77,23.83,24.88,23.81,23.38
T2M,2013,-4.0,38.125,25.97,27.22,25.01,23.76,22.18,21.17,21.26,21.45,22.6,23.64,24.75,24.13,23.57
T2M,2013,-4.0,38.75,26.78,27.74,25.82,24.39,22.92,22.06,21.86,22.02,23.01,24.09,25.37,25.13,24.24
T2M,2013,-4.0,39.375,28.27,28.57,27.69,26.04,24.63,23.92,23.69,24.06,24.81,25.92,26.97,26.97,25.95
T2M,2013,-4.0,40.0,27.82,27.11,28.39,28.11,26.96,25.76,25.12,24.79,25.29,26.16,27.15,27.5,26.68
T2M,2013,-4.0,40.625,27.9,27.0,28.41,28.39,27.2,25.87,25.17,24.83,25.35,26.25,27.2,27.58,26.76
T2M,2013,-4.0,41.25,27.9,26.86,28.32,28.48,27.29,25.82,25.2,24.93,25.38,26.36,27.28,27.54,26.78
T2M,2013,-4.0,41.875,27.77,26.68,28.2,28.52,27.22,25.77,25.18,24.94,25.41,26.38,27.31,27.53,26.74
T2M,2013,-4.5,34.375,22.23,22.3,22.85,21.38,21.69,20.68,20.5,22.19,24.29,25.09,25.19,21.86,22.52
T2M,2013,-4.5,35.0,20.43,20.6,20.85,19.54,19.14,18.18,17.88,19.44,21.15,21.92,22.59,20.24,20.16
T2M,2013,-4.5,35.625,20.75,21.09,21.09,19.59,18.94,17.87,17.48,18.83,20.4,21.06,22.08,20.74,19.98
T2M,2013,-4.5,36.25,23.38,23.76,23.65,21.99,21.32,20.41,20.36,21.09,22.47,23.28,24.42,23.18,22.43
T2M,2013,-4.5,36.875,23.42,24.03,23.23,21.79,20.75,19.77,19.73,19.99,21.38,22.3,23.52,22.72,21.87
T2M,2013,-4.5,37.5,24.77,25.77,24.19,22.66,21.34,20.16,20.22,20.52,21.96,23.01,24.38,23.76,22.71
T2M,2013,-4.5,38.125,24.85,25.96,24.12,22.66,20.94,19.74,19.81,20.23,21.61,22.53,23.8,23.51,22.46
T2M,2013,-4.5,38.75,26.88,27.9,26.14,24.71,23.2,22.28,22.18,22.37,23.45,24.32,25.56,25.51,24.52
T2M,2013,-4.5,39.375,28.27,28.33,28.18,27.03,25.87,25.01,24.6,24.67,25.28,26.19,27.25,27.43,26.5
T2M,2013,-4.5,40.0,27.96,27.27,28.51,28.27,27.14,25.91,25.21,24.86,25.37,26.2,27.23,27.62,26.79
T2M,2013,-4.5,40.625,28.07,27.32,28.49,28.41,27.21,25.87,25.19,24.84,25.34,26.22,27.3,27.67,26.82
T2M,2013,-4.5,41.25,28.04,27.13,28.43,28.49,27.26,25.79,25.18,24.91,25.35,26.29,27.35,27.64,26.82
T2M,2013,-4.5,41.875,27.94,26.91,28.3,28.51,27.18,25.75,25.16,24.88,25.38,26.31,27.37,27.7,26.78
T2M,2013,0.5,34.375,21.93,22.68,23.31,21.26,21.25,20.72,20.28,20.67,21.42,21.55,21.46,21.53,21.5
T2M,2013,0.5,35.0,18.57,19.34,20.31,18.87,18.77,17.92,17.16,17.5,18.51,18.58,18.41,18.12,18.5
T2M,2013,0.5,35.625,18.7,20.11,21.23,19.09,19.02,18.12,17.56,17.7,18.8,19.1,18.62,18.61,18.88
T2M,2013,0.5,36.25,22.18,23.13,24.09,21.61,21.73,20.97,20.42,20.37,21.71,22.45,21.58,21.26,21.78
T2M,2013,0.5,36.875,19.93,20.96,21.68,20.04,19.86,19.28,18.81,18.73,20.23,20.78,19.52,18.74,19.87
T2M,2013,0.5,37.5,23.24,24.34,24.73,22.97,22.95,22.41,21.72,22.36,23.9,24.21,22.71,22.13,23.13
T2M,2013,0.5,38.125,26.02,27.04,27.4,25.16,25.19,24.11,23.5,24.39,26.09,26.87,25.32,25.07,25.5
T2M,2013,0.5,38.75,28.53,29.61,29.68,27.23,26.92,25.96,25.57,26.17,27.75,28.68,27.58,27.59,27.59
T2M,2013,0.5,39.375,29.92,31.02,30.8,27.83,27.09,26.44,26.16,26.67,28.3,29.43,28.57,28.91,28.41
T2M,2013,0.5,40.0,30.55,31.34,31.04,27.84,26.91,26.32,26.17,26.67,28.48,29.68,29.05,29.54,28.62
T2M,2013,0.5,40.625,31.07,31.4,31.01,27.56,26.39,26.17,26.23,26.66,28.68,29.8,29.4,29.96,28.68
T2M,2013,0.5,41.25,31.04,31.32,31.04,27.81,26.66,26.39,26.3,26.62,28.52,29.55,29.51,30.02,28.72
T2M,2013,0.5,41.875,30.79,30.96,30.9,27.83,26.41,26.0,26.0,26.5,28.4,29.4,29.33,29.79,28.51
T2M,2013,1.0,34.375,17.9,18.62,19.36,17.87,17.62,16.84,16.16,16.35,17.35,17.19,17.26,17.16,17.47
T2M,2013,1.0,35.0,16.58,17.56,18.92,17.2,16.98,16.28,15.67,15.86,16.74,16.46,16.28,15.77,16.69
T2M,2013,1.0,35.625,20.25,21.66,22.33,19.65,19.66,19.48,19.16,18.32,19.49,19.87,19.43,19.51,19.89
T2M,2013,1.0,36.25,24.35,25.29,26.06,23.5,24.02,23.3,22.39,22.39,23.9,24.58,23.39,23.25,23.86
T2M,2013,1.0,36.875,20.53,21.34,22.12,20.86,20.74,20.04,19.43,19.5,21.02,21.4,20.09,19.57,20.55
T2M,2013,1.0,37.5,24.58,25.62,26.13,24.35,24.37,23.52,23.01,23.65,25.24,25.81,23.95,23.61,24.48
T2M,2013,1.0,38.125,27.65,28.91,29.12,26.91,26.87,25.7,25.34,26.08,27.69,28.58,26.95,26.81,27.21
T2M,2013,1.0,38.75,29.43,30.73,30.68,28.16,27.88,26.96,26.63,27.22,28.81,29.79,28.46,28.54,28.6
T2M,2013,1.0,39.375,30.07,31.38,31.0,27.86,27.34,26.75,26.55,27.05,28.66,29.86,28.63,28.99,28.66
T2M,2013,1.0,40.0,30.66,31.49,30.97,27.47,26.78,26.4,26.33,26.88,28.67,29.92,28.94,29.41,28.65
T2M,2013,1.0,40.625,31.36,31.67,31.07,27.4,26.35,26.38,26.49,27.03,29.01,30.08,29.31,29.93,28.83
T2M,2013,1.0,41.25,31.49,31.73,31.31,27.88,26.75,26.31,26.34,26.98,28.92,29.98,29.45,30.1,28.92
T2M,2013,1.0,41.875,31.16,31.45,31.32,27.8,26.36,26.28,26.35,26.93,28.81,29.8,29.32,29.76,28.76
T2M,2013,1.5,34.375,23.41,24.93,25.48,22.13,21.67,21.18,20.86,20.61,21.61,21.64,21.55,22.05,22.25
T2M,2013,1.5,35.0,21.32,22.74,23.62,20.84,20.49,20.09,19.8,19.35,20.46,20.26,19.79,20.09,20.73
T2M,2013,1.5,35.625,24.65,25.8,26.4,23.98,24.43,23.68,22.85,22.32,24.16,24.48,23.56,23.72,24.16
T2M,2013,1.5,36.25,27.5,28.17,28.89,26.67,27.4,26.56,25.28,25.47,27.29,27.87,26.36,26.41,26.98
T2M,2013,1.5,36.875,23.05,23.94,24.59,23.26,23.54,22.62,21.99,22.45,24.06,24.22,22.46,22.13,23.19
T2M,2013,1.5,37.5,25.96,27.09,27.57,25.66,25.84,24.72,24.29,24.88,26.44,27.23,25.29,25.07,25.83
T2M,2013,1.5,38.125,28.41,29.94,29.95,27.54,27.93,26.72,26.49,27.06,28.68,29.56,27.74,27.69,28.13
T2M,2013,1.5,38.75,29.45,31.27,30.81,27.8,28.0,27.3,27.06,27.54,29.14,30.09,28.32,28.59,28.77
T2M,2013,1.5,39.375,29.7,31.23,30.78,27.36,26.99,26.51,26.42,27.03,28.64,29.91,28.4,28.64,28.45
T2M,2013,1.5,40.0,30.22,31.38,30.89,27.37,26.8,26.41,26.44,27.04,28.77,30.01,28.51,28.88,28.55
T2M,2013,1.5,40.625,31.32,31.77,31.07,27.31,26.29,26.22,26.48,27.14,29.02,30.08,28.85,29.45,28.74
T2M,2013,1.5,41.25,31.51,31.86,31.49,27.68,26.51,26.5,26.49,27.09,29.01,30.04,29.24,29.67,28.91
T2M,2013,1.5,41.875,31.2,31.51,31.3,27.49,26.2,26.36,26.43,27.08,28.92,29.81,28.73,29.38,28.69
T2M,2013,2.0,34.375,25.72,27.23,27.79,24.43,23.97,23.66,23.21,22.95,24.18,24.24,23.9,24.29,24.62
T2M,2013,2.0,35.0,23.98,25.5,25.93,23.29,23.04,22.61,22.08,21.78,23.25,23.22,22.5,22.71,23.31
T2M,2013,2.0,35.625,27.83,28.93,29.35,26.83,27.27,26.4,25.44,25.45,27.45,27.86,26.6,26.9,27.18
T2M,2013,2.0,36.25,29.82,30.57,31.29,29.02,29.93,29.12,27.82,28.13,30.29,30.91,28.8,28.95,29.55
T2M,2013,2.0,36.875,23.4,24.49,24.97,23.55,23.73,22.76,22.38,22.85,24.51,24.65,22.71,22.56,23.54
T2M,2013,2.0,37.5,26.77,28.28,28.55,26.27,26.56,25.49,25.4,25.9,27.53,28.18,26.11,26.16,26.76
T2M,2013,2.0,38.125,27.67,29.64,29.44,26.66,27.08,26.23,26.15,26.64,28.24,29.03,26.97,27.11,27.56
T2M,2013,2.0,38.75,28.95,30.8,30.47,27.35,27.49,26.78,26.66,27.25,28.89,29.81,27.95,28.18,28.37
T2M,2013,2.0,39.375,29.33,31.05,30.53,26.89,26.6,26.16,26.14,26.87,28.49,29.68,27.87,28.19,28.13
T2M,2013,2.0,40.0,29.62,30.9,30.35,26.71,26.16,25.8,25.84,26.56,28.25,29.38,27.67,28.09,27.93
T2M,2013,2.0,40.625,30.64,31.25,30.38,26.39,25.6,25.6,26.05,26.55,28.39,29.35,27.45,28.43,27.99
T2M,2013,2.0,41.25,31.16,31.68,31.11,27.13,26.15,26.09,26.34,26.99,28.86,29.79,28.25,28.95,28.53
T2M,2013,2.0,41.875,31.02,31.4,31.06,26.94,25.82,26.07,26.4,26.97,28.86,29.64,27.66,28.83,28.38
T2M,2013,2.5,34.375,25.05,26.5,26.96,23.98,23.71,23.62,22.76,22.71,24.13,24.14,23.51,23.9,24.23
T2M,2013,2.5,35.0,25.38,26.92,27.18,24.6,24.18,23.94,23.2,23.23,25.09,25.22,24.18,24.28,24.77
T2M,2013,2.5,35.625,28.5,29.91,30.07,27.32,27.34,26.75,26.05,26.4,28.6,29.13,27.58,27.86,27.95
T2M,2013,2.5,36.25,29.98,30.97,31.34,29.05,29.56,28.78,28.21,28.81,30.97,31.03,29.06,29.42,29.76
T2M,2013,2.5,36.875,26.43,27.71,27.66,25.61,25.7,24.93,24.85,25.49,27.14,27.21,25.34,25.74,26.14
T2M,2013,2.5,37.5,28.46,30.31,29.86,27.05,27.38,26.77,26.87,27.46,29.11,29.45,27.39,28.01,28.17
T2M,2013,2.5,38.125,27.33,29.39,28.66,25.58,25.87,25.11,25.18,25.81,27.5,27.98,26.25,26.78,26.77
T2M,2013,2.5,38.75,28.65,30.73,29.95,26.35,26.51,25.96,26.05,26.75,28.47,29.05,27.29,27.81,27.78
T2M,2013,2.5,39.375,28.84,30.87,29.95,25.86,25.67,25.46,25.51,26.35,28.05,28.76,27.03,27.62,27.48
T2M,2013,2.5,40.0,28.83,30.33,29.55,25.62,25.12,24.88,24.96,25.76,27.57,28.26,26.6,27.19,27.04
T2M,2013,2.5,40.625,29.58,30.44,29.64,25.71,25.05,24.87,25.29,25.96,27.75,28.46,26.61,27.31,27.21
T2M,2013,2.5,41.25,30.3,31.03,30.45,26.51,25.87,25.64,25.76,26.46,28.22,28.99,27.5,28.28,27.9
T2M,2013,2.5,41.875,30.13,30.76,30.45,26.24,25.38,25.31,25.51,26.3,28.09,28.69,27.03,27.8,27.63
T2M,2013,3.0,34.375,23.84,25.57,25.81,22.73,22.2,22.25,21.58,21.6,23.23,23.15,22.29,22.69,23.06
T2M,2013,3.0,35.0,26.45,28.29,28.36,25.37,24.78,24.78,24.2,24.33,26.47,26.55,25.42,25.73,25.88
T2M,2013,3.0,35.625,29.37,31.09,31.15,27.87,27.94,27.6,27.24,27.79,30.37,30.3,28.85,29.27,29.06
T2M,2013,3.0,36.25,30.23,31.59,31.56,28.79,29.21,28.56,28.52,29.3,31.07,30.93,29.41,30.14,29.93
T2M,2013,3.0,36.875,29.03,30.73,30.25,27.19,27.56,27.04,27.25,28.11,29.82,29.65,27.87,28.95,28.61
T2M,2013,3.0,37.5,29.29,31.21,30.28,26.93,27.39,27.01,27.32,27.99,29.71,29.65,27.94,29.08,28.64
T2M,2013,3.0,38.125,28.25,30.44,29.15,25.77,25.92,25.29,25.47,26.33,28.12,28.07,26.74,27.68,27.25
T2M,2013,3.0,38.75,28.52,30.63,29.17,25.23,25.34,24.92,25.18,26.07,27.87,27.77,26.39,27.55,27.03
T2M,2013,3.0,39.375,28.33,30.21,29.0,24.71,24.48,24.37,24.44,25.43,27.3,27.34,25.94,26.96,26.52
T2M,2013,3.0,40.0,28.09,29.56,28.63,24.59,24.06,23.95,24.12,25.06,26.97,27.17,25.47,26.22,26.14
T2M,2013,3.0,40.625,28.73,29.69,29.06,25.33,24.69,24.38,24.74,25.59,27.35,27.83,25.99,26.42,26.63
T2M,2013,3.0,41.25,29.41,30.33,29.86,25.93,25.45,25.1,25.3,26.1,27.83,28.45,26.68,27.09,27.28
T2M,2013,3.0,41.875,29.01,30.01,29.73,25.68,24.93,24.73,24.84,25.7,27.49,27.96,26.17,26.37,26.87
T2M,2013,3.5,34.375,23.88,25.69,25.82,22.83,22.29,22.5,21.84,21.72,23.39,23.42,22.41,23.14,23.23
T2M,2013,3.5,35.0,27.46,29.64,29.63,26.25,26.05,26.01,25.46,25.68,27.77,27.81,26.7,27.19,27.12
T2M,2013,3.5,35.625,29.14,31.29,31.12,27.57,28.0,27.59,27.39,28.03,30.57,30.06,28.8,29.58,29.08
T2M,2013,3.5,36.25,29.52,31.28,31.0,27.87,28.32,27.77,27.92,28.54,30.49,29.95,28.96,29.92,29.28
T2M,2013,3.5,36.875,29.0,31.05,30.52,26.97,27.41,27.06,27.33,28.31,30.18,29.32,28.37,29.52,28.74
T2M,2013,3.5,37.5,28.16,30.06,28.91,25.5,25.74,25.24,25.62,26.33,28.23,27.58,26.83,28.26,27.19
T2M,2013,3.5,38.125,27.31,29.14,27.59,24.03,23.98,23.37,23.5,24.38,26.49,25.95,25.38,26.5,25.62
T2M,2013,3.5,38.75,27.29,28.98,27.3,23.35,23.14,22.66,22.69,23.68,25.64,25.23,24.7,26.02,25.04
T2M,2013,3.5,39.375,26.14,27.68,26.43,22.72,22.13,21.77,21.67,22.74,24.61,24.51,23.44,24.41,24.0
T2M,2013,3.5,40.0,27.38,28.61,27.64,23.81,23.38,23.24,23.36,24.32,26.28,26.23,24.42,25.2,25.31
T2M,2013,3.5,40.625,27.7,28.53,27.96,24.39,23.87,23.63,24.06,24.95,26.65,26.87,24.67,24.95,25.67
T2M,2013,3.5,41.25,28.49,29.33,29.3,25.77,25.34,24.92,25.16,26.0,27.68,28.26,26.07,25.78,26.83
T2M,2013,3.5,41.875,29.36,30.3,30.29,26.71,26.18,25.88,25.95,26.85,28.58,29.03,26.71,26.4,27.67
T2M,2013,4.0,34.375,26.27,28.63,28.38,25.05,24.88,24.93,24.24,24.33,25.91,26.07,24.91,25.82,25.77
T2M,2013,4.0,35.0,28.38,30.95,30.7,26.95,27.18,27.12,26.72,26.89,29.05,28.78,27.72,28.53,28.23
T2M,2013,4.0,35.625,27.85,30.19,29.91,26.29,26.82,26.4,26.32,26.69,29.16,28.55,27.69,28.58,27.86
T2M,2013,4.0,36.25,29.49,31.49,31.11,27.87,28.34,27.79,27.9,28.32,30.5,29.77,29.28,30.08,29.32
T2M,2013,4.0,36.875,28.17,30.28,29.56,25.66,26.09,25.73,25.96,26.6,28.85,27.76,27.5,28.46,27.54
T2M,2013,4.0,37.5,28.28,30.19,28.94,24.89,25.08,24.73,25.0,25.63,27.76,26.88,26.78,28.12,26.84
T2M,2013,4.0,38.125,25.47,26.94,25.32,21.68,21.16,20.6,20.52,21.27,23.26,22.91,22.92,24.15,22.99
T2M,2013,4.0,38.75,23.89,25.19,23.83,20.75,19.9,19.29,19.01,20.01,22.02,21.56,21.2,21.97,21.53
T2M,2013,4.0,39.375,25.13,26.25,25.02,21.81,21.09,20.61,20.59,21.71,23.59,23.05,22.01,22.67,22.77
T2M,2013,4.0,40.0,26.58,27.5,26.44,22.99,22.45,22.25,22.22,23.5,25.37,24.97,23.31,24.0,24.28
T2M,2013,4.0,40.625,26.72,27.48,27.04,23.8,23.39,23.25,23.57,24.53,26.22,26.22,23.78,23.87,24.98
T2M,2013,4.0,41.25,28.38,29.2,29.33,26.11,25.7,25.44,25.66,26.6,28.28,28.6,26.01,25.36,27.04
T2M,2013,4.0,41.875,29.95,30.83,31.0,27.64,27.18,27.0,27.07,28.15,29.76,29.97,27.34,26.54,28.52
T2M,2013,4.5,34.375,28.34,30.97,30.23,26.29,27.17,27.18,26.12,26.41,27.61,28.02,26.54,27.98,27.72
T2M,2013,4.5,35.0,28.03,31.01,30.61,26.54,27.07,27.07,26.79,26.89,28.94,28.64,27.48,28.54,28.12
T2M,2013,4.5,35.625,28.16,30.52,30.22,26.45,27.08,26.7,26.66,26.89,29.19,28.65,27.92,28.89,28.1
T2M,2013,4.5,36.25,29.03,31.44,31.19,27.29,27.9,27.51,27.49,27.88,30.17,29.41,28.93,29.82,28.99
T2M,2013,4.5,36.875,28.37,30.33,29.89,25.94,26.02,25.62,25.78,26.02,28.03,27.53,27.55,28.39,27.44
T2M,2013,4.5,37.5,26.47,28.41,27.22,22.97,22.86,22.64,22.78,23.21,25.0,24.54,24.63,26.2,24.72
T2M,2013,4.5,38.125,23.22,24.46,23.23,20.27,19.49,19.0,18.79,19.24,21.05,20.91,20.81,21.61,20.99
T2M,2013,4.5,38.75,23.9,25.13,24.07,21.12,20.39,19.95,19.78,20.45,22.43,22.07,21.47,21.95,21.87
T2M,2013,4.5,39.375,25.91,27.01,25.84,22.68,22.26,21.84,21.81,22.66,24.63,24.19,22.98,23.5,23.76
T2M,2013,4.5,40.0,24.94,25.9,25.04,22.19,21.77,21.2,21.01,21.91,23.7,23.65,22.25,22.48,22.99
T2M,2013,4.5,40.625,26.29,27.02,26.53,23.62,23.25,22.99,23.03,24.03,25.87,25.75,23.33,23.38,24.58
T2M,2013,4.5,41.25,26.52,27.43,27.41,24.58,24.12,23.89,23.93,24.96,26.69,26.63,24.07,23.69,25.32
T2M,2013,4.5,41.875,29.85,30.68,30.84,27.55,27.19,27.18,27.34,28.54,30.03,29.8,27.09,26.4,28.53
T2M,2014,-0.5,34.375,24.97,25.09,25.35,23.71,24.17,23.68,23.86,22.97,23.76,23.68,23.33,24.06,24.05
T2M,2014,-0.5,35.0,21.46,21.38,22.05,21.22,21.08,20.17,19.96,19.42,20.29,20.66,20.39,20.48,20.71
T2M,2014,-0.5,35.625,15.44,15.34,16.3,16.11,15.41,14.77,14.52,14.13,14.84,15.55,15.3,15.14,15.24
T2M,2014,-0.5,36.25,16.43,16.58,17.06,16.62,15.77,15.33,15.03,14.64,15.27,16.13,15.92,16.03,15.9
T2M,2014,-0.5,36.875,17.59,17.78,17.75,17.17,16.48,16.0,15.58,15.36,16.11,17.1,16.58,16.61,16.67
T2M,2014,-0.5,37.5,21.19,21.85,21.82,21.38,20.64,19.79,19.36,19.36,20.01,21.24,20.6,20.48,20.64
T2M,2014,-0.5,38.125,25.76,26.14,26.23,25.93,25.38,24.52,23.99,24.16,24.75,25.79,24.51,24.5,25.13
T2M,2014,-0.5,38.75,28.25,28.69,28.36,28.18,26.79,25.85,25.5,25.69,26.27,27.57,26.28,26.88,27.02
T2M,2014,-0.5,39.375,29.52,30.39,29.66,29.12,26.5,25.93,25.99,26.3,26.98,28.43,27.39,28.26,27.86
T2M,2014,-0.5,40.0,29.91,30.67,30.15,29.47,26.63,25.77,25.87,26.4,27.2,28.77,27.98,28.69,28.11
T2M,2014,-0.5,40.625,29.96,30.6,30.53,29.61,26.03,25.04,25.04,25.82,26.96,28.82,27.98,28.7,27.91
T2M,2014,-0.5,41.25,29.9,30.33,30.47,29.74,26.14,25.07,25.19,26.08,27.23,29.02,28.17,28.82,28.0
T2M,2014,-0.5,41.875,29.13,29.35,29.94,29.57,26.7,25.6,25.41,26.02,27.01,28.58,28.38,28.81,27.87
T2M,2014,-1.0,34.375,22.92,22.93,23.59,22.78,23.22,22.72,22.77,21.79,22.45,22.47,22.08,22.02,22.64
T2M,2014,-1.0,35.0,20.48,20.0,20.71,20.04,19.61,18.94,18.83,18.42,19.02,19.78,19.52,19.29,19.55
T2M,2014,-1.0,35.625,19.63,19.02,19.42,18.64,17.74,17.0,16.89,16.92,17.43,18.54,18.35,18.52,18.17
T2M,2014,-1.0,36.25,18.49,18.55,18.4,17.85,16.94,16.18,15.93,16.13,16.57,17.82,17.58,17.65,17.33
T2M,2014,-1.0,36.875,19.09,19.7,19.6,19.41,18.66,18.05,17.77,18.06,18.56,19.75,19.09,18.82,18.87
T2M,2014,-1.0,37.5,22.49,22.96,22.95,22.72,21.78,20.95,20.64,20.75,21.47,22.76,22.15,21.96,21.96
T2M,2014,-1.0,38.125,25.06,25.13,24.96,24.72,23.95,22.93,22.45,22.73,23.34,24.48,23.51,23.74,23.91
T2M,2014,-1.0,38.75,28.6,28.54,28.08,27.87,26.44,25.54,25.24,25.45,26.06,27.25,26.11,26.9,26.83
T2M,2014,-1.0,39.375,29.94,30.49,29.53,28.93,26.24,25.84,25.94,26.21,26.88,28.28,27.2,28.39,27.81
T2M,2014,-1.0,40.0,30.33,30.83,30.07,29.32,26.52,25.77,25.94,26.42,27.18,28.67,27.79,28.87,28.13
T2M,2014,-1.0,40.625,29.78,30.3,30.22,29.34,25.9,24.8,24.75,25.54,26.64,28.46,27.81,28.64,27.67
T2M,2014,-1.0,41.25,29.29,29.64,29.96,29.39,26.04,24.77,24.63,25.63,26.68,28.5,28.07,28.59,27.59
T2M,2014,-1.0,41.875,27.8,27.88,28.88,28.97,26.98,25.74,25.19,25.63,26.28,27.67,27.96,28.09,27.25
T2M,2014,-1.5,34.375,23.16,23.03,23.88,22.93,23.5,23.3,23.16,22.39,22.55,22.73,22.5,22.17,22.94
T2M,2014,-1.5,35.0,21.83,21.24,21.69,20.63,20.54,20.15,20.44,20.2,20.48,21.15,20.9,20.57,20.82
T2M,2014,-1.5,35.625,19.3,18.75,18.99,18.42,17.63,16.8,16.74,17.14,17.72,18.83,18.58,18.38,18.1
T2M,2014,-1.5,36.25,23.62,23.16,22.95,22.66,21.82,20.9,20.78,21.25,21.81,23.16,22.69,22.62,22.28
T2M,2014,-1.5,36.875,20.64,20.77,20.67,20.64,19.82,19.43,19.16,19.14,19.76,20.98,20.37,20.1,20.12
T2M,2014,-1.5,37.5,21.94,22.21,22.22,22.06,20.93,20.05,19.92,19.95,20.73,21.95,21.55,21.39,21.24
T2M,2014,-1.5,38.125,24.87,25.02,25.02,24.9,23.8,22.72,22.36,22.66,23.43,24.6,24.11,24.12,23.96
T2M,2014,-1.5,38.75,28.54,28.35,27.8,27.57,26.13,25.31,25.0,25.29,25.85,27.0,26.18,26.97,26.66
T2M,2014,-1.5,39.375,29.89,30.2,29.14,28.53,26.15,25.49,25.56,25.95,26.59,27.85,27.06,28.32,27.55
T2M,2014,-1.5,40.0,30.4,30.87,30.03,29.06,26.03,25.25,25.54,26.08,26.93,28.37,27.59,28.85,27.9
T2M,2014,-1.5,40.625,29.73,30.16,30.13,29.32,26.0,24.8,24.66,25.45,26.47,28.19,27.94,28.8,27.62
T2M,2014,-1.5,41.25,28.79,29.09,29.66,29.19,26.26,24.92,24.57,25.53,26.5,28.14,28.1,28.44,27.42
T2M,2014,-1.5,41.875,26.71,26.7,28.03,28.39,27.36,26.1,25.19,25.33,25.7,26.85,27.53,27.44,26.78
T2M,2014,-1.7975103014118005e-13,34.375,24.06,24.29,24.44,23.26,23.07,22.5,22.44,21.87,22.76,22.5,22.62,23.3,23.09
T2M,2014,-1.7975103014118005e-13,35.0,21.32,21.61,21.99,21.55,20.95,20.11,19.69,19.32,20.43,20.54,20.49,20.61,20.71
T2M,2014,-1.7975103014118005e-13,35.625,15.45,16.08,16.7,16.74,16.45,15.72,15.21,14.9,15.89,16.29,15.87,15.38,15.89
T2M,2014,-1.7975103014118005e-13,36.25,18.85,19.25,19.74,19.65,19.38,18.58,17.8,17.46,18.58,19.12,18.55,18.15,18.75
T2M,2014,-1.7975103014118005e-13,36.875,18.56,19.18,19.39,18.83,18.7,18.22,17.59,17.2,18.1,18.9,18.0,17.57,18.35
T2M,2014,-1.7975103014118005e-13,37.5,17.9,18.68,18.86,18.38,18.22,17.64,17.11,16.88,17.6,18.44,17.68,17.34,17.89
T2M,2014,-1.7975103014118005e-13,38.125,26.13,26.83,27.13,26.66,26.35,25.57,25.02,25.12,25.68,26.66,25.39,25.37,25.99
T2M,2014,-1.7975103014118005e-13,38.75,28.59,29.56,29.33,28.85,27.61,26.75,26.44,26.64,27.17,28.49,27.32,27.77,27.87
T2M,2014,-1.7975103014118005e-13,39.375,29.52,30.75,30.21,29.53,27.24,26.5,26.42,26.8,27.46,29.02,28.2,28.76,28.35
T2M,2014,-1.7975103014118005e-13,40.0,29.84,30.95,30.67,29.94,27.2,26.3,26.15,26.76,27.61,29.3,28.7,29.12,28.53
T2M,2014,-1.7975103014118005e-13,40.625,30.24,31.04,30.93,29.72,26.5,25.61,25.67,26.45,27.65,29.5,28.52,29.12,28.4
T2M,2014,-1.7975103014118005e-13,41.25,30.34,30.92,30.91,29.64,26.5,25.7,25.93,26.69,27.87,29.56,28.4,29.17,28.46
T2M,2014,-1.7975103014118005e-13,41.875,29.98,30.41,30.63,29.45,26.56,25.65,25.76,26.44,27.63,29.2,28.37,28.95,28.24
T2M,2014,-2.0,34.375,23.53,23.42,24.11,23.12,24.14,23.72,23.65,23.3,23.3,23.53,23.21,22.48,23.46
T2M,2014,-2.0,35.0,21.97,21.43,21.72,20.76,20.58,20.25,20.72,20.73,21.14,21.61,21.26,20.81,21.08
T2M,2014,-2.0,35.625,19.75,19.31,19.55,18.97,18.0,17.02,17.24,17.82,18.53,19.56,19.24,19.09,18.67
T2M,2014,-2.0,36.25,26.17,25.33,25.53,25.3,24.62,23.64,23.48,24.03,24.83,25.96,25.43,25.31,24.97
T2M,2014,-2.0,36.875,21.63,21.32,21.28,21.16,20.57,20.01,19.69,19.65,20.36,21.43,21.01,20.9,20.75
T2M,2014,-2.0,37.5,22.64,22.61,22.73,22.64,21.59,20.78,20.57,20.63,21.42,22.52,22.3,22.19,21.88
T2M,2014,-2.0,38.125,25.33,25.09,25.28,25.2,23.97,22.88,22.56,22.92,23.66,24.78,24.53,24.57,24.23
T2M,2014,-2.0,38.75,28.51,27.94,27.56,27.24,25.7,24.87,24.64,24.94,25.49,26.57,26.18,27.02,26.38
T2M,2014,-2.0,39.375,29.64,29.66,28.77,28.12,25.79,25.0,24.98,25.51,26.15,27.35,26.91,28.12,27.15
T2M,2014,-2.0,40.0,30.18,30.42,29.62,28.89,26.04,25.22,25.47,26.01,26.67,28.0,27.48,28.8,27.72
T2M,2014,-2.0,40.625,29.3,29.61,29.7,29.23,26.36,25.11,24.84,25.58,26.39,27.83,28.02,28.83,27.55
T2M,2014,-2.0,41.25,27.35,27.5,28.69,28.86,27.14,25.82,25.32,25.65,26.02,27.22,28.0,28.08,27.13
T2M,2014,-2.0,41.875,26.16,26.16,27.68,28.13,27.77,26.5,25.38,25.26,25.43,26.47,27.31,27.06,26.61
T2M,2014,-2.5,34.375,22.58,22.38,23.06,22.69,23.42,23.13,23.18,23.25,23.41,23.7,23.37,21.78,23.0
T2M,2014,-2.5,35.0,21.02,20.46,20.73,20.33,20.05,19.71,20.13,20.49,21.02,21.6,21.23,20.09,20.57
T2M,2014,-2.5,35.625,22.47,21.76,22.01,21.67,20.59,20.03,20.34,21.0,21.86,23.04,22.38,21.62,21.56
T2M,2014,-2.5,36.25,25.33,24.31,24.68,24.68,23.49,22.72,22.6,23.46,24.5,25.82,25.19,24.45,24.27
T2M,2014,-2.5,36.875,22.38,22.1,22.39,22.66,22.18,21.84,21.53,22.02,22.71,23.55,22.82,22.02,22.35
T2M,2014,-2.5,37.5,22.87,22.6,22.99,23.16,22.08,21.57,21.51,21.68,22.32,23.24,22.99,22.46,22.45
T2M,2014,-2.5,38.125,24.8,24.46,24.92,24.99,23.63,22.61,22.37,22.87,23.54,24.48,24.34,24.14,23.93
T2M,2014,-2.5,38.75,28.15,27.31,27.32,27.07,25.38,24.58,24.36,24.75,25.23,26.2,26.08,26.65,26.08
T2M,2014,-2.5,39.375,28.92,28.65,28.27,27.72,25.45,24.48,24.3,25.05,25.54,26.66,26.6,27.37,26.57
T2M,2014,-2.5,40.0,28.85,28.92,28.86,28.57,26.04,25.24,25.17,25.65,26.02,27.13,27.09,28.03,27.12
T2M,2014,-2.5,40.625,27.65,27.86,28.75,28.82,27.03,25.79,25.23,25.55,25.89,27.02,27.7,28.15,27.11
T2M,2014,-2.5,41.25,26.07,26.23,27.77,28.2,27.75,26.45,25.37,25.24,25.35,26.42,27.36,27.22,26.62
T2M,2014,-2.5,41.875,26.09,26.17,27.72,28.18,27.8,26.52,25.4,25.25,25.42,26.47,27.36,27.18,26.63
T2M,2014,-3.0,34.375,21.86,21.36,22.17,22.35,22.44,22.37,22.14,22.58,23.31,23.87,23.54,21.36,22.45
T2M,2014,-3.0,35.0,21.09,20.15,20.58,20.46,19.85,19.54,19.78,20.54,21.25,22.16,21.9,20.2,20.63
T2M,2014,-3.0,35.625,18.13,17.22,17.64,17.36,16.33,15.75,15.53,16.61,17.3,18.64,18.58,17.59,17.22
T2M,2014,-3.0,36.25,23.2,22.33,22.75,22.5,20.79,20.19,20.38,21.38,22.13,23.83,23.92,22.59,22.16
T2M,2014,-3.0,36.875,21.95,21.3,22.0,22.11,19.56,19.08,18.86,20.32,20.98,22.57,23.08,21.91,21.14
T2M,2014,-3.0,37.5,18.4,18.04,18.39,18.53,16.93,16.16,15.72,16.31,17.09,18.45,18.77,18.33,17.59
T2M,2014,-3.0,38.125,24.37,23.7,24.42,24.5,22.8,21.87,21.39,22.0,22.67,23.87,24.04,23.66,23.27
T2M,2014,-3.0,38.75,27.6,26.43,26.8,26.61,24.69,23.88,23.58,24.16,24.57,25.56,25.65,25.86,25.44
T2M,2014,-3.0,39.375,28.54,28.03,27.99,27.64,25.16,24.24,23.93,24.75,25.06,26.2,26.34,26.86,26.22
T2M,2014,-3.0,40.0,27.78,27.87,28.34,28.24,26.28,25.47,25.06,25.38,25.57,26.58,26.96,27.46,26.74
T2M,2014,-3.0,40.625,26.46,26.66,28.04,28.26,27.6,26.38,25.35,25.25,25.38,26.42,27.37,27.45,26.72
T2M,2014,-3.0,41.25,26.2,26.39,27.8,28.25,27.81,26.48,25.4,25.25,25.34,26.42,27.44,27.41,26.68
T2M,2014,-3.0,41.875,26.14,26.29,27.77,28.25,27.82,26.52,25.4,25.25,25.42,26.47,27.38,27.4,26.68
T2M,2014,-3.5,34.375,22.83,22.34,23.17,23.31,23.48,23.67,23.22,23.84,24.83,25.56,25.0,22.81,23.68
T2M,2014,-3.5,35.0,22.78,21.53,21.97,21.65,21.01,20.71,20.63,21.43,22.32,23.51,23.14,21.88,21.88
T2M,2014,-3.5,35.625,21.84,20.46,20.7,20.11,19.1,18.5,18.23,19.38,20.32,21.82,21.63,20.86,20.25
T2M,2014,-3.5,36.25,23.98,22.5,22.7,22.2,20.77,20.35,20.32,21.31,22.06,23.75,23.55,22.96,22.2
T2M,2014,-3.5,36.875,24.58,22.76,22.71,22.18,20.32,19.67,19.37,20.64,21.29,23.07,23.09,23.22,21.91
T2M,2014,-3.5,37.5,26.2,24.57,24.71,24.3,22.16,21.41,20.96,22.21,22.98,24.55,24.85,25.0,23.65
T2M,2014,-3.5,38.125,24.2,22.9,23.5,23.36,21.35,20.45,19.96,20.59,21.1,22.42,22.97,22.78,22.13
T2M,2014,-3.5,38.75,26.25,25.1,25.62,25.3,23.41,22.46,21.96,22.6,22.95,24.28,24.79,24.85,24.13
T2M,2014,-3.5,39.375,28.02,27.41,27.44,27.08,24.67,23.76,23.34,24.13,24.37,25.52,26.02,26.51,25.68
T2M,2014,-3.5,40.0,27.35,27.46,28.17,28.07,26.87,25.98,25.22,25.25,25.35,26.32,27.07,27.5,26.71
T2M,2014,-3.5,40.625,26.64,26.84,28.05,28.21,27.7,26.46,25.4,25.25,25.34,26.37,27.39,27.61,26.77
T2M,2014,-3.5,41.25,26.52,26.7,27.89,28.31,27.83,26.47,25.42,25.27,25.36,26.41,27.47,27.67,26.78
T2M,2014,-3.5,41.875,26.31,26.49,27.84,28.32,27.81,26.49,25.39,25.24,25.4,26.46,27.43,27.62,26.73
T2M,2014,-4.0,34.375,22.83,22.58,23.35,23.59,23.64,23.95,23.44,24.44,25.58,26.43,25.68,23.27,24.07
T2M,2014,-4.0,35.0,21.66,20.7,21.43,20.98,20.57,20.59,20.36,21.28,22.19,23.33,22.98,21.42,21.46
T2M,2014,-4.0,35.625,21.33,20.14,20.57,19.89,18.94,18.45,18.1,19.19,20.21,21.85,21.66,20.81,20.1
T2M,2014,-4.0,36.25,23.77,22.3,22.66,22.05,20.84,20.4,20.22,21.33,22.12,23.9,23.71,22.92,22.19
T2M,2014,-4.0,36.875,23.79,22.25,22.34,21.85,20.38,19.81,19.4,20.5,21.2,23.06,22.99,22.82,21.7
T2M,2014,-4.0,37.5,25.65,23.62,23.86,23.48,21.76,21.07,20.61,21.72,22.46,24.15,24.22,24.25,23.07
T2M,2014,-4.0,38.125,26.44,24.29,24.66,24.24,22.34,21.46,20.94,21.82,22.45,23.71,24.07,24.57,23.41
T2M,2014,-4.0,38.75,27.06,25.52,25.75,25.11,23.2,22.29,21.81,22.46,22.8,24.07,24.7,25.39,24.17
T2M,2014,-4.0,39.375,28.21,27.54,27.6,27.27,24.99,24.23,23.73,24.44,24.66,25.8,26.55,27.19,26.01
T2M,2014,-4.0,40.0,27.02,27.28,28.19,28.12,27.38,26.39,25.41,25.26,25.3,26.27,27.26,27.65,26.79
T2M,2014,-4.0,40.625,26.91,27.11,28.13,28.24,27.73,26.47,25.43,25.28,25.34,26.36,27.42,27.82,26.85
T2M,2014,-4.0,41.25,26.78,26.94,27.98,28.34,27.81,26.44,25.41,25.28,25.37,26.4,27.49,27.85,26.84
T2M,2014,-4.0,41.875,26.55,26.73,27.91,28.35,27.78,26.45,25.37,25.22,25.38,26.44,27.45,27.77,26.78
T2M,2014,-4.5,34.375,21.67,21.47,22.13,22.08,21.85,21.57,21.02,22.44,23.67,24.91,24.45,22.27,22.46
T2M,2014,-4.5,35.0,20.4,19.69,20.41,19.74,19.23,19.03,18.49,19.78,20.73,22.04,21.83,20.5,20.16
T2M,2014,-4.5,35.625,20.94,19.88,20.53,19.51,18.74,18.42,17.94,19.13,20.01,21.6,21.44,20.73,19.91
T2M,2014,-4.5,36.25,23.66,22.38,22.83,21.95,21.01,20.59,20.32,21.39,22.18,23.93,23.74,23.0,22.25
T2M,2014,-4.5,36.875,23.63,22.21,22.32,21.61,20.35,19.83,19.36,20.34,20.96,22.82,22.82,22.74,21.58
T2M,2014,-4.5,37.5,25.18,23.55,23.42,22.7,21.17,20.38,19.85,20.85,21.51,23.4,23.68,23.89,22.46
T2M,2014,-4.5,38.125,25.2,23.7,23.72,23.0,21.2,20.1,19.38,20.41,21.2,22.75,23.15,23.62,22.28
T2M,2014,-4.5,38.75,27.26,25.8,25.88,25.08,23.43,22.44,21.87,22.6,23.13,24.39,24.94,25.6,24.36
T2M,2014,-4.5,39.375,28.15,27.63,27.94,27.51,26.14,25.38,24.64,24.95,25.16,26.14,26.94,27.53,26.5
T2M,2014,-4.5,40.0,27.12,27.41,28.25,28.18,27.56,26.53,25.5,25.36,25.36,26.34,27.36,27.8,26.89
T2M,2014,-4.5,40.625,27.11,27.33,28.2,28.25,27.74,26.45,25.42,25.27,25.31,26.34,27.42,27.94,26.9
T2M,2014,-4.5,41.25,26.95,27.13,28.1,28.35,27.77,26.41,25.39,25.25,25.34,26.39,27.48,27.93,26.87
T2M,2014,-4.5,41.875,26.78,26.96,28.01,28.35,27.75,26.41,25.34,25.19,25.34,26.42,27.49,27.85,26.82
T2M,2014,0.5,34.375,22.61,23.42,23.67,22.91,21.79,21.08,20.88,20.46,21.37,21.14,21.48,21.81,21.87
T2M,2014,0.5,35.0,19.01,19.82,20.4,20.32,19.43,18.57,17.91,17.53,18.76,18.75,18.6,18.31,18.94
T2M,2014,0.5,35.625,20.14,20.8,21.07,20.8,20.22,19.14,18.55,17.84,19.49,19.66,19.01,19.0,19.63
T2M,2014,0.5,36.25,22.68,23.26,23.38,23.49,23.57,22.45,21.25,20.76,22.27,22.79,22.09,21.69,22.47
T2M,2014,0.5,36.875,19.85,20.93,21.12,21.0,21.46,20.55,19.69,19.34,20.17,20.97,19.86,19.21,20.34
T2M,2014,0.5,37.5,23.29,24.33,24.47,23.93,24.22,23.63,22.91,22.79,23.44,24.12,22.89,22.66,23.55
T2M,2014,0.5,38.125,25.9,27.1,27.29,26.63,26.05,25.17,24.68,24.9,25.39,26.57,25.5,25.55,25.89
T2M,2014,0.5,38.75,28.37,29.78,29.51,28.83,27.61,26.81,26.52,26.78,27.25,28.61,27.65,27.93,27.96
T2M,2014,0.5,39.375,29.74,31.12,30.57,29.69,27.81,27.0,26.88,27.3,27.95,29.54,28.62,28.98,28.75
T2M,2014,0.5,40.0,30.29,31.42,30.99,29.95,27.71,26.81,26.63,27.3,28.18,29.88,29.03,29.3,28.94
T2M,2014,0.5,40.625,30.58,31.45,31.25,29.74,27.17,26.45,26.45,27.23,28.38,30.15,28.97,29.4,28.92
T2M,2014,0.5,41.25,30.54,31.3,31.23,29.67,27.2,26.57,26.62,27.21,28.32,29.95,28.77,29.45,28.89
T2M,2014,0.5,41.875,30.32,30.98,31.07,29.41,26.83,26.11,26.24,26.85,28.16,29.56,28.5,29.06,28.58
T2M,2014,1.0,34.375,18.05,18.59,19.15,19.11,18.17,17.5,16.73,16.43,17.51,17.35,17.42,17.48,17.78
T2M,2014,1.0,35.0,16.59,18.02,18.81,18.65,17.68,16.86,16.25,15.8,16.8,16.82,16.41,15.96,17.04
T2M,2014,1.0,35.625,21.12,21.73,22.07,21.44,20.76,20.07,19.43,18.27,19.89,20.23,19.46,19.72,20.34
T2M,2014,1.0,36.25,24.66,25.4,25.45,25.47,25.68,24.68,23.34,22.71,24.22,24.8,23.89,23.66,24.49
T2M,2014,1.0,36.875,20.27,21.46,21.79,21.56,21.91,21.15,20.35,20.16,20.75,21.45,20.48,19.85,20.93
T2M,2014,1.0,37.5,24.42,25.59,25.86,25.31,25.25,24.59,24.01,24.14,24.57,25.45,24.22,23.99,24.78
T2M,2014,1.0,38.125,27.65,28.84,28.96,28.27,27.69,26.8,26.32,26.67,27.07,28.27,27.07,27.1,27.55
T2M,2014,1.0,38.75,29.45,30.85,30.47,29.64,28.62,27.89,27.55,27.87,28.35,29.65,28.49,28.71,28.95
T2M,2014,1.0,39.375,30.06,31.38,30.81,29.64,28.17,27.48,27.26,27.69,28.34,29.82,28.64,28.98,29.01
T2M,2014,1.0,40.0,30.39,31.54,30.99,29.63,27.79,26.97,26.81,27.53,28.42,30.05,28.76,29.0,28.98
T2M,2014,1.0,40.625,30.78,31.75,31.35,29.63,27.41,26.84,26.88,27.68,28.77,30.36,28.77,29.16,29.1
T2M,2014,1.0,41.25,30.88,31.74,31.58,29.78,27.42,26.81,26.94,27.66,28.77,30.29,28.81,29.31,29.15
T2M,2014,1.0,41.875,30.62,31.42,31.5,29.47,26.94,26.52,26.74,27.31,28.6,29.89,28.6,29.0,28.87
T2M,2014,1.5,34.375,24.4,25.28,25.27,25.17,22.55,21.96,21.4,20.54,21.69,21.55,21.78,22.51,22.82
T2M,2014,1.5,35.0,21.94,23.07,23.19,22.81,21.64,20.87,20.25,19.15,20.24,20.53,20.11,20.5,21.18
T2M,2014,1.5,35.625,25.22,25.85,25.83,25.58,25.24,24.6,23.72,22.58,24.17,24.63,23.76,23.95,24.58
T2M,2014,1.5,36.25,27.5,28.34,28.17,28.14,28.64,27.79,26.35,25.81,27.27,27.91,26.81,26.82,27.45
T2M,2014,1.5,36.875,22.9,24.17,24.23,23.66,24.16,23.48,22.89,22.94,23.48,24.1,22.73,22.34,23.42
T2M,2014,1.5,37.5,25.82,27.12,27.18,26.56,26.65,25.77,25.19,25.42,25.85,26.78,25.44,25.37,26.09
T2M,2014,1.5,38.125,28.65,29.88,29.75,28.85,28.6,27.77,27.34,27.74,28.11,29.16,27.58,27.79,28.43
T2M,2014,1.5,38.75,29.85,31.09,30.61,29.35,28.81,28.22,27.85,28.19,28.67,29.77,28.04,28.56,29.07
T2M,2014,1.5,39.375,29.73,31.27,30.7,29.26,27.99,27.34,27.17,27.73,28.39,29.75,28.18,28.31,28.8
T2M,2014,1.5,40.0,30.12,31.5,30.88,29.36,27.8,27.14,27.02,27.74,28.6,29.94,28.27,28.43,28.88
T2M,2014,1.5,40.625,30.64,31.85,31.37,29.56,27.49,26.9,27.04,27.87,28.87,30.24,28.4,28.62,29.05
T2M,2014,1.5,41.25,30.83,31.91,31.84,29.95,27.53,27.05,27.06,27.77,28.9,30.32,28.68,29.05,29.23
T2M,2014,1.5,41.875,30.63,31.53,31.62,29.41,26.9,26.67,26.92,27.5,28.72,29.91,28.03,28.46,28.84
T2M,2014,2.0,34.375,26.76,27.56,27.12,27.45,25.05,24.54,23.85,22.85,24.02,23.97,24.06,24.68,25.14
T2M,2014,2.0,35.0,24.5,25.5,25.19,25.03,24.27,23.58,22.95,21.88,22.69,23.19,22.69,23.01,23.69
T2M,2014,2.0,35.625,28.17,28.78,28.58,28.39,28.31,27.63,26.62,25.89,27.13,27.7,26.77,27.14,27.58
T2M,2014,2.0,36.25,29.75,30.72,30.46,30.26,30.87,30.13,28.95,28.6,29.78,30.49,29.0,29.13,29.84
T2M,2014,2.0,36.875,23.34,24.76,24.46,23.72,24.1,23.59,23.14,23.4,23.72,24.22,22.83,22.64,23.65
T2M,2014,2.0,37.5,26.96,28.46,28.05,27.14,27.12,26.48,26.15,26.54,26.84,27.65,26.13,26.17,26.97
T2M,2014,2.0,38.125,28.25,29.72,29.21,27.95,27.79,27.28,26.88,27.3,27.67,28.52,26.76,27.0,27.85
T2M,2014,2.0,38.75,29.36,30.93,30.35,28.9,28.28,27.71,27.46,27.94,28.45,29.44,27.71,27.98,28.7
T2M,2014,2.0,39.375,29.42,31.21,30.51,28.82,27.7,27.06,26.96,27.6,28.3,29.41,27.5,27.71,28.5
T2M,2014,2.0,40.0,29.39,31.16,30.5,28.65,27.25,26.59,26.52,27.29,28.16,29.18,27.22,27.48,28.27
T2M,2014,2.0,40.625,29.93,31.35,30.84,28.66,26.7,26.37,26.66,27.32,28.27,29.28,26.89,27.18,28.27
T2M,2014,2.0,41.25,30.39,31.75,31.49,29.45,27.29,26.84,27.02,27.71,28.75,29.86,27.68,28.0,28.84
T2M,2014,2.0,41.875,30.3,31.5,31.49,29.18,26.67,26.45,26.97,27.49,28.67,29.29,27.1,27.61,28.54
T2M,2014,2.5,34.375,25.83,26.93,26.25,26.47,25.0,24.36,23.63,22.79,23.84,23.64,23.65,23.97,24.68
T2M,2014,2.5,35.0,25.81,26.92,26.44,26.29,25.81,25.02,24.4,23.95,24.31,24.76,24.22,24.39,25.18
T2M,2014,2.5,35.625,28.88,29.64,29.48,29.13,29.12,28.41,27.5,27.37,27.74,28.47,27.65,27.88,28.43
T2M,2014,2.5,36.25,30.05,31.03,30.81,30.34,30.67,30.02,29.21,29.14,29.81,30.42,29.17,29.28,29.99
T2M,2014,2.5,36.875,26.65,27.93,27.3,26.4,26.47,26.11,25.64,25.94,26.17,26.63,25.45,25.57,26.35
T2M,2014,2.5,37.5,29.11,30.38,29.59,28.44,28.43,28.02,27.61,28.04,28.3,28.88,27.47,27.64,28.48
T2M,2014,2.5,38.125,28.04,29.47,28.6,27.27,26.83,26.35,26.01,26.52,26.9,27.65,26.24,26.45,27.18
T2M,2014,2.5,38.75,29.17,30.85,29.96,28.35,27.66,27.09,26.94,27.5,28.05,28.8,27.27,27.49,28.25
T2M,2014,2.5,39.375,29.06,30.87,30.07,28.21,27.18,26.52,26.47,27.13,27.85,28.61,26.99,27.26,28.0
T2M,2014,2.5,40.0,28.55,30.4,29.86,27.89,26.58,25.91,25.83,26.58,27.45,28.21,26.56,26.76,27.53
T2M,2014,2.5,40.625,28.68,30.44,30.31,28.17,26.4,26.04,26.11,26.75,27.65,28.33,26.55,26.74,27.66
T2M,2014,2.5,41.25,29.34,31.04,31.2,29.15,27.2,26.66,26.56,27.22,28.18,28.92,27.4,27.9,28.38
T2M,2014,2.5,41.875,29.06,30.77,30.98,28.9,26.61,26.2,26.34,26.91,27.97,28.23,27.03,27.32,28.01
T2M,2014,3.0,34.375,24.58,25.95,25.01,24.77,23.94,23.17,22.32,21.94,22.25,22.41,22.21,22.32,23.39
T2M,2014,3.0,35.0,27.0,28.39,27.68,27.3,26.78,26.14,25.38,25.35,25.48,25.88,25.41,25.52,26.35
T2M,2014,3.0,35.625,29.9,30.89,30.88,30.37,30.24,29.56,28.94,28.97,28.82,29.68,29.1,28.74,29.67
T2M,2014,3.0,36.25,30.59,31.61,31.46,30.8,30.72,30.08,29.36,29.39,29.94,30.44,29.74,29.55,30.3
T2M,2014,3.0,36.875,29.73,30.93,30.33,29.31,29.27,28.78,28.16,28.51,28.78,29.16,28.27,28.19,29.11
T2M,2014,3.0,37.5,30.14,31.27,30.43,29.24,29.08,28.67,28.07,28.6,28.95,29.29,28.29,28.57,29.2
T2M,2014,3.0,38.125,29.17,30.32,29.23,27.83,27.29,26.85,26.53,27.11,27.5,28.01,27.06,27.41,27.84
T2M,2014,3.0,38.75,29.12,30.48,29.34,27.6,26.88,26.46,26.25,26.89,27.41,27.78,26.83,27.39,27.69
T2M,2014,3.0,39.375,28.47,30.13,29.31,27.42,26.33,25.65,25.58,26.35,27.02,27.38,26.53,26.8,27.23
T2M,2014,3.0,40.0,27.63,29.5,29.15,27.17,25.93,25.3,25.19,26.0,26.8,27.06,26.11,26.09,26.81
T2M,2014,3.0,40.625,27.6,29.59,30.01,27.89,26.35,25.92,25.77,26.44,27.29,27.52,26.66,26.46,27.28
T2M,2014,3.0,41.25,28.21,30.2,30.92,28.79,27.0,26.51,26.26,26.91,27.81,28.12,27.39,27.18,27.93
T2M,2014,3.0,41.875,27.6,29.8,30.47,28.51,26.54,25.99,25.82,26.49,27.45,27.37,26.95,26.47,27.44
T2M,2014,3.5,34.375,24.63,26.21,25.11,24.54,23.98,23.37,22.38,22.14,22.59,22.76,22.3,22.74,23.54
T2M,2014,3.5,35.0,28.68,29.82,29.04,28.52,28.09,27.6,26.57,26.69,27.0,27.26,26.74,26.76,27.72
T2M,2014,3.5,35.625,30.26,31.23,30.98,30.38,30.25,29.72,28.83,28.99,29.01,29.63,29.22,28.76,29.76
T2M,2014,3.5,36.25,30.55,31.36,30.92,30.23,30.05,29.54,28.77,28.88,29.35,29.7,29.32,29.28,29.82
T2M,2014,3.5,36.875,30.52,31.33,30.63,29.59,29.43,29.13,28.29,28.77,29.08,29.18,28.86,28.79,29.45
T2M,2014,3.5,37.5,29.38,30.15,29.1,27.83,27.49,27.0,26.36,26.97,27.27,27.53,27.31,27.66,27.82
T2M,2014,3.5,38.125,28.02,29.01,27.91,26.32,25.53,24.92,24.6,25.42,25.79,26.1,25.91,26.35,26.31
T2M,2014,3.5,38.75,27.59,28.74,27.65,25.93,24.82,24.21,23.85,24.64,25.18,25.47,25.29,25.87,25.75
T2M,2014,3.5,39.375,25.99,27.67,26.86,25.14,23.88,23.16,22.91,23.73,24.42,24.57,24.08,24.28,24.71
T2M,2014,3.5,40.0,26.67,28.66,28.34,26.34,25.23,24.74,24.47,25.39,26.12,25.87,25.15,25.12,25.99
T2M,2014,3.5,40.625,26.42,28.52,29.08,26.79,25.54,25.39,25.13,25.82,26.58,26.11,25.52,25.1,26.32
T2M,2014,3.5,41.25,26.91,29.18,30.44,28.51,26.96,26.58,26.2,26.87,27.69,27.48,26.96,26.01,27.47
T2M,2014,3.5,41.875,27.64,30.07,31.27,29.43,27.8,27.28,27.0,27.69,28.56,28.03,27.59,26.48,28.22
T2M,2014,4.0,34.375,27.71,28.95,27.77,26.7,26.31,25.89,24.81,24.66,25.42,25.31,24.71,25.47,26.12
T2M,2014,4.0,35.0,30.23,31.09,30.29,29.41,29.14,28.89,27.69,27.85,28.25,28.27,27.76,27.83,28.88
T2M,2014,4.0,35.625,29.63,30.41,29.95,29.08,28.84,28.53,27.41,27.8,27.91,28.29,28.08,27.77,28.63
T2M,2014,4.0,36.25,31.18,31.61,31.1,30.19,29.91,29.58,28.74,28.94,29.33,29.58,29.56,29.6,29.93
T2M,2014,4.0,36.875,30.12,30.35,29.75,28.41,27.93,27.59,26.84,27.4,27.65,27.74,28.05,28.15,28.32
T2M,2014,4.0,37.5,29.6,29.98,29.17,27.64,26.85,26.44,25.81,26.6,26.74,27.06,27.55,27.78,27.59
T2M,2014,4.0,38.125,25.71,26.36,25.58,24.01,22.77,22.16,21.61,22.32,22.66,23.16,23.47,23.97,23.63
T2M,2014,4.0,38.75,23.68,24.62,24.04,22.58,21.45,20.74,20.35,21.07,21.39,21.72,21.59,21.79,22.07
T2M,2014,4.0,39.375,24.56,26.11,25.46,23.72,22.66,22.1,21.89,22.69,23.15,22.96,22.41,22.38,23.32
T2M,2014,4.0,40.0,25.67,27.54,27.25,25.07,24.02,23.75,23.63,24.48,25.1,24.37,23.78,23.76,24.85
T2M,2014,4.0,40.625,25.32,27.55,28.04,25.93,24.9,25.02,24.71,25.45,26.08,25.07,24.4,23.87,25.51
T2M,2014,4.0,41.25,26.51,29.13,30.36,28.59,27.38,27.11,26.82,27.54,28.21,27.44,26.65,25.44,27.59
T2M,2014,4.0,41.875,27.88,30.7,32.05,30.12,28.85,28.46,28.25,28.98,29.74,28.55,27.83,26.45,28.97
T2M,2014,4.5,34.375,30.2,30.94,29.8,28.25,28.08,27.77,26.61,26.51,27.81,26.98,26.58,27.62,28.08
T2M,2014,4.5,35.0,30.67,31.29,30.42,29.02,28.87,28.8,27.54,27.79,28.43,28.12,27.77,27.97,28.88
T2M,2014,4.5,35.625,30.56,30.99,30.55,29.19,28.9,28.76,27.62,28.17,28.44,28.48,28.45,28.36,29.03
T2M,2014,4.5,36.25,31.59,31.71,31.37,29.95,29.57,29.36,28.47,28.95,29.19,29.18,29.56,29.37,29.84
T2M,2014,4.5,36.875,30.34,30.34,30.0,28.47,27.69,27.21,26.46,27.04,27.27,27.57,28.32,28.36,28.24
T2M,2014,4.5,37.5,27.71,27.79,27.51,25.77,24.79,24.37,23.47,24.4,24.34,24.73,25.6,25.85,25.51
T2M,2014,4.5,38.125,23.18,23.8,23.7,22.23,21.21,20.58,20.02,20.66,20.69,21.11,21.19,21.32,21.63
T2M,2014,4.5,38.75,23.41,24.73,24.65,23.06,22.16,21.7,21.19,21.87,22.04,22.1,21.83,21.68,22.52
T2M,2014,4.5,39.375,25.16,26.89,26.6,24.73,23.72,23.47,23.16,23.92,24.26,23.88,23.4,23.21,24.35
T2M,2014,4.5,40.0,23.98,25.79,25.75,24.11,23.1,22.65,22.26,23.07,23.55,23.12,22.54,22.29,23.5
T2M,2014,4.5,40.625,24.79,27.03,27.46,25.52,24.67,24.64,24.37,25.13,25.69,24.58,23.79,23.36,25.07
T2M,2014,4.5,41.25,24.76,27.38,28.34,26.62,25.62,25.54,25.14,25.95,26.57,25.53,24.59,23.76,25.8
T2M,2014,4.5,41.875,27.79,30.63,32.0,29.92,28.81,28.72,28.61,29.36,29.98,28.28,27.43,26.32,28.97
T2M,2015,-0.5,34.375,24.61,26.71,26.96,22.39,22.81,22.64,23.47,24.46,24.74,24.24,22.2,22.88,24.0
T2M,2015,-0.5,35.0,21.33,23.46,23.81,19.77,19.74,18.91,19.46,19.98,20.68,21.02,19.38,19.65,20.59
T2M,2015,-0.5,35.625,15.83,17.5,17.28,15.64,15.16,14.43,14.41,14.91,15.68,16.32,15.31,15.01,15.61
T2M,2015,-0.5,36.25,16.73,18.01,17.39,16.34,15.44,15.11,14.67,15.1,15.77,16.38,15.79,15.59,16.01
T2M,2015,-0.5,36.875,17.39,18.43,17.92,17.14,16.12,15.84,15.12,15.53,16.77,16.95,16.56,16.25,16.65
T2M,2015,-0.5,37.5,21.2,22.64,22.27,21.3,20.0,19.67,19.1,19.54,21.11,21.55,20.49,20.14,20.74
T2M,2015,-0.5,38.125,25.06,27.22,26.55,25.69,25.0,24.63,23.76,24.07,25.61,26.5,24.39,24.69,25.25
T2M,2015,-0.5,38.75,27.29,29.52,28.81,27.51,26.49,26.02,25.37,25.54,26.88,28.14,26.1,26.91,27.03
T2M,2015,-0.5,39.375,28.22,30.62,30.05,28.67,27.0,26.43,25.91,26.16,27.55,28.83,27.39,28.83,27.95
T2M,2015,-0.5,40.0,28.76,30.84,30.46,29.11,27.04,26.47,26.11,26.3,27.85,29.18,27.99,29.48,28.28
T2M,2015,-0.5,40.625,28.86,30.62,30.46,29.84,26.79,26.24,26.02,26.15,28.01,29.47,28.08,30.07,28.37
T2M,2015,-0.5,41.25,28.99,30.27,30.31,29.99,27.0,26.57,26.27,26.51,28.18,29.57,28.39,30.22,28.51
T2M,2015,-0.5,41.875,28.65,29.21,29.6,29.71,27.46,26.83,26.3,26.35,27.67,29.06,28.62,29.79,28.26
T2M,2015,-1.0,34.375,22.66,24.86,25.65,21.03,21.26,20.84,22.14,23.13,23.68,23.68,21.32,21.02,22.6
T2M,2015,-1.0,35.0,20.31,22.42,22.8,19.12,18.43,17.78,18.15,18.9,19.99,20.77,19.18,18.88,19.71
T2M,2015,-1.0,35.625,20.08,21.82,21.24,18.78,17.25,16.49,16.79,17.39,18.6,19.9,18.77,18.21,18.76
T2M,2015,-1.0,36.25,19.12,20.13,19.52,18.51,16.72,15.99,16.02,16.67,17.9,18.86,18.16,17.65,17.92
T2M,2015,-1.0,36.875,19.71,20.77,20.44,20.05,18.73,18.36,18.04,18.73,20.12,20.47,19.37,18.59,19.44
T2M,2015,-1.0,37.5,22.46,24.15,23.83,23.2,21.83,21.2,20.55,21.24,22.82,23.64,22.46,22.08,22.44
T2M,2015,-1.0,38.125,24.55,26.21,25.51,24.77,24.01,23.09,22.32,22.55,24.13,25.17,23.67,24.1,24.16
T2M,2015,-1.0,38.75,27.75,29.62,28.73,27.35,26.4,25.72,25.12,25.3,26.72,27.82,26.07,27.14,26.96
T2M,2015,-1.0,39.375,28.86,30.84,30.01,28.54,26.79,26.25,25.81,26.08,27.5,28.7,27.21,28.97,27.95
T2M,2015,-1.0,40.0,29.37,31.12,30.51,29.08,26.98,26.43,26.16,26.34,27.85,29.16,27.79,29.53,28.34
T2M,2015,-1.0,40.625,29.0,30.37,30.22,29.67,26.55,25.86,25.63,25.76,27.55,29.06,27.81,29.89,28.1
T2M,2015,-1.0,41.25,28.82,29.61,29.77,29.72,26.79,26.09,25.73,25.96,27.54,29.02,28.16,29.74,28.07
T2M,2015,-1.0,41.875,27.5,27.79,28.5,29.23,27.51,26.67,25.96,25.91,26.8,28.19,28.2,28.85,27.59
T2M,2015,-1.5,34.375,22.95,25.63,25.92,20.95,21.38,21.81,23.18,24.3,24.75,24.33,22.08,21.09,23.19
T2M,2015,-1.5,35.0,21.4,24.03,23.95,20.02,19.32,19.42,20.02,20.94,22.33,22.83,20.67,19.76,21.21
T2M,2015,-1.5,35.625,18.96,20.47,20.56,18.24,16.65,16.18,16.37,16.95,18.71,19.64,18.53,17.86,18.25
T2M,2015,-1.5,36.25,24.03,25.03,24.47,23.02,21.1,20.17,20.62,21.36,23.26,24.17,22.87,22.33,22.69
T2M,2015,-1.5,36.875,21.52,21.99,21.65,21.24,19.88,19.25,19.33,19.77,21.06,21.6,20.7,20.07,20.66
T2M,2015,-1.5,37.5,22.09,23.33,22.86,22.41,20.97,20.15,19.7,20.16,21.67,22.52,21.84,21.2,21.56
T2M,2015,-1.5,38.125,24.62,26.16,25.72,25.14,24.04,22.84,22.18,22.54,24.14,25.22,24.26,24.26,24.25
T2M,2015,-1.5,38.75,27.63,29.45,28.59,27.39,26.28,25.37,24.86,25.07,26.53,27.56,26.27,27.09,26.82
T2M,2015,-1.5,39.375,28.86,30.65,29.78,28.28,26.64,25.83,25.63,25.9,27.27,28.4,27.14,28.63,27.73
T2M,2015,-1.5,40.0,29.48,31.06,30.4,29.08,26.65,25.88,25.8,26.09,27.65,28.89,27.41,29.53,28.14
T2M,2015,-1.5,40.625,29.21,30.29,30.16,29.58,26.56,25.71,25.42,25.54,27.17,28.75,27.76,29.8,27.98
T2M,2015,-1.5,41.25,28.43,29.1,29.43,29.55,26.91,25.96,25.54,25.78,27.1,28.63,28.14,29.36,27.82
T2M,2015,-1.5,41.875,26.32,26.67,27.59,28.75,27.74,26.75,25.86,25.68,26.15,27.45,27.88,28.1,27.08
T2M,2015,-1.7975103014118005e-13,34.375,23.69,25.72,26.36,22.0,22.35,21.93,22.61,23.3,23.6,23.5,21.93,22.48,23.28
T2M,2015,-1.7975103014118005e-13,35.0,21.01,23.03,23.6,20.23,20.13,19.43,19.75,20.28,20.84,21.18,19.86,19.97,20.76
T2M,2015,-1.7975103014118005e-13,35.625,15.62,17.52,17.61,16.43,16.08,15.45,15.21,15.62,16.18,16.71,15.87,15.33,16.13
T2M,2015,-1.7975103014118005e-13,36.25,18.36,20.19,19.99,18.83,18.19,17.7,17.56,18.09,19.01,19.31,17.95,17.38,18.54
T2M,2015,-1.7975103014118005e-13,36.875,17.64,19.56,19.39,18.94,18.39,18.23,17.53,17.8,18.79,19.03,18.07,17.45,18.39
T2M,2015,-1.7975103014118005e-13,37.5,17.32,18.98,18.83,18.41,17.49,17.27,16.88,17.22,18.55,18.61,17.57,17.16,17.85
T2M,2015,-1.7975103014118005e-13,38.125,25.6,27.51,27.22,26.37,25.75,25.57,24.75,25.13,26.57,27.41,25.15,25.44,26.03
T2M,2015,-1.7975103014118005e-13,38.75,27.51,29.97,29.59,28.41,27.48,26.92,26.24,26.45,27.74,29.0,27.15,27.79,27.84
T2M,2015,-1.7975103014118005e-13,39.375,28.02,30.72,30.52,29.22,27.73,26.99,26.39,26.65,28.0,29.32,28.13,29.26,28.4
T2M,2015,-1.7975103014118005e-13,40.0,28.4,30.8,30.83,29.69,27.75,26.98,26.49,26.7,28.26,29.66,28.68,29.91,28.66
T2M,2015,-1.7975103014118005e-13,40.625,28.79,30.87,30.9,30.11,27.51,26.92,26.66,26.81,28.59,29.96,28.8,30.26,28.83
T2M,2015,-1.7975103014118005e-13,41.25,29.07,30.79,30.85,30.13,27.57,27.26,26.97,27.12,28.75,29.97,28.96,30.42,28.98
T2M,2015,-1.7975103014118005e-13,41.875,28.96,30.19,30.44,29.84,27.69,27.27,26.79,26.87,28.4,29.57,28.98,30.13,28.75
T2M,2015,-2.0,34.375,23.22,26.24,26.33,21.27,21.97,23.02,24.17,24.98,25.79,25.11,22.42,21.8,23.85
T2M,2015,-2.0,35.0,21.25,23.75,23.87,20.24,19.52,19.97,20.5,21.45,22.83,23.04,20.7,20.18,21.43
T2M,2015,-2.0,35.625,19.69,20.72,20.63,18.96,17.18,16.91,16.96,17.72,19.53,20.47,19.18,18.76,18.88
T2M,2015,-2.0,36.25,26.12,26.91,26.38,25.2,23.32,22.7,23.15,23.92,25.74,26.59,25.15,24.64,24.97
T2M,2015,-2.0,36.875,22.68,22.61,21.97,21.5,20.08,19.61,19.58,19.89,21.35,21.94,21.18,20.42,21.06
T2M,2015,-2.0,37.5,23.17,23.83,23.33,22.95,21.48,20.63,20.32,20.7,22.26,23.1,22.42,21.86,22.16
T2M,2015,-2.0,38.125,24.78,26.38,26.0,25.5,24.43,23.12,22.5,22.84,24.38,25.49,24.66,24.75,24.56
T2M,2015,-2.0,38.75,27.26,29.29,28.49,27.22,26.0,24.94,24.52,24.76,26.25,27.23,26.21,27.13,26.59
T2M,2015,-2.0,39.375,28.55,30.28,29.5,28.06,26.25,25.21,25.18,25.52,26.97,28.03,26.99,28.54,27.41
T2M,2015,-2.0,40.0,29.4,30.66,30.04,28.89,26.66,25.86,25.8,26.05,27.35,28.64,27.36,29.51,28.0
T2M,2015,-2.0,40.625,28.96,29.7,29.6,29.28,26.82,25.88,25.49,25.6,26.85,28.35,27.82,29.62,27.82
T2M,2015,-2.0,41.25,27.06,27.57,28.19,28.96,27.46,26.5,25.77,25.66,26.35,27.63,27.91,28.66,27.31
T2M,2015,-2.0,41.875,25.72,26.2,27.16,28.54,28.02,26.89,25.89,25.62,25.87,27.13,27.78,27.76,26.88
T2M,2015,-2.5,34.375,22.07,24.78,25.31,21.22,21.69,22.82,23.57,24.3,25.67,24.95,21.97,21.59,23.32
T2M,2015,-2.5,35.0,20.06,22.18,22.63,19.95,18.86,19.59,19.75,20.68,22.39,22.81,20.11,19.87,20.73
T2M,2015,-2.5,35.625,22.11,23.14,23.08,21.38,19.43,19.66,19.77,20.67,22.65,24.09,21.86,21.53,21.6
T2M,2015,-2.5,36.25,25.02,26.04,25.52,23.98,22.07,21.85,22.19,23.06,25.22,26.37,24.42,23.94,24.13
T2M,2015,-2.5,36.875,23.54,23.75,23.29,22.64,21.21,20.63,21.23,21.74,23.61,23.96,22.4,21.4,22.44
T2M,2015,-2.5,37.5,23.11,24.0,23.61,22.82,21.21,20.79,20.61,21.24,23.1,23.6,22.61,21.89,22.37
T2M,2015,-2.5,38.125,24.17,25.98,25.76,25.1,24.01,22.84,22.33,22.73,24.3,25.33,24.43,24.6,24.29
T2M,2015,-2.5,38.75,26.93,29.03,28.3,26.98,25.73,24.68,24.26,24.57,26.04,27.06,26.09,27.08,26.38
T2M,2015,-2.5,39.375,27.77,29.61,29.01,27.65,25.75,24.52,24.6,24.97,26.51,27.53,26.69,28.17,26.88
T2M,2015,-2.5,40.0,28.15,29.31,29.16,28.46,26.46,25.62,25.43,25.62,26.6,27.9,27.03,28.84,27.37
T2M,2015,-2.5,40.625,27.31,28.07,28.46,28.81,27.36,26.44,25.73,25.64,26.27,27.56,27.64,28.74,27.33
T2M,2015,-2.5,41.25,25.7,26.5,27.28,28.48,27.99,26.83,25.84,25.51,25.75,26.96,27.64,27.88,26.86
T2M,2015,-2.5,41.875,25.66,26.37,27.22,28.53,28.07,26.88,25.91,25.62,25.87,27.13,27.82,27.89,26.91
T2M,2015,-3.0,34.375,21.34,24.01,24.7,21.68,21.05,22.09,22.47,23.22,25.03,25.14,22.25,21.71,22.88
T2M,2015,-3.0,35.0,20.04,21.8,22.06,20.14,18.75,19.35,19.47,20.6,22.4,23.13,20.83,20.46,20.74
T2M,2015,-3.0,35.625,17.1,17.91,17.95,16.73,15.4,15.03,14.7,15.56,17.36,18.79,17.5,17.26,16.77
T2M,2015,-3.0,36.25,23.03,24.04,23.78,21.73,19.83,19.71,19.85,20.92,22.76,24.48,22.83,22.45,22.11
T2M,2015,-3.0,36.875,21.69,22.2,21.68,20.68,18.63,17.7,17.39,17.98,20.34,21.63,21.28,20.83,20.15
T2M,2015,-3.0,37.5,18.22,19.15,18.64,18.0,16.37,15.46,15.11,15.64,17.27,18.47,18.34,17.89,17.37
T2M,2015,-3.0,38.125,23.84,25.41,25.14,24.44,23.0,21.99,21.33,21.73,23.35,24.55,24.12,24.38,23.59
T2M,2015,-3.0,38.75,26.63,28.48,27.81,26.35,24.98,24.01,23.58,23.96,25.45,26.53,25.65,26.67,25.83
T2M,2015,-3.0,39.375,27.36,29.12,28.62,27.35,25.32,24.03,24.1,24.49,25.96,27.04,26.35,27.85,26.45
T2M,2015,-3.0,40.0,27.23,28.25,28.44,28.13,26.51,25.7,25.3,25.36,26.07,27.37,26.98,28.33,26.96
T2M,2015,-3.0,40.625,26.0,26.94,27.64,28.42,27.82,26.77,25.78,25.43,25.67,26.95,27.56,28.02,26.91
T2M,2015,-3.0,41.25,25.78,26.75,27.48,28.48,28.05,26.85,25.87,25.49,25.72,26.97,27.73,28.02,26.93
T2M,2015,-3.0,41.875,25.7,26.63,27.38,28.55,28.1,26.89,25.92,25.62,25.87,27.12,27.86,28.06,26.97
T2M,2015,-3.5,34.375,22.46,25.15,25.48,23.04,22.43,23.63,23.49,24.1,25.83,26.6,23.87,23.13,24.09
T2M,2015,-3.5,35.0,21.7,23.6,23.22,21.8,20.18,20.71,20.51,21.3,23.09,24.34,22.73,22.56,22.13
T2M,2015,-3.5,35.625,21.11,22.06,21.51,20.2,18.44,18.39,18.23,18.93,20.94,22.38,21.28,21.37,20.39
T2M,2015,-3.5,36.25,23.21,24.23,23.63,22.33,20.43,20.3,20.3,21.11,22.8,24.22,23.24,23.19,22.4
T2M,2015,-3.5,36.875,23.82,24.57,23.76,21.95,19.83,19.11,19.22,19.98,22.06,23.32,22.9,23.02,21.95
T2M,2015,-3.5,37.5,26.14,26.83,26.21,24.4,22.36,21.65,21.31,22.14,23.99,25.2,24.86,25.33,24.19
T2M,2015,-3.5,38.125,23.35,24.95,24.4,23.02,21.32,20.48,19.82,20.27,21.78,23.0,22.91,23.64,22.39
T2M,2015,-3.5,38.75,25.34,26.88,26.34,24.9,23.32,22.31,21.86,22.21,23.63,24.87,24.6,25.54,24.3
T2M,2015,-3.5,39.375,26.97,28.54,27.96,26.7,24.68,23.44,23.36,23.81,25.16,26.25,25.79,27.19,25.8
T2M,2015,-3.5,40.0,26.86,27.79,28.1,28.06,27.03,26.24,25.49,25.31,25.74,26.96,27.23,28.22,26.91
T2M,2015,-3.5,40.625,26.18,27.08,27.73,28.36,27.93,26.84,25.81,25.38,25.57,26.87,27.62,28.1,26.95
T2M,2015,-3.5,41.25,26.08,27.01,27.69,28.47,28.08,26.86,25.9,25.49,25.72,26.99,27.78,28.2,27.02
T2M,2015,-3.5,41.875,25.84,26.85,27.58,28.54,28.09,26.88,25.91,25.6,25.85,27.08,27.87,28.2,27.02
T2M,2015,-4.0,34.375,22.6,25.11,25.26,23.36,23.07,24.01,23.77,24.56,26.37,27.01,24.23,23.36,24.39
T2M,2015,-4.0,35.0,20.89,22.8,22.54,21.43,20.16,20.72,20.33,21.07,22.84,24.05,22.58,22.2,21.79
T2M,2015,-4.0,35.625,20.7,21.77,21.24,20.52,18.84,18.74,18.29,19.04,20.9,22.41,21.72,21.81,20.49
T2M,2015,-4.0,36.25,22.93,24.1,23.55,22.72,20.79,20.62,20.42,21.19,22.85,24.39,23.71,23.83,22.58
T2M,2015,-4.0,36.875,23.27,24.29,23.78,22.71,20.76,20.33,19.86,20.35,21.98,23.6,23.24,23.8,22.32
T2M,2015,-4.0,37.5,24.62,26.1,25.38,23.88,21.82,21.17,20.81,21.52,23.29,24.64,24.38,24.98,23.53
T2M,2015,-4.0,38.125,25.19,26.64,25.84,24.1,22.25,21.57,21.03,21.59,23.3,24.34,24.23,25.33,23.77
T2M,2015,-4.0,38.75,26.01,27.46,26.64,24.73,23.06,22.24,21.71,22.21,23.65,24.76,24.65,26.13,24.42
T2M,2015,-4.0,39.375,27.5,28.67,28.08,26.99,25.01,24.02,23.9,24.32,25.45,26.56,26.15,27.84,26.19
T2M,2015,-4.0,40.0,26.62,27.42,27.95,28.27,27.55,26.7,25.72,25.38,25.55,26.81,27.47,28.17,26.96
T2M,2015,-4.0,40.625,26.56,27.27,27.87,28.37,27.98,26.87,25.85,25.38,25.54,26.85,27.68,28.26,27.04
T2M,2015,-4.0,41.25,26.41,27.16,27.82,28.44,28.08,26.86,25.92,25.47,25.7,26.97,27.81,28.35,27.08
T2M,2015,-4.0,41.875,26.08,27.03,27.72,28.49,28.06,26.86,25.89,25.56,25.79,27.01,27.89,28.33,27.06
T2M,2015,-4.5,34.375,21.62,24.03,23.95,21.98,21.84,22.12,21.65,22.5,24.61,25.53,22.71,22.22,22.89
T2M,2015,-4.5,35.0,19.96,21.93,21.47,20.26,19.15,19.23,18.85,19.6,21.46,22.73,21.63,21.27,20.62
T2M,2015,-4.5,35.625,20.39,21.76,21.33,20.73,18.93,18.88,18.3,19.02,20.75,22.19,21.89,22.0,20.5
T2M,2015,-4.5,36.25,22.78,24.21,23.69,22.8,20.81,20.83,20.47,21.16,22.81,24.28,23.86,24.2,22.65
T2M,2015,-4.5,36.875,22.72,24.15,23.41,22.41,20.39,20.05,19.51,20.06,21.68,23.14,23.11,23.9,22.03
T2M,2015,-4.5,37.5,23.65,25.4,24.63,23.34,21.15,20.44,20.09,20.63,22.34,23.99,23.91,24.78,22.85
T2M,2015,-4.5,38.125,23.56,25.24,24.75,23.21,20.92,19.81,19.6,20.19,22.05,23.53,23.38,24.3,22.53
T2M,2015,-4.5,38.75,25.89,27.47,26.89,25.29,23.39,22.42,22.18,22.58,23.99,25.33,25.21,26.34,24.73
T2M,2015,-4.5,39.375,27.47,28.48,28.28,27.65,26.16,25.42,24.89,24.99,25.65,26.87,27.02,28.27,26.75
T2M,2015,-4.5,40.0,26.79,27.48,28.01,28.39,27.71,26.82,25.83,25.45,25.55,26.85,27.57,28.21,27.05
T2M,2015,-4.5,40.625,26.86,27.42,27.95,28.37,27.99,26.85,25.85,25.37,25.5,26.82,27.71,28.38,27.09
T2M,2015,-4.5,41.25,26.66,27.29,27.89,28.43,28.04,26.84,25.9,25.43,25.64,26.91,27.81,28.42,27.1
T2M,2015,-4.5,41.875,26.34,27.19,27.82,28.44,28.03,26.85,25.87,25.5,25.71,26.93,27.89,28.45,27.08
T2M,2015,0.5,34.375,22.6,25.17,25.87,21.5,21.24,20.71,21.28,21.77,22.15,22.4,21.36,21.66,22.3
T2M,2015,0.5,35.0,18.57,21.02,21.79,19.32,18.95,18.14,18.18,18.88,19.47,19.6,18.67,18.43,19.24
T2M,2015,0.5,35.625,19.57,21.48,21.31,19.61,19.19,18.73,18.29,18.9,19.92,20.33,18.76,18.29,19.52
T2M,2015,0.5,36.25,22.17,23.93,23.72,22.48,21.76,21.57,21.52,22.21,23.63,23.57,21.65,21.12,22.43
T2M,2015,0.5,36.875,19.6,21.41,21.37,20.89,20.72,20.91,20.31,20.52,21.97,21.85,19.89,19.0,20.7
T2M,2015,0.5,37.5,22.9,24.62,24.45,23.77,23.4,23.42,22.78,23.35,24.77,24.56,22.65,22.21,23.56
T2M,2015,0.5,38.125,25.54,27.41,27.27,26.36,25.71,25.21,24.46,24.81,26.25,27.23,25.31,25.4,25.9
T2M,2015,0.5,38.75,27.33,29.91,29.7,28.59,27.68,26.94,26.31,26.55,27.74,29.1,27.6,28.01,27.94
T2M,2015,0.5,39.375,28.11,30.98,30.92,29.58,28.34,27.49,26.91,27.15,28.47,29.77,28.64,29.36,28.8
T2M,2015,0.5,40.0,28.49,31.18,31.24,29.97,28.38,27.53,27.06,27.27,28.79,30.07,29.11,30.01,29.08
T2M,2015,0.5,40.625,28.85,31.18,31.32,30.21,28.44,27.71,27.37,27.54,29.18,30.37,29.44,30.34,29.32
T2M,2015,0.5,41.25,29.09,31.04,31.23,30.15,28.45,27.97,27.54,27.66,29.18,30.25,29.52,30.46,29.37
T2M,2015,0.5,41.875,28.99,30.71,30.93,29.87,28.25,27.89,27.33,27.39,28.91,29.87,29.31,30.18,29.12
T2M,2015,1.0,34.375,17.38,19.47,20.27,18.11,17.95,17.24,17.33,17.85,18.39,18.54,17.77,17.78,18.17
T2M,2015,1.0,35.0,16.0,18.59,19.16,17.66,17.34,16.72,16.54,17.14,17.88,17.91,16.95,16.61,17.37
T2M,2015,1.0,35.625,20.31,22.6,22.25,21.17,20.71,20.55,20.5,21.57,22.84,22.71,20.84,20.62,21.38
T2M,2015,1.0,36.25,24.01,25.96,25.68,24.26,23.69,23.74,23.47,24.48,26.0,25.66,23.81,23.36,24.5
T2M,2015,1.0,36.875,19.91,21.98,21.98,21.58,21.47,21.62,20.57,21.01,22.5,22.39,20.91,20.22,21.34
T2M,2015,1.0,37.5,24.01,26.12,25.91,25.0,24.73,24.66,23.84,24.38,25.71,26.06,24.25,24.0,24.88
T2M,2015,1.0,38.125,27.04,29.17,28.96,27.86,27.56,26.85,26.17,26.45,27.75,28.97,27.09,27.3,27.59
T2M,2015,1.0,38.75,28.27,30.89,30.67,29.49,28.86,28.04,27.37,27.61,28.74,30.12,28.64,29.09,28.97
T2M,2015,1.0,39.375,28.55,31.28,31.05,29.68,28.64,27.91,27.31,27.55,28.83,30.09,28.87,29.46,29.09
T2M,2015,1.0,40.0,28.48,31.33,31.16,29.82,28.63,27.76,27.29,27.52,29.0,30.23,29.15,29.8,29.17
T2M,2015,1.0,40.625,28.82,31.47,31.35,29.84,28.75,28.13,27.74,27.89,29.46,30.49,29.49,30.16,29.45
T2M,2015,1.0,41.25,29.2,31.49,31.42,29.83,28.72,28.45,27.95,28.06,29.52,30.42,29.61,30.3,29.57
T2M,2015,1.0,41.875,28.96,31.21,31.17,29.77,28.63,28.38,27.75,27.81,29.31,30.1,29.41,30.08,29.37
T2M,2015,1.5,34.375,23.49,25.99,25.94,22.3,21.95,21.0,21.86,22.57,23.41,23.36,21.53,22.04,22.94
T2M,2015,1.5,35.0,21.3,23.6,23.65,21.27,20.92,20.26,20.38,21.24,22.61,22.54,20.53,20.48,21.55
T2M,2015,1.5,35.625,24.47,26.42,26.06,24.5,24.23,24.24,24.23,25.33,26.93,26.57,24.33,24.21,25.12
T2M,2015,1.5,36.25,26.74,28.81,28.52,27.04,27.05,27.37,26.84,27.94,29.33,29.11,27.0,26.71,27.7
T2M,2015,1.5,36.875,22.43,24.82,24.58,23.71,23.94,24.04,23.03,23.67,24.8,24.85,23.22,23.02,23.83
T2M,2015,1.5,37.5,25.37,27.52,27.27,26.38,26.34,25.92,25.27,25.73,26.94,27.61,25.84,25.91,26.33
T2M,2015,1.5,38.125,27.65,30.15,29.79,28.7,28.73,27.95,27.2,27.43,28.61,29.78,28.05,28.4,28.53
T2M,2015,1.5,38.75,28.39,31.19,30.73,29.12,29.05,28.5,27.74,27.94,29.09,30.19,28.66,29.1,29.13
T2M,2015,1.5,39.375,28.04,31.15,30.76,29.4,28.67,27.87,27.33,27.55,28.86,29.98,28.89,29.2,28.96
T2M,2015,1.5,40.0,28.53,31.37,30.86,29.38,28.62,27.94,27.5,27.69,29.15,30.16,29.06,29.41,29.12
T2M,2015,1.5,40.625,28.62,31.59,31.07,29.16,28.63,28.23,27.83,28.01,29.5,30.31,29.34,29.67,29.31
T2M,2015,1.5,41.25,28.78,31.72,31.27,29.17,28.71,28.4,27.97,28.13,29.54,30.32,29.59,30.05,29.46
T2M,2015,1.5,41.875,28.75,31.39,30.91,28.9,28.42,28.29,27.8,27.82,29.35,29.95,28.93,29.49,29.15
T2M,2015,2.0,34.375,25.71,27.87,27.72,24.42,24.34,23.37,24.19,25.19,26.53,26.19,23.8,24.71,25.32
T2M,2015,2.0,35.0,23.8,25.97,25.79,23.54,23.69,22.93,22.9,23.91,25.52,25.47,23.08,23.29,24.15
T2M,2015,2.0,35.625,27.28,29.38,29.1,27.32,27.6,27.45,27.31,28.16,29.57,29.76,27.31,27.31,28.12
T2M,2015,2.0,36.25,28.85,31.11,30.92,29.37,29.67,30.11,29.41,30.24,31.42,31.71,29.68,29.24,30.14
T2M,2015,2.0,36.875,22.93,25.13,24.87,23.95,24.13,24.01,23.14,23.59,24.57,25.08,23.54,23.5,24.03
T2M,2015,2.0,37.5,26.29,28.65,28.37,27.09,27.12,26.61,26.06,26.38,27.51,28.39,26.87,27.03,27.19
T2M,2015,2.0,38.125,27.27,29.85,29.42,27.8,27.87,27.43,26.75,26.99,28.15,29.07,27.61,27.8,27.99
T2M,2015,2.0,38.75,28.03,31.03,30.52,28.74,28.57,27.99,27.32,27.66,28.89,29.78,28.64,28.91,28.83
T2M,2015,2.0,39.375,27.89,31.18,30.5,28.55,28.11,27.48,27.01,27.43,28.8,29.52,28.63,28.86,28.65
T2M,2015,2.0,40.0,27.86,31.11,30.29,28.24,27.74,27.28,26.87,27.26,28.74,29.26,28.34,28.66,28.45
T2M,2015,2.0,40.625,28.09,31.18,30.21,27.46,27.48,27.63,27.17,27.34,28.88,29.04,28.06,28.62,28.41
T2M,2015,2.0,41.25,28.29,31.58,30.8,28.08,28.02,28.02,27.61,27.82,29.32,29.72,28.69,29.05,28.9
T2M,2015,2.0,41.875,28.24,31.33,30.47,27.72,27.79,28.14,27.64,27.66,29.25,29.42,27.79,28.55,28.65
T2M,2015,2.5,34.375,24.72,27.06,26.97,24.21,24.8,23.41,23.74,25.14,26.68,26.26,23.4,24.56,25.07
T2M,2015,2.5,35.0,24.99,27.18,27.14,25.27,25.68,24.79,24.23,25.0,26.85,27.1,24.5,24.78,25.62
T2M,2015,2.5,35.625,27.74,30.14,30.07,28.37,28.75,28.62,28.21,28.61,29.8,30.47,28.14,28.1,28.91
T2M,2015,2.5,36.25,29.01,31.2,31.21,30.08,30.24,30.29,29.46,29.85,30.93,31.65,30.0,29.73,30.3
T2M,2015,2.5,36.875,25.79,27.55,27.74,26.54,26.62,26.51,25.55,25.79,26.85,27.69,26.24,26.36,26.6
T2M,2015,2.5,37.5,27.91,30.42,30.13,28.58,28.61,28.33,27.47,27.74,28.84,29.76,28.45,28.49,28.72
T2M,2015,2.5,38.125,27.15,29.53,29.04,27.22,27.04,26.64,25.91,26.22,27.41,28.26,27.03,27.19,27.37
T2M,2015,2.5,38.75,28.11,30.86,30.25,28.24,28.01,27.5,26.86,27.26,28.54,29.22,28.12,28.28,28.42
T2M,2015,2.5,39.375,27.77,30.9,30.08,27.92,27.47,26.93,26.53,26.93,28.4,28.79,27.83,28.07,28.12
T2M,2015,2.5,40.0,27.09,30.41,29.54,27.3,26.88,26.47,26.1,26.51,28.06,28.31,27.35,27.61,27.62
T2M,2015,2.5,40.625,27.03,30.35,29.47,26.92,26.85,26.88,26.53,26.61,28.22,28.38,27.25,27.69,27.66
T2M,2015,2.5,41.25,27.83,30.89,30.15,27.72,27.67,27.48,27.05,27.12,28.66,29.19,27.99,28.57,28.34
T2M,2015,2.5,41.875,27.39,30.6,29.83,27.27,27.3,27.28,26.9,26.89,28.55,28.81,26.99,27.8,27.95
T2M,2015,3.0,34.375,23.42,25.86,25.81,23.09,23.52,22.29,21.98,22.61,24.42,24.38,21.75,22.48,23.45
T2M,2015,3.0,35.0,26.12,28.48,28.38,26.53,26.78,26.14,25.48,26.14,27.69,28.19,25.38,25.63,26.73
T2M,2015,3.0,35.625,28.91,31.25,31.25,29.95,29.93,29.94,29.18,29.37,30.4,31.4,29.36,29.3,30.01
T2M,2015,3.0,36.25,29.61,31.78,31.7,30.82,30.64,30.43,29.37,29.61,30.63,31.67,30.3,30.34,30.57
T2M,2015,3.0,36.875,28.53,30.87,30.72,29.58,29.43,29.21,28.11,28.35,29.43,30.43,29.07,29.25,29.4
T2M,2015,3.0,37.5,29.08,31.35,30.92,29.42,29.32,29.1,28.02,28.32,29.44,30.4,29.11,29.24,29.46
T2M,2015,3.0,38.125,28.37,30.43,29.75,27.91,27.64,27.38,26.48,26.83,28.06,28.78,27.61,27.96,28.08
T2M,2015,3.0,38.75,28.37,30.57,29.82,27.52,27.31,27.0,26.29,26.69,28.02,28.38,27.24,27.7,27.89
T2M,2015,3.0,39.375,27.56,30.18,29.45,27.24,26.7,26.15,25.82,26.13,27.7,27.79,26.83,27.31,27.39
T2M,2015,3.0,40.0,26.44,29.49,28.84,26.77,26.25,25.77,25.52,25.76,27.5,27.51,26.33,26.67,26.89
T2M,2015,3.0,40.625,26.24,29.54,29.12,27.05,26.72,26.52,26.16,26.12,27.82,28.04,26.75,27.14,27.25
T2M,2015,3.0,41.25,26.72,30.16,29.8,27.65,27.4,27.13,26.71,26.61,28.27,28.71,27.34,27.86,27.85
T2M,2015,3.0,41.875,26.0,29.75,29.37,27.2,27.0,26.66,26.27,26.31,28.06,28.29,26.35,26.94,27.33
T2M,2015,3.5,34.375,23.46,26.1,25.96,23.26,23.63,22.59,22.19,22.94,24.82,24.65,21.61,22.02,23.59
T2M,2015,3.5,35.0,27.1,30.04,29.71,27.2,27.75,27.27,26.89,27.53,28.99,29.15,25.91,26.11,27.79
T2M,2015,3.5,35.625,29.03,31.57,31.26,29.56,29.79,29.8,29.02,29.33,30.38,31.2,28.85,29.21,29.91
T2M,2015,3.5,36.25,29.38,31.64,31.28,29.97,29.91,29.86,28.8,29.04,30.04,30.98,29.59,30.03,30.03
T2M,2015,3.5,36.875,29.24,31.65,31.19,29.55,29.49,29.53,28.45,28.69,29.8,30.55,29.24,29.47,29.72
T2M,2015,3.5,37.5,28.62,30.44,29.73,27.99,27.59,27.46,26.54,26.85,28.07,28.64,27.7,28.2,28.14
T2M,2015,3.5,38.125,27.4,29.38,28.49,26.29,25.83,25.41,24.79,25.24,26.64,26.84,26.19,26.89,26.6
T2M,2015,3.5,38.75,26.92,29.15,28.23,25.74,25.04,24.51,23.96,24.39,26.04,26.06,25.47,26.31,25.96
T2M,2015,3.5,39.375,25.16,27.76,27.06,25.0,24.25,23.52,23.22,23.46,25.29,25.2,24.3,24.78,24.9
T2M,2015,3.5,40.0,25.67,28.58,28.08,26.15,25.59,25.16,24.86,25.01,26.94,26.55,25.23,25.75,26.11
T2M,2015,3.5,40.625,25.26,28.42,28.31,26.3,25.99,25.87,25.49,25.25,27.19,26.94,25.44,25.84,26.34
T2M,2015,3.5,41.25,25.47,29.06,29.34,27.74,27.42,27.1,26.61,26.5,28.17,28.41,26.74,26.94,27.45
T2M,2015,3.5,41.875,25.98,29.95,30.11,28.47,28.2,27.88,27.45,27.49,29.21,29.25,27.05,27.35,28.19
T2M,2015,4.0,34.375,26.1,29.17,28.77,25.23,25.89,25.06,25.22,26.28,27.88,26.94,23.56,24.1,26.17
T2M,2015,4.0,35.0,28.21,31.6,31.05,27.7,28.7,28.12,28.24,29.04,30.29,29.79,26.57,26.81,28.83
T2M,2015,4.0,35.625,27.9,30.9,30.32,27.94,28.46,28.19,27.64,28.19,29.24,29.51,27.27,27.71,28.59
T2M,2015,4.0,36.25,29.6,32.19,31.56,29.64,29.85,29.77,28.95,29.22,30.17,30.8,29.5,30.12,30.1
T2M,2015,4.0,36.875,28.63,31.14,30.49,28.26,27.94,27.96,27.31,27.65,28.8,29.12,28.09,28.53,28.64
T2M,2015,4.0,37.5,28.55,30.75,30.01,27.6,26.89,26.75,26.18,26.55,27.87,28.09,27.46,28.0,27.87
T2M,2015,4.0,38.125,25.01,27.17,26.25,23.86,22.76,22.26,21.73,22.15,23.61,23.72,23.58,24.03,23.82
T2M,2015,4.0,38.75,22.78,25.23,24.44,22.43,21.47,20.69,20.47,20.84,22.54,22.22,21.92,22.06,22.24
T2M,2015,4.0,39.375,23.51,26.26,25.48,23.64,22.91,22.53,22.32,22.53,24.39,23.46,22.85,23.11,23.56
T2M,2015,4.0,40.0,24.73,27.51,26.97,25.11,24.47,24.07,24.0,23.78,26.06,25.15,24.13,24.77,25.04
T2M,2015,4.0,40.625,24.23,27.37,27.33,25.74,25.36,25.33,25.06,24.66,26.8,26.14,24.44,24.86,25.6
T2M,2015,4.0,41.25,25.08,28.87,29.34,28.03,27.86,27.7,27.32,27.18,28.82,28.64,26.67,26.67,27.67
T2M,2015,4.0,41.875,26.1,30.41,30.9,29.35,29.27,29.11,28.75,28.76,30.42,30.08,27.56,27.6,29.01
T2M,2015,4.5,34.375,28.19,31.48,30.94,26.3,27.94,27.3,27.95,29.13,30.25,28.53,25.05,26.31,28.27
T2M,2015,4.5,35.0,28.1,32.0,31.36,27.27,28.56,27.9,28.34,29.48,30.6,29.29,26.27,26.65,28.8
T2M,2015,4.5,35.625,28.32,31.78,31.09,27.85,28.61,28.15,27.86,28.82,29.9,29.14,27.25,27.62,28.85
T2M,2015,4.5,36.25,29.29,32.61,32.0,28.88,29.48,29.06,28.89,29.57,30.54,30.28,28.77,29.36,29.88
T2M,2015,4.5,36.875,28.68,31.31,30.76,28.2,27.76,27.36,27.03,27.61,28.71,28.78,28.12,28.67,28.57
T2M,2015,4.5,37.5,26.66,28.8,28.18,25.38,24.56,24.13,24.27,24.76,26.19,25.81,25.23,25.76,25.79
T2M,2015,4.5,38.125,22.53,24.54,23.88,21.94,21.07,20.57,20.35,20.76,22.28,21.79,21.52,21.58,21.88
T2M,2015,4.5,38.75,22.45,25.03,24.53,22.76,21.96,21.6,21.42,21.82,23.56,22.7,22.07,22.25,22.66
T2M,2015,4.5,39.375,24.0,27.04,26.28,24.39,23.71,23.55,23.42,23.56,25.52,24.49,23.67,24.16,24.46
T2M,2015,4.5,40.0,22.95,25.89,25.34,23.71,23.13,22.87,22.68,22.73,24.68,23.86,22.97,23.34,23.66
T2M,2015,4.5,40.625,23.7,26.88,26.69,25.24,24.84,24.76,24.64,24.38,26.63,25.73,24.13,24.58,25.17
T2M,2015,4.5,41.25,23.54,27.12,27.45,26.26,25.94,25.87,25.48,25.37,27.16,26.78,24.72,24.86,25.87
T2M,2015,4.5,41.875,26.19,30.28,30.86,29.34,29.29,29.4,29.13,29.1,30.71,29.97,27.41,27.49,29.09
T2M,2016,-0.5,34.375,23.48,25.45,26.58,23.72,22.96,23.14,23.67,24.87,24.8,24.79,23.93,24.94,24.36
T2M,2016,-0.5,35.0,20.17,21.23,22.58,20.67,19.64,19.09,18.97,19.59,20.27,20.97,20.21,20.65,20.33
T2M,2016,-0.5,35.625,15.28,15.85,17.47,16.24,15.19,14.33,13.57,13.76,14.75,15.53,14.99,15.4,15.19
T2M,2016,-0.5,36.25,15.96,16.26,17.53,16.75,15.48,14.69,13.99,14.07,14.97,15.78,15.47,15.55,15.54
T2M,2016,-0.5,36.875,16.64,17.11,18.2,17.5,16.07,15.08,14.72,14.87,15.97,16.86,16.27,15.97,16.27
T2M,2016,-0.5,37.5,20.77,21.73,23.15,21.83,19.91,19.07,18.8,18.94,20.15,21.53,20.38,20.48,20.56
T2M,2016,-0.5,38.125,25.68,26.44,28.45,26.45,24.69,24.24,23.56,23.86,24.56,26.12,24.5,25.03,25.3
T2M,2016,-0.5,38.75,28.41,28.97,30.86,28.47,26.38,26.02,25.09,25.32,25.95,27.66,26.59,27.76,27.29
T2M,2016,-0.5,39.375,30.36,30.65,32.22,29.85,27.27,26.72,25.83,26.0,26.71,28.6,28.46,29.79,28.53
T2M,2016,-0.5,40.0,30.91,31.14,32.52,30.34,27.34,26.93,26.07,26.24,27.04,29.01,28.99,30.29,28.9
T2M,2016,-0.5,40.625,31.17,31.25,32.35,30.59,26.94,26.71,26.09,26.34,27.28,29.15,28.99,30.27,28.92
T2M,2016,-0.5,41.25,30.99,31.07,31.98,30.61,27.31,27.02,26.3,26.53,27.3,29.0,28.93,30.08,28.92
T2M,2016,-0.5,41.875,30.05,30.09,30.99,30.46,27.57,26.87,25.93,26.32,26.75,28.27,28.76,29.48,28.46
T2M,2016,-1.0,34.375,21.43,22.66,24.42,22.23,21.37,21.83,22.5,23.88,23.79,24.11,22.88,24.31,22.96
T2M,2016,-1.0,35.0,18.97,20.12,21.58,19.47,18.27,17.69,17.8,18.82,19.41,20.25,19.75,20.92,19.42
T2M,2016,-1.0,35.625,18.85,20.11,21.61,18.84,16.93,16.2,15.94,16.83,17.62,18.9,18.66,19.65,18.34
T2M,2016,-1.0,36.25,18.22,19.37,20.45,18.6,16.58,15.65,15.21,15.91,16.96,18.26,17.68,18.07,17.57
T2M,2016,-1.0,36.875,19.17,20.03,21.5,20.3,18.91,17.79,17.6,18.07,19.19,20.35,18.76,18.6,19.19
T2M,2016,-1.0,37.5,22.6,23.4,25.05,23.57,21.85,20.74,20.57,20.88,21.73,23.38,22.06,22.16,22.33
T2M,2016,-1.0,38.125,25.16,25.82,27.38,25.28,23.65,22.71,21.98,22.36,23.05,24.85,23.63,24.35,24.18
T2M,2016,-1.0,38.75,28.73,29.31,30.78,28.1,26.33,25.77,24.97,25.17,25.77,27.49,26.47,28.01,27.24
T2M,2016,-1.0,39.375,30.7,30.95,32.19,29.58,27.12,26.66,25.89,25.97,26.64,28.49,28.46,30.16,28.56
T2M,2016,-1.0,40.0,31.23,31.48,32.53,30.24,27.3,27.03,26.22,26.3,27.06,28.96,29.02,30.64,28.99
T2M,2016,-1.0,40.625,30.92,31.08,31.96,30.25,26.62,26.37,25.77,25.98,26.92,28.79,28.89,30.18,28.64
T2M,2016,-1.0,41.25,30.32,30.48,31.35,30.11,27.08,26.48,25.78,26.02,26.74,28.44,28.71,29.66,28.42
T2M,2016,-1.0,41.875,28.61,28.6,29.7,29.71,27.59,26.55,25.45,25.65,25.9,27.24,27.96,28.37,27.61
T2M,2016,-1.5,34.375,21.29,23.89,25.32,22.85,21.99,22.45,23.8,24.42,24.28,24.77,23.59,24.93,23.63
T2M,2016,-1.5,35.0,19.84,21.5,23.21,20.64,19.42,19.53,20.36,21.16,21.54,22.38,21.47,22.73,21.15
T2M,2016,-1.5,35.625,18.2,18.92,20.39,18.29,16.52,16.12,16.11,16.97,17.95,19.16,18.4,19.01,18.0
T2M,2016,-1.5,36.25,22.67,23.78,25.06,22.85,20.89,20.23,19.88,20.99,22.13,23.71,22.52,23.14,22.32
T2M,2016,-1.5,36.875,20.52,21.4,23.24,21.21,19.86,19.14,19.02,19.16,20.1,21.38,20.11,20.29,20.45
T2M,2016,-1.5,37.5,21.84,22.61,24.45,22.45,20.73,19.67,19.68,19.87,20.61,22.21,21.35,21.52,21.41
T2M,2016,-1.5,38.125,25.09,25.5,27.18,25.18,23.54,22.38,21.79,22.37,23.03,24.81,23.97,24.47,24.11
T2M,2016,-1.5,38.75,28.62,29.27,30.64,27.93,26.1,25.58,24.81,24.96,25.6,27.36,26.54,28.01,27.11
T2M,2016,-1.5,39.375,30.46,30.87,31.92,29.26,26.77,26.42,25.72,25.8,26.41,28.19,28.12,30.01,28.32
T2M,2016,-1.5,40.0,31.23,31.46,32.35,29.91,26.96,26.74,26.13,26.14,26.87,28.71,28.92,30.71,28.84
T2M,2016,-1.5,40.625,30.72,30.92,31.71,30.04,26.58,26.15,25.58,25.79,26.63,28.49,28.86,30.11,28.46
T2M,2016,-1.5,41.25,29.76,29.91,30.83,29.81,27.06,26.32,25.57,25.83,26.38,27.99,28.54,29.31,28.1
T2M,2016,-1.5,41.875,27.42,27.35,28.62,29.11,27.73,26.44,25.14,25.18,25.18,26.32,27.31,27.4,26.93
T2M,2016,-1.7975103014118005e-13,34.375,22.99,24.57,25.41,23.05,22.24,22.18,22.21,23.07,23.22,23.83,23.1,23.9,23.31
T2M,2016,-1.7975103014118005e-13,35.0,20.61,21.39,22.58,21.12,19.98,19.56,19.18,19.73,20.4,20.95,20.43,20.48,20.53
T2M,2016,-1.7975103014118005e-13,35.625,15.59,15.89,17.4,16.95,16.08,15.26,14.73,14.8,15.81,16.13,15.5,15.33,15.79
T2M,2016,-1.7975103014118005e-13,36.25,17.8,18.72,20.38,19.51,18.0,17.41,16.65,16.91,18.17,18.97,18.13,18.0,18.22
T2M,2016,-1.7975103014118005e-13,36.875,17.79,18.3,19.7,19.39,17.89,17.19,16.77,16.86,17.86,18.54,17.89,17.25,17.95
T2M,2016,-1.7975103014118005e-13,37.5,17.41,17.95,19.6,18.82,17.29,16.5,16.19,16.4,17.6,18.49,17.52,17.07,17.57
T2M,2016,-1.7975103014118005e-13,38.125,26.16,26.73,28.85,27.28,25.28,25.03,24.35,24.8,25.53,26.95,25.14,25.44,25.96
T2M,2016,-1.7975103014118005e-13,38.75,28.93,29.32,31.57,29.57,27.26,26.85,25.92,26.16,26.8,28.57,27.44,28.22,28.05
T2M,2016,-1.7975103014118005e-13,39.375,30.38,30.73,32.59,30.5,27.84,27.13,26.2,26.43,27.16,29.1,28.78,29.54,28.86
T2M,2016,-1.7975103014118005e-13,40.0,30.86,31.06,32.79,30.88,27.93,27.2,26.36,26.63,27.46,29.45,29.23,29.95,29.14
T2M,2016,-1.7975103014118005e-13,40.625,31.37,31.37,32.75,30.99,27.61,27.22,26.58,26.86,27.77,29.59,29.12,30.08,29.27
T2M,2016,-1.7975103014118005e-13,41.25,31.43,31.37,32.53,30.95,27.8,27.6,26.81,27.03,27.78,29.42,29.06,30.2,29.33
T2M,2016,-1.7975103014118005e-13,41.875,30.93,30.93,31.92,30.83,27.74,27.26,26.44,26.85,27.39,28.96,29.06,29.95,29.02
T2M,2016,-2.0,34.375,21.98,24.44,25.47,23.13,22.44,23.1,24.14,24.79,25.21,25.8,24.23,25.44,24.18
T2M,2016,-2.0,35.0,20.15,21.78,23.39,20.85,19.77,19.74,20.81,21.36,22.13,23.13,21.88,22.84,21.49
T2M,2016,-2.0,35.625,18.95,19.69,20.93,18.83,17.07,16.43,16.49,17.62,18.76,19.99,19.22,19.9,18.65
T2M,2016,-2.0,36.25,24.99,25.86,27.53,24.77,23.12,22.61,22.39,23.7,24.82,26.07,25.17,25.78,24.73
T2M,2016,-2.0,36.875,21.14,21.9,24.08,21.3,19.78,19.21,19.47,19.64,20.26,21.63,20.82,20.99,20.85
T2M,2016,-2.0,37.5,22.57,23.17,25.11,22.83,21.1,20.28,20.44,20.55,21.21,22.75,22.12,22.31,22.04
T2M,2016,-2.0,38.125,25.57,25.97,27.65,25.42,23.81,22.85,22.36,22.69,23.32,25.01,24.56,25.11,24.52
T2M,2016,-2.0,38.75,28.59,29.3,30.47,27.48,25.79,25.36,24.67,24.73,25.34,27.12,26.65,28.04,26.96
T2M,2016,-2.0,39.375,30.19,30.64,31.5,28.82,26.34,26.04,25.45,25.57,26.17,27.91,28.0,29.65,28.02
T2M,2016,-2.0,40.0,30.85,31.12,31.81,29.52,26.94,26.64,26.04,26.04,26.59,28.3,28.63,30.25,28.55
T2M,2016,-2.0,40.625,30.14,30.31,31.02,29.7,26.86,26.24,25.63,25.72,26.24,27.84,28.52,29.62,28.15
T2M,2016,-2.0,41.25,28.13,28.18,29.32,29.33,27.48,26.37,25.32,25.36,25.44,26.69,27.78,28.06,27.28
T2M,2016,-2.0,41.875,26.92,26.78,28.19,28.9,27.9,26.44,25.02,25.0,24.83,25.85,27.02,26.96,26.65
T2M,2016,-2.5,34.375,21.62,23.49,24.31,22.26,21.38,21.85,23.03,24.06,24.88,25.71,23.6,24.33,23.38
T2M,2016,-2.5,35.0,19.76,20.71,22.36,20.09,18.78,18.75,19.54,20.65,21.67,22.75,21.45,21.89,20.7
T2M,2016,-2.5,35.625,21.52,22.09,23.72,21.05,19.52,18.98,19.33,20.56,21.98,23.33,22.44,22.87,21.45
T2M,2016,-2.5,36.25,24.29,24.76,26.71,23.42,21.87,21.49,21.46,22.88,24.47,25.8,24.83,25.09,23.92
T2M,2016,-2.5,36.875,22.04,22.5,24.9,22.43,20.96,20.28,20.53,21.51,22.54,23.63,22.46,22.01,22.15
T2M,2016,-2.5,37.5,22.62,23.27,25.39,22.75,21.07,20.72,21.05,21.34,22.06,23.47,22.88,22.33,22.41
T2M,2016,-2.5,38.125,25.33,25.75,27.53,25.09,23.48,22.71,22.42,22.64,23.31,25.03,24.64,24.65,24.38
T2M,2016,-2.5,38.75,28.45,29.16,30.34,27.19,25.6,25.18,24.55,24.57,25.15,26.96,26.98,27.57,26.8
T2M,2016,-2.5,39.375,29.59,30.11,30.97,28.24,25.76,25.52,24.99,25.18,25.79,27.52,27.96,28.7,27.52
T2M,2016,-2.5,40.0,29.59,29.88,30.62,28.87,26.71,26.18,25.51,25.5,25.88,27.44,28.18,28.89,27.76
T2M,2016,-2.5,40.625,28.47,28.48,29.54,29.22,27.31,26.35,25.41,25.39,25.49,26.72,27.78,28.24,27.36
T2M,2016,-2.5,41.25,26.96,26.84,28.25,28.88,27.75,26.35,25.03,24.98,24.8,25.78,27.02,27.04,26.64
T2M,2016,-2.5,41.875,26.96,26.81,28.27,28.91,27.95,26.46,25.06,25.0,24.8,25.83,27.09,27.04,26.68
T2M,2016,-3.0,34.375,21.47,22.42,23.9,21.69,20.56,20.88,21.47,22.74,24.25,25.39,23.84,23.65,22.69
T2M,2016,-3.0,35.0,20.05,20.54,22.31,19.9,18.25,18.3,18.6,20.28,21.58,22.78,22.14,21.83,20.55
T2M,2016,-3.0,35.625,17.26,17.44,18.66,17.13,15.11,14.27,13.97,15.37,16.64,18.21,18.29,18.14,16.7
T2M,2016,-3.0,36.25,22.52,22.72,25.02,21.55,19.53,19.18,19.38,20.68,22.0,23.82,23.84,23.59,21.99
T2M,2016,-3.0,36.875,21.11,21.14,23.14,20.8,18.16,17.26,16.74,17.91,19.65,21.79,22.27,20.64,20.05
T2M,2016,-3.0,37.5,18.15,18.37,20.0,18.11,15.98,15.12,14.74,15.53,16.53,18.42,18.65,17.82,17.28
T2M,2016,-3.0,38.125,25.04,25.55,27.17,24.48,22.75,21.94,21.57,21.84,22.49,24.43,24.64,24.23,23.84
T2M,2016,-3.0,38.75,28.09,28.75,29.87,26.54,25.0,24.47,23.93,23.99,24.6,26.43,26.82,26.74,26.26
T2M,2016,-3.0,39.375,29.16,29.69,30.62,27.78,25.3,25.02,24.54,24.75,25.38,27.14,27.91,28.09,27.11
T2M,2016,-3.0,40.0,28.57,28.7,29.75,28.49,26.71,26.02,25.22,25.16,25.39,26.78,27.81,28.07,27.22
T2M,2016,-3.0,40.625,27.28,26.98,28.39,28.9,27.58,26.32,25.08,25.02,24.89,25.86,27.1,27.31,26.72
T2M,2016,-3.0,41.25,27.13,26.83,28.29,28.92,27.77,26.37,25.09,24.98,24.77,25.78,27.04,27.23,26.68
T2M,2016,-3.0,41.875,27.14,26.87,28.35,28.95,27.95,26.45,25.09,24.99,24.78,25.82,27.09,27.19,26.72
T2M,2016,-3.5,34.375,22.67,23.45,25.28,22.58,21.72,22.18,22.34,23.45,25.15,26.28,25.33,24.97,23.78
T2M,2016,-3.5,35.0,21.91,22.62,24.21,21.06,19.7,19.65,19.51,20.8,22.29,23.58,23.57,23.56,21.87
T2M,2016,-3.5,35.625,21.0,21.62,23.09,19.75,18.12,17.67,17.41,18.57,20.08,21.57,21.78,22.08,20.23
T2M,2016,-3.5,36.25,22.98,23.21,25.17,21.64,20.17,19.68,19.79,20.82,21.96,23.51,23.71,24.16,22.23
T2M,2016,-3.5,36.875,23.11,23.19,25.19,21.51,19.31,18.61,18.7,19.76,21.18,23.0,23.33,23.59,21.7
T2M,2016,-3.5,37.5,25.71,25.99,27.78,23.92,21.95,21.18,20.98,22.06,23.04,24.94,25.5,25.63,24.05
T2M,2016,-3.5,38.125,24.49,25.1,26.43,23.13,21.36,20.61,20.13,20.39,20.9,22.94,23.58,23.44,22.7
T2M,2016,-3.5,38.75,26.47,26.93,28.13,25.27,23.28,22.64,22.16,22.35,22.86,24.77,25.49,25.57,24.65
T2M,2016,-3.5,39.375,28.34,28.87,29.7,27.04,24.53,24.25,23.8,24.02,24.62,26.32,27.14,27.38,26.33
T2M,2016,-3.5,40.0,28.09,27.9,29.14,28.54,27.03,26.15,25.16,25.06,25.09,26.22,27.35,27.72,26.95
T2M,2016,-3.5,40.625,27.43,26.89,28.37,28.85,27.61,26.32,25.08,24.97,24.8,25.75,27.01,27.4,26.71
T2M,2016,-3.5,41.25,27.43,26.88,28.34,28.92,27.78,26.38,25.13,24.98,24.76,25.79,27.02,27.43,26.74
T2M,2016,-3.5,41.875,27.36,26.9,28.41,28.96,27.92,26.4,25.09,24.95,24.75,25.82,27.03,27.33,26.74
T2M,2016,-4.0,34.375,22.83,23.4,25.01,22.82,22.2,22.29,22.25,23.67,25.55,26.63,25.93,25.21,23.98
T2M,2016,-4.0,35.0,21.44,22.02,23.32,20.76,19.61,19.4,19.17,20.45,21.95,23.27,23.48,23.19,21.5
T2M,2016,-4.0,35.625,21.09,21.76,22.99,19.86,18.7,18.12,17.49,18.59,20.02,21.6,22.22,22.22,20.38
T2M,2016,-4.0,36.25,23.13,23.58,25.26,21.8,20.71,20.0,19.75,20.81,21.96,23.61,24.17,24.35,22.43
T2M,2016,-4.0,36.875,23.62,23.65,25.5,21.97,20.53,19.58,19.47,20.14,21.06,22.92,23.49,23.7,22.13
T2M,2016,-4.0,37.5,25.19,25.5,27.41,23.29,21.54,20.77,20.59,21.43,22.42,24.29,24.76,24.81,23.5
T2M,2016,-4.0,38.125,26.13,26.79,27.9,24.15,22.25,21.63,21.3,21.86,22.42,24.23,24.8,25.01,24.03
T2M,2016,-4.0,38.75,27.11,27.64,28.57,25.16,23.24,22.65,22.32,22.44,22.88,24.8,25.63,26.01,24.86
T2M,2016,-4.0,39.375,28.61,28.83,29.67,27.27,24.99,24.7,24.22,24.37,24.84,26.43,27.37,27.74,26.58
T2M,2016,-4.0,40.0,27.82,27.29,28.73,28.75,27.36,26.27,25.11,25.03,24.91,25.88,27.05,27.52,26.81
T2M,2016,-4.0,40.625,27.7,26.97,28.52,28.87,27.61,26.33,25.11,24.97,24.78,25.75,27.0,27.54,26.76
T2M,2016,-4.0,41.25,27.64,26.9,28.46,28.88,27.78,26.37,25.15,24.96,24.75,25.79,27.02,27.52,26.77
T2M,2016,-4.0,41.875,27.51,26.91,28.47,28.92,27.88,26.35,25.07,24.88,24.72,25.81,27.0,27.43,26.74
T2M,2016,-4.5,34.375,21.63,22.3,23.53,21.62,20.47,19.94,19.6,21.08,23.19,24.92,24.92,24.22,22.28
T2M,2016,-4.5,35.0,20.4,20.95,22.12,19.67,18.16,17.62,17.07,18.68,20.26,21.76,22.5,22.25,20.12
T2M,2016,-4.5,35.625,21.11,21.87,23.09,19.86,18.97,18.19,17.32,18.5,19.8,21.37,22.3,22.29,20.38
T2M,2016,-4.5,36.25,23.22,23.8,25.35,21.8,20.75,20.06,19.63,20.69,21.84,23.44,24.41,24.55,22.46
T2M,2016,-4.5,36.875,23.53,23.67,25.36,21.78,20.23,19.34,19.06,19.81,20.67,22.45,23.41,23.47,21.9
T2M,2016,-4.5,37.5,24.92,25.02,26.62,22.86,20.79,19.96,19.7,20.49,21.36,23.25,24.35,24.46,22.81
T2M,2016,-4.5,38.125,24.92,25.44,26.59,23.16,20.54,19.84,19.61,20.43,21.27,23.19,24.06,24.04,22.75
T2M,2016,-4.5,38.75,27.21,27.67,28.62,25.6,23.39,22.72,22.5,22.85,23.27,24.89,25.97,26.34,25.08
T2M,2016,-4.5,39.375,28.69,28.5,29.55,28.04,26.31,25.6,24.86,24.91,25.12,26.39,27.51,28.09,26.96
T2M,2016,-4.5,40.0,27.98,27.28,28.79,28.87,27.42,26.25,25.12,25.04,24.92,25.85,27.02,27.58,26.84
T2M,2016,-4.5,40.625,27.97,27.13,28.73,28.94,27.59,26.29,25.13,24.97,24.77,25.76,27.0,27.65,26.83
T2M,2016,-4.5,41.25,27.82,26.96,28.61,28.89,27.75,26.33,25.15,24.93,24.75,25.78,27.01,27.6,26.8
T2M,2016,-4.5,41.875,27.66,26.93,28.58,28.88,27.82,26.29,25.06,24.83,24.72,25.81,26.99,27.52,26.76
T2M,2016,0.5,34.375,22.3,23.32,24.74,22.36,21.19,20.66,20.63,21.42,21.72,22.32,22.17,23.55,22.2
T2M,2016,0.5,35.0,19.03,19.69,21.39,19.99,18.73,18.03,17.46,17.97,18.65,18.96,18.55,18.5,18.91
T2M,2016,0.5,35.625,18.95,20.19,21.91,20.38,19.08,18.24,17.8,17.9,19.09,19.7,18.89,19.12,19.27
T2M,2016,0.5,36.25,21.77,23.02,24.65,23.55,21.62,21.23,20.15,20.91,22.64,23.49,22.02,21.82,22.23
T2M,2016,0.5,36.875,19.45,20.44,22.28,21.78,20.3,19.87,19.32,19.8,21.02,21.7,19.89,19.26,20.42
T2M,2016,0.5,37.5,22.71,23.58,25.48,24.52,22.98,22.45,22.1,22.57,23.7,24.48,22.6,22.36,23.29
T2M,2016,0.5,38.125,26.05,26.52,28.79,27.49,25.24,24.67,24.01,24.47,25.16,26.74,25.12,25.36,25.8
T2M,2016,0.5,38.75,28.91,29.06,31.59,29.95,27.45,26.86,25.93,26.19,26.84,28.66,27.67,28.08,28.1
T2M,2016,0.5,39.375,30.57,30.81,32.87,30.96,28.24,27.53,26.59,26.86,27.6,29.57,28.9,29.31,29.15
T2M,2016,0.5,40.0,31.19,31.32,33.09,31.23,28.33,27.59,26.8,27.11,27.93,29.87,29.23,29.57,29.43
T2M,2016,0.5,40.625,31.61,31.5,33.07,31.35,28.27,27.74,27.1,27.43,28.27,30.0,29.25,29.72,29.6
T2M,2016,0.5,41.25,31.62,31.45,32.89,31.27,28.47,28.04,27.19,27.42,28.14,29.8,29.23,30.04,29.63
T2M,2016,0.5,41.875,31.28,31.22,32.46,31.03,28.1,27.66,26.83,27.2,27.82,29.43,29.23,29.99,29.35
T2M,2016,1.0,34.375,18.34,19.16,20.69,18.93,17.81,16.96,16.63,17.12,17.96,18.22,18.13,18.88,18.23
T2M,2016,1.0,35.0,17.17,18.31,20.01,18.5,17.09,16.23,15.91,16.18,16.92,17.05,16.65,16.79,17.23
T2M,2016,1.0,35.625,20.97,22.1,23.87,22.52,20.93,20.25,19.62,20.25,21.58,22.43,21.02,20.86,21.36
T2M,2016,1.0,36.25,24.0,25.17,26.87,25.67,23.55,23.24,22.29,23.17,24.92,25.67,24.08,23.83,24.37
T2M,2016,1.0,36.875,20.52,21.15,22.93,22.6,21.44,20.59,20.05,20.33,21.41,22.07,20.59,20.04,21.14
T2M,2016,1.0,37.5,24.52,25.02,27.2,26.33,24.57,23.87,23.51,24.0,24.77,25.81,24.07,23.89,24.8
T2M,2016,1.0,38.125,28.01,28.21,30.71,29.47,27.28,26.61,25.82,26.15,26.7,28.41,26.94,27.11,27.62
T2M,2016,1.0,38.75,30.22,30.25,32.66,31.04,28.71,28.03,26.98,27.2,27.86,29.71,28.72,29.0,29.2
T2M,2016,1.0,39.375,31.01,31.0,33.04,31.17,28.58,27.92,26.9,27.21,27.94,29.89,28.99,29.27,29.41
T2M,2016,1.0,40.0,31.33,31.22,33.02,31.14,28.36,27.66,26.92,27.29,28.1,29.98,29.04,29.15,29.43
T2M,2016,1.0,40.625,31.79,31.53,33.14,31.34,28.42,27.94,27.33,27.68,28.45,30.15,29.13,29.35,29.68
T2M,2016,1.0,41.25,31.97,31.71,33.19,31.43,28.66,28.3,27.49,27.74,28.42,30.13,29.26,29.73,29.83
T2M,2016,1.0,41.875,31.61,31.57,32.93,31.24,28.25,27.89,27.11,27.52,28.17,29.86,29.44,29.89,29.62
T2M,2016,1.5,34.375,23.43,25.28,26.63,23.26,21.6,21.33,20.47,21.17,22.51,22.92,22.6,23.56,22.89
T2M,2016,1.5,35.0,21.63,22.99,24.65,22.39,20.14,19.69,19.25,19.69,21.16,21.64,20.86,21.18,21.27
T2M,2016,1.5,35.625,24.92,26.06,27.66,26.15,24.34,23.79,23.1,23.94,25.85,26.33,24.54,24.51,25.09
T2M,2016,1.5,36.25,27.33,28.38,30.01,29.03,27.25,26.58,25.84,26.83,28.45,29.05,27.12,26.83,27.72
T2M,2016,1.5,36.875,23.57,24.03,26.06,25.32,23.92,23.18,22.93,23.26,23.95,24.54,22.98,22.56,23.86
T2M,2016,1.5,37.5,26.58,26.86,29.05,28.14,26.33,25.61,24.91,25.43,25.94,27.18,25.64,25.47,26.43
T2M,2016,1.5,38.125,29.52,29.4,31.77,30.47,28.61,27.92,26.84,27.14,27.65,29.4,27.87,27.97,28.71
T2M,2016,1.5,38.75,30.85,30.61,32.71,31.0,29.06,28.44,27.34,27.59,28.21,30.03,28.54,28.77,29.43
T2M,2016,1.5,39.375,30.83,30.77,32.39,30.86,28.48,27.79,26.88,27.23,27.95,29.85,28.59,28.44,29.17
T2M,2016,1.5,40.0,31.2,31.03,32.6,30.94,28.48,27.89,27.03,27.42,28.18,29.99,28.67,28.69,29.34
T2M,2016,1.5,40.625,31.68,31.38,32.72,31.12,28.33,27.99,27.31,27.69,28.36,30.09,28.76,28.76,29.51
T2M,2016,1.5,41.25,31.78,31.76,33.26,31.44,28.53,28.13,27.38,27.76,28.38,30.15,29.22,29.46,29.77
T2M,2016,1.5,41.875,31.63,31.61,33.06,31.03,27.77,27.63,27.05,27.48,28.19,29.9,29.19,29.52,29.5
T2M,2016,2.0,34.375,26.18,27.96,28.99,25.71,23.76,23.32,22.82,23.33,24.91,25.45,24.95,25.92,25.27
T2M,2016,2.0,35.0,24.38,25.88,27.15,24.84,22.5,22.18,21.88,22.24,23.98,24.76,23.65,24.01,23.95
T2M,2016,2.0,35.625,28.24,29.23,30.61,29.24,27.35,26.65,26.29,26.79,28.84,29.29,27.78,27.66,28.16
T2M,2016,2.0,36.25,30.13,30.83,32.5,31.61,29.92,29.05,28.58,29.37,30.71,31.27,29.7,29.36,30.25
T2M,2016,2.0,36.875,24.14,24.63,26.53,25.63,24.24,23.39,22.98,23.19,23.72,24.63,23.34,23.09,24.12
T2M,2016,2.0,37.5,27.93,28.19,30.15,29.05,27.3,26.58,25.75,26.18,26.56,28.08,26.56,26.52,27.4
T2M,2016,2.0,38.125,29.21,29.19,31.27,29.76,28.09,27.53,26.4,26.72,27.2,29.0,27.19,27.14,28.22
T2M,2016,2.0,38.75,30.4,30.33,32.26,30.59,28.7,28.08,27.03,27.36,27.95,29.81,28.14,28.16,29.06
T2M,2016,2.0,39.375,30.46,30.56,31.99,30.34,28.1,27.5,26.67,27.08,27.81,29.67,28.03,27.59,28.81
T2M,2016,2.0,40.0,30.45,30.42,31.85,30.1,27.7,27.26,26.47,26.92,27.64,29.4,27.81,27.49,28.62
T2M,2016,2.0,40.625,31.11,30.56,31.88,30.1,26.93,27.22,26.58,27.0,27.62,29.4,27.66,27.24,28.6
T2M,2016,2.0,41.25,31.23,31.19,32.51,30.75,27.73,27.63,26.96,27.45,28.09,29.88,28.49,28.19,29.17
T2M,2016,2.0,41.875,31.14,31.22,32.84,30.37,27.04,27.35,26.84,27.32,28.06,29.77,28.74,29.06,29.14
T2M,2016,2.5,34.375,25.93,27.25,28.23,25.69,23.26,23.05,22.82,22.89,24.71,25.18,24.76,25.2,24.91
T2M,2016,2.5,35.0,26.11,27.22,28.33,26.45,24.06,23.58,23.61,23.69,25.25,26.31,25.34,25.42,25.44
T2M,2016,2.5,35.625,29.32,30.01,31.42,30.07,28.14,27.14,27.26,27.48,29.06,29.96,28.73,28.5,28.92
T2M,2016,2.5,36.25,30.79,31.14,32.79,31.77,30.21,29.14,28.86,29.27,30.16,31.14,29.97,29.73,30.41
T2M,2016,2.5,36.875,27.49,27.8,29.42,28.19,26.74,25.82,25.39,25.57,25.99,27.26,26.08,26.19,26.83
T2M,2016,2.5,37.5,29.95,30.19,31.85,30.42,28.83,28.05,27.25,27.49,27.9,29.51,28.02,28.15,28.96
T2M,2016,2.5,38.125,28.66,29.05,30.69,28.95,27.26,26.64,25.59,25.91,26.42,28.23,26.5,26.63,27.54
T2M,2016,2.5,38.75,29.98,30.2,31.9,29.96,28.15,27.54,26.5,26.89,27.51,29.33,27.57,27.68,28.6
T2M,2016,2.5,39.375,29.71,30.1,31.67,29.59,27.46,26.94,26.13,26.57,27.29,29.06,27.43,27.22,28.26
T2M,2016,2.5,40.0,29.31,29.52,31.2,29.17,26.77,26.41,25.63,26.13,26.83,28.54,27.03,26.7,27.76
T2M,2016,2.5,40.625,29.69,29.5,31.28,29.21,26.29,26.48,25.8,26.29,26.89,28.65,27.16,26.85,27.84
T2M,2016,2.5,41.25,30.12,30.24,32.24,29.89,27.18,27.02,26.23,26.79,27.42,29.21,28.13,28.3,28.56
T2M,2016,2.5,41.875,29.62,30.14,32.22,29.56,26.56,26.57,25.98,26.54,27.3,29.02,28.45,28.85,28.4
T2M,2016,3.0,34.375,24.43,25.92,27.02,24.53,22.04,21.62,21.67,21.66,23.0,23.18,23.22,24.06,23.52
T2M,2016,3.0,35.0,27.3,28.32,29.66,27.56,25.61,24.95,24.97,25.03,26.66,27.47,26.74,26.82,26.75
T2M,2016,3.0,35.625,30.75,30.97,32.7,31.18,29.78,28.51,28.59,28.94,29.71,30.9,29.94,29.7,30.14
T2M,2016,3.0,36.25,31.57,31.7,33.33,31.88,30.42,29.28,29.05,29.29,29.89,31.23,30.38,30.33,30.69
T2M,2016,3.0,36.875,30.77,30.82,32.38,30.73,29.43,28.33,27.96,28.1,28.53,30.03,28.89,28.93,29.57
T2M,2016,3.0,37.5,31.11,31.18,32.63,30.84,29.53,28.58,27.79,27.98,28.49,30.16,28.68,28.8,29.64
T2M,2016,3.0,38.125,29.9,30.17,31.43,29.39,27.89,27.17,26.13,26.45,27.01,28.77,27.17,27.47,28.24
T2M,2016,3.0,38.75,29.98,30.13,31.43,29.01,27.43,26.84,25.77,26.22,26.89,28.61,26.89,27.33,28.04
T2M,2016,3.0,39.375,29.17,29.55,31.03,28.6,26.6,26.1,25.23,25.75,26.46,28.1,26.7,26.81,27.5
T2M,2016,3.0,40.0,28.39,28.76,30.6,28.2,26.01,25.69,24.87,25.43,26.15,27.72,26.39,26.1,27.02
T2M,2016,3.0,40.625,28.69,28.73,31.05,28.61,26.16,26.14,25.32,25.85,26.45,28.12,27.01,26.78,27.41
T2M,2016,3.0,41.25,29.18,29.36,31.88,29.39,26.9,26.63,25.81,26.35,27.01,28.76,28.0,27.98,28.1
T2M,2016,3.0,41.875,28.2,29.02,31.6,28.99,26.28,26.01,25.27,25.95,26.75,28.42,28.12,28.0,27.71
T2M,2016,3.5,34.375,24.46,25.79,26.99,24.5,22.47,22.07,21.74,21.71,23.3,23.7,23.55,24.16,23.7
T2M,2016,3.5,35.0,28.29,29.44,30.8,28.05,27.01,26.26,26.13,26.5,27.96,28.63,28.04,28.37,27.95
T2M,2016,3.5,35.625,31.0,31.3,32.56,30.25,29.51,28.4,28.45,28.95,29.68,30.79,29.93,29.82,30.05
T2M,2016,3.5,36.25,31.4,31.55,32.74,30.64,29.84,28.68,28.48,28.78,29.27,30.69,29.75,29.62,30.12
T2M,2016,3.5,36.875,31.39,31.55,32.68,30.42,29.51,28.61,28.22,28.33,28.86,30.39,29.11,28.72,29.81
T2M,2016,3.5,37.5,30.19,30.44,31.03,28.74,27.67,26.77,26.23,26.43,27.02,28.57,27.36,27.53,28.16
T2M,2016,3.5,38.125,28.89,29.22,29.86,27.41,25.96,25.2,24.44,24.81,25.4,27.04,25.73,26.16,26.67
T2M,2016,3.5,38.75,28.45,28.81,29.63,26.77,25.06,24.31,23.44,23.94,24.75,26.33,25.26,25.96,26.05
T2M,2016,3.5,39.375,26.93,27.34,28.54,25.78,23.94,23.39,22.51,23.08,23.99,25.44,24.37,24.47,24.98
T2M,2016,3.5,40.0,27.63,28.07,29.71,26.96,25.14,24.95,24.11,24.7,25.49,26.92,25.59,25.26,26.21
T2M,2016,3.5,40.625,27.66,27.85,30.06,27.3,25.21,25.42,24.58,25.1,25.76,27.26,26.1,25.5,26.48
T2M,2016,3.5,41.25,28.08,28.4,31.36,28.84,26.71,26.5,25.65,26.18,26.88,28.56,27.78,27.2,27.68
T2M,2016,3.5,41.875,28.46,29.19,32.4,29.62,27.28,27.1,26.36,27.02,27.86,29.44,29.11,28.47,28.52
T2M,2016,4.0,34.375,26.71,28.55,29.46,26.23,25.38,24.75,24.2,24.5,26.24,26.29,26.2,27.31,26.31
T2M,2016,4.0,35.0,29.34,30.96,31.51,28.12,27.76,27.25,27.12,27.88,29.44,29.53,29.14,29.83,28.98
T2M,2016,4.0,35.625,29.62,30.43,31.03,28.04,27.54,26.82,26.96,27.56,28.49,29.23,28.67,28.88,28.6
T2M,2016,4.0,36.25,31.65,31.91,32.59,30.04,29.42,28.46,28.34,28.8,29.37,30.54,29.86,29.84,30.07
T2M,2016,4.0,36.875,30.56,30.94,31.51,28.53,27.7,26.94,26.8,27.2,27.88,29.06,28.19,27.91,28.6
T2M,2016,4.0,37.5,30.09,30.63,30.99,27.93,26.7,26.01,25.74,26.1,26.77,28.14,27.42,27.42,27.82
T2M,2016,4.0,38.125,26.04,26.73,27.5,24.29,22.59,21.86,21.28,21.62,22.43,23.92,23.39,23.81,23.78
T2M,2016,4.0,38.75,24.36,24.86,25.87,22.85,21.1,20.4,19.9,20.27,21.18,22.55,21.78,21.59,22.22
T2M,2016,4.0,39.375,25.58,25.9,27.16,23.92,22.42,22.18,21.55,22.04,22.99,24.1,22.88,22.7,23.61
T2M,2016,4.0,40.0,26.86,27.17,28.64,25.52,23.85,23.74,23.18,23.72,24.64,25.71,24.55,24.28,25.15
T2M,2016,4.0,40.625,26.56,27.01,29.05,26.27,24.43,24.81,24.08,24.59,25.37,26.57,25.3,24.51,25.71
T2M,2016,4.0,41.25,27.67,28.41,31.35,28.69,26.83,26.9,26.21,26.76,27.43,28.84,27.88,26.87,27.82
T2M,2016,4.0,41.875,28.69,29.75,33.2,30.02,27.9,28.11,27.48,28.23,29.05,30.44,29.94,28.84,29.3
T2M,2016,4.5,34.375,29.42,31.25,31.18,27.04,27.2,26.93,26.38,27.01,29.19,28.38,28.37,29.98,28.52
T2M,2016,4.5,35.0,29.42,31.35,31.15,27.2,27.16,27.06,27.13,27.94,29.74,29.33,29.11,30.25,28.9
T2M,2016,4.5,35.625,29.66,30.94,31.16,27.28,27.01,26.85,27.07,27.89,29.15,29.3,29.05,29.65,28.75
T2M,2016,4.5,36.25,31.35,32.2,32.26,28.86,28.13,27.74,27.89,28.72,29.69,30.06,29.9,30.15,29.74
T2M,2016,4.5,36.875,30.53,31.04,31.28,28.19,26.9,26.34,26.3,26.88,27.88,28.51,28.42,28.26,28.37
T2M,2016,4.5,37.5,27.99,28.74,28.72,25.37,23.83,23.59,23.6,24.14,25.06,25.66,25.59,25.38,25.63
T2M,2016,4.5,38.125,23.4,24.46,25.02,22.05,20.3,19.91,19.67,20.03,20.93,21.66,21.35,21.19,21.66
T2M,2016,4.5,38.75,24.07,24.76,26.06,22.92,21.24,21.01,20.78,21.18,22.15,22.88,22.02,21.59,22.55
T2M,2016,4.5,39.375,26.06,26.65,28.19,24.66,23.03,23.02,22.65,23.11,24.19,24.73,23.75,23.28,24.44
T2M,2016,4.5,40.0,24.98,25.51,27.21,23.98,22.23,22.2,21.65,22.24,23.22,24.01,23.14,22.67,23.58
T2M,2016,4.5,40.625,26.01,26.59,28.48,25.65,24.01,24.23,23.64,24.21,25.11,25.79,24.75,24.05,25.21
T2M,2016,4.5,41.25,25.88,26.73,29.3,26.73,24.85,25.12,24.34,25.03,25.89,26.83,25.88,24.98,25.96
T2M,2016,4.5,41.875,28.72,29.75,33.15,29.75,27.75,28.28,27.83,28.56,29.34,30.5,29.83,28.79,29.35
T2M,2017,-0.5,34.375,26.59,26.08,24.75,24.18,23.41,23.24,23.14,24.13,23.89,24.34,23.53,24.28,24.29
T2M,2017,-0.5,35.0,21.93,22.59,22.44,21.38,20.06,19.61,18.98,19.71,19.71,20.39,19.74,19.95,20.53
T2M,2017,-0.5,35.625,16.21,17.39,18.24,16.8,15.41,15.52,14.33,14.35,14.64,15.49,14.92,14.92,15.67
T2M,2017,-0.5,36.25,16.21,17.26,18.33,16.93,15.54,15.68,14.82,14.68,15.06,15.86,15.31,15.32,15.91
T2M,2017,-0.5,36.875,16.59,17.38,18.72,17.42,16.21,15.85,15.54,15.47,15.98,16.72,15.95,15.75,16.46
T2M,2017,-0.5,37.5,21.18,21.96,23.47,21.93,20.38,20.03,19.33,19.61,20.33,21.2,19.98,20.38,20.81
T2M,2017,-0.5,38.125,25.74,26.36,28.06,26.66,25.12,25.06,24.15,24.48,25.29,25.97,24.29,25.31,25.54
T2M,2017,-0.5,38.75,28.34,29.0,30.39,28.59,26.54,26.5,25.67,25.97,26.73,27.7,26.29,27.96,27.47
T2M,2017,-0.5,39.375,29.87,30.51,31.69,29.58,26.87,26.62,26.38,26.58,27.41,28.98,27.91,29.8,28.51
T2M,2017,-0.5,40.0,30.32,30.84,32.01,29.91,27.03,26.64,26.41,26.82,27.67,29.33,28.61,30.34,28.82
T2M,2017,-0.5,40.625,30.3,30.65,31.75,29.91,26.66,26.01,25.8,26.64,27.71,29.45,29.02,30.44,28.68
T2M,2017,-0.5,41.25,30.12,30.33,31.35,29.82,26.76,26.2,26.08,26.89,27.83,29.44,29.02,30.29,28.67
T2M,2017,-0.5,41.875,29.28,29.46,30.33,29.6,27.28,26.4,25.9,26.54,27.22,28.78,28.91,29.53,28.26
T2M,2017,-1.0,34.375,25.51,25.0,23.14,22.76,21.84,21.77,21.91,23.25,22.7,23.11,21.96,22.33,22.93
T2M,2017,-1.0,35.0,22.07,22.51,21.96,20.87,19.1,18.67,18.3,19.12,19.03,19.89,19.18,19.74,20.02
T2M,2017,-1.0,35.625,21.11,21.96,22.5,20.19,18.21,17.96,16.89,17.31,17.49,18.8,18.15,19.34,19.14
T2M,2017,-1.0,36.25,19.16,19.88,20.88,19.14,17.31,17.17,16.06,16.4,16.74,18.13,17.45,18.33,18.04
T2M,2017,-1.0,36.875,19.33,20.4,21.78,20.35,18.78,18.67,18.14,18.67,19.01,20.21,18.73,18.94,19.41
T2M,2017,-1.0,37.5,22.82,23.53,25.13,23.63,21.87,21.48,20.95,21.38,22.02,23.24,21.93,22.47,22.53
T2M,2017,-1.0,38.125,25.12,25.41,26.93,25.39,23.75,23.49,22.55,22.98,23.8,24.75,23.5,24.63,24.35
T2M,2017,-1.0,38.75,28.74,29.08,30.25,28.29,26.01,26.26,25.48,25.72,26.47,27.46,26.35,28.27,27.36
T2M,2017,-1.0,39.375,30.26,30.71,31.67,29.34,26.57,26.54,26.41,26.5,27.31,28.88,28.04,30.32,28.54
T2M,2017,-1.0,40.0,30.71,31.03,32.1,29.79,26.94,26.73,26.56,26.89,27.69,29.3,28.68,30.82,28.93
T2M,2017,-1.0,40.625,30.17,30.44,31.48,29.64,26.5,25.78,25.57,26.32,27.35,29.05,28.9,30.3,28.45
T2M,2017,-1.0,41.25,29.54,29.81,30.75,29.48,26.67,25.9,25.6,26.35,27.25,28.87,28.81,29.72,28.22
T2M,2017,-1.0,41.875,27.89,28.19,29.05,29.01,27.4,26.4,25.71,26.15,26.49,27.78,28.11,28.12,27.52
T2M,2017,-1.5,34.375,25.79,24.86,22.65,23.24,22.41,22.79,23.26,24.25,23.17,23.98,22.91,22.89,23.51
T2M,2017,-1.5,35.0,23.71,23.17,22.28,21.84,20.2,20.12,20.37,21.16,21.0,21.98,21.07,21.72,21.54
T2M,2017,-1.5,35.625,20.31,20.41,21.13,19.26,17.27,17.05,16.88,17.23,17.95,19.15,18.33,19.13,18.67
T2M,2017,-1.5,36.25,24.58,24.9,25.75,23.79,21.4,21.3,20.66,21.4,22.37,23.61,22.45,23.71,22.98
T2M,2017,-1.5,36.875,21.55,21.98,23.14,21.45,19.5,19.67,19.34,19.66,20.34,21.57,20.0,20.85,20.75
T2M,2017,-1.5,37.5,22.32,23.04,24.3,22.55,20.52,20.09,20.0,20.33,21.02,22.32,21.16,21.61,21.6
T2M,2017,-1.5,38.125,25.05,25.56,26.83,25.42,23.52,23.07,22.35,22.95,23.65,24.9,23.79,24.25,24.27
T2M,2017,-1.5,38.75,28.76,29.01,30.04,28.09,25.72,25.98,25.28,25.45,26.22,27.49,26.21,27.88,27.17
T2M,2017,-1.5,39.375,30.29,30.58,31.4,29.1,26.56,26.43,26.17,26.24,27.06,28.57,27.55,29.89,28.31
T2M,2017,-1.5,40.0,30.84,31.1,32.0,29.39,26.56,26.22,26.39,26.63,27.49,29.08,28.5,30.69,28.73
T2M,2017,-1.5,40.625,30.13,30.37,31.39,29.47,26.54,25.73,25.41,26.01,27.01,28.67,28.86,30.11,28.3
T2M,2017,-1.5,41.25,29.06,29.37,30.33,29.3,26.81,25.91,25.48,26.15,26.91,28.45,28.56,29.19,27.95
T2M,2017,-1.5,41.875,26.8,27.11,27.98,28.54,27.62,26.59,25.74,25.89,25.94,26.95,27.52,26.99,26.97
T2M,2017,-1.7975103014118005e-13,34.375,25.09,24.92,24.51,23.83,22.94,22.51,22.05,22.8,22.72,23.27,22.77,23.06,23.36
T2M,2017,-1.7975103014118005e-13,35.0,21.24,22.01,22.4,21.71,20.49,20.1,19.16,19.76,19.92,20.48,19.93,19.93,20.58
T2M,2017,-1.7975103014118005e-13,35.625,15.65,16.91,18.12,17.16,16.05,16.01,15.06,15.12,15.57,16.19,15.19,14.6,15.96
T2M,2017,-1.7975103014118005e-13,36.25,18.62,19.5,20.78,19.76,18.2,18.43,17.25,17.25,17.7,18.33,17.25,17.19,18.35
T2M,2017,-1.7975103014118005e-13,36.875,17.54,18.66,20.01,19.38,18.1,18.0,17.5,17.39,17.95,18.37,17.24,16.88,18.08
T2M,2017,-1.7975103014118005e-13,37.5,17.49,18.54,19.74,18.84,17.47,17.24,16.91,16.98,17.41,18.09,16.89,16.41,17.66
T2M,2017,-1.7975103014118005e-13,38.125,25.93,26.88,28.54,27.42,26.04,26.05,25.14,25.51,26.15,26.82,24.92,25.59,26.25
T2M,2017,-1.7975103014118005e-13,38.75,28.54,29.66,31.11,29.51,27.57,27.37,26.64,26.93,27.58,28.71,27.03,28.08,28.22
T2M,2017,-1.7975103014118005e-13,39.375,29.72,30.67,31.98,30.15,27.6,27.14,26.78,27.05,27.86,29.42,27.94,29.19,28.78
T2M,2017,-1.7975103014118005e-13,40.0,30.08,30.9,32.13,30.39,27.68,27.03,26.63,27.16,28.05,29.73,28.65,29.65,29.0
T2M,2017,-1.7975103014118005e-13,40.625,30.28,30.83,32.03,30.33,27.21,26.54,26.32,27.16,28.24,29.88,28.99,30.21,28.99
T2M,2017,-1.7975103014118005e-13,41.25,30.44,30.73,31.85,30.22,27.14,26.75,26.71,27.44,28.35,29.83,28.98,30.47,29.07
T2M,2017,-1.7975103014118005e-13,41.875,30.1,30.32,31.28,30.09,27.35,26.7,26.35,27.03,27.91,29.45,29.04,30.19,28.81
T2M,2017,-2.0,34.375,26.31,25.03,22.75,23.58,22.88,23.93,24.33,24.8,24.47,24.82,23.57,23.64,24.17
T2M,2017,-2.0,35.0,23.89,22.83,21.86,21.66,20.11,20.42,21.12,21.42,21.82,22.61,21.39,22.08,21.76
T2M,2017,-2.0,35.625,20.78,20.77,21.32,19.71,17.47,17.21,17.38,17.88,18.94,20.13,18.98,19.69,19.18
T2M,2017,-2.0,36.25,27.07,27.09,27.69,25.81,23.4,23.36,23.11,24.02,25.24,26.25,24.75,26.01,25.31
T2M,2017,-2.0,36.875,22.66,22.75,23.68,21.53,19.45,19.44,19.73,19.93,20.79,21.95,20.49,21.22,21.13
T2M,2017,-2.0,37.5,23.34,23.91,24.94,22.87,20.78,20.48,20.6,20.93,21.78,23.09,21.78,22.23,22.22
T2M,2017,-2.0,38.125,25.75,26.21,27.21,25.55,23.65,23.2,22.67,23.22,23.97,25.41,24.06,24.57,24.61
T2M,2017,-2.0,38.75,28.93,28.99,29.88,27.68,25.33,25.54,25.04,25.14,25.87,27.37,26.04,27.51,26.93
T2M,2017,-2.0,39.375,30.16,30.21,31.01,28.77,26.19,25.87,25.78,25.86,26.75,28.31,27.47,29.28,27.96
T2M,2017,-2.0,40.0,30.65,30.63,31.47,29.26,26.59,26.33,26.4,26.51,27.23,28.69,28.42,30.12,28.52
T2M,2017,-2.0,40.625,29.69,29.76,30.69,29.22,26.77,25.91,25.61,25.99,26.77,28.15,28.6,29.51,28.05
T2M,2017,-2.0,41.25,27.65,27.83,28.82,28.81,27.3,26.35,25.65,25.88,26.19,27.25,27.94,27.76,27.28
T2M,2017,-2.0,41.875,26.28,26.63,27.5,28.37,27.91,26.87,25.85,25.79,25.66,26.62,27.28,26.53,26.77
T2M,2017,-2.5,34.375,25.38,24.07,22.55,23.07,22.28,23.16,23.83,24.1,24.94,24.51,22.74,22.9,23.63
T2M,2017,-2.5,35.0,23.11,22.06,21.5,20.96,19.33,19.65,20.46,20.78,21.9,22.35,20.61,20.87,21.13
T2M,2017,-2.5,35.625,23.89,23.66,24.08,22.43,19.67,19.53,20.31,20.97,22.35,23.69,21.57,21.95,22.0
T2M,2017,-2.5,36.25,26.47,26.2,26.8,24.88,22.33,22.28,22.32,23.21,24.75,26.14,23.83,24.42,24.46
T2M,2017,-2.5,36.875,23.74,23.87,24.93,22.93,21.14,20.91,21.03,21.6,23.0,24.11,21.65,21.58,22.53
T2M,2017,-2.5,37.5,23.52,23.92,25.03,23.13,20.82,20.68,21.21,21.27,22.49,23.78,21.65,21.62,22.42
T2M,2017,-2.5,38.125,25.79,26.1,27.06,25.14,23.17,22.75,22.55,23.03,23.92,25.41,23.63,23.93,24.36
T2M,2017,-2.5,38.75,28.85,28.78,29.66,27.33,25.02,25.13,24.82,24.89,25.68,27.25,25.84,26.88,26.67
T2M,2017,-2.5,39.375,29.64,29.48,30.46,28.31,25.75,25.24,25.16,25.31,26.29,27.88,27.08,28.18,27.39
T2M,2017,-2.5,40.0,29.52,29.23,30.24,28.85,26.37,26.05,25.96,25.95,26.51,27.87,27.75,28.67,27.74
T2M,2017,-2.5,40.625,28.17,28.06,29.15,28.89,27.22,26.39,25.89,25.86,26.19,27.31,27.9,28.01,27.42
T2M,2017,-2.5,41.25,26.53,26.61,27.64,28.48,27.83,26.88,25.85,25.69,25.65,26.62,27.33,26.69,26.82
T2M,2017,-2.5,41.875,26.37,26.64,27.54,28.41,27.96,26.89,25.86,25.77,25.67,26.63,27.38,26.62,26.81
T2M,2017,-3.0,34.375,24.93,23.9,22.55,23.03,21.87,22.47,22.71,23.31,24.58,24.51,22.17,22.37,23.2
T2M,2017,-3.0,35.0,23.04,21.92,21.42,20.96,19.25,19.56,20.05,20.56,22.03,22.68,20.56,20.44,21.03
T2M,2017,-3.0,35.625,18.52,18.27,18.2,17.37,15.55,14.97,15.24,15.94,17.15,18.71,17.21,16.99,17.0
T2M,2017,-3.0,36.25,24.31,24.54,24.44,23.0,20.33,20.16,20.5,21.17,22.4,24.36,22.36,22.01,22.45
T2M,2017,-3.0,36.875,21.05,21.4,22.4,20.84,18.62,17.71,17.44,18.01,19.39,21.42,20.42,20.39,19.92
T2M,2017,-3.0,37.5,18.4,18.74,19.65,18.31,16.37,15.55,15.33,15.78,16.91,18.63,17.36,17.01,17.33
T2M,2017,-3.0,38.125,25.51,25.62,26.53,24.61,22.38,21.94,21.71,22.02,23.01,24.69,23.3,23.48,23.72
T2M,2017,-3.0,38.75,28.43,28.2,29.09,26.69,24.36,24.37,24.11,24.23,25.11,26.66,25.32,26.12,26.05
T2M,2017,-3.0,39.375,29.32,29.01,30.09,27.88,25.32,24.71,24.58,24.76,25.76,27.34,26.73,27.61,26.92
T2M,2017,-3.0,40.0,28.46,28.22,29.36,28.47,26.39,26.06,25.81,25.63,26.03,27.27,27.33,27.67,27.22
T2M,2017,-3.0,40.625,26.98,26.9,28.08,28.58,27.67,26.84,25.91,25.62,25.65,26.66,27.38,27.03,26.94
T2M,2017,-3.0,41.25,26.75,26.74,27.83,28.57,27.88,26.92,25.91,25.69,25.65,26.66,27.43,26.88,26.91
T2M,2017,-3.0,41.875,26.64,26.73,27.67,28.51,27.97,26.88,25.86,25.76,25.69,26.66,27.49,26.79,26.89
T2M,2017,-3.5,34.375,26.13,25.11,23.16,24.04,23.04,23.62,23.75,24.48,25.92,25.97,23.71,23.7,24.38
T2M,2017,-3.5,35.0,24.73,23.6,22.62,22.35,20.67,20.86,21.0,21.55,23.09,24.08,22.23,22.56,22.44
T2M,2017,-3.5,35.625,23.11,22.29,21.78,20.83,18.74,18.73,18.65,19.21,20.79,22.43,20.66,20.83,20.66
T2M,2017,-3.5,36.25,24.85,24.38,23.73,22.87,20.59,20.44,20.74,21.25,22.55,24.23,22.52,22.69,22.56
T2M,2017,-3.5,36.875,24.53,24.17,23.87,22.55,19.92,19.36,19.44,20.1,21.34,23.5,22.25,22.57,21.96
T2M,2017,-3.5,37.5,27.03,26.69,26.94,24.8,22.16,21.65,21.43,22.2,23.56,25.39,24.31,24.95,24.25
T2M,2017,-3.5,38.125,24.98,24.74,25.56,23.21,20.87,20.56,20.43,20.61,21.5,23.2,22.57,22.82,22.58
T2M,2017,-3.5,38.75,26.93,26.68,27.53,25.3,23.21,22.65,22.25,22.47,23.36,24.92,24.44,24.86,24.54
T2M,2017,-3.5,39.375,28.71,28.25,29.23,27.04,24.78,24.03,23.8,24.02,24.95,26.44,26.12,26.9,26.18
T2M,2017,-3.5,40.0,27.98,27.74,28.87,28.37,26.95,26.46,25.89,25.52,25.73,26.8,27.3,27.42,27.08
T2M,2017,-3.5,40.625,27.15,27.11,28.21,28.56,27.8,26.91,25.94,25.59,25.57,26.6,27.41,27.21,27.0
T2M,2017,-3.5,41.25,27.11,27.05,28.11,28.65,27.91,26.93,25.93,25.7,25.66,26.67,27.5,27.22,27.03
T2M,2017,-3.5,41.875,26.97,26.92,27.88,28.61,27.96,26.86,25.84,25.73,25.7,26.68,27.54,27.03,26.97
T2M,2017,-4.0,34.375,26.11,24.97,23.13,24.36,23.44,24.15,23.84,24.9,26.43,26.53,24.19,23.85,24.65
T2M,2017,-4.0,35.0,24.05,22.69,21.67,21.96,20.55,20.94,20.96,21.42,22.97,24.0,22.13,22.41,22.14
T2M,2017,-4.0,35.625,23.05,21.93,21.32,20.83,19.17,19.05,18.83,19.43,20.89,22.54,21.07,21.54,20.8
T2M,2017,-4.0,36.25,25.14,24.04,23.36,22.8,20.85,20.84,20.7,21.27,22.58,24.37,22.94,23.61,22.7
T2M,2017,-4.0,36.875,24.85,24.04,23.56,22.64,20.59,20.2,20.01,20.47,21.62,23.52,22.61,23.39,22.28
T2M,2017,-4.0,37.5,26.28,25.57,25.59,23.93,21.64,21.23,20.86,21.56,22.76,24.68,23.77,24.4,23.51
T2M,2017,-4.0,38.125,26.78,26.15,26.58,24.28,21.97,21.63,21.45,21.9,22.93,24.54,23.99,24.7,23.9
T2M,2017,-4.0,38.75,27.59,27.0,27.68,25.07,23.04,22.59,22.28,22.44,23.35,24.93,24.75,25.6,24.68
T2M,2017,-4.0,39.375,28.77,28.34,29.22,27.19,25.12,24.54,24.44,24.48,25.29,26.6,26.59,27.45,26.49
T2M,2017,-4.0,40.0,27.57,27.47,28.55,28.46,27.51,26.82,25.98,25.53,25.59,26.58,27.34,27.41,27.06
T2M,2017,-4.0,40.625,27.43,27.4,28.41,28.59,27.87,26.93,25.97,25.59,25.56,26.61,27.47,27.47,27.11
T2M,2017,-4.0,41.25,27.35,27.31,28.31,28.68,27.91,26.93,25.94,25.69,25.66,26.67,27.53,27.45,27.12
T2M,2017,-4.0,41.875,27.19,27.16,28.12,28.64,27.95,26.82,25.83,25.67,25.69,26.67,27.53,27.27,27.04
T2M,2017,-4.5,34.375,24.56,23.5,21.75,22.92,21.85,21.84,21.25,22.66,24.23,25.26,23.06,22.53,22.95
T2M,2017,-4.5,35.0,22.92,21.34,20.18,20.63,19.27,19.46,18.78,19.81,21.36,22.97,21.35,21.62,20.8
T2M,2017,-4.5,35.625,22.96,21.65,20.92,20.77,19.3,19.21,18.87,19.52,20.75,22.51,21.31,22.1,20.82
T2M,2017,-4.5,36.25,25.3,23.89,22.96,22.62,20.85,20.93,20.67,21.24,22.48,24.37,23.28,24.28,22.73
T2M,2017,-4.5,36.875,24.7,23.71,23.03,21.95,20.15,19.83,19.55,20.06,21.2,23.13,22.5,23.46,21.93
T2M,2017,-4.5,37.5,25.85,24.98,24.59,22.98,21.07,20.39,19.93,20.61,21.66,23.74,23.34,24.3,22.78
T2M,2017,-4.5,38.125,25.63,24.99,25.34,23.16,20.99,19.89,19.53,20.29,21.44,23.4,23.05,23.73,22.61
T2M,2017,-4.5,38.75,27.84,27.14,27.74,25.41,23.44,22.67,22.22,22.64,23.55,25.14,25.15,25.91,24.89
T2M,2017,-4.5,39.375,28.72,28.34,29.23,27.85,26.27,25.84,25.31,25.14,25.59,26.73,27.17,27.86,27.0
T2M,2017,-4.5,40.0,27.59,27.58,28.57,28.5,27.69,26.9,26.01,25.54,25.58,26.55,27.37,27.52,27.11
T2M,2017,-4.5,40.625,27.59,27.64,28.52,28.6,27.91,26.92,25.99,25.56,25.55,26.57,27.5,27.63,27.16
T2M,2017,-4.5,41.25,27.46,27.53,28.4,28.69,27.91,26.92,25.94,25.65,25.64,26.63,27.53,27.55,27.15
T2M,2017,-4.5,41.875,27.33,27.4,28.26,28.64,27.93,26.8,25.83,25.62,25.68,26.65,27.54,27.43,27.09
T2M,2017,0.5,34.375,24.76,24.6,24.31,23.74,21.78,21.44,20.79,21.27,21.45,21.76,21.53,21.82,22.42
T2M,2017,0.5,35.0,19.22,20.34,21.21,20.7,19.19,18.96,17.58,18.06,18.46,18.73,18.1,17.99,19.03
T2M,2017,0.5,35.625,19.83,20.44,21.95,20.84,19.3,19.44,18.27,18.12,18.84,19.24,17.97,17.9,19.34
T2M,2017,0.5,36.25,22.6,23.07,24.58,23.65,21.98,22.47,20.76,20.98,21.62,22.26,20.81,21.25,22.16
T2M,2017,0.5,36.875,19.74,20.73,22.33,21.75,20.34,20.69,19.99,20.16,20.79,20.98,18.96,18.9,20.44
T2M,2017,0.5,37.5,22.88,23.98,25.47,24.47,23.13,23.22,22.94,23.15,23.47,24.04,21.93,22.03,23.39
T2M,2017,0.5,38.125,25.58,26.91,28.42,27.41,25.97,25.7,24.89,25.35,25.86,26.81,24.9,25.36,26.09
T2M,2017,0.5,38.75,28.25,29.67,31.06,29.66,27.78,27.36,26.73,27.04,27.63,28.9,27.25,27.72,28.25
T2M,2017,0.5,39.375,29.67,30.85,32.14,30.55,28.13,27.57,27.19,27.54,28.3,29.76,27.94,28.81,29.03
T2M,2017,0.5,40.0,29.99,31.06,32.3,30.75,28.2,27.47,27.08,27.68,28.55,30.05,28.34,29.34,29.22
T2M,2017,0.5,40.625,30.17,31.06,32.31,30.78,28.07,27.33,26.97,27.83,28.85,30.31,28.82,29.88,29.36
T2M,2017,0.5,41.25,30.42,30.98,32.19,30.64,28.01,27.48,27.2,27.89,28.77,30.18,29.11,30.23,29.42
T2M,2017,0.5,41.875,30.35,30.8,31.86,30.53,27.93,27.27,26.94,27.61,28.45,29.89,28.88,30.1,29.21
T2M,2017,1.0,34.375,20.09,20.12,20.23,19.79,17.97,17.86,16.75,17.26,17.52,18.0,17.44,17.85,18.4
T2M,2017,1.0,35.0,17.56,18.48,19.38,18.87,17.53,17.37,16.27,16.43,16.79,17.01,16.2,15.93,17.31
T2M,2017,1.0,35.625,21.27,22.03,23.58,22.57,21.23,21.74,20.05,20.32,20.97,21.3,20.06,20.52,21.3
T2M,2017,1.0,36.25,24.54,24.99,26.54,25.75,24.12,24.74,23.0,23.31,23.84,24.48,22.98,23.69,24.33
T2M,2017,1.0,36.875,20.22,21.14,22.81,22.41,21.39,21.31,20.73,21.04,21.56,21.85,20.18,20.01,21.22
T2M,2017,1.0,37.5,24.05,25.3,27.09,26.18,24.85,24.73,24.34,24.77,25.21,25.74,23.69,23.92,24.99
T2M,2017,1.0,38.125,27.24,28.68,30.27,29.29,27.98,27.47,26.68,27.11,27.66,28.52,26.79,26.99,27.88
T2M,2017,1.0,38.75,29.18,30.57,32.02,30.79,28.92,28.38,27.8,28.09,28.71,29.78,28.26,28.61,29.25
T2M,2017,1.0,39.375,29.7,31.0,32.32,30.79,28.4,27.95,27.51,27.94,28.62,29.85,28.22,28.96,29.26
T2M,2017,1.0,40.0,29.72,31.1,32.31,30.76,28.31,27.57,27.24,27.92,28.73,30.03,28.2,29.06,29.24
T2M,2017,1.0,40.625,30.08,31.38,32.46,30.87,28.53,27.72,27.36,28.23,29.13,30.35,28.45,29.42,29.49
T2M,2017,1.0,41.25,30.47,31.51,32.52,30.88,28.52,27.87,27.62,28.32,29.13,30.35,28.88,29.84,29.65
T2M,2017,1.0,41.875,30.53,31.35,32.26,30.84,28.5,27.77,27.4,28.09,28.88,30.14,28.25,29.59,29.46
T2M,2017,1.5,34.375,24.7,24.56,24.66,24.11,22.12,22.59,20.78,21.51,21.65,21.98,21.52,23.01,22.75
T2M,2017,1.5,35.0,21.97,22.55,23.48,22.88,21.33,21.67,19.85,19.94,20.42,20.59,19.69,20.61,21.24
T2M,2017,1.5,35.625,24.89,25.79,27.26,26.45,25.32,25.77,23.64,24.16,24.96,25.28,23.75,24.35,25.13
T2M,2017,1.5,36.25,27.13,28.02,29.58,29.05,27.67,28.11,26.41,27.23,27.79,27.96,26.39,26.9,27.68
T2M,2017,1.5,36.875,22.99,24.04,25.73,25.03,24.28,23.99,23.58,23.95,24.56,24.53,22.6,22.62,23.99
T2M,2017,1.5,37.5,25.59,26.95,28.6,27.84,26.72,26.34,25.81,26.28,26.8,27.14,25.28,25.36,26.56
T2M,2017,1.5,38.125,28.01,29.64,31.28,30.23,29.12,28.5,27.71,28.15,28.67,29.3,27.58,27.8,28.83
T2M,2017,1.5,38.75,29.04,30.75,32.27,30.77,29.26,28.77,28.11,28.49,29.07,29.72,27.92,28.71,29.4
T2M,2017,1.5,39.375,28.77,30.81,32.15,30.39,28.4,27.87,27.44,27.99,28.62,29.7,27.62,28.3,28.99
T2M,2017,1.5,40.0,29.38,31.12,32.25,30.54,28.55,27.93,27.43,28.09,28.78,29.81,27.88,28.52,29.18
T2M,2017,1.5,40.625,29.65,31.55,32.45,30.64,28.61,27.86,27.5,28.36,29.15,30.04,27.56,28.53,29.31
T2M,2017,1.5,41.25,30.09,31.81,32.62,31.0,29.05,28.07,27.68,28.44,29.15,30.13,27.43,28.64,29.5
T2M,2017,1.5,41.875,30.44,31.55,32.33,30.71,28.6,27.8,27.46,28.16,28.93,29.93,26.86,28.55,29.27
T2M,2017,2.0,34.375,26.35,26.87,27.14,26.81,24.69,25.6,23.08,24.13,24.26,24.49,23.86,25.47,25.22
T2M,2017,2.0,35.0,24.43,25.15,26.17,25.54,23.84,24.27,22.4,22.89,23.42,23.49,22.51,23.41,23.95
T2M,2017,2.0,35.625,27.7,28.85,30.15,29.56,28.19,28.66,26.64,27.55,28.33,28.21,26.89,27.6,28.19
T2M,2017,2.0,36.25,29.41,30.49,32.03,31.58,30.28,30.45,29.25,30.12,30.78,30.53,28.89,29.4,30.26
T2M,2017,2.0,36.875,23.4,24.44,26.06,25.37,24.58,23.86,23.76,24.11,24.67,24.65,22.84,22.95,24.22
T2M,2017,2.0,37.5,26.61,28.18,29.72,28.75,27.69,27.01,26.62,27.11,27.6,27.89,26.01,26.26,27.45
T2M,2017,2.0,38.125,27.42,29.48,30.91,29.52,28.36,27.9,27.19,27.66,28.12,28.69,26.67,27.1,28.24
T2M,2017,2.0,38.75,28.38,30.69,32.03,30.35,28.77,28.35,27.74,28.26,28.71,29.49,27.53,28.04,29.02
T2M,2017,2.0,39.375,28.19,30.77,31.99,29.88,27.74,27.47,27.08,27.87,28.39,29.35,26.94,27.85,28.61
T2M,2017,2.0,40.0,28.39,30.8,31.83,29.68,27.59,27.17,26.79,27.64,28.16,29.05,26.81,27.73,28.46
T2M,2017,2.0,40.625,28.94,30.95,31.87,29.46,27.3,27.09,26.92,27.71,28.46,28.95,25.95,27.33,28.4
T2M,2017,2.0,41.25,29.26,31.4,32.34,30.17,27.86,27.53,27.3,28.11,28.9,29.58,26.47,27.7,28.87
T2M,2017,2.0,41.875,30.02,31.54,32.22,30.12,27.87,27.51,27.35,28.02,28.86,29.48,26.14,27.58,28.88
T2M,2017,2.5,34.375,25.54,26.55,27.07,27.09,24.59,25.82,22.87,23.92,24.3,24.41,23.36,24.7,25.0
T2M,2017,2.5,35.0,25.61,26.72,27.82,27.48,25.09,25.38,23.98,24.57,25.32,24.99,23.84,24.46,25.43
T2M,2017,2.5,35.625,28.46,29.79,31.06,30.56,28.32,28.49,27.47,28.64,29.51,28.69,27.59,28.15,28.89
T2M,2017,2.5,36.25,29.65,30.91,32.37,31.8,30.34,30.28,29.53,30.29,30.96,30.44,29.24,29.61,30.45
T2M,2017,2.5,36.875,26.41,27.45,28.96,28.11,26.94,26.26,26.21,26.47,27.08,27.06,25.53,26.06,26.88
T2M,2017,2.5,37.5,28.44,30.11,31.48,30.19,29.04,28.41,28.0,28.44,28.96,29.16,27.4,28.15,28.98
T2M,2017,2.5,38.125,27.23,29.27,30.4,28.79,27.29,26.92,26.26,26.83,27.32,27.93,26.03,26.76,27.58
T2M,2017,2.5,38.75,28.34,30.72,31.68,29.86,28.08,27.73,27.13,27.8,28.23,29.06,27.08,27.88,28.62
T2M,2017,2.5,39.375,28.11,30.71,31.54,29.5,27.24,26.93,26.53,27.38,27.83,28.73,26.72,27.61,28.22
T2M,2017,2.5,40.0,27.63,30.23,31.03,29.04,26.72,26.38,25.91,26.86,27.41,28.19,26.12,26.99,27.69
T2M,2017,2.5,40.625,27.88,30.26,30.99,29.06,26.77,26.56,26.24,27.03,27.71,28.3,25.91,26.8,27.78
T2M,2017,2.5,41.25,28.8,30.97,31.59,29.86,27.57,27.15,26.71,27.48,28.22,28.93,26.64,27.62,28.45
T2M,2017,2.5,41.875,28.92,30.95,31.48,29.58,27.42,26.95,26.58,27.27,28.1,28.79,25.73,26.52,28.17
T2M,2017,3.0,34.375,24.25,25.3,25.91,25.74,23.08,23.51,21.6,22.14,22.69,22.57,21.51,22.5,23.38
T2M,2017,3.0,35.0,26.64,27.97,29.16,28.74,26.26,26.57,25.38,25.88,26.96,26.21,25.07,25.7,26.7
T2M,2017,3.0,35.625,29.3,30.94,32.31,31.76,30.05,30.13,29.04,30.0,30.64,29.57,28.97,29.37,30.16
T2M,2017,3.0,36.25,29.98,31.55,32.9,32.18,30.58,30.24,29.65,30.18,30.92,30.4,29.6,30.03,30.68
T2M,2017,3.0,36.875,29.0,30.6,31.94,30.96,29.65,29.08,28.7,29.07,29.65,29.45,28.2,29.06,29.61
T2M,2017,3.0,37.5,29.34,31.07,32.21,30.89,29.53,29.1,28.49,28.97,29.52,29.74,28.31,29.34,29.7
T2M,2017,3.0,38.125,28.4,30.17,31.04,29.45,27.7,27.45,26.77,27.38,27.9,28.45,26.9,27.99,28.29
T2M,2017,3.0,38.75,28.46,30.35,31.08,29.31,27.27,27.05,26.36,27.13,27.61,28.16,26.5,27.77,28.07
T2M,2017,3.0,39.375,27.9,29.99,30.65,28.99,26.73,26.25,25.7,26.53,27.05,27.77,26.19,27.03,27.55
T2M,2017,3.0,40.0,26.94,29.44,30.04,28.64,26.33,25.84,25.24,26.13,26.76,27.45,25.73,26.21,27.05
T2M,2017,3.0,40.625,27.04,29.71,30.27,29.07,26.82,26.38,25.78,26.6,27.28,27.95,26.36,26.35,27.45
T2M,2017,3.0,41.25,27.84,30.51,31.04,29.86,27.59,26.98,26.32,27.09,27.8,28.61,26.88,26.79,28.09
T2M,2017,3.0,41.875,27.71,30.29,30.72,29.24,27.14,26.55,25.89,26.7,27.52,28.25,25.63,25.59,27.58
T2M,2017,3.5,34.375,24.29,25.26,25.9,25.78,23.72,23.9,22.56,22.53,23.46,22.89,22.14,23.24,23.79
T2M,2017,3.5,35.0,27.87,29.01,30.42,29.91,27.88,28.03,26.66,27.1,28.11,27.46,26.66,27.26,28.02
T2M,2017,3.5,35.625,29.29,31.07,32.47,31.69,29.9,30.04,28.86,29.72,30.4,29.13,28.6,29.16,30.02
T2M,2017,3.5,36.25,29.53,31.29,32.48,31.53,30.02,29.76,29.12,29.53,30.18,29.65,29.07,29.76,30.15
T2M,2017,3.5,36.875,29.35,31.21,32.36,31.21,29.42,29.4,28.92,29.26,29.75,29.45,28.62,29.64,29.87
T2M,2017,3.5,37.5,28.65,29.93,30.86,29.34,27.61,27.45,26.88,27.41,27.88,27.94,27.19,28.42,28.29
T2M,2017,3.5,38.125,27.22,28.89,29.61,27.87,25.96,25.58,24.96,25.71,26.21,26.61,25.6,26.53,26.72
T2M,2017,3.5,38.75,27.12,28.6,29.28,27.45,25.14,24.72,23.92,24.74,25.25,25.83,24.69,25.91,26.04
T2M,2017,3.5,39.375,25.48,27.36,28.08,26.71,24.49,23.8,22.98,23.76,24.33,25.0,23.43,24.22,24.95
T2M,2017,3.5,40.0,26.08,28.44,29.09,28.04,25.9,25.32,24.55,25.41,26.09,26.55,24.76,25.16,26.27
T2M,2017,3.5,40.625,26.0,28.63,29.28,28.35,26.14,25.86,25.04,25.87,26.49,26.92,25.13,25.13,26.55
T2M,2017,3.5,41.25,26.6,29.74,30.39,29.8,27.54,26.96,26.14,26.97,27.65,28.32,26.47,25.59,27.66
T2M,2017,3.5,41.875,27.69,30.83,31.31,30.41,28.42,27.78,26.96,27.83,28.65,29.19,26.55,25.85,28.44
T2M,2017,4.0,34.375,27.01,27.75,28.29,28.03,26.66,27.08,25.26,25.41,26.38,25.84,25.16,26.42,26.6
T2M,2017,4.0,35.0,29.15,29.92,31.4,30.79,29.13,29.55,27.64,28.25,29.19,28.51,27.89,28.93,29.19
T2M,2017,4.0,35.625,28.35,29.91,31.51,30.45,28.67,28.59,27.44,28.15,28.96,27.84,27.36,27.94,28.75
T2M,2017,4.0,36.25,29.84,31.66,32.73,31.49,30.0,29.83,28.97,29.56,30.07,29.33,29.02,29.64,30.17
T2M,2017,4.0,36.875,28.76,30.49,31.43,29.98,28.18,28.14,27.6,28.08,28.49,27.8,27.14,27.97,28.66
T2M,2017,4.0,37.5,28.56,30.05,30.88,29.15,27.1,26.95,26.43,26.99,27.46,27.17,26.32,27.57,27.87
T2M,2017,4.0,38.125,24.9,26.19,27.16,25.29,23.0,22.55,21.79,22.46,22.98,23.45,22.18,23.42,23.77
T2M,2017,4.0,38.75,22.88,24.46,25.38,23.81,21.7,21.1,20.46,21.05,21.55,22.08,20.51,21.06,22.16
T2M,2017,4.0,39.375,23.7,25.61,26.54,25.16,23.09,22.73,22.11,22.74,23.44,23.58,21.69,22.13,23.53
T2M,2017,4.0,40.0,25.12,27.19,28.01,26.76,24.77,24.39,23.66,24.42,24.99,25.14,23.48,23.94,25.14
T2M,2017,4.0,40.625,24.95,27.54,28.3,27.52,25.55,25.45,24.52,25.38,25.93,26.0,23.73,23.73,25.7
T2M,2017,4.0,41.25,26.39,29.69,30.31,29.86,27.78,27.43,26.7,27.62,28.24,28.45,25.72,24.91,27.74
T2M,2017,4.0,41.875,28.03,31.51,31.98,31.4,29.4,28.94,28.2,29.09,29.87,30.03,26.76,25.97,29.25
T2M,2017,4.5,34.375,29.23,29.89,30.34,29.55,28.73,29.52,27.18,27.76,28.75,27.77,27.39,29.08,28.76
T2M,2017,4.5,35.0,29.36,30.24,31.42,30.45,29.03,29.82,27.38,28.33,29.18,28.38,27.77,29.25,29.21
T2M,2017,4.5,35.625,28.96,30.49,31.97,30.67,28.87,28.8,27.57,28.28,29.18,28.03,27.55,28.2,29.04
T2M,2017,4.5,36.25,29.83,31.88,32.94,31.39,29.73,29.77,28.51,29.49,30.01,28.6,28.28,29.0,29.94
T2M,2017,4.5,36.875,28.8,30.7,31.59,29.95,28.07,27.8,27.37,27.98,28.21,27.49,26.84,27.54,28.51
T2M,2017,4.5,37.5,26.58,28.15,29.01,27.11,24.81,25.05,24.36,24.96,25.33,24.65,23.47,24.93,25.69
T2M,2017,4.5,38.125,22.37,23.75,24.96,23.3,21.07,20.91,20.37,20.88,21.44,21.37,19.62,20.3,21.68
T2M,2017,4.5,38.75,22.33,24.53,25.6,24.22,22.06,21.95,21.45,22.01,22.63,22.52,20.3,20.5,22.49
T2M,2017,4.5,39.375,24.03,26.5,27.52,26.13,24.04,23.89,23.35,23.9,24.48,24.36,22.33,22.64,24.42
T2M,2017,4.5,40.0,23.24,25.5,26.45,25.33,23.57,23.16,22.38,23.09,23.64,23.61,21.61,21.92,23.61
T2M,2017,4.5,40.625,24.31,26.99,27.74,26.88,25.14,25.04,24.21,25.0,25.5,25.32,22.55,22.87,25.12
T2M,2017,4.5,41.25,24.52,27.74,28.42,27.98,26.11,25.81,24.86,25.89,26.41,26.46,23.27,22.98,25.86
T2M,2017,4.5,41.875,27.92,31.4,31.89,31.51,29.68,29.37,28.59,29.44,30.15,29.96,26.47,25.99,29.35
T2M,2018,-0.5,34.375,24.01,26.52,22.21,21.49,22.4,22.32,22.01,22.79,24.52,23.95,24.16,23.48,23.3
T2M,2018,-0.5,35.0,19.76,21.84,19.51,18.53,19.18,18.54,17.98,18.59,19.84,20.17,20.56,19.88,19.51
T2M,2018,-0.5,35.625,14.81,16.87,15.05,14.55,14.43,13.75,12.94,13.26,13.94,14.55,15.23,14.67,14.49
T2M,2018,-0.5,36.25,15.65,16.98,15.6,15.19,14.74,13.99,13.08,13.45,14.14,14.88,15.55,15.14,14.85
T2M,2018,-0.5,36.875,16.58,17.36,16.38,16.09,15.36,14.53,13.61,14.04,14.96,15.68,16.2,15.9,15.54
T2M,2018,-0.5,37.5,21.58,22.29,20.76,19.84,18.9,17.75,17.09,17.75,19.29,20.25,20.65,20.09,19.67
T2M,2018,-0.5,38.125,25.93,27.06,24.82,23.81,23.46,22.74,22.56,23.44,25.02,25.4,25.13,24.52,24.47
T2M,2018,-0.5,38.75,28.17,29.35,26.79,25.6,25.1,24.53,24.37,25.04,26.5,26.98,27.53,26.78,26.37
T2M,2018,-0.5,39.375,29.38,30.51,28.43,26.95,26.34,25.48,25.1,25.88,27.23,27.78,29.4,29.17,27.62
T2M,2018,-0.5,40.0,29.8,30.82,28.99,27.25,26.41,25.49,25.12,25.89,27.33,28.05,29.77,29.7,27.87
T2M,2018,-0.5,40.625,29.85,30.59,29.31,27.15,25.97,25.01,24.55,25.3,26.96,27.88,29.61,29.92,27.66
T2M,2018,-0.5,41.25,29.74,30.22,29.4,27.31,26.12,25.15,24.69,25.6,27.26,28.12,29.69,29.96,27.76
T2M,2018,-0.5,41.875,28.81,29.19,29.64,27.91,26.51,25.55,25.05,25.63,26.97,27.92,29.36,29.56,27.67
T2M,2018,-1.0,34.375,21.96,24.83,20.58,20.12,20.55,20.18,19.9,20.69,22.94,23.22,23.06,21.51,21.6
T2M,2018,-1.0,35.0,19.35,22.04,18.47,17.66,17.66,17.09,16.3,17.15,18.42,19.36,19.98,18.99,18.51
T2M,2018,-1.0,35.625,19.74,21.62,18.05,16.99,16.21,15.5,14.58,15.37,16.68,18.0,19.08,18.3,17.48
T2M,2018,-1.0,36.25,19.23,20.01,17.34,16.54,15.51,14.66,13.81,14.54,16.06,17.26,18.11,17.53,16.69
T2M,2018,-1.0,36.875,20.31,20.86,18.57,17.93,16.99,16.2,15.53,16.72,18.74,19.57,19.47,18.54,18.27
T2M,2018,-1.0,37.5,23.54,24.22,22.17,21.25,20.11,19.02,18.75,19.7,21.56,22.4,22.77,21.95,21.43
T2M,2018,-1.0,38.125,25.23,26.07,24.06,23.25,22.85,21.89,21.35,21.98,23.62,24.02,24.46,23.99,23.55
T2M,2018,-1.0,38.75,28.51,29.45,26.88,25.58,25.11,24.72,24.37,24.97,26.34,26.69,27.6,27.19,26.43
T2M,2018,-1.0,39.375,29.83,30.67,28.42,26.83,26.14,25.27,25.05,25.84,27.13,27.55,29.49,29.58,27.63
T2M,2018,-1.0,40.0,30.27,31.01,29.11,27.18,26.33,25.43,25.19,25.99,27.35,27.91,29.79,30.12,27.95
T2M,2018,-1.0,40.625,29.78,30.34,29.33,27.06,25.8,24.73,24.25,24.9,26.5,27.41,29.28,29.78,27.41
T2M,2018,-1.0,41.25,29.21,29.63,29.24,27.16,25.99,24.82,24.28,25.04,26.7,27.58,29.32,29.54,27.36
T2M,2018,-1.0,41.875,27.2,27.79,28.65,27.8,26.86,25.67,24.99,25.25,26.3,27.08,28.37,28.44,27.03
T2M,2018,-1.5,34.375,21.99,25.34,20.58,20.19,20.43,21.04,21.63,22.69,25.14,24.41,23.67,21.66,22.37
T2M,2018,-1.5,35.0,20.9,23.52,19.08,18.54,18.34,18.18,18.11,19.58,21.6,22.19,22.09,20.31,20.18
T2M,2018,-1.5,35.625,19.15,20.63,17.39,16.72,15.79,15.06,14.41,15.85,17.69,18.59,19.27,18.52,17.4
T2M,2018,-1.5,36.25,24.45,25.08,21.23,20.47,19.1,18.63,18.72,20.27,22.23,23.16,23.53,22.63,21.6
T2M,2018,-1.5,36.875,21.99,22.27,19.4,18.83,17.89,17.68,17.52,18.84,20.47,20.78,21.0,20.07,19.71
T2M,2018,-1.5,37.5,22.82,23.4,21.3,20.36,19.14,18.26,18.14,19.02,20.99,21.64,22.09,21.53,20.71
T2M,2018,-1.5,38.125,25.07,26.01,24.47,23.32,22.34,21.18,20.98,21.64,23.32,24.02,24.66,24.34,23.43
T2M,2018,-1.5,38.75,28.4,29.24,26.94,25.68,25.05,24.49,24.13,24.7,26.11,26.48,27.63,27.59,26.35
T2M,2018,-1.5,39.375,29.74,30.5,28.39,26.76,25.8,25.05,24.77,25.5,26.83,27.28,29.06,29.58,27.42
T2M,2018,-1.5,40.0,30.27,30.96,28.92,26.98,25.87,24.77,24.66,25.62,27.03,27.46,29.33,30.29,27.66
T2M,2018,-1.5,40.625,29.66,30.21,29.27,27.18,25.84,24.69,24.17,24.66,26.15,27.12,28.94,29.81,27.29
T2M,2018,-1.5,41.25,28.56,29.12,28.88,27.22,26.16,24.95,24.29,24.87,26.42,27.27,28.89,29.39,27.16
T2M,2018,-1.5,41.875,25.8,26.58,27.72,27.86,27.34,26.07,25.28,25.12,25.85,26.56,27.61,27.69,26.62
T2M,2018,-1.7975103014118005e-13,34.375,23.16,24.95,22.17,21.17,21.96,21.74,21.49,21.88,23.57,22.9,23.22,22.88,22.57
T2M,2018,-1.7975103014118005e-13,35.0,20.15,21.7,20.15,19.16,19.65,18.99,18.61,19.04,20.36,20.39,20.78,20.23,19.92
T2M,2018,-1.7975103014118005e-13,35.625,14.76,16.22,15.67,15.46,15.51,14.76,14.21,14.38,15.11,15.57,15.87,15.21,15.22
T2M,2018,-1.7975103014118005e-13,36.25,17.81,19.53,17.91,17.45,17.45,16.43,15.88,16.16,17.03,17.65,18.04,17.44,17.38
T2M,2018,-1.7975103014118005e-13,36.875,17.41,18.42,17.79,17.5,17.17,16.25,15.6,15.93,17.09,17.87,18.05,17.45,17.2
T2M,2018,-1.7975103014118005e-13,37.5,17.21,18.41,17.6,17.17,16.7,15.67,15.03,15.54,16.81,17.49,17.66,17.21,16.86
T2M,2018,-1.7975103014118005e-13,38.125,26.22,27.35,25.46,24.13,23.5,22.7,23.02,24.19,25.86,26.27,25.73,25.44,24.97
T2M,2018,-1.7975103014118005e-13,38.75,28.33,29.87,27.65,26.19,25.68,25.22,25.14,25.87,27.35,27.94,28.37,27.88,27.11
T2M,2018,-1.7975103014118005e-13,39.375,29.18,30.7,28.75,27.28,26.61,25.91,25.51,26.22,27.69,28.38,29.57,29.48,27.92
T2M,2018,-1.7975103014118005e-13,40.0,29.47,30.93,29.26,27.59,26.67,25.86,25.44,26.12,27.68,28.54,29.92,29.98,28.1
T2M,2018,-1.7975103014118005e-13,40.625,29.85,30.91,29.31,27.37,26.33,25.49,25.09,25.95,27.69,28.67,30.07,30.22,28.06
T2M,2018,-1.7975103014118005e-13,41.25,29.94,30.72,29.42,27.49,26.46,25.71,25.33,26.25,27.93,28.81,30.07,30.35,28.19
T2M,2018,-1.7975103014118005e-13,41.875,29.66,30.18,30.14,28.02,26.49,25.81,25.46,26.17,27.7,28.68,30.06,30.21,28.2
T2M,2018,-2.0,34.375,21.96,25.37,20.76,20.47,20.6,21.63,22.36,23.58,25.77,24.97,24.22,22.18,22.8
T2M,2018,-2.0,35.0,20.67,23.32,19.11,18.78,18.48,18.73,18.77,20.44,22.41,22.34,22.21,20.74,20.48
T2M,2018,-2.0,35.625,19.62,21.13,17.79,17.39,16.21,15.62,15.24,16.89,18.89,19.28,19.65,19.33,18.06
T2M,2018,-2.0,36.25,26.14,27.37,23.27,22.68,21.5,21.42,21.5,23.18,25.09,25.49,25.79,25.04,24.02
T2M,2018,-2.0,36.875,22.68,23.08,19.77,19.18,18.3,18.03,17.75,19.23,20.67,20.92,21.34,20.74,20.12
T2M,2018,-2.0,37.5,23.45,24.19,21.44,20.66,19.61,18.94,18.84,19.8,21.6,22.04,22.68,22.18,21.27
T2M,2018,-2.0,38.125,25.35,26.32,24.43,23.39,22.48,21.42,21.19,21.9,23.66,24.14,25.09,24.73,23.66
T2M,2018,-2.0,38.75,28.37,29.17,26.59,25.51,24.71,24.03,23.69,24.28,25.68,25.99,27.36,27.36,26.04
T2M,2018,-2.0,39.375,29.49,30.2,28.16,26.72,25.49,24.47,24.23,24.99,26.37,26.79,28.57,29.11,27.03
T2M,2018,-2.0,40.0,29.94,30.51,29.03,27.16,25.83,24.75,24.71,25.6,26.84,27.27,29.11,29.96,27.54
T2M,2018,-2.0,40.625,29.07,29.55,29.07,27.34,26.17,24.98,24.4,24.75,26.08,26.93,28.59,29.45,27.18
T2M,2018,-2.0,41.25,26.75,27.5,28.25,27.78,26.94,25.73,24.98,24.98,25.93,26.72,28.02,28.39,26.82
T2M,2018,-2.0,41.875,25.18,26.08,27.27,28.06,27.78,26.47,25.6,25.16,25.61,26.34,27.28,27.38,26.52
T2M,2018,-2.5,34.375,20.86,23.8,20.13,20.0,19.88,20.5,21.07,23.24,25.28,24.29,23.21,21.3,21.95
T2M,2018,-2.5,35.0,19.29,21.71,18.56,18.3,17.76,17.77,17.86,19.85,21.95,21.65,21.11,19.97,19.63
T2M,2018,-2.5,35.625,21.5,23.18,19.77,19.57,18.41,18.12,18.1,20.22,22.29,22.18,21.89,21.6,20.55
T2M,2018,-2.5,36.25,24.33,26.14,22.49,21.99,20.96,20.49,20.59,22.4,24.72,24.58,24.53,24.1,23.09
T2M,2018,-2.5,36.875,23.02,24.29,20.74,20.42,19.93,19.07,18.96,21.09,22.95,22.43,22.24,21.69,21.38
T2M,2018,-2.5,37.5,22.87,24.35,21.38,20.97,20.14,19.45,19.46,20.52,22.24,21.81,22.23,21.91,21.42
T2M,2018,-2.5,38.125,24.87,26.16,23.76,23.05,22.23,21.11,20.76,21.58,23.36,23.67,24.63,24.26,23.27
T2M,2018,-2.5,38.75,28.14,29.04,26.19,25.34,24.44,23.51,23.25,23.85,25.33,25.33,26.81,26.84,25.65
T2M,2018,-2.5,39.375,28.99,29.7,27.62,26.56,25.13,23.84,23.59,24.29,25.73,25.95,27.72,28.18,26.42
T2M,2018,-2.5,40.0,28.69,29.27,28.51,27.13,25.68,24.51,24.34,25.1,26.17,26.52,28.28,28.85,26.91
T2M,2018,-2.5,40.625,27.26,27.89,28.28,27.74,26.89,25.67,24.95,24.99,25.88,26.5,27.86,28.51,26.86
T2M,2018,-2.5,41.25,25.42,26.28,27.32,28.11,27.75,26.48,25.57,25.18,25.56,26.26,27.26,27.54,26.56
T2M,2018,-2.5,41.875,25.24,26.16,27.27,28.1,27.79,26.5,25.62,25.17,25.58,26.35,27.36,27.59,26.56
T2M,2018,-3.0,34.375,20.14,22.37,19.91,19.78,19.51,19.49,19.82,22.39,24.54,24.19,22.89,20.84,21.31
T2M,2018,-3.0,35.0,18.95,20.5,18.72,18.49,17.7,16.95,17.28,19.48,21.74,21.45,20.74,19.74,19.3
T2M,2018,-3.0,35.625,16.45,17.28,16.16,16.11,15.07,13.86,13.64,15.0,17.04,16.92,16.97,16.95,15.94
T2M,2018,-3.0,36.25,21.91,23.46,21.13,20.32,19.05,18.23,18.51,20.12,22.33,22.12,22.45,22.39,20.98
T2M,2018,-3.0,36.875,20.67,21.8,20.15,19.7,18.38,16.74,16.26,17.55,19.75,19.45,20.63,20.65,19.29
T2M,2018,-3.0,37.5,17.22,18.35,17.27,16.86,15.88,14.58,13.99,14.85,16.65,16.72,17.36,17.49,16.42
T2M,2018,-3.0,38.125,24.25,25.6,23.21,22.6,21.74,20.68,20.2,20.88,22.5,22.65,23.88,23.74,22.64
T2M,2018,-3.0,38.75,27.68,28.64,25.52,24.81,23.82,22.85,22.54,23.19,24.67,24.48,26.1,26.19,25.02
T2M,2018,-3.0,39.375,28.65,29.37,27.28,26.36,24.82,23.42,23.11,23.77,25.16,25.23,27.11,27.61,25.97
T2M,2018,-3.0,40.0,27.61,28.31,27.91,27.16,25.95,24.81,24.54,25.05,25.85,26.04,27.63,27.98,26.56
T2M,2018,-3.0,40.625,25.98,26.73,27.54,28.03,27.62,26.37,25.48,25.18,25.6,26.19,27.26,27.73,26.64
T2M,2018,-3.0,41.25,25.71,26.49,27.39,28.18,27.78,26.52,25.58,25.16,25.54,26.27,27.33,27.77,26.64
T2M,2018,-3.0,41.875,25.5,26.38,27.33,28.14,27.77,26.5,25.63,25.17,25.54,26.35,27.4,27.84,26.63
T2M,2018,-3.5,34.375,21.15,22.74,20.96,20.95,20.48,20.28,20.92,23.17,25.06,25.07,24.29,22.09,22.26
T2M,2018,-3.5,35.0,20.67,22.2,20.15,19.94,19.05,18.05,18.38,20.09,22.14,22.31,22.34,21.31,20.54
T2M,2018,-3.5,35.625,19.82,21.55,19.12,18.61,17.61,16.44,16.55,17.91,19.98,20.03,20.42,20.18,19.0
T2M,2018,-3.5,36.25,21.88,23.6,21.16,20.34,19.24,18.52,18.79,20.19,22.19,21.99,22.43,22.38,21.04
T2M,2018,-3.5,36.875,22.34,24.04,21.39,20.26,19.07,17.59,17.66,18.91,21.13,21.16,21.82,22.27,20.61
T2M,2018,-3.5,37.5,25.24,26.87,23.19,22.0,20.93,19.53,19.57,20.82,23.0,23.11,24.62,24.87,22.78
T2M,2018,-3.5,38.125,24.01,25.2,22.4,21.72,20.55,19.53,19.13,19.9,21.36,21.31,23.06,23.16,21.75
T2M,2018,-3.5,38.75,25.75,26.93,24.72,23.82,22.83,21.49,21.16,21.7,23.07,23.12,24.72,25.05,23.67
T2M,2018,-3.5,39.375,27.89,28.55,26.78,25.7,24.38,22.92,22.58,23.05,24.36,24.47,26.15,26.9,25.29
T2M,2018,-3.5,40.0,27.06,27.75,27.73,27.46,26.77,25.66,25.13,25.18,25.71,25.96,27.25,27.77,26.61
T2M,2018,-3.5,40.625,26.2,26.91,27.61,28.06,27.72,26.45,25.53,25.19,25.55,26.16,27.26,27.86,26.71
T2M,2018,-3.5,41.25,26.11,26.81,27.54,28.2,27.78,26.52,25.58,25.15,25.53,26.26,27.38,28.01,26.74
T2M,2018,-3.5,41.875,25.84,26.68,27.45,28.17,27.75,26.48,25.61,25.17,25.5,26.33,27.42,28.0,26.7
T2M,2018,-4.0,34.375,21.51,22.92,21.35,21.52,20.93,20.11,20.55,22.91,25.09,25.45,24.96,22.6,22.48
T2M,2018,-4.0,35.0,20.1,21.92,19.75,19.82,19.0,18.08,18.17,19.76,21.68,21.93,22.39,21.01,20.29
T2M,2018,-4.0,35.625,19.8,21.71,19.28,18.91,17.91,16.81,16.87,18.01,19.94,20.2,21.06,20.47,19.23
T2M,2018,-4.0,36.25,21.89,23.92,21.26,20.7,19.54,18.68,18.78,19.97,22.04,22.12,22.93,22.63,21.18
T2M,2018,-4.0,36.875,22.65,24.34,21.38,20.52,19.45,18.27,18.24,19.1,21.17,21.46,22.69,22.77,20.98
T2M,2018,-4.0,37.5,24.24,26.28,22.78,21.88,20.77,19.34,19.27,20.26,22.36,22.5,24.02,24.15,22.29
T2M,2018,-4.0,38.125,25.7,26.9,23.63,22.76,21.53,20.29,19.99,21.0,22.71,22.51,24.35,24.87,22.99
T2M,2018,-4.0,38.75,26.55,27.59,25.03,23.87,22.78,21.53,21.3,21.97,23.3,23.1,24.98,25.72,23.95
T2M,2018,-4.0,39.375,27.97,28.55,27.24,25.91,24.78,23.38,23.04,23.48,24.78,24.85,26.53,27.37,25.64
T2M,2018,-4.0,40.0,26.66,27.33,27.87,27.87,27.48,26.27,25.46,25.24,25.61,26.03,27.15,27.83,26.73
T2M,2018,-4.0,40.625,26.5,27.14,27.85,28.1,27.75,26.46,25.53,25.19,25.53,26.15,27.29,28.05,26.79
T2M,2018,-4.0,41.25,26.38,27.04,27.75,28.19,27.77,26.5,25.56,25.15,25.51,26.22,27.41,28.13,26.8
T2M,2018,-4.0,41.875,26.13,26.93,27.62,28.17,27.74,26.45,25.59,25.16,25.47,26.27,27.44,28.08,26.75
T2M,2018,-4.5,34.375,20.36,22.12,20.38,20.39,19.62,18.11,18.06,20.22,22.6,23.48,23.61,21.63,20.87
T2M,2018,-4.5,35.0,19.2,21.64,19.03,18.89,18.1,16.95,16.85,18.43,20.35,20.66,21.43,20.15,19.29
T2M,2018,-4.5,35.625,19.84,22.25,19.47,19.09,18.12,17.18,16.98,18.12,19.86,20.26,21.3,20.75,19.41
T2M,2018,-4.5,36.25,21.97,24.45,21.43,20.88,19.91,18.9,18.84,19.97,21.88,22.14,23.13,22.92,21.34
T2M,2018,-4.5,36.875,22.17,24.22,21.25,20.43,19.49,18.2,18.01,18.98,20.68,21.13,22.45,22.75,20.79
T2M,2018,-4.5,37.5,23.61,25.63,22.64,21.52,20.53,18.91,18.71,19.49,21.38,21.84,23.26,23.8,21.75
T2M,2018,-4.5,38.125,24.04,25.67,23.0,21.84,20.69,18.75,18.56,19.37,21.31,21.52,22.96,23.61,21.75
T2M,2018,-4.5,38.75,26.46,27.67,25.48,24.23,23.14,21.58,21.51,22.07,23.49,23.59,25.03,25.87,24.15
T2M,2018,-4.5,39.375,27.73,28.45,27.88,26.91,26.14,24.93,24.6,24.85,25.57,25.68,27.05,27.86,26.46
T2M,2018,-4.5,40.0,26.69,27.35,27.95,27.99,27.66,26.42,25.55,25.27,25.61,26.1,27.25,27.98,26.81
T2M,2018,-4.5,40.625,26.72,27.28,28.03,28.1,27.76,26.44,25.51,25.17,25.51,26.14,27.37,28.16,26.85
T2M,2018,-4.5,41.25,26.57,27.18,27.98,28.17,27.77,26.46,25.52,25.14,25.47,26.19,27.43,28.18,26.84
T2M,2018,-4.5,41.875,26.35,27.1,27.83,28.15,27.73,26.43,25.55,25.14,25.44,26.21,27.46,28.11,26.79
T2M,2018,0.5,34.375,21.95,24.37,21.69,20.5,20.71,20.25,19.96,20.51,22.04,21.57,22.02,21.86,21.43
T2M,2018,0.5,35.0,18.27,20.15,18.93,18.23,18.26,17.48,17.14,17.55,18.95,18.73,19.02,18.56,18.43
T2M,2018,0.5,35.625,19.21,20.87,19.42,18.5,18.58,17.48,17.22,17.45,18.67,18.82,18.97,18.55,18.63
T2M,2018,0.5,36.25,22.28,23.64,21.74,20.68,20.58,19.51,19.18,19.88,21.86,22.4,22.33,21.76,21.3
T2M,2018,0.5,36.875,19.96,21.12,19.71,19.21,19.08,18.02,17.75,18.71,20.54,20.81,20.31,19.69,19.56
T2M,2018,0.5,37.5,22.97,24.22,22.76,21.66,21.38,20.43,20.75,21.7,23.19,23.55,23.15,22.77,22.37
T2M,2018,0.5,38.125,25.89,27.34,25.59,23.94,23.51,22.88,23.16,24.14,25.7,26.17,26.01,25.77,24.99
T2M,2018,0.5,38.75,27.98,29.8,27.89,26.38,25.97,25.49,25.3,26.01,27.51,28.13,28.51,28.34,27.26
T2M,2018,0.5,39.375,29.26,30.94,28.79,27.22,26.48,26.09,25.86,26.63,28.2,28.9,29.64,29.65,28.12
T2M,2018,0.5,40.0,29.7,31.2,28.97,27.31,26.54,26.15,25.85,26.61,28.3,29.16,30.05,29.99,28.3
T2M,2018,0.5,40.625,29.99,31.24,29.28,27.32,26.59,26.21,25.85,26.7,28.47,29.44,30.34,30.27,28.46
T2M,2018,0.5,41.25,29.97,31.06,29.81,27.83,27.11,26.45,26.0,26.8,28.38,29.34,30.39,30.42,28.61
T2M,2018,0.5,41.875,29.89,30.72,30.47,28.28,26.92,26.35,25.98,26.71,28.35,29.25,30.49,30.35,28.63
T2M,2018,1.0,34.375,18.13,20.62,18.17,17.45,17.33,16.74,16.29,16.68,18.0,17.82,18.11,17.87,17.75
T2M,2018,1.0,35.0,16.74,18.86,17.36,16.84,16.59,15.92,15.69,15.97,17.2,16.82,17.2,16.74,16.81
T2M,2018,1.0,35.625,21.25,22.45,20.52,19.54,19.32,18.43,18.74,19.92,21.82,21.58,21.57,20.9,20.49
T2M,2018,1.0,36.25,24.69,25.7,23.99,22.7,22.44,21.49,21.62,23.01,24.63,24.72,24.56,23.99,23.61
T2M,2018,1.0,36.875,20.73,21.76,20.81,20.04,19.74,19.09,19.17,20.15,21.18,21.51,21.11,20.58,20.48
T2M,2018,1.0,37.5,24.38,25.9,24.36,23.0,22.8,22.09,22.51,23.58,24.86,25.19,24.8,24.47,23.98
T2M,2018,1.0,38.125,27.36,28.96,27.2,25.89,26.12,25.21,25.12,26.02,27.45,27.95,27.81,27.59,26.88
T2M,2018,1.0,38.75,28.94,30.69,28.72,27.48,27.5,26.72,26.4,27.08,28.56,29.18,29.42,29.31,28.32
T2M,2018,1.0,39.375,29.58,31.1,28.76,27.1,26.74,26.37,26.2,27.01,28.56,29.24,29.68,29.56,28.31
T2M,2018,1.0,40.0,29.77,31.18,28.41,26.55,26.02,26.1,25.94,26.81,28.58,29.38,29.86,29.58,28.16
T2M,2018,1.0,40.625,30.02,31.41,29.19,27.06,26.38,26.31,26.17,27.1,28.91,29.71,30.11,29.84,28.5
T2M,2018,1.0,41.25,30.23,31.48,30.14,28.01,27.25,26.55,26.22,27.23,28.89,29.71,30.35,30.06,28.83
T2M,2018,1.0,41.875,30.14,31.21,30.84,28.36,26.85,26.69,26.48,27.2,28.89,29.68,30.62,30.2,28.91
T2M,2018,1.5,34.375,24.02,26.05,22.29,21.1,20.71,20.0,19.91,20.6,22.48,22.19,22.84,22.72,22.05
T2M,2018,1.5,35.0,21.8,23.53,21.05,19.83,19.48,18.72,18.64,19.51,21.27,21.21,21.46,21.11,20.61
T2M,2018,1.5,35.625,25.05,26.23,24.4,22.97,23.03,22.33,22.63,24.11,26.06,25.6,25.29,24.58,24.34
T2M,2018,1.5,36.25,27.53,28.45,26.77,25.66,25.62,24.92,25.23,26.74,28.23,28.14,27.82,27.05,26.84
T2M,2018,1.5,36.875,23.33,24.44,23.34,22.31,22.12,21.64,21.72,22.75,23.95,24.04,23.63,23.26,23.03
T2M,2018,1.5,37.5,25.82,27.18,25.92,24.61,24.6,23.92,24.09,25.12,26.55,26.72,26.49,26.08,25.58
T2M,2018,1.5,38.125,28.03,29.78,28.06,26.91,27.55,26.52,26.2,26.93,28.35,28.77,28.87,28.47,27.86
T2M,2018,1.5,38.75,29.08,30.85,28.48,27.26,27.55,26.88,26.75,27.48,28.89,29.3,29.59,29.18,28.42
T2M,2018,1.5,39.375,29.13,30.85,28.33,26.6,26.21,25.89,25.94,26.86,28.54,29.16,29.49,28.96,27.98
T2M,2018,1.5,40.0,29.61,31.06,28.81,26.86,26.4,26.1,26.0,27.02,28.76,29.38,29.61,29.1,28.21
T2M,2018,1.5,40.625,29.7,31.34,29.29,27.04,26.27,25.97,26.06,27.18,29.02,29.67,29.57,29.1,28.33
T2M,2018,1.5,41.25,29.73,31.58,30.46,27.8,26.76,26.67,26.45,27.32,29.05,29.79,30.12,29.46,28.75
T2M,2018,1.5,41.875,29.94,31.34,30.71,27.93,26.29,26.58,26.51,27.37,29.04,29.65,30.03,29.64,28.74
T2M,2018,2.0,34.375,26.43,27.83,24.61,23.19,22.65,21.9,22.23,23.52,25.49,25.14,25.81,25.23,24.48
T2M,2018,2.0,35.0,24.46,25.81,23.51,21.97,21.7,20.99,21.18,22.56,24.53,24.38,24.53,23.72,23.26
T2M,2018,2.0,35.625,27.92,29.04,27.3,26.01,26.3,25.44,25.78,27.22,29.11,28.7,28.57,27.51,27.4
T2M,2018,2.0,36.25,29.76,30.78,28.98,27.98,28.15,27.51,27.93,29.52,30.88,30.7,30.42,29.44,29.33
T2M,2018,2.0,36.875,23.72,24.74,23.61,22.52,22.41,21.88,21.85,22.85,24.16,24.12,24.09,23.62,23.29
T2M,2018,2.0,37.5,26.98,28.32,26.88,25.3,25.31,24.74,24.83,25.82,27.27,27.41,27.53,27.09,26.44
T2M,2018,2.0,38.125,27.77,29.45,27.56,26.0,26.5,25.76,25.65,26.45,27.92,28.03,28.27,27.83,27.25
T2M,2018,2.0,38.75,28.8,30.61,28.41,26.73,26.86,26.21,26.1,26.97,28.57,28.85,29.16,28.67,27.98
T2M,2018,2.0,39.375,28.99,30.68,28.27,26.24,25.69,25.23,25.47,26.48,28.42,28.86,28.78,28.28,27.6
T2M,2018,2.0,40.0,28.98,30.57,28.24,26.17,25.51,25.19,25.28,26.39,28.32,28.74,28.56,28.12,27.49
T2M,2018,2.0,40.625,29.06,30.7,28.29,26.2,25.51,25.3,25.59,26.77,28.48,28.86,27.96,27.83,27.53
T2M,2018,2.0,41.25,29.22,31.27,29.59,26.94,25.97,25.97,26.04,27.12,28.93,29.42,28.83,28.54,28.13
T2M,2018,2.0,41.875,29.36,31.22,30.24,27.45,26.04,26.33,26.54,27.31,29.02,29.34,28.8,29.15,28.38
T2M,2018,2.5,34.375,25.49,26.75,24.39,22.84,22.67,21.89,22.48,23.76,25.41,25.01,25.75,24.83,24.26
T2M,2018,2.5,35.0,25.63,26.85,25.12,23.46,23.39,22.62,22.99,24.25,25.95,25.88,26.22,25.15,24.78
T2M,2018,2.5,35.625,28.59,29.78,28.06,26.85,27.02,26.14,26.43,27.68,29.64,29.41,29.47,28.28,28.1
T2M,2018,2.5,36.25,30.01,30.94,29.3,28.39,28.68,28.07,28.25,29.47,30.65,30.64,30.68,29.8,29.56
T2M,2018,2.5,36.875,26.85,27.59,26.12,24.8,24.89,24.25,24.16,25.26,26.5,26.6,26.89,26.42,25.85
T2M,2018,2.5,37.5,28.95,30.0,28.01,26.3,26.66,26.24,26.36,27.29,28.58,28.59,28.96,28.55,27.86
T2M,2018,2.5,38.125,27.83,28.97,26.89,24.87,25.38,24.86,24.66,25.64,27.13,27.16,27.35,27.18,26.48
T2M,2018,2.5,38.75,28.98,30.29,27.96,25.76,26.04,25.63,25.54,26.45,28.16,28.3,28.33,28.21,27.45
T2M,2018,2.5,39.375,28.92,30.19,27.95,25.58,25.06,24.86,24.96,26.0,27.96,28.16,27.99,27.86,27.1
T2M,2018,2.5,40.0,28.14,29.74,27.57,25.41,24.71,24.37,24.49,25.62,27.57,27.87,27.43,27.31,26.67
T2M,2018,2.5,40.625,27.82,29.84,27.93,25.81,25.19,24.92,25.1,26.25,27.86,28.18,27.33,27.18,26.93
T2M,2018,2.5,41.25,28.38,30.54,29.5,26.6,25.96,25.88,25.72,26.67,28.34,28.77,28.35,28.2,27.72
T2M,2018,2.5,41.875,27.93,30.5,29.9,26.89,25.94,25.95,25.86,26.65,28.31,28.55,28.0,27.97,27.69
T2M,2018,3.0,34.375,24.26,25.4,23.03,21.44,21.35,20.67,20.74,21.93,23.34,23.26,24.24,23.71,22.76
T2M,2018,3.0,35.0,27.07,27.91,26.19,24.24,24.25,23.89,24.41,25.58,27.01,26.93,27.47,26.45,25.94
T2M,2018,3.0,35.625,29.61,30.74,29.06,27.69,28.5,27.94,28.0,29.12,30.26,30.29,30.66,29.36,29.26
T2M,2018,3.0,36.25,30.43,31.37,29.81,28.56,29.14,28.46,28.35,29.28,30.41,30.61,31.05,30.33,29.81
T2M,2018,3.0,36.875,29.45,30.39,28.36,26.84,27.54,27.0,27.04,27.98,29.15,29.23,29.57,29.17,28.46
T2M,2018,3.0,37.5,29.82,30.71,28.42,26.51,27.33,26.96,26.95,27.87,29.2,29.13,29.34,29.27,28.45
T2M,2018,3.0,38.125,28.97,29.66,27.34,25.29,25.84,25.3,25.02,26.17,27.75,27.66,27.67,27.88,27.03
T2M,2018,3.0,38.75,28.94,29.7,27.14,24.9,25.18,24.83,24.72,25.88,27.61,27.47,27.27,27.77,26.77
T2M,2018,3.0,39.375,28.29,29.35,27.26,24.78,24.38,24.31,24.16,25.26,27.22,27.21,27.07,27.35,26.37
T2M,2018,3.0,40.0,27.34,28.9,26.96,24.79,24.18,24.01,23.91,25.08,27.02,27.1,26.63,26.79,26.04
T2M,2018,3.0,40.625,26.96,29.28,28.0,25.81,25.36,24.91,24.84,25.93,27.52,27.81,27.17,27.13,26.71
T2M,2018,3.0,41.25,27.37,30.1,29.36,26.62,26.21,25.84,25.53,26.45,28.06,28.38,27.97,27.93,27.47
T2M,2018,3.0,41.875,26.57,29.85,29.27,26.56,25.94,25.64,25.31,26.15,27.87,27.98,27.21,27.03,27.1
T2M,2018,3.5,34.375,24.74,25.4,23.19,21.42,21.36,20.93,21.36,22.71,23.48,23.38,24.25,23.73,22.98
T2M,2018,3.5,35.0,28.54,29.22,27.28,25.1,25.2,24.99,25.59,26.72,28.25,28.0,28.68,27.74,27.1
T2M,2018,3.5,35.625,29.89,30.8,28.97,27.02,27.71,27.45,27.52,28.92,30.2,30.16,30.68,29.69,29.07
T2M,2018,3.5,36.25,30.22,30.98,29.07,27.54,28.11,27.73,27.5,28.65,29.82,29.91,30.29,29.97,29.14
T2M,2018,3.5,36.875,30.11,30.83,28.45,26.63,27.18,26.97,26.89,28.15,29.57,29.36,29.5,29.54,28.58
T2M,2018,3.5,37.5,29.22,29.48,27.05,25.1,25.65,25.26,25.18,26.27,27.78,27.56,27.76,28.04,27.02
T2M,2018,3.5,38.125,27.99,28.25,26.08,23.85,24.07,23.48,23.15,24.28,26.17,25.89,26.05,26.58,25.47
T2M,2018,3.5,38.75,27.41,27.95,25.69,23.32,22.9,22.47,22.3,23.49,25.44,25.29,25.51,26.29,24.82
T2M,2018,3.5,39.375,25.82,26.86,24.89,22.79,21.98,21.55,21.42,22.64,24.7,24.66,24.63,24.98,23.89
T2M,2018,3.5,40.0,26.44,28.05,26.18,24.07,23.32,23.36,23.27,24.46,26.49,26.4,25.94,26.12,25.32
T2M,2018,3.5,40.625,25.89,28.36,26.89,24.94,24.64,24.35,24.27,25.33,26.95,26.94,26.18,26.35,25.91
T2M,2018,3.5,41.25,26.13,29.36,28.9,26.43,26.17,25.79,25.45,26.39,28.02,28.14,27.57,27.36,27.13
T2M,2018,3.5,41.875,26.78,30.39,29.98,27.18,26.97,26.74,26.38,27.27,29.02,28.95,28.11,27.89,27.95
T2M,2018,4.0,34.375,27.74,27.99,25.79,23.99,23.88,23.61,24.23,25.74,26.53,25.81,26.85,26.34,25.69
T2M,2018,4.0,35.0,29.87,30.22,28.34,26.13,26.19,26.02,26.69,28.17,29.6,28.73,29.75,28.78,28.19
T2M,2018,4.0,35.625,29.08,29.67,28.07,25.73,25.9,25.69,25.97,27.29,28.92,28.7,29.29,28.64,27.73
T2M,2018,4.0,36.25,30.48,31.17,29.33,27.47,27.6,27.56,27.39,28.62,29.94,29.93,30.47,30.38,29.18
T2M,2018,4.0,36.875,29.37,30.04,27.73,25.36,25.26,25.45,25.53,26.85,28.54,28.26,28.58,28.9,27.47
T2M,2018,4.0,37.5,29.11,29.57,27.09,24.56,24.3,24.39,24.4,25.78,27.52,27.34,27.77,28.35,26.66
T2M,2018,4.0,38.125,25.24,25.77,23.6,21.54,20.85,20.25,20.07,21.28,23.18,23.19,23.67,24.42,22.74
T2M,2018,4.0,38.75,23.36,24.08,22.07,20.61,19.76,18.93,18.65,19.78,22.08,21.98,21.93,22.42,21.29
T2M,2018,4.0,39.375,24.24,25.33,23.24,21.72,20.89,20.43,20.21,21.77,23.9,23.55,23.09,23.56,22.64
T2M,2018,4.0,40.0,25.46,27.02,25.03,23.18,22.42,22.41,22.23,23.75,25.71,25.35,25.04,25.52,24.41
T2M,2018,4.0,40.625,24.86,27.38,26.04,24.2,24.03,23.97,23.79,24.93,26.61,26.25,25.63,25.52,25.25
T2M,2018,4.0,41.25,25.69,29.29,28.94,26.53,26.59,26.37,26.02,27.02,28.64,28.43,27.79,27.33,27.37
T2M,2018,4.0,41.875,26.96,31.07,30.77,27.79,27.91,27.88,27.49,28.52,30.23,29.85,29.18,28.87,28.86
T2M,2018,4.5,34.375,29.83,30.0,27.73,25.88,25.92,26.1,26.95,28.24,29.06,27.52,28.97,28.33,27.86
T2M,2018,4.5,35.0,30.19,30.1,28.01,25.95,25.86,25.77,26.71,28.24,29.72,28.27,29.49,28.69,28.07
T2M,2018,4.5,35.625,29.82,29.96,28.28,25.63,25.57,25.42,25.97,27.35,29.26,28.75,29.45,28.92,27.85
T2M,2018,4.5,36.25,30.39,31.2,29.26,26.67,26.4,26.6,27.04,28.45,30.23,29.84,30.68,30.32,28.91
T2M,2018,4.5,36.875,29.26,30.2,28.08,25.57,24.96,25.04,25.28,26.62,28.45,28.31,29.11,29.45,27.51
T2M,2018,4.5,37.5,27.09,27.68,25.1,22.8,22.03,21.88,22.19,23.99,25.84,25.44,26.01,26.73,24.71
T2M,2018,4.5,38.125,22.9,23.37,21.37,19.97,19.3,18.41,18.29,19.56,21.72,21.51,21.63,22.35,20.85
T2M,2018,4.5,38.75,22.98,24.13,22.25,20.8,20.06,19.24,19.22,20.67,23.0,22.6,22.4,22.99,21.68
T2M,2018,4.5,39.375,24.72,26.19,24.11,22.35,21.61,21.5,21.36,23.0,25.09,24.57,24.35,24.88,23.63
T2M,2018,4.5,40.0,23.67,25.23,23.56,21.83,21.2,21.12,20.79,22.3,24.3,23.88,23.68,23.94,22.94
T2M,2018,4.5,40.625,24.3,26.75,25.88,23.88,23.75,23.71,23.31,24.71,26.38,25.78,25.32,25.15,24.9
T2M,2018,4.5,41.25,23.93,27.41,27.28,24.9,24.96,24.86,24.27,25.48,27.11,26.51,26.19,25.63,25.7
T2M,2018,4.5,41.875,27.09,31.06,31.12,27.83,28.13,28.27,27.86,28.91,30.52,29.85,29.36,29.21,29.09
T2M,2019,-0.5,34.375,24.94,26.91,26.06,25.22,23.82,22.34,22.95,23.16,23.88,23.19,22.48,21.96,23.89
T2M,2019,-0.5,35.0,20.52,22.07,22.62,22.58,20.45,18.9,18.93,19.26,19.93,19.85,19.74,19.11,20.32
T2M,2019,-0.5,35.625,14.55,15.56,16.76,17.26,15.35,14.57,13.95,14.35,14.79,15.02,15.32,14.79,15.18
T2M,2019,-0.5,36.25,15.08,15.98,17.26,17.67,15.7,15.3,14.47,14.68,15.22,15.37,15.79,15.49,15.66
T2M,2019,-0.5,36.875,16.06,17.13,18.53,18.69,16.88,16.34,15.73,16.07,16.71,16.35,16.51,16.47,16.78
T2M,2019,-0.5,37.5,20.92,22.28,23.63,23.28,21.02,19.91,19.8,20.1,20.85,20.55,20.23,20.02,21.04
T2M,2019,-0.5,38.125,25.24,27.02,28.27,27.56,25.33,24.78,24.48,24.79,25.71,24.6,24.12,23.62,25.45
T2M,2019,-0.5,38.75,27.93,29.56,30.53,29.34,26.82,26.27,25.9,26.23,27.02,26.1,25.77,25.3,27.21
T2M,2019,-0.5,39.375,30.01,30.92,31.75,30.32,27.14,26.56,26.26,26.81,27.36,26.84,26.98,26.61,28.11
T2M,2019,-0.5,40.0,30.47,31.18,31.97,30.73,27.41,26.59,26.37,26.89,27.51,27.21,27.56,27.4,28.42
T2M,2019,-0.5,40.625,30.55,31.01,31.68,30.95,27.14,25.88,25.7,26.42,27.33,27.19,27.57,27.27,28.2
T2M,2019,-0.5,41.25,30.39,30.73,31.32,30.97,27.35,26.16,25.91,26.66,27.53,27.33,27.81,27.49,28.29
T2M,2019,-0.5,41.875,29.54,29.79,30.41,30.69,28.0,26.64,26.24,26.42,27.26,27.63,28.18,28.21,28.24
T2M,2019,-1.0,34.375,22.71,24.78,24.75,24.5,22.14,20.87,21.74,22.33,22.86,22.72,21.39,20.29,22.57
T2M,2019,-1.0,35.0,19.83,21.84,22.61,22.16,19.27,17.83,17.78,18.54,19.21,19.67,19.12,18.38,19.67
T2M,2019,-1.0,35.625,19.68,21.28,22.78,21.33,18.34,16.67,16.41,17.04,17.71,18.28,18.37,17.68,18.78
T2M,2019,-1.0,36.25,18.49,19.76,20.94,20.22,17.69,16.08,15.79,16.33,17.26,17.4,17.54,17.17,17.88
T2M,2019,-1.0,36.875,19.1,20.49,22.0,21.68,19.36,18.36,18.38,18.89,19.89,19.14,18.78,18.32,19.52
T2M,2019,-1.0,37.5,22.57,24.02,25.36,24.91,22.44,21.16,21.2,21.65,22.66,22.2,21.86,21.37,22.6
T2M,2019,-1.0,38.125,24.84,26.27,27.25,26.25,24.03,23.25,22.94,23.32,24.2,23.44,23.4,23.31,24.36
T2M,2019,-1.0,38.75,28.39,29.74,30.51,29.12,26.37,26.0,25.65,26.0,26.82,25.7,25.65,25.62,27.11
T2M,2019,-1.0,39.375,30.32,31.1,31.82,30.03,26.9,26.74,26.33,26.84,27.32,26.68,26.99,27.02,28.15
T2M,2019,-1.0,40.0,30.78,31.41,32.13,30.54,27.32,26.72,26.54,27.01,27.56,27.07,27.5,27.54,28.49
T2M,2019,-1.0,40.625,30.38,30.73,31.39,30.55,27.0,25.66,25.39,26.07,26.93,26.92,27.4,27.11,27.94
T2M,2019,-1.0,41.25,29.85,30.09,30.73,30.42,27.28,25.85,25.43,26.13,26.94,27.13,27.56,27.27,27.87
T2M,2019,-1.0,41.875,28.19,28.43,29.13,29.82,28.0,26.54,25.94,25.92,26.57,27.32,27.79,27.79,27.61
T2M,2019,-1.5,34.375,22.85,24.63,24.87,24.85,22.7,21.92,22.62,23.62,23.89,23.65,22.12,20.34,23.16
T2M,2019,-1.5,35.0,21.53,23.3,23.89,23.41,20.47,19.3,19.7,20.73,21.39,21.43,20.48,19.07,21.21
T2M,2019,-1.5,35.625,19.47,20.97,21.6,20.8,17.78,16.34,16.51,17.07,18.21,18.21,17.87,17.4,18.5
T2M,2019,-1.5,36.25,23.91,25.36,26.28,25.01,22.02,20.05,20.7,21.55,22.79,22.46,22.16,21.35,22.79
T2M,2019,-1.5,36.875,20.91,22.45,23.56,22.85,20.09,19.03,19.6,20.03,20.98,20.09,19.99,19.77,20.77
T2M,2019,-1.5,37.5,22.17,23.62,24.66,23.95,21.44,20.11,20.36,20.74,21.69,21.06,20.81,20.61,21.75
T2M,2019,-1.5,38.125,24.93,26.24,27.17,26.51,24.19,23.04,22.84,23.32,24.28,23.74,23.54,23.29,24.41
T2M,2019,-1.5,38.75,28.38,29.69,30.38,29.0,26.1,25.69,25.38,25.77,26.59,25.66,25.83,25.9,27.01
T2M,2019,-1.5,39.375,30.09,31.03,31.64,29.77,26.84,26.28,26.16,26.59,27.22,26.55,26.84,27.0,27.98
T2M,2019,-1.5,40.0,30.83,31.42,32.07,30.0,27.1,26.23,26.26,26.8,27.24,26.95,27.28,27.32,28.27
T2M,2019,-1.5,40.625,30.27,30.65,31.33,30.27,27.14,25.69,25.29,25.88,26.7,26.86,27.37,27.21,27.87
T2M,2019,-1.5,41.25,29.4,29.63,30.33,30.01,27.53,25.91,25.48,25.99,26.66,27.1,27.48,27.33,27.72
T2M,2019,-1.5,41.875,27.06,27.31,28.08,29.08,28.17,26.78,25.95,25.63,26.04,27.03,27.59,27.75,27.2
T2M,2019,-1.7975103014118005e-13,34.375,23.8,25.06,25.1,24.36,23.03,21.62,21.85,22.31,22.94,22.47,21.97,21.69,23.0
T2M,2019,-1.7975103014118005e-13,35.0,20.86,22.2,22.79,22.76,20.92,19.22,19.24,19.53,20.2,20.23,20.13,19.58,20.63
T2M,2019,-1.7975103014118005e-13,35.625,15.25,16.31,17.46,18.25,16.37,15.58,15.04,15.38,16.02,15.79,15.93,15.24,16.05
T2M,2019,-1.7975103014118005e-13,36.25,17.96,19.25,20.52,21.04,18.75,17.79,17.32,17.59,18.36,18.01,17.95,17.29,18.48
T2M,2019,-1.7975103014118005e-13,36.875,17.77,18.85,20.15,20.6,18.99,18.39,17.75,18.02,18.65,18.2,18.0,17.33,18.55
T2M,2019,-1.7975103014118005e-13,37.5,17.59,18.9,20.0,20.06,18.49,17.73,17.28,17.69,18.39,17.55,17.31,16.98,18.16
T2M,2019,-1.7975103014118005e-13,38.125,25.76,27.36,28.62,28.4,26.39,25.69,25.41,25.82,26.69,25.34,24.73,24.11,26.18
T2M,2019,-1.7975103014118005e-13,38.75,28.49,30.12,31.2,30.4,27.99,27.2,26.8,27.19,27.94,26.99,26.6,25.85,28.05
T2M,2019,-1.7975103014118005e-13,39.375,30.02,31.13,32.0,31.04,27.87,26.83,26.55,27.14,27.84,27.27,27.44,26.69,28.47
T2M,2019,-1.7975103014118005e-13,40.0,30.42,31.31,32.12,31.35,28.01,26.76,26.51,27.08,27.9,27.56,27.91,27.38,28.67
T2M,2019,-1.7975103014118005e-13,40.625,30.72,31.36,32.06,31.49,27.72,26.28,26.21,27.01,27.95,27.23,27.87,27.52,28.6
T2M,2019,-1.7975103014118005e-13,41.25,30.75,31.27,31.88,31.47,27.84,26.67,26.6,27.34,28.16,27.24,28.09,27.92,28.75
T2M,2019,-1.7975103014118005e-13,41.875,30.39,30.75,31.35,31.27,28.22,26.97,26.77,27.05,27.97,27.41,28.23,28.45,28.72
T2M,2019,-2.0,34.375,22.96,24.43,25.13,24.98,23.19,23.17,23.82,24.65,24.7,24.15,22.89,20.79,23.73
T2M,2019,-2.0,35.0,21.62,22.89,23.39,23.26,20.78,19.96,20.58,21.5,22.14,21.62,20.91,19.3,21.48
T2M,2019,-2.0,35.625,20.19,21.31,22.05,21.2,18.28,17.02,17.54,18.1,19.45,18.84,18.65,18.07,19.21
T2M,2019,-2.0,36.25,26.33,27.71,28.31,27.17,24.24,22.71,23.54,24.54,25.76,24.6,24.39,23.59,25.22
T2M,2019,-2.0,36.875,21.83,23.29,24.18,23.12,20.35,19.51,20.13,20.47,21.37,20.1,20.14,20.11,21.2
T2M,2019,-2.0,37.5,22.88,24.32,25.28,24.41,21.7,20.56,21.08,21.3,22.32,21.38,21.36,21.3,22.31
T2M,2019,-2.0,38.125,25.37,26.53,27.39,26.7,24.28,23.4,23.13,23.56,24.54,23.87,23.85,23.7,24.68
T2M,2019,-2.0,38.75,28.4,29.56,30.21,28.78,25.86,25.4,25.08,25.46,26.3,25.39,25.66,25.89,26.81
T2M,2019,-2.0,39.375,29.84,30.7,31.29,29.43,26.63,25.72,25.68,26.2,26.88,26.35,26.68,26.98,27.68
T2M,2019,-2.0,40.0,30.51,31.07,31.6,29.79,27.12,26.17,26.29,26.68,27.23,26.83,27.14,27.35,28.13
T2M,2019,-2.0,40.625,29.75,30.11,30.72,29.78,27.37,25.83,25.41,25.88,26.56,26.82,27.27,27.41,27.73
T2M,2019,-2.0,41.25,27.88,28.11,28.86,29.44,28.04,26.5,25.8,25.76,26.27,26.97,27.61,27.8,27.41
T2M,2019,-2.0,41.875,26.54,26.8,27.64,28.81,28.4,27.08,26.08,25.53,25.82,26.94,27.58,27.85,27.09
T2M,2019,-2.5,34.375,21.78,22.63,23.81,23.55,22.5,22.69,23.49,24.23,24.01,22.99,21.88,20.38,22.83
T2M,2019,-2.5,35.0,20.47,20.98,21.84,22.0,20.16,19.78,20.48,21.12,21.8,20.94,20.38,18.96,20.74
T2M,2019,-2.5,35.625,22.57,23.34,24.67,23.98,20.75,20.22,20.87,21.44,22.96,21.56,21.27,20.33,21.98
T2M,2019,-2.5,36.25,25.16,26.19,27.36,26.37,23.21,22.25,23.03,23.84,25.32,23.89,23.67,22.88,24.42
T2M,2019,-2.5,36.875,22.47,23.78,25.33,24.52,21.85,20.8,21.61,22.41,23.57,21.78,21.49,20.99,22.54
T2M,2019,-2.5,37.5,22.58,23.81,25.25,24.66,21.86,21.1,21.48,22.04,23.01,21.55,21.48,21.42,22.51
T2M,2019,-2.5,38.125,24.81,25.93,27.16,26.31,23.77,23.07,22.98,23.42,24.46,23.51,23.59,23.6,24.37
T2M,2019,-2.5,38.75,27.87,29.08,29.95,28.43,25.52,25.09,24.84,25.23,26.09,25.18,25.39,25.77,26.52
T2M,2019,-2.5,39.375,29.15,30.02,30.76,28.96,26.16,24.81,24.94,25.59,26.31,25.97,26.23,26.69,27.11
T2M,2019,-2.5,40.0,29.29,29.77,30.35,29.53,26.91,25.63,25.77,26.08,26.63,26.35,26.71,27.05,27.49
T2M,2019,-2.5,40.625,28.26,28.5,29.05,29.4,27.81,26.3,25.72,25.76,26.21,26.73,27.33,27.73,27.39
T2M,2019,-2.5,41.25,26.76,26.93,27.69,28.9,28.34,26.98,26.02,25.51,25.82,26.83,27.56,28.0,27.11
T2M,2019,-2.5,41.875,26.68,26.87,27.67,28.86,28.48,27.1,26.1,25.52,25.83,26.92,27.59,27.93,27.13
T2M,2019,-3.0,34.375,21.16,21.58,22.7,23.07,21.92,22.03,22.49,23.48,23.7,23.2,22.08,20.39,22.32
T2M,2019,-3.0,35.0,19.88,20.23,20.93,21.56,19.91,19.57,20.22,21.03,21.94,20.97,20.48,19.28,20.5
T2M,2019,-3.0,35.625,17.19,17.52,18.0,18.08,16.03,15.44,15.67,16.59,17.96,17.0,17.04,16.77,16.93
T2M,2019,-3.0,36.25,22.76,23.62,25.33,24.51,21.04,20.24,20.9,21.73,22.98,21.75,21.76,21.23,22.31
T2M,2019,-3.0,36.875,20.77,21.23,22.31,22.41,19.38,17.79,17.8,18.67,20.08,19.92,20.32,20.5,20.09
T2M,2019,-3.0,37.5,17.51,18.03,19.24,19.47,16.94,15.77,15.72,16.41,17.56,17.06,17.32,17.56,17.38
T2M,2019,-3.0,38.125,24.09,25.14,26.28,25.55,22.88,22.27,22.04,22.56,23.57,22.87,23.12,23.36,23.63
T2M,2019,-3.0,38.75,27.16,28.28,29.4,27.81,24.77,24.38,24.18,24.61,25.53,24.63,24.87,25.3,25.89
T2M,2019,-3.0,39.375,28.53,29.46,30.33,28.66,25.75,24.16,24.21,24.94,25.7,25.51,25.84,26.31,26.6
T2M,2019,-3.0,40.0,28.19,28.69,29.35,29.28,26.91,25.65,25.58,25.73,26.2,26.13,26.55,27.04,27.1
T2M,2019,-3.0,40.625,27.19,27.41,27.85,29.06,28.21,26.83,25.95,25.51,25.85,26.8,27.52,28.04,27.18
T2M,2019,-3.0,41.25,27.03,27.23,27.77,29.0,28.44,27.05,26.06,25.5,25.83,26.84,27.59,28.05,27.2
T2M,2019,-3.0,41.875,26.99,27.07,27.73,28.93,28.51,27.09,26.11,25.51,25.85,26.92,27.59,28.04,27.19
T2M,2019,-3.5,34.375,22.11,22.42,23.11,23.74,22.61,23.01,23.41,24.5,25.5,24.56,23.6,22.02,23.38
T2M,2019,-3.5,35.0,21.39,21.63,22.32,22.73,20.82,20.74,20.9,21.83,23.12,22.25,22.25,21.2,21.76
T2M,2019,-3.5,35.625,20.47,20.85,22.02,21.71,19.11,18.58,18.68,19.88,21.24,20.18,20.53,19.84,20.25
T2M,2019,-3.5,36.25,22.61,23.19,24.37,23.82,20.9,20.3,20.86,21.83,23.0,21.78,22.14,21.56,22.19
T2M,2019,-3.5,36.875,22.53,22.88,24.0,23.44,20.34,19.29,19.68,20.8,22.21,21.18,21.63,21.68,21.63
T2M,2019,-3.5,37.5,25.37,26.08,27.61,26.18,22.58,21.61,21.76,22.88,24.1,23.16,23.71,23.59,24.04
T2M,2019,-3.5,38.125,23.68,24.63,25.77,24.47,21.4,20.95,20.72,21.17,22.05,21.58,22.06,22.46,22.56
T2M,2019,-3.5,38.75,25.65,26.53,27.49,26.26,23.57,22.68,22.48,22.97,23.82,23.66,24.05,24.42,24.45
T2M,2019,-3.5,39.375,27.76,28.63,29.37,27.88,25.17,23.51,23.33,24.02,24.86,24.9,25.32,25.77,25.86
T2M,2019,-3.5,40.0,27.8,28.24,28.61,29.11,27.45,26.26,25.76,25.58,25.94,26.38,26.96,27.52,27.13
T2M,2019,-3.5,40.625,27.39,27.67,27.89,29.09,28.33,26.94,25.99,25.47,25.81,26.8,27.58,28.13,27.25
T2M,2019,-3.5,41.25,27.38,27.59,27.88,29.08,28.47,27.07,26.07,25.48,25.84,26.87,27.64,28.16,27.29
T2M,2019,-3.5,41.875,27.27,27.36,27.8,29.03,28.5,27.08,26.09,25.48,25.83,26.92,27.58,28.11,27.25
T2M,2019,-4.0,34.375,22.4,22.65,23.04,23.47,22.45,22.77,23.21,24.63,26.34,25.13,24.21,22.52,23.57
T2M,2019,-4.0,35.0,20.87,20.94,21.43,21.93,20.26,20.42,20.54,21.46,23.08,22.13,22.19,21.12,21.36
T2M,2019,-4.0,35.625,20.4,20.52,21.46,21.52,19.04,18.67,18.61,19.69,21.25,20.55,21.07,20.54,20.27
T2M,2019,-4.0,36.25,22.45,22.85,23.89,23.56,20.89,20.36,20.72,21.79,23.03,22.25,22.8,22.22,22.23
T2M,2019,-4.0,36.875,22.84,23.49,24.45,23.59,20.62,19.89,20.14,21.0,22.2,21.69,22.31,22.15,22.02
T2M,2019,-4.0,37.5,24.51,25.38,26.44,25.01,21.86,20.98,21.25,22.22,23.46,22.71,23.29,23.28,23.35
T2M,2019,-4.0,38.125,25.6,26.36,27.27,25.55,22.48,21.81,21.85,22.57,23.5,22.64,23.32,24.03,23.9
T2M,2019,-4.0,38.75,26.42,27.21,28.13,26.38,23.46,22.63,22.54,23.07,23.82,23.52,24.1,24.8,24.66
T2M,2019,-4.0,39.375,28.06,28.69,29.27,28.27,25.56,23.92,23.77,24.43,25.19,25.21,25.71,26.22,26.18
T2M,2019,-4.0,40.0,27.69,27.98,28.24,29.13,27.99,26.74,25.93,25.52,25.79,26.66,27.44,28.07,27.26
T2M,2019,-4.0,40.625,27.7,27.89,28.13,29.17,28.39,26.97,26.01,25.47,25.8,26.82,27.64,28.23,27.35
T2M,2019,-4.0,41.25,27.63,27.75,28.04,29.14,28.48,27.07,26.05,25.46,25.83,26.89,27.65,28.21,27.35
T2M,2019,-4.0,41.875,27.5,27.57,27.89,29.09,28.47,27.06,26.05,25.45,25.81,26.91,27.59,28.14,27.29
T2M,2019,-4.5,34.375,21.34,21.65,21.93,21.8,20.64,20.04,20.33,21.92,23.88,23.48,22.82,21.57,21.78
T2M,2019,-4.5,35.0,19.95,20.09,20.63,20.7,19.03,18.55,18.66,19.85,21.57,20.78,20.99,20.25,20.08
T2M,2019,-4.5,35.625,20.48,20.78,21.65,21.47,19.1,18.81,18.53,19.74,21.16,20.44,21.17,20.95,20.35
T2M,2019,-4.5,36.25,22.59,23.0,23.83,23.42,20.87,20.53,20.75,21.78,23.02,22.27,23.07,22.71,22.31
T2M,2019,-4.5,36.875,22.8,23.51,24.15,23.02,20.34,19.7,19.81,20.71,21.79,21.41,22.22,22.31,21.8
T2M,2019,-4.5,37.5,24.12,24.86,25.59,24.15,21.31,20.2,20.45,21.36,22.46,22.28,22.99,23.23,22.74
T2M,2019,-4.5,38.125,24.24,25.04,25.9,24.49,21.54,19.99,20.16,21.19,22.29,21.99,22.45,22.96,22.67
T2M,2019,-4.5,38.75,26.47,27.27,28.0,26.66,24.05,22.7,22.79,23.47,24.22,24.06,24.44,24.97,24.91
T2M,2019,-4.5,39.375,28.18,28.59,29.07,28.88,26.78,25.49,25.22,25.34,25.82,26.15,26.74,27.26,26.95
T2M,2019,-4.5,40.0,27.86,28.0,28.33,29.13,28.14,26.84,25.96,25.53,25.79,26.75,27.58,28.22,27.34
T2M,2019,-4.5,40.625,27.91,27.99,28.31,29.18,28.37,26.96,26.0,25.45,25.78,26.85,27.65,28.29,27.39
T2M,2019,-4.5,41.25,27.78,27.84,28.18,29.14,28.45,27.04,26.03,25.43,25.79,26.9,27.62,28.22,27.36
T2M,2019,-4.5,41.875,27.67,27.68,28.02,29.11,28.44,27.03,26.02,25.42,25.8,26.9,27.59,28.17,27.32
T2M,2019,0.5,34.375,22.46,23.93,24.46,23.89,21.86,20.47,20.39,20.84,21.49,21.47,21.26,21.09,21.95
T2M,2019,0.5,35.0,19.19,20.89,21.81,21.93,19.7,17.95,17.65,17.94,18.66,18.66,18.65,18.17,19.25
T2M,2019,0.5,35.625,19.7,21.21,22.07,22.52,20.33,18.81,18.24,18.55,19.6,18.89,18.72,18.12,19.72
T2M,2019,0.5,36.25,22.59,23.88,24.73,24.95,22.82,21.4,21.14,21.44,22.67,21.91,21.57,20.77,22.48
T2M,2019,0.5,36.875,20.11,21.51,22.56,22.64,21.09,20.4,20.15,20.51,21.4,20.39,19.74,18.74,20.76
T2M,2019,0.5,37.5,23.2,24.67,25.84,25.56,24.13,23.41,23.07,23.83,24.57,22.79,22.16,21.29,23.7
T2M,2019,0.5,38.125,25.92,27.5,28.66,28.34,26.42,25.31,25.07,25.57,26.45,25.19,24.57,23.74,26.05
T2M,2019,0.5,38.75,28.69,30.24,31.19,30.56,28.25,27.21,26.76,27.23,27.98,27.15,26.9,26.03,28.17
T2M,2019,0.5,39.375,30.25,31.43,32.21,31.54,28.52,27.0,26.9,27.57,28.37,27.52,27.64,26.85,28.8
T2M,2019,0.5,40.0,30.65,31.66,32.35,31.81,28.46,26.61,26.81,27.49,28.44,27.45,27.83,27.2,28.88
T2M,2019,0.5,40.625,30.89,31.7,32.35,31.92,28.39,26.65,26.88,27.64,28.64,27.09,27.88,27.52,28.94
T2M,2019,0.5,41.25,30.94,31.6,32.23,31.86,28.59,27.45,27.3,27.84,28.64,27.29,28.28,28.34,29.18
T2M,2019,0.5,41.875,30.79,31.31,31.91,31.66,28.68,27.47,27.31,27.64,28.51,27.29,28.17,28.69,29.1
T2M,2019,1.0,34.375,18.5,19.84,20.46,20.16,18.34,17.06,16.61,17.02,17.57,17.56,17.63,17.31,18.16
T2M,2019,1.0,35.0,17.6,19.06,19.64,20.1,17.95,16.58,16.03,16.44,17.09,16.79,16.83,16.35,17.52
T2M,2019,1.0,35.625,21.67,22.79,23.28,23.48,21.66,20.49,20.12,20.35,21.68,20.89,20.6,20.24,21.43
T2M,2019,1.0,36.25,24.7,26.0,26.59,26.71,25.06,23.62,23.27,23.68,25.06,23.95,23.46,23.15,24.59
T2M,2019,1.0,36.875,20.79,22.16,23.03,22.99,21.82,21.25,20.67,21.21,22.04,21.04,20.62,20.1,21.47
T2M,2019,1.0,37.5,24.7,26.28,27.2,26.92,25.32,24.67,24.33,25.17,25.82,24.24,23.61,22.76,25.07
T2M,2019,1.0,38.125,27.94,29.58,30.4,30.03,28.23,27.16,26.78,27.27,28.08,27.0,26.48,25.52,27.86
T2M,2019,1.0,38.75,29.97,31.39,32.15,31.51,29.36,28.09,27.67,28.21,28.97,28.09,27.84,26.93,29.16
T2M,2019,1.0,39.375,30.51,31.74,32.42,31.73,28.95,27.27,27.31,27.96,28.76,27.61,27.55,26.75,29.03
T2M,2019,1.0,40.0,30.56,31.75,32.37,31.71,28.52,26.56,26.92,27.72,28.67,26.89,27.09,26.43,28.74
T2M,2019,1.0,40.625,30.86,31.94,32.53,31.9,28.63,26.72,27.21,28.02,28.99,26.87,27.32,27.17,28.99
T2M,2019,1.0,41.25,31.11,32.02,32.57,32.05,28.89,27.5,27.46,28.22,29.03,27.38,27.94,28.28,29.35
T2M,2019,1.0,41.875,31.04,31.75,32.35,31.96,28.92,27.74,27.7,28.07,28.97,27.05,27.6,28.34,29.27
T2M,2019,1.5,34.375,24.25,26.0,25.75,25.13,22.56,20.5,20.2,20.54,21.39,21.24,21.32,20.95,22.46
T2M,2019,1.5,35.0,22.12,23.76,23.89,24.04,21.84,19.82,19.41,19.72,20.59,20.2,20.13,19.63,21.24
T2M,2019,1.5,35.625,25.38,26.64,27.04,27.18,25.78,24.14,23.92,24.32,25.85,24.57,23.87,23.45,25.17
T2M,2019,1.5,36.25,27.71,28.92,29.44,29.45,28.16,27.05,26.71,27.4,28.64,27.09,26.41,25.95,27.73
T2M,2019,1.5,36.875,23.79,25.05,25.78,25.37,24.3,23.9,23.59,24.24,24.81,23.28,22.59,22.18,24.06
T2M,2019,1.5,37.5,26.53,28.01,28.56,28.24,26.85,26.17,25.87,26.44,27.07,25.69,25.1,24.66,26.59
T2M,2019,1.5,38.125,29.13,30.74,31.28,30.7,29.07,28.1,27.68,28.15,28.91,27.58,27.31,27.12,28.8
T2M,2019,1.5,38.75,30.19,31.79,32.25,31.42,29.3,28.44,28.03,28.49,29.26,27.75,27.59,27.3,29.3
T2M,2019,1.5,39.375,30.0,31.68,32.25,31.46,28.7,27.25,27.23,27.96,28.78,27.04,26.92,26.47,28.79
T2M,2019,1.5,40.0,30.4,31.8,32.4,31.55,28.74,27.14,27.34,27.94,28.91,27.19,27.13,26.82,28.93
T2M,2019,1.5,40.625,30.4,32.01,32.59,31.69,28.56,26.59,27.18,28.06,29.07,26.83,26.91,26.99,28.88
T2M,2019,1.5,41.25,30.55,32.16,32.68,31.97,28.86,27.15,27.53,28.15,29.17,26.84,26.88,27.21,29.07
T2M,2019,1.5,41.875,30.9,31.86,32.4,31.84,28.76,27.44,27.66,28.17,29.08,26.58,26.74,27.63,29.07
T2M,2019,2.0,34.375,26.76,28.08,27.92,27.32,25.24,22.68,22.67,22.91,24.16,23.75,24.03,23.61,24.91
T2M,2019,2.0,35.0,24.83,26.28,26.19,25.99,24.45,22.53,22.14,22.31,23.62,22.98,22.79,22.27,23.85
T2M,2019,2.0,35.625,28.32,29.63,29.9,29.84,28.84,27.21,27.01,27.38,28.95,27.51,26.88,26.51,28.15
T2M,2019,2.0,36.25,30.12,31.47,31.85,31.74,30.73,29.71,29.31,30.02,31.13,29.47,28.84,28.48,30.23
T2M,2019,2.0,36.875,24.24,25.57,26.07,25.74,24.49,24.15,23.77,24.22,24.62,23.34,22.76,22.64,24.29
T2M,2019,2.0,37.5,27.82,29.33,29.66,29.16,27.72,26.97,26.69,27.11,27.62,26.23,25.72,25.76,27.47
T2M,2019,2.0,38.125,28.79,30.54,30.86,30.01,28.35,27.58,27.22,27.59,28.25,26.59,26.19,26.55,28.19
T2M,2019,2.0,38.75,29.78,31.66,32.02,31.01,29.0,27.98,27.71,28.19,28.93,27.22,26.94,27.28,28.96
T2M,2019,2.0,39.375,29.43,31.62,32.08,30.85,28.45,26.95,26.98,27.77,28.61,26.48,26.31,26.74,28.5
T2M,2019,2.0,40.0,29.52,31.5,31.96,30.58,28.21,26.65,26.79,27.52,28.4,26.29,26.06,26.47,28.31
T2M,2019,2.0,40.625,29.84,31.53,31.98,30.58,27.61,25.82,26.69,27.55,28.4,25.88,25.74,26.27,28.14
T2M,2019,2.0,41.25,30.07,31.98,32.49,31.31,28.31,26.29,27.05,27.85,28.88,26.34,26.21,26.96,28.62
T2M,2019,2.0,41.875,30.53,31.83,32.27,31.49,28.3,26.86,27.53,28.07,29.01,26.35,26.42,27.47,28.82
T2M,2019,2.5,34.375,26.15,27.42,27.63,26.78,25.24,22.56,22.61,22.8,24.46,23.79,24.09,23.73,24.75
T2M,2019,2.5,35.0,26.23,27.64,27.82,27.25,26.15,24.37,23.83,23.65,25.32,24.55,24.27,23.83,25.39
T2M,2019,2.5,35.625,29.23,30.63,30.89,30.46,29.81,28.12,27.78,27.6,28.99,28.26,27.67,27.11,28.87
T2M,2019,2.5,36.25,30.46,31.81,32.29,31.85,31.02,29.91,29.37,29.94,30.92,29.76,29.16,28.97,30.44
T2M,2019,2.5,36.875,27.23,28.55,28.98,28.37,27.07,26.63,26.18,26.53,26.91,25.73,25.4,25.54,26.91
T2M,2019,2.5,37.5,29.68,31.07,31.42,30.56,29.18,28.53,28.11,28.42,28.9,27.47,27.09,27.33,28.97
T2M,2019,2.5,38.125,28.5,30.03,30.4,29.29,27.72,26.78,26.44,26.74,27.44,25.76,25.3,25.87,27.51
T2M,2019,2.5,38.75,29.61,31.3,31.74,30.39,28.62,27.54,27.28,27.71,28.47,26.55,26.14,26.85,28.5
T2M,2019,2.5,39.375,29.23,31.16,31.7,30.02,27.88,26.52,26.55,27.28,28.12,25.91,25.65,26.47,28.02
T2M,2019,2.5,40.0,28.63,30.66,31.27,29.49,27.34,25.85,26.01,26.77,27.66,25.45,25.35,25.99,27.52
T2M,2019,2.5,40.625,28.72,30.66,31.28,29.6,26.93,25.4,26.15,26.93,27.81,25.57,25.57,26.08,27.54
T2M,2019,2.5,41.25,29.37,31.28,31.95,30.58,27.7,26.18,26.65,27.27,28.34,26.18,26.23,27.02,28.21
T2M,2019,2.5,41.875,29.21,31.14,31.8,30.78,27.9,26.63,26.85,27.34,28.39,26.17,26.29,27.06,28.28
T2M,2019,3.0,34.375,25.12,26.08,26.68,25.77,24.06,21.57,21.09,21.33,22.44,21.75,22.1,21.99,23.31
T2M,2019,3.0,35.0,27.56,28.82,29.43,28.49,27.58,25.69,25.03,24.56,26.48,25.85,25.55,24.99,26.65
T2M,2019,3.0,35.625,30.28,31.79,32.41,31.57,31.05,29.54,28.91,29.37,30.68,29.7,28.97,28.15,30.19
T2M,2019,3.0,36.25,31.01,32.34,32.98,32.21,31.33,30.21,29.39,29.85,30.75,29.99,29.63,29.48,30.75
T2M,2019,3.0,36.875,30.14,31.46,32.05,31.03,29.88,29.16,28.73,29.09,29.55,28.28,28.08,28.1,29.62
T2M,2019,3.0,37.5,30.51,31.77,32.23,31.15,29.84,29.11,28.68,28.96,29.47,28.02,27.95,28.16,29.64
T2M,2019,3.0,38.125,29.43,30.65,31.11,29.86,28.4,27.47,27.07,27.33,28.05,26.38,26.37,26.84,28.23
T2M,2019,3.0,38.75,29.39,30.7,31.17,29.66,28.03,26.97,26.69,27.06,27.83,25.81,25.8,26.56,27.95
T2M,2019,3.0,39.375,28.8,30.3,30.9,29.21,27.3,26.05,25.95,26.52,27.34,25.32,25.23,26.09,27.4
T2M,2019,3.0,40.0,27.98,29.77,30.46,28.75,26.65,25.36,25.46,26.18,27.07,24.94,24.87,25.36,26.88
T2M,2019,3.0,40.625,28.03,30.03,30.82,29.31,26.8,25.53,25.96,26.57,27.55,25.84,25.75,25.8,27.31
T2M,2019,3.0,41.25,28.65,30.8,31.61,30.32,27.51,26.36,26.58,27.03,28.1,26.49,26.47,26.66,28.03
T2M,2019,3.0,41.875,27.82,30.39,31.33,30.19,27.67,26.49,26.32,26.82,27.96,26.37,26.23,26.33,27.81
T2M,2019,3.5,34.375,25.16,26.22,26.81,25.72,24.34,22.05,21.58,21.56,23.01,21.99,22.41,22.3,23.58
T2M,2019,3.5,35.0,29.07,30.28,30.84,29.66,28.63,27.25,26.4,26.12,27.84,26.94,26.73,26.24,27.98
T2M,2019,3.5,35.625,30.65,31.98,32.56,31.5,30.57,29.57,28.77,29.23,30.58,29.38,29.13,28.63,30.2
T2M,2019,3.5,36.25,30.84,32.01,32.58,31.6,30.37,29.46,29.01,29.59,30.29,29.06,29.2,29.15,30.25
T2M,2019,3.5,36.875,30.81,31.97,32.46,31.34,29.9,28.92,28.94,29.32,29.78,28.25,28.46,28.31,29.86
T2M,2019,3.5,37.5,29.57,30.58,30.93,29.56,28.05,27.1,27.08,27.35,28.01,26.43,26.79,26.78,28.17
T2M,2019,3.5,38.125,28.01,29.43,29.7,28.14,26.6,25.32,25.29,25.7,26.48,24.61,24.89,25.23,26.6
T2M,2019,3.5,38.75,27.74,29.08,29.39,27.78,26.03,24.63,24.45,24.97,25.75,23.65,23.85,24.68,25.98
T2M,2019,3.5,39.375,26.3,27.8,28.34,26.97,25.09,23.65,23.44,24.08,24.97,22.9,22.67,23.32,24.94
T2M,2019,3.5,40.0,27.18,28.88,29.58,28.2,26.1,24.98,24.96,25.6,26.55,24.02,23.82,24.19,26.15
T2M,2019,3.5,40.625,27.15,29.04,29.9,28.66,26.03,25.19,25.51,25.97,26.96,24.85,24.49,24.39,26.49
T2M,2019,3.5,41.25,27.76,30.01,31.0,30.18,27.6,26.52,26.59,26.95,28.09,26.31,25.99,25.77,27.71
T2M,2019,3.5,41.875,28.44,30.92,32.0,31.15,28.89,27.75,27.49,27.95,29.13,27.24,26.94,26.78,28.71
T2M,2019,4.0,34.375,28.13,29.11,29.6,28.12,26.73,25.06,24.61,24.55,26.13,24.5,24.75,24.82,26.32
T2M,2019,4.0,35.0,30.55,31.74,32.19,30.52,29.65,28.38,27.72,27.52,29.15,27.7,27.56,27.21,29.14
T2M,2019,4.0,35.625,29.8,31.13,31.54,30.26,29.31,28.39,27.54,28.02,29.14,27.78,27.63,27.3,28.97
T2M,2019,4.0,36.25,31.28,32.37,32.78,31.59,30.31,29.44,29.0,29.64,30.33,29.12,29.3,29.42,30.37
T2M,2019,4.0,36.875,30.16,31.32,31.67,30.18,28.53,27.45,27.61,28.19,28.74,27.07,27.36,27.42,28.79
T2M,2019,4.0,37.5,29.62,30.82,31.29,29.46,27.66,26.57,26.65,27.11,27.73,25.95,26.31,26.48,27.95
T2M,2019,4.0,38.125,25.62,27.02,27.61,25.79,23.92,22.64,22.37,22.8,23.56,21.73,21.93,22.09,23.9
T2M,2019,4.0,38.75,23.91,25.21,25.78,24.38,22.62,21.16,21.04,21.45,22.29,20.65,20.43,20.22,22.41
T2M,2019,4.0,39.375,24.9,26.34,26.94,25.78,24.04,22.83,22.63,23.09,24.01,21.64,21.2,21.25,23.7
T2M,2019,4.0,40.0,26.26,27.75,28.53,27.33,25.02,24.02,24.19,24.79,25.73,22.84,22.42,22.74,25.12
T2M,2019,4.0,40.625,26.2,28.02,28.92,28.07,25.53,24.84,25.18,25.65,26.66,23.63,23.12,23.13,25.73
T2M,2019,4.0,41.25,27.69,29.97,31.0,30.49,27.94,27.01,27.19,27.62,28.75,25.75,25.43,25.42,27.84
T2M,2019,4.0,41.875,29.23,31.66,32.78,32.18,29.83,28.81,28.65,29.17,30.36,27.32,26.95,26.83,29.46
T2M,2019,4.5,34.375,30.64,31.47,31.83,29.78,28.68,27.11,26.88,27.34,28.85,26.14,26.65,26.99,28.51
T2M,2019,4.5,35.0,30.86,32.05,32.39,30.18,29.55,28.32,27.87,27.7,29.28,27.12,26.92,27.04,29.09
T2M,2019,4.5,35.625,30.19,31.81,32.14,30.25,29.5,28.73,27.98,28.31,29.51,27.52,27.02,27.19,29.16
T2M,2019,4.5,36.25,31.41,32.74,33.14,31.27,30.08,29.28,28.83,29.42,30.37,28.67,28.43,28.72,30.18
T2M,2019,4.5,36.875,30.15,31.57,31.99,30.2,28.46,27.56,27.53,28.21,28.66,27.2,27.31,27.7,28.86
T2M,2019,4.5,37.5,27.57,29.03,29.61,27.64,25.61,24.71,24.84,25.32,25.88,23.91,24.03,24.13,26.0
T2M,2019,4.5,38.125,23.28,24.66,25.47,23.97,22.21,21.04,21.02,21.18,21.92,20.21,20.06,19.7,22.04
T2M,2019,4.5,38.75,23.59,25.38,26.14,25.03,23.28,22.24,22.17,22.38,23.25,20.8,20.41,20.05,22.87
T2M,2019,4.5,39.375,25.44,27.16,28.09,26.97,24.83,23.79,23.9,24.36,25.26,22.24,21.6,21.42,24.57
T2M,2019,4.5,40.0,24.57,26.14,27.08,26.07,24.06,22.87,22.97,23.37,24.46,21.64,20.93,20.74,23.72
T2M,2019,4.5,40.625,25.68,27.48,28.41,27.66,25.36,24.52,24.85,25.38,26.47,22.83,22.29,22.17,25.24
T2M,2019,4.5,41.25,25.74,28.11,29.17,28.73,26.26,25.28,25.43,26.07,27.25,23.69,23.26,23.02,25.98
T2M,2019,4.5,41.875,29.22,31.58,32.8,32.43,29.67,28.75,28.89,29.54,30.67,26.77,26.28,26.25,29.38
T2M,2020,-0.5,34.375,23.52,24.16,23.25,22.92,22.62,22.01,21.99,23.14,23.9,23.65,23.38,23.8,23.19
T2M,2020,-0.5,35.0,19.82,20.31,20.38,19.82,19.67,18.62,18.09,18.88,19.59,19.86,20.02,19.78,19.57
T2M,2020,-0.5,35.625,14.71,15.08,15.67,15.21,14.83,13.64,13.09,13.68,14.03,14.43,14.91,14.18,14.45
T2M,2020,-0.5,36.25,15.27,15.66,16.34,15.77,14.95,14.01,13.37,14.09,14.31,14.81,15.38,14.69,14.88
T2M,2020,-0.5,36.875,16.12,16.55,17.48,16.77,15.73,14.85,14.22,14.93,15.29,16.03,16.28,15.61,15.82
T2M,2020,-0.5,37.5,19.93,20.66,21.56,20.55,19.55,18.59,18.24,18.91,19.67,20.84,20.21,20.0,19.89
T2M,2020,-0.5,38.125,24.07,25.15,25.9,24.79,24.65,24.11,23.75,24.15,25.0,26.22,24.45,24.87,24.76
T2M,2020,-0.5,38.75,26.04,27.59,28.03,26.54,26.11,25.8,25.23,25.6,26.5,27.95,26.44,27.33,26.59
T2M,2020,-0.5,39.375,27.27,29.13,29.34,27.64,26.49,26.06,25.69,25.99,27.16,28.81,27.97,29.31,27.57
T2M,2020,-0.5,40.0,27.8,29.48,29.72,27.94,26.48,25.92,25.68,26.02,27.35,29.15,28.47,29.9,27.82
T2M,2020,-0.5,40.625,27.91,30.02,30.45,28.09,26.23,25.58,25.29,25.7,27.17,29.18,28.58,30.19,27.86
T2M,2020,-0.5,41.25,28.18,30.19,30.63,28.44,26.42,25.86,25.73,26.03,27.38,29.24,28.6,30.16,28.07
T2M,2020,-0.5,41.875,28.68,29.88,30.5,29.05,26.95,26.32,25.79,25.93,26.95,28.76,28.82,29.74,28.11
T2M,2020,-1.0,34.375,21.32,21.92,21.21,21.11,20.83,20.01,20.01,21.29,22.59,22.64,21.44,21.22,21.3
T2M,2020,-1.0,35.0,18.73,19.29,19.07,18.6,18.07,16.88,16.4,17.58,18.24,18.67,18.96,18.87,18.28
T2M,2020,-1.0,35.625,17.79,18.11,18.06,17.44,16.51,15.34,14.62,15.86,16.42,17.04,17.89,17.89,16.91
T2M,2020,-1.0,36.25,17.15,17.58,17.96,17.12,15.99,14.78,14.09,15.4,15.97,16.91,17.18,17.03,16.43
T2M,2020,-1.0,36.875,18.34,19.18,20.22,19.05,17.6,16.95,16.97,18.18,18.98,20.15,18.85,18.29,18.56
T2M,2020,-1.0,37.5,21.72,22.57,23.37,22.16,20.82,20.11,20.13,20.76,21.55,22.95,22.0,21.78,21.66
T2M,2020,-1.0,38.125,23.89,25.04,25.37,24.09,23.72,22.93,22.3,22.67,23.55,24.87,23.69,24.23,23.86
T2M,2020,-1.0,38.75,26.7,28.27,28.23,26.55,26.13,25.71,25.08,25.4,26.3,27.65,26.45,27.63,26.67
T2M,2020,-1.0,39.375,28.02,29.89,29.73,27.59,26.64,26.17,25.67,25.96,27.13,28.74,28.34,29.81,27.8
T2M,2020,-1.0,40.0,28.18,29.98,30.02,27.99,26.64,26.27,25.89,26.15,27.46,29.18,28.81,30.38,28.07
T2M,2020,-1.0,40.625,27.61,29.48,30.08,27.88,26.16,25.41,25.02,25.39,26.89,28.85,28.8,30.14,27.64
T2M,2020,-1.0,41.25,27.74,29.41,30.13,28.15,26.39,25.63,25.34,25.59,26.91,28.77,28.68,29.77,27.7
T2M,2020,-1.0,41.875,27.96,28.64,29.49,28.83,27.34,26.49,25.75,25.6,26.35,27.89,28.25,28.64,27.6
T2M,2020,-1.5,34.375,20.87,21.71,21.06,21.01,20.67,20.78,21.87,22.98,23.79,23.54,21.74,21.07,21.76
T2M,2020,-1.5,35.0,19.31,19.91,19.63,19.28,18.58,17.9,18.17,19.86,20.71,21.03,20.16,19.93,19.54
T2M,2020,-1.5,35.625,17.39,17.71,17.57,17.28,16.14,15.02,14.46,16.26,17.12,17.53,17.74,17.65,16.82
T2M,2020,-1.5,36.25,21.67,22.09,21.8,20.97,19.74,18.97,18.96,20.98,21.71,22.76,22.24,22.63,21.21
T2M,2020,-1.5,36.875,20.13,20.73,21.15,19.98,18.67,18.51,18.19,19.89,20.19,21.33,20.2,19.98,19.91
T2M,2020,-1.5,37.5,20.93,22.02,22.54,21.37,19.93,19.58,19.33,20.3,20.93,22.12,21.32,21.15,20.96
T2M,2020,-1.5,38.125,23.65,24.85,24.99,24.09,23.29,22.56,22.0,22.53,23.45,24.8,23.92,24.06,23.68
T2M,2020,-1.5,38.75,26.71,28.37,27.93,26.63,25.93,25.56,24.81,25.14,26.07,27.52,26.63,27.5,26.56
T2M,2020,-1.5,39.375,27.77,29.77,29.36,27.57,26.4,25.91,25.29,25.73,26.87,28.47,28.22,29.46,27.56
T2M,2020,-1.5,40.0,27.89,29.95,30.01,27.78,26.36,25.87,25.46,25.81,27.24,28.99,29.05,30.43,27.9
T2M,2020,-1.5,40.625,27.47,29.22,29.85,27.94,26.28,25.4,24.81,25.2,26.62,28.5,28.98,30.15,27.53
T2M,2020,-1.5,41.25,27.44,28.99,29.94,28.21,26.64,25.76,25.3,25.43,26.6,28.38,28.78,29.51,27.58
T2M,2020,-1.5,41.875,27.74,27.91,28.98,28.83,27.79,26.85,25.85,25.38,25.8,27.07,27.7,27.75,27.3
T2M,2020,-1.7975103014118005e-13,34.375,22.82,23.63,23.04,22.55,22.17,21.65,21.34,22.05,22.72,22.48,22.84,23.08,22.53
T2M,2020,-1.7975103014118005e-13,35.0,20.23,20.73,21.02,20.37,20.17,19.17,18.71,19.22,19.96,20.13,20.32,19.93,19.99
T2M,2020,-1.7975103014118005e-13,35.625,15.21,15.62,16.53,16.06,15.99,14.91,14.39,14.96,15.26,15.67,15.44,14.44,15.37
T2M,2020,-1.7975103014118005e-13,36.25,17.19,17.66,18.77,18.11,17.78,16.62,16.18,16.7,17.02,17.59,17.47,16.73,17.32
T2M,2020,-1.7975103014118005e-13,36.875,17.18,17.85,18.93,18.28,17.58,16.77,16.29,16.88,17.44,18.12,17.79,17.03,17.51
T2M,2020,-1.7975103014118005e-13,37.5,16.78,17.48,18.22,17.84,17.15,16.34,15.8,16.46,17.17,17.88,17.29,16.77,17.1
T2M,2020,-1.7975103014118005e-13,38.125,24.55,25.65,26.35,25.36,25.2,24.72,24.59,25.01,25.89,27.18,25.19,25.61,25.44
T2M,2020,-1.7975103014118005e-13,38.75,26.55,28.12,28.8,27.39,26.81,26.48,26.07,26.46,27.38,28.92,27.38,28.0,27.36
T2M,2020,-1.7975103014118005e-13,39.375,27.3,29.25,29.75,28.19,26.7,26.34,26.08,26.46,27.57,29.21,28.38,29.28,27.87
T2M,2020,-1.7975103014118005e-13,40.0,27.71,29.57,30.13,28.43,26.63,26.04,25.94,26.34,27.6,29.42,28.81,29.74,28.02
T2M,2020,-1.7975103014118005e-13,40.625,28.14,30.4,30.9,28.71,26.69,26.09,25.93,26.39,27.65,29.46,28.84,30.16,28.27
T2M,2020,-1.7975103014118005e-13,41.25,28.79,31.01,31.26,29.03,26.89,26.53,26.41,26.74,27.77,29.46,28.87,30.43,28.59
T2M,2020,-1.7975103014118005e-13,41.875,29.3,31.01,31.3,29.44,26.94,26.57,26.19,26.44,27.38,29.09,28.98,30.33,28.57
T2M,2020,-2.0,34.375,20.93,21.77,21.11,21.13,20.59,20.99,22.28,23.95,24.76,24.36,22.17,21.38,22.12
T2M,2020,-2.0,35.0,19.33,20.08,19.66,19.49,18.58,18.2,18.7,20.67,21.47,22.0,20.53,20.28,19.91
T2M,2020,-2.0,35.625,18.01,18.55,18.13,17.71,16.46,15.6,15.24,17.35,18.31,19.31,18.73,18.74,17.67
T2M,2020,-2.0,36.25,23.8,24.58,23.73,23.01,21.92,21.5,21.51,23.52,24.57,25.78,24.69,25.16,23.64
T2M,2020,-2.0,36.875,20.5,21.36,21.23,20.16,18.96,18.78,18.62,20.35,20.67,21.7,20.7,20.79,20.32
T2M,2020,-2.0,37.5,21.62,22.75,22.72,21.67,20.48,20.21,20.08,20.99,21.67,22.87,22.03,21.93,21.58
T2M,2020,-2.0,38.125,24.08,25.35,25.16,24.26,23.46,22.78,22.37,22.93,23.88,25.21,24.45,24.51,24.03
T2M,2020,-2.0,38.75,26.58,28.27,27.66,26.19,25.37,25.09,24.42,24.78,25.72,27.27,26.52,27.32,26.26
T2M,2020,-2.0,39.375,27.57,29.49,28.99,26.99,25.85,25.24,24.62,25.19,26.42,28.15,27.92,29.0,27.11
T2M,2020,-2.0,40.0,27.76,29.68,29.57,27.49,26.14,25.66,25.18,25.75,26.96,28.67,28.7,29.98,27.62
T2M,2020,-2.0,40.625,27.59,29.09,29.65,27.99,26.5,25.59,24.93,25.23,26.4,28.1,28.7,29.75,27.45
T2M,2020,-2.0,41.25,27.9,28.55,29.48,28.65,27.36,26.42,25.63,25.37,26.02,27.37,28.07,28.44,27.43
T2M,2020,-2.0,41.875,27.89,27.75,28.8,28.92,28.15,27.13,25.94,25.31,25.55,26.7,27.35,27.33,27.23
T2M,2020,-2.5,34.375,20.48,21.21,20.59,20.61,20.05,20.25,21.1,23.7,24.69,24.14,21.73,20.73,21.61
T2M,2020,-2.5,35.0,18.85,19.52,19.05,18.85,17.86,17.35,17.83,20.1,21.34,22.03,20.14,19.5,19.37
T2M,2020,-2.5,35.625,20.28,21.01,20.39,19.69,18.48,18.1,18.19,20.7,21.86,23.54,21.64,21.5,20.45
T2M,2020,-2.5,36.25,22.92,23.79,22.92,22.1,20.92,20.32,20.47,22.61,24.06,25.95,23.97,24.13,22.84
T2M,2020,-2.5,36.875,21.11,21.94,21.71,21.08,20.39,19.77,19.73,21.99,22.83,24.02,21.99,21.41,21.5
T2M,2020,-2.5,37.5,21.57,22.46,22.45,21.58,20.6,20.33,20.39,21.66,22.51,23.65,22.17,21.59,21.74
T2M,2020,-2.5,38.125,23.78,25.0,24.78,23.88,22.96,22.22,21.9,22.8,23.88,25.29,24.24,24.06,23.73
T2M,2020,-2.5,38.75,26.17,27.75,27.23,25.76,24.89,24.57,24.02,24.51,25.54,27.13,26.26,26.75,25.88
T2M,2020,-2.5,39.375,26.88,28.39,28.15,26.43,25.19,24.41,23.8,24.5,25.81,27.64,27.18,27.94,26.35
T2M,2020,-2.5,40.0,27.18,28.62,28.8,27.19,25.85,25.13,24.64,25.27,26.27,27.89,27.77,28.54,26.92
T2M,2020,-2.5,40.625,27.64,28.31,29.28,28.29,27.11,26.12,25.3,25.23,25.91,27.38,27.9,28.43,27.24
T2M,2020,-2.5,41.25,27.87,27.8,28.95,28.88,28.0,26.96,25.83,25.23,25.51,26.68,27.32,27.49,27.21
T2M,2020,-2.5,41.875,27.92,27.81,28.86,28.95,28.21,27.16,25.97,25.31,25.54,26.69,27.34,27.42,27.26
T2M,2020,-3.0,34.375,20.23,20.98,20.47,20.35,19.66,19.49,19.89,22.6,23.98,24.24,21.78,20.48,21.18
T2M,2020,-3.0,35.0,19.05,19.73,19.39,19.03,17.99,17.17,17.44,19.82,21.37,22.25,20.43,19.42,19.42
T2M,2020,-3.0,35.625,16.86,17.35,17.1,16.58,15.28,14.18,13.67,15.57,16.86,18.16,17.48,16.8,16.32
T2M,2020,-3.0,36.25,21.29,22.03,21.5,20.55,19.07,18.44,18.48,20.63,22.22,23.96,22.5,21.73,21.03
T2M,2020,-3.0,36.875,20.51,21.14,21.13,20.18,18.53,17.15,16.51,18.17,19.83,21.61,21.07,20.53,19.69
T2M,2020,-3.0,37.5,17.44,18.07,18.19,17.34,16.13,15.05,14.35,15.72,16.97,18.21,17.93,17.15,16.87
T2M,2020,-3.0,38.125,23.39,24.53,24.28,23.24,22.12,21.36,20.9,21.8,22.9,24.42,23.85,23.48,23.02
T2M,2020,-3.0,38.75,25.56,26.97,26.54,25.16,24.18,23.79,23.19,23.92,25.04,26.66,25.63,25.87,25.2
T2M,2020,-3.0,39.375,26.41,27.61,27.52,26.1,24.76,23.85,23.2,23.97,25.25,27.06,26.63,27.19,25.79
T2M,2020,-3.0,40.0,27.03,28.01,28.48,27.3,26.05,25.23,24.68,25.09,25.86,27.38,27.33,27.83,26.68
T2M,2020,-3.0,40.625,27.78,27.85,29.07,28.73,27.75,26.72,25.69,25.17,25.5,26.76,27.39,27.68,27.17
T2M,2020,-3.0,41.25,27.89,27.82,29.03,28.88,28.05,27.01,25.87,25.23,25.52,26.68,27.36,27.63,27.24
T2M,2020,-3.0,41.875,27.96,27.86,28.93,28.97,28.25,27.15,25.99,25.31,25.53,26.69,27.35,27.6,27.3
T2M,2020,-3.5,34.375,21.68,22.17,21.62,21.47,20.55,20.53,20.93,23.48,24.89,25.58,23.08,21.78,22.31
T2M,2020,-3.5,35.0,20.77,21.41,20.96,20.31,19.05,18.2,18.17,20.28,21.9,23.42,21.84,21.04,20.61
T2M,2020,-3.5,35.625,19.7,20.13,19.63,18.91,17.6,16.61,16.29,18.1,19.64,21.34,20.35,19.57,18.98
T2M,2020,-3.5,36.25,21.56,21.99,21.28,20.48,19.13,18.53,18.73,20.58,22.12,23.84,22.16,21.3,20.97
T2M,2020,-3.5,36.875,21.92,22.39,21.37,20.45,19.0,18.04,17.8,19.55,21.12,23.02,22.0,21.84,20.7
T2M,2020,-3.5,37.5,23.85,24.42,23.69,22.59,21.17,20.45,20.18,21.69,23.4,25.17,24.33,24.12,22.92
T2M,2020,-3.5,38.125,22.6,23.87,23.38,21.97,20.81,20.23,19.57,20.49,21.64,23.09,22.7,22.75,21.92
T2M,2020,-3.5,38.75,24.53,25.7,25.25,24.14,22.87,22.06,21.37,22.14,23.3,24.87,24.57,24.82,23.79
T2M,2020,-3.5,39.375,25.89,26.75,26.71,25.62,24.24,23.24,22.54,23.19,24.42,26.21,26.04,26.61,25.12
T2M,2020,-3.5,40.0,27.35,27.99,28.71,27.89,26.78,25.87,25.16,25.11,25.6,26.96,27.27,27.82,26.87
T2M,2020,-3.5,40.625,27.86,27.93,29.15,28.81,27.85,26.83,25.76,25.17,25.44,26.68,27.36,27.75,27.21
T2M,2020,-3.5,41.25,27.99,27.94,29.11,28.89,28.1,27.0,25.88,25.23,25.5,26.67,27.36,27.79,27.29
T2M,2020,-3.5,41.875,28.03,27.91,29.0,28.96,28.25,27.09,25.98,25.28,25.5,26.68,27.32,27.71,27.31
T2M,2020,-4.0,34.375,22.27,22.48,22.22,21.94,21.02,20.38,20.41,22.92,24.82,26.01,23.57,22.22,22.52
T2M,2020,-4.0,35.0,20.54,20.89,20.54,20.02,18.92,18.13,17.81,19.74,21.37,22.97,21.54,20.54,20.25
T2M,2020,-4.0,35.625,19.96,20.19,19.58,18.98,17.83,16.98,16.68,18.37,19.72,21.28,20.48,19.6,19.13
T2M,2020,-4.0,36.25,21.75,22.01,21.27,20.62,19.42,18.74,18.65,20.34,21.91,23.78,22.45,21.6,21.04
T2M,2020,-4.0,36.875,21.92,22.18,21.43,20.67,19.46,18.75,18.46,19.79,21.29,23.1,22.3,22.01,20.94
T2M,2020,-4.0,37.5,23.31,23.97,23.09,22.17,20.85,19.94,19.48,20.97,22.57,24.42,23.66,23.68,22.34
T2M,2020,-4.0,38.125,24.47,25.61,24.41,23.06,21.96,21.1,20.48,21.8,23.15,24.59,23.97,24.69,23.27
T2M,2020,-4.0,38.75,25.02,26.23,25.44,24.06,22.85,22.1,21.42,22.26,23.44,25.01,24.76,25.68,24.02
T2M,2020,-4.0,39.375,26.37,27.5,27.46,26.19,24.67,23.68,23.09,23.94,25.06,26.73,26.73,27.54,25.74
T2M,2020,-4.0,40.0,27.78,28.04,29.05,28.51,27.43,26.4,25.5,25.11,25.44,26.72,27.33,27.83,27.09
T2M,2020,-4.0,40.625,28.0,28.06,29.22,28.86,27.88,26.85,25.78,25.18,25.43,26.66,27.37,27.87,27.26
T2M,2020,-4.0,41.25,28.07,28.06,29.17,28.91,28.12,26.95,25.87,25.21,25.45,26.66,27.34,27.83,27.3
T2M,2020,-4.0,41.875,28.08,28.02,29.1,28.97,28.22,27.02,25.96,25.23,25.45,26.65,27.28,27.75,27.31
T2M,2020,-4.5,34.375,21.36,21.59,21.24,20.85,19.75,18.57,18.14,20.34,22.23,23.94,22.35,21.34,20.97
T2M,2020,-4.5,35.0,19.83,20.24,19.74,19.1,18.08,16.9,16.28,18.23,19.85,21.53,20.48,20.01,19.18
T2M,2020,-4.5,35.625,20.33,20.49,19.74,18.93,17.96,17.11,16.71,18.34,19.7,21.18,20.6,20.5,19.3
T2M,2020,-4.5,36.25,22.27,22.45,21.57,20.81,19.77,19.02,18.59,20.24,21.82,23.54,22.75,22.72,21.29
T2M,2020,-4.5,36.875,22.25,22.43,21.58,20.7,19.57,18.71,18.09,19.52,20.98,22.57,22.34,22.76,20.95
T2M,2020,-4.5,37.5,23.3,23.69,22.83,21.85,20.47,19.43,18.76,20.04,21.58,23.28,23.2,23.54,21.82
T2M,2020,-4.5,38.125,23.23,23.99,23.25,22.21,20.56,19.37,18.74,19.99,21.64,23.35,23.03,23.24,21.88
T2M,2020,-4.5,38.75,25.18,26.18,25.72,24.49,23.09,22.21,21.56,22.33,23.63,25.15,25.06,25.61,24.18
T2M,2020,-4.5,39.375,27.18,28.02,28.25,27.29,25.96,25.01,24.37,24.59,25.41,26.9,27.23,27.96,26.51
T2M,2020,-4.5,40.0,27.97,28.14,29.2,28.67,27.57,26.55,25.59,25.14,25.45,26.73,27.37,27.83,27.18
T2M,2020,-4.5,40.625,28.1,28.18,29.26,28.87,27.88,26.84,25.76,25.18,25.41,26.65,27.39,27.9,27.28
T2M,2020,-4.5,41.25,28.12,28.18,29.24,28.94,28.12,26.88,25.84,25.19,25.4,26.64,27.33,27.84,27.31
T2M,2020,-4.5,41.875,28.11,28.15,29.18,28.98,28.19,26.94,25.91,25.17,25.38,26.61,27.25,27.76,27.3
T2M,2020,0.5,34.375,21.86,22.53,22.29,21.63,21.11,20.1,19.51,20.47,21.13,21.11,21.65,21.6,21.24
T2M,2020,0.5,35.0,18.57,19.15,19.72,19.11,18.8,17.78,17.1,17.62,18.31,18.53,18.46,17.89,18.42
T2M,2020,0.5,35.625,18.53,19.02,19.97,19.17,18.97,18.02,17.45,17.94,18.49,18.89,18.28,17.64,18.53
T2M,2020,0.5,36.25,21.27,21.96,22.98,21.76,21.0,20.02,19.53,20.06,21.07,21.99,21.4,21.15,21.18
T2M,2020,0.5,36.875,19.04,19.8,21.02,20.19,19.73,19.13,18.83,19.41,20.38,21.12,19.74,19.03,19.78
T2M,2020,0.5,37.5,21.84,22.93,23.86,22.99,22.7,22.26,21.92,22.43,23.41,24.12,22.53,22.45,22.79
T2M,2020,0.5,38.125,24.5,25.8,26.64,25.55,25.23,24.61,24.3,24.72,25.66,27.15,25.3,25.63,25.42
T2M,2020,0.5,38.75,26.67,28.31,29.09,27.79,26.9,26.45,26.07,26.55,27.52,29.08,27.63,27.99,27.5
T2M,2020,0.5,39.375,27.4,29.59,30.36,28.77,26.94,26.68,26.53,27.03,28.04,29.63,28.58,29.2,28.22
T2M,2020,0.5,40.0,27.77,30.18,30.88,29.11,26.98,26.53,26.5,27.01,28.08,29.67,28.96,29.7,28.44
T2M,2020,0.5,40.625,28.58,30.89,31.54,29.55,27.61,26.97,26.82,27.31,28.16,29.61,29.08,30.07,28.84
T2M,2020,0.5,41.25,29.12,31.1,31.55,29.65,27.82,27.36,27.11,27.39,28.06,29.56,29.12,30.27,29.0
T2M,2020,0.5,41.875,29.72,31.45,31.79,29.89,27.53,27.14,26.83,27.07,27.74,29.27,28.85,30.25,28.95
T2M,2020,1.0,34.375,17.65,18.2,18.68,18.0,17.7,16.63,15.9,16.66,17.2,17.33,17.59,17.18,17.39
T2M,2020,1.0,35.0,16.66,17.33,17.99,17.38,17.11,16.36,15.65,16.15,16.72,16.72,16.54,15.77,16.69
T2M,2020,1.0,35.625,20.83,21.66,22.29,20.9,20.39,19.48,18.96,19.19,20.52,20.91,20.74,20.53,20.53
T2M,2020,1.0,36.25,23.67,24.4,25.12,23.82,23.3,22.43,21.84,22.05,23.34,24.45,23.41,23.36,23.43
T2M,2020,1.0,36.875,20.25,20.97,21.79,20.91,20.71,20.32,19.65,20.13,21.31,21.94,20.6,19.98,20.71
T2M,2020,1.0,37.5,23.37,24.65,25.39,24.35,24.26,23.87,23.5,24.0,25.06,26.05,24.2,24.27,24.41
T2M,2020,1.0,38.125,26.37,27.79,28.52,27.41,27.24,26.43,26.11,26.52,27.46,28.96,27.1,27.31,27.27
T2M,2020,1.0,38.75,27.59,29.43,30.24,28.91,28.04,27.54,27.14,27.59,28.6,30.12,28.39,28.79,28.53
T2M,2020,1.0,39.375,27.47,30.02,30.88,29.08,27.45,27.17,27.04,27.47,28.4,29.92,28.36,29.1,28.52
T2M,2020,1.0,40.0,27.29,30.39,31.19,29.33,27.5,27.0,26.87,27.39,28.24,29.44,28.49,29.29,28.53
T2M,2020,1.0,40.625,28.24,30.97,31.76,29.83,28.17,27.51,27.33,27.81,28.38,29.4,28.53,29.63,28.96
T2M,2020,1.0,41.25,29.06,31.19,31.91,30.04,28.3,27.85,27.68,27.96,28.41,29.53,28.65,29.83,29.2
T2M,2020,1.0,41.875,30.08,32.08,32.27,30.18,28.05,27.62,27.4,27.55,28.05,29.51,28.03,29.81,29.21
T2M,2020,1.5,34.375,21.73,22.6,22.75,21.94,21.14,19.84,19.25,19.81,20.8,20.81,20.94,20.95,21.04
T2M,2020,1.5,35.0,20.65,21.49,21.82,20.79,20.06,19.0,18.45,18.86,19.84,20.11,19.74,19.96,20.06
T2M,2020,1.5,35.625,24.34,25.17,25.61,24.29,24.22,23.21,22.48,22.43,24.49,25.16,24.32,24.39,24.17
T2M,2020,1.5,36.25,26.69,27.53,28.05,26.79,26.96,25.94,25.36,25.53,27.52,28.33,26.98,26.82,26.87
T2M,2020,1.5,36.875,22.62,23.67,24.25,23.09,23.42,23.11,22.56,23.02,24.32,24.96,23.04,22.9,23.41
T2M,2020,1.5,37.5,25.37,26.55,27.01,25.7,25.9,25.39,24.97,25.53,26.71,27.71,25.67,25.83,26.03
T2M,2020,1.5,38.125,27.72,29.01,29.56,28.12,28.17,27.56,27.1,27.49,28.41,29.83,27.74,28.31,28.25
T2M,2020,1.5,38.75,27.9,29.66,30.44,28.63,28.16,27.92,27.63,27.99,28.93,30.28,28.2,29.25,28.75
T2M,2020,1.5,39.375,27.31,29.95,30.68,28.84,27.49,27.17,27.06,27.58,28.33,29.48,27.94,28.8,28.38
T2M,2020,1.5,40.0,28.0,30.48,31.15,29.19,27.57,27.15,27.13,27.66,28.41,29.58,28.02,28.95,28.6
T2M,2020,1.5,40.625,28.06,31.01,31.75,29.85,28.26,27.67,27.5,28.0,28.43,29.14,27.74,29.02,28.86
T2M,2020,1.5,41.25,29.03,31.75,32.23,30.31,28.61,28.04,27.75,28.12,28.49,29.54,27.23,29.0,29.17
T2M,2020,1.5,41.875,30.08,32.38,32.36,30.12,27.94,27.63,27.46,27.62,28.06,29.34,26.9,29.08,29.07
T2M,2020,2.0,34.375,24.93,25.93,25.36,24.7,23.23,21.89,21.3,22.01,23.05,23.1,23.45,23.86,23.56
T2M,2020,2.0,35.0,23.31,24.36,24.12,23.31,22.1,21.05,20.62,21.14,22.45,22.93,22.82,23.16,22.61
T2M,2020,2.0,35.625,27.32,28.09,28.24,27.28,27.24,26.1,25.53,25.91,27.87,28.62,27.73,27.78,27.31
T2M,2020,2.0,36.25,29.39,29.87,30.28,29.1,29.51,28.65,28.25,28.71,30.67,31.14,29.65,29.53,29.56
T2M,2020,2.0,36.875,23.22,24.1,24.52,23.41,23.61,23.31,22.76,23.32,24.48,25.09,23.32,23.36,23.71
T2M,2020,2.0,37.5,26.58,27.54,27.95,26.43,26.52,26.23,25.92,26.44,27.41,28.41,26.57,26.93,26.91
T2M,2020,2.0,38.125,27.26,28.45,28.98,27.16,27.17,26.98,26.66,27.07,27.97,29.08,27.04,27.75,27.63
T2M,2020,2.0,38.75,28.13,29.73,30.11,28.21,27.57,27.39,27.14,27.65,28.58,29.63,27.93,28.76,28.4
T2M,2020,2.0,39.375,28.29,30.42,30.74,28.36,26.9,26.8,26.7,27.43,28.2,28.9,27.55,28.52,28.23
T2M,2020,2.0,40.0,28.27,30.67,30.76,28.42,26.62,26.53,26.49,27.2,27.97,28.51,27.3,28.43,28.09
T2M,2020,2.0,40.625,28.57,31.7,31.53,28.75,27.02,27.01,26.94,27.41,27.79,28.05,26.85,28.69,28.35
T2M,2020,2.0,41.25,29.4,32.13,32.26,29.68,27.89,27.63,27.48,27.92,28.23,28.8,27.35,29.17,28.99
T2M,2020,2.0,41.875,30.37,32.44,32.27,29.63,27.38,27.48,27.32,27.36,27.82,28.8,26.92,29.4,28.92
T2M,2020,2.5,34.375,24.83,25.88,24.9,24.53,23.23,22.09,21.3,22.22,23.4,23.35,23.99,24.08,23.64
T2M,2020,2.5,35.0,24.78,25.98,25.41,24.85,23.42,22.6,22.36,23.04,24.21,24.61,24.58,24.76,24.21
T2M,2020,2.5,35.625,27.86,28.96,28.9,28.08,27.44,26.7,26.44,27.07,28.61,29.27,28.77,28.65,28.06
T2M,2020,2.5,36.25,29.84,30.33,30.71,29.66,29.49,29.01,28.78,29.38,30.76,31.29,30.02,30.0,29.94
T2M,2020,2.5,36.875,26.26,27.1,27.27,26.05,25.62,25.54,25.14,25.86,26.87,27.61,26.08,26.48,26.32
T2M,2020,2.5,37.5,28.28,29.4,29.58,27.79,27.41,27.53,27.36,27.86,28.78,29.71,28.04,28.66,28.36
T2M,2020,2.5,38.125,26.95,28.35,28.51,26.46,25.92,25.94,25.65,26.25,27.2,28.14,26.38,27.03,26.89
T2M,2020,2.5,38.75,28.17,30.04,29.99,27.62,26.56,26.65,26.52,27.21,28.16,28.93,27.27,28.03,27.92
T2M,2020,2.5,39.375,28.27,30.5,30.46,27.53,25.63,26.01,26.03,26.93,27.84,28.22,26.77,27.76,27.65
T2M,2020,2.5,40.0,27.94,30.47,30.29,27.45,25.33,25.53,25.64,26.4,27.31,27.61,26.47,27.47,27.32
T2M,2020,2.5,40.625,28.22,31.06,30.88,28.0,25.99,26.14,26.29,26.82,27.31,27.59,26.5,27.82,27.71
T2M,2020,2.5,41.25,29.45,31.77,31.63,28.89,26.93,27.0,26.84,27.28,27.78,28.6,27.03,28.63,28.48
T2M,2020,2.5,41.875,29.56,31.59,31.57,28.92,26.58,26.72,26.56,26.74,27.31,28.33,26.82,28.46,28.25
T2M,2020,3.0,34.375,23.21,24.43,23.49,22.92,21.71,21.01,20.22,20.96,21.69,21.55,21.68,21.76,22.04
T2M,2020,3.0,35.0,26.02,27.29,26.36,25.77,24.53,24.06,23.92,24.63,25.99,26.1,26.04,26.17,25.57
T2M,2020,3.0,35.625,28.98,30.04,29.95,29.46,28.92,28.35,28.39,29.02,30.52,30.77,30.04,29.98,29.53
T2M,2020,3.0,36.25,30.27,31.13,31.18,30.18,29.42,29.14,28.97,29.51,30.67,31.22,30.5,30.69,30.24
T2M,2020,3.0,36.875,29.05,30.06,30.09,28.54,27.68,27.93,27.71,28.43,29.49,30.21,28.93,29.51,28.97
T2M,2020,3.0,37.5,29.24,30.56,30.45,28.37,27.45,27.85,27.74,28.38,29.39,30.21,28.73,29.67,29.0
T2M,2020,3.0,38.125,27.88,29.69,29.57,27.17,26.03,26.15,25.89,26.8,27.84,28.57,27.12,28.08,27.56
T2M,2020,3.0,38.75,27.95,30.28,29.69,26.95,25.31,25.63,25.67,26.63,27.61,28.13,26.61,27.78,27.34
T2M,2020,3.0,39.375,27.84,30.18,29.92,26.84,24.41,25.06,25.13,26.12,27.16,27.37,25.95,27.03,26.91
T2M,2020,3.0,40.0,27.26,29.86,29.83,26.82,24.23,24.7,24.95,25.8,26.79,26.95,25.47,26.43,26.58
T2M,2020,3.0,40.625,27.64,30.27,30.53,27.75,25.52,25.67,25.87,26.45,27.14,27.49,26.28,27.0,27.29
T2M,2020,3.0,41.25,28.63,31.02,31.38,28.6,26.46,26.54,26.49,26.94,27.58,28.24,27.05,27.94,28.06
T2M,2020,3.0,41.875,28.27,30.5,31.01,28.48,26.08,26.16,25.95,26.29,27.06,27.83,26.92,27.55,27.67
T2M,2020,3.5,34.375,23.67,24.9,23.8,22.93,21.84,21.47,20.66,21.13,22.05,21.78,22.04,22.25,22.37
T2M,2020,3.5,35.0,27.29,28.72,27.28,26.61,25.66,25.33,25.22,25.81,27.3,27.31,27.23,27.24,26.74
T2M,2020,3.5,35.625,29.52,30.61,29.77,29.13,28.41,28.11,28.0,28.69,30.36,30.29,30.04,30.43,29.44
T2M,2020,3.5,36.25,30.14,30.94,30.55,29.36,28.53,28.38,28.21,28.89,30.1,30.36,29.93,30.56,29.66
T2M,2020,3.5,36.875,29.55,30.62,30.47,28.55,27.27,27.74,27.6,28.48,29.59,30.15,29.25,30.25,29.12
T2M,2020,3.5,37.5,28.3,29.46,29.07,26.97,25.71,26.01,25.9,26.77,27.8,28.34,27.61,28.72,27.55
T2M,2020,3.5,38.125,26.73,28.42,28.02,25.64,23.77,24.07,23.89,24.88,26.08,26.52,26.0,26.85,25.9
T2M,2020,3.5,38.75,26.48,28.54,28.05,25.4,22.8,23.2,23.2,24.19,25.31,25.69,25.03,26.19,25.33
T2M,2020,3.5,39.375,25.15,27.47,27.6,24.89,22.07,22.29,22.37,23.44,24.56,24.67,23.38,24.47,24.35
T2M,2020,3.5,40.0,26.26,28.76,29.23,26.29,23.49,24.06,24.28,25.2,26.25,26.06,24.37,25.52,25.8
T2M,2020,3.5,40.625,26.29,29.07,29.85,26.96,24.6,24.94,25.28,25.86,26.6,26.47,25.12,25.83,26.4
T2M,2020,3.5,41.25,27.34,29.82,30.99,28.38,26.3,26.37,26.39,26.85,27.62,27.92,26.72,27.0,27.63
T2M,2020,3.5,41.875,28.44,30.75,31.81,29.25,27.37,27.32,27.12,27.51,28.36,28.91,27.73,27.97,28.54
T2M,2020,4.0,34.375,26.05,27.57,26.17,25.43,24.71,24.28,23.7,23.87,25.26,24.92,24.98,25.25,25.17
T2M,2020,4.0,35.0,28.37,29.95,28.14,27.38,26.62,26.45,26.5,27.02,28.55,28.24,28.4,28.53,27.84
T2M,2020,4.0,35.625,28.29,29.64,28.18,27.37,26.46,26.34,26.4,26.94,28.57,28.38,28.66,29.35,27.87
T2M,2020,4.0,36.25,30.35,31.43,30.45,29.32,28.35,28.26,28.07,28.75,30.13,30.01,30.23,31.05,29.69
T2M,2020,4.0,36.875,28.68,29.99,29.41,27.29,25.67,26.21,26.21,27.13,28.63,28.34,28.57,29.53,27.96
T2M,2020,4.0,37.5,28.11,29.75,29.18,26.64,24.61,25.08,25.13,26.2,27.48,27.47,27.65,28.64,27.15
T2M,2020,4.0,38.125,23.86,25.83,25.73,23.35,21.01,20.99,20.81,21.93,23.01,23.26,23.03,23.93,23.05
T2M,2020,4.0,38.75,21.62,24.02,24.67,22.19,19.88,19.47,19.28,20.45,21.76,21.75,21.2,21.74,21.49
T2M,2020,4.0,39.375,22.83,25.58,26.28,23.97,21.28,21.23,21.22,22.65,23.56,23.09,21.87,22.36,22.98
T2M,2020,4.0,40.0,24.65,27.53,28.31,25.51,22.47,22.89,23.15,24.45,25.33,24.43,23.37,24.28,24.69
T2M,2020,4.0,40.625,24.99,27.73,29.08,26.16,23.79,24.36,24.78,25.47,26.22,25.56,24.19,24.76,25.58
T2M,2020,4.0,41.25,26.98,29.12,31.08,28.37,26.52,26.89,26.95,27.54,28.24,28.14,26.71,26.62,27.76
T2M,2020,4.0,41.875,28.41,30.67,32.62,29.84,28.27,28.43,28.27,28.79,29.59,29.77,28.36,28.3,29.27
T2M,2020,4.5,34.375,28.5,29.78,27.59,27.08,26.98,26.42,26.3,26.46,27.91,27.0,27.14,27.76,27.4
T2M,2020,4.5,35.0,28.34,29.8,27.87,27.02,26.37,26.35,26.45,27.12,28.46,27.92,28.24,28.29,27.68
T2M,2020,4.5,35.625,28.47,29.85,27.87,27.01,26.16,26.06,26.21,26.96,28.48,28.16,28.79,29.29,27.77
T2M,2020,4.5,36.25,29.71,31.18,29.57,28.52,27.19,27.33,27.44,28.15,29.83,29.35,30.08,30.72,29.08
T2M,2020,4.5,36.875,28.69,30.19,29.42,27.66,25.56,25.83,25.87,26.76,28.25,27.88,28.72,29.4,27.84
T2M,2020,4.5,37.5,25.81,27.63,27.3,24.68,22.47,22.44,22.69,24.01,25.51,24.86,25.33,26.37,24.91
T2M,2020,4.5,38.125,20.96,22.86,23.87,21.67,19.7,18.98,18.85,20.08,21.42,20.99,20.74,21.13,20.93
T2M,2020,4.5,38.75,21.44,23.59,24.98,22.75,20.47,19.96,19.92,21.32,22.48,21.97,21.2,21.32,21.78
T2M,2020,4.5,39.375,23.05,25.69,27.23,24.8,21.98,22.25,22.24,23.81,24.67,23.52,22.59,23.0,23.73
T2M,2020,4.5,40.0,22.41,24.97,26.44,24.08,21.64,21.77,21.68,22.97,23.93,22.93,22.01,22.45,23.1
T2M,2020,4.5,40.625,23.73,26.32,28.18,25.48,23.15,23.78,23.96,25.17,25.92,24.69,23.64,23.98,24.83
T2M,2020,4.5,41.25,24.22,26.63,28.57,26.31,24.49,25.15,25.08,25.88,26.72,26.36,24.83,24.77,25.75
T2M,2020,4.5,41.875,28.07,30.27,32.55,29.53,28.06,28.62,28.55,29.15,29.87,29.71,28.33,28.31,29.25
T2M,2021,-0.5,34.375,23.94,24.28,25.21,22.86,22.55,22.62,22.91,24.09,24.12,24.6,24.01,23.65,23.74
T2M,2021,-0.5,35.0,19.71,20.43,21.25,20.12,19.52,19.04,18.58,19.47,19.88,20.6,20.71,20.15,19.95
T2M,2021,-0.5,35.625,13.99,14.63,14.95,15.34,15.07,14.05,13.19,13.8,14.54,15.21,15.16,15.02,14.58
T2M,2021,-0.5,36.25,14.55,15.18,15.4,15.83,15.35,14.24,13.5,14.04,14.84,15.59,15.79,15.27,14.96
T2M,2021,-0.5,36.875,15.72,16.51,16.85,16.8,15.97,15.08,14.38,15.1,16.33,17.05,17.1,15.87,16.06
T2M,2021,-0.5,37.5,20.35,21.4,21.7,21.31,19.77,19.14,18.25,19.23,20.65,21.55,21.64,19.64,20.37
T2M,2021,-0.5,38.125,24.9,26.23,26.59,26.05,24.36,23.86,23.24,24.18,25.33,26.17,26.21,23.18,25.01
T2M,2021,-0.5,38.75,27.37,28.7,28.73,27.73,25.97,25.43,24.88,25.78,26.7,27.8,28.34,25.02,26.85
T2M,2021,-0.5,39.375,29.09,30.27,29.56,28.37,26.87,25.91,25.41,26.46,27.36,28.78,29.74,26.47,27.84
T2M,2021,-0.5,40.0,29.58,30.56,29.71,28.38,27.13,26.11,25.64,26.69,27.64,29.12,30.23,27.27,28.15
T2M,2021,-0.5,40.625,29.65,30.52,29.12,28.41,27.73,25.81,25.37,26.69,27.82,29.26,30.2,27.35,28.14
T2M,2021,-0.5,41.25,29.59,30.16,29.02,28.83,28.21,26.13,25.75,26.92,27.95,29.19,30.06,27.63,28.27
T2M,2021,-0.5,41.875,29.09,29.1,28.82,28.98,28.24,26.57,25.85,26.45,27.52,28.52,29.51,28.32,28.07
T2M,2021,-1.0,34.375,21.12,21.4,22.85,21.5,20.92,20.68,21.48,22.8,22.88,23.53,22.81,21.71,21.98
T2M,2021,-1.0,35.0,18.59,18.8,19.83,19.01,18.37,17.52,17.23,18.19,19.02,20.09,20.28,19.5,18.87
T2M,2021,-1.0,35.625,17.89,18.25,19.39,18.34,17.33,16.33,15.54,16.83,17.89,19.36,19.85,19.06,18.0
T2M,2021,-1.0,36.25,17.47,17.93,18.78,18.08,16.54,15.63,14.69,15.93,17.17,18.41,18.76,17.57,17.24
T2M,2021,-1.0,36.875,18.8,19.64,20.28,19.93,18.49,17.7,17.12,18.12,19.63,20.36,20.14,18.15,19.02
T2M,2021,-1.0,37.5,22.18,23.14,23.69,23.18,21.29,20.43,19.78,20.82,22.32,23.41,23.35,21.32,22.06
T2M,2021,-1.0,38.125,24.45,25.32,25.78,24.9,23.12,22.26,21.67,22.6,23.76,24.85,24.99,22.67,23.85
T2M,2021,-1.0,38.75,27.93,28.84,28.86,27.41,25.76,25.1,24.64,25.56,26.52,27.54,28.18,25.45,26.8
T2M,2021,-1.0,39.375,29.72,30.57,29.73,28.22,26.76,25.74,25.38,26.41,27.29,28.71,29.81,26.93,27.92
T2M,2021,-1.0,40.0,30.24,30.96,30.07,28.26,27.13,26.08,25.71,26.72,27.67,29.12,30.35,27.51,28.3
T2M,2021,-1.0,40.625,29.66,30.3,29.09,28.35,27.53,25.51,25.09,26.35,27.45,28.87,30.04,27.36,27.95
T2M,2021,-1.0,41.25,29.24,29.55,28.77,28.69,27.83,25.83,25.37,26.42,27.4,28.61,29.67,27.36,27.88
T2M,2021,-1.0,41.875,27.89,27.79,28.01,28.68,27.77,26.33,25.62,25.85,26.68,27.51,28.61,28.05,27.39
T2M,2021,-1.5,34.375,21.01,22.0,23.76,21.85,21.2,21.84,22.95,23.67,23.93,24.58,23.42,22.85,22.76
T2M,2021,-1.5,35.0,19.77,20.22,21.85,20.44,19.4,19.28,19.63,20.59,21.53,22.83,22.12,21.33,20.75
T2M,2021,-1.5,35.625,17.92,18.16,19.22,18.13,16.73,16.06,15.41,16.81,17.81,19.52,19.33,18.42,17.79
T2M,2021,-1.5,36.25,23.04,23.18,24.19,22.73,20.86,20.18,19.33,20.85,22.35,24.11,24.09,22.31,22.26
T2M,2021,-1.5,36.875,20.56,21.04,21.96,20.86,19.2,18.83,18.35,19.32,20.53,21.65,21.54,19.67,20.28
T2M,2021,-1.5,37.5,21.5,22.31,23.0,22.24,20.23,19.31,18.79,19.9,21.21,22.36,22.46,20.82,21.17
T2M,2021,-1.5,38.125,24.31,25.11,25.67,25.02,23.16,21.96,21.5,22.52,23.75,24.84,25.04,23.4,23.85
T2M,2021,-1.5,38.75,28.05,28.83,28.88,27.27,25.7,24.79,24.37,25.33,26.32,27.42,28.14,26.02,26.74
T2M,2021,-1.5,39.375,29.94,30.47,29.81,27.9,26.5,25.53,25.19,26.18,27.08,28.38,29.55,27.51,27.82
T2M,2021,-1.5,40.0,30.45,30.94,29.73,28.0,26.95,25.52,25.42,26.54,27.45,28.83,30.21,28.0,28.15
T2M,2021,-1.5,40.625,29.81,30.22,29.33,28.43,27.41,25.43,24.99,26.09,27.11,28.49,29.9,27.88,27.91
T2M,2021,-1.5,41.25,28.95,29.13,28.69,28.69,27.69,25.87,25.29,26.06,27.0,28.16,29.38,27.63,27.7
T2M,2021,-1.5,41.875,26.87,26.76,27.4,28.4,27.37,26.32,25.58,25.4,26.0,26.65,27.82,27.7,26.85
T2M,2021,-1.7975103014118005e-13,34.375,22.96,23.45,24.34,22.59,22.2,22.13,21.98,22.89,22.69,23.65,23.49,23.18,22.96
T2M,2021,-1.7975103014118005e-13,35.0,19.9,20.72,21.57,20.8,20.05,19.65,18.95,19.82,20.11,20.8,21.04,20.38,20.31
T2M,2021,-1.7975103014118005e-13,35.625,14.26,15.31,15.64,16.2,15.92,15.14,14.53,15.03,15.74,16.09,15.94,15.32,15.42
T2M,2021,-1.7975103014118005e-13,36.25,16.4,17.71,18.47,18.67,18.0,17.36,16.63,17.15,18.1,18.56,18.76,17.73,17.79
T2M,2021,-1.7975103014118005e-13,36.875,16.39,17.73,18.2,18.7,17.99,17.35,16.57,17.33,18.14,18.67,18.53,17.31,17.74
T2M,2021,-1.7975103014118005e-13,37.5,16.47,17.65,18.05,18.36,17.39,16.9,16.09,17.06,18.11,18.66,18.46,16.51,17.47
T2M,2021,-1.7975103014118005e-13,38.125,25.3,26.56,26.96,26.94,25.22,24.87,24.28,25.21,26.33,26.99,26.83,23.5,25.74
T2M,2021,-1.7975103014118005e-13,38.75,27.67,29.14,29.47,28.8,26.9,26.33,25.81,26.73,27.6,28.69,28.97,25.33,27.6
T2M,2021,-1.7975103014118005e-13,39.375,28.92,30.3,30.16,29.15,27.34,26.43,25.9,26.93,27.83,29.16,29.84,26.22,28.16
T2M,2021,-1.7975103014118005e-13,40.0,29.4,30.48,30.02,29.14,27.59,26.49,25.99,27.05,28.05,29.46,30.23,26.95,28.39
T2M,2021,-1.7975103014118005e-13,40.625,29.76,30.75,29.66,29.02,28.2,26.47,26.03,27.26,28.37,29.81,30.35,26.9,28.53
T2M,2021,-1.7975103014118005e-13,41.25,29.89,30.63,29.63,29.24,28.73,26.77,26.4,27.42,28.49,29.7,30.29,27.14,28.68
T2M,2021,-1.7975103014118005e-13,41.875,29.77,30.05,29.72,29.5,28.76,26.99,26.26,26.92,28.12,29.27,29.96,27.61,28.56
T2M,2021,-2.0,34.375,21.17,22.34,24.28,22.09,21.56,22.28,23.33,24.06,24.83,25.7,23.79,23.66,23.27
T2M,2021,-2.0,35.0,20.11,20.54,22.03,20.53,19.59,19.37,19.75,20.94,21.98,23.36,22.09,21.47,20.98
T2M,2021,-2.0,35.625,18.95,18.97,19.85,18.59,17.25,16.4,15.81,17.5,18.71,20.34,19.86,18.78,18.41
T2M,2021,-2.0,36.25,25.47,25.26,26.52,24.62,23.15,22.5,21.88,23.61,25.04,26.6,26.22,24.66,24.62
T2M,2021,-2.0,36.875,21.29,21.55,22.54,21.06,19.61,19.02,18.53,19.79,20.79,21.96,21.98,20.27,20.69
T2M,2021,-2.0,37.5,22.35,22.87,23.68,22.66,20.86,19.73,19.35,20.61,21.75,23.01,23.24,21.57,21.8
T2M,2021,-2.0,38.125,24.88,25.74,26.18,25.29,23.62,22.15,21.81,22.9,24.01,25.3,25.74,24.01,24.29
T2M,2021,-2.0,38.75,28.26,28.79,28.7,26.95,25.46,24.23,24.03,25.01,26.04,27.29,28.18,26.28,26.59
T2M,2021,-2.0,39.375,29.86,30.1,29.33,27.53,26.22,24.84,24.71,25.86,26.82,28.09,29.35,27.81,27.53
T2M,2021,-2.0,40.0,30.36,30.5,29.34,27.89,26.83,25.31,25.38,26.28,27.17,28.45,29.8,28.56,27.97
T2M,2021,-2.0,40.625,29.56,29.62,28.85,28.26,27.13,25.45,25.09,25.85,26.73,27.92,29.4,28.51,27.68
T2M,2021,-2.0,41.25,27.65,27.66,27.94,28.6,27.6,26.15,25.51,25.55,26.22,27.0,28.29,28.09,27.18
T2M,2021,-2.0,41.875,26.37,26.33,27.17,28.2,27.2,26.35,25.6,25.22,25.72,26.27,27.43,27.51,26.61
T2M,2021,-2.5,34.375,20.51,21.09,22.89,21.41,20.66,21.09,21.95,23.55,24.32,25.01,23.17,22.4,22.35
T2M,2021,-2.5,35.0,19.22,19.36,20.5,19.45,18.56,18.26,18.58,20.41,21.6,23.04,21.61,20.33,20.08
T2M,2021,-2.5,35.625,21.44,21.52,22.4,20.46,19.49,18.75,18.78,20.71,22.14,24.1,23.26,20.95,21.16
T2M,2021,-2.5,36.25,24.21,24.17,25.35,23.12,21.99,21.32,20.97,22.95,24.54,26.39,25.81,23.5,23.69
T2M,2021,-2.5,36.875,21.96,22.43,23.45,22.3,21.19,20.15,19.66,21.67,23.05,24.15,23.68,21.24,22.07
T2M,2021,-2.5,37.5,22.14,23.01,23.74,22.46,21.19,19.57,19.69,21.26,22.49,23.89,24.05,21.48,22.07
T2M,2021,-2.5,38.125,24.54,25.52,26.04,24.97,23.39,21.58,21.37,22.72,23.84,25.36,25.88,23.6,24.06
T2M,2021,-2.5,38.75,27.93,28.62,28.54,26.65,25.3,23.61,23.71,24.78,25.83,27.28,28.26,26.05,26.36
T2M,2021,-2.5,39.375,29.15,29.48,28.72,26.9,25.7,24.04,24.11,25.38,26.39,27.75,29.02,27.31,26.98
T2M,2021,-2.5,40.0,29.08,29.16,28.43,27.61,26.51,24.83,25.03,25.66,26.44,27.67,28.94,28.0,27.27
T2M,2021,-2.5,40.625,27.97,27.94,27.88,28.22,27.07,25.66,25.31,25.46,26.14,27.02,28.31,28.12,27.08
T2M,2021,-2.5,41.25,26.4,26.48,27.19,28.15,27.2,26.24,25.51,25.11,25.65,26.26,27.42,27.61,26.6
T2M,2021,-2.5,41.875,26.39,26.42,27.22,28.18,27.23,26.35,25.63,25.24,25.71,26.28,27.46,27.55,26.64
T2M,2021,-3.0,34.375,20.17,20.48,21.7,21.48,20.42,20.28,20.65,22.74,23.69,25.31,23.74,22.84,21.97
T2M,2021,-3.0,35.0,19.11,19.27,19.5,19.2,18.39,17.95,17.9,20.27,21.62,23.13,22.51,20.63,19.96
T2M,2021,-3.0,35.625,16.62,16.82,16.83,16.19,15.24,14.14,13.75,15.58,17.08,18.84,19.21,17.27,16.46
T2M,2021,-3.0,36.25,21.84,22.31,23.18,20.85,19.69,18.97,18.94,20.93,22.32,24.44,24.95,22.08,21.7
T2M,2021,-3.0,36.875,20.43,20.83,21.09,19.99,18.5,16.83,16.22,18.02,19.77,22.13,23.58,20.59,19.82
T2M,2021,-3.0,37.5,17.18,17.74,18.18,17.53,16.34,14.61,13.93,15.45,16.69,18.43,19.47,17.44,16.91
T2M,2021,-3.0,38.125,24.1,24.88,25.45,24.22,22.6,20.59,20.36,21.62,22.78,24.72,25.73,23.28,23.35
T2M,2021,-3.0,38.75,27.27,28.06,28.16,26.02,24.75,22.7,22.87,24.08,25.17,26.82,28.01,25.37,25.76
T2M,2021,-3.0,39.375,28.39,28.94,28.28,26.46,25.37,23.49,23.65,24.86,25.89,27.35,28.75,26.86,26.51
T2M,2021,-3.0,40.0,28.04,28.15,28.0,27.58,26.54,24.98,25.04,25.32,26.02,27.11,28.43,27.59,26.89
T2M,2021,-3.0,40.625,26.74,26.76,27.29,28.21,27.11,26.07,25.42,25.08,25.62,26.31,27.51,27.76,26.65
T2M,2021,-3.0,41.25,26.54,26.6,27.2,28.15,27.24,26.24,25.55,25.13,25.63,26.28,27.49,27.7,26.64
T2M,2021,-3.0,41.875,26.5,26.56,27.24,28.16,27.25,26.33,25.64,25.24,25.7,26.28,27.48,27.66,26.67
T2M,2021,-3.5,34.375,21.34,21.67,22.13,22.03,21.43,21.37,21.9,23.78,24.93,26.62,25.35,24.26,23.08
T2M,2021,-3.5,35.0,20.8,20.91,20.99,20.31,19.68,19.24,19.18,21.03,22.44,24.22,24.07,22.25,21.26
T2M,2021,-3.5,35.625,19.59,19.82,20.17,18.85,18.02,17.35,17.09,18.83,20.36,22.25,22.66,20.34,19.61
T2M,2021,-3.5,36.25,21.46,21.97,22.76,20.92,20.13,19.38,19.33,21.1,22.32,24.07,24.7,22.15,21.69
T2M,2021,-3.5,36.875,22.05,22.11,22.71,20.84,19.33,18.1,17.84,19.83,21.46,23.38,24.4,22.0,21.16
T2M,2021,-3.5,37.5,24.97,25.26,25.91,23.73,21.96,20.14,19.85,21.8,23.26,25.38,26.67,24.36,23.6
T2M,2021,-3.5,38.125,23.75,24.27,24.86,22.77,21.26,18.9,18.89,20.24,21.31,23.25,24.73,22.39,22.2
T2M,2021,-3.5,38.75,25.74,26.33,26.65,24.61,23.13,21.3,21.17,22.23,23.33,25.03,26.48,24.47,24.19
T2M,2021,-3.5,39.375,27.7,28.25,27.63,25.85,24.84,22.99,23.11,24.17,25.2,26.62,28.02,26.27,25.87
T2M,2021,-3.5,40.0,27.63,27.68,27.95,27.82,26.79,25.53,25.25,25.16,25.77,26.62,27.9,27.62,26.8
T2M,2021,-3.5,40.625,26.91,26.92,27.42,28.25,27.13,26.13,25.44,25.06,25.54,26.22,27.44,27.8,26.68
T2M,2021,-3.5,41.25,26.88,26.86,27.3,28.21,27.25,26.21,25.56,25.15,25.61,26.28,27.47,27.86,26.72
T2M,2021,-3.5,41.875,26.75,26.76,27.25,28.15,27.25,26.31,25.61,25.23,25.67,26.26,27.46,27.8,26.71
T2M,2021,-4.0,34.375,21.71,22.14,22.14,22.13,21.85,21.57,21.52,23.89,25.39,27.08,26.03,24.53,23.34
T2M,2021,-4.0,35.0,20.2,20.41,20.46,20.15,19.65,19.11,18.79,20.71,22.13,23.9,24.02,22.16,20.97
T2M,2021,-4.0,35.625,19.6,19.69,20.03,19.14,18.46,17.76,17.16,18.9,20.36,22.19,22.98,20.82,19.75
T2M,2021,-4.0,36.25,21.71,21.82,22.46,21.14,20.39,19.62,19.14,21.03,22.25,24.14,25.22,22.54,21.79
T2M,2021,-4.0,36.875,22.46,22.12,22.85,21.51,20.08,18.95,18.44,20.18,21.37,23.36,24.64,22.22,21.51
T2M,2021,-4.0,37.5,24.32,23.97,24.85,23.02,21.27,19.79,19.42,21.24,22.72,24.71,26.05,23.43,22.89
T2M,2021,-4.0,38.125,25.88,25.73,26.34,24.03,22.26,20.02,20.08,21.68,22.99,24.82,26.09,23.71,23.62
T2M,2021,-4.0,38.75,26.84,27.08,27.28,24.58,23.04,21.3,21.3,22.37,23.47,25.24,26.84,24.77,24.49
T2M,2021,-4.0,39.375,28.26,28.41,27.87,26.32,25.27,23.67,23.76,24.58,25.5,26.76,28.18,26.68,26.26
T2M,2021,-4.0,40.0,27.32,27.39,27.86,28.1,26.99,25.95,25.37,25.05,25.57,26.29,27.46,27.75,26.75
T2M,2021,-4.0,40.625,27.21,27.25,27.67,28.31,27.16,26.12,25.44,25.08,25.51,26.22,27.41,27.83,26.76
T2M,2021,-4.0,41.25,27.17,27.13,27.51,28.27,27.24,26.16,25.54,25.15,25.57,26.26,27.42,27.87,26.77
T2M,2021,-4.0,41.875,27.04,27.0,27.34,28.15,27.23,26.28,25.57,25.19,25.62,26.26,27.43,27.87,26.74
T2M,2021,-4.5,34.375,20.74,21.21,21.15,20.75,20.19,19.41,18.78,21.26,22.89,24.88,24.75,23.13,21.59
T2M,2021,-4.5,35.0,19.62,19.77,19.92,19.28,18.57,17.94,17.04,19.14,20.65,22.39,22.93,21.21,19.87
T2M,2021,-4.5,35.625,20.53,20.17,20.61,19.4,18.79,18.04,17.16,18.89,20.3,21.96,22.88,21.08,19.98
T2M,2021,-4.5,36.25,22.63,22.2,22.69,21.16,20.37,19.66,19.02,20.91,22.17,24.04,25.35,22.87,21.92
T2M,2021,-4.5,36.875,22.84,22.1,22.82,21.24,19.9,18.63,18.15,19.81,20.97,22.96,24.51,22.08,21.33
T2M,2021,-4.5,37.5,23.97,23.53,24.28,22.34,20.63,19.18,18.72,20.32,21.64,23.78,25.57,23.03,22.24
T2M,2021,-4.5,38.125,24.21,24.41,25.1,22.91,20.88,18.92,18.58,20.1,21.71,23.78,25.37,22.83,22.39
T2M,2021,-4.5,38.75,26.71,27.13,27.43,25.03,23.23,21.54,21.48,22.51,23.81,25.47,26.98,25.01,24.68
T2M,2021,-4.5,39.375,28.3,28.47,28.55,27.21,26.05,24.92,24.68,24.9,25.73,26.79,28.13,27.44,26.75
T2M,2021,-4.5,40.0,27.36,27.53,27.91,28.18,27.01,26.04,25.37,25.05,25.53,26.23,27.38,27.81,26.78
T2M,2021,-4.5,40.625,27.42,27.52,27.91,28.36,27.16,26.09,25.42,25.07,25.47,26.22,27.39,27.88,26.82
T2M,2021,-4.5,41.25,27.36,27.37,27.78,28.32,27.24,26.13,25.5,25.12,25.53,26.23,27.39,27.86,26.81
T2M,2021,-4.5,41.875,27.25,27.23,27.57,28.18,27.23,26.26,25.53,25.14,25.57,26.24,27.4,27.86,26.78
T2M,2021,0.5,34.375,21.58,22.19,23.18,21.97,21.24,21.1,20.46,21.52,21.15,22.32,22.64,22.73,21.84
T2M,2021,0.5,35.0,17.95,18.92,20.0,19.78,18.77,18.42,17.26,18.33,18.61,18.83,19.19,18.58,18.72
T2M,2021,0.5,35.625,17.45,18.81,19.76,19.92,19.04,18.48,17.72,18.5,19.26,19.64,19.92,18.58,18.92
T2M,2021,0.5,36.25,20.52,22.29,23.13,23.08,21.93,22.03,20.64,21.62,22.72,23.0,23.04,21.36,22.11
T2M,2021,0.5,36.875,18.16,19.96,20.96,21.31,20.51,20.38,19.34,20.55,21.33,21.46,21.03,18.8,20.31
T2M,2021,0.5,37.5,21.57,23.19,23.96,24.12,23.2,22.81,22.24,23.49,24.43,24.64,23.92,20.82,23.19
T2M,2021,0.5,38.125,25.27,26.31,27.04,27.03,25.26,24.54,24.03,25.02,26.04,26.79,26.62,23.02,25.57
T2M,2021,0.5,38.75,27.64,28.96,29.62,29.09,27.17,26.4,25.91,26.82,27.63,28.68,28.86,25.32,27.66
T2M,2021,0.5,39.375,28.85,30.38,30.7,29.67,27.74,26.9,26.42,27.41,28.31,29.49,29.82,26.0,28.46
T2M,2021,0.5,40.0,29.44,30.78,30.78,29.7,28.01,27.02,26.51,27.6,28.58,29.94,30.22,26.23,28.72
T2M,2021,0.5,40.625,29.93,31.0,30.82,29.77,28.73,27.32,26.77,27.88,28.96,30.34,30.51,26.31,29.01
T2M,2021,0.5,41.25,30.0,30.8,30.77,29.87,29.15,27.52,27.04,27.85,28.94,30.12,30.59,27.08,29.13
T2M,2021,0.5,41.875,30.06,30.57,30.84,30.18,29.18,27.6,26.81,27.31,28.54,29.78,30.26,27.14,29.01
T2M,2021,1.0,34.375,17.15,18.26,19.0,18.56,17.73,17.48,16.48,17.49,17.69,18.23,18.66,18.59,17.94
T2M,2021,1.0,35.0,15.89,17.28,18.46,18.17,17.03,16.75,15.79,16.67,17.09,17.07,17.31,16.83,17.02
T2M,2021,1.0,35.625,20.03,21.65,22.23,22.23,20.88,21.1,19.55,20.99,21.57,21.8,22.34,20.47,21.23
T2M,2021,1.0,36.25,22.85,24.59,25.31,25.29,23.88,24.16,22.67,24.04,25.12,25.3,25.24,23.45,24.32
T2M,2021,1.0,36.875,19.1,20.72,21.47,22.07,21.43,20.69,20.05,21.14,22.08,22.02,21.7,19.69,21.01
T2M,2021,1.0,37.5,23.36,24.67,25.54,25.85,24.77,23.98,23.51,24.75,25.58,25.83,25.56,22.54,24.66
T2M,2021,1.0,38.125,26.88,28.05,28.93,28.95,27.35,26.39,25.78,26.74,27.63,28.44,28.36,25.02,27.37
T2M,2021,1.0,38.75,28.41,29.92,30.63,30.08,28.37,27.5,26.94,27.87,28.67,29.76,29.73,26.25,28.66
T2M,2021,1.0,39.375,28.75,30.52,30.97,29.81,27.95,27.29,26.75,27.78,28.7,29.93,29.91,25.9,28.67
T2M,2021,1.0,40.0,28.92,30.61,31.06,29.73,28.13,27.21,26.69,27.8,28.81,30.2,30.15,25.52,28.72
T2M,2021,1.0,40.625,29.87,31.17,31.4,30.02,28.92,27.72,27.11,28.14,29.21,30.54,30.61,26.06,29.21
T2M,2021,1.0,41.25,30.29,31.29,31.63,30.29,29.48,28.09,27.46,28.17,29.25,30.45,30.85,27.0,29.51
T2M,2021,1.0,41.875,30.34,31.06,31.53,30.65,29.44,28.08,27.2,27.58,28.83,30.17,30.51,26.47,29.31
T2M,2021,1.5,34.375,21.07,22.75,24.6,23.23,21.54,22.35,21.15,22.34,22.16,22.66,23.88,23.31,22.58
T2M,2021,1.5,35.0,20.23,22.0,23.1,22.36,20.1,20.73,19.5,20.71,21.23,21.27,22.01,21.04,21.18
T2M,2021,1.5,35.625,23.84,25.41,26.19,25.8,24.43,24.92,22.77,24.74,25.83,25.83,26.03,23.79,24.95
T2M,2021,1.5,36.25,26.07,27.82,28.5,28.46,27.47,27.47,25.55,27.6,28.62,28.63,28.51,26.26,27.57
T2M,2021,1.5,36.875,22.28,23.59,24.27,24.76,24.11,23.36,22.59,24.01,24.72,24.71,24.27,22.0,23.72
T2M,2021,1.5,37.5,25.15,26.38,27.17,27.56,26.44,25.55,24.85,26.0,26.88,27.18,27.14,24.28,26.21
T2M,2021,1.5,38.125,27.85,29.15,29.8,29.79,28.3,27.41,26.8,27.76,28.63,29.48,29.39,26.1,28.36
T2M,2021,1.5,38.75,28.56,30.23,30.78,30.18,28.55,27.91,27.31,28.22,29.05,30.12,30.15,26.45,28.94
T2M,2021,1.5,39.375,28.25,30.12,30.75,29.74,28.07,27.33,26.77,27.79,28.74,29.94,30.03,25.59,28.58
T2M,2021,1.5,40.0,28.77,30.7,31.13,29.87,28.25,27.44,26.86,27.92,28.97,30.24,30.29,25.78,28.83
T2M,2021,1.5,40.625,29.31,31.16,31.43,30.28,29.23,27.94,27.21,28.18,29.24,30.46,30.68,26.01,29.24
T2M,2021,1.5,41.25,29.9,31.43,31.83,30.84,29.66,28.25,27.56,28.16,29.26,30.48,30.8,25.95,29.49
T2M,2021,1.5,41.875,30.35,31.22,31.58,30.81,29.49,28.11,27.17,27.51,28.77,30.21,30.52,25.97,29.29
T2M,2021,2.0,34.375,23.52,25.38,27.37,25.77,23.8,24.87,23.32,25.13,25.16,25.62,26.74,25.66,25.19
T2M,2021,2.0,35.0,22.63,24.3,25.78,24.84,22.58,23.27,21.84,23.37,24.19,24.59,25.1,23.65,23.84
T2M,2021,2.0,35.625,26.68,28.39,29.3,28.86,27.59,27.76,25.5,27.85,28.92,29.2,29.06,27.01,28.0
T2M,2021,2.0,36.25,28.37,30.36,30.93,30.86,29.97,29.87,28.04,30.08,31.13,31.18,30.91,28.76,30.03
T2M,2021,2.0,36.875,22.63,24.01,24.55,24.85,24.16,23.36,22.56,23.89,24.62,24.76,24.64,22.36,23.86
T2M,2021,2.0,37.5,25.92,27.49,28.04,28.33,27.18,26.33,25.75,26.67,27.54,28.06,28.15,25.3,27.05
T2M,2021,2.0,38.125,26.94,28.64,29.05,29.09,27.63,26.93,26.37,27.3,28.15,28.95,28.93,25.57,27.78
T2M,2021,2.0,38.75,27.7,29.74,30.13,29.76,28.16,27.49,26.96,27.93,28.82,29.81,29.88,26.06,28.52
T2M,2021,2.0,39.375,27.51,29.96,30.32,29.52,27.91,27.1,26.55,27.66,28.64,29.66,29.84,25.12,28.3
T2M,2021,2.0,40.0,27.77,30.26,30.38,29.35,27.79,26.9,26.31,27.45,28.5,29.49,29.78,25.07,28.23
T2M,2021,2.0,40.625,28.32,30.69,30.65,29.54,28.71,27.35,26.51,27.47,28.55,29.72,30.05,25.2,28.54
T2M,2021,2.0,41.25,28.89,31.12,31.26,30.4,29.42,27.98,27.12,27.85,28.95,30.27,30.58,25.54,29.09
T2M,2021,2.0,41.875,29.97,31.12,31.32,30.31,29.35,27.92,26.86,27.23,28.5,30.13,30.41,25.98,29.07
T2M,2021,2.5,34.375,22.8,24.99,26.66,25.74,23.48,24.83,22.65,24.7,25.07,25.77,26.12,24.73,24.79
T2M,2021,2.5,35.0,23.0,25.12,26.75,26.46,23.99,24.28,23.13,24.75,25.41,26.16,26.48,24.81,25.02
T2M,2021,2.5,35.625,26.63,28.43,30.15,29.92,28.06,27.7,26.47,28.48,29.15,29.98,29.81,27.91,28.55
T2M,2021,2.5,36.25,28.03,30.15,31.08,31.25,29.98,29.55,28.53,29.85,30.83,31.25,31.1,29.03,30.04
T2M,2021,2.5,36.875,24.52,26.47,27.03,27.42,26.44,25.63,25.11,26.15,26.89,27.41,27.44,25.05,26.29
T2M,2021,2.5,37.5,25.93,28.5,29.51,29.76,28.5,27.64,27.1,28.01,28.86,29.56,29.59,26.74,28.3
T2M,2021,2.5,38.125,24.61,27.29,28.19,28.19,26.85,26.0,25.45,26.46,27.33,28.12,28.14,24.92,26.78
T2M,2021,2.5,38.75,25.48,28.57,29.46,29.14,27.66,26.93,26.37,27.46,28.4,29.19,29.27,25.49,27.77
T2M,2021,2.5,39.375,25.48,28.79,29.46,28.81,27.27,26.51,25.98,27.14,28.11,28.96,29.21,24.46,27.5
T2M,2021,2.5,40.0,25.37,28.66,29.19,28.45,27.04,26.17,25.49,26.67,27.71,28.6,28.99,24.28,27.2
T2M,2021,2.5,40.625,26.04,29.27,29.63,28.78,27.89,26.75,25.84,26.76,27.8,28.91,29.33,24.6,27.61
T2M,2021,2.5,41.25,27.23,29.98,30.46,29.72,28.56,27.33,26.5,27.19,28.28,29.48,29.96,25.05,28.29
T2M,2021,2.5,41.875,27.79,30.03,30.61,29.3,28.19,27.16,26.15,26.56,27.68,29.25,29.77,25.17,28.12
T2M,2021,3.0,34.375,20.67,23.02,25.17,24.37,21.99,22.51,21.55,23.09,23.51,23.81,24.23,23.1,23.08
T2M,2021,3.0,35.0,23.57,26.03,27.72,27.78,25.3,25.42,24.41,25.95,26.76,27.68,27.66,25.93,26.18
T2M,2021,3.0,35.625,27.08,29.1,31.07,31.36,29.3,28.76,28.14,29.48,30.26,31.12,30.91,29.12,29.64
T2M,2021,3.0,36.25,28.1,30.15,31.46,31.86,30.06,29.21,28.77,29.74,30.58,31.45,31.43,29.57,30.19
T2M,2021,3.0,36.875,26.79,29.08,30.31,30.43,28.86,28.03,27.65,28.63,29.46,30.24,30.16,27.71,28.94
T2M,2021,3.0,37.5,26.67,29.23,30.48,30.29,28.99,28.21,27.52,28.55,29.43,30.23,30.15,27.12,28.9
T2M,2021,3.0,38.125,25.47,28.05,29.13,28.61,27.4,26.68,25.91,26.96,27.92,28.7,28.68,25.48,27.4
T2M,2021,3.0,38.75,25.46,28.42,29.31,28.25,26.89,26.33,25.59,26.76,27.8,28.45,28.53,24.77,27.2
T2M,2021,3.0,39.375,25.3,28.41,28.91,27.86,26.29,25.64,25.05,26.24,27.27,28.04,28.32,23.83,26.74
T2M,2021,3.0,40.0,24.57,27.92,28.44,27.63,26.17,25.51,24.72,25.87,26.9,27.76,28.14,23.46,26.41
T2M,2021,3.0,40.625,25.63,28.57,29.08,28.28,27.21,26.35,25.38,26.27,27.31,28.27,28.72,24.39,27.1
T2M,2021,3.0,41.25,27.03,29.48,30.11,29.19,27.9,26.94,26.03,26.67,27.77,28.88,29.46,25.44,27.89
T2M,2021,3.0,41.875,26.77,29.01,30.01,28.56,27.37,26.47,25.56,26.08,27.14,28.5,29.16,24.76,27.43
T2M,2021,3.5,34.375,20.89,23.37,25.12,24.25,22.13,22.42,21.55,22.86,23.58,24.32,24.21,22.97,23.13
T2M,2021,3.5,35.0,24.3,26.67,28.76,28.29,26.35,26.49,25.68,27.25,27.96,29.05,28.93,27.24,27.24
T2M,2021,3.5,35.625,26.14,28.57,30.63,30.66,28.92,28.47,28.0,29.37,29.96,31.15,31.1,29.23,29.35
T2M,2021,3.5,36.25,27.2,29.44,31.02,30.84,29.3,28.46,28.17,29.11,29.93,30.94,30.94,28.71,29.5
T2M,2021,3.5,36.875,27.27,29.45,30.97,30.17,28.71,28.12,27.78,28.85,29.73,30.53,30.35,27.17,29.08
T2M,2021,3.5,37.5,26.36,28.82,29.56,28.38,26.82,26.3,25.87,26.97,27.91,28.7,28.6,25.47,27.47
T2M,2021,3.5,38.125,25.62,27.69,28.23,26.64,25.28,24.65,23.99,25.23,26.35,27.0,26.95,23.41,25.9
T2M,2021,3.5,38.75,25.38,27.82,28.01,26.22,24.25,23.89,23.01,24.26,25.44,26.19,26.5,23.0,25.31
T2M,2021,3.5,39.375,23.82,26.57,26.78,25.49,23.5,23.0,22.22,23.38,24.43,25.25,25.63,21.71,24.29
T2M,2021,3.5,40.0,24.81,27.69,27.83,26.72,25.25,24.81,23.85,25.05,26.12,26.85,27.17,22.77,25.72
T2M,2021,3.5,40.625,25.08,27.93,28.13,27.33,26.08,25.62,24.57,25.38,26.48,27.33,27.67,23.7,26.26
T2M,2021,3.5,41.25,26.3,28.63,29.6,28.93,27.6,26.8,25.82,26.43,27.59,28.62,28.98,25.2,27.53
T2M,2021,3.5,41.875,27.29,29.61,30.7,29.56,28.32,27.56,26.61,27.21,28.33,29.46,29.91,25.93,28.36
T2M,2021,4.0,34.375,23.83,26.14,28.25,26.31,25.02,25.32,24.13,25.73,26.48,27.35,26.58,25.29,25.86
T2M,2021,4.0,35.0,25.59,27.91,30.42,28.78,27.06,27.39,26.81,28.59,28.98,30.14,29.82,28.67,28.35
T2M,2021,4.0,35.625,25.13,27.39,29.69,28.69,26.95,26.77,26.4,27.87,28.49,29.77,29.96,28.27,27.95
T2M,2021,4.0,36.25,27.47,29.6,31.45,30.47,29.07,28.36,28.03,29.18,29.89,31.07,31.17,29.07,29.56
T2M,2021,4.0,36.875,26.51,28.86,30.48,28.94,27.03,26.61,26.34,27.81,28.55,29.4,29.47,27.11,28.08
T2M,2021,4.0,37.5,26.16,29.12,30.05,28.06,26.03,25.65,25.31,26.58,27.49,28.36,28.59,25.96,27.26
T2M,2021,4.0,38.125,22.9,25.82,26.19,24.17,22.03,21.6,20.78,21.89,22.96,23.73,24.45,21.94,23.18
T2M,2021,4.0,38.75,20.77,24.08,24.62,22.83,20.73,20.11,19.42,20.46,21.59,22.18,22.92,20.22,21.64
T2M,2021,4.0,39.375,21.87,25.38,25.76,24.17,22.15,21.76,21.2,22.31,23.41,23.87,24.32,20.98,23.08
T2M,2021,4.0,40.0,24.12,27.11,27.29,25.89,24.01,23.59,22.83,23.84,25.02,25.64,26.07,22.33,24.79
T2M,2021,4.0,40.625,24.37,27.05,27.63,26.87,25.37,25.03,23.94,24.71,25.92,26.54,26.71,22.85,25.56
T2M,2021,4.0,41.25,26.11,28.63,29.83,29.26,27.99,27.38,26.39,26.95,28.23,28.85,28.97,24.81,27.77
T2M,2021,4.0,41.875,27.75,30.26,31.6,30.53,29.2,28.67,27.78,28.3,29.59,30.35,30.71,26.47,29.25
T2M,2021,4.5,34.375,26.83,28.96,31.06,27.59,27.21,27.99,26.03,28.37,28.87,29.7,28.42,28.21,28.26
T2M,2021,4.5,35.0,26.12,28.21,30.89,28.2,26.73,27.25,26.74,28.8,28.84,29.71,29.55,29.15,28.35
T2M,2021,4.5,35.625,25.7,27.77,30.31,28.37,26.39,26.49,26.29,27.97,28.53,29.7,30.03,29.24,28.07
T2M,2021,4.5,36.25,27.1,29.3,31.87,29.81,27.7,27.66,27.41,29.21,29.58,30.99,31.4,29.95,29.33
T2M,2021,4.5,36.875,26.44,28.8,30.68,28.99,26.42,26.08,25.84,27.49,28.15,29.29,29.8,28.15,28.0
T2M,2021,4.5,37.5,23.94,27.21,28.65,26.29,23.28,23.24,23.01,24.7,25.25,26.02,26.85,24.61,25.24
T2M,2021,4.5,38.125,20.31,23.24,24.27,22.41,20.38,19.91,19.13,20.35,21.24,21.53,22.32,20.12,21.25
T2M,2021,4.5,38.75,20.68,23.81,24.92,23.38,21.37,21.02,20.23,21.41,22.39,22.53,23.13,20.43,22.09
T2M,2021,4.5,39.375,22.75,25.98,26.88,25.41,23.36,22.95,22.11,23.31,24.37,24.7,25.12,21.79,24.04
T2M,2021,4.5,40.0,21.98,25.06,25.86,24.71,22.81,22.31,21.3,22.55,23.71,23.99,24.26,20.94,23.27
T2M,2021,4.5,40.625,23.74,26.41,27.3,26.54,24.89,24.42,23.38,24.26,25.55,25.81,25.72,22.09,24.99
T2M,2021,4.5,41.25,24.27,26.58,28.09,27.54,25.95,25.42,24.32,25.05,26.28,26.7,26.57,22.87,25.79
T2M,2021,4.5,41.875,27.81,30.21,31.66,30.64,29.05,28.82,27.98,28.53,29.86,30.23,30.68,26.31,29.3
T2M,2022,-0.5,34.375,22.85,23.09,25.13,24.31,22.65,22.16,22.85,22.77,23.56,24.47,23.12,23.55,23.38
T2M,2022,-0.5,35.0,19.31,20.11,21.63,20.82,19.83,18.76,18.68,18.92,19.55,20.43,19.93,19.94,19.82
T2M,2022,-0.5,35.625,14.33,15.52,16.5,16.03,15.61,14.27,13.95,13.81,14.48,15.17,14.84,14.96,14.95
T2M,2022,-0.5,36.25,15.1,16.45,16.9,16.41,15.89,14.47,13.93,14.05,14.75,15.43,15.34,15.39,15.33
T2M,2022,-0.5,36.875,16.1,17.58,17.77,17.24,16.63,15.31,14.64,14.79,15.18,15.81,15.8,15.75,16.04
T2M,2022,-0.5,37.5,20.29,21.87,22.35,21.71,20.8,19.45,18.39,18.61,19.24,20.55,19.85,19.87,20.24
T2M,2022,-0.5,38.125,24.26,26.16,27.14,26.36,25.49,24.34,22.94,23.35,24.15,25.62,23.74,24.46,24.83
T2M,2022,-0.5,38.75,26.64,28.71,29.34,28.42,26.99,25.84,24.33,24.83,25.55,27.11,25.63,27.12,26.7
T2M,2022,-0.5,39.375,28.12,30.14,30.51,29.26,26.72,26.02,24.62,25.44,26.22,27.79,27.22,29.18,27.59
T2M,2022,-0.5,40.0,28.48,30.67,30.88,29.57,26.71,25.99,24.65,25.61,26.52,28.07,27.73,29.63,27.86
T2M,2022,-0.5,40.625,29.13,30.98,31.13,29.63,26.39,25.53,24.19,25.39,26.97,28.1,27.78,29.97,27.91
T2M,2022,-0.5,41.25,29.35,30.72,30.88,29.76,26.77,25.83,24.49,25.77,27.31,28.22,27.92,29.89,28.06
T2M,2022,-0.5,41.875,28.85,29.62,29.97,29.7,27.29,26.22,24.7,25.41,26.66,27.66,27.94,29.21,27.76
T2M,2022,-1.0,34.375,21.03,20.92,23.58,22.48,21.12,20.61,21.88,21.91,22.41,23.53,22.24,22.25,22.01
T2M,2022,-1.0,35.0,19.2,19.11,21.6,20.04,18.98,17.45,17.84,18.18,18.72,20.28,19.6,19.65,19.22
T2M,2022,-1.0,35.625,19.42,20.07,21.66,19.39,18.36,16.36,16.01,16.25,17.18,18.84,18.53,19.35,18.44
T2M,2022,-1.0,36.25,18.06,19.29,20.11,18.67,17.74,16.05,15.31,15.5,16.45,18.01,17.46,17.96,17.54
T2M,2022,-1.0,36.875,18.39,20.06,21.06,20.27,19.84,18.52,17.56,17.89,18.31,19.92,18.58,18.51,19.07
T2M,2022,-1.0,37.5,22.04,23.41,24.28,23.59,22.66,21.21,20.02,20.25,21.07,22.84,21.88,21.9,22.09
T2M,2022,-1.0,38.125,24.43,25.79,26.32,25.24,24.31,22.84,21.42,21.89,22.66,24.18,23.18,24.07,23.85
T2M,2022,-1.0,38.75,27.78,29.2,29.63,28.31,26.88,25.63,24.01,24.6,25.2,26.88,25.98,27.72,26.8
T2M,2022,-1.0,39.375,29.38,30.84,30.81,29.34,26.94,26.09,24.55,25.51,26.14,27.73,27.51,29.81,27.87
T2M,2022,-1.0,40.0,29.74,31.33,31.21,29.71,26.95,26.31,24.82,25.78,26.58,28.09,27.96,30.18,28.2
T2M,2022,-1.0,40.625,29.44,30.85,30.83,29.49,26.33,25.36,23.99,25.15,26.6,27.71,27.63,29.86,27.75
T2M,2022,-1.0,41.25,28.89,30.05,30.16,29.38,26.61,25.49,24.21,25.31,26.73,27.67,27.71,29.43,27.62
T2M,2022,-1.0,41.875,27.99,28.33,28.72,29.25,27.52,26.37,24.73,25.12,26.04,26.81,27.5,28.26,27.21
T2M,2022,-1.5,34.375,22.05,20.76,24.1,23.32,22.29,21.76,23.09,22.74,22.95,24.82,23.1,22.68,22.82
T2M,2022,-1.5,35.0,21.08,19.95,22.87,21.4,20.39,19.17,19.55,19.9,20.7,22.57,21.44,21.35,20.87
T2M,2022,-1.5,35.625,18.6,18.89,20.31,18.6,17.23,15.72,15.36,16.04,17.44,18.69,18.44,18.85,17.84
T2M,2022,-1.5,36.25,22.75,23.61,25.06,23.27,22.1,20.42,19.77,20.21,21.46,23.52,22.62,22.94,22.3
T2M,2022,-1.5,36.875,20.11,21.65,22.86,21.35,20.55,19.31,18.47,18.76,19.45,21.12,20.19,20.3,20.34
T2M,2022,-1.5,37.5,21.42,22.77,23.75,22.58,21.4,19.95,18.9,19.24,19.94,21.59,21.31,21.56,21.19
T2M,2022,-1.5,38.125,24.52,25.64,26.29,25.36,24.16,22.58,21.36,21.86,22.64,24.07,23.91,24.45,23.89
T2M,2022,-1.5,38.75,27.97,29.2,29.51,28.28,26.63,25.41,23.7,24.39,24.83,26.62,26.42,27.85,26.72
T2M,2022,-1.5,39.375,29.75,30.83,30.7,29.34,26.87,26.03,24.38,25.29,25.75,27.44,27.65,29.67,27.79
T2M,2022,-1.5,40.0,30.26,31.41,31.2,29.66,26.73,26.0,24.57,25.63,26.45,27.81,27.91,30.34,28.14
T2M,2022,-1.5,40.625,29.55,30.68,30.71,29.51,26.51,25.4,24.07,25.01,26.34,27.36,27.69,29.77,27.7
T2M,2022,-1.5,41.25,28.55,29.49,29.73,29.24,26.8,25.67,24.37,25.21,26.43,27.4,27.68,29.0,27.45
T2M,2022,-1.5,41.875,27.15,27.03,27.63,28.7,27.79,26.66,24.95,24.86,25.49,26.13,27.11,27.42,26.74
T2M,2022,-1.7975103014118005e-13,34.375,22.57,23.26,25.18,23.71,22.26,21.76,22.23,21.89,22.84,23.38,22.55,22.85,22.87
T2M,2022,-1.7975103014118005e-13,35.0,19.77,20.89,22.1,21.36,20.39,19.35,19.24,19.11,19.92,20.54,20.19,20.13,20.24
T2M,2022,-1.7975103014118005e-13,35.625,14.62,16.12,16.35,16.6,16.34,15.13,14.8,14.98,15.39,15.72,15.26,14.99,15.52
T2M,2022,-1.7975103014118005e-13,36.25,17.68,19.22,19.39,19.34,18.91,17.76,17.35,16.78,17.47,18.21,17.71,17.53,18.1
T2M,2022,-1.7975103014118005e-13,36.875,17.13,18.4,18.38,18.49,18.16,16.99,16.46,16.48,17.22,17.74,17.57,17.14,17.51
T2M,2022,-1.7975103014118005e-13,37.5,16.35,18.11,17.82,17.92,17.15,15.96,15.6,15.7,16.36,17.02,16.8,16.61,16.77
T2M,2022,-1.7975103014118005e-13,38.125,24.36,26.37,27.33,26.75,25.81,25.09,23.9,24.17,25.18,26.44,24.55,25.03,25.41
T2M,2022,-1.7975103014118005e-13,38.75,26.39,28.72,29.69,28.77,27.32,26.52,25.21,25.58,26.59,27.94,26.56,27.66,27.24
T2M,2022,-1.7975103014118005e-13,39.375,27.11,29.59,30.52,29.2,26.72,26.17,25.02,25.62,26.69,28.17,27.78,29.17,27.63
T2M,2022,-1.7975103014118005e-13,40.0,27.43,29.85,30.81,29.59,26.69,25.98,24.91,25.68,26.94,28.4,28.29,29.69,27.84
T2M,2022,-1.7975103014118005e-13,40.625,27.92,30.28,31.21,29.64,26.41,25.61,24.53,25.5,27.32,28.58,28.28,29.93,27.92
T2M,2022,-1.7975103014118005e-13,41.25,28.68,30.52,31.2,29.69,26.78,25.99,24.76,25.76,27.57,28.61,28.26,29.88,28.13
T2M,2022,-1.7975103014118005e-13,41.875,28.7,29.82,30.69,29.51,26.89,25.93,24.74,25.25,26.8,28.11,28.38,29.57,27.85
T2M,2022,-2.0,34.375,22.85,21.01,24.84,23.97,22.82,22.72,23.41,23.15,23.26,25.73,23.93,23.14,23.42
T2M,2022,-2.0,35.0,21.16,19.6,22.67,21.7,20.61,19.58,19.7,20.1,20.92,22.97,21.91,21.77,21.07
T2M,2022,-2.0,35.625,18.73,18.8,20.53,19.46,17.97,16.38,15.85,16.56,18.02,19.41,19.31,19.69,18.39
T2M,2022,-2.0,36.25,24.85,25.24,27.25,25.63,24.3,22.89,22.18,22.83,24.02,25.75,25.2,25.68,24.65
T2M,2022,-2.0,36.875,20.84,22.11,23.31,21.59,20.52,19.53,18.61,18.95,19.5,21.22,20.77,21.23,20.67
T2M,2022,-2.0,37.5,22.13,23.32,24.32,23.1,21.75,20.44,19.34,19.69,20.29,22.02,22.07,22.55,21.74
T2M,2022,-2.0,38.125,25.04,26.1,26.69,25.89,24.32,22.76,21.59,22.19,22.76,24.17,24.5,25.13,24.25
T2M,2022,-2.0,38.75,28.18,29.17,29.41,28.11,26.25,25.09,23.29,24.08,24.39,26.17,26.51,27.88,26.53
T2M,2022,-2.0,39.375,29.76,30.54,30.42,29.09,26.58,25.58,23.95,24.98,25.41,26.96,27.51,29.31,27.49
T2M,2022,-2.0,40.0,30.25,30.99,30.82,29.44,26.88,26.12,24.72,25.52,26.14,27.36,27.82,29.83,27.97
T2M,2022,-2.0,40.625,29.37,30.09,30.07,29.31,26.82,25.7,24.43,25.05,26.12,27.0,27.59,29.2,27.55
T2M,2022,-2.0,41.25,27.84,27.93,28.33,28.96,27.53,26.36,24.79,24.91,25.68,26.33,27.3,28.06,26.99
T2M,2022,-2.0,41.875,26.74,26.55,27.19,28.49,28.07,26.9,25.14,24.71,25.2,25.84,26.97,27.19,26.58
T2M,2022,-2.5,34.375,21.63,20.2,23.65,22.73,22.12,21.62,22.32,22.35,22.31,24.82,23.54,22.25,22.48
T2M,2022,-2.5,35.0,19.68,18.57,20.9,20.75,20.08,18.91,18.88,19.12,19.74,22.05,21.42,20.92,20.1
T2M,2022,-2.5,35.625,20.75,20.62,22.84,22.21,21.17,19.54,18.56,18.95,20.22,22.63,22.39,22.58,21.04
T2M,2022,-2.5,36.25,23.65,23.59,25.88,24.75,23.63,21.93,21.05,21.82,23.01,25.0,24.73,24.92,23.66
T2M,2022,-2.5,36.875,21.61,22.33,23.8,22.94,22.33,21.05,19.89,20.36,20.75,22.35,22.18,22.31,21.82
T2M,2022,-2.5,37.5,21.7,22.7,24.06,23.03,21.96,20.75,19.58,19.72,19.72,21.32,22.25,22.47,21.6
T2M,2022,-2.5,38.125,24.56,25.56,26.45,25.35,23.97,22.52,21.27,21.97,22.21,23.74,24.21,24.66,23.86
T2M,2022,-2.5,38.75,27.83,28.86,29.2,27.68,25.93,24.83,22.98,23.85,23.91,25.66,26.37,27.36,26.19
T2M,2022,-2.5,39.375,29.07,29.93,29.96,28.6,26.1,24.98,23.46,24.48,24.73,26.22,26.89,28.32,26.88
T2M,2022,-2.5,40.0,29.21,29.65,29.68,29.0,26.75,25.82,24.47,24.96,25.28,26.35,27.11,28.51,27.22
T2M,2022,-2.5,40.625,28.21,28.29,28.49,28.99,27.33,26.28,24.88,24.91,25.52,26.15,27.16,28.13,27.02
T2M,2022,-2.5,41.25,26.93,26.67,27.21,28.52,27.97,26.83,25.11,24.62,25.13,25.67,26.95,27.39,26.58
T2M,2022,-2.5,41.875,26.85,26.72,27.24,28.51,28.12,26.91,25.16,24.69,25.21,25.88,27.06,27.44,26.65
T2M,2022,-3.0,34.375,21.55,19.67,22.29,22.51,22.04,20.9,20.85,21.57,22.02,24.74,23.73,22.05,22.01
T2M,2022,-3.0,35.0,19.5,18.51,20.14,20.25,19.95,18.51,18.15,18.55,19.28,21.46,21.83,20.97,19.77
T2M,2022,-3.0,35.625,16.3,16.39,17.35,16.68,15.83,14.31,13.83,13.9,14.74,16.04,17.58,17.6,15.88
T2M,2022,-3.0,36.25,21.53,21.28,23.14,22.47,21.26,19.53,18.85,19.05,20.16,22.27,23.56,23.27,21.36
T2M,2022,-3.0,36.875,20.04,20.56,21.39,20.43,19.04,17.09,16.18,16.48,17.34,19.29,21.05,20.65,19.12
T2M,2022,-3.0,37.5,17.03,17.67,18.38,17.71,16.78,15.19,14.31,14.4,14.74,15.78,17.16,17.4,16.37
T2M,2022,-3.0,38.125,24.13,24.92,25.93,24.64,23.34,21.66,20.35,20.92,21.06,22.41,23.54,23.83,23.05
T2M,2022,-3.0,38.75,27.08,28.2,28.75,26.89,25.43,24.2,22.3,23.18,23.06,24.67,25.69,26.49,25.48
T2M,2022,-3.0,39.375,28.51,29.52,29.72,28.15,25.71,24.48,23.02,23.98,24.12,25.31,26.19,27.59,26.34
T2M,2022,-3.0,40.0,28.29,28.54,28.79,28.63,26.91,25.85,24.45,24.64,24.81,25.67,26.85,27.92,26.77
T2M,2022,-3.0,40.625,27.2,26.9,27.31,28.62,27.77,26.67,25.09,24.6,25.1,25.55,26.97,27.55,26.61
T2M,2022,-3.0,41.25,27.1,26.75,27.22,28.58,28.02,26.88,25.16,24.59,25.14,25.7,27.09,27.61,26.65
T2M,2022,-3.0,41.875,27.07,26.85,27.28,28.52,28.15,26.9,25.13,24.68,25.22,25.89,27.14,27.63,26.7
T2M,2022,-3.5,34.375,22.55,20.63,22.99,23.48,23.02,21.84,21.73,22.85,23.63,25.63,25.12,23.55,23.1
T2M,2022,-3.5,35.0,21.33,19.92,21.75,21.73,21.29,19.64,18.81,19.54,20.76,22.52,23.08,22.73,21.1
T2M,2022,-3.5,35.625,19.79,19.02,20.8,20.31,19.49,17.63,16.87,17.14,18.32,20.06,21.12,21.28,19.32
T2M,2022,-3.5,36.25,21.9,21.01,22.8,22.34,21.35,19.63,18.93,19.01,20.07,22.05,23.19,23.15,21.29
T2M,2022,-3.5,36.875,21.98,21.41,22.76,21.77,20.61,18.88,18.04,17.89,18.58,20.03,22.01,22.57,20.54
T2M,2022,-3.5,37.5,25.11,24.44,26.2,24.84,23.25,21.51,20.28,20.73,21.02,22.6,24.3,24.82,23.25
T2M,2022,-3.5,38.125,23.5,24.13,25.49,23.61,22.2,20.48,18.85,19.43,19.55,20.83,22.36,22.89,21.93
T2M,2022,-3.5,38.75,25.65,26.48,27.2,25.57,24.05,22.56,20.82,21.45,21.64,22.69,24.17,24.95,23.92
T2M,2022,-3.5,39.375,27.7,28.67,28.96,27.36,25.17,23.88,22.44,23.3,23.43,24.37,25.4,26.83,25.61
T2M,2022,-3.5,40.0,27.82,27.88,28.13,28.48,27.32,26.21,24.73,24.53,24.78,25.31,26.81,27.72,26.63
T2M,2022,-3.5,40.625,27.32,26.94,27.3,28.59,27.84,26.72,25.13,24.53,25.05,25.5,27.07,27.68,26.63
T2M,2022,-3.5,41.25,27.4,26.86,27.25,28.61,28.02,26.87,25.17,24.55,25.14,25.73,27.2,27.76,26.71
T2M,2022,-3.5,41.875,27.32,26.91,27.3,28.55,28.13,26.86,25.06,24.64,25.21,25.87,27.24,27.74,26.73
T2M,2022,-4.0,34.375,22.78,21.04,23.2,23.45,23.1,22.02,21.78,23.32,24.31,26.2,25.48,23.88,23.39
T2M,2022,-4.0,35.0,21.13,19.46,21.32,21.29,21.04,19.47,18.63,19.56,20.78,22.45,22.85,22.26,20.86
T2M,2022,-4.0,35.625,20.25,18.93,20.94,20.47,19.77,17.77,17.02,17.66,18.82,20.44,21.45,21.26,19.57
T2M,2022,-4.0,36.25,22.36,20.92,23.03,22.5,21.69,19.74,18.97,19.42,20.46,22.43,23.51,23.27,21.53
T2M,2022,-4.0,36.875,22.52,21.49,23.42,22.39,21.3,19.44,18.54,18.85,19.65,21.39,22.7,23.0,21.22
T2M,2022,-4.0,37.5,23.94,23.28,25.57,23.81,22.53,20.87,19.64,20.22,20.67,22.29,23.69,24.11,22.55
T2M,2022,-4.0,38.125,25.2,25.19,27.07,24.58,23.38,21.85,19.99,20.74,20.77,22.3,23.71,24.64,23.28
T2M,2022,-4.0,38.75,26.42,26.9,27.82,25.56,24.1,22.69,20.73,21.38,21.6,22.77,24.38,25.51,24.14
T2M,2022,-4.0,39.375,28.02,28.69,28.94,27.58,25.64,24.44,23.06,23.73,23.75,24.74,26.0,27.4,25.98
T2M,2022,-4.0,40.0,27.61,27.46,27.63,28.55,27.6,26.46,24.99,24.55,24.92,25.34,26.87,27.68,26.63
T2M,2022,-4.0,40.625,27.61,27.17,27.46,28.6,27.86,26.73,25.14,24.5,25.04,25.52,27.09,27.8,26.7
T2M,2022,-4.0,41.25,27.62,26.95,27.34,28.61,28.0,26.83,25.12,24.5,25.11,25.72,27.19,27.81,26.73
T2M,2022,-4.0,41.875,27.54,26.95,27.35,28.6,28.09,26.81,24.99,24.59,25.18,25.82,27.24,27.78,26.74
T2M,2022,-4.5,34.375,21.65,20.02,22.2,22.05,21.24,19.81,19.39,21.1,22.66,24.56,24.24,22.61,21.8
T2M,2022,-4.5,35.0,20.63,18.5,20.82,20.49,19.87,17.89,17.14,18.26,19.57,21.36,21.8,21.27,19.81
T2M,2022,-4.5,35.625,20.92,19.03,21.58,20.81,19.99,17.83,17.11,17.99,19.1,20.7,21.61,21.46,19.85
T2M,2022,-4.5,36.25,22.86,21.07,23.58,22.76,21.82,19.8,18.98,19.68,20.58,22.46,23.64,23.53,21.74
T2M,2022,-4.5,36.875,22.47,21.38,23.56,22.16,21.04,19.23,18.27,18.85,19.27,20.83,22.39,22.74,21.02
T2M,2022,-4.5,37.5,23.44,22.91,24.89,23.21,21.8,20.22,19.07,19.55,20.0,21.37,23.19,23.66,21.94
T2M,2022,-4.5,38.125,23.52,23.65,25.58,23.56,21.82,20.41,18.82,19.45,19.85,21.0,22.81,23.55,21.99
T2M,2022,-4.5,38.75,26.03,26.54,27.77,25.89,24.38,23.19,21.33,21.79,22.0,22.75,24.62,25.66,24.32
T2M,2022,-4.5,39.375,28.1,28.46,28.69,28.17,26.84,25.73,24.22,24.3,24.41,24.98,26.62,27.72,26.51
T2M,2022,-4.5,40.0,27.7,27.55,27.66,28.58,27.65,26.48,25.07,24.57,25.01,25.42,26.94,27.74,26.69
T2M,2022,-4.5,40.625,27.86,27.43,27.69,28.62,27.83,26.71,25.12,24.46,25.02,25.52,27.06,27.83,26.76
T2M,2022,-4.5,41.25,27.82,27.14,27.59,28.63,27.95,26.79,25.08,24.44,25.08,25.7,27.16,27.84,26.76
T2M,2022,-4.5,41.875,27.71,27.02,27.49,28.64,28.04,26.77,24.93,24.52,25.15,25.77,27.21,27.83,26.75
T2M,2022,0.5,34.375,22.73,23.86,25.63,23.25,21.53,20.77,21.09,20.72,21.57,21.74,21.84,22.18,22.23
T2M,2022,0.5,35.0,18.23,19.8,21.18,20.42,19.42,18.39,17.83,17.55,18.44,18.58,18.44,18.33,18.88
T2M,2022,0.5,35.625,18.88,20.8,20.99,20.67,20.02,18.92,18.39,17.98,18.59,19.0,18.24,18.29,19.22
T2M,2022,0.5,36.25,21.63,23.5,23.55,23.3,23.0,22.07,21.41,20.11,21.33,22.45,21.54,21.49,22.1
T2M,2022,0.5,36.875,18.91,20.6,20.82,21.05,20.77,20.13,19.58,18.96,20.1,20.89,19.46,19.09,20.02
T2M,2022,0.5,37.5,21.58,23.71,23.75,23.41,22.8,22.15,21.82,21.5,22.51,23.37,22.22,22.15,22.57
T2M,2022,0.5,38.125,24.03,26.26,27.22,26.63,25.46,24.69,23.62,23.81,25.15,26.21,24.97,25.29,25.27
T2M,2022,0.5,38.75,26.03,28.38,29.53,28.77,26.99,26.27,25.2,25.54,26.77,27.95,27.15,27.93,27.2
T2M,2022,0.5,39.375,26.35,29.1,30.58,29.44,26.64,26.35,25.45,25.89,27.29,28.7,28.23,29.31,27.77
T2M,2022,0.5,40.0,26.4,29.31,30.9,29.71,26.44,26.11,25.33,25.88,27.48,29.01,28.74,29.79,27.91
T2M,2022,0.5,40.625,26.83,29.63,31.11,29.77,26.39,25.99,25.2,25.75,27.68,29.08,28.97,29.98,28.02
T2M,2022,0.5,41.25,27.93,29.82,31.0,29.75,27.04,26.26,25.14,25.69,27.51,28.75,28.88,29.82,28.12
T2M,2022,0.5,41.875,28.2,29.64,30.9,29.66,26.99,25.96,24.97,25.19,26.8,28.35,29.05,29.67,27.94
T2M,2022,1.0,34.375,18.74,19.84,21.02,19.41,18.52,17.42,17.13,16.85,17.73,17.82,17.97,17.97,18.36
T2M,2022,1.0,35.0,16.64,18.29,19.06,18.36,17.78,16.83,16.27,16.07,16.73,16.67,16.54,16.48,17.13
T2M,2022,1.0,35.625,20.47,22.32,22.42,21.81,21.8,21.01,19.98,19.38,20.86,21.59,20.89,20.99,21.12
T2M,2022,1.0,36.25,23.53,25.47,25.42,25.04,24.75,24.07,23.3,22.18,23.52,24.54,23.72,23.77,24.1
T2M,2022,1.0,36.875,19.77,21.33,21.32,21.63,21.52,20.61,20.05,19.96,21.01,21.55,20.29,19.99,20.75
T2M,2022,1.0,37.5,23.15,25.12,25.5,25.12,24.38,23.76,23.24,23.19,24.54,25.31,23.96,24.13,24.28
T2M,2022,1.0,38.125,25.89,27.88,29.07,28.4,27.28,26.38,25.33,25.62,26.98,27.79,26.86,27.32,27.06
T2M,2022,1.0,38.75,26.89,29.16,30.45,29.64,27.89,27.11,26.16,26.52,27.87,28.99,28.23,29.04,28.15
T2M,2022,1.0,39.375,26.19,29.11,30.83,29.41,26.85,26.64,25.86,26.14,27.78,29.12,28.4,29.35,27.96
T2M,2022,1.0,40.0,25.66,28.82,30.74,29.28,26.07,26.15,25.45,25.75,27.51,29.23,28.76,29.57,27.74
T2M,2022,1.0,40.625,26.41,29.16,30.98,29.62,26.33,26.11,25.52,25.72,27.69,29.32,29.26,29.96,28.0
T2M,2022,1.0,41.25,27.51,29.65,31.1,30.04,27.31,26.49,25.48,25.78,27.53,29.16,29.46,30.08,28.29
T2M,2022,1.0,41.875,27.79,29.91,31.22,29.64,26.61,25.86,25.28,25.23,26.88,28.69,29.6,29.71,28.02
T2M,2022,1.5,34.375,23.24,24.73,25.62,23.72,23.0,21.89,21.23,20.31,21.51,22.22,22.6,23.11,22.75
T2M,2022,1.5,35.0,20.85,22.52,23.27,22.38,21.87,20.74,19.86,19.06,20.06,20.81,20.72,21.23,21.1
T2M,2022,1.5,35.625,23.95,26.02,26.38,25.73,25.59,24.62,23.68,23.01,24.65,25.62,24.47,24.74,24.86
T2M,2022,1.5,36.25,26.3,28.45,28.48,28.2,28.06,27.33,26.55,25.93,27.52,28.29,26.97,27.05,27.42
T2M,2022,1.5,36.875,22.26,24.02,24.47,24.28,23.82,23.13,22.55,22.68,23.93,24.16,22.75,22.73,23.39
T2M,2022,1.5,37.5,24.81,26.74,27.37,26.94,26.22,25.46,24.67,24.68,26.16,26.69,25.48,25.7,25.9
T2M,2022,1.5,38.125,26.87,28.71,29.83,29.07,28.13,27.21,26.1,26.45,27.9,28.7,27.68,28.22,27.9
T2M,2022,1.5,38.75,26.84,29.18,30.76,29.55,28.05,27.45,26.51,26.81,28.28,29.35,28.24,29.12,28.34
T2M,2022,1.5,39.375,25.59,28.2,30.2,28.88,26.46,26.35,25.69,25.8,27.56,29.13,28.56,29.22,27.63
T2M,2022,1.5,40.0,26.04,28.87,30.66,29.11,26.47,26.29,25.66,25.84,27.82,29.34,28.78,29.48,27.85
T2M,2022,1.5,40.625,26.26,29.0,30.91,29.32,26.45,26.03,25.56,25.44,27.4,29.22,29.36,29.77,27.88
T2M,2022,1.5,41.25,26.6,29.69,31.31,29.48,26.45,25.96,25.49,25.33,27.23,28.96,29.71,29.98,28.0
T2M,2022,1.5,41.875,27.59,30.31,31.51,29.18,26.02,25.3,25.23,24.77,26.6,28.74,29.7,29.36,27.84
T2M,2022,2.0,34.375,25.3,27.15,27.88,26.38,25.74,24.34,23.57,22.58,23.85,25.16,25.2,25.72,25.23
T2M,2022,2.0,35.0,23.38,25.05,25.92,25.12,24.54,23.39,22.62,21.89,22.84,24.09,23.74,24.05,23.88
T2M,2022,2.0,35.625,26.82,28.87,29.44,29.02,28.5,27.62,26.79,26.21,27.83,28.96,27.75,27.87,27.97
T2M,2022,2.0,36.25,28.57,30.77,31.11,30.91,30.55,29.82,28.99,28.72,30.34,30.94,29.54,29.54,29.98
T2M,2022,2.0,36.875,22.73,24.57,25.18,24.72,24.14,23.36,22.47,22.68,23.99,24.23,23.08,23.14,23.68
T2M,2022,2.0,37.5,25.93,27.84,28.66,27.85,26.91,26.15,25.28,25.43,26.88,27.5,26.5,26.69,26.79
T2M,2022,2.0,38.125,26.22,28.28,29.62,28.36,27.2,26.59,25.55,25.81,27.43,28.32,27.34,27.61,27.35
T2M,2022,2.0,38.75,26.62,28.98,30.4,29.07,27.44,26.91,26.01,26.23,27.92,29.12,28.43,28.82,27.99
T2M,2022,2.0,39.375,25.42,28.5,30.23,28.73,26.19,26.1,25.41,25.32,27.2,28.9,28.68,28.88,27.45
T2M,2022,2.0,40.0,25.65,29.01,30.45,28.74,25.97,25.78,25.11,25.09,26.97,28.76,28.55,28.77,27.39
T2M,2022,2.0,40.625,26.22,29.86,31.03,28.88,25.91,25.54,25.1,24.58,26.46,28.66,28.69,28.72,27.45
T2M,2022,2.0,41.25,26.39,29.74,31.33,29.36,26.19,25.89,25.36,24.84,26.64,28.74,29.36,29.08,27.73
T2M,2022,2.0,41.875,27.78,30.53,31.44,29.1,25.99,25.57,25.21,24.69,26.32,28.8,29.46,28.76,27.78
T2M,2022,2.5,34.375,24.64,26.44,27.41,26.37,25.66,24.39,23.47,22.91,23.91,25.39,24.83,25.04,25.03
T2M,2022,2.5,35.0,24.75,26.51,27.42,26.79,26.18,25.02,24.26,23.92,24.55,25.76,25.25,25.28,25.47
T2M,2022,2.5,35.625,27.59,29.47,30.45,29.99,29.47,28.34,27.56,27.1,28.57,29.64,28.64,28.5,28.77
T2M,2022,2.5,36.25,28.88,30.96,31.55,31.24,30.67,29.64,28.73,28.91,30.17,30.78,29.86,29.82,30.09
T2M,2022,2.5,36.875,25.7,27.65,28.14,27.37,26.65,25.67,24.7,25.04,26.29,26.78,26.03,26.2,26.34
T2M,2022,2.5,37.5,27.43,29.78,30.47,29.24,28.19,27.45,26.46,26.74,28.2,28.94,28.26,28.52,28.29
T2M,2022,2.5,38.125,25.87,28.27,29.32,27.69,26.25,25.61,24.61,24.91,26.58,27.6,27.03,27.35,26.75
T2M,2022,2.5,38.75,26.55,29.27,30.49,28.64,26.66,26.26,25.43,25.66,27.44,28.68,28.44,28.63,27.67
T2M,2022,2.5,39.375,25.58,28.92,30.48,28.41,25.54,25.58,24.89,24.88,26.76,28.4,28.49,28.47,27.18
T2M,2022,2.5,40.0,25.3,28.67,30.16,28.22,25.26,25.05,24.4,24.25,26.08,27.95,28.15,27.96,26.77
T2M,2022,2.5,40.625,25.61,28.88,30.33,28.32,25.42,24.98,24.56,24.06,25.84,27.95,28.23,27.99,26.83
T2M,2022,2.5,41.25,26.42,29.32,30.79,28.71,25.79,25.46,24.94,24.64,26.32,28.17,28.93,28.7,27.33
T2M,2022,2.5,41.875,26.53,28.99,30.61,28.38,25.41,24.83,24.52,24.31,25.81,27.9,28.76,28.02,26.99
T2M,2022,3.0,34.375,23.24,24.98,26.1,25.02,24.05,22.52,21.85,21.4,22.02,23.33,22.85,23.37,23.38
T2M,2022,3.0,35.0,25.89,27.58,28.74,27.98,27.29,26.13,25.42,25.29,26.04,27.26,26.5,26.37,26.7
T2M,2022,3.0,35.625,28.52,30.14,31.63,31.1,30.57,29.29,28.39,28.72,29.67,30.45,29.95,29.58,29.83
T2M,2022,3.0,36.25,29.44,31.29,32.24,31.51,30.8,29.48,28.53,28.92,29.93,30.72,30.5,30.36,30.3
T2M,2022,3.0,36.875,28.11,30.12,31.18,30.07,29.29,28.16,27.12,27.59,28.84,29.52,29.18,29.2,29.02
T2M,2022,3.0,37.5,27.84,30.48,31.31,29.95,28.91,28.05,26.93,27.31,28.75,29.61,29.26,29.55,28.98
T2M,2022,3.0,38.125,26.54,29.25,30.23,28.52,26.89,26.18,25.19,25.5,27.11,28.15,27.97,28.47,27.49
T2M,2022,3.0,38.75,26.26,29.41,30.34,28.23,26.04,25.7,24.82,25.05,26.86,27.96,28.06,28.49,27.25
T2M,2022,3.0,39.375,25.86,28.96,30.16,27.86,25.11,24.93,24.11,24.32,26.2,27.51,27.89,28.02,26.73
T2M,2022,3.0,40.0,25.23,28.31,29.67,27.6,24.7,24.47,23.77,23.8,25.6,27.22,27.59,27.37,26.26
T2M,2022,3.0,40.625,25.65,28.3,29.7,28.06,25.28,24.78,24.28,24.16,25.87,27.5,28.1,27.74,26.6
T2M,2022,3.0,41.25,26.81,28.92,30.36,28.63,25.98,25.41,24.74,24.7,26.32,27.95,28.82,28.32,27.23
T2M,2022,3.0,41.875,26.03,27.78,29.75,28.25,25.38,24.77,24.23,24.34,25.74,27.37,28.14,27.33,26.58
T2M,2022,3.5,34.375,23.3,25.01,26.02,25.02,24.0,22.69,22.24,21.81,22.73,23.88,23.07,23.45,23.59
T2M,2022,3.5,35.0,27.05,28.48,29.99,29.25,28.54,27.44,26.62,26.61,27.37,28.42,27.72,27.63,27.92
T2M,2022,3.5,35.625,28.47,29.86,31.59,31.01,30.47,29.22,28.2,28.71,29.44,30.32,30.1,29.8,29.76
T2M,2022,3.5,36.25,28.65,30.4,31.7,30.79,30.08,28.87,27.83,28.38,29.39,30.09,30.17,30.13,29.7
T2M,2022,3.5,36.875,27.53,29.82,31.14,30.03,29.28,28.42,27.37,27.77,29.14,29.77,29.76,30.01,29.16
T2M,2022,3.5,37.5,26.5,29.12,30.04,28.36,27.32,26.35,25.31,25.72,27.21,27.99,28.13,28.68,27.55
T2M,2022,3.5,38.125,25.11,27.81,28.55,26.72,25.03,24.32,23.33,23.69,25.49,26.41,26.82,27.59,25.89
T2M,2022,3.5,38.75,25.22,28.09,28.66,26.18,23.98,23.51,22.44,22.69,24.52,25.61,26.33,26.98,25.33
T2M,2022,3.5,39.375,23.89,26.82,27.71,25.41,22.9,22.52,21.5,21.78,23.56,24.71,25.22,25.42,24.27
T2M,2022,3.5,40.0,25.0,27.76,28.77,26.69,24.16,23.92,23.12,23.35,25.14,26.32,26.6,26.63,25.6
T2M,2022,3.5,40.625,25.25,27.7,28.72,27.16,24.57,24.21,23.72,23.75,25.47,26.66,27.19,26.8,25.92
T2M,2022,3.5,41.25,26.21,28.02,29.62,28.52,26.03,25.44,24.75,24.92,26.44,27.76,28.43,27.64,26.97
T2M,2022,3.5,41.875,26.96,28.53,30.54,29.48,26.89,26.17,25.47,25.79,27.22,28.54,28.95,27.94,27.7
T2M,2022,4.0,34.375,26.04,27.85,28.85,27.79,26.68,25.81,25.0,24.66,25.73,26.54,25.33,25.93,26.34
T2M,2022,4.0,35.0,28.3,29.7,31.25,30.36,29.57,28.82,27.91,27.82,28.65,29.44,28.44,28.86,29.09
T2M,2022,4.0,35.625,27.54,28.81,30.29,29.64,28.92,27.86,26.96,27.39,28.02,28.78,28.74,28.82,28.48
T2M,2022,4.0,36.25,28.9,30.58,31.87,30.75,29.88,28.86,27.92,28.48,29.42,30.04,30.41,30.78,29.82
T2M,2022,4.0,36.875,27.23,29.2,30.4,28.6,27.29,26.68,26.12,26.64,27.95,28.46,28.89,29.57,28.08
T2M,2022,4.0,37.5,26.76,29.11,30.16,27.71,26.18,25.61,24.88,25.33,26.81,27.52,28.34,29.01,27.27
T2M,2022,4.0,38.125,23.29,26.02,26.57,23.76,21.86,21.19,20.25,20.6,22.33,23.21,24.24,24.89,23.16
T2M,2022,4.0,38.75,21.27,24.26,25.05,22.56,20.54,19.78,18.79,19.16,21.0,21.94,22.42,23.02,21.63
T2M,2022,4.0,39.375,22.59,25.78,26.27,23.93,21.85,21.29,20.59,20.89,22.76,23.42,23.12,23.84,23.01
T2M,2022,4.0,40.0,24.29,26.98,27.57,25.38,23.05,22.87,22.11,22.38,24.29,25.06,25.14,25.35,24.52
T2M,2022,4.0,40.625,24.52,26.64,27.74,26.22,23.85,23.73,23.26,23.33,25.12,25.96,26.03,25.6,25.15
T2M,2022,4.0,41.25,25.95,27.64,29.56,28.48,25.97,25.93,25.27,25.6,27.19,28.18,28.36,27.54,27.13
T2M,2022,4.0,41.875,27.35,29.03,31.33,30.22,27.57,27.26,26.59,27.03,28.59,29.59,29.71,28.75,28.58
T2M,2022,4.5,34.375,28.66,30.17,31.25,29.84,28.81,28.49,27.4,27.03,28.42,28.48,26.96,28.35,28.65
T2M,2022,4.5,35.0,28.72,30.21,31.49,30.27,29.21,28.87,28.23,27.91,28.69,29.16,28.09,28.9,29.14
T2M,2022,4.5,35.625,28.41,29.57,30.71,29.82,28.78,27.93,27.53,27.74,28.22,28.71,28.65,29.16,28.76
T2M,2022,4.5,36.25,29.31,30.77,32.23,30.57,29.32,28.53,28.06,28.58,29.27,29.86,30.26,30.88,29.8
T2M,2022,4.5,36.875,28.13,29.76,30.81,28.47,26.92,26.26,25.8,26.68,27.82,28.17,29.23,29.95,28.16
T2M,2022,4.5,37.5,25.26,27.42,28.38,25.46,23.59,23.15,22.99,23.42,24.85,25.28,26.35,27.07,25.25
T2M,2022,4.5,38.125,20.9,23.68,24.42,21.63,19.86,19.25,18.52,19.07,20.73,21.29,22.06,22.52,21.14
T2M,2022,4.5,38.75,21.47,24.16,25.12,22.59,20.59,20.2,19.54,20.03,21.87,22.43,22.79,23.14,21.98
T2M,2022,4.5,39.375,23.38,26.27,27.04,24.33,22.08,21.97,21.36,21.85,23.76,24.28,24.56,24.84,23.79
T2M,2022,4.5,40.0,22.66,25.11,25.97,23.69,21.59,21.31,20.61,21.09,22.88,23.54,23.71,23.84,22.98
T2M,2022,4.5,40.625,23.91,25.93,27.17,25.32,22.89,22.95,22.6,22.87,24.54,25.33,25.26,24.94,24.46
T2M,2022,4.5,41.25,24.23,25.84,27.65,26.46,23.87,23.96,23.44,23.72,25.19,26.02,26.1,25.54,25.16
T2M,2022,4.5,41.875,27.33,29.22,31.23,30.04,27.36,27.42,26.85,27.36,28.99,29.66,29.52,29.0,28.66
T2M,2023,-0.5,34.375,24.45,26.21,23.03,22.7,23.32,23.22,23.16,24.87,24.32,24.73,23.24,23.77,23.91
T2M,2023,-0.5,35.0,20.0,21.86,20.55,20.15,20.08,19.52,19.0,20.21,20.44,20.96,19.85,20.37,20.24
T2M,2023,-0.5,35.625,14.89,16.71,16.51,15.83,15.42,15.12,14.4,15.26,15.95,16.14,15.15,15.52,15.57
T2M,2023,-0.5,36.25,15.04,16.73,16.85,16.08,15.63,15.29,14.62,15.07,16.16,16.25,15.39,16.02,15.75
T2M,2023,-0.5,36.875,15.44,17.21,17.3,16.44,16.08,15.49,14.95,15.22,17.02,16.94,16.03,16.43,16.2
T2M,2023,-0.5,37.5,20.21,22.16,22.04,20.34,20.17,19.46,19.11,19.63,21.42,21.52,19.79,20.0,20.48
T2M,2023,-0.5,38.125,24.74,26.68,26.75,24.25,25.03,24.23,23.81,24.47,26.1,25.97,23.38,24.23,24.96
T2M,2023,-0.5,38.75,27.5,29.12,28.82,25.83,26.58,25.75,25.1,25.89,27.4,27.67,25.02,26.33,26.74
T2M,2023,-0.5,39.375,29.21,30.43,29.94,26.9,26.9,25.91,25.21,26.21,27.82,28.54,26.18,27.47,27.55
T2M,2023,-0.5,40.0,29.62,30.76,30.35,27.54,27.01,25.94,25.28,26.28,27.89,28.78,26.97,28.07,27.86
T2M,2023,-0.5,40.625,29.57,30.64,30.38,27.55,26.74,25.62,25.09,25.97,27.58,28.69,26.7,27.73,27.67
T2M,2023,-0.5,41.25,29.47,30.31,30.21,27.89,26.97,25.89,25.47,26.33,27.97,28.91,26.86,27.84,27.83
T2M,2023,-0.5,41.875,28.91,29.24,29.55,28.52,27.34,26.22,25.76,26.28,27.48,28.3,27.21,28.08,27.73
T2M,2023,-1.0,34.375,23.11,24.34,21.6,21.43,21.32,21.06,20.92,23.29,22.87,24.02,22.45,21.97,22.35
T2M,2023,-1.0,35.0,20.44,21.91,20.26,19.23,18.58,18.08,17.64,18.93,19.62,20.55,19.5,19.73,19.52
T2M,2023,-1.0,35.625,20.24,21.94,20.31,18.93,17.83,17.53,17.05,17.85,18.97,20.04,18.55,19.12,19.01
T2M,2023,-1.0,36.25,18.3,20.16,19.35,18.03,17.42,16.79,16.36,16.98,18.48,19.02,17.18,17.98,17.99
T2M,2023,-1.0,36.875,18.5,20.78,20.66,18.69,18.84,18.4,18.3,18.95,20.86,20.48,18.18,18.42,19.24
T2M,2023,-1.0,37.5,22.06,24.16,24.01,21.99,21.95,21.05,20.84,21.37,23.28,23.44,21.38,21.65,22.25
T2M,2023,-1.0,38.125,24.12,25.97,25.74,23.36,23.89,22.77,22.24,22.94,24.58,24.8,22.78,24.03,23.92
T2M,2023,-1.0,38.75,27.78,29.42,28.84,25.45,26.14,25.38,24.78,25.58,27.14,27.38,25.05,26.81,26.63
T2M,2023,-1.0,39.375,29.51,30.71,29.95,26.44,26.79,25.91,25.18,26.16,27.8,28.39,26.29,28.32,27.61
T2M,2023,-1.0,40.0,29.98,31.05,30.4,27.17,26.9,25.99,25.37,26.34,27.93,28.66,27.02,28.33,27.91
T2M,2023,-1.0,40.625,29.38,30.35,30.09,27.21,26.61,25.47,24.87,25.65,27.21,28.28,26.71,27.59,27.44
T2M,2023,-1.0,41.25,28.97,29.63,29.72,27.48,26.68,25.68,25.1,25.82,27.41,28.47,26.81,27.59,27.44
T2M,2023,-1.0,41.875,27.68,27.82,28.55,28.29,27.46,26.48,25.82,26.03,26.94,27.85,27.36,28.2,27.37
T2M,2023,-1.5,34.375,23.17,24.78,21.46,21.48,21.43,22.25,22.97,24.87,24.02,25.18,23.53,22.03,23.09
T2M,2023,-1.5,35.0,22.06,23.92,21.09,20.11,19.46,19.68,19.8,21.19,21.84,23.06,21.3,21.08,21.2
T2M,2023,-1.5,35.625,19.84,21.44,19.25,17.98,16.93,16.77,16.3,17.19,18.84,19.66,17.9,18.68,18.38
T2M,2023,-1.5,36.25,23.64,25.53,24.21,22.34,21.65,20.95,20.68,21.62,23.48,24.28,21.91,22.98,22.76
T2M,2023,-1.5,36.875,20.55,22.5,21.84,20.14,20.04,19.73,19.53,19.84,21.66,21.7,19.45,20.18,20.58
T2M,2023,-1.5,37.5,21.53,23.55,23.13,20.98,20.61,19.77,19.57,20.24,22.2,22.46,20.56,21.0,21.29
T2M,2023,-1.5,38.125,24.28,26.09,25.86,23.5,23.44,22.28,21.92,22.67,24.38,24.88,23.11,23.68,23.83
T2M,2023,-1.5,38.75,27.78,29.39,28.71,25.48,25.69,24.97,24.42,25.22,26.84,27.21,25.26,26.61,26.45
T2M,2023,-1.5,39.375,29.4,30.66,29.83,26.33,26.23,25.49,24.89,25.88,27.47,28.07,26.25,27.73,27.34
T2M,2023,-1.5,40.0,29.98,31.1,30.34,26.83,26.39,25.26,24.82,25.83,27.56,28.22,26.77,27.82,27.56
T2M,2023,-1.5,40.625,29.33,30.27,29.99,27.27,26.56,25.43,24.8,25.42,26.86,27.83,26.76,27.49,27.32
T2M,2023,-1.5,41.25,28.55,29.13,29.36,27.43,26.61,25.69,25.07,25.66,27.09,28.01,26.89,27.52,27.24
T2M,2023,-1.5,41.875,26.71,26.67,27.67,28.27,27.71,26.76,25.96,25.9,26.48,27.38,27.55,28.44,27.13
T2M,2023,-1.7975103014118005e-13,34.375,23.47,25.52,23.06,22.62,23.04,22.55,22.59,23.75,23.43,24.06,22.87,23.26,23.34
T2M,2023,-1.7975103014118005e-13,35.0,19.96,21.84,20.89,20.64,20.65,20.03,19.69,20.54,20.78,21.34,20.24,20.61,20.59
T2M,2023,-1.7975103014118005e-13,35.625,14.39,16.23,16.59,16.34,16.34,15.83,15.13,15.7,16.58,16.47,15.48,15.54,15.88
T2M,2023,-1.7975103014118005e-13,36.25,17.47,19.51,19.52,18.63,18.42,18.09,17.57,18.24,19.03,18.87,17.49,17.65,18.37
T2M,2023,-1.7975103014118005e-13,36.875,16.69,18.35,19.06,18.39,18.37,17.72,17.28,17.55,18.87,18.65,17.43,17.71,18.0
T2M,2023,-1.7975103014118005e-13,37.5,16.6,18.4,18.8,17.56,17.44,16.63,16.17,16.66,18.29,18.13,16.88,17.01,17.37
T2M,2023,-1.7975103014118005e-13,38.125,25.35,26.95,27.36,25.02,25.47,24.54,24.65,25.43,27.07,26.57,23.79,24.67,25.57
T2M,2023,-1.7975103014118005e-13,38.75,28.05,29.57,29.62,26.84,27.25,26.17,25.86,26.73,28.25,28.4,25.55,26.86,27.42
T2M,2023,-1.7975103014118005e-13,39.375,29.34,30.59,30.41,27.91,27.47,25.64,25.35,26.54,28.15,28.97,26.23,27.22,27.8
T2M,2023,-1.7975103014118005e-13,40.0,29.64,30.81,30.77,28.42,27.49,25.78,25.31,26.49,28.12,29.12,26.88,27.74,28.03
T2M,2023,-1.7975103014118005e-13,40.625,29.82,30.87,30.87,28.22,27.1,25.41,25.04,26.22,28.02,28.99,26.72,27.68,27.9
T2M,2023,-1.7975103014118005e-13,41.25,29.88,30.75,30.72,28.25,27.34,25.7,25.56,26.65,28.31,28.94,26.88,28.01,28.07
T2M,2023,-1.7975103014118005e-13,41.875,29.73,30.24,30.37,28.66,27.57,25.88,25.49,26.33,27.81,28.47,26.94,27.74,27.92
T2M,2023,-2.0,34.375,23.57,25.27,21.74,21.86,22.15,22.81,23.65,24.69,24.56,26.16,23.89,22.87,23.59
T2M,2023,-2.0,35.0,22.16,24.05,21.09,20.35,20.01,20.04,20.21,20.88,22.19,23.51,21.16,21.5,21.41
T2M,2023,-2.0,35.625,20.24,21.75,19.86,18.69,17.71,17.12,16.73,17.15,19.51,20.38,18.14,19.29,18.86
T2M,2023,-2.0,36.25,26.11,27.75,26.44,24.5,23.64,23.05,22.85,23.66,25.91,26.54,23.5,25.07,24.9
T2M,2023,-2.0,36.875,21.5,23.24,22.34,20.36,19.65,19.26,19.19,19.63,21.75,21.92,19.47,20.43,20.71
T2M,2023,-2.0,37.5,22.46,24.32,23.7,21.6,20.95,20.09,19.79,20.49,22.61,22.98,20.93,21.49,21.77
T2M,2023,-2.0,38.125,24.83,26.54,26.22,23.92,23.6,22.41,22.03,22.83,24.6,25.17,23.35,23.76,24.09
T2M,2023,-2.0,38.75,27.75,29.35,28.59,25.57,25.34,24.4,24.01,24.76,26.42,26.9,25.26,26.14,26.19
T2M,2023,-2.0,39.375,29.13,30.38,29.59,26.38,25.97,24.94,24.43,25.35,26.94,27.68,26.25,27.12,27.0
T2M,2023,-2.0,40.0,29.75,30.73,30.03,26.85,26.31,25.2,24.84,25.83,27.44,28.19,26.75,27.6,27.44
T2M,2023,-2.0,40.625,29.05,29.7,29.49,27.39,26.66,25.56,24.94,25.46,26.73,27.72,26.97,27.69,27.27
T2M,2023,-2.0,41.25,27.49,27.49,28.22,28.08,27.31,26.38,25.63,25.74,26.59,27.53,27.38,28.21,27.17
T2M,2023,-2.0,41.875,26.41,26.22,27.27,28.45,28.06,27.13,26.15,25.95,26.31,27.25,27.7,28.72,27.14
T2M,2023,-2.5,34.375,22.47,23.95,21.73,21.55,21.68,22.19,22.79,23.45,24.3,25.33,22.79,22.29,22.87
T2M,2023,-2.5,35.0,21.04,22.73,20.89,19.98,19.48,19.38,19.25,19.41,21.4,22.68,20.28,20.58,20.58
T2M,2023,-2.5,35.625,22.56,24.37,23.18,21.5,20.38,19.61,19.4,19.0,21.74,23.41,20.34,21.27,21.38
T2M,2023,-2.5,36.25,25.21,26.79,25.69,23.92,22.93,21.98,21.74,22.04,24.82,25.93,22.63,23.67,23.93
T2M,2023,-2.5,36.875,22.5,24.34,23.74,22.07,21.17,20.13,19.55,20.56,23.33,23.66,20.59,21.06,21.88
T2M,2023,-2.5,37.5,22.46,24.43,23.97,22.25,20.99,19.85,19.41,19.82,22.14,23.01,21.04,21.49,21.72
T2M,2023,-2.5,38.125,24.66,26.57,26.1,24.05,23.23,21.85,21.37,22.23,24.16,24.87,23.4,23.58,23.82
T2M,2023,-2.5,38.75,27.59,29.16,28.48,25.93,25.08,23.86,23.56,24.32,26.02,26.72,25.36,25.89,25.98
T2M,2023,-2.5,39.375,28.57,29.77,29.12,26.58,25.66,24.34,23.86,24.72,26.2,27.19,26.23,26.82,26.57
T2M,2023,-2.5,40.0,28.68,29.32,29.09,27.14,26.22,25.09,24.61,25.42,26.79,27.66,26.59,27.27,26.98
T2M,2023,-2.5,40.625,27.9,27.81,28.3,27.92,27.2,26.22,25.49,25.69,26.57,27.44,27.34,28.13,27.16
T2M,2023,-2.5,41.25,26.69,26.21,27.26,28.46,27.93,27.06,26.08,25.86,26.25,27.19,27.7,28.65,27.12
T2M,2023,-2.5,41.875,26.68,26.3,27.33,28.47,28.06,27.14,26.19,26.0,26.32,27.27,27.74,28.7,27.19
T2M,2023,-3.0,34.375,21.99,23.78,22.46,21.88,21.97,21.9,22.17,22.35,24.2,25.04,22.63,21.88,22.68
T2M,2023,-3.0,35.0,20.36,22.15,21.21,20.25,19.68,19.31,19.31,18.62,21.05,22.23,20.33,20.47,20.4
T2M,2023,-3.0,35.625,16.67,18.07,17.65,16.95,15.78,14.95,14.45,14.34,16.3,17.32,16.81,17.37,16.38
T2M,2023,-3.0,36.25,22.6,24.55,24.19,22.53,20.81,19.8,19.64,19.28,21.84,23.53,21.36,22.1,21.84
T2M,2023,-3.0,36.875,20.04,21.69,21.9,20.78,19.21,17.5,16.64,17.39,19.54,20.75,20.36,20.96,19.72
T2M,2023,-3.0,37.5,17.06,18.82,18.85,18.0,16.58,15.21,14.36,14.81,16.62,17.63,17.09,17.68,16.88
T2M,2023,-3.0,38.125,23.95,25.74,25.5,23.97,22.56,21.05,20.44,21.14,22.84,23.86,23.02,23.23,23.09
T2M,2023,-3.0,38.75,27.08,28.68,28.01,25.88,24.43,23.03,22.72,23.41,25.07,26.07,24.93,25.31,25.37
T2M,2023,-3.0,39.375,28.03,29.3,28.69,26.81,25.29,23.92,23.4,24.14,25.52,26.63,26.02,26.57,26.17
T2M,2023,-3.0,40.0,27.81,28.17,28.33,27.65,26.4,25.24,24.67,25.24,26.36,27.31,26.68,27.39,26.76
T2M,2023,-3.0,40.625,27.02,26.49,27.39,28.37,27.77,26.86,25.95,25.76,26.22,27.14,27.62,28.49,27.09
T2M,2023,-3.0,41.25,26.98,26.38,27.33,28.5,27.93,27.08,26.12,25.9,26.27,27.22,27.74,28.59,27.17
T2M,2023,-3.0,41.875,26.96,26.42,27.39,28.54,28.06,27.13,26.21,26.02,26.33,27.27,27.79,28.67,27.24
T2M,2023,-3.5,34.375,23.05,24.48,22.8,22.59,22.84,23.16,22.91,23.19,25.41,26.25,23.68,23.17,23.62
T2M,2023,-3.5,35.0,22.05,23.59,22.67,21.57,21.01,20.52,20.2,19.56,22.14,23.37,21.64,22.12,21.69
T2M,2023,-3.5,35.625,20.36,22.22,21.72,20.24,19.09,18.22,17.96,17.27,19.65,21.01,19.6,20.29,19.79
T2M,2023,-3.5,36.25,21.66,23.94,23.87,22.22,20.93,19.94,19.68,19.04,21.54,23.01,21.22,22.11,21.58
T2M,2023,-3.5,36.875,21.74,23.53,23.71,21.95,20.16,18.54,17.92,18.29,20.35,21.9,21.02,22.05,20.91
T2M,2023,-3.5,37.5,24.8,27.02,26.62,24.44,22.39,20.53,19.89,20.56,22.91,24.33,23.02,23.77,23.33
T2M,2023,-3.5,38.125,23.14,25.09,24.58,22.88,21.17,19.57,18.98,19.66,21.11,22.34,22.01,22.27,21.88
T2M,2023,-3.5,38.75,25.2,26.75,26.29,24.76,23.32,21.78,21.18,21.69,22.92,24.22,24.05,24.34,23.86
T2M,2023,-3.5,39.375,27.23,28.47,27.83,26.33,24.73,23.37,22.81,23.41,24.48,25.65,25.55,26.09,25.48
T2M,2023,-3.5,40.0,27.5,27.52,27.86,27.94,27.03,25.99,25.25,25.38,26.13,27.05,27.15,27.87,26.88
T2M,2023,-3.5,40.625,27.21,26.74,27.47,28.42,27.85,26.95,26.02,25.78,26.2,27.11,27.64,28.54,27.16
T2M,2023,-3.5,41.25,27.29,26.75,27.5,28.6,27.92,27.07,26.13,25.93,26.28,27.23,27.75,28.62,27.26
T2M,2023,-3.5,41.875,27.2,26.64,27.46,28.64,28.03,27.08,26.19,26.01,26.31,27.28,27.84,28.63,27.28
T2M,2023,-4.0,34.375,23.02,23.91,22.56,22.65,23.07,23.31,22.96,23.36,26.09,26.91,24.33,23.61,23.81
T2M,2023,-4.0,35.0,21.37,22.48,21.75,21.21,20.96,20.56,20.14,19.64,22.18,23.23,21.63,21.84,21.41
T2M,2023,-4.0,35.625,20.15,21.71,21.61,20.44,19.73,18.69,18.18,17.83,20.16,21.29,20.01,20.56,20.02
T2M,2023,-4.0,36.25,22.09,23.87,23.82,22.44,21.5,20.24,19.97,19.48,21.94,23.25,21.7,22.42,21.88
T2M,2023,-4.0,36.875,22.56,24.13,24.15,22.43,20.94,19.4,19.03,19.15,21.25,22.64,21.49,22.21,21.6
T2M,2023,-4.0,37.5,24.1,26.07,25.66,23.77,21.97,20.21,19.8,20.41,22.51,23.78,22.71,23.25,22.83
T2M,2023,-4.0,38.125,25.08,26.96,26.18,24.19,22.33,20.52,20.12,21.04,22.95,23.98,23.1,24.02,23.35
T2M,2023,-4.0,38.75,25.97,27.55,26.77,24.9,23.2,21.74,21.4,21.91,23.19,24.36,24.16,24.89,24.15
T2M,2023,-4.0,39.375,27.55,28.44,27.87,26.69,25.09,23.85,23.28,23.71,24.65,25.92,25.85,26.47,25.76
T2M,2023,-4.0,40.0,27.4,27.17,27.63,28.25,27.61,26.68,25.78,25.61,26.08,26.97,27.54,28.39,27.09
T2M,2023,-4.0,40.625,27.48,27.14,27.71,28.48,27.87,26.97,26.03,25.79,26.23,27.09,27.7,28.62,27.26
T2M,2023,-4.0,41.25,27.49,27.09,27.7,28.68,27.9,27.03,26.12,25.92,26.29,27.18,27.75,28.66,27.32
T2M,2023,-4.0,41.875,27.42,26.92,27.6,28.71,27.96,27.03,26.16,25.98,26.29,27.25,27.85,28.65,27.32
T2M,2023,-4.5,34.375,21.59,22.09,21.32,21.41,21.47,21.08,20.53,21.25,24.35,25.33,22.94,22.45,22.15
T2M,2023,-4.5,35.0,20.46,21.29,20.66,20.22,19.94,19.3,18.67,18.48,21.31,22.13,20.58,20.96,20.33
T2M,2023,-4.5,35.625,20.78,21.98,22.06,20.69,20.08,19.07,18.53,18.17,20.68,21.56,20.24,21.04,20.4
T2M,2023,-4.5,36.25,22.84,24.2,24.24,22.57,21.69,20.44,20.18,19.78,22.17,23.34,22.04,22.85,22.18
T2M,2023,-4.5,36.875,22.61,24.22,24.1,22.12,20.56,19.0,18.59,19.07,20.96,22.29,21.48,22.34,21.43
T2M,2023,-4.5,37.5,23.66,25.48,25.22,23.16,21.36,19.72,19.31,19.88,21.49,22.93,22.46,23.17,22.3
T2M,2023,-4.5,38.125,23.79,25.77,25.18,23.28,21.27,19.48,18.91,19.69,21.14,22.58,22.45,23.02,22.19
T2M,2023,-4.5,38.75,26.06,27.7,27.13,25.24,23.57,21.98,21.58,22.05,23.23,24.74,24.54,25.1,24.39
T2M,2023,-4.5,39.375,27.76,28.29,28.18,27.43,26.35,25.25,24.61,24.78,25.55,26.74,26.88,27.49,26.6
T2M,2023,-4.5,40.0,27.5,27.36,27.77,28.35,27.73,26.84,25.92,25.7,26.14,27.08,27.59,28.56,27.21
T2M,2023,-4.5,40.625,27.67,27.42,27.94,28.53,27.84,26.94,26.02,25.78,26.23,27.13,27.71,28.7,27.32
T2M,2023,-4.5,41.25,27.66,27.33,27.92,28.65,27.86,26.98,26.1,25.88,26.28,27.19,27.78,28.7,27.36
T2M,2023,-4.5,41.875,27.58,27.18,27.83,28.72,27.9,26.98,26.12,25.93,26.26,27.27,27.81,28.67,27.35
T2M,2023,0.5,34.375,23.38,25.56,23.1,21.98,21.92,21.16,20.97,21.95,22.12,22.76,21.88,22.27,22.4
T2M,2023,0.5,35.0,18.34,20.66,20.09,19.25,19.28,18.66,18.23,18.98,19.46,19.66,18.51,18.83,19.15
T2M,2023,0.5,35.625,18.67,20.92,20.48,19.39,19.34,18.96,18.45,19.11,20.13,19.93,18.2,18.42,19.32
T2M,2023,0.5,36.25,21.63,23.82,23.43,22.26,22.13,22.08,21.65,22.42,23.09,22.97,20.78,21.43,22.3
T2M,2023,0.5,36.875,19.09,21.2,21.53,20.35,20.69,20.42,20.45,20.83,21.88,21.41,18.99,19.13,20.49
T2M,2023,0.5,37.5,22.35,24.35,24.66,22.63,22.94,22.38,22.38,23.06,24.67,23.88,21.22,21.82,23.02
T2M,2023,0.5,38.125,25.41,27.01,27.57,24.9,25.07,24.15,24.27,25.13,26.75,26.4,23.36,24.38,25.36
T2M,2023,0.5,38.75,28.11,29.59,29.84,27.34,27.14,25.79,25.64,26.64,28.25,28.51,25.6,26.78,27.43
T2M,2023,0.5,39.375,29.62,30.81,30.84,28.59,27.84,25.37,25.24,26.84,28.57,29.36,26.47,27.15,28.04
T2M,2023,0.5,40.0,30.05,31.1,31.19,28.92,27.82,25.34,24.93,26.75,28.58,29.56,26.74,27.17,28.16
T2M,2023,0.5,40.625,30.17,31.12,31.34,28.72,27.88,25.35,24.93,26.66,28.61,29.42,26.68,27.45,28.18
T2M,2023,0.5,41.25,30.08,30.92,31.16,28.7,28.19,25.92,25.61,26.8,28.47,28.96,27.18,28.25,28.34
T2M,2023,0.5,41.875,30.12,30.72,31.01,29.0,28.27,26.06,25.62,26.59,28.22,28.75,27.06,27.86,28.26
T2M,2023,1.0,34.375,18.47,20.81,19.48,18.38,18.5,17.58,17.2,17.96,18.38,18.67,17.81,18.38,18.45
T2M,2023,1.0,35.0,16.65,18.94,18.59,17.53,17.56,17.01,16.62,17.19,17.76,17.72,16.67,16.92,17.42
T2M,2023,1.0,35.625,20.58,22.56,22.13,21.23,21.44,21.22,20.9,21.47,22.15,22.12,20.18,20.96,21.4
T2M,2023,1.0,36.25,23.63,25.84,25.53,24.17,24.01,24.22,23.85,24.39,25.24,25.1,22.74,23.59,24.35
T2M,2023,1.0,36.875,19.74,21.67,22.01,21.08,21.47,21.21,20.98,21.14,22.64,22.12,19.79,20.17,21.16
T2M,2023,1.0,37.5,23.89,25.67,26.25,23.92,24.33,23.96,23.86,24.62,26.22,25.39,22.15,23.14,24.44
T2M,2023,1.0,38.125,27.15,28.77,29.33,26.9,27.09,25.96,25.94,26.84,28.35,28.13,24.73,26.38,27.12
T2M,2023,1.0,38.75,29.12,30.5,30.81,28.77,28.52,26.68,26.48,27.59,29.25,29.52,26.44,27.71,28.44
T2M,2023,1.0,39.375,29.8,30.99,31.03,28.85,28.34,25.43,25.31,27.15,28.99,29.66,26.68,27.57,28.3
T2M,2023,1.0,40.0,30.13,31.13,31.17,28.59,28.01,24.91,24.42,26.7,28.7,29.74,26.44,27.09,28.07
T2M,2023,1.0,40.625,30.51,31.34,31.44,28.58,28.35,25.37,24.78,26.87,28.99,29.66,26.73,27.41,28.32
T2M,2023,1.0,41.25,30.59,31.4,31.57,28.94,28.73,26.27,25.76,27.1,28.98,29.41,27.48,28.27,28.69
T2M,2023,1.0,41.875,30.42,31.13,31.52,29.12,28.94,25.97,25.63,26.99,28.81,29.14,26.88,27.57,28.5
T2M,2023,1.5,34.375,23.71,26.06,23.88,22.17,22.32,21.32,20.97,22.35,22.67,23.29,21.88,23.6,22.83
T2M,2023,1.5,35.0,21.47,23.63,22.49,20.48,20.57,20.46,20.14,20.92,21.84,21.88,20.11,21.32,21.26
T2M,2023,1.5,35.625,24.52,26.33,25.84,24.38,24.73,24.83,24.68,25.35,26.22,25.88,23.37,24.37,25.03
T2M,2023,1.5,36.25,26.73,28.59,28.34,27.03,27.37,27.68,27.3,27.78,28.84,28.5,25.77,26.71,27.55
T2M,2023,1.5,36.875,22.66,24.46,24.64,23.33,23.86,23.52,23.47,23.79,25.25,24.38,21.65,22.31,23.6
T2M,2023,1.5,37.5,25.56,27.11,27.5,25.84,26.21,25.43,25.32,26.08,27.46,26.87,23.9,25.05,26.02
T2M,2023,1.5,38.125,28.15,29.61,29.97,28.11,28.62,26.78,26.75,27.64,29.22,28.88,26.15,27.8,28.13
T2M,2023,1.5,38.75,29.41,30.75,30.8,28.54,28.97,26.8,26.66,27.89,29.59,29.46,26.89,28.15,28.65
T2M,2023,1.5,39.375,29.75,30.85,30.79,28.23,28.31,25.07,24.64,26.76,28.75,29.6,26.84,27.76,28.1
T2M,2023,1.5,40.0,30.16,31.06,31.01,28.5,28.35,25.19,24.73,26.83,28.99,29.77,27.13,28.05,28.3
T2M,2023,1.5,40.625,30.66,31.34,31.32,28.32,28.41,25.45,24.73,26.85,29.06,29.7,26.96,27.82,28.37
T2M,2023,1.5,41.25,30.88,31.53,31.64,28.67,28.7,25.69,25.02,27.0,28.92,29.6,26.91,27.7,28.51
T2M,2023,1.5,41.875,30.53,31.19,31.54,28.54,28.91,25.61,25.2,27.01,29.06,29.14,26.56,27.41,28.38
T2M,2023,2.0,34.375,26.04,27.74,25.93,24.09,24.61,24.11,23.62,25.34,25.71,26.2,24.64,26.47,25.36
T2M,2023,2.0,35.0,24.28,25.82,24.64,22.74,22.75,23.15,23.0,23.86,24.96,24.79,22.85,24.02,23.89
T2M,2023,2.0,35.625,27.71,29.14,28.57,27.09,27.53,27.55,27.6,27.88,29.33,28.94,26.42,27.61,27.94
T2M,2023,2.0,36.25,29.39,30.84,30.55,29.19,29.87,30.13,29.67,30.13,31.42,31.01,28.11,29.2,29.95
T2M,2023,2.0,36.875,23.42,24.81,24.77,23.47,24.01,23.48,23.36,23.81,25.19,24.53,21.95,22.61,23.78
T2M,2023,2.0,37.5,26.99,28.3,28.35,26.55,26.99,25.9,25.77,26.68,28.11,27.6,24.72,25.77,26.8
T2M,2023,2.0,38.125,28.01,29.35,29.43,26.97,27.7,25.92,25.85,27.02,28.71,28.17,25.53,26.67,27.44
T2M,2023,2.0,38.75,29.37,30.6,30.47,27.84,28.39,26.16,25.93,27.32,29.15,29.04,26.48,27.51,28.18
T2M,2023,2.0,39.375,29.68,30.75,30.53,27.55,27.85,24.74,24.22,26.37,28.49,29.14,26.16,26.84,27.68
T2M,2023,2.0,40.0,29.79,30.64,30.41,27.29,27.42,24.62,24.05,26.25,28.41,28.91,26.04,26.73,27.53
T2M,2023,2.0,40.625,29.99,30.7,30.47,26.97,27.4,25.01,24.66,26.75,28.77,28.55,25.71,26.47,27.61
T2M,2023,2.0,41.25,30.41,31.19,31.13,27.69,28.14,25.31,24.78,26.91,28.9,29.16,26.14,26.56,28.01
T2M,2023,2.0,41.875,30.41,31.01,31.22,27.56,28.22,25.64,25.4,27.29,29.22,28.44,26.13,26.66,28.09
T2M,2023,2.5,34.375,25.3,26.85,25.49,24.2,24.4,24.4,23.92,25.6,26.0,26.15,24.4,25.87,25.21
T2M,2023,2.5,35.0,25.62,26.98,26.08,24.6,24.02,24.44,24.63,25.31,26.82,26.35,24.27,25.32,25.36
T2M,2023,2.5,35.625,28.67,29.82,29.24,27.89,28.01,28.06,28.4,28.63,30.3,29.65,27.17,28.37,28.68
T2M,2023,2.5,36.25,29.89,31.01,30.74,29.53,30.04,29.95,29.53,29.98,31.45,31.02,28.4,29.71,30.1
T2M,2023,2.5,36.875,26.63,27.75,27.37,25.96,26.33,25.73,25.5,26.04,27.53,27.07,24.58,25.7,26.34
T2M,2023,2.5,37.5,29.02,30.13,29.79,27.75,28.35,27.39,27.03,27.91,29.51,28.99,26.19,27.62,28.3
T2M,2023,2.5,38.125,27.95,29.11,28.69,26.2,26.76,25.28,24.97,26.15,27.93,27.53,24.74,26.24,26.79
T2M,2023,2.5,38.75,29.28,30.36,29.89,27.11,27.63,25.66,25.33,26.85,28.76,28.66,25.71,27.26,27.7
T2M,2023,2.5,39.375,29.32,30.29,29.73,26.71,26.89,24.34,24.06,26.09,28.23,28.51,25.26,26.56,27.15
T2M,2023,2.5,40.0,28.91,29.75,29.41,26.39,26.47,23.99,23.59,25.71,27.83,27.99,25.04,25.96,26.74
T2M,2023,2.5,40.625,28.91,29.69,29.55,26.41,26.73,24.47,24.19,26.25,28.27,27.74,25.04,25.69,26.9
T2M,2023,2.5,41.25,29.54,30.37,30.39,27.08,27.55,24.85,24.47,26.39,28.4,28.34,25.39,26.05,27.39
T2M,2023,2.5,41.875,29.32,30.21,30.48,27.2,27.63,24.9,24.52,26.35,28.45,27.65,25.39,25.3,27.27
T2M,2023,3.0,34.375,24.3,25.65,24.17,22.61,22.18,22.34,22.28,23.66,24.72,24.41,22.77,23.93,23.57
T2M,2023,3.0,35.0,27.01,28.19,27.28,25.65,25.26,25.72,26.0,26.65,28.29,27.57,25.31,26.42,26.6
T2M,2023,3.0,35.625,29.79,30.8,30.42,28.92,28.87,28.94,29.26,29.59,31.23,30.73,28.24,29.49,29.68
T2M,2023,3.0,36.25,30.53,31.43,31.18,29.84,30.09,29.63,29.25,29.78,31.39,31.09,28.95,30.4,30.29
T2M,2023,3.0,36.875,29.61,30.54,30.1,28.41,28.8,28.19,27.84,28.55,30.15,29.73,27.24,28.88,29.0
T2M,2023,3.0,37.5,29.97,30.89,30.21,28.43,28.93,28.07,27.52,28.44,30.12,29.69,27.21,29.07,29.04
T2M,2023,3.0,38.125,29.0,29.87,28.95,27.16,27.4,26.0,25.51,26.83,28.57,28.29,25.89,27.57,27.58
T2M,2023,3.0,38.75,29.05,29.92,28.8,26.61,26.82,25.35,24.94,26.47,28.33,28.07,25.25,27.06,27.21
T2M,2023,3.0,39.375,28.6,29.48,28.49,26.14,26.04,24.25,23.96,25.72,27.83,27.68,24.46,26.17,26.55
T2M,2023,3.0,40.0,27.89,28.79,28.25,25.92,25.74,23.62,23.47,25.41,27.58,27.21,24.07,25.19,26.08
T2M,2023,3.0,40.625,28.02,28.89,28.86,26.63,26.44,24.22,24.01,26.03,28.03,27.39,24.52,25.22,26.51
T2M,2023,3.0,41.25,28.68,29.55,29.73,27.42,27.33,24.88,24.63,26.43,28.37,27.87,25.1,25.92,27.15
T2M,2023,3.0,41.875,28.13,29.22,29.83,27.54,27.28,24.74,24.28,26.0,28.04,27.35,24.81,24.59,26.8
T2M,2023,3.5,34.375,24.36,25.89,24.46,22.82,22.42,22.71,22.95,23.62,25.06,24.33,22.6,23.7,23.73
T2M,2023,3.5,35.0,28.41,29.58,28.55,26.83,26.59,26.95,27.2,27.9,29.56,28.55,26.14,27.4,27.8
T2M,2023,3.5,35.625,30.15,30.98,30.37,28.83,28.9,28.82,28.97,29.52,31.16,30.36,28.08,29.28,29.61
T2M,2023,3.5,36.25,30.42,31.15,30.47,29.15,29.27,28.79,28.47,29.13,30.76,30.3,28.24,29.68,29.64
T2M,2023,3.5,36.875,30.38,31.08,30.0,28.46,28.71,28.18,27.88,28.84,30.52,29.9,27.44,29.08,29.2
T2M,2023,3.5,37.5,29.24,29.98,28.5,26.84,26.96,26.4,25.89,26.97,28.68,28.25,25.85,27.5,27.58
T2M,2023,3.5,38.125,28.01,28.77,27.26,25.53,25.31,24.21,23.69,25.06,26.99,26.71,24.22,25.69,25.94
T2M,2023,3.5,38.75,27.61,28.46,26.71,24.73,24.18,22.85,22.64,24.2,26.21,25.95,23.3,24.65,25.11
T2M,2023,3.5,39.375,26.07,27.03,25.77,23.78,23.14,21.66,21.55,23.23,25.43,25.06,22.3,22.89,23.98
T2M,2023,3.5,40.0,26.87,27.86,27.02,24.97,24.57,23.16,23.17,24.98,27.18,26.28,23.12,23.75,25.23
T2M,2023,3.5,40.625,26.79,27.75,27.67,25.85,25.46,23.69,23.62,25.66,27.55,26.58,23.52,24.14,25.68
T2M,2023,3.5,41.25,27.63,28.47,29.28,27.6,26.96,24.89,24.69,26.49,28.37,27.69,24.68,24.93,26.8
T2M,2023,3.5,41.875,28.43,29.36,30.63,28.82,28.31,26.17,25.74,27.32,29.36,28.36,25.31,25.19,27.74
T2M,2023,4.0,34.375,27.41,28.8,27.03,25.41,25.23,25.44,25.89,26.4,27.69,26.56,24.68,26.1,26.37
T2M,2023,4.0,35.0,30.01,30.99,29.63,27.88,27.74,28.24,28.65,29.16,30.8,29.24,26.7,28.29,28.93
T2M,2023,4.0,35.625,29.38,30.12,29.2,27.61,27.35,27.41,27.42,28.33,29.89,28.76,26.35,27.83,28.29
T2M,2023,4.0,36.25,30.95,31.57,30.56,29.21,29.06,28.76,28.45,29.28,30.8,30.28,28.2,29.83,29.74
T2M,2023,4.0,36.875,29.81,30.53,28.83,26.86,26.95,26.77,26.56,27.77,29.43,28.71,26.04,27.87,28.0
T2M,2023,4.0,37.5,29.31,30.15,28.25,26.12,25.92,25.46,25.26,26.58,28.46,27.85,25.12,26.97,27.11
T2M,2023,4.0,38.125,25.42,26.45,24.58,22.67,21.71,20.6,20.56,21.99,24.08,23.69,21.55,22.45,22.96
T2M,2023,4.0,38.75,23.51,24.45,22.96,21.33,20.48,19.31,19.17,20.47,22.94,22.5,20.43,20.56,21.49
T2M,2023,4.0,39.375,24.46,25.46,24.23,22.36,21.7,20.6,20.62,22.41,24.77,23.68,21.21,21.19,22.71
T2M,2023,4.0,40.0,25.79,26.78,25.81,23.9,23.29,21.96,22.17,24.09,26.46,25.05,22.33,22.59,24.17
T2M,2023,4.0,40.625,25.75,26.68,26.79,25.16,24.57,23.19,23.35,25.37,27.29,25.84,22.78,22.95,24.97
T2M,2023,4.0,41.25,27.49,28.26,29.52,27.79,26.9,25.42,25.46,27.19,29.14,27.94,24.62,24.64,27.02
T2M,2023,4.0,41.875,29.1,29.85,31.42,29.51,28.95,27.47,27.09,28.68,30.7,29.21,25.87,25.64,28.62
T2M,2023,4.5,34.375,30.07,31.07,28.57,27.35,27.67,28.09,28.72,28.8,29.79,28.32,26.32,28.49,28.59
T2M,2023,4.5,35.0,30.39,31.4,29.42,27.52,27.31,28.11,28.83,29.28,30.87,28.71,26.27,28.0,28.83
T2M,2023,4.5,35.625,29.9,30.91,29.41,27.38,26.88,27.38,27.53,28.74,30.41,28.71,26.06,27.85,28.42
T2M,2023,4.5,36.25,31.21,31.89,30.49,28.68,28.0,28.28,28.33,29.56,30.97,29.9,27.15,29.05,29.45
T2M,2023,4.5,36.875,29.83,30.67,29.06,27.19,26.59,26.48,26.38,27.67,29.32,28.64,25.95,27.77,27.95
T2M,2023,4.5,37.5,27.22,28.21,26.13,24.12,23.41,23.14,23.3,24.84,26.79,25.71,22.95,24.38,25.0
T2M,2023,4.5,38.125,22.78,23.95,22.5,20.97,20.05,19.17,19.16,20.35,22.76,21.94,19.93,20.19,21.13
T2M,2023,4.5,38.75,23.2,24.33,23.42,21.73,20.81,19.88,20.01,21.37,24.01,22.85,20.47,20.42,21.86
T2M,2023,4.5,39.375,25.01,26.13,25.37,23.37,22.6,21.31,21.61,23.27,25.91,24.44,21.66,21.67,23.51
T2M,2023,4.5,40.0,24.09,25.1,24.68,22.93,22.25,21.06,21.08,22.73,25.09,23.71,21.12,20.97,22.89
T2M,2023,4.5,40.625,25.19,26.17,26.42,24.89,24.09,22.91,23.0,24.91,27.18,25.22,22.17,22.07,24.51
T2M,2023,4.5,41.25,25.57,26.48,27.69,26.26,25.29,23.98,23.95,25.62,27.69,26.07,22.95,22.82,25.36
T2M,2023,4.5,41.875,28.99,29.73,31.42,29.56,28.9,27.99,27.62,29.22,31.14,29.27,25.84,25.71,28.78
T2M,2024,-0.5,34.375,23.1,25.21,25.62,23.44,23.81,22.93,23.02,24.12,25.06,24.74,23.67,23.78,24.04
T2M,2024,-0.5,35.0,19.7,21.11,21.98,20.2,20.33,19.31,18.97,19.48,20.42,20.71,20.1,19.91,20.18
T2M,2024,-0.5,35.625,14.9,15.64,16.47,15.76,15.56,14.41,13.98,13.81,14.44,15.0,14.98,14.62,14.96
T2M,2024,-0.5,36.25,15.55,16.06,16.78,16.12,15.97,14.5,14.38,14.07,14.67,15.31,15.68,15.11,15.35
T2M,2024,-0.5,36.875,16.29,16.81,17.5,17.07,16.68,15.05,15.03,14.94,15.66,16.32,16.74,16.03,16.17
T2M,2024,-0.5,37.5,20.38,21.4,22.14,20.72,20.28,18.73,18.58,18.99,20.16,21.56,20.85,20.3,20.34
T2M,2024,-0.5,38.125,25.34,26.42,27.18,24.88,25.44,24.74,24.07,24.55,25.82,27.05,24.92,25.42,25.49
T2M,2024,-0.5,38.75,27.76,29.05,29.55,26.35,26.91,26.43,25.66,26.14,27.26,28.59,26.82,27.86,27.36
T2M,2024,-0.5,39.375,28.81,30.57,30.86,27.43,27.8,26.98,26.42,26.82,27.99,29.39,28.4,29.6,28.42
T2M,2024,-0.5,40.0,29.03,30.93,31.31,27.92,27.66,26.9,26.44,26.91,28.21,29.72,29.02,29.9,28.66
T2M,2024,-0.5,40.625,29.05,31.14,31.6,28.18,27.48,26.58,26.13,26.68,28.29,29.81,28.78,29.92,28.63
T2M,2024,-0.5,41.25,29.3,31.16,31.65,28.51,27.73,26.96,26.54,26.98,28.5,29.74,28.76,29.86,28.8
T2M,2024,-0.5,41.875,29.11,30.44,31.17,28.93,27.84,27.07,26.55,26.78,27.93,29.02,28.95,29.37,28.59
T2M,2024,-1.0,34.375,21.03,22.7,23.13,21.83,21.93,20.72,20.82,22.53,24.12,24.07,22.89,21.55,22.27
T2M,2024,-1.0,35.0,18.66,19.84,20.39,19.07,18.93,17.39,17.48,18.06,19.13,20.03,19.96,19.21,19.01
T2M,2024,-1.0,35.625,18.21,18.72,19.06,17.87,17.47,15.79,15.89,15.92,17.09,18.36,18.8,18.26,17.62
T2M,2024,-1.0,36.25,17.53,18.0,18.7,17.23,16.76,15.22,15.22,15.29,16.71,18.05,18.08,17.63,17.03
T2M,2024,-1.0,36.875,18.82,20.03,20.79,19.26,18.49,17.66,17.95,18.69,20.42,21.09,19.56,18.74,19.29
T2M,2024,-1.0,37.5,22.06,23.48,24.06,22.2,21.77,20.61,20.47,21.23,22.73,24.13,22.88,22.36,22.33
T2M,2024,-1.0,38.125,24.96,26.19,26.1,24.12,24.58,23.37,22.69,23.14,24.43,25.71,24.19,24.83,24.52
T2M,2024,-1.0,38.75,28.3,29.86,29.42,26.4,26.99,26.37,25.58,25.99,27.09,28.43,26.78,28.02,27.43
T2M,2024,-1.0,39.375,29.84,31.48,30.95,27.28,27.67,26.93,26.44,26.84,27.95,29.32,28.39,29.89,28.58
T2M,2024,-1.0,40.0,29.7,31.6,31.37,27.82,27.6,27.05,26.61,27.04,28.25,29.69,29.06,30.04,28.81
T2M,2024,-1.0,40.625,29.02,30.94,31.25,27.92,27.06,26.09,25.68,26.31,27.78,29.34,28.73,29.7,28.31
T2M,2024,-1.0,41.25,29.06,30.61,31.1,28.37,27.44,26.42,26.02,26.44,27.84,29.13,28.71,29.38,28.37
T2M,2024,-1.0,41.875,28.58,29.37,30.2,29.0,27.93,26.87,26.18,26.29,27.01,27.98,28.58,28.49,28.03
T2M,2024,-1.5,34.375,20.86,22.94,23.45,22.28,22.44,22.3,22.35,24.23,25.0,24.88,23.72,21.53,23.0
T2M,2024,-1.5,35.0,19.65,20.71,21.18,20.04,19.85,18.71,19.35,20.77,22.22,22.63,21.96,20.45,20.63
T2M,2024,-1.5,35.625,17.82,18.25,18.68,17.54,17.17,15.41,15.95,16.55,18.29,19.42,19.28,18.56,17.74
T2M,2024,-1.5,36.25,21.8,23.19,23.83,20.99,20.66,19.71,20.24,21.21,23.18,24.46,23.75,22.88,22.16
T2M,2024,-1.5,36.875,20.14,21.84,22.34,19.71,19.47,19.05,19.32,20.25,21.47,22.23,21.27,20.47,20.63
T2M,2024,-1.5,37.5,21.28,23.05,23.42,21.29,20.93,20.11,20.01,20.82,21.98,23.04,22.34,21.71,21.66
T2M,2024,-1.5,38.125,24.37,25.84,25.91,24.15,24.04,22.83,22.4,23.06,24.37,25.69,24.81,24.66,24.34
T2M,2024,-1.5,38.75,27.85,29.55,28.98,26.33,26.68,25.99,25.31,25.79,26.86,28.25,27.09,27.85,27.21
T2M,2024,-1.5,39.375,29.2,31.11,30.36,27.15,27.09,26.45,26.13,26.63,27.69,29.03,28.45,29.53,28.23
T2M,2024,-1.5,40.0,29.37,31.52,31.02,27.75,27.2,26.57,26.28,26.88,28.06,29.44,29.01,30.17,28.6
T2M,2024,-1.5,40.625,28.72,30.77,31.02,27.99,27.0,25.92,25.51,26.09,27.4,28.98,28.89,29.77,28.16
T2M,2024,-1.5,41.25,28.7,30.29,30.78,28.56,27.44,26.21,25.86,26.25,27.4,28.67,28.87,29.22,28.18
T2M,2024,-1.5,41.875,28.11,28.49,29.42,29.11,28.18,27.05,26.09,25.97,26.31,27.1,28.27,27.94,27.67
T2M,2024,-1.7975103014118005e-13,34.375,22.78,24.44,24.98,23.13,23.42,22.65,22.15,22.77,23.75,23.38,22.87,23.1,23.28
T2M,2024,-1.7975103014118005e-13,35.0,20.37,21.5,22.15,20.85,20.91,20.04,19.45,19.82,20.76,20.85,20.34,20.09,20.59
T2M,2024,-1.7975103014118005e-13,35.625,15.43,16.07,16.76,16.65,16.6,15.68,15.21,15.14,15.72,16.11,15.65,14.97,15.83
T2M,2024,-1.7975103014118005e-13,36.25,17.54,18.38,19.32,18.67,18.41,17.34,16.99,16.86,17.61,18.24,17.88,17.12,17.86
T2M,2024,-1.7975103014118005e-13,36.875,17.62,18.19,18.87,18.75,18.2,16.82,16.9,16.75,17.76,18.61,18.19,17.15,17.81
T2M,2024,-1.7975103014118005e-13,37.5,17.15,17.66,18.17,18.11,17.82,16.37,16.37,16.45,17.39,18.38,17.85,17.11,17.4
T2M,2024,-1.7975103014118005e-13,38.125,25.9,26.38,27.39,25.25,25.57,25.18,24.74,25.28,26.69,27.96,25.63,25.86,25.99
T2M,2024,-1.7975103014118005e-13,38.75,28.2,28.96,30.04,27.16,27.72,27.12,26.56,26.93,28.13,29.5,27.79,28.53,28.05
T2M,2024,-1.7975103014118005e-13,39.375,28.7,30.22,31.08,27.83,28.31,27.33,26.81,27.2,28.42,29.88,29.02,29.89,28.72
T2M,2024,-1.7975103014118005e-13,40.0,28.86,30.55,31.44,28.28,28.19,27.26,26.73,27.19,28.55,30.16,29.43,30.16,28.9
T2M,2024,-1.7975103014118005e-13,40.625,28.96,31.17,31.92,28.45,28.09,27.23,26.79,27.28,28.87,30.34,29.35,30.36,29.06
T2M,2024,-1.7975103014118005e-13,41.25,29.26,31.36,31.95,28.52,28.21,27.6,27.23,27.52,29.01,30.21,29.22,30.46,29.21
T2M,2024,-1.7975103014118005e-13,41.875,29.11,31.1,31.8,28.73,27.84,27.32,27.01,27.23,28.54,29.74,29.27,30.19,28.98
T2M,2024,-2.0,34.375,21.12,23.31,24.23,23.15,23.36,23.5,23.73,25.35,25.46,25.43,24.25,21.98,23.74
T2M,2024,-2.0,35.0,19.71,21.21,21.86,20.57,20.42,19.8,20.41,21.65,22.74,22.92,22.12,20.76,21.18
T2M,2024,-2.0,35.625,18.37,19.51,19.94,18.12,17.98,16.47,17.11,17.94,19.43,20.37,19.98,19.41,18.72
T2M,2024,-2.0,36.25,23.99,26.03,26.38,23.32,23.47,22.78,22.97,24.06,25.88,26.93,26.07,25.33,24.76
T2M,2024,-2.0,36.875,20.73,22.6,22.73,20.13,20.05,19.49,20.0,20.61,21.75,22.56,21.76,21.01,21.11
T2M,2024,-2.0,37.5,21.79,23.64,23.87,21.68,21.63,20.75,20.79,21.43,22.59,23.71,23.09,22.36,22.27
T2M,2024,-2.0,38.125,24.29,25.86,25.92,24.21,24.18,23.04,22.8,23.41,24.6,25.89,25.38,25.22,24.56
T2M,2024,-2.0,38.75,27.28,28.85,28.33,26.06,26.22,25.47,24.93,25.44,26.57,28.0,27.27,27.77,26.84
T2M,2024,-2.0,39.375,28.44,30.22,29.64,26.91,26.54,25.79,25.55,26.23,27.37,28.68,28.42,29.25,27.75
T2M,2024,-2.0,40.0,28.8,30.95,30.53,27.72,27.14,26.51,26.28,26.8,27.76,29.04,28.97,30.01,28.37
T2M,2024,-2.0,40.625,28.41,30.34,30.53,28.29,27.25,26.17,25.76,26.22,27.16,28.48,28.91,29.66,28.09
T2M,2024,-2.0,41.25,28.4,29.21,30.0,28.97,27.91,26.67,25.96,26.04,26.52,27.45,28.57,28.64,27.86
T2M,2024,-2.0,41.875,28.03,28.1,29.2,29.25,28.51,27.32,26.11,25.83,25.98,26.73,28.1,27.65,27.56
T2M,2024,-2.5,34.375,20.68,22.58,23.58,22.49,22.75,22.5,23.78,24.89,25.3,25.14,23.55,21.38,23.22
T2M,2024,-2.5,35.0,19.23,20.6,21.22,20.09,19.9,19.23,20.15,21.32,22.57,22.84,21.67,20.03,20.74
T2M,2024,-2.5,35.625,20.63,22.4,22.79,20.7,20.72,19.48,20.54,21.34,23.05,24.25,23.07,21.61,21.71
T2M,2024,-2.5,36.25,23.22,25.17,25.36,22.86,22.9,22.01,22.6,23.57,25.44,26.78,25.47,23.97,24.11
T2M,2024,-2.5,36.875,21.48,23.28,23.35,21.73,21.63,20.9,21.66,22.39,23.89,24.73,23.19,21.36,22.46
T2M,2024,-2.5,37.5,21.7,23.32,23.24,22.0,21.93,21.15,21.44,22.26,23.38,24.36,23.33,21.95,22.5
T2M,2024,-2.5,38.125,23.9,25.15,25.18,23.88,23.66,22.57,22.61,23.28,24.48,25.87,25.26,24.56,24.2
T2M,2024,-2.5,38.75,26.56,27.92,27.47,25.83,25.83,24.91,24.5,25.13,26.31,27.76,27.28,26.99,26.37
T2M,2024,-2.5,39.375,27.45,28.79,28.54,26.56,26.04,25.08,24.83,25.76,26.93,28.16,28.16,28.04,27.02
T2M,2024,-2.5,40.0,27.99,29.68,29.62,27.52,26.99,26.25,25.86,26.33,27.02,28.12,28.62,28.82,27.73
T2M,2024,-2.5,40.625,28.22,29.42,29.96,28.74,27.82,26.78,26.09,26.16,26.54,27.46,28.54,28.66,27.86
T2M,2024,-2.5,41.25,28.05,28.36,29.39,29.16,28.4,27.2,26.07,25.84,25.91,26.7,28.04,27.84,27.58
T2M,2024,-2.5,41.875,28.1,28.25,29.28,29.31,28.59,27.3,26.06,25.81,25.95,26.74,28.08,27.81,27.6
T2M,2024,-3.0,34.375,20.63,22.46,23.16,22.47,22.5,21.6,22.85,23.56,24.88,25.32,23.82,21.21,22.87
T2M,2024,-3.0,35.0,19.38,20.35,20.76,20.07,19.58,18.63,19.95,21.01,22.55,23.45,22.09,20.0,20.65
T2M,2024,-3.0,35.625,17.1,17.8,17.88,16.83,16.21,14.37,15.26,15.98,17.89,19.45,18.64,17.37,17.06
T2M,2024,-3.0,36.25,21.91,23.37,23.5,21.28,20.85,19.73,20.77,21.57,23.28,24.94,24.11,21.75,22.25
T2M,2024,-3.0,36.875,20.65,21.72,21.83,20.18,19.2,17.58,18.03,18.77,20.65,22.83,22.33,20.84,20.38
T2M,2024,-3.0,37.5,17.61,18.42,18.4,17.51,16.98,15.34,15.86,16.33,17.76,19.12,18.99,17.75,17.5
T2M,2024,-3.0,38.125,23.46,24.44,24.43,23.14,22.73,21.55,21.71,22.32,23.42,25.01,24.89,23.87,23.41
T2M,2024,-3.0,38.75,25.91,27.05,26.48,25.24,25.02,23.98,23.71,24.4,25.61,27.16,26.77,25.9,25.6
T2M,2024,-3.0,39.375,27.02,28.19,27.95,26.25,25.64,24.59,24.32,25.35,26.4,27.61,27.84,27.32,26.53
T2M,2024,-3.0,40.0,27.81,28.84,28.91,27.45,27.0,26.2,25.68,26.01,26.47,27.5,28.27,28.01,27.34
T2M,2024,-3.0,40.625,28.2,28.73,29.48,29.0,28.28,27.13,26.11,25.89,25.96,26.76,28.14,27.98,27.63
T2M,2024,-3.0,41.25,28.21,28.6,29.46,29.21,28.47,27.18,26.07,25.81,25.88,26.75,28.13,27.94,27.64
T2M,2024,-3.0,41.875,28.23,28.54,29.37,29.3,28.62,27.29,26.0,25.78,25.92,26.78,28.15,27.93,27.65
T2M,2024,-3.5,34.375,21.67,23.06,23.41,23.14,23.16,22.43,23.71,24.21,25.84,26.22,24.88,22.48,23.68
T2M,2024,-3.5,35.0,21.03,21.9,21.89,21.12,20.74,19.7,20.8,21.4,23.24,24.4,23.67,21.67,21.79
T2M,2024,-3.5,35.625,19.91,20.71,20.76,19.31,18.92,17.62,18.53,19.23,21.23,22.73,22.11,20.49,20.13
T2M,2024,-3.5,36.25,21.84,23.18,22.96,21.23,21.03,19.9,20.75,21.57,23.21,24.55,24.05,22.0,22.18
T2M,2024,-3.5,36.875,21.93,23.02,22.32,20.71,20.1,18.65,19.48,20.32,22.41,23.99,23.69,22.17,21.56
T2M,2024,-3.5,37.5,24.06,25.34,24.92,22.98,22.38,21.18,21.57,22.48,24.29,25.87,25.73,24.23,23.75
T2M,2024,-3.5,38.125,22.48,23.34,23.29,21.89,21.29,20.24,20.38,21.03,22.14,23.66,23.8,22.85,22.19
T2M,2024,-3.5,38.75,24.63,25.51,25.34,24.02,23.35,22.02,21.85,22.54,23.63,25.2,25.61,24.9,24.04
T2M,2024,-3.5,39.375,26.39,27.3,27.23,25.68,24.9,23.75,23.48,24.56,25.56,26.77,27.23,26.77,25.8
T2M,2024,-3.5,40.0,28.08,28.81,28.98,28.07,27.48,26.55,25.83,25.9,26.12,27.01,28.06,27.94,27.4
T2M,2024,-3.5,40.625,28.46,28.82,29.42,29.05,28.35,27.13,26.09,25.82,25.85,26.71,28.1,28.08,27.65
T2M,2024,-3.5,41.25,28.52,28.8,29.47,29.23,28.48,27.16,26.03,25.77,25.85,26.78,28.16,28.12,27.69
T2M,2024,-3.5,41.875,28.43,28.72,29.4,29.24,28.63,27.27,25.94,25.75,25.89,26.79,28.17,28.05,27.68
T2M,2024,-4.0,34.375,22.0,23.26,23.3,22.96,22.95,22.25,23.38,24.22,26.12,26.63,25.73,23.07,23.82
T2M,2024,-4.0,35.0,20.49,21.44,21.44,20.78,20.51,19.31,20.3,20.92,22.78,23.87,23.96,21.35,21.43
T2M,2024,-4.0,35.625,19.82,20.8,20.67,19.47,19.26,18.01,18.71,19.16,21.21,22.65,22.84,20.82,20.28
T2M,2024,-4.0,36.25,21.68,23.03,22.6,21.27,21.11,19.97,20.58,21.4,23.17,24.64,24.73,22.68,22.23
T2M,2024,-4.0,36.875,21.86,23.14,22.36,21.07,20.85,19.57,19.96,20.61,22.26,23.88,24.1,22.65,21.85
T2M,2024,-4.0,37.5,23.17,24.49,23.8,22.17,21.59,20.36,20.74,21.61,23.44,25.15,25.18,23.83,22.95
T2M,2024,-4.0,38.125,24.48,25.64,24.65,23.11,22.54,21.23,21.5,22.37,23.75,25.18,25.13,24.41,23.66
T2M,2024,-4.0,38.75,25.36,26.06,25.52,24.1,23.52,22.21,21.98,22.74,23.84,25.44,25.83,25.43,24.33
T2M,2024,-4.0,39.375,26.86,27.89,27.81,26.03,25.31,24.27,23.93,24.83,25.68,26.9,27.57,27.39,26.2
T2M,2024,-4.0,40.0,28.5,28.91,29.35,28.72,27.98,26.9,26.04,25.87,25.91,26.74,28.05,28.12,27.59
T2M,2024,-4.0,40.625,28.7,28.92,29.4,29.08,28.37,27.1,26.07,25.79,25.82,26.73,28.1,28.23,27.69
T2M,2024,-4.0,41.25,28.7,28.89,29.43,29.2,28.47,27.12,25.99,25.73,25.81,26.8,28.14,28.24,27.71
T2M,2024,-4.0,41.875,28.59,28.8,29.4,29.17,28.62,27.23,25.89,25.72,25.84,26.8,28.18,28.16,27.7
T2M,2024,-4.5,34.375,20.89,22.32,22.05,21.26,20.83,19.56,20.52,21.39,23.59,24.8,24.85,22.15,22.01
T2M,2024,-4.5,35.0,19.57,20.78,20.48,19.46,18.91,17.41,18.25,18.97,21.16,22.23,22.91,20.49,20.05
T2M,2024,-4.5,35.625,20.06,21.13,20.55,19.44,19.31,17.99,18.6,18.95,21.04,22.23,22.8,21.08,20.26
T2M,2024,-4.5,36.25,21.94,23.09,22.45,21.17,21.02,19.81,20.42,21.14,23.07,24.46,24.83,23.02,22.2
T2M,2024,-4.5,36.875,21.79,23.11,22.13,20.82,20.47,19.24,19.65,20.18,21.91,23.45,23.94,22.67,21.61
T2M,2024,-4.5,37.5,22.93,24.02,23.24,21.81,21.08,19.66,19.95,20.69,22.37,24.26,24.85,23.51,22.36
T2M,2024,-4.5,38.125,23.21,24.12,23.45,22.12,20.98,19.32,19.63,20.53,22.27,24.16,24.65,23.34,22.31
T2M,2024,-4.5,38.75,25.45,26.33,25.71,24.48,23.56,22.25,22.24,23.07,24.22,25.78,26.47,25.66,24.59
T2M,2024,-4.5,39.375,27.71,28.56,28.47,27.28,26.52,25.48,25.02,25.46,25.99,27.13,28.09,28.01,26.97
T2M,2024,-4.5,40.0,28.67,28.99,29.45,28.85,28.12,26.99,26.12,25.88,25.91,26.73,28.04,28.2,27.66
T2M,2024,-4.5,40.625,28.83,28.99,29.42,29.05,28.34,27.06,26.03,25.74,25.78,26.75,28.08,28.31,27.69
T2M,2024,-4.5,41.25,28.81,28.96,29.39,29.16,28.44,27.09,25.94,25.7,25.77,26.78,28.11,28.3,27.7
T2M,2024,-4.5,41.875,28.69,28.88,29.37,29.14,28.59,27.19,25.83,25.7,25.78,26.81,28.14,28.21,27.69
T2M,2024,0.5,34.375,22.07,23.53,24.33,22.39,22.31,21.37,20.83,21.45,22.22,22.13,21.83,22.0,22.2
T2M,2024,0.5,35.0,18.85,19.73,20.33,19.61,19.52,18.76,17.93,18.05,19.15,19.18,18.78,18.32,19.01
T2M,2024,0.5,35.625,18.75,19.4,20.06,19.68,19.64,18.97,18.27,18.26,19.1,19.7,18.8,18.36,19.08
T2M,2024,0.5,36.25,21.7,22.42,23.46,22.26,21.66,21.44,20.7,20.12,22.01,23.32,21.91,21.49,21.87
T2M,2024,0.5,36.875,19.5,20.06,21.17,20.82,20.11,19.7,19.6,19.12,20.79,21.83,20.1,19.15,20.16
T2M,2024,0.5,37.5,22.65,22.78,23.86,23.2,22.54,22.43,22.31,22.36,23.88,24.94,22.86,22.57,23.03
T2M,2024,0.5,38.125,25.78,25.93,27.18,25.41,25.39,25.14,24.75,25.01,26.54,27.84,25.7,25.71,25.87
T2M,2024,0.5,38.75,28.07,28.77,29.91,27.61,27.95,27.16,26.74,26.95,28.17,29.6,28.2,28.5,28.14
T2M,2024,0.5,39.375,28.74,30.17,31.22,28.16,28.57,27.69,27.3,27.65,28.85,30.4,29.51,29.97,29.02
T2M,2024,0.5,40.0,28.85,30.83,31.82,28.25,28.45,27.7,27.28,27.72,29.09,30.69,29.99,30.45,29.26
T2M,2024,0.5,40.625,29.33,31.46,32.28,28.62,28.54,27.89,27.52,27.91,29.44,30.83,30.16,30.76,29.56
T2M,2024,0.5,41.25,29.28,31.3,32.0,28.85,28.7,28.09,27.73,27.86,29.28,30.55,30.03,30.85,29.54
T2M,2024,0.5,41.875,29.26,31.42,32.16,28.86,28.09,27.5,27.39,27.57,28.92,30.23,29.8,30.63,29.31
T2M,2024,1.0,34.375,18.25,19.25,19.87,18.75,18.78,17.79,17.06,17.33,18.24,18.43,18.02,17.82,18.3
T2M,2024,1.0,35.0,17.05,17.8,18.37,17.86,17.78,17.12,16.44,16.47,17.52,17.66,17.0,16.33,17.28
T2M,2024,1.0,35.625,21.08,21.79,22.82,21.18,20.96,21.16,20.12,19.61,21.7,22.61,21.05,20.98,21.25
T2M,2024,1.0,36.25,23.99,24.43,25.39,24.0,23.63,23.78,22.86,21.99,24.27,25.89,23.99,23.93,24.01
T2M,2024,1.0,36.875,20.49,20.77,21.86,21.49,21.19,21.13,20.68,20.0,21.64,22.58,21.1,20.63,21.13
T2M,2024,1.0,37.5,24.32,24.53,25.81,24.85,24.18,24.3,24.14,24.08,25.71,26.87,24.56,24.52,24.82
T2M,2024,1.0,38.125,27.46,28.05,29.33,27.79,27.58,26.9,26.7,26.78,28.22,29.58,27.47,27.73,27.8
T2M,2024,1.0,38.75,28.94,29.82,30.92,29.09,29.22,28.26,27.85,27.94,29.18,30.69,29.27,29.69,29.24
T2M,2024,1.0,39.375,29.33,30.64,31.57,28.7,28.88,28.15,27.76,27.96,29.17,30.79,29.73,30.25,29.41
T2M,2024,1.0,40.0,29.35,31.32,32.34,28.42,28.39,27.85,27.53,27.93,29.26,30.85,30.04,30.5,29.48
T2M,2024,1.0,40.625,29.49,31.98,32.64,28.74,28.56,28.12,27.87,28.21,29.66,31.02,30.22,30.71,29.76
T2M,2024,1.0,41.25,29.52,31.94,32.69,29.07,28.74,28.14,28.05,28.21,29.6,30.91,30.27,30.82,29.82
T2M,2024,1.0,41.875,29.76,32.18,32.77,28.99,28.28,27.74,27.77,27.94,29.28,30.65,29.99,30.62,29.66
T2M,2024,1.5,34.375,23.26,24.59,25.3,23.03,22.95,21.83,20.84,21.36,22.47,22.6,21.82,22.12,22.67
T2M,2024,1.5,35.0,21.6,22.35,23.05,21.15,20.96,20.48,19.64,19.57,20.93,21.48,20.34,20.46,21.0
T2M,2024,1.5,35.625,24.92,25.48,26.59,24.58,24.49,24.8,23.6,23.27,25.7,26.9,24.6,24.87,24.98
T2M,2024,1.5,36.25,27.2,27.76,29.03,27.26,26.99,27.41,26.36,25.75,28.41,29.56,27.02,27.29,27.5
T2M,2024,1.5,36.875,23.22,23.78,24.85,24.34,23.93,23.71,23.4,23.05,24.95,25.72,23.49,23.39,23.99
T2M,2024,1.5,37.5,25.98,26.69,27.89,26.71,26.1,25.78,25.66,25.62,27.28,28.39,26.19,26.39,26.56
T2M,2024,1.5,38.125,28.51,29.31,30.72,28.93,28.92,28.04,27.72,27.76,29.06,30.51,28.5,29.11,28.93
T2M,2024,1.5,38.75,29.14,30.2,31.84,29.17,29.17,28.73,28.3,28.27,29.49,31.0,29.19,30.0,29.54
T2M,2024,1.5,39.375,29.49,31.18,32.39,28.86,28.68,28.0,27.82,27.97,29.13,30.75,29.51,29.82,29.46
T2M,2024,1.5,40.0,29.74,31.82,32.65,28.98,28.68,28.05,27.89,28.07,29.36,30.89,29.6,29.99,29.64
T2M,2024,1.5,40.625,29.74,32.55,32.92,28.91,28.56,28.09,28.05,28.24,29.64,30.94,29.66,29.88,29.76
T2M,2024,1.5,41.25,29.85,32.62,33.2,29.2,28.52,28.21,28.06,28.28,29.64,30.93,30.01,30.01,29.87
T2M,2024,1.5,41.875,29.99,32.74,33.06,29.02,28.32,27.77,27.89,28.03,29.33,30.68,29.44,29.74,29.66
T2M,2024,2.0,34.375,25.84,26.89,27.77,25.22,25.09,24.06,23.19,23.49,25.07,25.34,24.22,24.57,25.06
T2M,2024,2.0,35.0,23.92,24.78,25.7,23.65,23.25,23.03,22.2,21.85,23.56,24.65,23.02,23.5,23.59
T2M,2024,2.0,35.625,27.96,28.52,29.79,27.76,27.67,27.65,26.63,26.42,28.75,30.15,27.47,27.91,28.06
T2M,2024,2.0,36.25,29.69,30.13,31.6,29.84,29.66,29.98,29.21,28.63,31.33,32.18,29.44,29.83,30.13
T2M,2024,2.0,36.875,23.54,24.34,25.37,24.55,24.25,23.64,23.65,23.37,24.93,25.82,23.68,23.8,24.24
T2M,2024,2.0,37.5,26.92,27.84,29.03,27.44,27.08,26.5,26.61,26.57,27.89,29.17,27.12,27.44,27.47
T2M,2024,2.0,38.125,27.84,28.97,30.55,27.95,27.67,27.22,27.22,27.22,28.49,29.95,27.92,28.52,28.29
T2M,2024,2.0,38.75,28.96,30.35,31.73,28.67,28.43,27.96,27.82,27.87,29.18,30.71,29.02,29.51,29.18
T2M,2024,2.0,39.375,29.07,31.2,32.27,28.26,27.89,27.5,27.5,27.74,28.93,30.52,29.1,29.32,29.1
T2M,2024,2.0,40.0,29.0,31.46,32.23,28.06,27.5,27.22,27.24,27.55,28.79,30.28,28.76,28.97,28.92
T2M,2024,2.0,40.625,28.91,32.2,32.55,27.67,27.5,27.44,27.6,27.58,28.93,30.2,28.22,28.17,28.91
T2M,2024,2.0,41.25,28.72,32.34,33.07,28.28,28.11,27.84,27.96,28.03,29.37,30.62,28.92,28.75,29.33
T2M,2024,2.0,41.875,29.1,32.54,33.0,28.6,28.09,27.63,27.89,27.86,29.18,30.54,28.09,28.15,29.21
T2M,2024,2.5,34.375,25.64,26.39,27.26,24.88,24.3,23.86,23.02,22.73,24.64,25.15,23.89,24.28,24.66
T2M,2024,2.5,35.0,25.49,25.79,26.68,25.12,24.39,24.46,23.71,23.36,25.18,26.24,24.49,24.93,24.98
T2M,2024,2.5,35.625,28.64,28.95,30.13,28.3,28.18,28.13,27.41,27.32,29.52,30.74,28.19,28.44,28.66
T2M,2024,2.5,36.25,30.03,30.35,31.6,30.31,30.14,30.03,29.63,29.2,31.29,32.07,29.65,29.96,30.36
T2M,2024,2.5,36.875,26.48,26.93,27.92,26.8,26.48,25.84,26.1,25.86,27.23,28.27,26.21,26.41,26.71
T2M,2024,2.5,37.5,28.92,29.54,30.83,28.61,28.25,27.96,28.21,27.98,29.21,30.5,28.36,28.62,28.92
T2M,2024,2.5,38.125,28.02,28.88,30.08,27.1,26.44,26.26,26.43,26.4,27.7,29.09,27.16,27.63,27.6
T2M,2024,2.5,38.75,29.41,30.5,31.63,27.96,27.24,27.15,27.3,27.42,28.75,30.19,28.42,28.83,28.73
T2M,2024,2.5,39.375,29.08,30.87,31.84,27.55,26.54,26.63,26.84,27.23,28.45,29.91,28.53,28.99,28.53
T2M,2024,2.5,40.0,28.31,30.57,31.46,27.17,26.22,26.13,26.39,26.71,28.04,29.43,27.99,28.41,28.06
T2M,2024,2.5,40.625,27.73,30.87,31.72,27.05,26.53,26.49,26.96,26.97,28.28,29.46,27.82,28.14,28.16
T2M,2024,2.5,41.25,28.01,31.28,32.26,27.72,27.3,27.23,27.42,27.47,28.8,29.95,28.41,28.87,28.72
T2M,2024,2.5,41.875,26.64,30.72,32.09,28.01,27.35,26.94,27.19,27.21,28.54,29.79,27.22,27.36,28.25
T2M,2024,3.0,34.375,24.39,25.03,25.46,23.86,22.81,22.12,21.61,21.49,22.65,23.39,22.13,22.73,23.13
T2M,2024,3.0,35.0,27.04,27.46,27.77,26.28,25.44,25.74,25.08,24.74,26.62,27.49,25.71,26.16,26.29
T2M,2024,3.0,35.625,29.93,30.39,31.17,29.67,29.55,29.34,29.29,29.17,30.93,31.63,29.18,29.18,29.95
T2M,2024,3.0,36.25,30.86,31.36,32.16,30.69,30.43,29.92,29.93,29.71,31.01,32.05,30.0,30.14,30.69
T2M,2024,3.0,36.875,29.82,30.41,31.34,29.31,28.88,28.46,28.9,28.63,29.77,30.91,28.79,28.56,29.48
T2M,2024,3.0,37.5,30.51,30.96,32.05,29.06,28.57,28.4,28.78,28.64,29.78,31.06,28.84,28.74,29.62
T2M,2024,3.0,38.125,29.36,30.19,31.11,27.77,26.89,26.6,26.88,27.05,28.33,29.57,27.74,28.04,28.29
T2M,2024,3.0,38.75,29.44,30.36,31.19,27.35,26.24,26.21,26.62,26.82,28.18,29.36,27.69,28.3,28.14
T2M,2024,3.0,39.375,28.72,30.24,31.01,26.99,25.49,25.69,25.96,26.36,27.7,28.85,27.77,28.39,27.76
T2M,2024,3.0,40.0,27.76,29.82,30.72,26.61,25.24,25.26,25.7,26.03,27.44,28.5,27.47,27.92,27.37
T2M,2024,3.0,40.625,27.27,30.2,31.18,26.84,25.91,25.85,26.5,26.6,27.93,28.95,27.98,28.13,27.77
T2M,2024,3.0,41.25,27.63,30.68,31.89,27.55,26.67,26.65,27.07,27.11,28.45,29.52,28.42,28.45,28.33
T2M,2024,3.0,41.875,25.6,29.34,31.25,27.59,26.6,26.33,26.56,26.67,28.07,29.2,27.07,26.99,27.6
T2M,2024,3.5,34.375,24.72,25.28,25.33,23.84,22.97,22.75,22.08,21.6,22.83,23.69,22.36,23.49,23.41
T2M,2024,3.5,35.0,28.25,28.71,28.34,26.81,26.33,26.75,26.35,26.07,27.85,28.74,26.99,27.35,27.37
T2M,2024,3.5,35.625,30.11,30.88,30.87,28.64,28.27,28.59,28.63,29.14,30.82,31.42,29.23,29.15,29.64
T2M,2024,3.5,36.25,30.7,31.37,31.72,29.4,29.0,28.79,29.08,29.42,30.46,31.35,29.58,29.41,30.02
T2M,2024,3.5,36.875,30.31,31.09,31.93,29.12,28.08,28.16,28.54,29.0,30.1,31.02,29.21,28.33,29.57
T2M,2024,3.5,37.5,29.32,29.95,30.42,27.41,26.65,26.5,27.04,27.12,28.33,29.32,27.83,27.51,28.11
T2M,2024,3.5,38.125,27.88,28.79,29.34,26.17,24.93,24.68,24.98,25.18,26.69,27.59,26.84,26.77,26.65
T2M,2024,3.5,38.75,27.44,28.56,28.97,25.46,23.95,23.96,24.27,24.32,25.84,26.69,26.45,27.04,26.07
T2M,2024,3.5,39.375,25.74,27.38,28.01,24.64,23.18,23.13,23.38,23.6,25.05,25.83,25.47,26.0,25.11
T2M,2024,3.5,40.0,26.7,28.78,29.65,25.69,24.46,24.63,25.11,25.34,26.88,27.49,26.84,27.16,26.55
T2M,2024,3.5,40.625,26.43,29.32,30.25,25.89,24.87,25.01,25.98,25.95,27.32,28.07,27.38,27.14,26.96
T2M,2024,3.5,41.25,26.41,29.78,31.33,27.29,26.23,26.25,26.91,26.96,28.33,29.32,28.52,27.72,27.91
T2M,2024,3.5,41.875,26.3,30.0,32.15,28.44,27.51,27.34,27.68,27.79,29.22,30.28,28.52,28.0,28.6
T2M,2024,4.0,34.375,27.63,27.93,27.85,25.87,25.81,25.73,25.18,24.24,25.75,26.63,25.32,26.53,26.2
T2M,2024,4.0,35.0,29.43,29.67,28.98,27.43,27.32,27.75,27.63,27.51,29.12,29.83,28.23,28.71,28.46
T2M,2024,4.0,35.625,28.9,29.23,28.92,26.93,26.64,26.92,27.18,27.6,29.27,29.8,28.03,28.04,28.12
T2M,2024,4.0,36.25,30.9,31.44,31.68,28.91,28.55,28.61,28.81,29.4,30.54,31.06,29.9,29.87,29.97
T2M,2024,4.0,36.875,29.31,29.8,30.27,27.08,26.15,26.56,27.04,27.66,29.09,29.42,28.55,28.14,28.25
T2M,2024,4.0,37.5,28.99,29.43,29.67,26.45,25.34,25.63,26.24,26.64,28.01,28.41,28.14,27.97,27.57
T2M,2024,4.0,38.125,24.98,25.63,25.99,23.17,21.99,21.73,22.15,22.19,23.56,23.96,24.37,24.98,23.72
T2M,2024,4.0,38.75,22.52,23.99,24.26,22.12,20.91,20.27,20.67,20.72,22.3,22.57,22.71,23.23,22.18
T2M,2024,4.0,39.375,23.43,25.52,26.17,23.28,22.63,22.14,22.83,22.74,24.2,24.35,23.89,24.52,23.8
T2M,2024,4.0,40.0,25.2,27.73,28.56,24.26,23.28,23.43,24.18,24.45,26.02,26.22,25.7,26.12,25.42
T2M,2024,4.0,40.625,25.18,28.1,29.24,25.07,24.02,24.36,25.55,25.52,26.94,27.36,26.38,26.02,26.14
T2M,2024,4.0,41.25,26.25,29.33,31.4,27.45,26.29,26.73,27.55,27.62,29.01,29.74,28.54,27.48,28.11
T2M,2024,4.0,41.875,26.96,30.5,33.08,29.24,28.16,28.33,28.85,29.01,30.45,31.31,29.57,28.63,29.5
T2M,2024,4.5,34.375,29.93,29.81,29.8,27.08,28.03,28.58,27.5,26.78,28.79,28.88,27.66,29.29,28.51
T2M,2024,4.5,35.0,29.47,29.57,28.72,27.0,27.23,27.82,27.73,27.82,29.46,29.8,28.38,29.32,28.52
T2M,2024,4.5,35.625,29.11,29.04,28.39,26.72,26.67,26.95,27.37,27.74,29.48,29.85,28.5,28.77,28.21
T2M,2024,4.5,36.25,30.28,30.7,30.58,27.79,27.56,27.96,28.33,28.97,30.62,30.59,29.73,29.66,29.39
T2M,2024,4.5,36.875,29.38,29.52,29.73,26.66,25.94,26.11,26.69,27.29,28.78,28.92,28.76,28.74,28.04
T2M,2024,4.5,37.5,26.89,26.97,27.0,24.09,23.17,23.16,23.9,24.61,26.19,25.82,26.04,26.35,25.35
T2M,2024,4.5,38.125,22.32,22.95,23.54,21.41,20.55,19.85,20.37,20.66,22.07,21.81,22.02,22.55,21.67
T2M,2024,4.5,38.75,22.67,23.89,24.7,22.17,21.45,20.77,21.61,21.68,23.31,23.04,22.74,22.92,22.58
T2M,2024,4.5,39.375,24.15,26.52,27.65,23.68,22.94,22.84,23.72,23.86,25.39,25.23,24.53,24.97,24.62
T2M,2024,4.5,40.0,23.29,25.81,26.94,23.17,22.45,22.3,22.93,23.09,24.69,24.7,23.73,24.08,23.93
T2M,2024,4.5,40.625,24.26,27.01,28.7,24.78,23.53,23.87,24.95,25.19,26.73,26.83,25.49,25.23,25.54
T2M,2024,4.5,41.25,24.27,27.27,29.42,26.01,24.34,24.6,25.73,25.78,27.37,27.9,26.36,25.35,26.2
T2M,2024,4.5,41.875,27.36,30.63,33.26,29.26,28.03,28.46,29.18,29.37,30.78,31.33,29.41,28.41,29.62
